Date,OPEN_PRC,TRDPRC_1,HIGH_1,LOW_1,ACVOL_UNS,daily_sentiment_score,positive_sentiment_fingpt,neutral_sentiment_fingpt,negative_sentiment_fingpt
2020-05-20,2.513446,2.548972,2.564761,2.424631,35358355.0,-0.5958890616893768,0.008379592,0.019587728,0.9720326749999999
2020-05-21,2.510485,2.532196,2.58351,2.471999,21804172.0,-0.7259264389673868,0.29620507949999997,0.43433052875,0.269464406
2020-05-22,2.488775,2.554893,2.621997,2.462131,30103181.0,0.94271981716156,0.6168307106666667,0.040619681666666664,0.34254964433333335
2020-05-25,2.605221,2.615089,2.618049,2.555879,13928455.0,0.5657766699790955,0.8596930985692632,0.0,0.49428330574382884
2020-05-26,2.654562,2.787783,2.78877,2.649628,33787840.0,0.4384627512523106,1.0063650120526662,0.0,0.6084978761887911
2020-05-27,2.812454,2.882519,2.938768,2.804559,41185488.0,0.6251810193061829,1.056846451116876,0.0,0.6851933556682204
2020-05-28,2.946662,2.892387,2.959491,2.823309,30529346.0,-0.4083531573414802,1.011137415761892,0.0,0.7243697441821163
2020-05-29,2.842059,2.756205,2.858835,2.74535,40197537.0,-0.2085391879081726,0.8847953840613889,0.0,0.7248671750111138
2020-06-01,2.833177,2.823309,2.85094,2.759165,17883614.0,0.4192773938179016,0.7711652244574105,0.0,0.6797264478390203
2020-06-02,2.834164,2.965412,3.003898,2.803573,31192816.0,0.4309658229351044,0.6858044150236305,0.0,0.58778769594647
2020-06-03,3.009819,3.11837,3.129225,2.997977,32750547.0,0.0465886235237121,0.6287129557600495,0.0,0.4490509193334633
2020-06-04,3.075937,3.169685,3.226921,3.052253,43472894.0,-0.0693724805658513,0.5998908466666667,0.13659304333333333,0.263516118
2020-06-05,3.256526,3.480535,3.492377,3.233829,49039262.0,0.3153917789459228,0.6585787612,0.28817608139999995,0.0532451322
2020-06-08,3.439089,3.503232,3.597968,3.419352,39385191.0,0.4654578069845835,0.934360595,0.0222371325,0.043402272500000005
2020-06-09,3.454878,3.363103,3.482509,3.28317,36516687.0,-0.0948727263344658,0.3637549562,0.0374116892,0.5988333701
2020-06-10,3.40455,3.269355,3.449944,3.265407,24872461.0,-0.0090783715248107,0.06142010683333334,0.284811314,0.6537685726666667
2020-06-11,3.128238,3.054226,3.195343,3.046332,35040921.0,-0.936578265258244,0.08205833339999999,0.3312738954,0.5866677894000001
2020-06-12,2.996004,3.087779,3.167711,2.984162,29017579.0,0.093766313791275,0.7753600663333334,0.1878541705,0.03678575583333333
2020-06-15,2.938768,3.014753,3.062121,2.933834,29179232.0,-0.6009567975997925,0.010660516666666666,0.015183770333333332,0.9741556833333332
2020-06-16,3.147975,3.111462,3.185474,3.043371,28628513.0,0.3529954627156257,0.43426997900000003,0.3339826971428571,0.23174732435714285
2020-06-17,3.108502,3.117383,3.201264,3.080871,25456582.0,-0.5117054979006449,0.27348217325,0.6150019975,0.11151584425
2020-06-18,3.0937,3.060147,3.174619,3.014753,23727381.0,0.1097343497806125,0.04129544775,0.26746841250000003,0.69123618
2020-06-19,3.105541,3.065082,3.146988,3.052253,57519138.0,-0.2506568133831024,0.6250285766666667,0.20569940899999997,0.16927202033333333
2020-06-22,3.035477,3.022648,3.071003,2.986135,15393990.0,-0.4874444454908371,0.38093085866666665,0.39824426716666667,0.22082484449999998
2020-06-23,3.054226,3.143041,3.186461,3.040411,19499247.0,0.7337195754051209,0.4788397775,0.020000195999999998,0.5011600355
2020-06-24,3.108502,2.992056,3.152909,2.986135,17873900.0,-0.4821558594703674,0.3267409466,0.2699321892,0.40332688299999997
2020-06-25,2.960478,3.030543,3.043371,2.921005,21078921.0,-0.1732089519500732,0.639291952,0.199192107,0.16151592
2020-06-26,3.069029,2.958504,3.088765,2.958504,17332029.0,-0.647648016611735,0.25920415725,0.15934512,0.58145074
2020-06-29,2.960478,3.041398,3.071989,2.924952,17578173.0,-0.3404044359922409,0.28143698033333336,0.259972914,0.45859012466666665
2020-06-30,3.029556,3.023635,3.05324,2.955544,21793654.0,0.5719917923212051,0.5259113664,0.1955774924,0.2785111564
2020-07-01,3.024622,2.968373,3.055213,2.935807,15692031.0,-0.7287019491195679,0.3882629294,0.45389709860000005,0.1578399574
2020-07-02,3.013767,3.184488,3.215079,3.004885,28474520.0,-0.6061671773592631,0.36024831283333336,0.4420823931666667,0.19766930516666667
2020-07-03,3.184488,3.105541,3.19929,3.081858,13362128.0,0.5075952302325856,0.237046154,0.32801855999999996,0.43493529960000005
2020-07-06,3.216066,3.263434,3.324617,3.213105,20220756.0,0.1959865689277649,0.48907216914285717,0.452081833,0.05884601471428571
2020-07-07,3.220013,3.183501,3.23975,3.164751,12419877.0,0.0536185503005981,0.22737130474999998,0.46316145375,0.30946726025000004
2020-07-08,3.145014,3.07791,3.153896,3.065082,16720722.0,-0.1089718222618103,0.0586898495,0.3812109335,0.56009920975
2020-07-09,3.107515,3.03449,3.123304,3.019688,13087118.0,-0.0124528259038925,0.2146383584,0.5199191162,0.265442516
2020-07-10,3.006859,3.104555,3.120344,2.986135,14315425.0,0.2338182926177978,0.3289598196666667,0.5503651669999999,0.12067503333333333
2020-07-13,3.167711,3.162777,3.190408,3.108502,12116111.0,0.6251525779565176,0.5128546368,0.24337488499999999,0.24377047899999998
2020-07-14,3.13712,3.127252,3.164751,3.075937,19555969.0,-0.0162948369979858,0.39449945360000005,0.34476022139999996,0.260740336
2020-07-15,3.162777,3.207185,3.23975,3.068042,22963632.0,0.615972900390625,0.42103419980000006,0.32526256340000004,0.253703243
2020-07-16,3.207185,3.219026,3.23975,3.173632,12534969.0,0.6084971030553182,0.06254675600000001,0.584061285,0.35339198000000005
2020-07-17,3.220013,3.173632,3.221987,3.136133,15210797.0,-0.3302630583445231,0.24633195600000002,0.33394649725,0.4197215685
2020-07-20,3.161791,3.151922,3.162777,3.091726,10412444.0,0.4777908027172088,0.371953698625,0.136895076625,0.491151187375
2020-07-21,3.187448,3.141067,3.275275,3.121331,20356704.0,0.4400790184736252,0.2379317625,0.38820301125,0.3738652415
2020-07-22,3.154883,3.141067,3.186461,3.108502,13854951.0,-0.0335855782032012,0.1509551355,0.4886853861666667,0.3603594655
2020-07-23,3.157843,3.100607,3.163764,3.080871,13482697.0,-0.6587864607572556,0.306659022,0.26481424033333334,0.428526741
2020-07-24,3.069029,3.075937,3.11541,3.057187,12240914.0,-0.1847007473309835,0.030813024875000004,0.41108131625,0.558105639
2020-07-27,3.063108,2.978241,3.066068,2.952583,18811032.0,-0.8770893414815267,0.3084071156666666,0.273913356,0.4176795566666667
2020-07-28,2.984162,3.006859,3.049292,2.965412,14180575.0,-0.2159059047698974,0.45563132933333333,0.49132530366666666,0.053043379166666675
2020-07-29,3.009819,2.896334,3.01574,2.837125,19708824.0,-0.2157031774520874,0.2337566505,0.21221114125,0.554032227
2020-07-30,2.86673,2.662457,2.86673,2.597326,45178871.0,-0.1447926674570356,0.1697677042222222,0.35071343205555555,0.479518895
2020-07-31,2.678246,2.60226,2.703903,2.60226,31875881.0,-0.0775322668692645,0.1992727862,0.322193923,0.47853332179999997
2020-08-03,2.582524,2.688114,2.692061,2.549958,31226902.0,-0.4193369518285849,0.48528297825,0.43013457525,0.08458244825
2020-08-04,2.714758,2.738442,2.791731,2.68614,22917055.0,-0.5284582773844401,0.2398808176666667,0.6920811583333334,0.06803798768333333
2020-08-05,2.759165,2.630878,2.783836,2.625944,22815510.0,0.0,0.07286942933333333,0.5917679966666666,0.3353625866666667
2020-08-06,2.624957,2.569695,2.66443,2.547985,30310792.0,-0.2787677943706512,0.23686606924999998,0.20334508950000002,0.55978889425
2020-08-07,2.535156,2.491736,2.557853,2.429566,36742487.0,0.1690126061439514,0.08666565200000001,0.640681362,0.272652936
2020-08-10,2.541077,2.544037,2.582524,2.490749,19297851.0,0.3354119695723057,0.6125209800000001,0.29192669833333335,0.09555231133333332
2020-08-11,2.572655,2.659496,2.659496,2.570682,22526387.0,0.2627579979598522,0.3957698333333333,0.5044980179999999,0.09973213566666667
2020-08-12,2.662457,2.598313,2.725613,2.595352,24448505.0,-0.6291826026780265,0.281555507,0.6087529675,0.1096915415
2020-08-13,2.575616,2.526275,2.638773,2.52134,17966665.0,0.4736671725908915,0.052909462500000004,0.31197083859999997,0.6351196856
2020-08-14,2.517393,2.493709,2.517393,2.403908,31017954.0,-0.010024539061955,0.37680057600000005,0.3655488186,0.257650606
2020-08-17,2.493709,2.481867,2.522327,2.449302,19357855.0,0.1188530445098876,0.19506237333333332,0.6841769866666666,0.12076061599999999
2020-08-18,2.467065,2.445355,2.523314,2.431539,16441784.0,-0.1694820352963038,0.2921603285,0.2680059700833333,0.4398337003333333
2020-08-19,2.43746,2.519367,2.519367,2.425618,14459757.0,0.3557929247617721,0.36384254333333327,0.5264135146666667,0.10974392966666667
2020-08-20,2.457197,2.431539,2.465091,2.41575,19486563.0,-0.0028587341308593,0.39621402824999996,0.2871421785,0.31664379475
2020-08-21,2.452263,2.39404,2.455223,2.35654,23773976.0,-0.0182918012142181,0.0321260575,0.2838947153333333,0.6839791845000001
2020-08-24,2.420684,2.451276,2.451276,2.383185,15737392.0,0.781987065744619,0.47168083499999996,0.23604758225000003,0.29227162475
2020-08-25,2.476933,2.471999,2.549958,2.470025,27257478.0,0.910484751065572,0.473583362,0.150108496,0.3763081103333334
2020-08-26,2.458184,2.507525,2.536143,2.447328,17346874.0,-0.3499779850244522,0.3407505576666667,0.4366076083333334,0.22264182416666667
2020-08-27,2.491736,2.500617,2.511472,2.433513,18176270.0,0.8987950682640076,0.20338190333333336,0.7316153958333333,0.06500270133333333
2020-08-28,2.523314,2.565748,2.594366,2.512459,25572592.0,0.387748658657074,0.54722849175,0.21301178,0.23975972225
2020-08-31,2.585484,2.420684,2.596339,2.416737,22941657.0,0.1401138007640838,0.3342356438,0.4186043536,0.24715999179999998
2020-09-01,2.464105,2.430552,2.467065,2.388119,22738563.0,-0.4187634331839425,0.2360213373833333,0.5346353971666667,0.2293432765
2020-09-02,2.425618,2.351606,2.444368,2.340751,29243565.0,-0.3526328461510794,0.017349637,0.0302343265,0.9524160075
2020-09-03,2.385158,2.397987,2.471999,2.374303,28995573.0,-0.748634147644043,0.47507139725,0.434596013,0.090332628
2020-09-04,2.423645,2.523314,2.557853,2.41279,41688238.0,0.4827028512954712,0.7239222846666666,0.22183993966666668,0.054237788
2020-09-07,2.556866,2.491736,2.582524,2.469039,21003630.0,-0.2430865615606308,0.02665958,0.9523294,0.021011025
2020-09-08,2.492722,2.45621,2.544037,2.442394,24076016.0,0.6121218535635207,0.10887579300000001,0.4428428852,0.4482813266
2020-09-09,2.45621,2.483841,2.490749,2.424631,19903566.0,-0.2377832308411598,0.6408710793333333,0.228011182,0.13111771066666666
2020-09-10,2.484828,2.480881,2.513446,2.438447,20558020.0,-0.0604609727859497,0.33681692366666666,0.6361591333333334,0.027023947555555553
2020-09-11,2.468052,2.402921,2.470025,2.397,26891486.0,0.7964188456535339,0.210743725,0.197213373,0.592042935
2020-09-14,2.431539,2.457197,2.466078,2.395027,18239239.0,0.3933131843805313,0.6438424594,0.2764682374,0.0796893298
2020-09-15,2.4345,2.381211,2.443381,2.368382,26720372.0,-0.8613457679748535,0.3497027974,0.17294887860000002,0.47734831839999997
2020-09-16,2.380224,2.397,2.397987,2.320028,29897626.0,-0.7284439564909282,0.25971801174215614,0.23338898714753847,0.506892994321572
2020-09-17,2.359501,2.386145,2.402921,2.31016,28267009.0,-0.0029295768056597,0.283864281,0.241920842,0.47421487333333334
2020-09-18,2.373317,2.280555,2.381211,2.267726,243341584.0,0.0489345987637837,0.1881553536666667,0.018840436000000002,0.79300419
2020-09-21,2.258845,2.135491,2.258845,2.121676,49644366.0,-0.7762389183044434,0.2322931424,0.1906414214,0.5770654388
2020-09-22,2.174965,2.131544,2.196675,2.117729,28683620.0,-0.3417800784111023,0.2045275285,0.22663145025,0.56884102925
2020-09-23,2.17003,2.140426,2.248976,2.139439,32873474.0,-0.4913061559200287,0.6137700475714285,0.35357026692857146,0.03265970574285714
2020-09-24,2.121676,2.253911,2.264766,2.099966,39456399.0,-0.1436285376548767,0.35337377,0.312289685,0.33433656866666667
2020-09-25,2.281542,2.261805,2.357527,2.257858,35964173.0,0.1493543883164723,0.9461052333333333,0.033995665333333334,0.019899079666666666
2020-09-28,2.31312,2.352593,2.352593,2.283515,21776205.0,0.9414139986038208,0.94977474,0.028112302,0.022112874
2020-09-29,2.340751,2.300291,2.340751,2.290423,23122378.0,-0.3425089716911316,0.01923151,0.00823231,0.9725362
2020-09-30,2.262792,2.340751,2.384172,2.248976,20970210.0,0.1128313011593288,0.9112239,0.06717288,0.0216032
2020-10-01,2.369369,2.345685,2.388119,2.323975,22282747.0,-0.4853773713111877,0.04494493925,0.391894453,0.563160625
2020-10-02,2.311146,2.346672,2.362461,2.285489,16082564.0,0.9310798943042756,0.0,0.6972437543058556,0.42836093437194916
2020-10-05,2.379237,2.37233,2.411803,2.341738,18270325.0,-0.1518059032303946,0.27581282825000003,0.630010307,0.09417686950000001
2020-10-06,2.378251,2.444368,2.476933,2.352593,29024823.0,-0.3090281089146932,0.48395981374999997,0.20271366824999998,0.31332646575
2020-10-07,2.417724,2.381211,2.428579,2.37233,19119163.0,-0.4842522740364074,0.08046177533333333,0.8027224199999999,0.116815807
2020-10-08,2.397987,2.402921,2.440421,2.387132,16231689.0,-0.0820544958114624,0.0219973725,0.34274357699999997,0.635259105
2020-10-09,2.397987,2.358514,2.418711,2.341738,18057427.0,0.3047324419021606,0.054004323,0.9318289,0.014166763
2020-10-12,2.35654,2.321015,2.367396,2.309173,14478832.0,-0.4669596552848816,0.03052239975,0.4743251985,0.495152417
2020-10-13,2.317067,2.228253,2.317067,2.222332,20107667.0,-0.9723185300827026,0.14170338333333335,0.026953701166666667,0.8313429299999999
2020-10-14,2.230227,2.238121,2.282529,2.218385,14933621.0,-0.4469691713651021,0.0,0.0,1.1592509179542385
2020-10-15,2.193714,2.227266,2.239108,2.154241,19353423.0,-0.7293548285961151,0.011704889,0.018638942,0.96965617
2020-10-16,2.24799,2.303252,2.316081,2.180885,19613192.0,-0.2497359067201614,0.94179755,0.032914188,0.02528822
2020-10-19,2.312133,2.324962,2.35062,2.289436,14402411.0,0.1034723917643229,0.5873701950000001,0.29227717025,0.12035263674999999
2020-10-20,2.312133,2.396014,2.435487,2.302265,21053251.0,0.4713429808616638,0.4669666413333333,0.4396240126666666,0.09340940633333333
2020-10-21,2.428579,2.362461,2.468052,2.362461,19855350.0,-0.2930436001883613,0.044216401,0.5524959278,0.4032876837
2020-10-22,2.33483,2.395027,2.407855,2.301278,15673310.0,0.7003533840179443,0.485417986,0.309720671,0.204861322
2020-10-23,2.409829,2.462131,2.470025,2.398974,19792367.0,0.3144640723864237,0.030873682,0.63832235,0.330804
2020-10-26,2.378251,2.403908,2.45621,2.352593,19736870.0,0.2619029978911082,0.019995105,0.321891942,0.658112975
2020-10-27,2.458184,2.374303,2.506538,2.348646,30713496.0,-0.9701912999153136,0.9045002,0.05301795,0.04248192
2020-10-28,2.319041,2.33483,2.37233,2.274634,28955996.0,-0.1105746477842331,0.44042233,0.017679483,0.54189825
2020-10-29,2.338778,2.308186,2.380224,2.274634,18548560.0,-0.9496220350265504,0.011600847,0.018564193,0.969835
2020-10-30,2.309173,2.429566,2.429566,2.301278,23553071.0,-0.0575150489807128,0.271569316,0.5469782754666667,0.18145239528666668
2020-11-02,2.467065,2.466078,2.484828,2.420684,25434425.0,0.311583149433136,0.34906844866666664,0.62541886,0.02551267033333333
2020-11-03,2.493709,2.596339,2.606207,2.476933,33530829.0,0.3141761819521586,0.47833246549999997,0.057295009,0.46437251700000004
2020-11-04,2.457197,2.423645,2.49667,2.39404,51028584.0,0.345965313911438,0.23337635233333334,0.3231027846666667,0.4435208253333333
2020-11-05,2.453249,2.526275,2.535156,2.390093,30284917.0,0.4710631668567657,0.49413277250000004,0.471302707,0.0345645275
2020-11-06,2.526275,2.453249,2.585484,2.449302,18879672.0,-0.0090880990028381,0.0363217105,0.4717042425,0.49197403100000003
2020-11-09,2.502591,2.861795,2.861795,2.480881,71745680.0,0.8857976794242859,0.49193658149999997,0.482383694,0.0256797515
2020-11-10,2.868703,3.050279,3.050279,2.846006,61826709.0,0.4492840319871902,0.90900666,0.051310737,0.039682616
2020-11-11,3.03745,3.101594,3.123304,3.020674,38458453.0,0.7897499799728394,0.9115679,0.049415253,0.039016753
2020-11-12,3.009819,3.049292,3.07495,2.970346,27401942.0,-0.9545316100120544,0.10117402466666665,0.5691779806666667,0.32964794066666664
2020-11-13,3.009819,3.132186,3.152909,3.008832,26838812.0,0.300700843334198,0.80987382,0.165260904,0.024865309999999998
2020-11-16,3.749939,3.60981,3.786451,3.532837,82149630.0,0.3986459800175258,0.19014082177777777,0.7777664994444444,0.03209267438888889
2020-11-17,3.576257,3.450931,3.592047,3.348301,38292705.0,0.1909146348635355,0.14401838781818183,0.82949594,0.026485672000000002
2020-11-18,3.444023,3.464746,3.505206,3.383826,25027542.0,-0.3080510542942927,0.27125586725,0.4802451305,0.24849902575
2020-11-19,3.387774,3.524942,3.5506,3.383826,24450027.0,0.100383182366689,0.735854585,0.1813639055,0.08278151
2020-11-20,3.5506,3.551587,3.576257,3.523956,17921060.0,-0.3731798231601715,0.49402606,0.45873037,0.047243536
2020-11-23,3.582178,3.582178,3.626586,3.564416,21432787.0,-0.1075953500611441,0.18081007766666668,0.7939494539999999,0.025240458000000004
2020-11-24,3.63152,3.726255,3.726255,3.595994,23242750.0,-0.9675740202267964,0.11056199328571428,0.8703763521428571,0.01906164714285714
2020-11-25,3.759807,3.735136,3.789412,3.63448,23850531.0,0.0843310270990644,0.5865032649999999,0.3861542135,0.027342511
2020-11-26,3.745005,3.720334,3.762768,3.626586,16211754.0,-0.5027648568153381,0.013178045,0.019365565,0.9674564
2020-11-27,3.690729,3.905857,3.905857,3.688756,44813077.0,-0.2729668052572953,0.077208170625,0.5615210903125,0.36127073925000003
2020-11-30,3.814082,3.878226,3.913752,3.764741,41184828.0,0.0292834937572479,0.46477490575,0.393120186,0.142104885
2020-12-01,3.814082,3.952238,3.954212,3.786451,32253182.0,-0.0092013544506496,0.47275207124999996,0.50569618825,0.021551795125000002
2020-12-02,3.930528,4.02625,4.02625,3.893029,30610604.0,-0.4911598116159439,0.9096071349999999,0.051687843,0.038704978
2020-12-03,4.02625,4.024276,4.048947,3.936449,25139654.0,0.5458600044250488,0.625404595,0.351473965,0.023121423500000002
2020-12-04,4.013421,4.247299,4.247299,4.001579,48389464.0,0.4076144471764564,0.0302468035,0.4804567675,0.48929637899999995
2020-12-07,4.194011,4.144669,4.244339,4.118025,21409722.0,0.1784436106681823,0.016389764,0.488181041,0.49542922
2020-12-08,4.123946,4.100262,4.182169,4.099275,14034624.0,0.0853514909744262,0.020894723,0.00954312,0.9695621
2020-12-09,4.121972,4.100262,4.141709,4.084473,16326362.0,0.10850590467453,0.30148995,0.44837228725,0.250137781
2020-12-10,4.140722,4.000593,4.140722,3.950264,23864263.0,-0.1629137822559901,0.0109170585,0.0202959165,0.9687870350000001
2020-12-11,3.972961,3.918686,4.00454,3.813096,25738562.0,-0.7125377804040909,0.0532073815,0.9199454149999999,0.026847184000000003
2020-12-14,3.967041,3.974935,4.059802,3.960133,18901337.0,-0.1876296599706014,0.13400021733333334,0.7264173266666667,0.13958240966666666
2020-12-15,3.976909,4.045,4.053881,3.930528,18943343.0,0.7540223121643066,0.491858845,0.472031143,0.0361099835
2020-12-16,4.008487,4.002566,4.063749,3.963093,17859127.0,0.1232222318649292,0.030270199999999997,0.94402987,0.02569995
2020-12-17,4.015395,4.005527,4.034145,3.953225,13690231.0,-0.2850260684887568,0.0855079225,0.90007025,0.0144218625
2020-12-18,3.979869,4.000593,4.043026,3.960133,35390081.0,0.1654969453811645,0.058272067,0.92665106,0.015076876
2020-12-21,3.860463,3.829872,3.905857,3.745991,20238382.0,-0.0149137079715728,0.34957549631449214,0.31228024585380865,0.33814423561763707
2020-12-22,3.843687,3.913752,3.946317,3.841714,11881484.0,-0.7574399511019388,0.475518996,0.022501533,0.501979455
2020-12-23,3.915726,4.027237,4.041052,3.903884,13081746.0,0.9293737709522248,0.0300676745,0.8233487500000001,0.1465836035
2020-12-24,4.039079,4.045987,4.050921,4.006514,3838517.0,-0.4891258478164673,0.04555650801618959,0.6413540007011819,0.31308954728110017
2020-12-28,4.081512,4.024276,4.095328,3.948291,9906186.0,0.0986230373382568,0.15711774,0.3823194995,0.4605627835
2020-12-29,4.049934,4.014408,4.065723,3.98579,8793606.0,0.181036376953125,0.022187218,0.95313555,0.024677174
2020-12-30,4.016382,4.020329,4.093354,4.008487,9281056.0,0.2687885676111494,0.48977101500000003,0.48102090649999996,0.0292081035
2020-12-31,3.997632,3.981843,4.028224,3.981843,3629939.0,-0.2627072268062168,0.10907431,0.054896604,0.836029
2021-01-04,4.044013,4.024276,4.044013,3.930528,16619130.0,0.0669658283392588,0.026992577,0.94919207,0.023815346
2021-01-05,3.986777,4.020329,4.039079,3.969014,10364379.0,-0.3924934267997741,0.08306882,0.5995818,0.31734943
2021-01-06,4.100262,4.252233,4.302561,4.100262,23735203.0,0.6976894587278366,0.504273405,0.4685186135,0.0272080125
2021-01-07,4.273943,4.294667,4.306509,4.180195,15918538.0,0.8451812947528156,0.4766213565,0.425575915,0.097802723
2021-01-08,4.317364,4.219668,4.317364,4.187103,16499939.0,0.08854840695858,0.03820061,0.9238718,0.037927594
2021-01-11,4.218681,4.194997,4.252233,4.157498,14058742.0,-0.5827123284339905,0.02256325,0.009651109,0.9677856
2021-01-12,4.227563,4.199931,4.238418,4.187103,12419658.0,0.6487204283475876,0.20632418533333333,0.4592231576666667,0.33445263133333336
2021-01-13,4.194011,4.140722,4.207826,4.135788,14592273.0,-0.0065436164538065,0.6897678300000001,0.22890732933333333,0.08132477033333334
2021-01-14,4.134801,4.119012,4.16934,4.081512,12955968.0,0.8833324432373046,0.4964069175,0.0253202005,0.4782728475
2021-01-15,4.104209,4.034145,4.160458,3.967041,18805322.0,-0.4911551986421857,0.17133313,0.8194522,0.009214653
2021-01-18,4.016382,4.08546,4.097302,4.003553,8393398.0,0.2803783842495509,0.49133336,0.4698156185,0.03885099
2021-01-19,4.105196,3.969014,4.139735,3.969014,14226056.0,-0.0138236805796623,0.03562165516666666,0.6218940673333333,0.342484304
2021-01-20,3.973948,3.997632,4.020329,3.96112,10101519.0,-0.4961546540260315,0.23556062183333334,0.6096960073333334,0.15474338
2021-01-21,4.016382,3.981843,4.045,3.967041,13450544.0,-0.5360659758249918,0.13690255883333333,0.8340916100000001,0.029005814833333334
2021-01-22,3.937436,3.949278,4.012435,3.905857,19037719.0,-0.8524411916732788,0.619189095,0.363538094,0.017272862333333333
2021-01-25,3.996645,3.835793,4.034145,3.812109,14121706.0,-0.4569087922573089,0.0566674965,0.68485651875,0.25847599375
2021-01-26,3.860463,3.892042,3.92362,3.83974,14676429.0,-0.3302740454673767,0.24476977,0.40776810999999996,0.3474620828
2021-01-27,3.893029,3.784478,3.909805,3.738097,16744065.0,0.2871440847714742,0.05360434825,0.457213508,0.48918211349999996
2021-01-28,3.732176,3.889081,3.903884,3.732176,14364753.0,-0.1251372430059645,0.548272595,0.42393798699999996,0.027789485000000003
2021-01-29,3.831845,3.717374,3.856516,3.717374,26872725.0,-0.0839757720629374,0.1979244320625,0.679059965375,0.12301557375
2021-02-01,3.795333,3.708492,3.797306,3.686782,13926793.0,-0.2396306743224462,0.023533146999999997,0.477403894,0.49906296499999997
2021-02-02,3.750926,3.931515,3.931515,3.713426,22980815.0,-0.1815166808664798,0.7782766000000001,0.19837070399999998,0.0233527545
2021-02-03,4.048947,3.963093,4.095328,3.873292,24101900.0,-0.1526474505662918,0.48922122,0.2607903335,0.24998843
2021-02-04,4.045987,4.260128,4.282825,4.010461,40845090.0,0.2408644159634908,0.8948533466666667,0.070829612,0.034317026
2021-02-05,4.244339,4.362758,4.383481,4.203879,33001517.0,0.9336774796247482,0.4969679085,0.485300175,0.017731937
2021-02-08,4.413086,4.429862,4.464401,4.351903,19350705.0,-0.4421516805887222,0.8299885000000001,0.1338106503333333,0.03620083833333334
2021-02-09,4.424928,4.320324,4.429862,4.303548,14276780.0,-0.6494072675704956,0.012551362,0.01973354,0.9677151
2021-02-10,4.342034,4.336113,4.402231,4.304535,12529283.0,0.0269436120986938,0.9474358,0.024148887,0.028415238
2021-02-11,4.336113,4.324272,4.357824,4.265062,10717554.0,-0.6444647014141083,0.06296955833333333,0.6053040823333333,0.33172635433333336
2021-02-12,4.309469,4.342034,4.347955,4.200918,16351112.0,-0.3755627075831095,0.2660847315,0.704078286,0.02983699225
2021-02-15,4.428875,4.505848,4.526571,4.39927,15305315.0,0.939454972743988,0.9032701133333333,0.04689235966666667,0.04983758533333333
2021-02-16,4.460454,4.447625,4.484137,4.387428,14594088.0,-0.7267835140228271,0.480734404,0.027652406,0.4916132835
2021-02-17,4.435783,4.389402,4.491045,4.345982,16234954.0,0.079548954963684,0.0198303105,0.478031112,0.502138615
2021-02-18,4.367692,4.390389,4.43973,4.327232,12681791.0,-0.0583113928635915,0.0623167375,0.442875223,0.49480806499999996
2021-02-19,4.387428,4.445651,4.478216,4.333153,15336829.0,-0.0479216948151588,0.0,0.1994394436162311,0.9061152708598583
2021-02-22,4.42098,4.41506,4.447625,4.351903,17051887.0,-0.0512682199478149,0.06676759,0.013399782,0.91983265
2021-02-23,4.422954,4.529531,4.559136,4.422954,23077220.0,0.5881498634815217,0.86397785,0.047953494,0.08806871
2021-02-24,4.529531,4.569004,4.569004,4.482164,15499121.0,-0.0963543891906738,0.33207895866666665,0.17446110083333333,0.49345994083333333
2021-02-25,4.638082,4.64203,4.744659,4.610451,24752854.0,0.9226911514997482,0.540899331,0.4371529023333333,0.021947825666666667
2021-02-26,4.533479,4.54236,4.628214,4.481177,23367217.0,0.2604214804513113,0.90287983,0.02966648,0.06745358
2021-03-01,4.607491,4.549268,4.638082,4.52065,11203255.0,0.1402778327465057,0.2858990575,0.40999447999999994,0.304106485
2021-03-02,4.511768,4.502887,4.577886,4.474269,13274103.0,-0.1793108185132344,0.045310517999999994,0.46526651300000005,0.48942297700000004
2021-03-03,4.536439,4.637095,4.674595,4.535452,18283266.0,0.9421525398890176,0.9184796850000001,0.0613625915,0.0201577985
2021-03-04,4.569004,4.611438,4.637095,4.550255,15817550.0,-0.5827450156211853,0.020526769,0.9494532,0.030020043
2021-03-05,4.588741,4.641043,4.72591,4.52065,20249039.0,0.6233316858609518,0.3831160899751922,0.686894953652412,0.0
2021-03-08,4.726897,4.736765,4.774264,4.681503,16964482.0,0.5218396663665772,0.91678196,0.04977341,0.0334446
2021-03-09,4.717028,4.649924,4.719002,4.546307,25121968.0,0.7813745538393656,0.28066500825,0.126278441,0.59305659
2021-03-10,4.638082,4.588741,4.720976,4.58578,17015048.0,-0.2423431426286697,0.433098555,0.082592942,0.4843084975
2021-03-11,4.668674,4.612425,4.701239,4.524597,16523353.0,-0.5230623602867126,0.5752115999999999,0.40604771500000003,0.018740655000000002
2021-03-12,4.618346,4.712094,4.746633,4.617359,14479754.0,-0.0456532597541809,0.20180337166666665,0.7742865666666666,0.023910044000000002
2021-03-15,4.716041,4.637095,4.759462,4.578873,15630085.0,0.6060860753059387,0.24135675266666667,0.331815292,0.4268279323333333
2021-03-16,4.662753,4.612425,4.726897,4.572952,18051935.0,0.1000862494111061,0.26313412100000005,0.7098951533333334,0.026970771333333334
2021-03-17,4.633148,4.708147,4.748607,4.608477,18816398.0,0.754950749874115,0.5016856285,0.473196977,0.025117371
2021-03-18,4.746633,4.799922,4.832487,4.684463,22255064.0,0.0812782645225524,0.812195725,0.15288235449999998,0.034921930000000004
2021-03-19,4.742686,4.616372,4.744659,4.608477,29472981.0,-0.0757014155387878,0.34059838800000003,0.454760188,0.20464138433333334
2021-03-22,4.379534,4.260128,4.394336,4.255194,45744179.0,-0.4159539427076067,0.25899815645454544,0.19592910827272728,0.5450727387272727
2021-03-23,4.270983,4.279864,4.326245,4.244339,18717725.0,-0.5888153115908304,0.06456768916666666,0.25321297633333334,0.6822193516666667
2021-03-24,4.233484,4.3371,4.3371,4.16934,16427468.0,-0.8966623544692993,0.941936165,0.033004739500000005,0.025059082500000003
2021-03-25,4.322298,4.298614,4.323285,4.216707,12275900.0,0.356579174598058,0.025324490333333335,0.14783370633333334,0.8268418
2021-03-26,4.361771,4.3746,4.42098,4.320324,18247624.0,0.0229539956365312,0.5637974366666666,0.409991704,0.026210848666666665
2021-03-29,4.342034,4.309469,4.403218,4.307495,16550530.0,-0.0143442034721374,0.13930444,0.3759319,0.4847637
2021-03-30,4.365718,4.43973,4.450585,4.365718,14354088.0,0.2893103361129761,0.9409906,0.023237616,0.035771813
2021-03-31,4.401244,4.367692,4.462427,4.367692,12792146.0,0.4586494820458548,0.5412054235054895,0.20076885470418132,0.25802572200584983
2021-04-01,4.398283,4.386935,4.424928,4.369666,9413787.0,-0.2694045106569926,0.1633328745,0.3449741185,0.49169299
2021-04-06,4.471309,4.466868,4.532492,4.440717,15071444.0,0.9447723478078842,0.9374723,0.024722045,0.03780565
2021-04-07,4.449598,4.45848,4.505848,4.429862,10997265.0,-0.1427228252092997,0.026976341,0.5614244736666666,0.411599212
2021-04-08,4.495979,4.47871,4.504367,4.384961,14852148.0,0.2494797905286153,0.5000726075,0.4770929165,0.022834497000000002
2021-04-09,4.475256,4.372626,4.5019,4.372626,13789337.0,0.02552011013031,0.219727365,0.76842103,0.0118515685
2021-04-12,4.351903,4.41802,4.4195,4.302561,11558841.0,-0.3373050987720489,0.94722396,0.024407543,0.02836852
2021-04-13,4.398283,4.362758,4.453052,4.330192,10845451.0,0.4556739926338196,0.33538886733333334,0.06728259716666667,0.59732853
2021-04-14,4.370159,4.426408,4.43677,4.346475,11115796.0,0.0,0.3448059076666667,0.6129193376666667,0.042274788
2021-04-15,4.432329,4.280358,4.446638,4.280358,16726726.0,0.2149475067853927,0.2377334285,0.40190386175000004,0.36036271075
2021-04-16,4.31539,4.305028,4.351903,4.268516,16217795.0,0.0774485043116978,0.0196484615,0.48241244749999995,0.49793908200000003
2021-04-19,4.322298,4.454039,4.47871,4.300094,16734602.0,0.0322458491969711,0.3395680146666667,0.62643788,0.03399409933333333
2021-04-20,4.44121,4.255687,4.464401,4.246312,19944943.0,0.19770649002643,0.28074731775,0.23767300175000003,0.4815796745
2021-04-21,4.267036,4.229043,4.328219,4.168353,17478428.0,0.5738304268000747,0.52118649325,0.22912205225,0.249691434375
2021-04-22,4.241872,4.342528,4.359797,4.223615,15083591.0,0.8649594354220425,0.14303776957142858,0.029819643714285714,0.8271426125714285
2021-04-23,4.332166,4.275917,4.388415,4.263088,10242233.0,0.7754352917964711,0.3129464566666667,0.34970054566666664,0.33735297033333334
2021-04-26,4.306015,4.4195,4.422461,4.263088,16212310.0,0.3052579959233601,0.94225407,0.019503178,0.038242806
2021-04-27,4.434,4.485,4.49,4.36,17686937.0,-0.3232782840728759,0.07375853033333334,0.41895422466666665,0.50728721
2021-04-28,4.57,4.4925,4.66,4.424,22283073.0,-0.1152894099553426,0.023384973,0.9540623,0.02255279
2021-04-29,4.52,4.5505,4.6205,4.4945,18161975.0,-0.4853968024253845,0.482984655,0.383361747,0.133653612
2021-04-30,4.5405,4.6705,4.72,4.47,23168902.0,0.2524274775856419,0.47688203325,0.42646842692857145,0.09664952853571429
2021-05-03,4.6525,4.676,4.71,4.63,11049378.0,0.435740406696613,0.158317796,0.584051807,0.25763039325
2021-05-04,4.7,4.665,4.795,4.6435,22502585.0,0.2007805307706197,0.2757560052857143,0.6552363,0.06900770228571428
2021-05-05,4.7355,4.7725,4.7955,4.7,16593747.0,0.2881292223930359,0.6613845766666667,0.3131291343333333,0.025486307
2021-05-06,4.77,4.8065,4.8065,4.7105,14979849.0,0.4139878153800964,0.3525710183333333,0.621144154,0.02628478416666667
2021-05-07,4.82,4.8215,4.86,4.7275,13822968.0,0.3010699417856004,0.65718064,0.2836114025,0.059207958
2021-05-10,4.8695,4.928,4.9655,4.8445,18669609.0,0.2500904666052924,0.630779104,0.032750650666666666,0.33647027199999996
2021-05-11,4.8755,4.909,4.95,4.846,13871899.0,0.3620293855667114,0.3181634725,0.4217913585,0.2600451945
2021-05-12,4.89,4.903,4.9475,4.8265,17755129.0,0.4414050579071045,0.9454442,0.024669942,0.029885821
2021-05-13,4.835,4.892,4.9225,4.801,11996774.0,-0.0972569435834884,0.037035735,0.4718119195,0.49115239400000005
2021-05-14,4.93,5.028,5.028,4.925,16449127.0,0.492015140397208,0.167625818,0.796012995,0.0363612055
2021-05-17,5.0,5.008,5.044,4.951,12001135.0,-0.0176192311679615,0.033280585,0.9358993133333334,0.030820102666666665
2021-05-18,5.05,5.125,5.129,5.044,15202325.0,-0.015830839673678,0.6297771536666666,0.3383103056666667,0.03191250566666667
2021-05-19,5.05,4.9955,5.107,4.928,19435438.0,-0.1791009128093719,0.011618161,0.01853879,0.96984303
2021-05-20,5.011,5.003,5.039,4.9285,12604418.0,-0.1629452797082754,0.9466397,0.025037244,0.02832315
2021-05-21,5.01,5.121,5.14,5.009,17412454.0,0.1843043476343155,0.8731782275112944,0.34715108410370377,0.0
2021-05-24,5.126,5.1,5.143,5.053,7382127.0,0.065221793949604,0.2462089904,0.7365120000000001,0.0172789878
2021-05-25,5.1,5.11,5.153,5.078,12699237.0,-0.125792771577835,0.021135759,0.94900584,0.0298583995
2021-05-26,5.095,5.084,5.126,5.011,19934295.0,0.0838619569937388,0.05962164275,0.8990589099999999,0.04131943575
2021-05-27,5.08,5.143,5.197,5.073,28763225.0,0.1927007299203139,0.48153230099999994,0.18680877366666668,0.33165891033333333
2021-05-28,5.2,5.126,5.2,5.09,16695145.0,-0.0126229286193847,0.445613908,0.5343805875,0.020005466
2021-05-31,5.151,5.136,5.172,5.131,5860234.0,-0.4161368608474731,0.11191656,0.8748625800000001,0.013220826
2021-06-01,5.153,5.226,5.247,5.141,15340313.0,0.6854881167411804,0.25895502324999997,0.726442791625,0.014602193312500001
2021-06-02,5.217,5.249,5.28,5.168,14789391.0,0.1084176540374755,0.342020573,0.4507531128,0.207226299
2021-06-03,5.228,5.286,5.295,5.222,10493582.0,0.1638798897082989,0.352657461,0.31726277666666663,0.33007973966666665
2021-06-04,5.29,5.217,5.293,5.21,11959349.0,0.0626769363880157,0.12305731833333333,0.8118534500000001,0.06508923633333333
2021-06-07,5.219,5.328,5.341,5.21,13033939.0,0.1958657247679574,0.280830013,0.4826482965,0.23652169674999998
2021-06-08,5.35,5.313,5.398,5.26,14754023.0,0.5161149899164835,0.0141777805,0.3375573246666666,0.648264928
2021-06-09,5.291,5.265,5.301,5.196,10983054.0,-0.2725481986999511,0.3686266390000001,0.4640679578333334,0.1673054040833333
2021-06-10,5.271,5.273,5.351,5.24,10535871.0,0.2337906062602996,0.41654044749999997,0.1119999215,0.4714596465
2021-06-11,5.25,5.246,5.276,5.224,7962972.0,-0.2885560095310211,0.37502859866666666,0.596892384,0.028079021
2021-06-14,5.258,5.343,5.343,5.258,13792872.0,-0.31761101881663,0.49773281,0.46340321,0.038863947499999996
2021-06-15,5.345,5.37,5.378,5.292,13101838.0,-0.1993309378623962,0.030662296,0.93574136,0.03359635
2021-06-16,5.413,5.309,5.44,5.286,15058342.0,-0.4871825575828552,0.352241228,0.44467146733333335,0.20308728566666667
2021-06-17,5.36,5.397,5.548,5.359,24947980.0,-0.6454762816429138,0.164267961875,0.8190634755,0.01666855325
2021-06-18,5.32,5.222,5.381,5.183,50719050.0,-0.6945909602301461,0.11028158260000001,0.6056411235,0.28407729485
2021-06-21,5.12,5.238,5.265,5.09,16933139.0,-0.1092929542064666,0.276003724,0.6990164282857142,0.02497985142857143
2021-06-22,5.298,5.278,5.298,5.188,13830238.0,0.3432025909423828,0.1109852295,0.828559695,0.06045504812500001
2021-06-23,5.3,5.27,5.34,5.27,12556182.0,0.2353358219067255,0.04109320566666667,0.9405764866666667,0.018330305
2021-06-24,5.289,5.33,5.393,5.283,17800762.0,-0.0847346385320027,0.286277583375,0.52794539,0.18577704350000002
2021-06-25,5.37,5.431,5.437,5.329,15328459.0,0.4691054224967956,0.27224258549999997,0.701614101,0.026143309666666666
2021-06-28,5.426,5.277,5.44,5.277,11441682.0,0.1731594800949096,0.027400456,0.45607549066666664,0.5165240166666666
2021-06-29,5.277,5.292,5.338,5.264,8637147.0,-0.2610987722873688,0.94599044,0.026415667,0.027593847
2021-06-30,5.255,5.228,5.287,5.188,15613134.0,-0.3998005092144012,0.070831099,0.5465597475,0.38260915975
2021-07-01,5.29,5.409,5.409,5.284,12898031.0,-0.0103396375974019,0.3490641333333333,0.5210958301666667,0.12984005533333334
2021-07-02,5.4,5.295,5.424,5.286,9431807.0,1.5312975103204902e-05,0.382020524,0.12640230600000002,0.4915771745
2021-07-05,5.295,5.429,5.439,5.295,7486236.0,-0.330803374449412,0.55107108,0.42731273275,0.02161620735
2021-07-06,5.406,5.284,5.438,5.276,14087349.0,-0.0021337643265724,0.008865425,0.021296613,0.969838
2021-07-07,5.29,5.22,5.306,5.162,16763299.0,0.0,0.049383827,0.9378635,0.01275257
2021-07-08,5.15,5.049,5.159,5.018,20123985.0,-0.4742059012254079,0.09482540675000001,0.61115063175,0.2940239905
2021-07-09,5.08,5.227,5.227,5.045,12216060.0,-0.1652562419573466,0.11577720600000001,0.5532622033333333,0.3309605676
2021-07-12,5.243,5.258,5.268,5.126,7225130.0,0.9334796667099,0.495743477,0.47728511300000004,0.026971381500000002
2021-07-13,5.26,5.148,5.285,5.118,12311114.0,0.3749830603599548,0.1333448995,0.377183739,0.4894713775
2021-07-14,5.142,5.17,5.246,5.127,8563891.0,0.3112792372703552,0.94805725,0.031148292,0.020794446
2021-07-15,5.156,5.196,5.21,5.108,7792625.0,-0.0024069462503705,0.03143642,0.9467989,0.02176462
2021-07-16,5.215,5.09,5.245,5.043,12097713.0,-0.6126694083213806,0.03334696933333334,0.45097105033333335,0.5156820056666667
2021-07-19,5.011,4.914,5.053,4.853,15873351.0,-0.9623712201913198,0.47048783749999995,0.035300973,0.494211122
2021-07-20,4.9635,5.026,5.039,4.909,12425023.0,0.1748084690835741,0.34448089233333334,0.611859631,0.043659500999999996
2021-07-21,5.034,5.224,5.226,5.013,15857135.0,0.6480626583099365,0.499958215,0.473132309,0.026909533
2021-07-22,5.24,5.251,5.333,5.223,13182014.0,0.1216613584094577,0.5004145625,0.468553011,0.031032394
2021-07-23,5.23,5.366,5.39,5.23,13838780.0,0.2515261173248291,0.9441664,0.029927986,0.025905581
2021-07-26,5.306,5.48,5.49,5.236,15587887.0,0.3669957995414734,0.5003235575,0.4775281025,0.022148367750000002
2021-07-27,5.428,5.443,5.479,5.392,11598783.0,0.2862271964550018,0.08788083366666666,0.8942523000000001,0.017866912
2021-07-28,5.464,5.372,5.491,5.358,11229257.0,0.4367506504058838,0.491520456,0.25026524825,0.258214288
2021-07-29,5.389,5.412,5.492,5.388,13771739.0,0.3494187156359354,0.501706212,0.4768925476666667,0.02140124171666667
2021-07-30,5.353,5.411,5.455,5.301,16734369.0,-0.0882165630658467,0.3491145043125,0.4732605863125,0.177624911625
2021-08-02,5.42,5.45,5.563,5.403,16269966.0,0.198102229171329,0.532274285,0.442332654,0.025393085750000002
2021-08-03,5.48,5.57,5.622,5.456,18605118.0,0.2885611255963643,0.6021397866666667,0.3596875433333333,0.03817267983333333
2021-08-04,5.59,5.664,5.67,5.569,13546076.0,-0.0405450999736785,0.311274751,0.6688452425,0.019880025
2021-08-05,5.582,5.653,5.686,5.581,11568932.0,-0.1552849411964416,0.43507926875,0.542913915625,0.022006813950000002
2021-08-06,5.65,5.762,5.783,5.632,13846720.0,0.7669178247451782,0.6458795113333333,0.3378549183333333,0.016265570666666666
2021-08-09,5.747,5.76,5.794,5.713,9513060.0,0.4444487690925598,0.461524905,0.5163747874,0.022100302120000002
2021-08-10,5.735,5.826,5.831,5.722,11467682.0,0.2137627452611923,0.3770769045,0.5911963375,0.031726773
2021-08-11,5.84,5.905,5.91,5.807,11040335.0,0.4270910620689392,0.38619313666666666,0.588906936,0.024899969666666664
2021-08-12,5.892,5.889,5.932,5.854,9680037.0,0.0,0.69000920375,0.2950481145,0.014942684500000001
2021-08-13,5.9,5.861,5.913,5.845,7373305.0,-0.4016159772872925,0.0696809185,0.89968907,0.030629991999999998
2021-08-16,5.79,5.816,5.904,5.75,7446118.0,-0.7290040254592896,0.6045254726666667,0.063705966,0.331768543
2021-08-17,5.753,5.673,5.775,5.672,15983708.0,-0.4844138547778129,0.3413569498333333,0.48219217466666664,0.17645086705000002
2021-08-18,5.67,5.795,5.806,5.656,9419259.0,-0.0108594059944152,0.374498424,0.6027659916,0.022735558519999997
2021-08-19,5.65,5.589,5.686,5.54,12714054.0,0.0077295958995819,0.016348736,0.018791465,0.96485984
2021-08-20,5.585,5.554,5.629,5.508,15860169.0,-0.8121316688401359,0.27868647733333335,0.6115605733333334,0.10975295566666665
2021-08-23,5.602,5.583,5.626,5.555,9722673.0,0.303256611029307,0.5746575708,0.4122243324,0.013118091100000001
2021-08-24,5.6,5.5,5.614,5.454,13382475.0,0.0,0.282364061,0.3537453343333334,0.36389061666666667
2021-08-25,5.514,5.707,5.723,5.508,15946605.0,0.0,0.3967181208333333,0.4978788156666667,0.10540308058333332
2021-08-26,5.684,5.613,5.709,5.603,10038040.0,0.3150624533494313,0.448198026,0.0619604815,0.4898414835
2021-08-27,5.6,5.58,5.612,5.508,7952158.0,-0.3241885801156361,0.46301242837290235,0.059202224127274966,0.4777853453134567
2021-08-30,5.589,5.535,5.62,5.527,4621810.0,-0.0023752450942993,0.3818209354,0.3806670668,0.23751200905999997
2021-08-31,5.535,5.547,5.575,5.471,18690447.0,0.0217234747750418,0.185822776625,0.688660347,0.1255168713125
2021-09-01,5.624,5.637,5.688,5.602,13229785.0,0.8032406057630267,0.20324551514285716,0.7760239714285715,0.020730482428571426
2021-09-02,5.65,5.609,5.673,5.56,10869071.0,-0.5208503119647503,0.17750547509999998,0.6513033934,0.1711911264
2021-09-03,5.64,5.568,5.666,5.565,12151363.0,-0.1393018364906311,0.167479103375,0.81485404625,0.01766684375
2021-09-06,5.589,5.564,5.636,5.556,4133474.0,0.3715829968452454,0.07875086333333334,0.710071093,0.21117805166666667
2021-09-07,5.564,5.593,5.628,5.556,9855859.0,-0.1171826124191284,0.24746013488888888,0.7257565616666667,0.026783302555555555
2021-09-08,5.56,5.52,5.602,5.469,12870672.0,-0.1945274710655212,0.3125988528461538,0.5342856647692308,0.15311548823076923
2021-09-09,5.49,5.512,5.545,5.43,12711737.0,0.2024273991584778,0.046833089333333335,0.6240744146666667,0.32909251666666667
2021-09-10,5.548,5.5,5.599,5.479,11707695.0,0.0874659195542335,0.65848273,0.33219814,0.009319083
2021-09-13,5.519,5.597,5.602,5.482,10465552.0,0.0117505590120951,0.9410511,0.02561817,0.033330753
2021-09-14,5.602,5.58,5.685,5.569,11727092.0,0.461746871471405,0.260777762,0.46735806975,0.27186418225
2021-09-15,5.583,5.602,5.668,5.551,18857089.0,0.3445733586947123,0.666936858,0.314386972,0.018676141599999998
2021-09-16,5.63,5.724,5.757,5.618,22507768.0,0.4587196931242943,0.51731014,0.46039378,0.0222960855
2021-09-17,5.779,5.672,5.859,5.666,218705514.0,0.612147245142195,0.11224061125000001,0.869561375,0.01819801125
2021-09-20,5.582,5.248,5.589,5.248,42464180.0,-0.4790273209412892,0.32154076266666665,0.32318286533333335,0.3552763646666666
2021-09-21,5.319,5.281,5.363,5.25,19150587.0,-0.1861033548008311,0.2611837787142857,0.3750558182857143,0.36376038192857146
2021-09-22,5.369,5.418,5.46,5.29,18435129.0,0.2865773178637028,0.4033531226666667,0.5803394773333334,0.016307407666666666
2021-09-23,5.483,5.57,5.572,5.441,17154103.0,0.4157634810967879,0.49525358300000005,0.487339578,0.0174068624
2021-09-24,5.529,5.661,5.691,5.49,21002518.0,0.6083590586980184,0.7508545852098731,0.2127368046503132,0.03640863533542636
2021-09-27,5.678,5.78,5.79,5.618,19530073.0,0.4806828081607818,0.9431219,0.025983911,0.030894216
2021-09-28,5.795,5.687,5.83,5.684,22088151.0,0.5603467490937974,0.797604588507284,0.16698621902485844,0.0354092334742833
2021-09-29,5.719,5.742,5.745,5.618,16036860.0,0.3680808186531067,0.4993155225,0.477223543,0.023460974500000002
2021-09-30,5.79,5.717,5.812,5.7,17739067.0,0.0565186440944671,0.29194841666666665,0.6889358466666667,0.019115736999999997
2021-10-01,5.61,5.633,5.646,5.511,17787365.0,-0.2807601775441851,0.414707899,0.34299223133333334,0.24229982866666666
2021-10-04,5.6,5.634,5.71,5.557,11587883.0,-0.0058851937452952,0.354303214,0.40070277675,0.24499399825
2021-10-05,5.603,6.0,6.0,5.6,25335029.0,0.112001085281372,0.5342825625,0.43416464166666663,0.031552769333333335
2021-10-06,5.97,5.945,5.999,5.87,20163899.0,0.129672494801608,0.5848170008,0.39827429599999997,0.0169086781
2021-10-07,6.0,6.04,6.078,5.925,24284455.0,-0.3496842554637364,0.88664275,0.08956357499999999,0.023793722500000003
2021-10-08,5.964,5.93,6.002,5.9,12189113.0,0.0263177887959913,0.874072975,0.112321458,0.013605576000000001
2021-10-11,5.913,5.914,5.983,5.883,11105050.0,0.2233282625675201,0.4841777985,0.5051793325,0.010642886
2021-10-12,5.81,5.904,5.904,5.757,16775025.0,-0.2028226733207702,0.298020906375,0.688755299375,0.013223789
2021-10-13,5.875,5.69,5.92,5.69,18621548.0,-0.2104403045442369,0.11798142666666667,0.8679652400000001,0.014053342666666668
2021-10-14,5.71,5.637,5.754,5.58,20158396.0,0.0658505233851346,0.3664738875,0.512017095,0.1215090025
2021-10-15,5.68,5.769,5.835,5.675,18377633.0,0.0754515180985132,0.02556378,0.572634905,0.401801312
2021-10-18,5.747,5.823,5.823,5.736,11227523.0,-0.0047413706779479,0.425510892,0.5598727766666667,0.014616296416666666
2021-10-19,5.801,5.776,5.857,5.754,9570255.0,-0.1569803101675851,0.111237347,0.82829785,0.060464791000000004
2021-10-20,5.763,5.83,5.862,5.717,9227546.0,-0.1798292615196921,0.3138005072,0.3313828789,0.3548166096
2021-10-21,5.777,5.661,5.787,5.637,14417283.0,-0.0250348349412282,0.4456942853333334,0.40028658916666665,0.15401911363333334
2021-10-22,5.671,5.686,5.727,5.632,10532497.0,0.6150573293368021,0.41021485,0.581702925,0.0080821929
2021-10-25,5.65,5.701,5.734,5.586,14965415.0,0.1720556378364563,0.20446499,0.78656536,0.008969682
2021-10-26,5.701,5.683,5.735,5.611,13287003.0,-0.4796260148286819,0.45320812,0.5370855,0.009706403
2021-10-27,5.68,5.615,5.744,5.562,16068684.0,-0.3878660678863525,0.4337824986666667,0.5547467166666666,0.011470792899999999
2021-10-28,5.599,5.641,5.674,5.501,15379792.0,0.1295705863407679,0.5843565675,0.4025211825,0.013122282125
2021-10-29,5.76,6.062,6.099,5.76,44385045.0,0.8080102875828743,0.4468575156363636,0.48551508781818176,0.0676273973181818
2021-11-01,6.052,6.279,6.292,6.03,19023383.0,0.6842479854822159,0.33596238031354214,0.5261669022225539,0.13787069574119054
2021-11-02,6.202,6.162,6.254,6.141,14286905.0,0.1735011637210846,0.3084528241059054,0.49256180965902935,0.19898534432452605
2021-11-03,6.155,6.183,6.189,6.064,14959578.0,-0.6497023304303488,0.282577560625,0.567920548,0.14950188887500002
2021-11-04,6.22,6.04,6.26,6.005,27010646.0,-0.4470680256684621,0.27379502133333333,0.7116777166666667,0.014527282333333334
2021-11-05,6.028,6.026,6.107,5.997,16151928.0,0.0471872448921203,0.436884944,0.5449015325,0.018213498
2021-11-08,6.006,6.021,6.089,5.995,9911959.0,-0.1339108645915985,0.6825981501191536,0.28257795439273503,0.034823873292339796
2021-11-09,5.991,5.973,6.04,5.936,9689829.0,0.2045109719038009,0.938240691681755,0.025639220040485758,0.03612012293520997
2021-11-10,5.976,6.032,6.047,5.967,10650999.0,0.689000278711319,0.8859817050000001,0.0935906065,0.0204277265
2021-11-11,6.04,6.08,6.118,6.03,12799258.0,0.2972873449325561,0.49808782500000004,0.49369352499999997,0.00821863975
2021-11-12,6.18,6.127,6.186,6.073,10390134.0,0.0967446735927036,0.04624323228571429,0.8439464957142857,0.10981027028571429
2021-11-15,5.929,5.865,5.95,5.705,24259827.0,0.0842025365148271,0.1279477731111111,0.6688282711111112,0.2032239703333333
2021-11-16,5.884,5.799,5.9,5.785,18775866.0,-0.156642198562622,0.11606334925,0.86841229,0.01552435625
2021-11-17,5.8,5.752,5.813,5.749,15455745.0,-0.2304700091481208,0.5208947875000001,0.46847383699999995,0.010631380499999999
2021-11-18,5.75,5.435,5.78,5.355,37656403.0,-0.3242779440350002,0.2735946023571429,0.5480489982857143,0.17835641157142854
2021-11-19,5.495,5.403,5.578,5.3,33586624.0,-0.5845394372940064,0.080142826,0.901705255,0.0181519345
2021-11-22,5.465,5.424,5.501,5.314,23669323.0,-0.132009873787562,0.0307373885,0.93104632,0.038216313
2021-11-23,5.327,5.293,5.403,5.267,32664018.0,0.2364891320466995,0.34873629683333335,0.3608542166666666,0.2904094861666667
2021-11-24,5.303,5.19,5.36,5.19,31447788.0,0.5345349141529628,0.342530721875,0.40450808375,0.252961226
2021-11-25,5.216,5.23,5.253,5.167,14090790.0,-0.3294586688280105,0.22894326375,0.407250162625,0.3638065881
2021-11-26,4.996,4.846,5.054,4.846,43909806.0,-0.3226633071899414,0.33030050333333333,0.62822274,0.0414767515
2021-11-29,4.9595,4.8025,4.973,4.8015,27514385.0,-0.43245530128479,0.027247442,0.47820825,0.4945443875
2021-11-30,4.75,4.7025,4.8045,4.667,44516557.0,-0.3550944924354553,0.016135205,0.061453126,0.9224116
2021-12-01,4.756,4.8175,4.8385,4.73,26409287.0,0.1275672763586044,0.65152678,0.27253434583333336,0.07593889333333334
2021-12-02,4.765,4.772,4.81,4.7185,27089273.0,0.0034450531005859,0.11486453466666664,0.5529250163333334,0.332210456
2021-12-03,4.8455,4.7895,4.87,4.7525,22933385.0,-0.1952303250630696,0.0,0.702729625556033,0.4932092214934434
2021-12-06,4.848,5.001,5.008,4.8205,23568531.0,0.409266197681427,0.013582381468096094,0.7084228542445745,0.27799476665302764
2021-12-07,5.074,5.133,5.14,5.026,27402956.0,0.2934625347455342,0.3486273274410065,0.6375590292691622,0.01381366377776478
2021-12-08,5.102,5.203,5.287,5.096,36765954.0,-0.4874188899993896,0.4143950646666667,0.5576924775,0.027912485166666667
2021-12-09,5.176,5.155,5.235,5.142,18451887.0,0.7044488489627838,0.38185813939999996,0.40893578799999997,0.20920608696
2021-12-10,5.1,5.11,5.146,5.041,17018173.0,0.008101612329483,0.9499466,0.033432666,0.016620694
2021-12-13,5.11,5.11,5.204,5.09,15708181.0,-0.6393601468631199,0.5262308824999999,0.4560351165,0.0177340015
2021-12-14,5.126,5.12,5.203,5.062,15781571.0,0.1713274002075195,0.043724653,0.9282991,0.0279762325
2021-12-15,5.125,5.094,5.175,5.093,14639227.0,0.0,0.11329980299999999,0.403896129,0.482804072
2021-12-16,5.162,5.138,5.212,5.107,20204852.0,0.3347264130910237,0.5119535199999999,0.4445095425,0.043536995
2021-12-17,5.06,4.9975,5.154,4.827,51435890.0,-0.1124424338340759,0.38345851000000003,0.60169705,0.014844409666666667
2021-12-20,4.8,4.946,4.998,4.7805,19557817.0,-0.3665002882480621,0.9248993,0.023413545,0.051687136
2021-12-21,5.06,5.062,5.07,4.989,15320906.0,-0.0545215776988438,0.43183431333333333,0.23476259333333335,0.3334030906666667
2021-12-22,5.062,5.097,5.107,5.027,12976176.0,0.4713852107524872,0.36340430666666673,0.62309552,0.01350015
2021-12-23,5.121,5.17,5.206,5.109,13672203.0,0.0,0.39224114183333336,0.394559523,0.21319930634999998
2021-12-27,5.1,5.23,5.252,5.091,11191500.0,0.6548834562301635,0.49847496166666666,0.3522366133333334,0.14928847466666664
2021-12-28,5.212,5.248,5.275,5.201,8790523.0,0.8706856071949005,0.5887977725,0.396803477,0.01439872105
2021-12-29,5.222,5.266,5.266,5.206,11362800.0,0.8717571198940277,0.35829103766666665,0.3030942016666667,0.3386147777333333
2021-12-30,5.246,5.25,5.282,5.233,13192030.0,0.2732136026024818,0.17788136,0.814166,0.007952659
2022-01-03,5.27,5.26,5.32,5.22,12672653.0,0.174077832698822,0.05695305825,0.48496056374999996,0.45808637925
2022-01-04,5.3,5.393,5.44,5.291,17063846.0,0.7315574407577514,0.5086031,0.47506817479999996,0.0163287426
2022-01-05,5.401,5.38,5.43,5.38,13908808.0,0.468758076429367,0.06677857725,0.689666068,0.2435553225
2022-01-06,5.31,5.458,5.458,5.291,19913127.0,0.5504051446914673,0.4982796586,0.2919991806,0.20972120219999998
2022-01-07,5.482,5.587,5.587,5.458,16592155.0,0.6493757102224562,0.6223696843353457,0.19279975306552738,0.18483064431979507
2022-01-10,5.611,5.577,5.68,5.553,17296469.0,0.7074687991823468,0.30599642428737406,0.4703227376276412,0.2236808994073636
2022-01-11,5.58,5.595,5.655,5.577,16546694.0,0.2358223284993852,0.3255498925,0.519075665,0.15537445625000001
2022-01-12,5.654,5.698,5.719,5.631,13656845.0,-0.7195843160152435,0.64724231875,0.33285285175,0.019904796500000002
2022-01-13,5.705,5.759,5.771,5.66,17295621.0,0.500221848487854,0.3858888305,0.4904170545,0.12369412941249999
2022-01-14,5.706,5.766,5.782,5.698,15738499.0,-0.0333787649869918,0.06342613633333334,0.9235885433333334,0.012985294999999999
2022-01-17,5.8,5.781,5.833,5.768,10103016.0,0.1856057246526082,0.3153702073333333,0.5195419278333333,0.16508789216666667
2022-01-18,5.738,5.781,5.81,5.73,14770435.0,0.4989308498122475,0.23359993980000002,0.39337664120000004,0.3730234308
2022-01-19,5.77,5.692,5.821,5.692,23767455.0,-0.1128594055771827,0.19259678483333334,0.4804556336666666,0.3269475703333333
2022-01-20,5.664,5.703,5.758,5.642,15412690.0,-0.5822599291801452,0.1997323819,0.7421504800000001,0.0581171513
2022-01-21,5.61,5.626,5.7,5.586,21122224.0,-0.4870137870311737,0.2260908454,0.7561395049999999,0.0177696572
2022-01-24,5.574,5.431,5.595,5.387,23677652.0,-0.5631528273224831,0.29248775425,0.64581009,0.061702128875
2022-01-25,5.42,5.496,5.543,5.419,22395886.0,0.0955671800507439,0.12992832254545456,0.6906035640909091,0.17946811245454544
2022-01-26,5.52,5.622,5.681,5.52,14010681.0,0.5820242986083031,0.29948174936363636,0.5166563361818182,0.18386190745454545
2022-01-27,5.543,5.683,5.759,5.543,14249262.0,0.3255798369646072,0.3143420843333333,0.3548165446666667,0.3308413508333334
2022-01-28,5.63,5.644,5.668,5.581,16606472.0,-0.1133347021208869,0.21972883,0.76334953,0.016921706
2022-01-31,5.704,5.634,5.72,5.608,17204345.0,-0.003767933164324,0.113716967,0.868513465,0.017769567
2022-02-01,5.685,5.752,5.753,5.645,12585975.0,0.3242801702939547,0.5790563684545454,0.2491432398181818,0.1718003899090909
2022-02-02,5.8,5.815,5.9,5.753,15174644.0,0.5768665671348572,0.6793784120288873,0.10092458405426638,0.2196970170596441
2022-02-03,5.649,5.695,5.787,5.505,44030383.0,0.5186050832271576,0.5711481170833334,0.2799756368333333,0.14887625175
2022-02-04,5.74,5.686,5.78,5.587,30177766.0,0.2578756958246231,0.59998806,0.38493115099999997,0.015080764000000002
2022-02-07,5.745,5.75,5.771,5.649,24396481.0,0.2968842106607084,0.704467571,0.2770564515,0.0184759975
2022-02-08,5.75,5.885,5.893,5.745,17016938.0,0.436235500233514,0.39438277,0.47654837549999995,0.129068861625
2022-02-09,5.9,6.015,6.015,5.86,20293389.0,0.4309659972786903,0.9305647166666667,0.04423386333333334,0.025201398
2022-02-10,5.945,6.056,6.12,5.941,21212017.0,0.4603627094855675,0.6823500933333334,0.115847747,0.20180218266666664
2022-02-11,6.0,5.967,6.035,5.934,19103435.0,0.3019029100735982,0.10054695,0.7990365500000001,0.1004164855
2022-02-14,5.75,5.731,5.823,5.676,28727806.0,-0.0153137337077747,0.063550759,0.7288515688,0.20759767425
2022-02-15,5.681,5.874,5.881,5.665,16900344.0,0.4383262606228099,0.3518995951428571,0.6290747131428571,0.019025680428571428
2022-02-16,5.9,5.816,5.941,5.741,18473577.0,0.118910399350253,0.1619194571111111,0.6132465174444444,0.22483401477777779
2022-02-17,5.779,5.748,5.833,5.71,19435751.0,-0.2660549640655517,0.19488208125,0.5415083325,0.26360959075
2022-02-18,5.757,5.712,5.814,5.689,17245453.0,-0.2794924054414716,0.3645525,0.62710005,0.008347493
2022-02-21,5.772,5.621,5.806,5.592,18595449.0,-0.0603665808836619,0.02676617,0.010026106,0.9632077
2022-02-22,5.476,5.643,5.732,5.45,24543927.0,0.1086750030517578,0.95016396,0.034941677,0.014894331
2022-02-23,5.7,5.654,5.766,5.634,16136309.0,-0.2793725430965423,0.47803642500000004,0.514767895,0.0071956788
2022-02-24,5.344,5.299,5.45,5.234,55513850.0,-0.5975032286210493,0.32372987366666667,0.3436052463333334,0.33266487233333336
2022-02-25,5.3,5.435,5.486,5.213,41717528.0,0.2277326318952772,0.011534879,0.03325777,0.95520735
2022-02-28,5.258,5.29,5.321,5.162,43882265.0,0.1316375136375427,0.5117922,0.4800073333333333,0.008200455666666667
2022-03-01,5.269,5.084,5.372,5.084,40261539.0,0.0,0.015852237,0.0429837,0.94116414
2022-03-02,5.069,5.188,5.246,4.9705,40039239.0,0.0773523300886154,0.84325419,0.146240395,0.010505390333333331
2022-03-03,5.226,5.09,5.268,5.055,31731651.0,-0.106755687130822,0.322360233,0.03809454933333333,0.6395451346666666
2022-03-04,5.05,4.7995,5.115,4.7915,39535449.0,-0.205498674086162,0.286329559,0.687461206,0.026209270500000003
2022-03-07,4.598,4.4855,4.655,4.445,51000024.0,-0.5536163970828056,0.02206485325,0.26560275775,0.7123323745000001
2022-03-08,4.4,4.5965,4.742,4.384,38632275.0,0.3621429979801178,0.2908392008,0.5013503062,0.207810534
2022-03-09,4.775,4.995,5.001,4.742,37917745.0,0.3945622529302324,0.5565613022857143,0.282624146,0.16081453671428572
2022-03-10,5.0,4.9915,5.111,4.8985,30087094.0,0.5123569170633951,0.41448682025,0.334208529125,0.25130466821249997
2022-03-11,5.023,4.993,5.29,4.924,28458022.0,0.3037483294804891,0.697853925,0.29499171,0.007154405000000001
2022-03-14,5.0,5.105,5.155,4.9855,19995847.0,0.2769231429466834,0.020718993499999998,0.497707501,0.481573466
2022-03-15,5.046,5.134,5.194,5.002,19079881.0,-0.2368868142366409,0.2220147274285714,0.7572946142857143,0.020690661714285716
2022-03-16,5.275,5.372,5.45,5.244,28734748.0,0.1886167228221893,0.41912395190909096,0.4770705106363637,0.10380556018181818
2022-03-17,5.389,5.292,5.42,5.221,22005576.0,-0.2680114507675171,0.588333034,0.08285409333333334,0.32881289233333333
2022-03-18,5.303,5.28,5.324,5.225,32248342.0,-0.0821951519359241,0.547426676875,0.347607152375,0.10496619425
2022-03-21,5.271,5.29,5.384,5.268,13790478.0,0.0062091946601867,0.17753958775,0.799863665,0.02259676725
2022-03-22,5.328,5.365,5.4,5.327,15720210.0,0.2571787416934967,0.5591018088571429,0.29363613914285713,0.147262082
2022-03-23,5.356,5.199,5.382,5.199,17003315.0,-0.4168912309866685,0.40573677550000004,0.41221567849999996,0.18204753333333334
2022-03-24,5.26,5.12,5.265,5.12,18454770.0,0.1040248423814773,0.0892781825,0.33339215275,0.57732964725
2022-03-25,5.11,5.115,5.137,5.055,18058476.0,-0.1483196338017781,0.25046146,0.05090741,0.69863117
2022-03-28,5.12,5.155,5.292,5.12,14299411.0,0.9328411966562272,0.330092702,0.41808053075,0.2518267835
2022-03-29,5.23,5.501,5.553,5.208,24506942.0,0.2825989998303927,0.57128979925,0.39246792399999997,0.03624226725
2022-03-30,5.461,5.39,5.471,5.357,16876617.0,0.2232932556759227,0.1427911816,0.46085069980000004,0.396358096
2022-03-31,5.344,5.21,5.422,5.21,29683147.0,0.050031338419233,0.5911619015714286,0.2605530561428572,0.14828501564285715
2022-04-01,5.263,5.29,5.321,5.235,13333592.0,0.4199748039245605,0.3002451529,0.5332003251999999,0.1665545099
2022-04-04,5.343,5.322,5.343,5.22,14978678.0,0.1819253076206554,0.07836152973514553,0.4744495645650995,0.44718890554795016
2022-04-05,5.319,5.25,5.319,5.204,19787660.0,0.0939550237222151,0.09312671206511491,0.06596962651134393,0.8409036666253301
2022-04-06,5.098,4.8565,5.122,4.808,36563576.0,0.0481704335946303,0.18116289909999997,0.17135968733333332,0.6474774193333334
2022-04-07,4.8845,4.8455,4.995,4.8335,28205603.0,0.6116516590118408,0.28733368,0.68585444,0.02681188
2022-04-08,4.9285,4.893,4.999,4.8925,24248729.0,0.3313536465167999,0.279057206,0.393499104,0.3274436743333333
2022-04-11,4.9285,4.962,5.054,4.9065,22528008.0,0.5848157405853271,0.355057204,0.4783415496666667,0.16660123841666666
2022-04-12,4.873,4.97,5.054,4.8415,23135931.0,0.0597095241149266,0.536852219,0.13177527666666666,0.331372485
2022-04-13,4.952,4.9535,4.994,4.912,13706074.0,0.5156344652175904,0.3635530476,0.43109468399999995,0.2053522466
2022-04-14,4.9545,5.034,5.073,4.936,17194475.0,0.2684929900699191,0.78133833,0.20456034,0.014101332
2022-04-19,5.02,5.082,5.115,4.9715,14943192.0,0.6305725971857706,0.43503379200000003,0.3733545686,0.19161160900000002
2022-04-20,5.105,5.091,5.202,5.085,17675732.0,0.1238581708499363,0.752481136,0.2313827792,0.01613609352
2022-04-21,5.122,5.152,5.178,5.108,11775977.0,0.2956745674212773,0.5308592733333334,0.16460847333333334,0.3045322882
2022-04-22,5.105,5.006,5.168,5.006,15307329.0,0.4321726390293666,0.45351584,0.5062373325,0.04024684225
2022-04-25,4.9,4.8105,4.9425,4.8105,26407056.0,0.0649404839465492,0.48358076781818177,0.318481058,0.1979381426363636
2022-04-26,4.926,4.6825,4.926,4.6825,31165548.0,-0.1607908227226951,0.594788172,0.1534816755,0.25173012699999997
2022-04-27,4.776,4.695,4.78,4.64,20341863.0,0.4468553140759468,0.3632536391666667,0.31770545716666665,0.3190408888333333
2022-04-28,4.805,4.748,4.821,4.6805,17792309.0,0.3978697305375879,0.6367951525714286,0.20976734857142856,0.15343747514285713
2022-04-29,4.891,5.059,5.059,4.86,24729346.0,0.664551188548406,0.37514517561538463,0.48051815453846153,0.14433666584615384
2022-05-02,4.972,4.845,5.031,4.8435,14685468.0,0.2587687373161316,0.2920642338333333,0.05710185466666667,0.6508339383333334
2022-05-03,4.9,4.895,4.9775,4.8655,23694969.0,0.7165325731039047,0.5166103141428572,0.32865325742857143,0.15473642192857143
2022-05-04,4.9185,4.77,4.9235,4.7565,20836378.0,-0.2434516416655646,0.38418291299999996,0.2285040226,0.3873130782
2022-05-05,4.88,4.59,4.902,4.59,38401361.0,0.0999036729335784,0.447477635,0.297817731,0.254704643
2022-05-06,4.6,4.589,4.6625,4.5055,26341349.0,-0.0110745131969451,0.172207513,0.663299145,0.16449333900000002
2022-05-09,4.633,4.579,4.6955,4.579,20681738.0,-0.00592569510142,0.087661412,0.9016209,0.0107176675
2022-05-10,4.648,4.64,4.813,4.6325,24802016.0,-0.1076711482471889,0.37337189666666665,0.5970277673333334,0.0296003415
2022-05-11,4.6775,4.7475,4.797,4.5755,26415865.0,0.3986233643123081,0.6599978983333333,0.32224076166666665,0.017761372666666667
2022-05-12,4.6265,4.7085,4.7555,4.613,22768443.0,0.0803097307682037,0.4181656102,0.37925016619999996,0.2025842582
2022-05-13,4.763,4.85,4.8565,4.754,21518489.0,-0.1467560870306832,0.05218655333333333,0.9239898933333333,0.023823558166666665
2022-05-16,4.804,4.848,4.8695,4.7695,14251742.0,0.2734333276748657,0.052016860000000005,0.4558410205,0.492142152
2022-05-17,4.9,4.9005,4.929,4.8735,11185307.0,0.3524969816207886,0.20053430200000003,0.6896050451428571,0.10986065999999998
2022-05-18,4.91,4.854,4.9675,4.832,13679071.0,0.2395758899775418,0.15824231309999998,0.6299523656,0.21180533109999997
2022-05-19,4.8145,4.7665,4.82,4.7015,13399218.0,0.5267902101789202,0.48183797875,0.267743395,0.25041860325
2022-05-20,4.816,4.7475,4.8285,4.7355,24906282.0,0.3900632262229919,0.22037228039999998,0.5803888212,0.1992389188
2022-05-23,4.841,4.871,4.871,4.7855,13308047.0,0.4941095980730923,0.4875708886666667,0.49035171666666666,0.022077401666666666
2022-05-24,4.8175,4.8445,4.91,4.795,16519897.0,-0.0170872628688812,0.29513602825,0.689317051,0.01554694125
2022-05-25,4.9,4.895,4.951,4.8285,14983544.0,0.3366077083807725,0.2225338764,0.765496728,0.0119693975
2022-05-26,4.928,5.007,5.019,4.9155,17374854.0,0.2950518832487218,0.3280469333333333,0.6528107471666666,0.019142311666666665
2022-05-27,5.012,5.041,5.044,4.9675,12545249.0,-0.2652775824069976,0.09772699,0.8921612,0.010111853
2022-05-30,5.08,5.147,5.147,5.061,18480368.0,0.0441721479098002,0.6373289666666667,0.322998772,0.039672303
2022-05-31,5.123,5.079,5.16,5.046,24272618.0,-0.0006578117609024,0.09013121666666667,0.8982423433333334,0.011626402333333334
2022-06-01,5.11,5.008,5.139,5.001,13527223.0,-0.0121801836150033,0.077199908,0.5920445783333333,0.3307555433333333
2022-06-02,5.035,4.9885,5.052,4.9675,9121877.0,0.462947815656662,0.24130981566666665,0.7462683800000001,0.012421781
2022-06-03,5.021,4.9575,5.034,4.942,7829737.0,0.0791690349578857,0.11986195366666667,0.8650190700000001,0.015118956333333334
2022-06-06,4.994,5.104,5.119,4.992,8611877.0,-0.1947880744934082,0.26725958466666666,0.6453934866666666,0.08734695966666667
2022-06-07,5.075,5.039,5.107,5.036,7763325.0,-0.0117653012275695,0.34618822485714285,0.5062527917142857,0.14755899371428574
2022-06-08,5.05,4.977,5.051,4.9475,11902062.0,-0.0591751887248112,0.15253222766666666,0.6780478963333333,0.16941986975
2022-06-09,4.9465,4.7435,4.95,4.7435,22947725.0,0.2480480074882507,0.20488810833333335,0.646821854,0.14829005166666667
2022-06-10,4.6855,4.3105,4.686,4.3105,46924380.0,-0.2781238981655666,0.3586245066666667,0.63019085,0.011184661666666667
2022-06-13,4.31,4.154,4.315,4.154,31916891.0,-0.4414139660921963,0.07431096999999999,0.59333904,0.332349993
2022-06-14,4.2315,4.194,4.2615,4.1435,24177668.0,-0.1748880495627721,0.041754516,0.31007454833333337,0.6481709403333333
2022-06-15,4.346,4.2615,4.347,4.2575,24232213.0,0.1843100236012385,0.4071551764285714,0.5661960822857143,0.026648757042857147
2022-06-16,4.25,4.172,4.2515,4.1275,17760668.0,0.2485770838601248,0.279491961,0.699645261,0.02086278075
2022-06-17,4.228,4.2725,4.381,4.1955,60927173.0,0.3016287634770075,0.0624812825,0.9244475050000001,0.0130711775
2022-06-20,4.293,4.3295,4.3545,4.24,14582899.0,0.3148197034994761,0.2811797,0.6951645972857143,0.02365569828571429
2022-06-21,4.337,4.308,4.42,4.288,15559814.0,0.2061986103653907,0.5090605283571429,0.4662689055714286,0.024670543214285714
2022-06-22,4.24,4.3725,4.416,4.2045,16540386.0,-0.1981188416481018,0.35145795879999997,0.4409639542,0.20757810659999998
2022-06-23,4.316,4.243,4.375,4.2125,15593661.0,-0.3012805978457133,0.3207622636,0.5279469609999999,0.1512907579
2022-06-24,4.265,4.343,4.354,4.212,10837501.0,-0.25233279807227,0.34554922619520356,0.6133387483054649,0.041111989054929424
2022-06-27,4.3605,4.414,4.457,4.36,12928936.0,-0.1696114361286163,0.321250355,0.6607290055,0.01802060625
2022-06-28,4.4495,4.409,4.498,4.401,10674998.0,-0.1312787771224975,0.21011030833333333,0.609643991,0.1802456835
2022-06-29,4.357,4.3175,4.403,4.3095,10374717.0,0.090857321023941,0.2373133508,0.3658594766,0.3968272032
2022-06-30,4.3,4.3305,4.344,4.2025,19574988.0,-0.1812090602788058,0.36732492199999994,0.6191027346666668,0.013572316000000001
2022-07-01,4.3025,4.3135,4.4235,4.2755,16958707.0,-0.1481070439020792,0.3407799333333333,0.6028151366666666,0.056404931
2022-07-04,4.366,4.3735,4.4075,4.317,11704024.0,-0.1212899486223856,0.513062025,0.46268000800000003,0.0242579715
2022-07-05,4.415,4.215,4.439,4.215,17451390.0,-0.2742095328867435,0.139927112,0.6902294443333333,0.16984344483333333
2022-07-06,4.266,4.2095,4.305,4.161,19662337.0,-0.2756651888291041,0.45137229,0.53908524875,0.009542474924999999
2022-07-07,4.295,4.3625,4.408,4.282,19872157.0,0.0613533722029791,0.22596535083333333,0.7517011323333334,0.022333502666666668
2022-07-08,4.3525,4.397,4.44,4.3065,15259543.0,-0.3660513386130333,0.381946935,0.60830685,0.009746221499999999
2022-07-11,4.307,4.285,4.3805,4.264,14421775.0,-0.1686765809853871,0.24095898619999997,0.4951250207999999,0.2639159998
2022-07-12,4.2505,4.1235,4.271,3.9925,31607315.0,-0.4421159774065017,0.051992068599999997,0.5586367101999999,0.3893711718
2022-07-13,4.1755,4.128,4.1755,4.06,17473380.0,-0.048835813999176,0.269086754125,0.58951593325,0.14139730875
2022-07-14,4.104,3.9995,4.137,3.986,18500259.0,0.1887635327875614,0.49113804,0.498336965,0.0105250135
2022-07-15,4.0,4.101,4.118,3.972,24515268.0,-0.0470865269502004,0.1065675035,0.878948655,0.01448382775
2022-07-18,4.17,4.1,4.19,4.064,15525482.0,0.2619680128991604,0.037424770999999996,0.94234175,0.020233496
2022-07-19,4.0725,4.2605,4.2785,4.06,20498187.0,0.2114771604537964,0.44415134855555555,0.44188879999999997,0.113959875
2022-07-20,4.2855,4.17,4.31,4.1095,20026730.0,0.0702656924724578,0.21375607916666664,0.4575637201666667,0.3286802188333333
2022-07-21,4.1355,4.2005,4.3,4.1215,21146355.0,0.2414735501462763,0.25233669439999995,0.651906208,0.095757131
2022-07-22,4.17,4.148,4.2315,4.1305,16413744.0,-0.1623528798421224,0.456362754,0.4989616854,0.0446755824
2022-07-25,4.14,4.197,4.218,4.138,12688875.0,-0.0055704183048672,0.7120610675,0.24890658375,0.039032377
2022-07-26,4.1625,4.106,4.1665,4.0865,16093777.0,0.1547892689704895,0.2639404781111111,0.5804895590555555,0.15556994157777776
2022-07-27,4.126,4.16,4.176,4.11,13788378.0,0.1289885554994855,0.2130268864285714,0.7719292357142857,0.0150438635
2022-07-28,4.1945,4.168,4.2095,4.121,20742475.0,0.3398766489255996,0.33766507285714287,0.6327072814285714,0.029627649099999997
2022-07-29,4.3115,4.417,4.445,4.28,33620729.0,-0.2340348633852872,0.3837188853636364,0.5369941933636363,0.07928690759090909
2022-08-01,4.417,4.3655,4.511,4.3605,16471853.0,-0.1979762375354767,0.0307947425,0.47681313200000003,0.492392152
2022-08-02,4.365,4.4155,4.456,4.36,18142423.0,-0.0062328739599748,0.93952996,0.028183518,0.03228657
2022-08-03,4.4325,4.5585,4.565,4.395,21055555.0,-0.2804412501198904,0.6498015875,0.31572631125,0.034472148499999994
2022-08-04,4.56,4.6095,4.664,4.5575,14944074.0,-0.0881590917706489,0.6123827293333334,0.36781090133333333,0.01980640645
2022-08-05,4.5765,4.621,4.65,4.568,13914486.0,-0.1389914751052856,0.0466637,0.9065495,0.0467868325
2022-08-08,4.6685,4.6465,4.6815,4.5955,13271383.0,0.1573054525587293,0.89569604,0.06814651,0.036157396
2022-08-09,4.6425,4.678,4.719,4.635,13745170.0,0.2207527756690979,0.5355299361666667,0.42309518749999997,0.04137490666666666
2022-08-10,4.681,4.709,4.71,4.6555,14159320.0,0.3278166115283966,0.7307496745555555,0.02477901511111111,0.24447131355555557
2022-08-11,4.7325,4.729,4.749,4.7095,13035131.0,0.3174747725327809,0.47610743631249997,0.021977715374999998,0.501914856375
2022-08-12,4.75,4.777,4.8015,4.7475,14999933.0,0.3072629496455192,0.07265786,0.90753764,0.019804513
2022-08-15,4.7975,4.797,4.8,4.737,12062222.0,-0.0730600297451019,0.33119472333333333,0.6155643166666667,0.053241000000000004
2022-08-16,4.82,4.857,4.871,4.7995,15471737.0,0.3627956211566925,0.3050448783333333,0.6442773433333334,0.050677833000000005
2022-08-17,4.8875,4.824,4.947,4.8195,14582909.0,0.2068670839071273,0.218474852,0.5575470406,0.22397810040000002
2022-08-18,4.824,4.858,4.9115,4.8185,12412905.0,0.0016651302576065,0.8816520299999999,0.10002111100000001,0.0183269025
2022-08-19,4.826,4.695,4.8505,4.6585,17909712.0,0.1459719321944496,0.0992534,0.8851871,0.015559581
2022-08-22,4.6565,4.551,4.6715,4.5075,15589268.0,-0.4019724939550672,0.029329839,0.5181531498333333,0.45251699000000006
2022-08-23,4.5315,4.5855,4.6175,4.515,9608698.0,-0.0034787853558858,0.45160634,0.5181832319999999,0.0302104408
2022-08-24,4.558,4.5445,4.58,4.5035,6786952.0,0.2236836850643158,0.020182509,0.619569103,0.3602484283333333
2022-08-25,4.596,4.5215,4.596,4.4805,7546750.0,-0.0414405124528067,0.4329899225,0.5539841249999999,0.013025912
2022-08-26,4.56,4.453,4.5865,4.4305,10322165.0,0.2716776072978973,0.12901127772727272,0.8021668829999999,0.06882183209090909
2022-08-29,4.403,4.4335,4.468,4.3555,8921331.0,0.0799681977792219,0.26466240075,0.46893265949999996,0.26640498025
2022-08-30,4.46,4.4865,4.6055,4.4295,11888608.0,0.2589480768550526,0.33362245,0.622178644,0.04419896633333333
2022-08-31,4.5,4.4915,4.542,4.467,16890708.0,0.2982573211193084,0.02142652,0.9056147,0.07295887
2022-09-01,4.45,4.4355,4.5085,4.399,11202643.0,0.3349416136741638,0.012924814,0.020121919,0.96695316
2022-09-02,4.507,4.5605,4.574,4.4485,10370166.0,0.1546775102615356,0.02142652,0.9056147,0.07295887
2022-09-05,4.4315,4.4695,4.471,4.395,8441398.0,0.0781606468889448,0.017001046,0.46324372,0.5197553349999999
2022-09-06,4.4595,4.4925,4.519,4.4205,8131123.0,0.3830739818513393,0.34865835999999994,0.6055699333333333,0.045771714
2022-09-07,4.444,4.4905,4.5015,4.409,8851151.0,0.3200510090047663,0.29963298174999997,0.6826977525,0.017669254675
2022-09-08,4.547,4.625,4.6685,4.493,13521922.0,0.5780464194037698,0.3477778643333333,0.6208947526666666,0.031327374666666664
2022-09-09,4.74,4.852,4.878,4.707,19008728.0,0.4552720561623573,0.034321314750000005,0.83646095,0.12921777275
2022-09-12,4.894,4.956,4.9795,4.876,16486385.0,0.5426360408465067,0.45330356,0.49062344,0.056073015
2022-09-13,4.965,4.887,4.995,4.8505,17770797.0,0.119962385722569,0.036403250500000005,0.61145006,0.35214671333333336
2022-09-14,4.854,4.878,4.9555,4.831,13570641.0,0.2654918111287631,0.03476918,0.4631488345,0.502082005
2022-09-15,4.907,4.987,5.023,4.904,19257310.0,0.194066149847848,0.407917568,0.48943335925,0.10264907000000001
2022-09-16,4.896,4.9275,4.959,4.841,49842269.0,0.1359923141343253,0.292018471,0.6725780666666666,0.035403448
2022-09-19,4.9125,4.9135,4.9565,4.861,10496925.0,0.1878326296806335,0.425365605,0.561239365,0.0133949715
2022-09-20,4.929,4.911,4.985,4.881,12255304.0,0.1766150712966919,0.929531,0.024541115,0.045927916
2022-09-21,4.861,4.931,4.988,4.8365,13226896.0,0.1364270618983677,0.30237263557142857,0.5419416278571428,0.1556857696
2022-09-22,4.86,4.9,5.006,4.834,11702643.0,-0.2992735922336578,0.18118861533333333,0.7707511016666667,0.048060266
2022-09-23,4.8825,4.758,4.8875,4.6705,16865471.0,-0.1572433994346897,0.02142652,0.9056147,0.07295887
2022-09-26,4.702,4.7415,4.801,4.675,11422232.0,0.0862119708742414,0.04510142566666667,0.6022363413333333,0.3526622366666667
2022-09-27,4.82,4.642,4.8255,4.582,17428271.0,-0.1572203727868887,0.032803678,0.9145529666666666,0.052643373
2022-09-28,4.6,4.6435,4.667,4.5175,15610952.0,-0.4446284721295039,0.29582089733333333,0.5157037023333334,0.18847542316666668
2022-09-29,4.606,4.5525,4.634,4.502,13238457.0,-0.3848498463630676,0.0721365895,0.68194657,0.24591685375
2022-09-30,4.598,4.6205,4.632,4.5425,13780091.0,0.0864250779151916,0.032222625,0.9273314,0.040446054
2022-10-03,4.5675,4.6825,4.691,4.512,11498591.0,-0.2382558047771454,0.235671213,0.7377678599999999,0.026560953374999998
2022-10-04,4.76,4.902,4.9375,4.7185,16890149.0,0.0801638424396515,0.5393612783333334,0.4165954923333333,0.04404328133333333
2022-10-05,4.869,4.82,4.9045,4.792,11750293.0,0.0060008764266967,0.59442041,0.07245549766666666,0.3331240776666667
2022-10-06,4.854,4.7995,4.8635,4.78,8832914.0,0.0698727461007925,0.26097384875,0.65100379975,0.0880224075
2022-10-07,4.674,4.62,4.728,4.594,12348364.0,-0.1082386838065253,0.26258394549999997,0.48114535199999997,0.2562707055
2022-10-10,4.58,4.62,4.655,4.577,9588511.0,0.1129257764135088,0.075218196,0.51289749325,0.4118842605
2022-10-11,4.5965,4.5775,4.6,4.521,9386252.0,-0.1287385514266212,0.30954111458333333,0.4005946928333333,0.28986418455
2022-10-12,4.5565,4.583,4.6,4.506,9110135.0,-0.3292421326041221,0.361407186,0.45194783,0.18664496587499999
2022-10-13,4.55,4.721,4.7405,4.532,14497280.0,0.0683463995273296,0.3491457586666667,0.4598519556666667,0.19100231221666666
2022-10-14,4.7905,4.7465,4.84,4.727,14569662.0,0.3606522574144251,0.275396225,0.46400842350000004,0.26059537225
2022-10-17,4.7465,4.858,4.8915,4.7175,11240700.0,0.4174204894474574,0.5782553229999999,0.21202460860000003,0.2097201037
2022-10-18,4.8825,4.9435,5.016,4.869,12227709.0,0.3054256655953147,0.347965469875,0.45324181262499996,0.198792723375
2022-10-19,4.9605,4.965,4.988,4.8895,8016987.0,0.0794753693044185,0.340655848875,0.47321969524999996,0.186124464875
2022-10-20,4.94,5.047,5.074,4.935,14496378.0,0.3316555172204971,0.5233390696666667,0.45334599633333333,0.023314942666666668
2022-10-21,5.01,4.9995,5.032,4.903,14473028.0,-0.2397809624671936,0.3216647576666667,0.32198092133333334,0.35635438466666663
2022-10-24,5.06,5.189,5.207,5.027,18751990.0,0.4045479189265858,0.4722354853,0.021994885,0.5057695775
2022-10-25,5.204,5.23,5.265,5.134,15093081.0,0.1038052663207054,0.368505600125,0.3544880615,0.27700635525
2022-10-26,5.269,5.221,5.29,5.183,12919405.0,0.1338359025808481,0.4195944253333333,0.24842564433333336,0.331979947
2022-10-27,5.206,5.258,5.258,5.127,13733183.0,0.2890341806411743,0.9504745800000001,0.027109571,0.0224158655
2022-10-28,5.197,5.246,5.248,5.021,20859888.0,-0.0567521713674068,0.4626882961875,0.39097384143749997,0.14633786144375
2022-10-31,5.24,5.209,5.272,5.172,15559086.0,0.395346530846187,0.15104626675,0.8288104075,0.020143353750000002
2022-11-01,5.249,5.255,5.299,5.229,11443887.0,0.2055914856138683,0.2761884348571429,0.566952935,0.1568586297142857
2022-11-02,5.298,5.286,5.333,5.261,12864826.0,0.4503246347109477,0.6438615286666667,0.3325583408333333,0.023580119833333333
2022-11-03,5.253,5.227,5.253,5.154,12194861.0,0.001004311773512,0.0201287762,0.3389422392,0.640929024
2022-11-04,5.285,5.304,5.338,5.227,12711800.0,0.2776730748323294,0.17577363997857143,0.7369259088571428,0.08730044714285713
2022-11-07,5.283,5.337,5.37,5.255,9767670.0,0.0629070486341204,0.7256831013999999,0.2456459844,0.028670916400000003
2022-11-08,5.34,5.32,5.357,5.299,8609803.0,-0.0198887388752762,0.267359589,0.7120120325,0.020628386
2022-11-09,5.294,5.287,5.392,5.286,18887044.0,0.0,0.17177194645833335,0.7666872453333333,0.061540809083333335
2022-11-10,5.26,5.306,5.347,5.207,16909620.0,-0.0350543343358569,0.0,0.9863209669476835,0.05417801980468852
2022-11-11,5.29,5.297,5.335,5.223,12045194.0,0.0131465054693676,0.06443739316666668,0.9083416049999999,0.027221003333333337
2022-11-14,5.3,5.369,5.385,5.267,9242241.0,0.1407153010368347,0.758827814,0.2147789876,0.0263931898
2022-11-15,5.381,5.411,5.444,5.339,13997348.0,0.2238164275884628,0.540669865,0.431274744,0.028055402666666663
2022-11-16,5.396,5.362,5.425,5.351,10818103.0,0.5338538527488709,0.488623874,0.492443475,0.0189325775
2022-11-17,5.38,5.332,5.39,5.292,7011905.0,0.2543399589402335,0.365447398,0.619457716,0.01509488675
2022-11-18,5.38,5.448,5.448,5.354,16372000.0,0.6027283933427598,0.3642813806666667,0.6152480716666667,0.020470578666666666
2022-11-21,5.41,5.455,5.498,5.41,9461000.0,0.6091710360426652,0.9271428166666666,0.04403425766666666,0.028822943333333333
2022-11-22,5.46,5.519,5.557,5.459,13243272.0,0.526900549020086,0.5884234468333333,0.22376495166666666,0.1878115661666667
2022-11-23,5.517,5.536,5.559,5.465,9931822.0,0.450560000207689,0.5563804211428571,0.40923448342857144,0.034385125714285716
2022-11-24,5.536,5.58,5.598,5.524,8363970.0,-0.2038029953837394,0.47496831666666667,0.47465199133333336,0.050379710999999994
2022-11-25,5.59,5.641,5.644,5.572,11399790.0,0.666343553499742,0.2714093126,0.3203687476,0.40822192079999997
2022-11-28,5.593,5.54,5.628,5.54,10045849.0,0.3943113187948863,0.483735008,0.028087501,0.488177527
2022-11-29,5.561,5.624,5.663,5.525,12411348.0,0.4149910807609558,0.62761660725,0.352188746625,0.0201946245625
2022-11-30,5.611,5.612,5.642,5.535,70040432.0,0.3870696373607801,0.5268188799,0.36228758559999996,0.11089352975
2022-12-01,5.64,5.566,5.665,5.564,15277337.0,0.0729227165381113,0.5240946732857142,0.3212500811428571,0.15465528521428573
2022-12-02,5.552,5.612,5.619,5.518,11189593.0,0.3795074290699429,0.358398444625,0.37689007275,0.26471147325
2022-12-05,5.582,5.554,5.612,5.544,8015460.0,0.1207959907395499,0.48981685399999997,0.48946233850000004,0.020720805000000002
2022-12-06,5.52,5.543,5.568,5.453,10822207.0,0.2260737527500499,0.20403858175,0.4981916891666667,0.297769735
2022-12-07,5.519,5.517,5.555,5.488,9041712.0,0.3243420720100403,0.599784553,0.37680437133333333,0.02341109333333333
2022-12-08,5.53,5.512,5.546,5.497,7671334.0,0.329716221852736,0.4922020065,0.48782176525,0.0199761975
2022-12-09,5.52,5.533,5.539,5.473,10817107.0,0.0956272641817728,0.33648043433333336,0.6042575176666666,0.05926206266666667
2022-12-12,5.513,5.489,5.531,5.463,10473326.0,0.4759003520011902,0.031509352,0.6165549920000001,0.3519356916666667
2022-12-13,5.5,5.556,5.629,5.485,15602991.0,0.1727105180422465,0.63611898,0.33137024183333336,0.032510811333333334
2022-12-14,5.527,5.537,5.537,5.463,10759763.0,0.348659448325634,0.2710286384,0.3973328426,0.33163851759999996
2022-12-15,5.532,5.336,5.534,5.317,18165383.0,-0.2057699390820094,0.245415983,0.0215964685,0.73298753575
2022-12-16,5.316,5.398,5.425,5.301,33684818.0,0.3976372852921486,0.32222633688888885,0.34460450577777774,0.3331691488888889
2022-12-19,5.4,5.404,5.428,5.374,9292518.0,0.3706346948941548,0.48776839,0.465131325,0.047100281499999994
2022-12-20,5.374,5.557,5.583,5.355,17422911.0,-0.1531399682812068,0.5793235663333333,0.2399942415,0.1806821815
2022-12-21,5.577,5.687,5.687,5.538,13719069.0,0.5438929750369146,0.6214264985714285,0.3400974235714286,0.03847609992857143
2022-12-22,5.689,5.641,5.72,5.625,8844403.0,0.3667561039328575,0.493468464,0.33281124733333334,0.17372026333333335
2022-12-23,5.65,5.666,5.693,5.622,6923974.0,0.4552335355963026,0.4851880305,0.48293767683333333,0.03187428416666666
2022-12-27,5.667,5.649,5.69,5.629,4559910.0,0.3738068469933101,0.40155781728571427,0.1953682842857143,0.4030739071428572
2022-12-28,5.656,5.655,5.687,5.636,5817544.0,-0.420103004345527,0.5177790714285714,0.38943176942857144,0.09278919114285714
2022-12-29,5.628,5.702,5.72,5.61,8439552.0,-0.0020975470542907,0.4607489318333333,0.3301842071666667,0.20906689783333332
2022-12-30,5.683,5.634,5.688,5.63,7798555.0,0.2066469043493271,0.6408995701666667,0.1772011855,0.18189926533333334
2023-01-02,5.691,5.782,5.786,5.669,7190756.0,0.3526063423890334,0.5841086948750001,0.37003531824999997,0.045855994
2023-01-03,5.763,5.869,5.899,5.74,12034399.0,0.5150096310036523,0.8765344125,0.08073719925,0.04272836025
2023-01-04,5.9,6.1,6.1,5.899,23633498.0,0.4486528225243091,0.4239581917692308,0.504030186923077,0.0720116311
2023-01-05,6.07,6.154,6.168,6.04,14977600.0,0.2597294110690813,0.7271781542857143,0.24636600914285717,0.026455871857142856
2023-01-06,6.17,6.21,6.228,6.155,12498717.0,0.2579754292964935,0.795285002,0.174758978,0.029955986
2023-01-09,6.21,6.277,6.286,6.201,16668535.0,0.5808913918102488,0.924206738,0.0445544618,0.031238780799999998
2023-01-10,6.25,6.31,6.329,6.237,12857059.0,0.4583408965004815,0.6787334595714285,0.29573934942857144,0.025527193857142857
2023-01-11,6.33,6.273,6.333,6.251,11680488.0,0.3575926646590233,0.6900620608571428,0.28423202814285714,0.025705913614285713
2023-01-12,6.295,6.321,6.357,6.252,13217377.0,0.2057214746108422,0.7141969668571428,0.2555219381428571,0.030281114285714283
2023-01-13,6.337,6.362,6.412,6.287,10023765.0,0.3679872204860051,0.5675478386,0.390369565,0.042082608199999996
2023-01-16,6.37,6.398,6.414,6.34,7109384.0,-0.2895716488361358,0.7673512566666667,0.199952861,0.03269589333333333
2023-01-17,6.398,6.415,6.449,6.388,10455273.0,-0.1781909093260765,0.596414302,0.362335851125,0.041249871874999997
2023-01-18,6.404,6.443,6.486,6.404,15185643.0,-0.0184568092226982,0.661038142,0.2553748542,0.0835870316
2023-01-19,6.39,6.31,6.413,6.191,18791032.0,-0.0481438988989049,0.30767445925000003,0.19908023749999998,0.4932453195
2023-01-20,6.369,6.367,6.402,6.315,11061748.0,0.339732825756073,0.29493157328571423,0.41145155471428574,0.29361686471428566
2023-01-23,6.387,6.45,6.508,6.34,11258761.0,0.686720784753561,0.6603944285714285,0.2986793222857143,0.040926278142857146
2023-01-24,6.461,6.431,6.507,6.35,9183071.0,0.218725599348545,0.652158337,0.05135557514285714,0.29648610442857143
2023-01-25,6.356,6.292,6.381,6.264,16217160.0,0.4312163037913186,0.199397128125,0.303302448375,0.497300421625
2023-01-26,6.332,6.417,6.447,6.329,12772992.0,0.2831797003746032,0.6197690724,0.20178932160000002,0.17844158599999999
2023-01-27,6.45,6.434,6.507,6.404,12385273.0,0.1403970207486833,0.5550085324285714,0.28810820014285715,0.15688329057142858
2023-01-30,6.41,6.439,6.466,6.372,6883831.0,0.2915802697340647,0.483330977,0.48928155925,0.027387430625
2023-01-31,6.46,6.463,6.482,6.375,13753129.0,0.3315756916999817,0.41382115333333336,0.5428212993333333,0.043357582
2023-02-01,6.5,6.767,6.79,6.482,32228125.0,0.4448286980390549,0.3460753375666667,0.6067792721666667,0.04714538848333334
2023-02-02,6.723,6.798,6.96,6.7,21825197.0,0.3212755833353315,0.6565463377058824,0.3099658695882353,0.03348779011764706
2023-02-03,6.784,6.907,6.928,6.765,16181638.0,-0.1458290687629155,0.6542164966666666,0.3112550317777778,0.03452847888888889
2023-02-06,6.844,6.79,6.848,6.772,10804666.0,-0.1945087075233459,0.046575112200000005,0.5531261085,0.4002988256
2023-02-07,6.812,6.777,6.849,6.735,11214770.0,0.3282202146947384,0.1084797204375,0.634766498875,0.256753793375
2023-02-08,6.82,6.753,6.82,6.721,14556556.0,0.2870704664124383,0.01334056625,0.0176148125,0.969044665
2023-02-09,6.798,6.8,6.828,6.65,11375065.0,0.5459584636347634,0.589466877,0.386692526,0.0238406044
2023-02-10,6.78,6.74,6.818,6.696,9954665.0,-0.0126415689786275,0.3881685906,0.581585341,0.0302460654
2023-02-13,6.75,6.831,6.841,6.749,7886416.0,0.6285158212368305,0.5924316501428571,0.38216444499999996,0.025403909000000002
2023-02-14,6.849,6.875,6.957,6.809,12319330.0,0.5027358857068148,0.6188936496428571,0.33809659878571424,0.04300975342857143
2023-02-15,6.856,6.882,6.904,6.811,9058844.0,0.4609777530034383,0.42847779390909096,0.4630721816363636,0.10845004645454547
2023-02-16,6.915,7.01,7.015,6.914,16979103.0,0.6509332306244794,0.8174679013636363,0.14246017309090908,0.04007191227272727
2023-02-17,6.953,6.976,7.015,6.927,14007446.0,0.1583733558654785,0.47061413525,0.263716395,0.265669492125
2023-02-20,7.001,6.973,7.023,6.964,5037248.0,-0.1272569213594709,0.4958636647142857,0.3448018369285714,0.15933449942857142
2023-02-21,6.958,6.968,6.989,6.842,8365012.0,-0.1652790078750023,0.370464907625,0.36399992225,0.26553517925
2023-02-22,6.923,6.947,6.95,6.878,11969996.0,0.0188558220863342,0.32184091525,0.48630288325,0.19185614275
2023-02-23,6.963,7.033,7.052,6.961,9054412.0,0.3282391428947449,0.7321011185555556,0.23000751188888888,0.037891364999999996
2023-02-24,7.037,7.028,7.109,7.02,16492300.0,0.7347629852592945,0.7578964499999999,0.193684698,0.0484188288
2023-02-27,7.07,7.187,7.22,7.064,11033035.0,0.4623618941558035,0.79474352,0.17125055257142857,0.034005965
2023-02-28,7.151,7.373,7.45,7.129,32156261.0,0.4606734216213226,0.5588307458461539,0.4194584957692308,0.02171074396153846
2023-03-01,7.412,7.225,7.431,7.2,14912341.0,0.4596264490059444,0.4259075346,0.2493199045,0.32477254499999997
2023-03-02,7.205,7.26,7.262,7.135,9816692.0,0.0299326987827525,0.30710656866666664,0.13247499633333334,0.5604184591111111
2023-03-03,7.276,7.378,7.388,7.258,8305400.0,0.328745936646181,0.6783652804285715,0.15722126157142857,0.1644134447142857
2023-03-06,7.4,7.446,7.454,7.37,6976496.0,0.4288869087512676,0.7641469439999999,0.197223765,0.0386293096
2023-03-07,7.45,7.287,7.555,7.287,13778545.0,0.319990374147892,0.5575296674000001,0.21836730480000002,0.22410299939999997
2023-03-08,7.253,7.321,7.353,7.183,8015027.0,0.5937553156505931,0.793439558,0.1841268402,0.0224336006
2023-03-09,7.3,7.299,7.33,7.278,7433930.0,0.0,0.94634873,0.029193622000000002,0.024457698
2023-03-10,7.04,7.05,7.1,6.94,20603692.0,-0.4420629306273027,0.34967396716666665,0.305601045,0.3447249925
2023-03-13,7.05,6.469,7.05,6.374,39530607.0,-0.3666167429515293,0.140185619875,0.341756695375,0.5180576974375
2023-03-14,6.43,6.69,6.729,6.371,22503279.0,-0.0327642373740673,0.359028229125,0.410377934,0.230593841375
2023-03-15,6.681,6.048,6.687,5.929,45373021.0,-0.4280185070302751,0.4787163755,0.0420041795,0.479279419
2023-03-16,6.39,6.254,6.398,6.042,27095927.0,-0.4763722062110901,0.9479036000000001,0.030634397,0.021461960000000002
2023-03-17,6.275,6.036,6.405,5.967,33709509.0,-0.4165649073464529,0.29943439149999995,0.42661438675,0.27395126399999997
2023-03-20,5.99,6.231,6.329,5.735,30790132.0,-0.2574425273471408,0.12191639078030808,0.5519459795319888,0.3261377168969393
2023-03-21,6.358,6.567,6.632,6.356,24571953.0,0.3819387053188525,0.5756986416733846,0.34558527959046625,0.07871615076515551
2023-03-22,6.538,6.585,6.754,6.489,16290250.0,0.2219883501529693,0.7121827700000001,0.12125484233333333,0.16656242666666668
2023-03-23,6.45,6.413,6.579,6.374,14658136.0,-0.1753786035946437,0.4863437475,0.0255995495,0.48805671
2023-03-24,6.35,6.129,6.35,6.021,27968999.0,-0.315095063050588,0.53337602,0.41396456000000004,0.05265944
2023-03-27,6.252,6.256,6.332,6.122,17991413.0,0.6185600658257803,0.7341541466666667,0.22805192666666665,0.03779390133333333
2023-03-28,6.35,6.344,6.399,6.241,13628110.0,0.531074180322535,0.94757783,0.03627668,0.016145548
2023-03-29,6.38,6.481,6.497,6.36,13568496.0,0.0751090212301774,0.19240263200000002,0.3385237575,0.469073586825
2023-03-30,6.599,6.619,6.69,6.547,14111910.0,0.3941729068756103,0.94747424,0.0288519,0.023673862
2023-03-31,6.66,6.571,6.695,6.543,16781783.0,-0.1727347428148443,0.32977128975000003,0.404713467,0.265515236
2023-04-03,6.28,6.276,6.418,6.272,13273752.0,0.2777739942073822,0.0,0.6720308723363015,0.5364241589642487
2023-04-04,6.288,6.386,6.508,6.288,11826658.0,0.4445685595273971,0.0,0.6504626198507728,0.6693522081975829
2023-04-05,6.406,6.46,6.492,6.376,14628330.0,-0.292006629705429,0.0,0.40438060112488594,0.6672065198695187
2023-04-06,6.496,6.58,6.604,6.49,12273058.0,0.1176288425922393,0.13255398478409575,0.32001616564747115,0.5474299109971523
2023-04-11,6.624,6.482,6.686,6.476,10443510.0,0.3858401721174067,0.22532932225000002,0.461741205,0.31292951775
2023-04-12,6.486,6.598,6.678,6.486,11369843.0,0.155501279566023,0.25417603475,0.7124706275,0.033353349000000004
2023-04-13,6.598,6.628,6.664,6.586,8962391.0,0.1447015350515192,0.4255521503333333,0.5250160806666666,0.049431787000000005
2023-04-14,6.65,6.806,6.806,6.616,14189841.0,0.3376902416348457,0.35430054925,0.59603851675,0.04966092525
2023-04-17,6.832,6.712,6.86,6.68,12537976.0,0.248600634932518,0.254627262,0.4501070465,0.2952656425
2023-04-18,6.78,6.862,6.928,6.772,13468624.0,0.2308437165461088,0.47433480699999997,0.45270241250000004,0.07296280899999999
2023-04-19,6.848,6.918,6.944,6.816,11977073.0,0.4559079834393093,0.33533964566666663,0.6410185163333334,0.023641841666666667
2023-04-20,6.99,6.814,7.048,6.756,10678945.0,0.2313577532768249,0.0153767995,0.44338416999999997,0.541239015
2023-04-21,6.752,6.782,6.782,6.678,14644193.0,-0.0820686556398868,0.016349902,0.44490168399999996,0.538748405
2023-04-24,6.732,6.814,6.838,6.702,6234379.0,0.0,0.9348469,0.025858091,0.0392951
2023-04-25,6.716,6.648,6.724,6.614,9038063.0,-0.0472884294059541,0.36333293975000003,0.36205708575,0.2746099675
2023-04-26,6.6,6.682,6.694,6.484,11342926.0,-0.7040386958555742,0.33569258733333335,0.6338566183333333,0.030450786666666663
2023-04-27,6.704,6.89,6.896,6.658,12616998.0,-0.1061293816566467,0.4111678425294118,0.47739391217647054,0.11143824047058823
2023-04-28,6.95,6.65,6.95,6.614,13843754.0,-0.3654122869173685,0.27548189225,0.70554970175,0.018968388750000002
2023-05-02,6.698,6.404,6.698,6.386,12236629.0,0.241485446691513,0.3440528536,0.4344398146,0.22150732780000001
2023-05-03,6.5,6.29,6.516,6.218,13857409.0,-0.552513028894152,0.1997161636,0.5613778742,0.23890594859999997
2023-05-04,6.268,6.18,6.312,6.114,11028201.0,-0.5668961772551904,0.22851954819999998,0.5525915423,0.2188889095
2023-05-05,6.238,6.29,6.298,6.134,8980711.0,0.1892624348402023,0.29573018357142855,0.6619972344285714,0.042272546
2023-05-08,6.34,6.388,6.406,6.336,5243624.0,0.1099831183751424,0.4431583672,0.51286013,0.0439815194
2023-05-09,6.376,6.31,6.424,6.266,6906884.0,0.405045059594241,0.05931477266666666,0.593894648,0.34679059566666665
2023-05-10,6.37,6.302,6.422,6.256,7762670.0,0.0559839341375562,0.11382413022222221,0.34088658666666666,0.545289308
2023-05-11,6.3,6.538,6.57,6.298,17816571.0,0.2269103080034256,0.44145801140000007,0.42072971680000004,0.1378122746
2023-05-12,6.576,6.598,6.652,6.568,13391119.0,-0.0858230143785476,0.7592377343636364,0.197207986,0.043554264545454545
2023-05-15,6.466,6.322,6.528,6.276,15645401.0,-0.7815922300020853,0.3565948404285714,0.18945900814285713,0.45394616814285715
2023-05-16,6.316,6.3,6.35,6.244,8067282.0,0.4550383136822627,0.3233269783333333,0.022214161333333333,0.6544588123333334
2023-05-17,6.25,6.368,6.368,6.25,7951562.0,0.5295623481273651,0.4330754556363636,0.4391965951818182,0.12772794545454547
2023-05-18,6.44,6.464,6.504,6.406,8610107.0,0.4366030051158024,0.60731365,0.20434126840000003,0.18834509039999997
2023-05-19,6.5,6.492,6.544,6.466,13636849.0,0.1004990083830697,0.1234412724,0.5425942896,0.33396442940000004
2023-05-22,6.46,6.504,6.568,6.46,11117836.0,0.1524463544289271,0.33184347416666665,0.46705554266666666,0.20110098783333333
2023-05-23,6.51,6.492,6.51,6.462,6679691.0,0.2620262768533494,0.26522865009999996,0.39463201239999995,0.34013934300000004
2023-05-24,6.39,6.34,6.414,6.296,9709558.0,-0.1388897044318063,0.033826095,0.24526057175,0.72091333675
2023-05-25,6.33,6.416,6.462,6.286,13066698.0,0.3071424166361491,0.47975842459999996,0.4707987738,0.0494427684
2023-05-26,6.41,6.48,6.504,6.296,8255268.0,-0.1413176976717435,0.3069904588,0.6286225563000001,0.0643869791
2023-05-29,6.55,6.4,6.55,6.36,5253842.0,0.4111855030059814,0.3359302887215689,0.4913329771520303,0.1727367533453105
2023-05-30,6.382,6.358,6.492,6.314,10616285.0,0.3439981433061453,0.41628180850869567,0.3034719942173913,0.2802462058695652
2023-05-31,6.3,6.12,6.36,6.058,83953672.0,-0.065469271996442,0.2971825118888889,0.3379761681111111,0.3648412857777778
2023-06-01,6.216,6.256,6.324,6.182,8460690.0,0.2438151728023182,0.40092668242857143,0.5523423805714286,0.04673093685714286
2023-06-02,6.332,6.49,6.498,6.288,12187475.0,0.4203340594585125,0.40986333891666665,0.54694484025,0.043191819
2023-06-05,6.516,6.464,6.57,6.398,9191371.0,0.3510331312815348,0.4479562978,0.43459434446666667,0.1174493565
2023-06-06,6.434,6.478,6.486,6.398,8163129.0,-0.1296767890453338,0.5166268401666666,0.4414494386666667,0.04192372866666667
2023-06-07,6.492,6.488,6.51,6.364,9036263.0,0.1300350381777836,0.1503351268,0.548095069,0.30156980899999997
2023-06-08,6.54,6.586,6.686,6.522,10902641.0,0.5146051304680961,0.6102560533333333,0.349127303,0.04061666666666667
2023-06-09,6.594,6.51,6.634,6.426,7305539.0,-0.2047400382848886,0.42572109,0.1622237109090909,0.41205518145454545
2023-06-12,6.554,6.554,6.606,6.498,7471050.0,0.4124772071838379,0.44666792685714285,0.26152931085714287,0.29180275971428576
2023-06-13,6.554,6.532,6.56,6.408,10640048.0,0.2751966552300887,0.5536043178333333,0.10687592120833334,0.33951975674999996
2023-06-14,6.546,6.776,6.814,6.54,17036727.0,0.4056836644808451,0.7169992545454545,0.2169882142727273,0.06601254772727273
2023-06-15,6.75,6.734,6.796,6.686,9420946.0,-0.1181512408786349,0.40286085485714285,0.490661109,0.10647803014285714
2023-06-16,6.758,6.79,6.838,6.716,30931005.0,0.4201849028468132,0.835320729,0.10671180209090908,0.05796747445454545
2023-06-19,6.772,6.798,6.856,6.758,5545135.0,0.3345925431502493,0.7147934985333334,0.058310400600000006,0.22689607493333333
2023-06-20,6.764,6.74,6.808,6.714,5884272.0,0.1554498672485351,0.5267239775906728,0.1108281384272968,0.36244784840679134
2023-06-21,6.744,6.77,6.858,6.72,7124768.0,0.0750271404782931,0.39930657698148797,0.1908049026970474,0.40988851079568683
2023-06-22,6.674,6.732,6.738,6.586,8983956.0,-0.1765046986666592,0.3091699260148927,0.3256367116182744,0.3651933828700724
2023-06-23,6.658,6.652,6.71,6.55,11663237.0,-0.3300841185781691,0.232942654,0.5427195834,0.22433778540000002
2023-06-26,6.662,6.748,6.754,6.534,9436517.0,-0.239521054426829,0.23477047509090906,0.7143880834545455,0.05084144427272727
2023-06-27,6.76,6.784,6.812,6.682,9001353.0,-0.1885960847139358,0.512405801,0.354176253375,0.13341794225
2023-06-28,6.794,6.854,6.86,6.782,7362242.0,0.0,0.24314936009999996,0.7172312392,0.0396194154
2023-06-29,6.86,6.958,6.972,6.858,9533852.0,0.4232434309445895,0.5124729818333333,0.45007991150000004,0.0374470945
2023-06-30,6.98,7.032,7.128,6.96,18402410.0,0.515182586092698,0.6995452435714286,0.12951244342857143,0.1709423095
2023-07-03,7.03,7.09,7.164,7.03,7129489.0,0.3104328943623436,0.6747037540909091,0.25544712627272725,0.06984911290909092
2023-07-04,7.1,7.024,7.136,7.022,5438141.0,0.8949556350708008,0.51130638325,0.431618506,0.05707508675
2023-07-05,6.99,6.958,7.03,6.932,8773124.0,0.1125873242105756,0.24441741966666666,0.31746833583333334,0.43811424216666667
2023-07-06,6.896,6.84,6.938,6.794,9641714.0,-0.2922420318310077,0.5045276791666666,0.22950460125000002,0.26596770583333335
2023-07-07,6.848,6.894,6.926,6.792,7618715.0,0.2605815018926348,0.6294408563333334,0.32076028116666666,0.04979887333333333
2023-07-10,6.854,6.878,6.964,6.844,5715710.0,0.2622886645166497,0.3251052596923077,0.4923287326153846,0.182566018
2023-07-11,6.916,6.942,6.97,6.834,5871336.0,0.3784346646732754,0.412540137,0.40764938855555555,0.179810469
2023-07-12,6.954,7.106,7.128,6.954,10063480.0,0.4954831952398473,0.43711366242857147,0.5270851196428571,0.03580121321428571
2023-07-13,7.076,7.092,7.154,7.04,8373923.0,0.5914115870700163,0.3197460521428571,0.4007275131428571,0.27952641657142857
2023-07-14,7.09,7.08,7.176,7.062,6840764.0,-0.1304226033389568,0.5765178398181818,0.2642441448181818,0.1592379715909091
2023-07-17,7.078,7.098,7.134,7.036,4278948.0,0.2933493620819515,0.41777253761904765,0.4196168592857143,0.16261059966666666
2023-07-18,7.146,7.162,7.174,7.064,6445089.0,0.0754735783526771,0.606906952375,0.346746236125,0.04634677675
2023-07-19,7.18,7.104,7.206,7.05,7150889.0,0.0051401588651869,0.14939026454545454,0.7326251693636364,0.11798457490909091
2023-07-20,7.126,7.194,7.228,7.118,7862037.0,0.251987224817276,0.4829852635,0.443354558,0.0736601585
2023-07-21,7.19,7.126,7.19,7.062,8945133.0,0.0737403793768449,0.38491517107142853,0.20419909549999998,0.4108857178571429
2023-07-24,6.968,7.118,7.118,6.91,6611877.0,-0.4985890755286583,0.411873103,0.13821708485714285,0.4499098128571429
2023-07-25,7.12,7.13,7.162,7.088,4842545.0,0.1964389503002166,0.3497364488888889,0.4027967253333333,0.24746682066666667
2023-07-26,7.12,7.112,7.144,7.016,9332934.0,0.2183189455951963,0.18574285172727273,0.779637752,0.03461941572727273
2023-07-27,7.15,7.22,7.22,7.094,13244340.0,0.6581612064920622,0.5073188366666667,0.4565924168333333,0.036088703666666666
2023-07-28,7.25,7.332,7.438,7.162,21800288.0,-0.0766129633959601,0.5304101081111111,0.22112828244444444,0.2484616038611111
2023-07-31,7.376,7.21,7.386,7.186,11518870.0,0.0456209211122421,0.4394308860000001,0.5142926602857143,0.046276450999999996
2023-08-01,7.21,7.0,7.24,6.97,11735986.0,-0.1767237544059753,0.4580105486666667,0.2568179674666667,0.28517148566666667
2023-08-02,6.9,6.878,6.964,6.822,12897645.0,-0.3297357288273898,0.33462414035294114,0.4516332186470588,0.21374264964705883
2023-08-03,6.83,6.872,6.884,6.762,7010821.0,-0.2142051988177829,0.16615625841666667,0.16047983133333335,0.6733639216666667
2023-08-04,6.928,6.924,6.99,6.864,8059750.0,0.0102338393529256,0.526518146,0.348683703,0.1247981437
2023-08-07,6.948,6.968,6.99,6.856,6152792.0,0.1005661662887124,0.4385350601176471,0.3322421110588235,0.22922281626470586
2023-08-08,6.87,6.834,6.896,6.69,12824416.0,-0.1423805952072143,0.22405939517647058,0.2267181769411765,0.5492224115882353
2023-08-09,6.964,6.91,6.984,6.862,6609257.0,-0.0772986676957872,0.384259138,0.3429590475,0.2727817676666667
2023-08-10,6.964,7.166,7.2,6.95,13245020.0,0.6784473955631256,0.21597246942857143,0.7586369064285714,0.0253906185
2023-08-11,7.142,7.18,7.214,7.134,8256707.0,-0.0024195512135823,0.213313574375,0.73794395775,0.048742462624999996
2023-08-14,7.164,7.202,7.302,7.164,8069992.0,0.034670579764578,0.4829929604375,0.48361108475000003,0.033395956
2023-08-15,7.204,7.112,7.222,7.042,5892964.0,0.1883520126342773,0.16506838296969698,0.7848530950909091,0.05007852666666667
2023-08-16,7.064,7.09,7.156,7.048,3909102.0,-0.161688561240832,0.3655444862,0.590773811,0.0436816912
2023-08-17,7.066,7.078,7.17,7.034,5011339.0,0.5643301208813986,0.24632064205882354,0.6659784366470588,0.08770092658823529
2023-08-18,7.034,7.06,7.072,6.99,6683744.0,1.2820576207158707,0.027358276,0.8990495199999999,0.073592214
2023-08-21,7.064,7.096,7.17,7.062,5128446.0,1.7567083077596115,0.626509752,0.31838643333333333,0.05510380283333333
2023-08-22,7.142,7.128,7.208,7.116,6788871.0,1.988282182012621,0.03537544533333333,0.9116735233333334,0.05295105533333333
2023-08-23,7.142,7.078,7.214,7.044,6365871.0,1.9767792434749,0.036985067,0.9353280075,0.027686946499999997
2023-08-24,7.13,7.172,7.186,7.07,8530137.0,1.809765956219099,0.50047577125,0.45567461475,0.0438495865
2023-08-25,7.166,7.15,7.232,7.124,5393872.0,1.574808784317871,0.472689378,0.2511784855,0.2761321125
2023-08-28,7.202,7.278,7.32,7.202,1305694.0,1.2719077277712152,0.5053419318333333,0.4567709381666667,0.037887124833333334
2023-08-29,7.312,7.35,7.382,7.274,9015306.0,0.901062786579132,0.69086715,0.28651072,0.02262213925
2023-08-30,7.38,7.394,7.5,7.378,11952596.0,0.4622739607416217,0.449223838,0.48472481300000003,0.066051363
2023-08-31,7.414,7.266,7.434,7.264,16219782.0,0.0148107472681668,0.029115722,0.9499642,0.020919992
2023-09-01,7.304,7.264,7.414,7.264,10124044.0,-0.0857098717843332,0.31214270850000003,0.47093755974999996,0.216919751
2023-09-04,7.302,7.288,7.358,7.262,3654329.0,0.2199816005936046,0.663643429,0.29961322575,0.03674332275
2023-09-05,7.224,7.156,7.254,7.144,11327896.0,0.637239396572113,0.21289246619999996,0.7514756539999999,0.035631869999999996
2023-09-06,7.148,7.02,7.152,6.996,12632915.0,0.75428506731987,0.0,0.9694942697633475,0.06151057827694849
2023-09-07,7.0,6.944,7.068,6.942,8975683.0,0.0,0.12680061784635183,0.804674237843692,0.06852514158854725
2023-09-08,7.0,6.97,7.0,6.826,8591995.0,-0.9526836473578424,0.4355448121044742,0.5031186007521908,0.0613365793558724
2023-09-11,7.028,7.07,7.12,7.012,7557023.0,-0.8733456134796143,0.6444636933333333,0.310930401,0.044605911
2023-09-12,7.078,7.092,7.12,7.05,9627032.0,0.9414147734642028,0.735869576,0.238994764,0.025135686600000002
2023-09-13,7.092,7.118,7.158,7.056,6346004.0,2.1195448158375627,0.694469079,0.27138182825,0.03414910525
2023-09-14,7.1,7.244,7.26,7.062,12765732.0,2.265702397367789,0.94914293,0.025744174,0.025112929
2023-09-15,7.28,7.21,7.318,7.176,22765195.0,1.682026122304729,0.94890076,0.024594992,0.02650425
2023-09-18,7.208,7.156,7.244,7.106,7861595.0,0.6706545948982239,0.419343254,0.491389685,0.08926706949999999
2023-09-19,7.134,7.314,7.314,7.084,9903937.0,-0.4872064590454101,0.13498040333333333,0.8013307766666666,0.063688838
2023-09-20,7.33,7.494,7.508,7.3,17007275.0,-0.1043226846882854,0.4094045975,0.5665055825,0.02408980325
2023-09-21,7.41,7.492,7.504,7.376,10726271.0,0.7837736308574677,0.8487161,0.1426472,0.008636651
2023-09-22,7.468,7.466,7.524,7.434,8339333.0,0.8603444746734039,0.4877348225,0.489838968,0.022426210000000002
2023-09-25,7.45,7.39,7.548,7.35,6971179.0,0.2832887637466538,0.90069848,0.06917912500000001,0.030122391
2023-09-26,7.38,7.37,7.43,7.304,9135884.0,0.0,0.9177993666666667,0.03873261133333333,0.043468050333333334
2023-09-27,7.354,7.446,7.47,7.33,9511093.0,0.1683771004205728,0.8441169,0.124886471,0.03099664933333333
2023-09-28,7.476,7.688,7.688,7.462,17414007.0,0.4662078320980072,0.49039837975,0.48300157075,0.026600072500000002
2023-09-29,7.678,7.71,7.756,7.636,12041092.0,0.5712799621219379,0.4781771958,0.47619582410000005,0.0456269814
2023-10-02,7.72,7.692,7.822,7.666,14605334.0,0.4835934904923651,0.26776215633333333,0.646478699,0.08575915786666667
2023-10-03,7.636,7.732,7.882,7.618,14637303.0,0.2031484172092884,0.333091615375,0.628649477125,0.0382589134375
2023-10-04,7.71,7.626,7.76,7.566,14465295.0,-0.0706398785538515,0.37637363775,0.6009591936249999,0.0226671819375
2023-10-05,7.686,7.642,7.746,7.576,12884419.0,-0.1383560176236143,0.33218583575,0.6025611845,0.0652529845
2023-10-06,7.692,7.676,7.718,7.584,13947816.0,0.0,0.08915508520000001,0.6838449214,0.22700000819999996
2023-10-09,7.484,7.422,7.55,7.396,9953411.0,0.3086519241333008,0.384362338375,0.333963849875,0.2816738333125
2023-10-10,7.492,7.65,7.708,7.492,12843005.0,0.5729422536741444,0.6345523178333333,0.3204235223333333,0.045024184833333335
2023-10-11,7.604,7.782,7.792,7.58,14239036.0,0.7670577869929559,0.32330489975,0.65187158925,0.024823520249999998
2023-10-12,7.792,7.798,7.846,7.748,12844572.0,0.9507768154144288,0.5063078897222222,0.3549061241111111,0.138785976
2023-10-13,7.78,7.682,7.808,7.65,12665493.0,0.9447844624519348,0.063890382,0.8791335499999999,0.0569760465
2023-10-16,7.73,7.7,7.756,7.63,10279317.0,0.0,0.305495171,0.65144788675,0.04305694275
2023-10-17,7.698,7.744,7.758,7.654,9673209.0,0.0,0.15210968586363635,0.4328947865454546,0.41499551509090904
2023-10-18,7.766,7.688,7.798,7.668,11324200.0,0.0,0.14172276022222224,0.5998230816666666,0.2584541612222222
2023-10-19,7.666,7.624,7.68,7.566,8809932.0,0.4519030749797821,0.3234350418181818,0.2737230106363637,0.4028419525454545
2023-10-20,7.59,7.54,7.618,7.52,14938480.0,0.4703612029552459,0.4042811385789474,0.31465168426315787,0.2810671827631579
2023-10-23,7.522,7.522,7.544,7.43,9429359.0,0.4632797837257385,0.2965184333,0.2170843461,0.4863972163
2023-10-24,7.522,7.392,7.528,7.36,9719702.0,-0.0865889489650726,0.36972558147058826,0.2515417581764706,0.378732665117647
2023-10-25,7.37,7.43,7.47,7.322,9909629.0,0.2178350542249051,0.3196761146666667,0.5187573131666666,0.16156655150000002
2023-10-26,7.378,7.462,7.474,7.306,10151700.0,0.5353897156253937,0.08441034066666665,0.8692306799999999,0.0463590085
2023-10-27,7.516,7.442,7.624,7.414,11428201.0,0.1644005992195823,0.36888426992857143,0.26934327992857143,0.3617724488928572
2023-10-30,7.466,7.504,7.536,7.406,11144617.0,0.9332111477851868,0.047933612647058824,0.9302610288235293,0.02180535723529412
2023-10-31,7.094,7.422,7.516,7.05,18349423.0,0.3504198312759399,0.2400920596111111,0.5739672523888889,0.18594068666666666
2023-11-01,7.478,7.59,7.648,7.426,11478186.0,0.4546810388565063,0.12719012885714284,0.7543671066666666,0.1184427629047619
2023-11-02,7.622,7.636,7.666,7.55,11454498.0,0.9438301920890808,0.26844044710526316,0.6110783058947369,0.12048123225789474
2023-11-03,7.684,7.734,7.746,7.624,13737545.0,0.3193779389063517,0.23667128334782608,0.7377655449565218,0.025563165152173915
2023-11-06,7.708,7.718,7.766,7.652,10685482.0,-0.2343868762254715,0.1847959632857143,0.6385983273928572,0.17660570874999998
2023-11-07,7.688,7.724,7.786,7.66,8733330.0,0.0,0.20075043655,0.77796224,0.021287317275000002
2023-11-08,7.666,7.832,7.862,7.662,16785579.0,0.9475353360176086,0.517030701,0.39215952940000004,0.09080977909999999
2023-11-09,7.84,7.972,7.978,7.814,13497102.0,0.9074774384498596,0.2988552207142857,0.36459117828571425,0.3365535799285714
2023-11-10,7.9,7.9,7.99,7.9,10272079.0,-0.2183584239747789,0.24059043354545454,0.30215244772727273,0.4572571159090909
2023-11-13,7.898,8.004,8.024,7.898,12742353.0,0.6120937466621399,0.08478048525000001,0.8680099775000001,0.047209527125
2023-11-14,8.0,8.218,8.24,7.996,18856496.0,0.2837532043457031,0.47488712716666664,0.47561025716666666,0.04950262716666667
2023-11-15,8.2,8.222,8.3,8.172,11848007.0,-0.0714710801839828,0.032071758666666665,0.93995549,0.02797277266666667
2023-11-16,8.22,8.168,8.26,8.166,10857034.0,0.0568105842455387,0.023623422,0.5981686166666667,0.37820795766666665
2023-11-17,8.2,8.284,8.302,8.192,24371536.0,0.3015330632527669,0.33490390858333335,0.6241376147500001,0.040958483625
2023-11-20,8.28,8.286,8.332,8.27,12598889.0,0.3053969542185465,0.43750133816666664,0.5219007856666668,0.040597841333333336
2023-11-21,8.26,8.296,8.336,8.23,10608500.0,0.3177790443102519,0.7011613997999999,0.2723315595,0.02650703665
2023-11-22,8.3,8.372,8.386,8.298,11227942.0,0.2056550979614257,0.31048601350000005,0.52209433825,0.167419651
2023-11-23,8.33,8.444,8.49,8.324,11355305.0,0.0,0.31047691,0.465779561,0.2237435375
2023-11-24,8.44,8.39,8.514,8.39,11540843.0,0.6315847039222717,0.28805498271428576,0.5114488962857143,0.200496129
2023-11-27,8.388,8.4,8.426,8.368,11195857.0,-0.0151950546673366,0.0841003002,0.8746208599999999,0.041278827080000004
2023-11-28,8.404,8.586,8.586,8.388,12271300.0,0.4014457331763373,0.5407386245454545,0.4249614662727273,0.03429991036363636
2023-11-29,8.58,8.696,8.708,8.578,11601527.0,0.8237743491754191,0.30561404200000003,0.6008586499999999,0.09352734260000001
2023-11-30,8.704,8.506,8.726,8.48,21746570.0,0.9941122622443596,0.3332789923333333,0.6182012849999999,0.04851973366666667
2023-12-01,8.572,8.556,8.61,8.534,8045948.0,0.9377679228782654,0.4916107015833333,0.44607068275,0.06231863908333333
2023-12-04,8.618,8.66,8.688,8.554,6390576.0,0.4500827491283417,0.3287656852,0.5723323979,0.098901938
2023-12-05,8.656,8.628,8.718,8.576,8085917.0,-0.970094621181488,0.3636135696666667,0.5907674563333333,0.045618967333333336
2023-12-06,8.66,8.608,8.68,8.594,7035846.0,0.0,0.08341822060000001,0.880550502,0.036031263800000005
2023-12-07,8.58,8.458,8.632,8.356,10036983.0,-0.9202309846878052,0.23600876340000002,0.5311154593999999,0.23287576780000002
2023-12-08,8.476,8.506,8.524,8.406,7301699.0,0.0,0.19753160942857143,0.29253639464285713,0.5099320018571428
2023-12-11,8.51,8.492,8.55,8.476,9724846.0,0.6902444243431092,0.36024714175,0.61090513875,0.028847713375
2023-12-12,8.5,8.42,8.518,8.384,8908199.0,-0.9744548201560974,0.196787089,0.413935255,0.38927765719999996
2023-12-13,8.402,8.426,8.46,8.324,8409884.0,0.2885686159133911,0.0838363976,0.896086782,0.02007684848
2023-12-14,8.49,8.372,8.508,8.294,14778259.0,0.0,0.3587367335,0.1508038985,0.4904593725
2023-12-15,8.394,8.284,8.418,8.232,24884139.0,-0.3779360689222812,0.073995797,0.4111606333333333,0.5148435607777777
2023-12-18,8.266,8.25,8.308,8.228,8439342.0,0.3031428654988606,0.07775434628571429,0.5382127752857143,0.3840329057142857
2023-12-19,8.226,8.262,8.288,8.17,8358575.0,0.8320182726600853,0.35422257166666665,0.33173213933333334,0.31404528400000004
2023-12-20,8.29,8.17,8.29,8.128,10727570.0,0.9961570603692156,0.17141837525,0.56409390425,0.26448771249999997
2023-12-21,8.168,8.232,8.242,8.158,4612825.0,0.8975024223327637,0.0376313926,0.5621486233999999,0.40021995180000003
2023-12-22,8.234,8.238,8.278,8.186,5855020.0,0.6134165326754252,0.3273588695,0.4611833564166667,0.211457782
2023-12-27,8.25,8.242,8.284,8.202,5985913.0,0.5061292424388583,0.5842923134,0.39549786600000003,0.0202098098
2023-12-28,8.248,8.192,8.258,8.162,4264480.0,0.5745620897289693,0.24701459325,0.22779898075,0.5251864125
2023-12-29,8.194,8.226,8.266,8.182,4492141.0,0.4500144521395365,0.044414226,0.92974085,0.025844919
2024-01-02,8.28,8.426,8.482,8.272,8208454.0,0.2358042597770691,0.616098547,0.04874603633333333,0.3351553683333333
2024-01-03,8.46,8.32,8.5,8.3,7949923.0,0.6320816278457642,0.04263341,0.9292039649999999,0.028162662499999998
2024-01-04,8.348,8.46,8.472,8.336,6040776.0,0.3160408139228821,0.9584205,0.021538507,0.020040961
2024-01-05,8.44,8.514,8.554,8.37,7361240.0,0.3983507454395294,0.2340386106,0.7272536794,0.038707691
2024-01-08,8.5,8.602,8.628,8.446,6901166.0,0.6327304045359293,0.41937739175,0.322110283,0.25851231325
2024-01-09,8.528,8.414,8.53,8.316,11057043.0,0.3163652022679646,0.5701876674,0.3875902148,0.0422220796
2024-01-10,8.404,8.402,8.436,8.348,7736169.0,0.0,0.019214923999999998,0.335241274,0.6455438093333333
2024-01-11,8.454,8.28,8.506,8.28,6184372.0,-0.7729151964187622,0.27013547555555556,0.15114920044444446,0.5787153486666666
2024-01-12,8.314,8.288,8.386,8.268,5656200.0,-0.6959001677376884,0.0600826751,0.20235261899999996,0.7375647018
2024-01-15,8.338,8.252,8.376,8.216,4904142.0,0.0,0.5079120852,0.47394450480000005,0.0181434019
2024-01-16,8.2,8.142,8.202,8.086,8540646.0,-0.7539843916893005,0.3127371301153846,0.1645266049230769,0.5227362533846154
2024-01-17,8.05,8.094,8.112,7.994,9189726.0,-0.9731451471646628,0.2747920145,0.374634425,0.350573572
2024-01-18,8.1,8.084,8.156,8.038,8035191.0,-0.2436398565769195,0.0151107615,0.0372954595,0.9475937925
2024-01-19,8.14,7.996,8.14,7.974,7688869.0,0.0,0.1972113313888889,0.24377782911111112,0.5590108456666667
2024-01-22,8.094,8.172,8.172,8.046,8136043.0,0.2540680255208696,0.0315168015,0.895960525,0.07252270450000001
2024-01-23,8.184,8.134,8.198,8.064,7526002.0,0.4560801386833191,0.8691351466666667,0.11140789899999999,0.019456899
2024-01-24,8.142,8.226,8.226,8.106,5783214.0,0.9446411728858948,0.5177733798,0.22770456239999998,0.254522045
2024-01-25,8.186,8.09,8.188,8.01,7480872.0,0.0094571113586425,0.9556312,0.02171516,0.02265367
2024-01-26,8.112,8.092,8.128,8.052,6219054.0,0.0,0.3398444586666667,0.32348899799999997,0.33666652666666663
2024-01-29,8.106,8.114,8.154,7.998,7393341.0,0.6085245211919149,0.427139724,0.285659506375,0.28720075899999997
2024-01-30,8.182,8.614,8.636,8.086,17780218.0,1.0370966965551969,0.5269964959130435,0.4327834808260869,0.040220017652173916
2024-01-31,8.67,8.676,8.74,8.608,15850659.0,0.9454135298728944,0.39799058053846154,0.4230835518461538,0.17892587846153846
2024-02-01,8.65,8.674,8.848,8.622,11274614.0,0.2815468988635323,0.250229124,0.5693727491428572,0.18039813614285713
2024-02-02,8.784,8.962,8.988,8.714,13327203.0,0.0,0.046890115499999996,0.9332557749999999,0.019854146
2024-02-05,8.99,8.934,9.03,8.904,13382162.0,-0.2598907272020975,0.0,1.269115253502762,0.0
2024-02-06,8.99,9.104,9.158,8.98,13432145.0,,0.0,1.5349770016592414,0.0
2024-02-07,9.04,8.986,9.046,8.848,12626042.0,,0.0,1.730841019469437,0.0
2024-02-08,9.05,9.116,9.154,9.018,9218106.0,,0.0,1.856707306933349,0.0
2024-02-09,9.098,9.152,9.162,9.074,13668199.0,,0.0,1.912575864050978,0.0
2024-02-12,9.17,9.25,9.254,9.156,8353632.0,,0.0,1.8984466908223236,0.0
2024-02-13,9.29,9.274,9.306,9.202,8997596.0,,0.0,1.8143197872473857,0.0
2024-02-14,9.274,9.186,9.36,9.18,8928692.0,,0.0,1.6601951533261645,0.0
2024-02-15,9.202,9.042,9.202,8.96,8925782.0,,0.0,1.483588335316626,0.0
2024-02-16,9.1,9.016,9.122,8.954,8347544.0,,0.0,1.3320148794767352,0.0
2024-02-19,9.0,9.026,9.062,8.948,5832363.0,,0.0,1.2054747858064925,0.0
2024-02-20,9.02,9.098,9.11,8.954,7389607.0,,0.009007438767364574,1.1039680543058978,0.0
2024-02-21,9.13,9.294,9.296,9.11,10014656.0,,0.04150747536403956,1.0274946849749513,0.0
2024-02-22,9.324,9.332,9.406,9.274,8880989.0,,0.05613977110170376,0.9760546778136527,0.0
2024-02-23,9.344,9.43,9.43,9.312,8376497.0,,0.05290432598035727,0.9496480328220024,0.0
2024-02-26,9.41,9.456,9.49,9.408,5680949.0,0.0,0.03180114,0.9482747499999999,0.01992412
2024-02-27,9.432,9.37,9.518,9.32,7877639.0,,0.0,0.9719348293476455,0.03523495134306847
2024-02-28,9.342,9.32,9.442,9.254,9825046.0,0.0,0.029727189,0.9475047,0.022768099
2024-02-29,9.294,9.186,9.348,9.146,28843663.0,0.0,0.18259756375,0.8055619725000001,0.011840462125
2024-03-01,9.198,9.362,9.422,9.174,8297798.0,0.0629342496395111,0.20553900391666668,0.6055873945416667,0.18887360425
2024-03-04,9.358,9.414,9.454,9.35,7263255.0,0.4063236266374588,0.429377953,0.5312157275,0.03940634625
2024-03-05,9.416,9.488,9.498,9.394,7459209.0,0.4257457057634989,0.5170852524545455,0.4128668188181818,0.07004792972727272
2024-03-06,9.47,9.662,9.72,9.466,12680453.0,0.3824891507625579,0.46506372777777777,0.5072915477777777,0.02764472633333333
2024-03-07,9.638,9.848,9.868,9.638,13611948.0,0.2990616957346598,0.3385128101666666,0.6155240171666666,0.045963205916666666
2024-03-08,9.872,9.898,10.04,9.862,11936952.0,0.4168738391664293,0.4723482955555556,0.4752220643333333,0.05242962911111111
2024-03-11,9.86,9.936,9.974,9.83,11517140.0,0.1794661045074463,0.2159753814,0.7482894200000001,0.035735185200000005
2024-03-12,9.952,10.195,10.22,9.952,14800925.0,,0.3480759928554693,0.6503652292860851,0.0015587745595092573
2024-03-13,10.175,10.27,10.355,10.17,14889385.0,0.4591569900512695,0.47490458025,0.4915815355,0.03351388825
2024-03-14,10.275,10.19,10.32,10.175,11590222.0,-0.0253420770168304,0.19585424925,0.6561859795,0.147959775
2024-03-15,10.18,10.415,10.515,10.165,40848937.0,0.1598275750875473,0.2653745624583333,0.7084892079166667,0.026136231666666666
2024-03-18,10.42,10.385,10.55,10.385,12848444.0,0.1366131901741027,0.199174536,0.758115065,0.04271038766666666
2024-03-19,10.385,10.505,10.535,10.385,10826867.0,0.5373544607843671,0.5547268218571428,0.3982641827142857,0.04700899257142858
2024-03-20,10.515,10.525,10.535,10.42,9734365.0,0.3115690151850382,0.33494624600000006,0.6200500908333333,0.04500365816666666
2024-03-21,10.62,10.8,10.87,10.62,13682689.0,0.5187058091163635,0.46236561075,0.45405864425,0.083575711
2024-03-22,10.8,10.9,10.945,10.78,11458502.0,-0.0143880711661444,0.2350919913333333,0.5092827472222221,0.25562527322222217
2024-03-25,10.81,10.855,10.99,10.81,8338177.0,-0.0596025228500366,0.11313047057142857,0.6045523961428572,0.282317141
2024-03-27,10.82,10.905,10.98,10.81,9975774.0,0.2579914554953575,0.2834427127142857,0.6733814096428572,0.04317587817857143
2024-03-28,10.905,11.04,11.14,10.885,15040264.0,0.2316867573694749,0.44666861788888895,0.45222183222222223,0.10110953744444445
2024-04-02,11.05,10.97,11.09,10.91,9892284.0,-0.3369394663502188,0.23818112609090908,0.4287176996363637,0.3331011476363636
2024-04-03,11.015,11.05,11.13,11.01,11011723.0,0.5220575886113303,0.3768750942857143,0.47221390571428573,0.15091099114285714
2024-04-04,11.1,11.235,11.275,11.085,11532378.0,0.6285141935715308,0.4436460036666667,0.5248418983333333,0.0315120955
2024-04-05,11.135,11.005,11.14,10.905,15514994.0,0.3689382672309875,0.23550743870000002,0.5308905725499999,0.23360199394999998
2024-04-08,10.62,10.65,10.72,10.57,10003122.0,0.0277238488197326,0.38222948225,0.518135877,0.099634659125
2024-04-09,10.65,10.48,10.67,10.48,9199477.0,-0.1948150157928466,0.031056309000000004,0.6698664679999999,0.299077246
2024-04-10,10.48,10.425,10.495,10.26,11371088.0,-0.1082909703254699,0.049654788625,0.79779414175,0.1525510815
2024-04-11,10.3,10.12,10.395,9.986,14907351.0,-0.1904315948486327,0.0681743025,0.66061720175,0.2712085145
2024-04-12,10.055,10.05,10.135,9.924,12236624.0,0.0,0.05589473233333333,0.8835857416666667,0.0605195395
2024-04-15,9.94,10.17,10.25,9.91,9349376.0,0.0,0.06080534833333332,0.8874224000000001,0.051772266000000004
2024-04-16,10.035,9.962,10.12,9.906,10637589.0,-0.0298940870496961,0.319623407,0.38858659075,0.29178998675
2024-04-17,9.966,10.22,10.295,9.96,8579535.0,0.0582165002822876,0.15206358633333333,0.8097621277777778,0.038174278888888885
2024-04-18,10.29,10.42,10.42,10.27,9499130.0,-0.1936752796173096,0.027005966,0.6915262692499999,0.28146774825
2024-04-19,10.165,10.205,10.27,10.135,15162715.0,-0.0035226236690174,0.2073985434,0.5647257678,0.2278756864
2024-04-22,10.295,10.43,10.435,10.195,6364161.0,0.0662301108241081,0.22913918657142857,0.5927025652857143,0.17815827342857143
2024-04-23,10.48,10.66,10.66,10.46,8670984.0,0.0916073024272918,0.146263395,0.8072721157142857,0.04646449428571429
2024-04-24,10.68,10.55,10.71,10.46,6263101.0,-0.1207646057009697,0.03726512428571428,0.7903505317142857,0.1723843497142857
2024-04-25,10.585,10.505,10.67,10.405,9156861.0,0.1132516264915466,0.108774104,0.7835925933333333,0.10763329866666667
2024-04-26,10.545,10.985,11.0,10.53,13567623.0,0.111799631267786,0.27131068757142857,0.6436254187142857,0.08506389121428572
2024-04-29,11.0,10.9,11.25,10.63,17692046.0,0.4761198884562442,0.495283131125,0.45157212303125,0.05314473175
2024-04-30,10.92,10.175,10.975,10.06,28086098.0,-0.0270934956414358,0.3042331119,0.47306479405263163,0.22270209542105263
2024-05-02,10.0,9.784,10.08,9.77,27355493.0,-0.0459194580713907,0.2961309961230769,0.48068435607692306,0.2231846399230769
2024-05-03,9.88,9.85,9.964,9.728,16788025.0,-0.1733278855681419,0.1192439163,0.6592983084,0.2214577723
2024-05-06,9.856,9.84,9.89,9.728,11362124.0,-0.2007269749515935,0.15260993553125,0.4828040085625,0.36458605899999996
2024-05-07,10.0,10.195,10.195,9.91,16676873.0,-0.051898431777954,0.2961019973846154,0.40917874230769236,0.2947192689230769
2024-05-08,10.395,10.29,10.425,10.225,12874931.0,0.2065879437658521,0.261536848,0.665442447125,0.07302072262499999
2024-05-09,9.848,9.6,9.848,9.6,25561390.0,-0.2100631503426298,0.151847275,0.49080139842553194,0.3573513179468085
2024-05-10,9.638,9.71,9.818,9.62,12163863.0,0.0237521156668663,0.23579047954545454,0.5890573206363636,0.17515218481818182
2024-05-13,9.724,9.724,9.746,9.65,7228969.0,-0.0981809198856353,0.43198724327777777,0.32712592388888884,0.24088682744444442
2024-05-14,9.698,9.9,9.932,9.68,9738532.0,-0.2812419625429007,0.14824087013636364,0.3893401748181818,0.46241895845454545
2024-05-15,9.94,10.2,10.235,9.88,12532194.0,0.0857555053450844,0.22003496709999998,0.6518943167000001,0.1280707308
2024-05-16,10.2,9.974,10.235,9.962,9468774.0,-0.1865725482211393,0.18338751236428572,0.5198402514285715,0.2967722318571429
2024-05-17,9.9,10.02,10.06,9.88,11830528.0,0.1930536693996853,0.353640862625,0.480187584625,0.166171575375
2024-05-20,9.974,9.932,10.025,9.912,7297753.0,-0.19442298412323,0.035059589,0.682867224,0.282073176875
2024-05-21,9.914,9.986,10.02,9.894,7016925.0,0.1296344589103352,0.18729346090000001,0.777072204,0.0356343342
2024-05-22,10.005,10.01,10.085,9.986,6738296.0,0.1286821791103908,0.18008594766666666,0.7740751788333333,0.04583893316666667
2024-05-23,10.025,10.035,10.16,9.994,5911659.0,-0.1620397667090098,0.0564946296,0.7190310512,0.224474346
2024-05-24,9.95,9.964,10.0,9.906,6650940.0,0.015598843495051,0.21311940518181818,0.5744432441818182,0.2124373565
2024-05-27,9.984,9.98,10.05,9.94,4351366.0,0.3066805998484293,0.3575920986666667,0.597782558,0.04462531933333334
2024-05-28,9.97,9.936,10.05,9.86,6455993.0,-0.1746855139732361,0.16053168277777777,0.49043469944444446,0.34903364988888885
2024-05-29,9.92,9.766,9.95,9.74,11273613.0,-0.0374860508101327,0.13868706758333332,0.5928071663333333,0.26850578208333337
2024-05-30,9.74,9.97,9.986,9.74,14559278.0,0.1581090092658996,0.3374446358,0.6271914742,0.035363881
2024-05-31,9.97,9.94,9.998,9.904,33396883.0,0.2823719932482793,0.4055595510416667,0.4779104623333333,0.11652998358333334
2024-06-03,10.01,9.768,10.11,9.75,10581714.0,0.4585284900665283,0.40059589364285714,0.39986625414285715,0.1995378467857143
2024-06-04,9.754,9.456,9.764,9.29,20348885.0,-0.0639924097061157,0.2613250427428571,0.490626249,0.24804870642857144
2024-06-05,9.504,9.55,9.56,9.416,7918204.0,0.1296202739079793,0.2378621817142857,0.6709641937142857,0.0911736325
2024-06-06,9.572,9.798,9.798,9.502,8983753.0,0.4656358549469395,0.3133827256,0.5565961143333333,0.1300211622222222
2024-06-07,9.73,9.894,9.934,9.7,10298692.0,0.3723758321542006,0.32195712,0.529483558875,0.14855933665624999
2024-06-10,9.888,9.76,9.888,9.724,9060413.0,0.0600829184055328,0.3018172516666666,0.4574132928888889,0.2407694297777778
2024-06-11,9.802,9.588,9.802,9.528,8024257.0,-0.0547933518886566,0.07473589245,0.5258616841428572,0.3994024335
2024-06-12,9.51,9.344,9.56,9.308,13218549.0,-0.23569256067276,0.14975866040000002,0.4281988148,0.42204253610000003
2024-06-13,9.288,9.116,9.352,9.076,10716276.0,-0.1119925826787948,0.26591208665,0.2106148094,0.523473131
2024-06-14,9.05,9.02,9.1,8.79,21518269.0,0.0719380279382069,0.2978845320909091,0.4882765059090909,0.21383894990909091
2024-06-17,9.09,9.074,9.174,8.958,7219762.0,0.3071727156639099,0.3652422501428571,0.5955830557142857,0.03917469357142857
2024-06-18,9.2,9.222,9.236,9.094,10370241.0,0.2042008241017659,0.385896628875,0.433002983,0.181100384375
2024-06-19,9.222,9.25,9.332,9.176,7398367.0,0.4830597128186907,0.5985772778571429,0.3835184111428571,0.0179043207
2024-06-20,9.284,9.35,9.35,9.222,6260976.0,0.4685717731714248,0.3691808952,0.4641198364,0.1666992452
2024-06-21,9.378,9.19,9.378,9.068,25301454.0,0.0842391481766333,0.40215528304166664,0.29573093066666667,0.30211377534166667
2024-06-24,9.18,9.392,9.42,9.178,7030387.0,0.6593438744544984,0.6352271513333333,0.32430821283333333,0.04046463283333333
2024-06-25,9.448,9.28,9.48,9.224,7069842.0,0.0897280488695417,0.2961780621666667,0.5151230784999999,0.18869883716666666
2024-06-26,9.29,9.2,9.36,9.108,8269493.0,-0.1728750785191853,0.10675382901428572,0.4183543614285714,0.47489180285714283
2024-06-27,9.216,9.24,9.284,9.15,6070021.0,0.0430456399917602,0.420605844,0.3379992025,0.24139492316666666
2024-06-28,9.32,9.352,9.364,9.22,8217594.0,0.3029939713685409,0.4451654112857143,0.37886554242857146,0.1759690583214286
2024-07-01,9.528,9.5,9.624,9.434,7020253.0,0.4336909003879713,0.3584561395454546,0.5136018252727272,0.12794202363636364
2024-07-02,9.45,9.4,9.452,9.266,7013100.0,0.3132685563143562,0.22050475555555557,0.5223102245555555,0.25718500266666666
2024-07-03,9.476,9.594,9.61,9.42,6969109.0,0.151791234811147,0.3902873368,0.3787513452,0.2309613004
2024-07-04,9.646,9.606,9.682,9.572,4806696.0,0.9432698488235474,0.943269835,0.0283814475,0.028348698
2024-07-05,9.646,9.614,9.674,9.492,6295733.0,0.3159656253728,0.458217679,0.4185251708,0.1232571535
2024-07-08,9.59,9.574,9.716,9.55,7463179.0,0.3673051953315735,0.4068917791428572,0.28541982535714283,0.3076883827142857
2024-07-09,9.55,9.5,9.55,9.408,6221720.0,-0.138773935181754,0.0295228594,0.7253378772,0.2451392802
2024-07-10,9.52,9.662,9.662,9.458,6502592.0,0.3132076462109883,0.4051699438,0.5535491354,0.0412809318
2024-07-11,9.71,9.71,9.74,9.622,4728042.0,0.2090363966094123,0.288924265375,0.6449488773750001,0.06612687
2024-07-12,9.708,9.786,9.806,9.704,5605968.0,0.2058623433113098,0.3784398640625,0.453532391125,0.16802774512500002
2024-07-15,9.752,9.814,9.85,9.684,4608500.0,0.6656145708901542,0.6230471953333333,0.3145677353333333,0.062385051
2024-07-16,9.78,9.68,9.78,9.62,5588386.0,-0.1239277496933937,0.17010775557142857,0.5110685198571429,0.31882371621428574
2024-07-17,9.704,9.818,9.852,9.654,6592990.0,-0.0254715204238891,0.3094740893333333,0.3455127648888889,0.3450131412222222
2024-07-18,9.894,9.948,10.005,9.83,7215848.0,-0.2790634206363133,0.17054600833333333,0.320095669,0.509358306
2024-07-19,9.894,9.88,9.932,9.824,11022132.0,-0.1099325948291354,0.169662501625,0.544897083625,0.28544041775
2024-07-22,9.94,10.085,10.09,9.902,6944409.0,0.610472751988305,0.5921922546,0.3321518424,0.0756559002
2024-07-23,10.1,10.195,10.24,10.02,6511009.0,0.6320419265673711,0.6643352627096775,0.2741105242903226,0.06155420483870968
2024-07-24,10.215,10.1,10.22,10.035,7244054.0,0.4890685180823008,0.3568161431,0.6217883280000001,0.021395511750000002
2024-07-25,10.0,10.025,10.04,9.818,6269505.0,-0.0794752597808838,0.12425579414285715,0.6022109461428571,0.27353326614285717
2024-07-26,9.99,10.035,10.045,9.928,5715977.0,0.3977924717797173,0.3583013175909091,0.43276812454545455,0.20893055431818183
2024-07-29,10.1,10.03,10.175,9.954,5079093.0,0.6690712746451882,0.5486251294285714,0.421704189,0.029670679000000002
2024-07-30,10.015,10.175,10.225,10.005,6128615.0,0.1352175644465855,0.18007776828571428,0.7868453911428571,0.03307680714285714
2024-07-31,9.958,9.704,10.05,9.668,20946352.0,0.303661412852151,0.37014917482857146,0.5667560464571428,0.06309476794285715
2024-08-01,9.512,9.21,9.642,9.168,14642184.0,0.0254426827797522,0.3085089288181818,0.36487226204545453,0.32661882395454545
2024-08-02,9.122,8.874,9.218,8.844,16413599.0,0.1568675224597638,0.3602169706666667,0.46931749958333335,0.17046553583333335
2024-08-05,8.554,8.694,8.752,8.464,14703325.0,-0.4235163969652993,0.14114729666666664,0.33123286411111114,0.5276198392222222
2024-08-06,8.802,8.62,8.826,8.518,10728486.0,-0.0677147763116019,0.10508316016666668,0.6235339678333333,0.27138288233333335
2024-08-07,8.748,8.86,8.95,8.67,10753146.0,0.0352529549237453,0.402368246796875,0.23195852284375,0.365673231125
2024-08-08,8.784,8.816,8.886,8.648,5662344.0,-0.2076534604032834,0.2995267671451613,0.2370860675483871,0.4633871570483871
2024-08-09,8.9,8.898,9.004,8.82,5000047.0,0.4626128574212392,0.5224842144545455,0.4276870432727273,0.049828745636363636
2024-08-12,8.938,8.924,8.982,8.848,4594558.0,0.6296257873376211,0.575595659,0.285243606875,0.139160720625
2024-08-13,8.97,8.97,8.986,8.88,3917699.0,0.1917265951633453,0.40145157877777776,0.4158914027777778,0.1826570233333333
2024-08-14,9.004,8.958,9.016,8.922,2907062.0,0.440897666490995,0.2911824413333333,0.5443205050000001,0.16449704899999998
2024-08-15,9.0,9.182,9.192,8.93,5821920.0,0.2665451850209917,0.3832677425,0.5708193003333334,0.0459129395
2024-08-16,9.164,9.232,9.254,9.154,4092609.0,0.4624480903148651,0.5388840819999999,0.3995921017142857,0.061523811428571426
2024-08-19,9.256,9.4,9.456,9.254,5120992.0,0.7217354244656033,0.6340577606666667,0.32230809083333334,0.04363414933333334
2024-08-20,9.43,9.336,9.448,9.284,4488541.0,0.0,0.0436160325,0.8890804649999999,0.067303509
2024-08-21,9.296,9.36,9.442,9.27,3564398.0,0.2070865869522094,0.2916784605,0.58004656425,0.128274964375
2024-08-22,9.336,9.348,9.42,9.306,5536564.0,0.0,0.04194443925,0.9148817575,0.043173811
2024-08-23,9.392,9.44,9.468,9.356,5292549.0,0.3867156604925791,0.44985070254545456,0.5017334278181819,0.04841589536363636
2024-08-26,9.434,9.416,9.47,9.356,3335440.0,-0.1079792579015096,0.048327250599999996,0.7184358095000001,0.233236905
2024-08-27,9.412,9.466,9.498,9.396,5199341.0,0.3929735488361782,0.456061960625,0.494305413125,0.049632630375
2024-08-28,9.496,9.468,9.504,9.318,4845867.0,0.312992963525984,0.37187394287500003,0.557581246,0.070544786875
2024-08-29,9.468,9.512,9.552,9.452,4197306.0,0.1750050067901611,0.2445570165,0.69559066,0.059852326
2024-08-30,9.52,9.59,9.592,9.52,10433959.0,0.3083274496926201,0.478908838375,0.34987412525,0.17121700175
2024-09-02,9.6,9.552,9.654,9.5,4465178.0,-0.9731798470020294,0.0124993375,0.014320804,0.973179845
2024-09-03,9.532,9.276,9.572,9.268,7507015.0,0.4469171994262271,0.45089723724999997,0.44646001900000004,0.10264272383333334
2024-09-04,9.086,9.046,9.16,9.002,8135116.0,-0.2519941074507577,0.03549980916666667,0.6403879438333333,0.32411223566666664
2024-09-05,9.0,9.106,9.234,8.952,5211506.0,0.3554986715316772,0.47801880483333337,0.48205023083333337,0.03993094416666667
2024-09-06,9.028,8.912,9.15,8.912,7819217.0,-0.0203500390052795,0.18902384118181817,0.5951304151818182,0.2158457416818182
2024-09-09,8.962,9.034,9.1,8.962,4866799.0,-0.1023971855640411,0.27592128183333336,0.610911929,0.11316680200000001
2024-09-10,9.016,8.922,9.134,8.902,5255327.0,-0.1213813424110412,0.04636900971428572,0.775899899,0.177731088
2024-09-11,8.956,8.894,9.048,8.796,6074975.0,0.0537443757057189,0.18581549218181817,0.6948513918181818,0.11933311099999999
2024-09-12,9.006,9.068,9.116,8.956,7354951.0,0.4801894317973744,0.5426812380999999,0.41936234930000005,0.0379564234
2024-09-13,9.058,9.252,9.254,9.02,7804911.0,0.6610183517138163,0.7134293442142857,0.23825801135714286,0.04831264889285714
2024-09-16,9.23,9.322,9.38,9.218,4616785.0,0.3943767202527899,0.4937647203333333,0.30970153846666665,0.1965337358
2024-09-17,9.354,9.41,9.49,9.352,6887642.0,0.3644326329231262,0.4268268684545454,0.5358202133636364,0.03735289563636363
2024-09-18,9.426,9.462,9.5,9.42,6964570.0,0.2404772639274597,0.4236479025714286,0.418058658,0.15829345221428567
2024-09-19,9.578,9.772,9.772,9.5,10954394.0,0.6298370228873359,0.601285183,0.370103172,0.028611662375
2024-09-20,9.77,9.74,9.872,9.72,18506465.0,0.6475818231701851,0.6582565352857143,0.3122244792857143,0.029518962000000003
2024-09-23,9.71,9.74,9.802,9.552,5301874.0,0.943486511707306,0.94308789,0.030309659333333332,0.026602451666666665
2024-09-24,9.804,9.724,9.878,9.648,5198140.0,-0.3546412714890071,0.29237163180000003,0.2994043252,0.40822403859999995
2024-09-25,9.65,9.664,9.788,9.596,5059934.0,-0.4110376834869385,0.25179561637500003,0.321192782,0.4270115945625
2024-09-26,9.778,9.954,9.97,9.772,7926635.0,-0.0982711872746867,0.37611662881818186,0.3349811204090909,0.28890224595454544
2024-09-27,9.91,9.936,9.976,9.834,7298445.0,0.1603245470258924,0.5056165181538461,0.208749452,0.28563402492307693
2024-09-30,9.872,9.708,9.958,9.708,14106664.0,0.2094326838850974,0.3499647962,0.10428356059999999,0.5457516588
2024-10-01,9.754,9.3,9.754,9.23,14237875.0,0.100639126918934,0.27515021716666666,0.5219921541111111,0.2028576205
2024-10-02,9.31,9.254,9.388,9.19,9444215.0,0.4070875197649002,0.38936163309375,0.4782136875625,0.1324246938125
2024-10-03,9.228,9.334,9.418,9.164,7977246.0,0.2066610392771269,0.46827465955555553,0.16223824555555558,0.3694871042222222
2024-10-04,9.354,9.552,9.668,9.342,11021609.0,0.3304961191283332,0.4482772293125,0.294798901625,0.2569238690625
2024-10-07,9.652,9.652,9.76,9.554,12025152.0,0.3364993560881841,0.60869535425,0.20056500041666667,0.19073965241666668
2024-10-08,9.362,9.312,9.364,9.216,8784650.0,0.3993778535813996,0.3847018215833333,0.5026019414166667,0.11269622895833332
2024-10-09,9.29,9.272,9.302,9.166,5315824.0,0.3159892088488528,0.4690184792,0.2961456298,0.2348358699
2024-10-10,9.274,9.23,9.316,9.136,8601966.0,0.2312856912612914,0.4567213918285714,0.24807235971428573,0.29520625
2024-10-11,9.216,9.288,9.316,9.204,6416918.0,-0.1109977527098222,0.3250625317777778,0.42711935666666667,0.24781811626666667
2024-10-14,9.28,9.4,9.404,9.268,5274061.0,-0.0475923653159822,0.4809765805625,0.19147479433333334,0.32754861445833333
2024-10-15,9.422,9.442,9.47,9.306,8022436.0,0.2070128656923771,0.358752736875,0.4809031930625,0.1603440644375
2024-10-16,9.39,9.288,9.428,9.24,7072109.0,-0.3591488255904271,0.2062321985,0.36443727018181815,0.4293305343636364
2024-10-17,9.314,9.1,9.37,9.088,11196712.0,-0.4471144318580627,0.209658034625,0.23495801200000002,0.555383955875
2024-10-18,9.1,9.29,9.364,9.07,11935537.0,-0.2878940213810314,0.45492058083333337,0.33398846266666665,0.2110909515
2024-10-21,9.182,9.074,9.23,9.04,6092717.0,-0.4557639360427856,0.3461000693333333,0.09948713491666666,0.5544127844166666
2024-10-22,9.082,9.142,9.172,8.974,7478624.0,-0.0988819283597609,0.2220562735625,0.5229214268125,0.255022294875
2024-10-23,9.12,9.156,9.178,9.072,7281476.0,-0.0821651688643864,0.36588532363636367,0.42121361736363633,0.21290104045454547
2024-10-24,9.132,9.03,9.194,9.03,4867870.0,-0.0729602098464966,0.3555336902222222,0.3452201391111111,0.29924616711111107
2024-10-25,9.046,9.042,9.134,9.006,5134226.0,-0.2653970539569855,0.400909729875,0.077899972875,0.521190283375
2024-10-28,9.104,9.058,9.146,8.912,6669488.0,-0.0905699580907821,0.48381123415384614,0.1389567026923077,0.37723204530769233
2024-10-29,9.12,9.018,9.13,8.99,7334401.0,-0.0148454443974928,0.2513971231904762,0.5318008209047619,0.2168020436190476
2024-10-30,8.96,9.094,9.1,8.922,8083827.0,-0.204805568854014,0.2549402720833333,0.49910440258333333,0.24595530708333335
2024-10-31,8.9,9.15,9.214,8.82,13410798.0,0.2434069039300084,0.4028672616190476,0.44715500136507935,0.14997774182539683
2024-11-01,9.152,9.416,9.416,9.11,10204514.0,-0.1233694970607757,0.40334279449411764,0.19668364629411766,0.39997356394117645
2024-11-04,9.41,9.552,9.612,9.39,11284720.0,0.4047775596380233,0.6180509460555556,0.1800534541111111,0.20189557963888888
2024-11-05,9.552,9.606,9.624,9.506,7141848.0,0.3599064187570052,0.37486913295238095,0.5401049531904762,0.08502592042857142
2024-11-06,9.364,8.97,9.44,8.894,25264356.0,0.5424720644950867,0.496360925625,0.448906456375,0.0547326039375
2024-11-07,9.17,9.342,9.4,9.098,19182072.0,0.44878511428833,0.4370725882222222,0.4767457296666666,0.08618168822222222
2024-11-08,9.24,9.102,9.298,9.05,8690907.0,0.2518452543478746,0.4096300578454546,0.27126315900000003,0.3191067783636364
2024-11-11,9.18,9.124,9.246,9.122,7871712.0,0.197837974343981,0.5397530782857143,0.16322520257142856,0.29702170085714286
2024-11-12,9.01,8.914,9.164,8.914,8674804.0,0.1272816886504491,0.2914594626153846,0.4948218275,0.21371871851923074
2024-11-13,8.9,8.878,8.986,8.768,8250801.0,0.0478290915489197,0.3160964414615384,0.4021864881538461,0.28171706830769233
2024-11-14,8.92,9.086,9.11,8.888,7403073.0,-0.2002506767000471,0.2803431748333333,0.31192245641666666,0.4077343500833333
2024-11-15,9.02,9.376,9.392,9.016,17643662.0,0.1718111359156095,0.3927146043636363,0.3881985097272727,0.21908688990909092
2024-11-18,9.324,9.428,9.43,9.288,6524257.0,0.3260868958064488,0.5904505776923077,0.1554953529230769,0.25405407553846154
2024-11-19,9.434,9.328,9.442,9.122,8120903.0,0.0998954858098711,0.31551482866666664,0.521220024,0.16326514027777778
2024-11-20,9.4,9.23,9.464,9.188,7376023.0,-0.4377457604688756,0.20280787136666667,0.2645628846,0.5326292301333333
2024-11-21,9.24,9.254,9.272,9.114,5514638.0,-0.3318699072389042,0.29387908921428574,0.2863756844285715,0.4197452388571429
2024-11-22,9.274,9.17,9.336,8.942,10455003.0,-0.6177312640043405,0.21970730268181818,0.04995689145454545,0.7303358208181817
2024-11-25,9.276,9.252,9.32,9.166,19541848.0,0.3090632384022077,0.6097999431818182,0.10219394781818182,0.2880061107272727
2024-11-26,9.064,8.946,9.102,8.926,11502101.0,-0.1140364777474176,0.15647280985,0.611988678,0.2315385236
2024-11-27,8.92,8.794,8.934,8.724,9075280.0,0.2723393477499485,0.410026492,0.39003759650000003,0.199935931125
2024-11-28,8.93,8.87,8.96,8.862,4881553.0,-0.4858817756175995,0.060505271,0.6067497273333333,0.3327450066666667
2024-11-29,8.81,8.936,8.958,8.7,6919031.0,-0.0334397141750042,0.32288692425000004,0.3974335615,0.2796795346666667
2024-12-02,8.85,8.976,8.984,8.83,6549448.0,-0.4521999742303575,0.34005664946153846,0.021614078730769228,0.6383292703076923
2024-12-03,9.0,9.15,9.176,8.99,8218564.0,-0.2150623883519853,0.2196522925,0.5099980095555555,0.27034970683333337
2024-12-04,9.17,9.242,9.262,9.162,6731578.0,-0.0504644342831202,0.5431868528,0.215891747,0.24092137500000002
2024-12-05,9.236,9.632,9.65,9.23,12935146.0,0.0135496121186476,0.2748649518333333,0.5491301618333333,0.17600488695833336
2024-12-06,9.576,9.554,9.678,9.518,7158974.0,0.5280895696745979,0.5649497608571429,0.2877204441428572,0.14732979585714287
2024-12-09,9.608,9.582,9.662,9.568,5407085.0,0.2683276981115341,0.6600685412,0.0204511295,0.3194803361
2024-12-10,9.556,9.592,9.656,9.526,5078392.0,0.8112474642693996,0.8235892155555555,0.029496405666666663,0.14691437244444444
2024-12-11,9.578,9.508,9.656,9.484,7799592.0,0.5887012124061585,0.5648814973636364,0.2737775939090909,0.16134090845454543
2024-12-12,9.556,9.666,9.672,9.556,8616216.0,0.7081520732711343,0.7241928576363637,0.12446058372727274,0.15134655445454545
2024-12-13,9.666,9.704,9.834,9.666,7350352.0,0.739911362528801,0.7915920735555555,0.05374399722222222,0.15466392877777776
2024-12-16,9.71,9.768,9.818,9.71,7583448.0,0.6448669989903768,0.7258935084285714,0.14122332264285714,0.13288315792857144
2024-12-17,9.712,9.52,9.782,9.502,6079124.0,0.0588311190190522,0.2654152651428571,0.5137946946666667,0.22079004304761907
2024-12-18,9.506,9.56,9.65,9.458,6173331.0,-0.2176121581684459,0.24101103811111113,0.5103048827777777,0.2486840853888889
2024-12-19,9.4,9.374,9.476,9.32,9034376.0,0.1739984282425472,0.3755573875,0.2952487459,0.3291938777
2024-12-20,9.286,9.302,9.318,9.132,18057039.0,0.0964235623677572,0.46123074023,0.1171577,0.4216115842
2024-12-23,9.328,9.3,9.366,9.206,3731184.0,-0.1930268754561742,0.3974548726428571,0.21274555647619048,0.38979956771428576
2024-12-24,9.29,9.266,9.32,9.252,1464774.0,0.1079410172644115,0.3097367767777778,0.5252506388888889,0.1650125908611111
2024-12-27,9.24,9.386,9.396,9.24,4330043.0,0.0482547283172607,0.4033041586,0.19039749845,0.40629832739999994
2024-12-30,9.246,9.37,9.44,9.246,4311519.0,0.2321911804816301,0.5661172191428572,0.09419807964285716,0.3396847065714286
2024-12-31,9.368,9.452,9.452,9.368,2040991.0,-0.1430771456045263,0.1913885995625,0.5117900243125,0.29682138874999997
2025-01-02,9.43,9.298,9.452,8.966,9425439.0,0.1292505972087383,0.5407682688000001,0.07563854086666667,0.38359317886666666
2025-01-03,9.298,9.318,9.348,9.236,5626158.0,-0.0328064140151528,0.3799322364,0.3044823324,0.31558542133333334
2025-01-06,9.378,9.744,9.75,9.342,10516842.0,0.0684733177934373,0.6287850127272727,0.11264720709090909,0.25856776022727274
2025-01-07,9.744,9.874,9.926,9.606,12689770.0,0.0251124600569407,0.2972650661176471,0.4823351895882353,0.22039975141176468
2025-01-08,9.882,9.902,10.075,9.782,10062023.0,-0.171268880367279,0.4122836306,0.17707002619999998,0.41064635039999997
2025-01-09,9.8,9.994,9.994,9.754,6267408.0,-0.0068063395363943,0.4135286093333333,0.3259365773333333,0.26053479900000004
2025-01-10,9.994,9.936,10.07,9.88,9605346.0,-0.3166719675064086,0.10213466833333333,0.5532789990000001,0.34458632066666667
2025-01-13,9.99,10.245,10.245,9.98,11181152.0,0.3201954339941342,0.5883959220999999,0.0252787955,0.38632528080000006
2025-01-14,10.3,10.345,10.525,10.285,9522620.0,0.4743661002108925,0.3908620371666667,0.4722344069166667,0.13690354458333334
2025-01-15,10.365,10.41,10.49,10.265,9054226.0,0.7616771227783627,0.7301305771428571,0.15402707057142856,0.115842348
2025-01-16,10.5,10.33,10.55,10.285,8489433.0,0.6401580903265212,0.5895777998571429,0.11204452914285715,0.29837763985714283
2025-01-17,10.42,10.335,10.455,10.285,10634480.0,0.267481255862448,0.6244463933333333,0.21461139222222222,0.160942232
2025-01-20,10.39,10.425,10.5,10.315,7862909.0,0.498213917016983,0.6689553746666667,0.17407312833333333,0.15697149683333333
2025-01-21,10.305,10.44,10.44,10.2,9820701.0,0.1645639330148696,0.3228530002777778,0.42983378066666666,0.24731323555555557
2025-01-22,10.5,10.355,10.5,10.27,7086815.0,0.6108379571334176,0.5882903966666666,0.2892307124666667,0.12247888973333333
2025-01-23,10.415,10.635,10.67,10.395,8359327.0,0.7775705556074778,0.7524245404000001,0.2168029696,0.0307725158
2025-01-24,10.7,10.72,10.76,10.625,7138655.0,0.8326651851336161,0.83618635375,0.12656579275000002,0.0372478375
2025-01-27,10.575,10.785,10.845,10.56,10139779.0,0.7784144826557325,0.8091782799999999,0.11266223641666667,0.07815947233333333
2025-01-28,10.765,10.94,10.985,10.72,8742447.0,0.4320483125489333,0.4137551167619048,0.459616308,0.1266285620952381
2025-01-29,10.96,11.065,11.09,10.945,9123360.0,0.3420392826199531,0.35635490820000004,0.5197158814,0.12392922793333333
2025-01-30,11.275,11.215,11.435,11.07,10800220.0,0.3285072548636075,0.36281755861224485,0.5200190765918368,0.11716336962653061
2025-01-31,11.23,11.05,11.305,11.025,8082086.0,0.5647630071640015,0.5648107648333334,0.3390528063888889,0.09613641661111111
2025-02-03,10.56,10.745,10.85,10.48,18090245.0,0.2637600577794588,0.5407443288,0.17130062346666666,0.2879550412
2025-02-04,10.885,11.0,11.015,10.765,9371079.0,0.2380748351414998,0.46834596989473687,0.3566545322631579,0.1749994912105263
2025-02-05,11.0,11.03,11.13,10.975,6888527.0,0.507858578647886,0.4969694781818182,0.3840506402727273,0.11897985045454544
2025-02-06,11.14,11.635,11.68,11.08,16753282.0,0.600680430730184,0.5939402605999999,0.37340506479999996,0.0326546602
2025-02-07,11.615,11.65,11.685,11.52,8736355.0,0.5188384321000841,0.5276105331333333,0.36148212206666663,0.11090733228666666
2025-02-10,11.615,11.505,11.635,11.455,7082327.0,0.2468148701720767,0.5020127129230769,0.2375724180769231,0.2604148800769231
2025-02-11,11.5,11.705,11.705,11.45,6099237.0,0.1844180425008138,0.3159928654285714,0.5497062030000001,0.13430094042857144
2025-02-12,11.8,11.96,11.99,11.765,9364993.0,0.6251251386559528,0.5388643759999999,0.41826062966666666,0.04287498644444445
2025-02-13,11.99,11.955,12.0,11.855,8507535.0,0.7588591356026498,0.714779348625,0.255628554,0.0295921055
2025-02-14,11.91,12.05,12.11,11.88,8610266.0,0.6130667805671692,0.43834815584615383,0.5074331571538462,0.05421867469230769
2025-02-17,12.03,12.195,12.21,12.025,6175146.0,0.1703028149074978,0.41183886633333333,0.4102821257777778,0.17787902255555554
2025-02-18,12.24,12.45,12.465,12.205,10223820.0,0.7688089880076322,0.6637203573333333,0.28901093466666666,0.0472687365
2025-02-19,12.405,12.125,12.49,12.105,8578332.0,0.5143651366233826,0.6160119145,0.3448728636,0.0391152223
2025-02-20,12.09,12.17,12.31,12.07,7704691.0,0.2762525701522827,0.3704847629047619,0.5209500836190476,0.1085651522095238
2025-02-21,12.145,12.29,12.305,12.1,7489112.0,0.7225014079700817,0.6971152714285714,0.2056893865714286,0.09719535971428571
2025-02-24,12.29,12.405,12.425,12.24,6377205.0,0.4226048898696899,0.45432701379999996,0.45707415155,0.0885988347
2025-02-25,12.31,12.575,12.765,12.305,10710813.0,0.6523679673671723,0.69482773,0.14658623057142856,0.15858601371428574
2025-02-26,12.605,12.935,12.935,12.585,8749387.0,0.269477947898533,0.47799685557142857,0.2894661925714286,0.232536947
2025-02-27,12.9,12.89,12.995,12.72,8780499.0,0.5402545995182462,0.571451735875,0.2271828648333333,0.20136539916666665
2025-02-28,12.745,12.825,12.825,12.615,24041421.0,0.5557844117283821,0.5042637659411764,0.40163079494117643,0.09410544829411764
2025-03-03,12.775,12.93,13.095,12.66,13131030.0,0.5452708876132966,0.497550045,0.41581513560000005,0.086634838
2025-03-04,12.7,12.25,12.76,12.115,17352465.0,0.159050080511305,0.34352255113333335,0.33333923986666664,0.32313821153333333
2025-03-05,12.6,12.84,12.93,12.6,16749004.0,0.1968804626237778,0.30604848,0.5251852085625,0.168766307375
2025-03-06,12.995,13.13,13.205,12.835,12938451.0,0.3955940178462437,0.39484843355555554,0.5232010083333334,0.08195056388888888
2025-03-07,12.965,13.16,13.195,12.88,12600935.0,0.821121072769165,0.8193408262499999,0.14814281675,0.03251633075
2025-03-10,13.11,12.76,13.19,12.715,13106345.0,0.4197264201939106,0.43063753607777777,0.43317367811111107,0.13618878130555556
2025-03-11,12.76,12.535,12.89,12.45,10679402.0,-0.2455902947829319,0.3113903895882353,0.17898340517647057,0.5096262067058824
2025-03-12,12.645,12.875,12.985,12.62,7580813.0,-0.3976655602455139,0.19509664953333333,0.33715344513333334,0.4677499004666667
2025-03-13,12.74,12.77,12.925,12.655,7145322.0,-0.1232457369565963,0.24213517250000002,0.332248064,0.4256167545
2025-03-14,12.74,13.18,13.23,12.695,8485578.0,0.181162247290978,0.5250162675,0.109354278125,0.36562946500000004
2025-03-17,13.14,13.275,13.38,13.065,6527721.0,0.4333454668521881,0.4556215303,0.39610339815,0.1482750928
2025-03-18,13.31,13.585,13.59,13.27,8221614.0,-0.1310551618707591,0.2865398014583333,0.420054969625,0.29340522138749997
2025-03-19,13.26,13.445,13.47,13.17,10186798.0,-0.0159064957073756,0.335006020375,0.275385611,0.38960835243749997
2025-03-20,13.44,13.08,13.505,12.965,8674252.0,-0.2287250388236273,0.3186502548,0.2323272013,0.44902253864
2025-03-21,12.97,13.075,13.17,12.855,20696101.0,0.0727153560694526,0.38246407938461535,0.3418201251730769,0.2757157954423077
2025-03-24,13.255,13.135,13.345,13.07,6656600.0,-0.062419264404862,0.33947444225,0.3934477736,0.2670777854
2025-03-25,13.18,13.44,13.445,13.13,7741709.0,-0.1432539060198027,0.3505692730555556,0.2508767052222222,0.39855400294444443
2025-03-26,13.445,13.325,13.54,13.24,5857824.0,0.3220089481722924,0.44546623869565216,0.3682017842608695,0.18633197991304348
2025-03-27,13.06,13.15,13.26,12.9,6618280.0,0.1138225937711781,0.21337625228571427,0.6954993716190476,0.09112437871428572
2025-03-28,12.92,12.725,13.045,12.7,11137190.0,0.033646277586619,0.23540153869230768,0.4401458176153846,0.32445264446153843
2025-03-31,12.6,12.545,12.64,12.335,10940977.0,-0.3360918283462524,0.3400617340909091,0.11213928359090909,0.5477989716363637
2025-04-01,12.615,12.755,12.85,12.565,7764451.0,-0.2283983768955354,0.4156321502307692,0.30892747846153845,0.27544038053846154
2025-04-02,12.67,12.73,12.77,12.565,7130566.0,0.3554915132430883,0.33570165991379314,0.4418438825,0.22245446201724137
2025-04-03,12.4,12.535,12.805,12.285,20692222.0,0.4653886571526527,0.3609626938888889,0.4316256435555556,0.20741165488888888
2025-04-04,12.315,11.36,12.32,11.035,27834104.0,-0.3268446501563578,0.29695981160714285,0.3049762562857143,0.39806393107142857
2025-04-07,10.685,10.81,11.355,10.11,29058174.0,-0.2531853761783866,0.45492621078571427,0.11992622914285715,0.42514758185714285
2025-04-08,10.735,10.82,11.04,10.345,16050635.0,-0.2182590301547732,0.6201461227,0.15803669809999998,0.22181718679999998
2025-04-09,10.45,10.7,10.825,10.385,14647290.0,0.2099215856620243,0.28108703615,0.5860423124499999,0.13287066414999998
2025-04-10,11.825,11.38,12.53,11.38,21424167.0,0.4937057314917099,0.40651868094444443,0.3406643171666667,0.2528169896388889
2025-04-11,11.42,11.28,11.56,11.02,8277179.0,0.1249383900846753,0.5197509843333333,0.2050878177777778,0.2751612147777778
2025-04-14,11.615,11.655,11.68,11.46,7665221.0,0.689003709035042,0.68353300175,0.1119977133125,0.2044692771875
2025-04-15,11.7,11.91,11.94,11.605,7982284.0,0.671654615799586,0.5746018348181818,0.28720892254545455,0.13818923545454545
2025-04-16,11.795,11.95,11.95,11.61,11091821.0,0.5038644373416901,0.3662253888695652,0.5458914732608696,0.0878831334347826
2025-04-17,12.0,11.865,12.025,11.735,10444857.0,0.6379074547439814,0.5457616931818182,0.33374561336363634,0.12049270409090909
2025-04-22,11.765,11.915,11.955,11.725,8036821.0,-0.1558650755882263,0.5928908878571428,0.3008093838571429,0.10629971785714284
2025-04-23,12.085,12.355,12.405,12.055,9683029.0,0.5588956278833476,0.42556376819047614,0.5276610711904762,0.04677515671428571
2025-04-24,12.275,12.25,12.335,12.155,6121345.0,0.1737606136422408,0.15042905262903228,0.7166638932258065,0.13290704523387098
2025-04-25,12.37,12.455,12.5,12.295,6585865.0,0.2657263123740752,0.24217830435820897,0.6623806973582089,0.09544099929104477
2025-04-28,12.5,12.595,12.7,12.5,8163853.0,0.2719920706748962,0.23189743647887326,0.6666420795633803,0.10146049125352112
2025-04-29,12.74,12.34,12.79,12.17,11767027.0,0.1108944002124998,0.21322047583116882,0.5667701955844155,0.2200093228181818
2025-04-30,12.43,12.06,12.48,11.775,13610460.0,-0.0682043808229853,0.13148861398275863,0.765055813224138,0.10345557222413794
2025-05-02,12.3,12.22,12.335,12.04,10217077.0,0.422069352120161,0.4124312010769231,0.40888336184615387,0.178685427
2025-05-05,12.21,12.44,12.44,12.195,5483657.0,0.5003799276474195,0.5059139377499999,0.292891295625,0.2011947724375
2025-05-06,12.44,12.515,12.53,12.175,8579868.0,0.6007067635655403,0.6840044111538461,0.18038128346153848,0.13561429692307692
2025-05-07,12.475,12.55,12.565,12.39,11914846.0,0.455307774087216,0.2767299192916667,0.6409680619166667,0.082302023625
2025-05-08,12.6,12.805,12.805,12.57,8580926.0,0.6144774665958003,0.4680831068235294,0.49866380647058817,0.03325308129411765
2025-05-09,12.84,12.815,12.86,12.69,6986027.0,0.8048651012881048,0.6798565767,0.2824488889,0.0376945327
2025-05-12,12.92,13.045,13.09,12.885,9601033.0,0.4686888514495477,0.5407076346875,0.1664000259375,0.2928923279375
2025-05-13,13.0,13.23,13.245,12.945,8560914.0,0.3071661591529847,0.5005028538181818,0.12549839181818181,0.3739987555454546
2025-05-14,13.25,13.405,13.405,13.145,9666758.0,0.2858188244012686,0.3127785867777778,0.5899253623333334,0.09729606352777778
2025-05-15,13.3,13.345,13.375,13.28,6093306.0,0.4109747111797333,0.4878967200909091,0.4700478381818182,0.04205545527272728
2025-05-16,13.34,13.4,13.42,13.305,7457970.0,0.7085857299657968,0.6254606708888889,0.3447216022222222,0.029817743555555554
2025-05-19,13.42,13.465,13.55,13.35,5877843.0,0.4560320436954498,0.6223757538,0.12627027006666666,0.25135399373333334
2025-05-20,13.5,13.77,13.805,13.5,7496109.0,0.5718818035992709,0.56172088125,0.26214933425,0.176129784125
2025-05-21,13.665,13.695,13.9,13.645,7102438.0,0.1474440459049109,0.1971370978076923,0.7015852543076923,0.1012776486923077
2025-05-22,13.615,13.68,13.73,13.365,6376905.0,0.4287011735141277,0.45073572133333334,0.41971938225,0.129544884125
