Date,OPEN_PRC,TRDPRC_1,HIGH_1,LOW_1,ACVOL_UNS,daily_sentiment_score,positive_sentiment_fingpt,neutral_sentiment_fingpt,negative_sentiment_fingpt
2020-05-20,2.473996,2.570874,2.581719,2.350369,4940941,-0.5958890616893768,0.944744585,0.02718339,0.0280720805
2020-05-21,2.54051,2.510868,2.578104,2.501469,3639333,-0.7259264389673868,0.9124293489830131,0.03761886133165298,0.049951839984331156
2020-05-22,2.49424,2.660522,2.7039,2.486287,6645150,0.94271981716156,0.91422725,0.03640308,0.0493697
2020-05-25,2.68438,2.658353,2.689441,2.620036,1837963,0.5657766699790955,0.9331449,0.0266347455,0.040220365
2020-05-26,2.695948,2.83548,2.847048,2.682934,4362207,0.4384627512523106,0.9184502999999999,0.027218489999999998,0.054331255999999994
2020-05-27,2.855724,2.917176,2.991642,2.844879,5868703,0.6251810193061829,0.9325732,0.018149817,0.04927695
2020-05-28,2.969953,2.877413,2.978628,2.834758,4375718,-0.4083531573414802,0.013618682,0.017616218,0.96876514
2020-05-29,2.826805,2.755231,2.845602,2.738603,4512048,-0.2085391879081726,0.040254745,0.6180119483333334,0.34173329916666667
2020-06-01,2.821021,2.814514,2.844156,2.73065,3046419,0.4192773938179016,0.932468,0.029860279,0.037671726
2020-06-02,2.82319,2.894764,2.912838,2.776197,4659958,0.4309658229351044,0.9455121,0.027171962,0.027316025
2020-06-03,2.941034,3.000317,3.006101,2.913561,4054088,0.0465886235237121,0.5916038937003232,0.38447936738638455,0.02391679669918953
2020-06-04,2.962,3.043695,3.080567,2.902717,5668641,-0.0693724805658513,0.49664017499999996,0.4646299905,0.038729814
2020-06-05,3.123222,3.28589,3.340112,3.104425,6343608,0.3153917789459228,0.9177605,0.019175047,0.0630644
2020-06-08,3.297457,3.481814,3.528084,3.28589,8149189,0.4654578069845835,0.56879324,0.40747842,0.023728304
2020-06-09,3.484706,3.355294,3.498442,3.23962,6737812,-0.0948727263344658,0.03272402,0.010451649,0.9568243
2020-06-10,3.361801,3.217208,3.448557,3.197687,5745928,-0.0090783715248107,0.26912843233333333,0.21538949500000001,0.51548206
2020-06-11,3.087796,3.041526,3.165154,3.022006,5392159,-0.936578265258244,0.055935401999999995,0.449451796,0.4946127795
2020-06-12,2.997425,3.063215,3.12033,2.951878,4150857,0.093766313791275,0.6663522158,0.045943276,0.2877045146
2020-06-15,2.938142,3.084181,3.10081,2.904162,4962420,-0.6009567975997925,0.49295753350000004,0.473291269,0.033751237499999996
2020-06-16,3.183951,3.169492,3.241789,3.076952,5357108,0.3529954627156257,0.93634657,0.025591525,0.0380619325
2020-06-17,3.164431,3.178167,3.27866,3.130451,4113856,-0.5117054979006449,0.9428941,0.021424806,0.035681162
2020-06-18,3.164431,3.165154,3.235282,3.105148,4323727,0.1097343497806125,0.0941090525,0.2524619735,0.653429
2020-06-19,3.206363,3.140573,3.255525,3.140573,23379642,-0.2506568133831024,0.018844096,0.009178126,0.97197783
2020-06-22,3.118884,3.072614,3.150695,3.033574,2655603,-0.4874444454908371,0.014501443,0.008371497,0.97712713
2020-06-23,3.1131,3.170215,3.252633,3.110931,3100473,0.7337195754051209,0.31429545325,0.42969999449999996,0.256004516375
2020-06-24,3.172384,3.02779,3.19841,3.016222,3089502,-0.4821558594703674,0.074369655,0.046903851,0.8787265
2020-06-25,2.995256,3.067553,3.083459,2.971398,3292999,-0.1732089519500732,0.9517778,0.020594688,0.027627412
2020-06-26,3.083459,3.014777,3.118884,3.014777,2511231,-0.647648016611735,0.023765026,0.13960347,0.8366314
2020-06-29,3.016222,3.071168,3.096472,2.985135,2500848,-0.3404044359922409,0.481003128,0.0207406235,0.498256255
2020-06-30,3.072614,3.068999,3.102979,3.006824,2670542,0.5719917923212051,0.5851190066666666,0.385813938,0.029067087333333335
2020-07-01,3.065384,3.022006,3.08129,2.998871,3034508,-0.7287019491195679,0.010265258,0.015112771,0.9746221
2020-07-02,3.050925,3.071891,3.129006,3.00104,7279309,-0.6061671773592631,0.47807864650000004,0.0205589115,0.5013624985
2020-07-03,3.076229,3.007547,3.085627,2.965615,13248842,0.5075952302325856,0.31063884,0.164609892,0.52475130175
2020-07-06,3.082736,3.191181,3.223714,3.076952,5650795,0.1959865689277649,0.468653813,0.020678836,0.5106673150000001
2020-07-07,3.142019,3.125391,3.186843,3.097918,2553937,0.0536185503005981,0.88224815,0.104740615,0.0130112705
2020-07-08,3.07406,3.03502,3.083459,3.022006,2433900,-0.1089718222618103,0.05941077,0.4491505475,0.4914387
2020-07-09,3.065384,2.984412,3.072614,2.979351,2306651,-0.0124528259038925,0.10029940450000001,0.404486424,0.495214162
2020-07-10,2.964169,3.089965,3.089965,2.951878,3202551,0.2338182926177978,0.47738585,0.069722824,0.45289123
2020-07-13,3.135512,3.155032,3.192627,3.113823,2073295,0.6251525779565176,0.3553026256666667,0.618823856,0.025873521666666666
2020-07-14,3.134066,3.114546,3.174552,3.102256,2294059,-0.0162948369979858,0.5859793744,0.1646825308,0.24933809739999999
2020-07-15,3.149972,3.130451,3.167323,3.053817,3709206,0.615972900390625,0.8369569,0.032801047,0.13024206
2020-07-16,3.122499,3.102979,3.149972,3.084904,2077700,0.6084971030553182,0.5565773350000001,0.43108042999999996,0.012342178499999999
2020-07-17,3.105148,3.12033,3.137681,3.053817,2472967,-0.3302630583445231,0.3111972783333333,0.35033770733333336,0.338465
2020-07-20,3.121053,3.126837,3.142742,3.065384,2032289,0.4777908027172088,0.91366243,0.074501894,0.011835662
2020-07-21,3.158647,3.155032,3.275045,3.155032,4258310,0.4400790184736252,0.01498737,0.027411263,0.95760137
2020-07-22,3.149972,3.181059,3.202748,3.126837,2075636,-0.0335855782032012,0.501662815,0.48660239,0.011734765000000001
2020-07-23,3.202748,3.262032,3.316977,3.138404,4541821,-0.6587864607572556,0.15329766396153846,0.2970965696153846,0.5496057712307693
2020-07-24,3.227329,3.348065,3.359632,3.222991,4528526,-0.1847007473309835,0.90040636,0.088299215,0.0112943575
2020-07-27,3.289504,3.242511,3.345896,3.228775,3884948,-0.8770893414815267,0.8856430370764218,0.12136446601074209,0.0
2020-07-28,3.242511,3.266369,3.285167,3.229498,3772969,-0.2159059047698974,0.34810298133333334,0.323752482,0.3281444985
2020-07-29,3.265646,3.211424,3.282275,3.178167,3013303,-0.2157031774520874,0.0252063815,0.478641517,0.496152138
2020-07-30,3.217208,3.134789,3.218654,3.069722,4605754,-0.1447926674570356,0.4612492455,0.046384840000000004,0.492365871
2020-07-31,3.152863,3.168046,3.243957,3.119607,5026697,-0.0775322668692645,0.93672913,0.031178491,0.03209232
2020-08-03,3.147803,3.249018,3.249018,3.106593,3951406,-0.4193369518285849,0.4623426155,0.04800957,0.489647793
2020-08-04,3.267815,3.253356,3.332882,3.233113,3331716,-0.5284582773844401,0.012460696,0.02489649,0.9626428
2020-08-05,3.275045,3.243234,3.293119,3.218654,2265606,0.0,0.0,0.005594710183486607,1.293832407363373
2020-08-06,3.224437,3.213593,3.254802,3.183951,2249035,-0.2787677943706512,0.012277331,0.02447358,0.9632491
2020-08-07,3.191904,3.237451,3.237451,3.18612,1867465,0.1690126061439514,0.9106909,0.07728222,0.012026904
2020-08-10,3.282275,3.30541,3.321315,3.260586,2091634,0.3354119695723057,0.012560265,0.02452915,0.96291053
2020-08-11,3.332882,3.42976,3.437713,3.33216,2651273,0.2627579979598522,0.9124873,0.07529832,0.0122144
2020-08-12,3.452172,3.427591,3.506395,3.421085,2372024,-0.6291826026780265,0.012777159,0.024845557,0.9623772
2020-08-13,3.406625,3.39072,3.447834,3.380598,2035820,0.4736671725908915,0.514456657,0.47258047000000003,0.01296282125
2020-08-14,3.389274,3.391443,3.395058,3.303964,1806209,-0.010024539061955,0.4726920785,0.029003875499999998,0.498303995
2020-08-17,3.387828,3.301072,3.399396,3.301072,1171652,0.1188530445098876,0.9111689,0.07663081,0.012200277
2020-08-18,3.275045,3.288058,3.336497,3.267092,1119072,-0.1694820352963038,0.019991685,0.03661403,0.94339424
2020-08-19,3.275768,3.343727,3.343727,3.254802,1062775,0.3557929247617721,0.91344714,0.074280284,0.012272576
2020-08-20,3.273599,3.266369,3.288781,3.243234,1183856,-0.0028587341308593,0.012259448,0.02463435,0.9631062
2020-08-21,3.290227,3.218654,3.293119,3.188289,1480741,-0.0182918012142181,0.91095483,0.077182114,0.011863066
2020-08-24,3.250464,3.320592,3.320592,3.233113,1755086,0.781987065744619,0.012244278,0.02431812,0.9634376
2020-08-25,3.354572,3.313362,3.412409,3.309025,1983882,0.910484751065572,0.91158533,0.076066375,0.012348366
2020-08-26,3.297457,3.290227,3.338666,3.275045,1253042,-0.3499779850244522,0.01252677,0.024724744,0.9627485
2020-08-27,3.266369,3.268538,3.285167,3.209978,1601803,0.8987950682640076,0.9275879,0.050096054,0.022316024
2020-08-28,3.286613,3.369031,3.374092,3.272153,2304040,0.387748658657074,0.016723014,0.026116293,0.9571607
2020-08-31,3.372646,3.258417,3.413132,3.258417,2626938,0.1401138007640838,0.9275713,0.050383344,0.022045314
2020-09-01,3.289504,3.236728,3.289504,3.176721,2504163,-0.4187634331839425,0.26742395975,0.44801736925,0.28455867025
2020-09-02,3.195519,3.087796,3.217208,3.078398,3284322,-0.3526328461510794,0.32796343483333334,0.33913203199999997,0.332904547
2020-09-03,3.119607,3.099364,3.160816,3.065384,2818040,-0.748634147644043,0.017731551,0.027240869,0.9550276
2020-09-04,3.15214,3.264201,3.335051,3.118161,5019495,0.4827028512954712,0.4587016765,0.43315416500000004,0.1081441605
2020-09-07,3.303241,3.284444,3.347342,3.269984,1844096,-0.2430865615606308,0.01762617,0.026929628,0.9554442
2020-09-08,3.282998,3.191181,3.30541,3.162985,2678378,0.6121218535635207,0.919434,0.059374645,0.021191325
2020-09-09,3.196964,3.347342,3.356017,3.180336,2610643,-0.2377832308411598,0.024843938833333332,0.33862751333333335,0.6365285456666666
2020-09-10,3.335051,3.342281,3.377706,3.311193,2296683,-0.0604609727859497,0.8806736,0.030106306,0.089220084
2020-09-11,3.33216,3.285167,3.348788,3.266369,2084362,0.7964188456535339,0.0163327715,0.480176925,0.503490287
2020-09-14,3.314808,3.282275,3.318423,3.248295,1368903,0.3933131843805313,0.9136241,0.063497404,0.02287847225
2020-09-15,3.261309,3.214316,3.280829,3.207809,1891433,-0.8613457679748535,0.010551603,0.01792848,0.9715199
2020-09-16,3.209255,3.23239,3.238897,3.164431,2642286,-0.7284439564909282,0.0,0.0,1.4389955761684674
2020-09-17,3.194796,3.195519,3.222991,3.149972,2093207,-0.0029295768056597,0.010371,0.017605899,0.9720231
2020-09-18,3.200579,3.079121,3.204917,3.072614,4777009,0.0489345987637837,0.5203289600000001,0.42813461,0.051536386249999996
2020-09-21,3.046587,2.930189,3.046587,2.907054,2699936,-0.7762389183044434,0.010534184,0.017762898,0.971703
2020-09-22,2.964169,2.930189,2.998871,2.930189,1738792,-0.3417800784111023,0.89976305,0.08868065,0.011556288
2020-09-23,2.954047,2.793548,2.980074,2.793548,2968699,-0.4913061559200287,0.011246143,0.017603572,0.97115034
2020-09-24,2.749447,2.840541,2.865122,2.734988,2357055,-0.1436285376548767,0.9383735,0.041643925,0.019982507
2020-09-25,2.84994,2.763907,2.87669,2.755954,1669854,0.1493543883164723,0.010498147,0.018052068,0.9714498
2020-09-28,2.8109,2.8109,2.823913,2.755231,2482116,0.9414139986038208,0.0,0.25665329215685995,0.9741989902384538
2020-09-29,2.784873,2.660522,2.793548,2.654016,3425033,-0.3425089716911316,0.040811628,0.44981086,0.5093775
2020-09-30,2.622928,2.658353,2.716914,2.617144,4027088,0.1128313011593288,0.08657852670596142,0.2305690414801857,0.682852400065684
2020-10-01,2.69161,2.596178,2.701008,2.588948,2946100,-0.4853773713111877,0.00835224,0.020768542,0.9708791999999999
2020-10-02,2.564367,2.594009,2.598347,2.525327,2614911,0.9310798943042756,0.0,0.24225006696202595,0.8497134093674419
2020-10-05,2.623651,2.627266,2.661968,2.594009,1910602,-0.1518059032303946,0.0705731785,0.4422225655,0.4872043275
2020-10-06,2.619313,2.737157,2.737157,2.59184,2831939,-0.3090281089146932,0.65525174,0.23768957,0.107058704
2020-10-07,2.717637,2.677151,2.739326,2.669198,2196773,-0.4842522740364074,0.91745186,0.04755984,0.034988277
2020-10-08,2.702454,2.761015,2.773305,2.694502,2306857,-0.0820544958114624,0.7872717286947535,0.0,0.27025271583359023
2020-10-09,2.771859,2.666306,2.771859,2.64534,2690413,0.3047324419021606,0.34428467021214076,0.0,0.7291757536187387
2020-10-12,2.656907,2.62582,2.699563,2.587502,2484137,-0.4669596552848816,0.010180424,0.023521978,0.96629757
2020-10-13,2.614975,2.49424,2.61859,2.484841,3376789,-0.9723185300827026,0.0,0.23738449841594111,0.9073748615848002
2020-10-14,2.49424,2.50653,2.557138,2.459537,2266452,-0.4469691713651021,0.0,0.5681271051319884,0.5524076283731391
2020-10-15,2.463152,2.471828,2.49424,2.424835,3101443,-0.7293548285961151,0.0,0.8535893437820413,0.17214710597490826
2020-10-16,2.484118,2.486287,2.508699,2.432787,3201105,-0.2497359067201614,0.031044688,0.93161076,0.03734453
2020-10-19,2.505807,2.537618,2.557861,2.47978,2664384,0.1034723917643229,0.04980873651022592,0.8021913537858641,0.1479999004484143
2020-10-20,2.520266,2.49424,2.571597,2.448693,5504604,0.4713429808616638,0.038258247740711036,0.5241083958550441,0.43763336372401646
2020-10-21,2.518821,2.498577,2.531111,2.466767,2764324,-0.2930436001883613,0.042608703750000004,0.4500255105,0.5073657982499999
2020-10-22,2.458091,2.397362,2.481949,2.362659,5536955,0.7003533840179443,0.08394915476666667,0.5761870964666667,0.33986375579999994
2020-10-23,2.397362,2.473996,2.498577,2.373504,4992565,0.3144640723864237,0.2425984201036093,0.5273959219381933,0.23000566859263674
2020-10-26,2.420497,2.516652,2.532557,2.411821,4375603,0.2619029978911082,0.38309917875,0.36547376649999996,0.251427065
2020-10-27,2.536895,2.359045,2.559307,2.351815,5987983,-0.9701912999153136,0.35660763980952775,0.21477528170698226,0.4286170680244097
2020-10-28,2.320004,2.283133,2.347477,2.231079,5405490,-0.1105746477842331,0.18605135193019315,0.08321230977508755,0.7307362961187136
2020-10-29,2.277349,2.287471,2.309883,2.207221,4506585,-0.9496220350265504,0.008995607,0.018255904,0.97274846
2020-10-30,2.25566,2.325788,2.325788,2.25566,3145712,-0.0575150489807128,0.007838501,0.019824617,0.9723369
2020-11-02,2.338801,2.371335,2.372058,2.297592,2869666,0.311583149433136,0.9362753,0.039592363,0.02413233
2020-11-03,2.395193,2.463875,2.474719,2.361936,3632821,0.3141761819521586,1.7350084437620568,0.06736776326781993,0.0
2020-11-04,2.385794,2.373504,2.430618,2.33591,3159596,0.345965313911438,2.2009099143576694,0.10278446961437424,0.0
2020-11-05,2.387963,2.382903,2.415436,2.292532,5120179,0.4710631668567657,2.33397971178684,0.145842482039663,0.0
2020-11-06,2.362659,2.357599,2.437125,2.351092,4634330,-0.0090880990028381,2.1342178360495665,0.19654180054368608,0.0
2020-11-09,2.378565,2.826805,2.839095,2.30916,12254935,0.8857976794242859,1.6607754073944112,0.24830551334564338,0.0
2020-11-10,2.83042,2.985135,3.030682,2.812346,10791063,0.4492840319871902,1.2685591473127404,0.2616721497607336,0.0
2020-11-11,2.983689,2.904162,3.028513,2.850663,6570515,0.7897499799728394,1.0167201760531146,0.23006479800815638,0.0
2020-11-12,2.833312,2.889703,2.901271,2.801501,4838071,-0.9545316100120544,0.9052584936155348,0.15348345808791192,0.0
2020-11-13,2.875967,2.959831,3.023452,2.871629,4332369,0.300700843334198,0.9341741,0.03192813,0.033897825
2020-11-16,3.065384,3.096472,3.248295,3.008993,7147918,0.3986459800175258,0.92306143,0.038229816,0.03870872
2020-11-17,3.141296,3.139127,3.141296,3.012608,3679229,0.1909146348635355,0.219450955,0.766950815,0.0135981955
2020-11-18,3.119607,3.15937,3.203471,3.106593,3697378,-0.3080510542942927,0.9222501,0.04506104,0.03268887
2020-11-19,3.101533,3.052371,3.102256,3.036466,3349573,0.100383182366689,1.6586016144155047,0.0,0.059174464797968444
2020-11-20,3.074783,3.108762,3.137681,3.053094,3322283,-0.3731798231601715,2.128035312711841,0.0,0.08484395964809638
2020-11-23,3.142742,3.112377,3.142742,3.087073,3947722,-0.1075953500611441,2.3305511948890114,0.0,0.10969735455038389
2020-11-24,3.135512,3.165877,3.165877,3.107316,4842323,-0.9675740202267964,2.266149260947014,0.0,0.1337346495048309
2020-11-25,3.174552,3.153586,3.202025,3.099364,5702146,0.0843310270990644,1.9711099068803004,0.0,0.15479235409712314
2020-11-26,3.153586,3.068276,3.155032,3.053094,3265763,-0.5027648568153381,1.6631155086555718,0.0,0.15988952584137472
2020-11-27,3.026344,3.017668,3.058155,2.977182,6780677,-0.2729668052572953,1.3784464622672787,0.0,0.14686267432327144
2020-11-30,2.990196,2.999594,3.063938,2.936696,59488479,0.0292834937572479,1.1171027677154217,0.0,0.11571179954281316
2020-12-01,3.072614,3.064661,3.162985,3.022006,6470919,-0.0092013544506496,0.8790844250000001,0.054478651,0.0664369015
2020-12-02,3.068276,3.118884,3.139127,3.04008,5945918,-0.4911598116159439,0.6643914341210141,0.3365705566539228,0.0
2020-12-03,3.101533,3.129006,3.151418,3.040803,6077297,0.5458600044250488,0.4730237950784639,0.6134611374453733,0.0
2020-12-04,3.140573,3.238897,3.301072,3.12033,7221755,0.4076144471764564,0.30498150787234923,0.8851503933743513,0.0
2020-12-07,3.276491,3.29818,3.361078,3.222268,4905251,0.1784436106681823,0.17011405691682366,1.0715551608868068,0.0
2020-12-08,3.280106,3.249018,3.345173,3.249018,3096803,0.0853514909744262,0.07827092662604061,1.09259227642869,0.0
2020-12-09,3.260586,3.263478,3.311916,3.238897,3792093,0.10850590467453,0.029452117,0.94826174,0.022286138
2020-12-10,3.273599,3.157201,3.302518,3.148526,4709515,-0.1629137822559901,0.0236576280387019,0.6385635516007376,0.3377788318834055
2020-12-11,3.157201,3.082013,3.17383,3.066107,3757341,-0.7125377804040909,0.04883606172988705,0.22885325913195867,0.7223107104109702
2020-12-14,3.134789,3.196242,3.253356,3.134789,4381734,-0.1876296599706014,0.03267903,0.11126415,0.85605687
2020-12-15,3.243234,3.292396,3.292396,3.191181,4642389,0.7540223121643066,0.0,0.35115177210591764,0.6857131600533796
2020-12-16,3.28589,3.247572,3.359632,3.210701,5241211,0.1232222318649292,0.0,0.8390029243351138,0.2790818907318659
2020-12-17,3.274322,3.313362,3.365416,3.267092,4850927,-0.2850260684887568,0.039284736,0.9177384,0.042976923
2020-12-18,3.302518,3.203471,3.304687,3.203471,6438932,0.1654969453811645,0.409126575,0.5759245900000001,0.0149488525
2020-12-21,3.091411,3.059601,3.141296,2.971398,4331102,-0.0149137079715728,0.600162735,0.379255213,0.020582068
2020-12-22,3.07406,3.163708,3.175998,3.07406,2770353,-0.7574399511019388,0.6387002338423785,0.2891068604985203,0.07219291025765866
2020-12-23,3.162262,3.235282,3.235282,3.12756,2413386,0.9293737709522248,0.540428218731708,0.28269569907631065,0.17687605515234217
2020-12-24,3.236005,3.204194,3.24468,3.200579,884614,-0.4891258478164673,0.3293708708807323,0.34069864388195903,0.32993041325770894
2020-12-28,3.254079,3.19335,3.255525,3.15937,1789014,0.0986230373382568,0.1496732775659149,0.3471771858069929,0.5031494480157087
2020-12-29,3.19335,3.19335,3.222268,3.1666,1724509,0.181036376953125,0.02535962,0.28280824,0.69183207
2020-12-30,3.217208,3.199856,3.222268,3.184674,1943082,0.2687885676111494,0.0,0.1475918064609805,0.8959782792105828
2020-12-31,3.19335,3.19841,3.206363,3.121776,1472046,-0.2627072268062168,0.010184801,0.018445836,0.9713694
2021-01-04,3.240343,3.140573,3.241789,3.115992,3051263,0.0669658283392588,0.2539250173361599,0.0,0.773786756720794
2021-01-05,3.123222,3.247572,3.288781,3.122499,4560235,-0.3924934267997741,0.6268554760174759,0.017952304748388076,0.3551922571555745
2021-01-06,3.314808,3.445665,3.487598,3.293842,4149073,0.6976894587278366,0.76420575,0.20843692,0.027357348000000004
2021-01-07,3.460848,3.590259,3.590259,3.400119,4296913,0.8451812947528156,0.605180768109741,0.5525752931879949,0.0
2021-01-08,3.61484,3.599658,3.626407,3.51507,3518814,0.08854840695858,0.14978053034669891,1.0503674243123726,0.0
2021-01-11,3.599658,3.563509,3.624962,3.54905,2624397,-0.5827123284339905,0.0,1.6000527467609809,0.0
2021-01-12,3.590982,3.557003,3.601827,3.543989,2399135,0.6487204283475876,0.0,1.5910678608609075,0.0
2021-01-13,3.542543,3.567847,3.571462,3.520131,1931364,-0.0065436164538065,0.06877357,0.9216522,0.009574288
2021-01-14,3.579415,3.530976,3.61484,3.499165,2563630,0.8833324432373046,0.9354312,0.031688645,0.032880288
2021-01-15,3.533868,3.455064,3.563509,3.434098,2736689,-0.4911551986421857,0.17133233,0.81945306,0.009214641
2021-01-18,3.439882,3.513624,3.540374,3.43699,1978051,0.2803783842495509,0.9113432,0.0448848,0.043771956
2021-01-19,3.538928,3.459402,3.571462,3.441328,1798087,-0.0138236805796623,0.04795957,0.9234091,0.02863133325
2021-01-20,3.455064,3.455064,3.50278,3.425422,2018178,-0.4961546540260315,0.3090842166666667,0.67696495,0.013950875000000001
2021-01-21,3.442051,3.603995,3.718947,3.426868,5816874,-0.5360659758249918,0.230573574288,0.5265240954,0.24290232612
2021-01-22,3.570739,3.565678,3.608333,3.512179,3768459,-0.8524411916732788,0.10640672749999999,0.88410884,0.0094844485
2021-01-25,3.570739,3.402287,3.582306,3.369031,4874862,-0.4569087922573089,0.5127845,0.47160590999999996,0.015609622
2021-01-26,3.470246,3.486152,3.525915,3.405179,2668543,-0.3302740454673767,0.46235743,0.5303829,0.007259644
2021-01-27,3.470246,3.321315,3.48326,3.292396,3246882,0.2871440847714742,0.020555172,0.8946464,0.08479846
2021-01-28,3.303241,3.431206,3.457233,3.277214,3568062,-0.1251372430059645,0.0,1.0665614700557027,0.21324759090185308
2021-01-29,3.386382,3.358909,3.409517,3.325653,3710395,-0.0839757720629374,0.0,0.9729859667019072,0.38164918883611454
2021-02-01,3.412409,3.327099,3.412409,3.327099,2024346,-0.2396306743224462,0.0,0.660401386611272,0.5596585555827838
2021-02-02,3.35674,3.406625,3.413132,3.304687,2403828,-0.1815166808664798,0.02709573293268777,0.4076967098197502,0.565207501821857
2021-02-03,3.464463,3.496273,3.523746,3.458679,3340949,-0.1526474505662918,0.37069519,0.261353433,0.36795132933333335
2021-02-04,3.507841,3.564232,3.585921,3.455787,2422037,0.2408644159634908,0.789625405,0.19010965000000002,0.020264936
2021-02-05,3.566401,3.558448,3.619178,3.535314,2747237,0.9336774796247482,1.1572083599627767,0.006393923907619337,0.0
2021-02-08,3.597489,3.562786,3.629299,3.562786,1310440,-0.4421516805887222,1.4523310518933439,0.0,0.0
2021-02-09,3.586644,3.60255,3.645205,3.555557,2126047,-0.6494072675704956,1.4537698791272398,0.0,0.0
2021-02-10,3.632191,3.66111,3.684245,3.571462,2492810,0.0269436120986938,0.94030124,0.039791223,0.019907488
2021-02-11,3.671232,3.666894,3.713164,3.626407,1812874,-0.6444647014141083,0.08874027,0.89965034,0.01160942
2021-02-12,3.656772,3.62207,3.658218,3.572908,2497136,-0.3755627075831095,0.0406728295,0.93188622,0.0274409455
2021-02-15,3.687137,3.736299,3.759434,3.684245,2481526,0.939454972743988,0.90541935,0.049441334,0.045139305
2021-02-16,3.757988,3.718947,3.757988,3.677015,1478121,-0.7267835140228271,0.028630126,0.9495524,0.021817476
2021-02-17,3.708826,3.694366,3.736299,3.643759,2169146,0.079548954963684,0.06638711,0.91769636,0.01591654
2021-02-18,3.736299,3.609779,3.736299,3.606887,2317437,-0.0583113928635915,0.14209068673036454,0.8339872219057096,0.02392212800465836
2021-02-19,3.643759,3.75365,3.768109,3.583029,3015907,-0.0479216948151588,0.057391040000000004,0.91455343,0.02805556075
2021-02-22,3.734853,3.690029,3.743528,3.655326,2123720,-0.0512682199478149,0.051802354333333335,0.9246768666666667,0.023520737333333337
2021-02-23,3.727623,3.983554,4.006689,3.720393,6115104,0.5881498634815217,0.9065919,0.0357337,0.057674345
2021-02-24,3.983554,3.971986,4.022594,3.909811,2632840,-0.0963543891906738,0.4514679063358241,0.5004252485298619,0.048106828512482686
2021-02-25,4.012472,4.035607,4.100674,3.97054,3924424,0.9226911514997482,0.019535828,0.94783866,0.03262554
2021-02-26,3.964757,3.97054,4.068864,3.951743,4071687,0.2604214804513113,0.90664905,0.029446237,0.063904755
2021-03-01,4.019702,3.990783,4.071756,3.961865,2227119,0.1402778327465057,0.5230635154104029,0.3386729217051545,0.13826361076121124
2021-03-02,3.976324,4.008135,4.038499,3.966202,1871202,-0.1793108185132344,0.064849384,0.79205996,0.14309068
2021-03-03,4.041391,4.087661,4.113688,4.029824,2661199,0.9421525398890176,0.8056703,0.18592282,0.008406842
2021-03-04,4.07031,4.041391,4.083323,4.003797,2236962,-0.5827450156211853,0.6213431132594839,0.3923317772660082,0.0
2021-03-05,4.012472,4.05585,4.103566,3.982108,2923426,0.6233316858609518,0.06368515,0.9133834750000001,0.022931373499999998
2021-03-08,4.113688,4.227917,4.262619,4.10935,3204685,0.5218396663665772,0.03854426146824991,0.9391628438104758,0.0222929120766732
2021-03-09,4.251052,4.226471,4.285754,4.123809,3959720,0.7813745538393656,0.17559645,0.8095803,0.014823273
2021-03-10,4.217795,4.167188,4.258282,4.144053,3067919,-0.2423431426286697,0.10451771793101636,0.8645462598711382,0.03093604012641563
2021-03-11,4.171525,4.078985,4.174417,3.986446,3769433,-0.5230623602867126,0.0,1.0354949466840841,0.05966221579052971
2021-03-12,4.064526,4.128147,4.158512,4.037053,2721245,-0.0456532597541809,0.053780492,0.9110317,0.035187814
2021-03-15,4.131039,4.061634,4.15562,4.035607,3105086,0.6060860753059387,0.6308654425895298,0.4225907430790787,0.0
2021-03-16,4.061634,4.041391,4.135377,4.002351,2694728,0.1000862494111061,0.9401178,0.028331693,0.03155052
2021-03-17,4.042837,4.115134,4.125255,4.021148,2531202,0.754950749874115,0.439246865,0.12551539,0.43523769500000004
2021-03-18,4.146944,4.158512,4.214903,4.126701,2968224,0.0812782645225524,0.05038781105316468,0.3487491730304215,0.6008629460523134
2021-03-19,4.120918,4.037053,4.120918,4.003797,6607615,-0.0757014155387878,0.0,0.6371342652498213,0.43563587048408603
2021-03-22,4.025486,3.986446,4.035607,3.950297,2104891,-0.4159539427076067,0.0,0.8262002108058493,0.1877811788084312
2021-03-23,3.958973,4.175863,4.213458,3.925716,3946324,-0.5888153115908304,0.14299988123076923,0.7514765538461539,0.10552358153846154
2021-03-24,4.136823,4.236592,4.236592,4.052959,4548434,-0.8966623544692993,0.3409891471666667,0.5037403189999999,0.1552705221
2021-03-25,4.214903,4.203336,4.225025,4.129593,2404594,0.356579174598058,0.23687971231711663,0.6276536540429731,0.13546666104798402
2021-03-26,4.24093,4.245268,4.300214,4.233701,2236782,0.0229539956365312,0.36324698,0.56225485,0.07449822
2021-03-29,4.235147,4.261173,4.332024,4.20912,2116580,-0.0143442034721374,0.9292721,0.033209983,0.037517905
2021-03-30,4.311781,4.365281,4.369619,4.291538,1499132,0.2893103361129761,0.0629066085,0.89759415,0.039499251
2021-03-31,4.366727,4.279971,4.384078,4.275633,1988585,0.4586494820458548,0.0,1.088689592078146,0.05919599288549632
2021-04-01,4.265511,4.230809,4.265511,4.167188,2203169,-0.2694045106569926,0.11278514,0.86063665,0.02657818
2021-04-06,4.24093,4.19466,4.288646,4.19466,2034249,0.9447723478078842,0.2493846414535176,0.8749294259736426,0.0
2021-04-07,4.19466,4.227917,4.236592,4.145499,2329916,-0.1427228252092997,0.2572753537875588,1.0483488386572635,0.0
2021-04-08,4.246714,4.24816,4.262619,4.164296,2209946,0.2494797905286153,0.10863189,0.8815804,0.009787683
2021-04-09,4.252498,4.230809,4.262619,4.213458,1144539,0.02552011013031,0.031858146,0.37477934,0.5933625
2021-04-12,4.235147,4.216349,4.24816,4.185985,1278126,-0.3373050987720489,0.93495566,0.026730843,0.03831356
2021-04-13,4.243822,4.196106,4.29443,4.15562,2996279,0.4556739926338196,0.459317511,0.0345611915,0.506121285
2021-04-14,4.207674,4.214903,4.220687,4.159958,1968295,0.0,0.15616362,0.8355204,0.008315962
2021-04-15,4.220687,4.131039,4.268403,4.131039,2584106,0.2149475067853927,0.048940769,0.9261995519999999,0.024859684
2021-04-16,4.159958,4.193214,4.210566,4.146944,3611741,0.0774485043116978,0.15483993,0.836846,0.008314049
2021-04-19,4.203336,4.259727,4.292984,4.180201,2284461,0.0322458491969711,0.297292681,0.37575643,0.3269508976666667
2021-04-20,4.262619,4.07754,4.265511,4.07754,2927766,0.19770649002643,0.4941834325,0.47934669,0.026469893
2021-04-21,4.120918,4.048621,4.152728,3.990783,3422438,0.5738304268000747,0.1004981224,0.765810472,0.13369139940000002
2021-04-22,4.052959,3.993675,4.07031,3.940176,4597871,0.8649594354220425,0.27537741288235296,0.5278106861764705,0.19681189545882355
2021-04-23,4.012472,4.058742,4.099229,3.982108,3028075,0.7754352917964711,0.06818126,0.92063296,0.0111857755
2021-04-26,4.05585,4.168633,4.180201,3.957527,2863772,0.3052579959233601,0.029154928,0.478662302,0.49218273625
2021-04-27,4.168633,4.214903,4.230809,4.142607,3295671,-0.3232782840728759,0.6090409866666667,0.36725309,0.023705957333333333
2021-04-28,4.251052,4.305997,4.356605,4.214903,4522941,-0.1152894099553426,0.32921235666666665,0.4998481533333334,0.17093945433333332
2021-04-29,4.582,4.567,4.699,4.51,12156249,-0.4853968024253845,0.383993945,0.38189810175,0.2341079505
2021-04-30,4.599,4.557,4.646,4.557,5440366,0.2524274775856419,0.047596297221704276,0.48463307395447053,0.4677706766922058
2021-05-03,4.571,4.568,4.587,4.51,2064974,0.435740406696613,0.029850128,0.4750038245,0.49514611
2021-05-04,4.564,4.517,4.634,4.51,2903142,0.2007805307706197,0.91184227,0.0497302155,0.038427528249999995
2021-05-05,4.562,4.637,4.639,4.55,2981647,0.2881292223930359,0.9449744,0.025027739,0.029997803
2021-05-06,4.641,4.674,4.683,4.6,3864072,0.4139878153800964,0.3446498923333334,0.624337445,0.031012614333333337
2021-05-07,4.695,4.696,4.79,4.673,4181757,0.3010699417856004,0.70543773,0.2761266015,0.0184356285
2021-05-10,4.763,4.814,4.859,4.75,3340149,0.2500904666052924,0.08443285,0.8840433,0.03152386
2021-05-11,4.8,4.719,4.835,4.699,3969575,0.3620293855667114,0.8570497,0.11662816,0.026322082
2021-05-12,4.72,4.741,4.767,4.621,2664187,0.4414050579071045,0.013396409,0.01760178675,0.969001835
2021-05-13,4.668,4.703,4.71,4.625,2377456,-0.0972569435834884,0.041941453,0.9180351,0.040023442
2021-05-14,4.74,4.784,4.79,4.735,2305728,0.492015140397208,0.12446143850000001,0.7024889973333334,0.17304957349999997
2021-05-17,4.8,4.779,4.818,4.735,2051102,-0.0176192311679615,0.09359195462143191,0.6350369644227629,0.2713710947584935
2021-05-18,4.813,4.755,4.835,4.75,1905305,-0.015830839673678,0.02453581620076911,0.8712618924789987,0.10420228763940154
2021-05-19,4.73,4.703,4.78,4.648,2774977,-0.1791009128093719,0.30276819,0.6727465699999999,0.024485227
2021-05-20,4.736,4.714,4.748,4.671,1608457,-0.1629452797082754,0.8887337,0.04159868,0.06966761
2021-05-21,4.717,4.779,4.779,4.697,2522057,0.1843043476343155,1.1596249233240326,0.0,0.1114935447403921
2021-05-24,4.79,4.739,4.79,4.723,889993,0.065221793949604,1.0116406228259747,0.0,0.12858704923800804
2021-05-25,4.751,4.741,4.785,4.72,1431529,-0.125792771577835,0.4447807985058272,0.43427111719233835,0.12094812349284786
2021-05-26,4.735,4.666,4.746,4.624,2806901,0.0838619569937388,0.0,1.3246790602229006,0.09290284873788203
2021-05-27,4.66,4.709,4.756,4.645,4278553,0.1927007299203139,0.0,1.7648034333821498,0.07040771237093352
2021-05-28,4.739,4.68,4.745,4.647,2398314,-0.0126229286193847,0.0,1.6269454466411832,0.05778879562497285
2021-05-31,4.7,4.69,4.727,4.662,1247114,-0.4161368608474731,0.0338488145,0.9111051,0.0550460985
2021-06-01,4.719,4.689,4.726,4.672,1760598,0.6854881167411804,0.9237839,0.02248391,0.053732146
2021-06-02,4.695,4.679,4.708,4.642,2219950,0.1084176540374755,0.018764531,0.9489867,0.032248694
2021-06-03,4.671,4.7,4.716,4.65,2365519,0.1638798897082989,0.0,1.435989331203955,0.15666790261068805
2021-06-04,4.695,4.599,4.7,4.583,2579098,0.0626769363880157,0.0,1.04018752772229,0.4560763776831812
2021-06-07,4.55,4.572,4.574,4.521,2762278,0.1958657247679574,0.0,0.3681889336294806,0.774714812414084
2021-06-08,4.55,4.506,4.584,4.484,2292540,0.5161149899164835,0.016574979,0.026601193,0.9568239
2021-06-09,4.513,4.451,4.547,4.443,2574824,-0.2725481986999511,0.0147730475,0.0201717,0.96505517
2021-06-10,4.475,4.478,4.576,4.455,1954458,0.2337906062602996,0.04729730066395425,0.3773848196263882,0.5753177997685067
2021-06-11,4.467,4.468,4.496,4.419,1459363,-0.2885560095310211,0.16626791,0.7262369466666666,0.10749513433333334
2021-06-14,4.502,4.51,4.524,4.479,1917939,-0.31761101881663,0.3912039291725321,0.6899770817421857,0.0
2021-06-15,4.53,4.435,4.53,4.43,2245423,-0.1993309378623962,0.42246507,0.557603885,0.019931022
2021-06-16,4.481,4.358,4.506,4.326,2534565,-0.4871825575828552,0.14798557099999998,0.5153311766666667,0.3366832256666667
2021-06-17,4.38,4.328,4.483,4.318,4281061,-0.6454762816429138,0.4182856305,0.0954579975,0.4862564335
2021-06-18,4.318,4.23,4.346,4.195,5263584,-0.6945909602301461,0.014421723,0.012780076,0.97279817
2021-06-21,4.18,4.206,4.22,4.122,2515103,-0.1092929542064666,0.0089454735,0.017255437,0.97379905
2021-06-22,4.235,4.273,4.29,4.211,3426064,0.3432025909423828,0.0,0.3909607120643659,0.6288409941855406
2021-06-23,4.3,4.279,4.324,4.252,1570394,0.2353358219067255,0.0,1.0217025167978122,0.09533000602904833
2021-06-24,4.302,4.329,4.367,4.265,1354993,-0.0847346385320027,0.11067949,0.877776,0.011544438
2021-06-25,4.329,4.353,4.377,4.318,1181525,0.4691054224967956,0.6143711,0.020765742,0.36486316
2021-06-28,4.357,4.266,4.367,4.266,1383190,0.1731594800949096,0.7068349259429847,0.0,0.4412810389691955
2021-06-29,4.263,4.259,4.321,4.238,1526039,-0.2610987722873688,0.36438778914294445,0.4459733142332112,0.18963893139369484
2021-06-30,4.25,4.239,4.275,4.21,1565958,-0.3998005092144012,0.13213790675,0.8508749975000001,0.01698710925
2021-07-01,4.266,4.3,4.32,4.242,1650686,-0.0103396375974019,0.09949517499999999,0.8298938,0.070611016
2021-07-02,4.319,4.217,4.325,4.211,1598977,1.5312975103204902e-05,0.23177248333333333,0.16617119800000002,0.6020563306666666
2021-07-05,4.22,4.305,4.309,4.21,824680,-0.330803374449412,0.3712987335133446,0.28863477200936055,0.3400665260846426
2021-07-06,4.298,4.182,4.308,4.177,1955869,-0.0021337643265724,0.34758996999999997,0.63978094,0.012629096
2021-07-07,4.185,4.172,4.219,4.127,1509384,0.0,0.08513815,0.430389013,0.48447278850000003
2021-07-08,4.111,4.107,4.132,4.059,1545952,-0.4742059012254079,0.01075734,0.016087351,0.9731554
2021-07-09,4.162,4.247,4.256,4.118,1856812,-0.1652562419573466,0.320557585,0.448604051,0.23083839099999998
2021-07-12,4.26,4.259,4.278,4.178,1559448,0.9334796667099,0.934811,0.027015764,0.038173236
2021-07-13,4.221,4.195,4.258,4.188,2027483,0.3749830603599548,0.089573223,0.7745641639999999,0.1358626054
2021-07-14,4.26,4.3,4.376,4.251,3351832,0.3112792372703552,0.065060708,0.9128649,0.0220743845
2021-07-15,4.302,4.284,4.302,4.234,1739565,-0.0024069462503705,0.17003214,0.8121905,0.0177774
2021-07-16,4.315,4.213,4.355,4.2,2172824,-0.6126694083213806,0.058471159499999995,0.448756316,0.492772533
2021-07-19,4.197,4.109,4.202,4.062,1977651,-0.9623712201913198,0.0,0.3618640584094309,0.7143714792267588
2021-07-20,4.156,4.213,4.237,4.125,2561245,0.1748084690835741,0.0,0.5704197813423522,0.5876416847494869
2021-07-21,4.238,4.31,4.33,4.223,2810825,0.6480626583099365,0.043319257,0.605923355,0.35075738700000003
2021-07-22,4.35,4.382,4.462,4.273,4874883,0.1216613584094577,0.4227331591666667,0.49098599583333336,0.08628085461111112
2021-07-23,4.461,4.49,4.57,4.42,3279603,0.2515261173248291,0.25042810633333334,0.7235759666666667,0.025995948666666668
2021-07-26,4.5,4.609,4.619,4.408,2324666,0.3669957995414734,0.17253102246172902,0.7671928448361819,0.060276151873552015
2021-07-27,4.579,4.56,4.582,4.506,1668360,0.2862271964550018,0.32065658378606493,0.5156374646616724,0.16370595095055185
2021-07-28,4.577,4.551,4.601,4.527,1668067,0.4367506504058838,0.6288682120989528,0.060649147860178186,0.3104826081415767
2021-07-29,4.579,4.618,4.666,4.537,1893489,0.3494187156359354,0.7015464381560607,0.0,0.34578969691008926
2021-07-30,4.597,4.607,4.615,4.543,1992199,-0.0882165630658467,0.47275468375,0.283420817,0.24382447950000002
2021-08-02,4.64,4.586,4.676,4.579,1891399,0.198102229171329,0.034628141,0.920383885,0.0449879955
2021-08-03,4.6,4.618,4.675,4.559,1599117,0.2885611255963643,0.0,1.0683355907838041,0.0
2021-08-04,4.638,4.669,4.67,4.598,1065713,-0.0405450999736785,0.0327654,0.947791,0.019443624
2021-08-05,4.629,4.701,4.71,4.629,1475774,-0.1552849411964416,0.0648165124021485,0.9118014179555312,0.023382064257892254
2021-08-06,4.72,4.82,4.828,4.691,2458428,0.7669178247451782,0.06715587,0.918411,0.01443311
2021-08-09,4.804,4.85,4.85,4.781,1950963,0.4444487690925598,0.07080804296567197,0.9256639014830081,0.0035280680104103745
2021-08-10,4.85,4.794,4.85,4.731,1692605,0.2137627452611923,0.08101196,0.9077807,0.011207378
2021-08-11,4.837,4.869,4.869,4.797,1490427,0.4270910620689392,0.1030065498038196,0.8389819731464191,0.0580114796796455
2021-08-12,4.869,4.861,4.909,4.825,1551949,0.0,0.12327119933333335,0.809374,0.06735476633333333
2021-08-13,4.846,4.879,4.91,4.84,1214667,-0.4016159772872925,0.11808807866666667,0.8614156333333334,0.020496267000000002
2021-08-16,4.832,4.841,4.882,4.818,1154855,-0.7290040254592896,0.026273886535357727,0.7092223153155566,0.2645037962093458
2021-08-17,4.8,4.794,4.834,4.775,1280035,-0.4844138547778129,0.092345817,0.42245596199999996,0.4851982275
2021-08-18,4.78,4.92,4.94,4.78,2075550,-0.0108594059944152,0.5710182809992639,0.11842591574513725,0.31055579865564253
2021-08-19,4.815,4.804,4.875,4.79,1761859,0.0077295958995819,0.94442856,0.027433122,0.028138286
2021-08-20,4.803,4.791,4.816,4.726,1622445,-0.8121316688401359,0.6947139354690581,0.3797785262136201,0.0
2021-08-23,4.839,4.856,4.875,4.807,841222,0.303256611029307,0.018401272982867284,1.005765609661872,0.0
2021-08-24,4.885,4.87,4.885,4.809,913428,0.0,0.094651766,0.88721526,0.0181329
2021-08-25,4.87,4.988,4.988,4.849,1443613,0.0,0.9474463,0.023013351,0.029540388
2021-08-26,4.953,4.945,5.006,4.933,1385617,0.3150624533494313,1.5415089944015572,0.0,0.033836885331717456
2021-08-27,4.927,5.01,5.01,4.921,1114860,-0.3241885801156361,1.704293869107787,0.0,0.03498596145920441
2021-08-30,5.0,4.914,5.006,4.904,1221092,-0.0023752450942993,1.4358009241186889,0.0,0.03298761638246087
2021-08-31,4.91,4.963,4.971,4.85,1668616,0.0217234747750418,1.019346532658771,0.0,0.029006186165170464
2021-09-01,4.94,5.026,5.028,4.94,2359553,0.8032406057630267,0.7382470679525415,0.23754695760581265,0.024206006871016848
2021-09-02,5.014,4.989,5.052,4.936,2792931,-0.5208503119647503,0.59250253,0.3889104,0.0185870785
2021-09-03,4.984,4.94,4.988,4.91,1862592,-0.1393018364906311,0.5821129188011467,0.40573767656169885,0.01214940105211993
2021-09-06,4.954,4.97,4.987,4.944,822147,0.3715829968452454,0.6490772130599256,0.3446635837145059,0.0062591967022910715
2021-09-07,4.984,5.008,5.028,4.968,1364353,-0.1171826124191284,0.44538928499999997,0.5454969000000001,0.009113798499999999
2021-09-08,4.98,4.921,4.993,4.897,1573694,-0.1945274710655212,0.03377915,0.9472195,0.019001316
2021-09-09,4.881,4.938,4.965,4.864,1231314,0.2024273991584778,0.13863302810804398,0.8439138526638377,0.01745307348132421
2021-09-10,4.965,4.868,4.965,4.864,1522618,0.0874659195542335,0.7041538078130044,0.2897367194322137,0.006109422376315723
2021-09-13,4.91,4.943,4.95,4.857,1138183,0.0117505590120951,0.6711726,0.3155462,0.013281147
2021-09-14,4.95,4.93,4.995,4.907,1557258,0.461746871471405,0.050419368,0.91253275,0.03704783
2021-09-15,4.929,4.927,4.984,4.912,1537481,0.3445733586947123,0.0,0.9969810035341617,0.03757618294702798
2021-09-16,4.943,4.966,5.024,4.943,2529481,0.4587196931242943,0.1419533785,0.8433099175000001,0.014736692499999999
2021-09-17,5.018,4.976,5.066,4.966,4713679,0.612147245142195,0.11840358900098968,0.9065576764447052,0.0
2021-09-20,4.9,4.814,4.903,4.691,3576815,-0.4790273209412892,0.028291106,0.8787349,0.09297399
2021-09-21,4.845,4.882,4.934,4.836,1904547,-0.1861033548008311,0.005113623080357389,0.4518522077976076,0.5430341867166919
2021-09-22,4.94,4.949,4.97,4.888,1526522,0.2865773178637028,0.015785225,0.023398092,0.9608167
2021-09-23,4.971,5.036,5.068,4.965,2064721,0.4157634810967879,0.028754870000000002,0.088621203,0.8826239
2021-09-24,5.04,5.096,5.096,5.016,2002437,0.6083590586980184,0.16757835349999997,0.804324475,0.028097160333333333
2021-09-27,5.12,5.248,5.256,5.08,3036594,0.4806828081607818,0.8055844,0.18541194,0.009003679
2021-09-28,5.27,5.114,5.3,5.114,2649051,0.5603467490937974,0.48373619500000004,0.4851463115,0.031117505499999996
2021-09-29,5.05,5.062,5.11,5.014,2013132,0.3680808186531067,0.7617251881607298,0.4524331919008027,0.0
2021-09-30,5.098,5.068,5.114,5.038,1947068,0.0565186440944671,0.8592219,0.13169938,0.0090787485
2021-10-01,5.0,5.052,5.052,4.96,2186861,-0.2807601775441851,0.022033216,0.033819437,0.9441473
2021-10-04,5.09,5.044,5.12,5.01,1399984,-0.0058851937452952,0.09995503,0.8846531,0.015391839
2021-10-05,5.066,5.198,5.198,5.04,1973490,0.112001085281372,0.34545786429715886,0.9032742217015034,0.0
2021-10-06,5.17,5.114,5.194,5.09,1934967,0.129672494801608,0.48901450500000004,0.4760613755,0.0349241505
2021-10-07,5.188,5.176,5.194,5.08,2285095,-0.3496842554637364,0.4420969599329421,0.31543360967355627,0.24246946794489468
2021-10-08,5.17,5.192,5.244,5.166,1515420,0.0263177887959913,0.23607553570830409,0.40861963320596695,0.35530485769545384
2021-10-11,5.208,5.136,5.236,5.11,1615856,0.2233282625675201,0.059172072,0.6789917,0.2618362415
2021-10-12,5.07,5.222,5.228,5.024,2542644,-0.2028226733207702,0.07084471233333334,0.9122992666666666,0.016856022
2021-10-13,5.214,5.006,5.218,4.903,6244452,-0.2104403045442369,0.66400522,0.32103339,0.014961370500000001
2021-10-14,5.06,5.016,5.09,5.012,1849019,0.0658505233851346,0.08768749,0.87247705,0.039835386
2021-10-15,5.05,5.15,5.166,5.05,2601313,0.0754515180985132,0.08552063,0.90077746,0.013701899
2021-10-18,5.1,5.02,5.132,5.014,2679473,-0.0047413706779479,0.23750580000000002,0.55892829,0.20356589520000004
2021-10-19,5.038,5.106,5.112,5.018,1995600,-0.1569803101675851,0.27616902482260763,0.4923815418384919,0.23144942224863208
2021-10-20,5.084,5.064,5.136,5.024,2019325,-0.1798292615196921,0.266777957125,0.474662594125,0.25855945425
2021-10-21,5.0,4.785,5.01,4.732,8820778,-0.0250348349412282,0.2518607208888889,0.3532202498888889,0.39491904564444447
2021-10-22,4.8,4.722,4.846,4.704,5937968,0.6150573293368021,0.03715534,0.9202084,0.04263626
2021-10-25,4.739,4.755,4.84,4.733,3507466,0.1720556378364563,0.06318086527404464,0.9809493877636142,0.0
2021-10-26,4.755,4.705,4.798,4.705,2592102,-0.4796260148286819,0.09853382499999999,0.8766777,0.0247884785
2021-10-27,4.748,4.708,4.766,4.66,2211444,-0.3878660678863525,0.071522735,0.9182282,0.010249066
2021-10-28,4.7,4.767,4.788,4.648,2400048,0.1295705863407679,0.9135179,0.07747354,0.009008594
2021-10-29,4.798,4.762,4.814,4.731,2524809,0.8080102875828743,0.17618221,0.8166339,0.0071839113
2021-11-01,4.838,4.909,4.957,4.785,3618007,0.6842479854822159,0.0,1.2952544593868363,0.0141174240094314
2021-11-02,4.909,4.857,4.91,4.818,1944649,0.1735011637210846,0.0,1.1901919176894669,0.02717380085879581
2021-11-03,4.866,4.903,4.923,4.839,2450680,-0.6497023304303488,0.062451072,0.9219208,0.015628107
2021-11-04,4.958,4.878,5.014,4.85,2545036,-0.4470680256684621,0.46512025783653105,0.5605201938337872,0.0
2021-11-05,4.881,4.967,5.004,4.876,2585261,0.0471872448921203,0.5862091,0.4035238,0.010267084
2021-11-08,4.98,4.955,5.008,4.943,2328941,-0.1339108645915985,0.1600678862,0.656732616,0.1831995206
2021-11-09,4.95,4.904,4.976,4.894,1409587,0.2045109719038009,0.019394713612962494,0.7697504219869284,0.21085489301215987
2021-11-10,4.903,4.97,4.988,4.901,2316672,0.689000278711319,0.21926903280540483,0.6991818442087375,0.08154912312323956
2021-11-11,4.974,4.975,5.01,4.95,1788700,0.2972873449325561,0.25746945,0.73505086,0.007479679
2021-11-12,4.97,4.977,4.977,4.902,1598223,0.0967446735927036,0.08821079,0.8647115,0.047077708
2021-11-15,4.943,4.972,5.008,4.908,1811994,0.0842025365148271,0.055306814999999995,0.71966434,0.22502884850000002
2021-11-16,4.97,4.914,4.982,4.913,1561301,-0.156642198562622,0.67621454,0.3121587633333333,0.011626733666666667
2021-11-17,4.918,4.77,4.918,4.761,2909774,-0.2304700091481208,0.86140716,0.130832,0.0077608046
2021-11-18,4.761,4.699,4.777,4.678,2424091,-0.3242779440350002,0.86140716,0.130832,0.0077608046
2021-11-19,4.731,4.557,4.739,4.544,2588427,-0.5845394372940064,0.1103560485,0.73794497,0.15169904475
2021-11-22,4.57,4.602,4.625,4.558,1977939,-0.132009873787562,0.0,0.6696048055806316,0.337774337830356
2021-11-23,4.583,4.583,4.645,4.533,1934424,0.2364891320466995,0.14993292,0.36441768,0.485649376
2021-11-24,4.594,4.573,4.632,4.55,1709175,0.5345349141529628,0.12821290999999999,0.38019631800000003,0.49159081149999995
2021-11-25,4.575,4.547,4.575,4.509,941561,-0.3294586688280105,0.5655705153333334,0.10551450233333333,0.328915011
2021-11-26,4.4,4.306,4.431,4.04,4334206,-0.3226633071899414,0.0091858385,0.034648202,0.9561659
2021-11-29,4.385,4.357,4.437,4.335,2973327,-0.43245530128479,0.053725563,0.9333424,0.012932046
2021-11-30,4.3,4.344,4.4,4.268,3087846,-0.3550944924354553,0.2840526825017061,0.9352217422517985,0.0
2021-12-01,4.355,4.395,4.42,4.342,2129760,0.1275672763586044,0.48513746,0.5058097,0.009052803
2021-12-02,4.34,4.388,4.407,4.323,1850958,0.0034450531005859,0.5779475073333334,0.40670160333333333,0.015350932
2021-12-03,4.409,4.337,4.415,4.318,1484627,-0.1952303250630696,0.6222533990050377,0.3758194483457134,0.0019272600202088373
2021-12-06,4.378,4.419,4.439,4.351,1180741,0.409266197681427,0.6280168974323347,0.3694835677194592,0.00249967186842276
2021-12-07,4.466,4.415,4.466,4.39,1805586,0.2934625347455342,0.6489540739767977,0.34362624906680883,0.007419807907425301
2021-12-08,4.425,4.388,4.458,4.347,1857434,-0.4874188899993896,0.738781,0.25417978,0.0070393085
2021-12-09,4.4,4.343,4.415,4.34,1654116,0.7044488489627838,0.8974976755019415,0.10114416051903274,0.001358173646146858
2021-12-10,4.34,4.307,4.354,4.295,943017,0.008101612329483,1.050692728822395,0.0,0.0
2021-12-13,4.322,4.267,4.352,4.249,1523455,-0.6393601468631199,0.75189793,0.23898345,0.009118526
2021-12-14,4.288,4.4,4.435,4.277,2385214,0.1713274002075195,0.059461847,0.8979460349999999,0.042592103500000006
2021-12-15,4.406,4.389,4.424,4.381,2129941,0.0,0.0,1.1786224055078012,0.051433492662454824
2021-12-16,4.45,4.371,4.5,4.354,2283142,0.3347264130910237,0.0,1.0315551372252363,0.03384279221793106
2021-12-17,4.35,4.323,4.386,4.291,2656433,-0.1124424338340759,0.06441992,0.9133042,0.022275852
2021-12-20,4.236,4.26,4.308,4.186,1403679,-0.3665002882480621,0.07789508203908538,0.8999629221400417,0.02214198031425684
2021-12-21,4.301,4.361,4.377,4.3,1369947,-0.0545215776988438,0.05393531433333334,0.9228288766666667,0.023235809166666666
2021-12-22,4.363,4.392,4.409,4.354,732571,0.4713852107524872,0.05938421133333333,0.9236781433333333,0.016937645666666667
2021-12-23,4.408,4.5,4.513,4.402,1783893,0.0,0.02185671300115545,0.9653817625329564,0.012761540435089543
2021-12-27,4.499,4.543,4.552,4.471,1354314,0.6548834562301635,0.11435082,0.8697755,0.015873713
2021-12-28,4.488,4.476,4.564,4.47,1026985,0.8706856071949005,0.5219287096660556,0.44821661473677615,0.02985470778599064
2021-12-29,4.5,4.52,4.52,4.469,1297460,0.8717571198940277,0.8443005100000001,0.11511915,0.040580345000000004
2021-12-30,4.526,4.509,4.542,4.482,1368196,0.2732136026024818,0.6811763490025116,0.2848971490463876,0.03392644484896666
2022-01-03,4.533,4.563,4.574,4.51,1267224,0.174077832698822,0.56791923,0.40139885999999997,0.030681856
2022-01-04,4.589,4.66,4.679,4.565,2099434,0.7315574407577514,0.9042371733333333,0.05197231733333333,0.043790559
2022-01-05,4.64,4.683,4.719,4.636,1753199,0.468758076429367,0.9417966,0.025465189,0.03273817
2022-01-06,4.652,4.813,4.823,4.636,2665580,0.5504051446914673,0.92102146,0.05253991,0.026438726
2022-01-07,4.843,4.845,4.902,4.805,2628475,0.6493757102224562,0.8025141893706231,0.18145912703762984,0.016026787191112044
2022-01-10,4.876,4.798,4.889,4.782,2496396,0.7074687991823468,0.664094715,0.324196383,0.011708926
2022-01-11,4.792,4.827,4.865,4.792,1761336,0.2358223284993852,0.5749284386666667,0.4024777786666667,0.022593764
2022-01-12,4.849,4.979,4.98,4.849,3496284,-0.7195843160152435,0.49326486999999997,0.473746577,0.032988557
2022-01-13,4.97,5.032,5.032,4.95,2223828,0.500221848487854,0.8912328700000001,0.045024533,0.063742618
2022-01-14,4.99,4.993,5.016,4.924,2868683,-0.0333787649869918,0.7275576275838743,0.23151547564665698,0.04092689845002198
2022-01-17,5.04,5.172,5.196,5.018,4309073,0.1856057246526082,0.5120672525,0.4688198125,0.0191129205
2022-01-18,5.138,5.216,5.366,5.136,6047475,0.4989308498122475,0.7730053566666667,0.18590042333333334,0.041094226000000005
2022-01-19,5.22,5.124,5.256,5.074,4129074,-0.1128594055771827,0.5679352066666666,0.41973678666666664,0.012328015999999999
2022-01-20,5.126,5.07,5.184,5.034,3940351,-0.5822599291801452,0.3205877111428571,0.5337861634761906,0.14562611957142857
2022-01-21,5.07,5.178,5.178,4.987,5769585,-0.4870137870311737,0.094971115,0.885423325,0.019605557500000002
2022-01-24,5.166,5.042,5.218,4.974,4200776,-0.5631528273224831,0.4164898832857143,0.43187959385714286,0.15163051142857142
2022-01-25,5.08,5.156,5.172,5.052,4512075,0.0955671800507439,0.9120064,0.075971365,0.012022369
2022-01-26,5.18,5.298,5.322,5.178,3088623,0.5820242986083031,0.5002977000000001,0.466689448,0.033012826
2022-01-27,5.24,5.364,5.43,5.234,3818007,0.3255798369646072,0.265359036,0.5860614533333334,0.1485795135
2022-01-28,5.39,5.276,5.39,5.242,3214403,-0.1133347021208869,0.44348094375847097,0.4560553269566469,0.10046377778266107
2022-01-31,5.36,5.19,5.38,5.17,3399906,-0.003767933164324,0.9158048326631902,0.16445573661020896,0.0
2022-02-01,5.25,5.324,5.34,5.226,2342208,0.3242801702939547,0.9477429,0.021591488,0.030665679
2022-02-02,5.36,5.302,5.368,5.274,2759684,0.5768665671348572,0.6125553496666666,0.04594285,0.34150185033333336
2022-02-03,5.3,5.47,5.482,5.284,4197000,0.5186050832271576,0.9130359,0.041476455,0.045487653
2022-02-04,5.522,5.626,5.65,5.478,5838116,0.2578756958246231,1.0167442087664345,0.0,0.0
2022-02-07,5.682,5.67,5.708,5.538,4205928,0.2968842106607084,0.892191705,0.046104237500000006,0.061704053499999995
2022-02-08,5.7,5.862,5.894,5.67,3994962,0.436235500233514,0.6944738936,0.28518294860000004,0.020343191099999998
2022-02-09,5.904,5.99,5.99,5.824,4505030,0.4309659972786903,0.5072229015,0.47128837775,0.02148874075
2022-02-10,5.952,6.05,6.068,5.952,4743752,0.4603627094855675,0.434993772,0.5410565516,0.0239496962
2022-02-11,5.99,5.98,6.08,5.924,3459316,0.3019029100735982,0.94693655,0.037906047,0.0151573075
2022-02-14,5.812,5.838,5.9,5.66,3652177,-0.0153137337077747,0.4961121625,0.30203141733333333,0.20185640816666664
2022-02-15,5.728,5.786,5.906,5.724,4064108,0.4383262606228099,0.6036827025,0.31888857,0.07742871875
2022-02-16,5.84,5.796,5.894,5.77,2290736,0.118910399350253,0.51233845,0.465928243,0.021733261
2022-02-17,5.778,5.668,5.806,5.638,3315315,-0.2660549640655517,0.5398200525,0.42069496424999997,0.0394850335
2022-02-18,5.67,5.634,5.728,5.588,4147357,-0.2794924054414716,0.060728490499999996,0.48094325,0.45832827049999997
2022-02-21,5.662,5.524,5.704,5.506,2072463,-0.0603665808836619,0.5720421133333334,0.38895906799999996,0.03899881
2022-02-22,5.374,5.468,5.554,5.282,2842560,0.1086750030517578,0.507617976,0.4767410505,0.015641006
2022-02-23,5.54,5.39,5.56,5.346,2791735,-0.2793725430965423,0.317114453875,0.6673991925,0.015486342575000001
2022-02-24,5.28,5.118,5.304,5.004,6561207,-0.5975032286210493,0.3288410766666667,0.6466563333333334,0.024502619
2022-02-25,5.168,5.24,5.326,5.054,5253506,0.2277326318952772,0.16294055237814692,0.3650443188243846,0.4720151671560093
2022-02-28,5.05,5.096,5.12,4.985,4868009,0.1316375136375427,0.0,0.0,1.215048439404481
2022-03-01,5.09,4.773,5.186,4.773,5647612,0.0,0.009070419,0.020751685,0.9701779
2022-03-02,4.761,4.796,4.816,4.604,6213558,0.0773523300886154,0.48878401,0.50022512,0.010990895
2022-03-03,4.822,4.684,4.849,4.654,3476020,-0.106755687130822,0.102083975,0.272222145,0.6256938479999999
2022-03-04,4.626,4.406,4.638,4.406,5127904,-0.205498674086162,0.28743361466666667,0.6888184599999999,0.02374796733333333
2022-03-07,4.228,4.181,4.289,4.006,9020343,-0.5536163970828056,0.3251164065,0.27670322133333336,0.398180375
2022-03-08,4.118,4.311,4.483,4.103,6289758,0.3621429979801178,0.9399143,0.023007954,0.037077796
2022-03-09,4.55,4.68,4.68,4.466,6023296,0.3945622529302324,0.48712206150000004,0.405407645,0.10747030075
2022-03-10,4.724,4.83,4.905,4.619,6404691,0.5123569170633951,0.9048321,0.08358794,0.011579988
2022-03-11,4.893,4.947,5.162,4.849,5666065,0.3037483294804891,0.05252350833333334,0.68200289,0.26547360233333334
2022-03-14,5.042,5.046,5.116,4.99,3538274,0.2769231429466834,0.34694119133333334,0.6281438666666667,0.024914932666666667
2022-03-15,4.948,5.092,5.114,4.896,3344237,-0.2368868142366409,0.484841129,0.020783410750000002,0.49437546600000004
2022-03-16,5.238,5.356,5.5,5.186,7074825,0.1886167228221893,0.741671875,0.248243968,0.0100842085
2022-03-17,5.406,5.354,5.436,5.214,3480392,-0.2680114507675171,0.5736269125,0.4118141415,0.014558942
2022-03-18,5.338,5.284,5.36,5.204,4453067,-0.0821951519359241,0.6731882291046654,0.24103160737680202,0.08578013534771096
2022-03-21,5.22,5.278,5.37,5.22,2148670,0.0062091946601867,1.0473060440609254,0.0,0.0963089317217991
2022-03-22,5.328,5.498,5.518,5.308,3849916,0.2571787416934967,0.9111003,0.060626585,0.028273117
2022-03-23,5.51,5.252,5.518,5.222,3177634,-0.4168912309866685,0.2626346031666667,0.6501473226666666,0.08721806341666666
2022-03-24,5.25,5.182,5.32,5.14,2770653,0.1040248423814773,0.009687064,0.017525673,0.97278726
2022-03-25,5.17,5.164,5.216,5.082,2256935,-0.1483196338017781,0.6164303983333334,0.09518687833333334,0.28838273633333333
2022-03-28,5.12,5.104,5.238,5.096,1719930,0.9328411966562272,0.010509554,0.014884594,0.97460586
2022-03-29,5.24,5.45,5.46,5.206,3740179,0.2825989998303927,0.7867654,0.197936185,0.015298368500000001
2022-03-30,5.4,5.41,5.47,5.36,2518759,0.2232932556759227,0.09972413524999998,0.644144138875,0.256131718
2022-03-31,5.398,5.324,5.502,5.312,2548242,0.050031338419233,0.45875244666666665,0.5278279766666667,0.013419495666666665
2022-04-01,5.456,5.386,5.456,5.378,1860107,0.4199748039245605,0.4575044613333333,0.52659294,0.015902557666666668
2022-04-04,5.39,5.362,5.41,5.33,1353182,0.1819253076206554,0.84382959,0.1438809265,0.012289463
2022-04-05,5.372,5.372,5.4,5.314,2331117,0.0939550237222151,0.6930055465,0.29069188925,0.01630253875
2022-04-06,5.346,5.134,5.418,5.088,3846618,0.0481704335946303,0.51624284325,0.4573535495,0.026403615749999998
2022-04-07,5.174,5.258,5.388,5.102,3594878,0.6116516590118408,0.8131536,0.17302772666666666,0.013818703433333334
2022-04-08,5.292,5.422,5.474,5.292,3346201,0.3313536465167999,0.8634683,0.12023005,0.016301665
2022-04-11,5.45,5.314,5.46,5.306,1945536,0.5848157405853271,0.8558338333333334,0.11538208666666666,0.028784049000000003
2022-04-12,5.23,5.164,5.254,5.118,3753124,0.0597095241149266,0.877477855,0.10591901100000001,0.016603095999999998
2022-04-13,5.192,5.178,5.254,5.158,1805624,0.5156344652175904,0.32745906966666666,0.6475559,0.024985040666666666
2022-04-14,5.25,5.278,5.304,5.204,2186491,0.2684929900699191,0.8646311,0.118673615,0.016695311
2022-04-19,5.25,5.284,5.32,5.186,1649744,0.6305725971857706,0.8646311,0.118673615,0.016695311
2022-04-20,5.312,5.398,5.448,5.31,2932723,0.1238581708499363,0.7609950166666667,0.2185980066666667,0.020406974666666668
2022-04-21,5.42,5.602,5.682,5.384,4077266,0.2956745674212773,0.574312599375,0.264526278125,0.16116110518750001
2022-04-22,5.68,5.57,5.766,5.532,3499578,0.4321726390293666,0.3451765976,0.6347351480000001,0.0200882758
2022-04-25,5.518,5.604,5.66,5.424,2770372,0.0649404839465492,0.41468407620000003,0.379040262,0.2062756588
2022-04-26,5.686,5.43,5.692,5.426,2776546,-0.1607908227226951,0.5677606972,0.22062337159999998,0.21161589479999998
2022-04-27,5.488,5.532,5.532,5.384,3194352,0.4468553140759468,0.5959638353333333,0.072378031,0.3316580913333333
2022-04-28,5.56,5.526,5.694,5.46,2335272,0.3978697305375879,0.8646102,0.11986537,0.015524404
2022-04-29,5.55,5.632,5.64,5.47,2478533,0.664551188548406,0.7941631650000001,0.19296224,0.0128745905
2022-05-02,5.584,5.55,5.654,5.524,1813766,0.2587687373161316,0.33557030866666665,0.33085470733333333,0.33357493983333336
2022-05-03,5.582,5.62,5.68,5.578,1451933,0.7165325731039047,0.5814450253333333,0.39293533,0.025619668166666665
2022-05-04,5.66,5.384,5.66,5.362,3849623,-0.2434516416655646,0.4689354575,0.51672805,0.014336521
2022-05-05,5.498,5.308,5.498,5.296,3687269,0.0999036729335784,0.0320802205,0.317660298,0.650259488
2022-05-06,5.31,5.168,5.31,5.152,2938042,-0.0110745131969451,0.0,0.33101204173367443,0.7137164637145292
2022-05-09,5.168,5.162,5.248,5.134,1211532,-0.00592569510142,0.03044910325,0.4739905245,0.49556036925
2022-05-10,5.22,5.252,5.352,5.19,2281758,-0.1076711482471889,0.0641425085,0.53919492,0.396662566
2022-05-11,5.254,5.392,5.436,5.146,2834258,0.3986233643123081,0.511994225,0.46821068,0.019795078
2022-05-12,5.28,5.268,5.352,5.206,2546646,0.0803097307682037,0.05383851866666667,0.6124868473333334,0.333674617
2022-05-13,5.298,5.328,5.374,5.28,1427954,-0.1467560870306832,0.087683588,0.8800797199999999,0.032236678000000005
2022-05-16,5.3,5.314,5.366,5.26,1118368,0.2734333276748657,0.051299723000000005,0.932023185,0.016677072
2022-05-17,5.368,5.504,5.534,5.36,1751618,0.3524969816207886,0.5051387700000001,0.4672373175,0.027623916000000002
2022-05-18,5.464,5.54,5.636,5.464,2607326,0.2395758899775418,0.2949854325,0.6890766512500001,0.015937925999999998
2022-05-19,5.488,5.602,5.606,5.48,2339800,0.5267902101789202,0.6065922313333333,0.3715705866666667,0.021837145666666665
2022-05-20,5.64,5.564,5.678,5.556,2051778,0.3900632262229919,0.16271138300000001,0.41861055425000004,0.41867805975
2022-05-23,5.64,5.748,5.75,5.618,2493191,0.4941095980730923,0.3535799946666667,0.6176250706666667,0.028794955666666667
2022-05-24,5.69,5.83,5.846,5.69,2404838,-0.0170872628688812,0.6405618366666667,0.32662498966666664,0.03281318233333333
2022-05-25,5.866,5.968,5.97,5.83,1913978,0.3366077083807725,0.45446690399999995,0.5103968212,0.0351362812
2022-05-26,5.96,5.992,6.0,5.926,2394294,0.2950518832487218,0.51115972,0.46663214350000004,0.0222081025
2022-05-27,5.992,5.994,6.074,5.972,2395650,-0.2652775824069976,0.046327813499999995,0.46102229050000004,0.49264984500000003
2022-05-30,6.042,5.968,6.05,5.91,1848155,0.0441721479098002,0.22799008016666666,0.4429526801666666,0.32905723528333336
2022-05-31,5.954,5.918,5.988,5.886,1982936,-0.0006578117609024,0.18893134253600255,0.3524827360191677,0.4585859459945371
2022-06-01,5.974,5.906,6.0,5.906,1100407,-0.0121801836150033,0.0533907975,0.4588115835,0.487797645
2022-06-02,5.924,5.916,5.96,5.906,1084091,0.462947815656662,0.094653768,0.89372875,0.0116174855
2022-06-03,5.946,5.852,5.954,5.826,1243571,0.0791690349578857,0.07942049,0.90717626,0.013403213
2022-06-06,5.89,5.936,5.978,5.874,1109347,-0.1947880744934082,0.081085305,0.9026448499999999,0.016269832999999997
2022-06-07,5.916,5.966,5.984,5.91,1393121,-0.0117653012275695,0.519205785,0.4618304985,0.0189637585
2022-06-08,5.98,6.0,6.046,5.96,1690902,-0.0591751887248112,0.09314774,0.8941529,0.012699315
2022-06-09,5.978,6.056,6.19,5.976,3682473,0.2480480074882507,0.40077538333333335,0.5721985589999999,0.027026010566666665
2022-06-10,6.01,5.648,6.044,5.598,4689066,-0.2781238981655666,0.22238861,0.7680995,0.009511928
2022-06-13,5.5,5.408,5.592,5.332,4987041,-0.4414139660921963,0.038710582333333333,0.32236266616666664,0.6389267683333334
2022-06-14,5.47,5.462,5.536,5.382,2110539,-0.1748880495627721,0.31337984333333335,0.6113320523333333,0.07528813499999999
2022-06-15,5.64,5.508,5.64,5.504,3694951,0.1843100236012385,0.330364415,0.62728443,0.042351176
2022-06-16,5.516,5.49,5.554,5.418,2993764,0.2485770838601248,0.1821767425,0.80684882,0.0109744335
2022-06-17,5.564,5.768,5.87,5.504,5128776,0.3016287634770075,0.29425349375,0.69436939,0.011377120000000001
2022-06-20,5.8,5.978,6.028,5.774,1749026,0.3148197034994761,0.07730124499999999,0.9038063999999999,0.0188923165
2022-06-21,6.0,6.112,6.266,6.0,4384096,0.2061986103653907,0.6268906566666667,0.3528222513333334,0.020287104666666667
2022-06-22,6.03,6.068,6.146,5.948,1801737,-0.1981188416481018,0.189481079,0.78377927,0.0267396445
2022-06-23,6.004,5.768,6.084,5.768,3435902,-0.3012805978457133,0.26157091825,0.6947437855,0.043685308
2022-06-24,5.806,5.912,5.934,5.646,2081443,-0.25233279807227,0.1619199425,0.8273904,0.01068965525
2022-06-27,5.902,5.822,5.924,5.744,1450016,-0.1696114361286163,0.07214047200000001,0.9145300000000001,0.013329526
2022-06-28,5.9,5.906,6.024,5.878,1822207,-0.1312787771224975,0.293062419,0.45760309624999995,0.24933447649999999
2022-06-29,5.898,6.004,6.024,5.866,2598419,0.090857321023941,0.51888073,0.4597464605,0.021372775
2022-06-30,5.898,5.952,6.012,5.886,2938599,-0.1812090602788058,0.235929214,0.5656895588,0.1983812592
2022-07-01,5.896,5.92,6.09,5.87,1804049,-0.1481070439020792,0.27761137966666666,0.7070250666666666,0.015363515
2022-07-04,5.948,5.762,5.948,5.702,1818142,-0.1212899486223856,0.031019880750000003,0.47554173125,0.4934383845
2022-07-05,5.846,5.486,5.858,5.486,2864173,-0.2742095328867435,0.042356343666666664,0.67225784,0.2853858553333333
2022-07-06,5.53,5.056,5.548,5.028,6728100,-0.2756651888291041,0.03641663866666667,0.3121567846666667,0.6514265793333333
2022-07-07,5.17,5.24,5.314,5.092,3773345,0.0613533722029791,0.6465879099999999,0.31760467533333336,0.035807434
2022-07-08,5.27,5.174,5.27,5.064,3195176,-0.3660513386130333,0.9208875,0.069878146,0.009234298
2022-07-11,5.08,5.1,5.144,5.01,2176740,-0.1686765809853871,0.0483455825,0.46147008,0.49018432900000003
2022-07-12,5.058,4.841,5.06,4.531,9610267,-0.4421159774065017,0.039506830199999995,0.2960323512,0.6644608354
2022-07-13,4.88,4.839,4.883,4.742,3588859,-0.048835813999176,0.08010254,0.9066973,0.013200187
2022-07-14,4.81,4.666,4.847,4.632,3799032,0.1887635327875614,0.08178336750000001,0.894592265,0.0236243795
2022-07-15,4.644,4.748,4.802,4.615,3197721,-0.0470865269502004,0.054769986666666666,0.92078534,0.024444655833333332
2022-07-18,4.77,4.762,4.862,4.739,2135208,0.2619680128991604,0.044422243,0.6221337183333334,0.33344399933333335
2022-07-19,4.718,4.976,5.038,4.7,4243810,0.2114771604537964,0.32887037066666663,0.6278197666666666,0.043309884
2022-07-20,5.034,4.862,5.06,4.733,4180872,0.0702656924724578,0.5055193450000001,0.4618194135,0.0326612935
2022-07-21,4.929,5.134,5.216,4.896,7421310,0.2414735501462763,0.3327992796521739,0.35446739252173914,0.31273331841304347
2022-07-22,5.01,4.837,5.18,4.837,5922884,-0.1623528798421224,0.047520603,0.841968365,0.110511018
2022-07-25,4.884,5.002,5.02,4.811,3547482,-0.0055704183048672,0.07994273,0.90816927,0.011887983
2022-07-26,4.992,4.937,4.992,4.886,2540929,0.1547892689704895,0.09751925,0.71960175,0.182879
2022-07-27,4.96,4.931,4.998,4.853,3005771,0.1289885554994855,0.18216609734210726,0.5508129315981105,0.26702098116258643
2022-07-28,4.99,4.817,4.99,4.724,4539542,0.3398766489255996,0.3596704869673287,0.4384580913783146,0.20187142939183542
2022-07-29,4.85,4.804,4.878,4.758,3555793,-0.2340348633852872,0.5311081581088857,0.38154547321936144,0.08734636942516678
2022-08-01,4.79,4.889,4.975,4.784,2437717,-0.1979762375354767,0.59755485,0.379083321,0.023361826000000002
2022-08-02,4.859,4.936,5.0,4.858,1683069,-0.0062328739599748,0.5590105626406713,0.43107163472023013,0.009917799116335092
2022-08-03,4.992,4.958,4.992,4.88,2382179,-0.2804412501198904,0.35031199666666674,0.6305544280000001,0.01913357283333333
2022-08-04,4.948,4.967,5.02,4.936,1902380,-0.0881590917706489,0.068743632,0.907443255,0.0238131065
2022-08-05,4.932,5.048,5.086,4.897,2351906,-0.1389914751052856,0.48036010333333334,0.4903679223333333,0.029271947833333336
2022-08-08,5.088,5.094,5.132,5.024,1885088,0.1573054525587293,0.5049196,0.45856725400000004,0.036513163
2022-08-09,5.068,5.152,5.172,5.064,1736880,0.2207527756690979,0.092718515,0.89301462,0.014266868
2022-08-10,5.128,5.082,5.162,5.034,2459520,0.3278166115283966,0.0,1.1111662464641765,0.010099257643124807
2022-08-11,5.112,5.034,5.112,5.012,2260781,0.3174747725327809,0.0,1.0344538158479117,0.027739838145132794
2022-08-12,5.046,5.074,5.11,5.034,1659322,0.3072629496455192,0.09309201,0.8718351,0.035072867
2022-08-15,5.108,5.058,5.108,5.018,857377,-0.0730600297451019,0.31511783931298065,0.658136394228574,0.026745720456722424
2022-08-16,5.076,5.112,5.146,5.058,1801948,0.3627956211566925,0.468771471,0.516300275,0.0149282115
2022-08-17,5.15,5.086,5.18,5.062,1926685,0.2068670839071273,0.39482526333333334,0.5901139133333334,0.015060831666666665
2022-08-18,5.084,5.044,5.116,5.032,1469202,0.0016651302576065,0.0247108205,0.933753575,0.041535614
2022-08-19,5.03,4.986,5.052,4.935,2271386,0.1459719321944496,0.0,1.1427160452844367,0.06623100743497504
2022-08-22,4.961,4.893,4.971,4.853,1582097,-0.4019724939550672,0.0,1.1461100226419345,0.08391497370206528
2022-08-23,4.861,4.894,4.953,4.861,1405191,-0.0034787853558858,0.0,0.9439355070724934,0.0945875128012707
2022-08-24,4.874,4.88,4.903,4.809,1039113,0.2236836850643158,0.36555889688061843,0.5361924985761134,0.09824862473259136
2022-08-25,4.902,4.84,4.943,4.829,942726,-0.0414405124528067,0.757305188638619,0.14667062744521936,0.09602421210358807
2022-08-26,4.864,4.827,4.924,4.813,1238485,0.2716776072978973,0.9118003264111829,0.0,0.08904017752182175
2022-08-29,4.78,4.867,4.87,4.727,1547770,0.0799681977792219,0.8290443101983098,0.09365918815716262,0.0772965209872924
2022-08-30,4.874,5.034,5.156,4.872,3836984,0.2589480768550526,0.50903714,0.43016962,0.0607932425
2022-08-31,5.042,5.104,5.15,5.028,2838720,0.2982573211193084,0.054337220500000005,0.902991775,0.042670984999999995
2022-09-01,5.05,4.995,5.1,4.921,1741992,0.3349416136741638,0.0322342225,0.926014975,0.041750775
2022-09-02,4.998,5.056,5.06,4.93,2090232,0.1546775102615356,0.2569220068790137,0.6820417085832011,0.061036268674306
2022-09-05,4.926,5.006,5.01,4.893,1602072,0.0781606468889448,0.5863176851282836,0.3233480752590197,0.09033424609940852
2022-09-06,5.04,5.066,5.092,4.942,1938032,0.3830739818513393,0.45628847,0.475089139,0.0686223745
2022-09-07,5.05,5.05,5.108,4.932,2537323,0.3200510090047663,0.024039442,0.9546794,0.021281086
2022-09-08,5.1,5.382,5.41,5.092,4597857,0.5780464194037698,0.485740557,0.4084543356,0.1058050688
2022-09-09,5.422,5.59,5.698,5.42,4586407,0.4552720561623573,0.36971644,0.5717265,0.058557086
2022-09-12,5.65,5.752,5.776,5.632,2856441,0.5426360408465067,0.23031757510641343,0.7319153759462118,0.03776709681935357
2022-09-13,5.77,5.672,5.858,5.592,3598934,0.119962385722569,0.22343964700024643,0.7132928637573649,0.06326751439377913
2022-09-14,5.662,5.778,5.798,5.654,2368364,0.2654918111287631,0.41891296525,0.54107442275,0.040012621
2022-09-15,5.88,6.032,6.106,5.864,4781357,0.194066149847848,0.63613214,0.32680826933333335,0.03705960366666667
2022-09-16,5.932,5.868,5.952,5.836,3361395,0.1359923141343253,0.1051870955,0.53731,0.35750294
2022-09-19,5.91,5.908,5.948,5.806,1426548,0.1878326296806335,0.5157632,0.4380376,0.046199154
2022-09-20,5.958,5.904,6.038,5.904,3219893,0.1766150712966919,0.080373175,0.8955003699999999,0.0241265055
2022-09-21,5.852,5.884,5.936,5.824,2134274,0.1364270618983677,0.24855176,0.65497303,0.096475214
2022-09-22,5.852,6.066,6.108,5.828,3735499,-0.2992735922336578,0.20690068620000002,0.77325745,0.0198418718
2022-09-23,6.07,5.972,6.08,5.818,3867025,-0.1572433994346897,0.0994891365980238,0.8792467754456107,0.02126409694138656
2022-09-26,5.88,5.946,5.984,5.82,2612879,0.0862119708742414,0.025355311,0.91291225,0.061732445
2022-09-27,5.99,5.752,6.022,5.712,3150700,-0.1572203727868887,0.025734801114254916,0.9162150105159143,0.05805020322130171
2022-09-28,5.688,5.734,5.772,5.592,3306908,-0.4446284721295039,0.025528809,0.93983215,0.03463906
2022-09-29,5.708,5.696,5.794,5.652,2497574,-0.3848498463630676,0.0,1.0344407614589037,0.01592070373080321
2022-09-30,5.76,5.766,5.822,5.71,2181977,0.0864250779151916,0.0,1.1428417037480516,0.00483289585274198
2022-10-03,5.68,5.828,5.862,5.648,2259351,-0.2382558047771454,0.059157632,0.92184013,0.019002205
2022-10-04,5.884,6.036,6.06,5.88,3057842,0.0801638424396515,0.49067974025000005,0.4685089225,0.04081132625
2022-10-05,6.01,5.89,6.07,5.852,2220906,0.0060008764266967,0.42916838220000003,0.539955932,0.0308756751
2022-10-06,5.968,5.73,5.968,5.688,2453194,0.0698727461007925,0.24984931733333335,0.47059409,0.27955659166666663
2022-10-07,5.718,5.772,5.93,5.718,3168170,-0.1082386838065253,0.0713074505,0.888643275,0.040049268
2022-10-10,5.74,5.742,5.812,5.716,1605577,0.1129257764135088,0.056402064333333335,0.27722436133333334,0.6663735900000001
2022-10-11,5.742,5.77,5.77,5.664,1755348,-0.1287385514266212,0.19398588049999999,0.4653916955,0.3406224425
2022-10-12,5.74,5.74,5.76,5.64,1708070,-0.3292421326041221,0.0203977375,0.6300527699999999,0.349549503
2022-10-13,5.7,5.852,5.864,5.692,2408700,0.0683463995273296,0.13320712048351285,0.6600565687639632,0.20673631794792946
2022-10-14,5.956,5.846,5.968,5.82,2460856,0.3606522574144251,0.34295991800000003,0.62360867,0.03343141966666666
2022-10-17,5.884,5.926,5.99,5.85,2426626,0.4174204894474574,0.3442188020371787,0.5730896541567179,0.08269155266541911
2022-10-18,6.0,5.99,6.058,5.97,2081002,0.3054256655953147,0.24812279,0.5876669066666667,0.16421031633333336
2022-10-19,5.982,6.026,6.056,5.904,2119771,0.0794753693044185,0.23354875225,0.6502633175,0.11618794725
2022-10-20,6.236,6.234,6.342,5.998,6750395,0.3316555172204971,0.5010932253478261,0.4071564803478261,0.09175029723913043
2022-10-21,6.114,6.164,6.2,6.032,4098772,-0.2397809624671936,0.1612726278,0.804687024,0.0340403706
2022-10-24,6.164,6.212,6.29,6.15,2650355,0.4045479189265858,0.502756645,0.459433953,0.037809353500000004
2022-10-25,6.232,6.196,6.258,6.146,2471968,0.1038052663207054,0.770875034573408,0.2242835047386176,0.004841365067959583
2022-10-26,6.212,6.206,6.242,6.13,2179625,0.1338359025808481,0.7935557473539716,0.2913637645377599,0.0
2022-10-27,6.204,6.15,6.206,6.05,3380648,0.2890341806411743,0.6054388214141467,0.5966487718754937,0.0
2022-10-28,6.104,6.04,6.126,5.956,3094198,-0.0567521713674068,0.41436448518867086,0.7559827636202181,0.0
2022-10-31,6.064,6.116,6.166,6.064,1827836,0.395346530846187,0.25497277675,0.70533977925,0.03968744125
2022-11-01,6.158,6.12,6.194,6.12,1523104,0.2055914856138683,0.12726369609813448,0.4447198187648392,0.4280164878443252
2022-11-02,6.168,6.1,6.182,6.074,1738751,0.4503246347109477,0.03629086071587194,0.05697884189254818,0.9067302938768427
2022-11-03,6.07,6.05,6.118,6.006,1771079,0.001004311773512,0.0123759755,0.039252607,0.94837141
2022-11-04,6.108,5.784,6.112,5.78,4714952,0.2776730748323294,0.04297553025,0.37467554575,0.58234892125
2022-11-07,5.774,5.87,5.892,5.754,3202409,0.0629070486341204,0.0452231855,0.4999778125,0.4547990225
2022-11-08,5.868,5.77,5.898,5.77,2237272,-0.0198887388752762,0.09706696533333332,0.45773605,0.44519698333333335
2022-11-09,5.752,5.82,5.854,5.75,2245017,0.0,0.067735516,0.091102116,0.8411624
2022-11-10,5.81,5.7,5.824,5.628,3817564,-0.0350543343358569,0.30317158425,0.3911884925,0.30563991875
2022-11-11,5.61,5.53,5.66,5.468,5470993,0.0131465054693676,0.08056026449999999,0.33365255833333335,0.585787179
2022-11-14,5.562,5.6,5.618,5.532,1727275,0.1407153010368347,0.193171817,0.572316885,0.2345113015
2022-11-15,5.6,5.672,5.68,5.572,2574507,0.2238164275884628,0.93047937,0.0364374725,0.0330830765
2022-11-16,5.69,5.73,5.752,5.674,2387189,0.5338538527488709,0.25090581666666667,0.6996683899999999,0.04942577133333333
2022-11-17,5.75,5.79,5.79,5.706,1864070,0.2543399589402335,0.055578628000000005,0.9167131500000001,0.027708210999999996
2022-11-18,5.82,6.052,6.052,5.81,5429732,0.6027283933427598,0.935466,0.028356628,0.036177278
2022-11-21,6.016,6.14,6.196,6.01,3522548,0.6091710360426652,0.3624272025,0.5783663800000001,0.0592063635
2022-11-22,6.166,6.324,6.34,6.166,4475783,0.526900549020086,0.46299681325,0.5160241075,0.0209790635
2022-11-23,6.33,6.368,6.51,6.272,3653894,0.450560000207689,0.66929641775,0.2897589075,0.0409446885
2022-11-24,6.412,6.3,6.452,6.25,2937034,-0.2038029953837394,0.4815589055,0.472160947,0.046280138
2022-11-25,6.304,6.318,6.354,6.27,1806356,0.666343553499742,0.41534407419999997,0.554913989,0.02974193
2022-11-28,6.26,6.248,6.332,6.244,1324903,0.3943113187948863,0.1929765413333333,0.4588292033333334,0.3481942688333333
2022-11-29,6.28,6.368,6.368,6.256,2531543,0.4149910807609558,0.2734934825,0.7019605125,0.02454601825
2022-11-30,6.39,6.292,6.392,6.262,2660837,0.3870696373607801,0.2211914184874911,0.5610734794512768,0.2177351138300851
2022-12-01,6.338,6.09,6.348,6.09,4619895,0.0729227165381113,0.062225736000000004,0.519503135,0.4182711375
2022-12-02,6.082,6.162,6.196,6.01,2857853,0.3795074290699429,0.0240080775,0.9254431249999999,0.050548801
2022-12-05,6.1,6.168,6.198,6.1,1423280,0.1207959907395499,0.4837835555,0.4672021795,0.0490142815
2022-12-06,6.08,5.99,6.082,5.906,4681289,0.2260737527500499,0.08260514625,0.567509285,0.349885575375
2022-12-07,6.01,5.956,6.042,5.908,1999086,0.3243420720100403,0.036871538499999995,0.051968890999999996,0.9111596
2022-12-08,5.982,5.86,5.982,5.856,2082188,0.329716221852736,0.058267648,0.4006076385,0.54112473125
2022-12-09,5.872,5.842,5.922,5.774,2689498,0.0956272641817728,0.056006227000000006,0.25027994485714283,0.693713835
2022-12-12,5.874,5.83,5.91,5.808,2124855,0.4759003520011902,0.4713206555,0.493691055,0.0349882855
2022-12-13,5.87,5.854,6.0,5.832,3180508,0.1727105180422465,0.043177010999999994,0.3514110613333334,0.6054119283333333
2022-12-14,5.83,5.904,5.922,5.83,1565744,0.348659448325634,0.092650742,0.88412455,0.02322469925
2022-12-15,5.86,5.892,5.912,5.81,2870613,-0.2057699390820094,0.03870023346713558,1.2656906063484266,0.0
2022-12-16,5.88,6.138,6.168,5.854,5164383,0.3976372852921486,0.0,1.3067011537575512,0.0
2022-12-19,6.16,6.152,6.178,6.086,2206757,0.3706346948941548,0.035495117,0.9382517,0.026253264
2022-12-20,6.152,6.296,6.342,6.132,3062559,-0.1531399682812068,0.5218710811111111,0.3861373561111111,0.09199153816666666
2022-12-21,6.31,6.32,6.37,6.21,2259698,0.5438929750369146,0.271631538,0.6983385735,0.0300298845
2022-12-22,6.366,6.342,6.416,6.292,2567443,0.3667561039328575,0.6703042925,0.29341609825,0.036279626499999995
2022-12-23,6.304,6.32,6.376,6.21,1543048,0.4552335355963026,0.025355311,0.91291225,0.061732445
2022-12-27,6.34,6.276,6.35,6.254,948783,0.3738068469933101,0.6195192,0.3694299,0.011051014
2022-12-28,6.288,6.288,6.33,6.24,1292148,-0.420103004345527,0.7254821374838896,0.26704856146103984,0.007469390343419549
2022-12-29,6.25,6.326,6.36,6.142,2647431,-0.0020975470542907,0.4842676555,0.46854776049999997,0.047184593999999996
2022-12-30,6.326,6.268,6.326,6.25,1300001,0.2066469043493271,0.42868654500000003,0.485912446,0.0854010035
2023-01-02,6.322,6.39,6.408,6.306,1655403,0.3526063423890334,0.6319296703333334,0.32203465266666664,0.04603567233333333
2023-01-03,6.394,6.518,6.554,6.304,2831044,0.5150096310036523,0.85803735,0.08473123,0.057231414999999994
2023-01-04,6.548,6.656,6.692,6.54,2998434,0.4486528225243091,0.84653427,0.086310124,0.0671556225
2023-01-05,6.624,6.716,6.758,6.606,2349950,0.2597294110690813,0.5866847009999999,0.06991556433333333,0.343399763
2023-01-06,6.76,6.79,6.876,6.758,2610877,0.2579754292964935,0.86803702,0.081976593,0.049986358499999994
2023-01-09,6.78,6.742,6.832,6.738,1809357,0.5808913918102488,0.8649192905940645,0.13135266594659903,0.0037280198936282052
2023-01-10,6.756,6.844,6.864,6.716,2420182,0.4583408965004815,0.8081452825,0.15236504750000002,0.039489666
2023-01-11,6.874,6.672,6.882,6.628,2887095,0.3575926646590233,0.848326315,0.08219071650000001,0.06948294099999999
2023-01-12,6.72,6.642,6.776,6.58,2765108,0.2057214746108422,0.0134076295,0.017561226,0.9690311300000001
2023-01-13,6.66,6.68,6.74,6.64,2008746,0.3679872204860051,0.6093133833333333,0.36221705299999996,0.02846959216666667
2023-01-16,6.72,6.546,6.73,6.546,2700378,-0.2895716488361358,0.5190399717645899,0.45023495777315137,0.03072507654371609
2023-01-17,6.524,6.48,6.566,6.426,4504548,-0.1781909093260765,0.175105274,0.3403145185714286,0.48458019221428567
2023-01-18,6.422,6.48,6.612,6.384,4613265,-0.0184568092226982,0.3371201084,0.2469829298,0.41589698459999996
2023-01-19,6.472,6.292,6.472,6.122,10927162,-0.0481438988989049,0.37802112478571426,0.31530822603571423,0.30667065232142854
2023-01-20,6.32,6.444,6.45,6.29,5310033,0.339732825756073,0.361864742,0.3566186216666667,0.281516685
2023-01-23,6.464,6.41,6.524,6.41,2421719,0.686720784753561,0.444440448485343,0.3173111886970085,0.2382484283321628
2023-01-24,6.41,6.404,6.43,6.328,2575781,0.218725599348545,0.6475189806743458,0.1944496343247472,0.15803141839766058
2023-01-25,6.434,6.358,6.434,6.324,2042128,0.4312163037913186,0.8522501092761757,0.06979840533177906,0.07795147676432812
2023-01-26,6.398,6.492,6.532,6.39,3385870,0.2831797003746032,0.939783605,0.025121948499999998,0.035094425
2023-01-27,6.496,6.496,6.55,6.47,2704391,0.1403970207486833,0.9101194678458191,0.06042026382940996,0.029460263104676223
2023-01-30,6.478,6.5,6.504,6.412,2144893,0.2915802697340647,0.7915899412688057,0.15350633421203153,0.054903755687129935
2023-01-31,6.51,6.62,6.648,6.5,3591585,0.3315756916999817,0.754188486,0.17125805700000002,0.0745534904
2023-02-01,6.64,6.656,6.686,6.62,3282874,0.4448286980390549,0.7669060666666666,0.14383928333333332,0.08925464833333334
2023-02-02,6.636,6.574,6.79,6.516,5089639,0.3212755833353315,0.48120591039999994,0.28850855319999996,0.23028551519999998
2023-02-03,6.574,6.48,6.65,6.398,3517644,-0.1458290687629155,0.072443742,0.22290368733333335,0.7046526133333333
2023-02-06,6.45,6.596,6.64,6.42,2608401,-0.1945087075233459,0.429516632,0.5407192084,0.02976415
2023-02-07,6.588,6.612,6.678,6.566,2196141,0.3282202146947384,0.3967709621666667,0.38335711116666665,0.2198719145
2023-02-08,6.652,6.75,6.754,6.628,3026173,0.2870704664124383,0.7159413283333333,0.23993926666666665,0.044119365833333334
2023-02-09,6.758,6.77,6.844,6.748,3981787,0.5459584636347634,0.6644873125,0.03920447,0.2963082175
2023-02-10,6.77,6.54,6.782,6.54,3156860,-0.0126415689786275,0.47538599324999997,0.232535259,0.2920787335
2023-02-13,6.574,6.636,6.668,6.552,1831690,0.6285158212368305,0.603271652,0.319223233,0.077505092
2023-02-14,6.656,6.598,6.662,6.574,1770564,0.5027358857068148,0.07683973,0.62058570575,0.30257453624999997
2023-02-15,6.576,6.598,6.598,6.48,3008231,0.4609777530034383,0.0456653546,0.3437970562,0.6105375816
2023-02-16,6.66,6.686,6.706,6.634,2482522,0.6509332306244794,0.9409562250000001,0.024484388000000003,0.034559363
2023-02-17,6.656,6.83,6.848,6.656,4009995,0.1583733558654785,0.74066231,0.2336055915,0.025732161
2023-02-20,6.85,6.648,6.862,6.648,3538333,-0.1272569213594709,0.09436547299999999,0.5129543268333333,0.39268016283333335
2023-02-21,6.67,6.604,6.674,6.56,2403394,-0.1652790078750023,0.0823790465,0.4132499325,0.50437101425
2023-02-22,6.61,6.468,6.61,6.436,3097567,0.0188558220863342,0.41876252833333333,0.130632119,0.45060536433333337
2023-02-23,6.496,6.484,6.522,6.424,1800120,0.3282391428947449,0.7825368475,0.186585349,0.030877802
2023-02-24,6.474,6.418,6.5,6.384,2519639,0.7347629852592945,0.2064075577142857,0.34777545057142856,0.4458169535714286
2023-02-27,6.446,6.508,6.554,6.426,1813269,0.4623618941558035,0.4951407295,0.27187016125,0.2329891025
2023-02-28,6.488,6.652,6.758,6.458,4515583,0.4606734216213226,0.49299905883333334,0.43470725216666667,0.07229369616666667
2023-03-01,6.67,6.462,6.684,6.462,2906101,0.4596264490059444,0.0873855008,0.558711854,0.35390266280000005
2023-03-02,6.46,6.58,6.58,6.44,2777829,0.0299326987827525,0.638579766,0.32963750966666666,0.031782760666666666
2023-03-03,6.556,6.75,6.75,6.556,2714384,0.328745936646181,1.0459818825825709,0.06644735266055019,0.0
2023-03-06,6.768,6.842,6.844,6.742,2612332,0.4288869087512676,0.8918968133333333,0.03458534233333333,0.073517871
2023-03-07,6.85,6.834,6.934,6.774,2919557,0.319990374147892,0.3403280853333333,0.256229395,0.4034425083333333
2023-03-08,6.782,6.866,6.898,6.782,2553275,0.5937553156505931,0.93322872,0.0272805395,0.0394907535
2023-03-09,6.864,6.77,6.866,6.74,2154573,0.0,0.08121836,0.9076875,0.011094179
2023-03-10,6.648,6.484,6.65,6.344,6167906,-0.4420629306273027,0.1265968932,0.40633483740000004,0.46706824739999997
2023-03-13,6.48,5.93,6.48,5.918,9446337,-0.3666167429515293,0.027083310222222223,0.5007244537777777,0.47219222633333335
2023-03-14,5.854,6.098,6.176,5.78,6141142,-0.0327642373740673,0.021410523600000002,0.3767513724,0.601838095
2023-03-15,6.1,5.704,6.138,5.608,7104983,-0.4280185070302751,0.14947440214285715,0.25055813414285716,0.5999674268571429
2023-03-16,5.892,5.56,5.948,5.468,8656999,-0.4763722062110901,0.022791844000000002,0.13328992533333334,0.8439182666666666
2023-03-17,5.624,5.42,5.692,5.306,6970029,-0.4165649073464529,0.018253595499999997,0.4637684405,0.5179779725
2023-03-20,5.354,5.5,5.606,5.15,7440154,-0.2574425273471408,0.05111159066666667,0.27366872166666667,0.67521964
2023-03-21,5.616,5.776,5.836,5.584,5427654,0.3819387053188525,0.405556641,0.570121693,0.024321698
2023-03-22,5.732,5.512,5.754,5.496,6431809,0.2219883501529693,0.015944800666666665,0.3291743776666667,0.6548808433333333
2023-03-23,5.44,5.35,5.55,5.324,5487015,-0.1753786035946437,0.21234127819999998,0.38005041580000004,0.4076083198
2023-03-24,5.3,5.062,5.324,5.024,7965977,-0.315095063050588,0.14437630516666666,0.660112236,0.19551143266666668
2023-03-27,5.182,5.092,5.212,5.008,4541105,0.6185600658257803,0.345270693,0.36077528133333336,0.29395400433333335
2023-03-28,5.132,5.068,5.17,5.008,4333950,0.531074180322535,0.046603754,0.9344438,0.018952541
2023-03-29,5.134,5.282,5.31,5.108,4190802,0.0751090212301774,0.38169431875,0.547952575,0.07035312625000001
2023-03-30,5.318,5.34,5.38,5.272,3052259,0.3941729068756103,0.5917563115,0.26138776333333336,0.14685595250000003
2023-03-31,5.28,5.226,5.31,5.156,4605452,-0.1727347428148443,0.28003854655555555,0.4593733976666667,0.2605880487777778
2023-04-03,5.256,5.272,5.354,5.21,2901695,0.2777739942073822,0.4892005625,0.362742,0.148057409
2023-04-04,5.304,5.26,5.35,5.26,1969030,0.4445685595273971,0.02644584,0.9421086,0.03144565
2023-04-05,5.288,5.204,5.304,5.152,2289531,-0.292006629705429,0.0226748565,0.352913853,0.6244113149999999
2023-04-06,5.24,5.316,5.33,5.232,1760215,0.1176288425922393,0.008041947520459919,0.49752175384048436,0.4944363348061115
2023-04-11,5.378,5.414,5.44,5.3,3042110,0.3858401721174067,0.2693078355,0.6510133,0.07967890999999999
2023-04-12,5.42,5.422,5.476,5.376,2797021,0.155501279566023,0.88507557,0.08572831,0.029196074
2023-04-13,5.442,5.44,5.456,5.382,2087354,0.1447015350515192,0.27949765833333334,0.7018589266666666,0.018643376666666666
2023-04-14,5.46,5.644,5.644,5.432,3916310,0.3376902416348457,0.32078403899999997,0.62643503,0.052780932
2023-04-17,5.666,5.672,5.764,5.614,4155633,0.248600634932518,0.33898655059999994,0.4035813882,0.25743206599999996
2023-04-18,5.724,5.738,5.788,5.71,2749302,0.2308437165461088,0.47610734099999996,0.49026611100000006,0.03362656779999999
2023-04-19,5.778,5.816,5.834,5.672,3469710,0.4559079834393093,0.0257251245,0.926691205,0.0475836875
2023-04-20,5.95,5.748,6.162,5.748,9012501,0.2313577532768249,0.44773249676190474,0.47079702123809525,0.08147047989047619
2023-04-21,5.75,5.6,5.758,5.594,5701560,-0.0820686556398868,0.3730638985,0.1415175625,0.4854185365
2023-04-24,5.684,5.58,5.688,5.53,3341227,0.0,0.22449767475,0.7542474775,0.0212548325
2023-04-25,5.522,5.566,5.606,5.482,2372221,-0.0472884294059541,0.0377437386,0.5605070072,0.4017492332
2023-04-26,5.504,5.572,5.592,5.396,3139199,-0.7040386958555742,0.059690099600000004,0.32219295480000004,0.6181169642000001
2023-04-27,5.582,5.58,5.71,5.54,2629078,-0.1061293816566467,0.356297872,0.6143874246666666,0.029314682999999998
2023-04-28,5.582,5.362,5.608,5.306,3502559,-0.3654122869173685,0.5160001452,0.2156888822,0.2683109786
2023-05-02,5.4,5.112,5.412,5.104,3463886,0.241485446691513,0.015454483666666666,0.3243624393333333,0.66018305
2023-05-03,5.138,5.072,5.176,5.04,3317382,-0.552513028894152,0.15947019366666668,0.20866608583333335,0.6318636882833334
2023-05-04,5.06,5.038,5.144,4.996,4165390,-0.5668961772551904,0.0389652739,0.050623675599999994,0.910411026
2023-05-05,5.094,5.092,5.16,5.028,4328934,0.1892624348402023,0.102022745,0.8656946,0.03228272
2023-05-08,5.124,5.19,5.206,5.1,1951299,0.1099831183751424,0.63792852375,0.11465951025,0.24741201
2023-05-09,5.178,5.156,5.204,5.106,1867775,0.405045059594241,1.094691458386409,0.0,0.18872108795231307
2023-05-10,5.22,5.222,5.298,5.188,3339185,0.0559839341375562,0.9259606300000001,0.026528368500000003,0.0475109945
2023-05-11,5.228,5.158,5.25,5.102,1948995,0.2269103080034256,0.08544647525,0.6767515625,0.237801963625
2023-05-12,5.194,5.142,5.21,5.132,1531500,-0.0858230143785476,0.4906305005,0.170792123,0.33857738466666665
2023-05-15,5.198,5.178,5.21,5.136,1681466,-0.7815922300020853,0.02185352825,0.321975666,0.65617077
2023-05-16,5.14,5.136,5.194,5.12,1707805,0.4550383136822627,0.19824743033333334,0.46706930566666666,0.33468323299999997
2023-05-17,5.114,5.212,5.216,5.09,2502178,0.5295623481273651,0.0761747214,0.842041032,0.08178423100000001
2023-05-18,5.25,5.254,5.27,5.228,1793965,0.4366030051158024,0.7947330199999999,0.10721834533333334,0.09804860900000001
2023-05-19,5.28,5.232,5.308,5.232,2639877,0.1004990083830697,0.5753857713333334,0.3918897133333333,0.03272453266666667
2023-05-22,5.242,5.43,5.438,5.242,2806087,0.1524463544289271,0.6813733633333333,0.20356312899999998,0.11506346466666667
2023-05-23,5.434,5.512,5.518,5.41,2284184,0.2620262768533494,0.8812614166666667,0.05693318766666666,0.06180538666666666
2023-05-24,5.468,5.55,5.584,5.454,3304129,-0.1388897044318063,0.013889831,0.016111596,0.9699986
2023-05-25,5.512,5.512,5.558,5.46,2005935,0.3071424166361491,0.459900405,0.525091185,0.015008414250000001
2023-05-26,5.504,5.478,5.536,5.35,2597209,-0.1413176976717435,0.013678854200000002,0.205173086,0.7811480655999999
2023-05-29,5.57,5.512,5.654,5.458,1702370,0.4111855030059814,0.52880094275,0.35270243687499997,0.118496612375
2023-05-30,5.5,5.47,5.632,5.46,2108142,0.3439981433061453,0.772263345,0.16956661299999998,0.05817004
2023-05-31,5.46,5.342,5.55,5.34,3012583,-0.065469271996442,0.3233426723333333,0.31910664233333336,0.3575506563333333
2023-06-01,5.396,5.496,5.528,5.39,1541774,0.2438151728023182,0.26569012652115814,0.5745264383487528,0.1597834135326
2023-06-02,5.538,5.604,5.64,5.49,2631466,0.4203340594585125,0.4472187932857143,0.5257271052857143,0.027054097
2023-06-05,5.646,5.562,5.668,5.56,1372329,0.3510331312815348,0.5040918449999999,0.0767039742,0.419204172
2023-06-06,5.524,5.61,5.628,5.5,1878897,-0.1296767890453338,0.35564839936363635,0.5061960402727272,0.13815555796363635
2023-06-07,5.596,5.676,5.686,5.594,1838231,0.1300350381777836,0.3170487052,0.6521037126,0.030847563
2023-06-08,5.69,5.71,5.744,5.684,2083558,0.5146051304680961,0.6125646276666666,0.057636604333333334,0.32979873666666665
2023-06-09,5.698,5.708,5.744,5.616,1784578,-0.2047400382848886,0.8642721165898907,0.0,0.20541008883124143
2023-06-12,5.712,5.662,5.776,5.63,1528347,0.4124772071838379,0.918624845,0.026207949,0.05516721
2023-06-13,5.67,5.674,5.71,5.612,1938289,0.2751966552300887,0.71106380125,0.02388084325,0.2650554015
2023-06-14,5.682,5.758,5.798,5.668,2071984,0.4056836644808451,0.45777978500000005,0.4973025775,0.0449176465
2023-06-15,5.714,5.736,5.794,5.7,1682906,-0.1181512408786349,0.633606338,0.3371704873333334,0.029223114666666664
2023-06-16,5.76,5.766,5.832,5.7,4028690,0.4201849028468132,0.4885237795,0.4868412485,0.024635011999999998
2023-06-19,5.754,5.744,5.826,5.744,902652,0.3345925431502493,0.1746444164662413,0.582202334840374,0.24315332898360636
2023-06-20,5.744,5.668,5.77,5.668,1455400,0.1554498672485351,0.10255641933333333,0.568296707,0.3291469146666666
2023-06-21,5.67,5.714,5.764,5.668,1392273,0.0750271404782931,0.41344408875,0.51229365825,0.07426223075
2023-06-22,5.686,5.63,5.686,5.596,1730178,-0.1765046986666592,0.018971255,0.465076416,0.5159523725
2023-06-23,5.6,5.544,5.61,5.51,2007538,-0.3300841185781691,0.008635734,0.017624037,0.9737403
2023-06-26,5.482,5.472,5.5,5.37,1600262,-0.239521054426829,0.3305725826,0.0847410698,0.5846863382
2023-06-27,5.498,5.524,5.548,5.428,1600458,-0.1885960847139358,0.839518605,0.13826115949999998,0.0222202325
2023-06-28,5.532,5.53,5.56,5.508,1816068,0.0,0.9480961,0.040014695,0.011889265
2023-06-29,5.536,5.572,5.598,5.536,1490792,0.4232434309445895,0.4779419755,0.4703163925,0.0517416175
2023-06-30,5.598,5.63,5.654,5.542,2113522,0.515182586092698,0.7168672822,0.2457134974,0.0374192434
2023-07-03,5.65,5.834,5.836,5.632,3384783,0.3104328943623436,0.67187110975,0.27282854775,0.055300346
2023-07-04,5.84,5.838,5.998,5.794,2787222,0.8949556350708008,0.2945670906666667,0.3323851803333333,0.373047715
2023-07-05,5.82,5.874,5.898,5.8,2328972,0.1125873242105756,0.33217810000000003,0.609967485,0.057854424
2023-07-06,5.842,5.806,5.894,5.766,2085062,-0.2922420318310077,0.478776788,0.485258845,0.0359643755
2023-07-07,5.802,5.98,5.98,5.802,2895715,0.2605815018926348,0.406202242375,0.430575229375,0.16322254825
2023-07-10,5.994,6.01,6.098,5.99,2422973,0.2622886645166497,0.664155005,0.29102943775,0.044815574
2023-07-11,6.1,6.194,6.208,6.044,3651399,0.3784346646732754,0.4671583211,0.4884907734,0.0443509121
2023-07-12,6.204,6.226,6.348,6.204,2935524,0.4954831952398473,0.5803146851666666,0.37212203549999995,0.04756325416666667
2023-07-13,6.23,6.278,6.344,6.208,1769399,0.5914115870700163,0.6776195975,0.272605188,0.04977518225
2023-07-14,6.28,6.092,6.29,6.086,2658713,-0.1304226033389568,0.49316107400000003,0.48305731249999995,0.0237815635
2023-07-17,6.08,6.108,6.176,6.054,1672149,0.2933493620819515,0.22960124299999998,0.3519168712,0.4184818762
2023-07-18,6.174,6.154,6.174,6.064,1552054,0.0754735783526771,0.4195860586666667,0.5598564073333333,0.020557501000000002
2023-07-19,6.164,6.14,6.222,6.08,2373220,0.0051401588651869,0.08257414133333334,0.5801313496666666,0.3372945016666667
2023-07-20,6.0,5.95,6.12,5.87,8962363,0.251987224817276,0.5473928693703703,0.32575560348148147,0.12685152196296295
2023-07-21,6.016,6.028,6.028,5.922,4000012,0.0737403793768449,0.3393478545,0.36435318266666666,0.29629897775
2023-07-24,5.9,5.954,5.966,5.81,3649271,-0.4985890755286583,0.0086315095,0.025007493999999998,0.9663610300000001
2023-07-25,5.966,6.028,6.066,5.966,2229112,0.1964389503002166,0.273969014,0.3226947145,0.4033362525
2023-07-26,6.036,5.914,6.072,5.852,3747956,0.2183189455951963,0.0292194755,0.9267175299999999,0.0440630075
2023-07-27,5.96,5.894,5.984,5.858,3402745,0.6581612064920622,0.06267424875,0.25044460875,0.6868811525
2023-07-28,5.938,5.88,5.988,5.866,3192434,-0.0766129633959601,0.26963309675,0.4666781045,0.26368879
2023-07-31,5.9,5.878,5.94,5.866,2097037,0.0456209211122421,0.6232994846666666,0.33263108066666663,0.044069458000000006
2023-08-01,5.88,5.814,5.914,5.798,2302374,-0.1767237544059753,0.017651534,0.484706871,0.4976415895
2023-08-02,5.762,5.788,5.802,5.704,2356230,-0.3297357288273898,0.0136301139,0.2027291592,0.7836407569999999
2023-08-03,5.8,5.964,5.964,5.786,1966603,-0.2142051988177829,0.93040615,0.027717905,0.041875884
2023-08-04,5.99,6.018,6.062,5.966,2478517,0.0102338393529256,0.7328944000000001,0.1846060386666667,0.08249955333333332
2023-08-07,6.024,6.082,6.088,6.0,1514389,0.1005661662887124,0.8129254,0.100134852,0.08693978000000001
2023-08-08,6.004,5.968,6.066,5.888,2950314,-0.1423805952072143,0.4486958035,0.0608912405,0.49041295850000005
2023-08-09,6.05,5.972,6.054,5.964,1219285,-0.0772986676957872,0.02093163603675524,0.6299800311479788,0.349088311207328
2023-08-10,6.024,6.02,6.042,5.974,1521924,0.6784473955631256,0.02477127,0.94237345,0.032855257
2023-08-11,6.022,6.106,6.106,6.002,3298353,-0.0024195512135823,0.6453728786666667,0.3258486516666667,0.028778467333333335
2023-08-14,6.1,6.08,6.156,6.074,1547405,0.034670579764578,0.6123113075,0.3293682765,0.058320422250000004
2023-08-15,6.068,6.012,6.076,5.96,1258063,0.1883520126342773,0.0182301925,0.483102294,0.498667488
2023-08-16,6.0,5.972,6.032,5.964,918179,-0.161688561240832,0.06565863666666667,0.5032257433333333,0.43111560666666665
2023-08-17,5.956,6.028,6.094,5.956,1778812,0.5643301208813986,0.485079999,0.4825294,0.032390577000000004
2023-08-18,6.0,5.944,6.006,5.92,1953957,1.2820576207158707,0.009757172,0.016182343,0.9740605
2023-08-21,5.974,6.022,6.056,5.944,1403790,1.7567083077596115,0.012254491,0.015374197,0.9723713
2023-08-22,6.05,6.01,6.07,6.01,960870,1.988282182012621,0.32740879733333333,0.638456606,0.03413460333333334
2023-08-23,6.016,5.93,6.06,5.93,1194015,1.9767792434749,0.25863475,0.7293555,0.012009716
2023-08-24,5.976,5.978,6.004,5.94,870317,1.809765956219099,0.08155530750000001,0.395003765,0.523440935
2023-08-25,5.95,5.964,6.026,5.94,1147819,1.574808784317871,0.5203818725,0.0205302985,0.459087888
2023-08-28,6.0,6.03,6.048,5.99,132629,1.2719077277712152,0.024616767,0.9442401,0.031143133
2023-08-29,6.046,6.094,6.116,6.04,1683036,0.901062786579132,0.6665217383333334,0.2827100131666667,0.05076825208333333
2023-08-30,6.12,6.118,6.164,6.118,1746125,0.4622739607416217,0.4910890746666667,0.4794878933333333,0.029423071
2023-08-31,6.12,5.916,6.166,5.9,4191296,0.0148107472681668,0.37481996333333334,0.6076157766666667,0.017564245833333336
2023-09-01,5.938,5.892,5.976,5.866,1789387,-0.0857098717843332,0.460793694,0.020905748000000002,0.518300601
2023-09-04,5.932,5.86,5.946,5.84,1750461,0.2199816005936046,0.043287098625,0.17262471124999998,0.7840881725
2023-09-05,5.876,5.89,5.936,5.824,1578037,0.637239396572113,0.27422674375,0.4905100475,0.23526322824999998
2023-09-06,5.878,5.768,5.878,5.758,2395795,0.75428506731987,0.059622915,0.4477415425,0.492635541
2023-09-07,5.768,5.74,5.842,5.72,2216768,0.0,0.0352728618,0.5622609536000001,0.4024661898
2023-09-08,5.752,5.822,5.822,5.704,1526275,-0.9526836473578424,0.06322319274999999,0.178903006,0.757873815
2023-09-11,5.864,5.866,5.94,5.814,1986337,-0.8733456134796143,0.46544163,0.065067552,0.46949077499999997
2023-09-12,5.868,5.938,5.94,5.86,1811862,0.9414147734642028,0.48568161249999997,0.47605400750000004,0.038264323
2023-09-13,5.916,5.85,5.974,5.85,1345627,2.1195448158375627,0.165065761,0.3436409615,0.491293305
2023-09-14,5.848,5.962,5.984,5.782,2429016,2.265702397367789,0.331322576,0.6284358743333334,0.04024153066666667
2023-09-15,5.98,5.84,5.986,5.83,3482066,1.682026122304729,0.45687349499999996,0.0227033505,0.520423205
2023-09-18,5.862,5.804,5.878,5.762,1947040,0.6706545948982239,0.07568273549999999,0.438174258,0.486143013
2023-09-19,5.788,5.922,5.922,5.782,1679516,-0.4872064590454101,0.30180934684377075,0.42756929154534296,0.2706213465262809
2023-09-20,5.924,5.984,6.02,5.904,2408192,-0.1043226846882854,0.6774169825,0.2417642965,0.08081870725
2023-09-21,5.98,6.074,6.106,5.956,3252189,0.7837736308574677,0.5487472564,0.39449375880000004,0.056758972399999996
2023-09-22,6.042,6.016,6.074,5.99,2474342,0.8603444746734039,0.15544758428571429,0.5436970634285714,0.3008553665714286
2023-09-25,5.92,5.904,5.99,5.882,1954457,0.2832887637466538,0.5511236802,0.3959014862,0.052974798000000003
2023-09-26,5.91,6.012,6.076,5.91,3220851,0.0,0.7434419529999999,0.2299083844,0.0266496456
2023-09-27,6.01,5.972,6.07,5.95,1498958,0.1683771004205728,0.28469255,0.68538946,0.0299180005
2023-09-28,5.972,6.024,6.05,5.946,2442443,0.4662078320980072,0.041679554,0.8005560081428571,0.15776443235714285
2023-09-29,6.0,6.044,6.068,6.0,3127754,0.5712799621219379,0.616514718,0.358227931,0.0252573355
2023-10-02,6.06,5.944,6.092,5.944,1969510,0.4835934904923651,0.5084763796,0.0753765738,0.41614700940000005
2023-10-03,5.944,6.016,6.07,5.944,3842225,0.2031484172092884,0.366714135,0.24357374899999998,0.3897120643333334
2023-10-04,5.98,5.988,6.08,5.946,1978896,-0.0706398785538515,0.11809600627499031,0.5892015379678688,0.29270239791104524
2023-10-05,6.024,6.014,6.048,5.94,1276278,-0.1383560176236143,0.0,1.0603828971060343,0.21661786283757056
2023-10-06,6.048,6.058,6.092,6.028,1767527,0.0,0.0,1.5651019245928042,0.15786478740450838
2023-10-09,5.998,5.936,5.998,5.834,2437132,0.3086519241333008,0.0,1.5512632094980234,0.0948811413614519
2023-10-10,5.964,6.024,6.056,5.952,2137663,0.5729422536741444,0.049075892,0.92685085,0.024073253
2023-10-11,6.018,6.072,6.078,6.012,2224968,0.7670577869929559,0.9331528,0.028491559,0.0383556635
2023-10-12,6.09,6.032,6.09,6.002,1538524,0.9507768154144288,0.027194529000000002,0.4968709965,0.47593449
2023-10-13,6.048,5.942,6.08,5.942,1731257,0.9447844624519348,0.28687874900000004,0.45598980450000004,0.25713142275
2023-10-16,5.99,6.02,6.046,5.944,1453452,0.0,0.93245465,0.02756747,0.039977968
2023-10-17,6.028,6.032,6.086,6.006,1151118,0.0,0.9344274,0.028726948,0.036845557
2023-10-18,6.024,6.054,6.068,6.012,2405697,0.0,0.628925835,0.3361058176666667,0.034968404
2023-10-19,6.094,6.324,6.35,5.978,9830102,0.4519030749797821,0.5253804350322581,0.3347185024193548,0.13990104756451613
2023-10-20,6.294,6.3,6.35,6.226,4190269,0.4703612029552459,0.420521947,0.36869939399999996,0.2107786506
2023-10-23,6.3,6.174,6.306,6.168,1965615,0.4632797837257385,0.355634578,0.6209221149999999,0.023443310499999998
2023-10-24,6.2,6.008,6.2,6.0,2643258,-0.0865889489650726,0.30668571783333337,0.35331183633333335,0.3400024614166666
2023-10-25,6.014,6.008,6.036,5.934,2294607,0.2178350542249051,0.36362362366666673,0.16417260800000003,0.472203765
2023-10-26,6.026,6.064,6.064,5.938,1625306,0.5353897156253937,0.06857454025,0.66731888225,0.26410661750000003
2023-10-27,6.07,5.93,6.13,5.93,2046159,0.1644005992195823,0.1222186615,0.16065558100000002,0.7171257233333334
2023-10-30,5.942,5.952,6.0,5.902,2200988,0.9332111477851868,0.150949595,0.38156389925,0.467486499575
2023-10-31,5.966,5.962,6.076,5.93,2077918,0.3504198312759399,0.6061999166666667,0.09669553833333333,0.29710459300000003
2023-11-01,5.982,5.924,6.004,5.92,1484540,0.4546810388565063,0.063695893,0.9080637650000001,0.028240333
2023-11-02,5.948,6.0,6.022,5.93,2014201,0.9438301920890808,0.111290915,0.32537127,0.5633378
2023-11-03,6.038,6.044,6.054,6.012,1944320,0.3193779389063517,0.93210465,0.023632811,0.04426249
2023-11-06,6.038,6.052,6.084,6.014,1230396,-0.2343868762254715,0.94220346,0.021358335,0.036438253
2023-11-07,6.03,6.016,6.094,5.994,1985355,0.0,0.03510985416666667,0.33898212833333335,0.6259080124999999
2023-11-08,5.99,6.086,6.116,5.976,2390777,0.9475353360176086,0.0,0.41449140589721517,0.7835263304647594
2023-11-09,6.118,6.08,6.13,6.048,2480211,0.9074774384498596,0.3346645417770561,0.23607007292356147,0.4292654204416571
2023-11-10,6.062,6.082,6.148,6.052,2342666,-0.2183584239747789,0.57471872,0.325643919,0.099637411
2023-11-13,6.13,6.264,6.272,6.122,2565774,0.6120937466621399,0.3457384439357231,0.7702005757244688,0.0
2023-11-14,6.282,6.252,6.32,6.234,2757634,0.2837532043457031,0.046113357,0.9154278,0.03845883
2023-11-15,6.274,6.266,6.28,6.156,2033131,-0.0714710801839828,0.020784131,0.29081047400000004,0.688405415
2023-11-16,6.27,6.186,6.296,6.186,2449886,0.0568105842455387,0.031748846,0.0126096085,0.9556415
2023-11-17,6.202,6.224,6.24,6.164,3342786,0.3015330632527669,0.3255478923333333,0.3286110623333333,0.3458410473333333
2023-11-20,6.232,6.32,6.358,6.232,2387375,0.3053969542185465,0.08165099866666668,0.8989183333333334,0.019430680000000002
2023-11-21,6.312,6.34,6.386,6.292,1453653,0.3177790443102519,0.500667108,0.48692345699999995,0.012409439
2023-11-22,6.368,6.428,6.45,6.358,3399993,0.2056550979614257,0.5043440914999999,0.47381928549999996,0.021836618500000002
2023-11-23,6.43,6.42,6.44,6.394,1163874,0.0,0.480390525,0.507892315,0.01171711525
2023-11-24,6.442,6.456,6.52,6.442,1473881,0.6315847039222717,0.08738472,0.9029311,0.009684241
2023-11-27,6.48,6.4,6.518,6.4,1650687,-0.0151950546673366,0.041500010500000004,0.92682725,0.031672753
2023-11-28,6.418,6.5,6.506,6.41,1390408,0.4014457331763373,0.262734876,0.70305098575,0.034214156
2023-11-29,6.492,6.444,6.532,6.434,1803552,0.8237743491754191,0.526666128829762,0.48177494626382245,0.0
2023-11-30,6.494,6.444,6.5,6.436,2655074,0.9941122622443596,0.48461395820000003,0.485783756,0.029602254
2023-12-01,6.484,6.44,6.49,6.424,1695513,0.9377679228782654,0.09178671433333334,0.7199225605,0.18829072933333335
2023-12-04,6.43,6.438,6.48,6.414,1510500,0.4500827491283417,0.6397493943333333,0.32156272,0.038687886
2023-12-05,6.44,6.314,6.442,6.304,3018668,-0.970094621181488,0.48410052400000003,0.4793357,0.036563773
2023-12-06,6.34,6.262,6.35,6.248,2113265,0.0,0.08239615,0.8948877,0.02271615
2023-12-07,6.25,6.044,6.258,6.002,4085230,-0.9202309846878052,0.053160123,0.054796989,0.892042825
2023-12-08,6.06,6.106,6.134,5.936,3854655,0.0,0.14157823533333333,0.7460200666666666,0.11240170533333334
2023-12-11,6.11,6.084,6.154,6.026,2645994,0.6902444243431092,0.2933288595,0.6774714855,0.02919964525
2023-12-12,6.08,6.01,6.096,5.976,2545216,-0.9744548201560974,0.42677053353758243,0.5407069154185349,0.032522499868663735
2023-12-13,6.022,6.054,6.084,5.976,2447771,0.2885686159133911,0.38108158,0.6100087,0.008909674
2023-12-14,6.082,5.9,6.086,5.8,6763743,0.0,0.09444953,0.8719651466666667,0.03358535233333333
2023-12-15,5.912,5.808,5.932,5.792,4837091,-0.3779360689222812,0.08305920575,0.83166712,0.08527369074999999
2023-12-18,5.81,5.812,5.87,5.794,2013677,0.3031428654988606,0.3676696943333333,0.6198534266666667,0.0124768765
2023-12-19,5.8,5.812,5.834,5.764,1996231,0.8320182726600853,0.32459889641340167,0.7397094973196401,0.0
2023-12-20,5.82,5.874,5.908,5.782,2326040,0.9961570603692156,0.1223677903125,0.834070213625,0.043561987999999996
2023-12-21,5.894,5.93,5.946,5.886,2108101,0.8975024223327637,0.11145014666666668,0.5508695339999999,0.3376803447666667
2023-12-22,5.954,5.93,5.964,5.906,1601317,0.6134165326754252,0.4965369915,0.47103635,0.032426613
2023-12-27,5.81,5.804,5.838,5.784,1507761,0.5061292424388583,0.05715701225,0.9235564475,0.019286547125
2023-12-28,5.812,5.794,5.82,5.768,918593,0.5745620897289693,0.034605432,0.89227015,0.073124394
2023-12-29,5.78,5.796,5.82,5.78,1063635,0.4500144521395365,0.6001283343333333,0.2226193261666667,0.17725236593333335
2024-01-02,5.836,5.968,5.976,5.834,2811559,0.2358042597770691,0.007427093,0.01850806,0.97406477
2024-01-03,5.97,5.976,6.09,5.964,2586184,0.6320816278457642,0.0,0.0473677200355456,1.0802784795050837
2024-01-04,5.99,6.12,6.12,5.966,2637960,0.3160408139228821,0.35345714362681824,0.2318798458531152,0.4146630117086116
2024-01-05,6.102,6.12,6.136,6.044,1950978,0.3983507454395294,0.43255807625,0.54171747175,0.02572449325
2024-01-08,6.13,6.178,6.212,6.11,2068431,0.6327304045359293,0.060750183,0.918762,0.020487826
2024-01-09,6.2,6.066,6.204,6.036,2156508,0.3163652022679646,0.0,1.0446288099486254,0.0
2024-01-10,6.046,5.962,6.062,5.932,1974212,0.0,0.03149388,0.94587755,0.022628494
2024-01-11,5.986,5.93,6.022,5.908,2066717,-0.7729151964187622,0.03897882458495138,0.7021319720006629,0.25888913872361724
2024-01-12,5.93,6.06,6.07,5.916,3133270,-0.6959001677376884,0.038053178666666666,0.626175204,0.33577158533333334
2024-01-15,6.074,6.12,6.15,6.048,2232588,0.0,0.060750183,0.918762,0.020487826
2024-01-16,6.11,6.006,6.12,5.962,2087167,-0.7539843916893005,0.040348817,0.9424925,0.01715877
2024-01-17,5.96,5.864,5.96,5.844,3550533,-0.9731451471646628,0.30418173831675005,0.7939606356549336,0.0
2024-01-18,5.928,5.842,5.936,5.78,3773231,-0.2436398565769195,0.3984363,0.59292716,0.008636461
2024-01-19,5.886,5.88,5.904,5.816,2665935,0.0,0.0355047945,0.4669657915,0.497529413
2024-01-22,5.924,5.964,6.008,5.9,1950781,0.2540680255208696,0.3819082065,0.6008464499999999,0.017245342
2024-01-23,5.98,6.0,6.032,5.92,2851107,0.4560801386833191,0.5888825985965419,0.6127714146041068,0.0
2024-01-24,6.016,6.122,6.15,6.0,3476532,0.9446411728858948,0.5117178074858828,0.46652487675855886,0.02175733534082932
2024-01-25,5.8,5.752,5.854,5.71,19001675,0.0094571113586425,0.35514221490625,0.36919305575,0.275664739125
2024-01-26,5.74,5.804,5.84,5.692,5979596,0.0,0.2052080294,0.3940152922,0.4007766548
2024-01-29,5.81,5.746,5.842,5.746,2844303,0.6085245211919149,0.33224305433333334,0.6464060333333334,0.02135089966666667
2024-01-30,5.742,5.732,5.78,5.666,5224171,1.0370966965551969,0.5406357043939614,0.40347798658246664,0.05588632712674879
2024-01-31,5.762,5.72,5.844,5.72,5134387,0.9454135298728944,0.48183386300000003,0.019619519000000002,0.4985466725
2024-02-01,5.66,5.604,5.748,5.594,4590502,0.2815468988635323,0.008573126,0.015257772,0.97616917
2024-02-02,5.636,5.624,5.648,5.53,3698936,0.0,0.037249357999999996,0.46738372349999996,0.495366893
2024-02-05,5.674,5.574,5.738,5.56,3659789,-0.2598907272020975,0.4651651268109393,0.46932434098384535,0.06551051734595206
2024-02-06,5.586,5.632,5.676,5.574,2531777,0.771616518497467,0.7716163,0.21820869,0.010175038
2024-02-07,5.62,5.558,5.644,5.552,2656151,0.2447208275730129,0.47968675821266155,0.06879524104019782,0.4515179933042171
2024-02-08,5.59,5.526,5.62,5.526,3987256,-0.946485698223114,0.011532402,0.041981936,0.9464856
2024-02-09,5.53,5.59,5.614,5.494,3187473,-1.3789340473613718,0.0,0.1586667167749679,1.052024074828745
2024-02-12,5.63,5.73,5.744,5.622,2667284,-1.0526242198417608,0.0,0.4188495833651016,0.7681334177904527
2024-02-13,5.744,5.806,5.854,5.732,3590618,-0.4366237069570478,0.0,0.7098505272726845,0.3461052806069338
2024-02-14,5.814,5.754,5.86,5.752,2571626,0.0,0.043779165,0.91898954,0.037231315
2024-02-15,5.77,5.782,5.816,5.724,2306870,0.2572469010293829,0.11222189765749481,1.046266621547048,0.0
2024-02-16,5.82,5.642,5.822,5.628,2995213,0.3351169961311006,0.14937237973729864,1.091681771913829,0.0
2024-02-19,5.65,5.656,5.7,5.64,1820575,0.2336102853051533,0.15523061123941156,1.0552349911003427,0.0
2024-02-20,5.66,5.724,5.734,5.652,1967105,-0.047273231448459,0.1297965921638335,0.9369262791065889,0.0
2024-02-21,5.722,5.728,5.788,5.706,1942833,-0.3792671110966898,0.09369242294277626,0.7897962520370116,0.11651135096400425
2024-02-22,5.764,5.798,5.844,5.748,3686249,-0.6341049106064931,0.06754020400845158,0.6668855259960543,0.2655742858662826
2024-02-23,5.742,5.81,5.812,5.722,2236402,-0.8117866299778681,0.0513399353608595,0.5681941009837171,0.38046597304494784
2024-02-26,5.832,5.85,5.87,5.792,2720334,-0.9123122692108154,0.045091617,0.493721977,0.46118641250000003
2024-02-27,5.85,5.888,5.902,5.836,3136187,-0.9356818283053344,0.04879524892587307,0.44346915404490284,0.507735604231439
2024-02-28,5.898,5.922,5.966,5.89,2826823,-0.8818953072614257,0.062450831138478734,0.41743563211842594,0.5201135482392651
2024-02-29,5.91,5.868,5.958,5.86,3263059,-0.750952706079089,0.08605836363781696,0.41562141122056906,0.4983202445234782
2024-03-01,5.852,5.998,6.05,5.852,5392248,-0.5428540247583242,0.1196178464238878,0.4380264913513322,0.44235569308407807
2024-03-04,6.01,6.068,6.09,6.008,2332285,-0.323918107168445,0.14560501303197262,0.4821099761256788,0.37228505172791826
2024-03-05,6.07,6.086,6.102,6.034,1738886,-0.1604637971787646,0.14649559699735298,0.5453309691585724,0.30817347826185193
2024-03-06,6.102,6.158,6.248,6.098,5009113,-0.0524910947892829,0.12228959832002877,0.6276894704500128,0.25002097268587925
2024-03-07,6.182,6.148,6.264,6.06,3824065,0.0,0.072987017,0.7291854799999999,0.197827535
2024-03-08,6.24,6.218,6.438,6.164,8697644,-0.0029905128109158,0.0,0.8498189978085342,0.1515931652042144
2024-03-11,6.218,6.306,6.344,6.194,4287023,-0.0419719264183255,0.0,0.9669668535199214,0.10561373337819742
2024-03-12,6.346,6.4,6.454,6.334,4371766,0.0,0.029445497,0.944890025,0.02566446
2024-03-13,6.38,6.408,6.474,6.38,3222518,0.0,0.216414089,0.7562697199999999,0.0273161785
2024-03-14,6.41,6.414,6.462,6.402,3611710,-0.4789500534534455,0.0231982035,0.4510892855,0.5257125535
2024-03-15,6.456,6.572,6.63,6.44,49015190,0.4540591140588124,0.49690315683333336,0.4278003508333333,0.07529649366666667
2024-03-18,6.602,6.604,6.63,6.512,3398214,0.4536351263523102,0.46417473099999995,0.4238727,0.11195255300000001
2024-03-19,6.622,6.742,6.748,6.618,4967232,-0.1890954732894897,0.1312912144,0.6081403572,0.260568416
2024-03-20,6.75,6.812,6.846,6.708,3255590,0.3175873557726542,0.35804354499999996,0.584205282,0.057751160999999995
2024-03-21,6.84,6.674,6.84,6.646,3641650,0.0604333111218043,0.25706871842857143,0.6503788134285714,0.09255248392857142
2024-03-22,6.672,6.702,6.74,6.664,3701467,-0.1496277962412153,0.27773857942857144,0.270314036,0.45194739785714283
2024-03-25,6.7,6.752,6.816,6.678,2753493,-0.2951149390294001,0.1262837050909091,0.5915659729999999,0.28215034818181817
2024-03-26,6.642,6.716,6.74,6.6,3757860,0.0,0.045581548666666666,0.8544145666666667,0.10000386666666666
2024-03-27,6.738,6.76,6.804,6.732,2301950,0.2998066941897074,0.3251501806666666,0.5969861143333334,0.07786369133333333
2024-03-28,6.74,6.782,6.782,6.712,2788951,0.6696732214518956,0.6800036255714286,0.27092328,0.04907309157142857
2024-04-02,6.75,6.892,6.908,6.75,3148379,0.5400846004486084,0.5204601095,0.42543713266666666,0.05410278416666667
2024-04-03,6.896,6.918,6.944,6.88,2624105,0.0,0.062368742500000005,0.91425775,0.0233734455
2024-04-04,6.928,7.0,7.002,6.924,2713792,0.4385441839694977,0.4490673965,0.440607796,0.11032476
2024-04-05,6.9,6.976,7.0,6.88,3440036,0.228751465678215,0.4799962705,0.23020851925,0.289795217
2024-04-08,7.0,7.058,7.094,6.97,2779014,0.4697580635547638,0.560263635,0.414117695,0.025618654
2024-04-09,7.086,6.998,7.112,6.994,2521083,0.0,0.07831061,0.89789,0.023799403
2024-04-10,7.0,7.038,7.048,6.934,2807825,0.6119783322016398,0.621274268,0.34825063466666667,0.030475053333333335
2024-04-11,7.05,6.906,7.066,6.822,2439584,0.1031345129013061,0.15026792042857146,0.687165939,0.1625661535714286
2024-04-12,6.902,6.84,6.958,6.83,2168243,-0.480287492275238,0.1580481935,0.35178556499999997,0.4901662905
2024-04-15,6.838,6.892,6.944,6.812,1822717,-0.003119722008705,0.273689953,0.44001668375,0.28629338475
2024-04-16,6.84,6.806,6.866,6.774,2476224,0.0,0.05906016,0.8567862749999999,0.0841535675
2024-04-17,6.814,6.912,6.952,6.808,2576112,-0.0026533961296081,0.21716295040000003,0.5702385376,0.21259849420000002
2024-04-18,6.95,7.278,7.28,6.784,6958072,0.3312818863812615,0.3881215134375,0.563143637125,0.048734853265625
2024-04-19,7.26,7.25,7.28,7.104,2885123,0.2982589483261108,0.5114291676,0.26647823000000004,0.2220926
2024-04-22,7.282,7.268,7.316,7.182,3917069,0.2441751718521118,0.4432980554,0.31504332079999997,0.24165860940000003
2024-04-23,7.28,7.264,7.292,7.194,3296195,-0.0030802289644877,0.2293068606,0.511198475,0.25949463700000003
2024-04-24,7.29,7.27,7.32,7.23,2635240,0.0,0.139187212,0.79734412,0.06346868966666667
2024-04-25,7.3,7.308,7.4,7.234,3340532,0.0,0.13396827050000001,0.83087068,0.0351610065
2024-04-26,7.33,7.326,7.356,7.266,2225437,0.6120805740356445,0.629717938,0.302211061,0.06807094566666666
2024-04-29,7.344,7.372,7.426,7.32,1761781,-0.0173137187957763,0.317071651,0.2930781373333333,0.38985020666666664
2024-04-30,7.39,7.42,7.474,7.32,3253833,0.517142192883925,0.6121324002999999,0.33921199609999997,0.048655617899999996
2024-05-02,7.464,7.542,7.578,7.456,2435426,0.2375029027462005,0.3044032195,0.6588824799999999,0.03671431175
2024-05-03,7.576,7.394,7.58,7.332,3403880,-0.0130007863044739,0.478797786,0.021456658,0.4997455745
2024-05-06,7.378,7.382,7.446,7.362,1692501,0.9512589275836943,0.9512589199999999,0.0246969275,0.0240441775
2024-05-07,7.43,7.556,7.564,7.42,2536383,-0.2115353345870971,0.13789013,0.64148521425,0.22062466325
2024-05-08,7.55,7.516,7.6,7.486,2024672,0.0,0.12217940933333334,0.8594703666666668,0.018350253833333333
2024-05-09,7.566,7.444,7.574,7.44,1494210,0.0,0.050653148333333335,0.8859942666666667,0.06335256333333333
2024-05-10,7.466,7.57,7.592,7.426,1805893,0.1475739081700642,0.3853166564,0.3681564558,0.24652686099999999
2024-05-13,7.548,7.542,7.57,7.486,988216,0.3175020813941956,0.401581671,0.5357467283333334,0.06267160000000001
2024-05-14,7.558,7.612,7.656,7.534,1795523,0.3113129834334056,0.38887739720000003,0.5560076842,0.0551149252
2024-05-15,7.65,7.614,7.66,7.538,1719588,0.0,0.031294927,0.9447141,0.02399099
2024-05-16,7.612,7.51,7.63,7.506,1721421,0.0,0.0613366735,0.917506175,0.021157171500000002
2024-05-17,7.528,7.688,7.688,7.528,2470755,0.0,0.147377204,0.77306355,0.0795592785
2024-05-20,7.716,7.802,7.84,7.708,1526081,0.4557019472122192,0.46633445149999997,0.434038232,0.099627359
2024-05-21,7.792,7.862,7.918,7.764,2245881,0.2374516725540161,0.36295721099999995,0.5762843843333333,0.06075844033333333
2024-05-22,7.888,7.91,7.962,7.87,1908600,0.0,0.06267373,0.91531367,0.022012603
2024-05-23,7.952,7.926,7.962,7.772,1716179,0.3732596635818481,0.40777539,0.5670948206666666,0.025129804333333335
2024-05-24,7.892,7.93,7.95,7.77,2525591,0.7315923571586609,0.73159236,0.24269482,0.025712792
2024-05-27,7.948,7.916,7.952,7.842,1531107,-0.9628907442092896,0.026743863,0.010365519,0.9628906
2024-05-28,7.938,7.97,8.004,7.918,1603672,0.9161593914031982,0.9161594,0.03350454,0.050336055
2024-05-29,7.994,7.92,7.996,7.876,2113390,0.0,0.118896691,0.8562526500000001,0.024850675000000003
2024-05-30,7.92,8.138,8.16,7.9,2196554,0.1844686031341552,0.264985234,0.6827678005,0.0522470035
2024-05-31,8.13,8.12,8.152,8.064,3408954,0.2660484484263828,0.4823958248333333,0.2946172403333333,0.22298695966666662
2024-06-03,8.176,8.158,8.202,8.102,1861337,0.6462886929512024,0.57859052875,0.26057662425,0.16083286175
2024-06-04,8.132,7.814,8.176,7.814,3947406,0.263570272260242,0.337447830375,0.610263112875,0.052289074
2024-06-05,7.71,7.608,7.778,7.572,3866519,0.0,0.021598008,0.8646019,0.113800116
2024-06-06,7.642,7.832,7.87,7.546,3178990,0.4681726396083832,0.47892598350000004,0.43461195649999995,0.086462044
2024-06-07,7.856,7.926,7.948,7.822,2677695,-0.0736881494522094,0.16977041669999998,0.5080735854,0.3221559964
2024-06-10,7.86,7.962,7.962,7.828,2212221,0.2364925146102905,0.3086556445,0.63018077,0.061163577749999996
2024-06-11,7.97,7.778,7.98,7.694,2671689,0.0359539985656738,0.23907325159999998,0.574585882,0.1863408954
2024-06-12,7.816,7.77,7.9,7.66,2628422,0.0256968566349574,0.3434105891666667,0.3554274568333333,0.3011620016666667
2024-06-13,7.726,7.65,7.786,7.614,1841146,0.1389893852174282,0.45869080900000003,0.29491495514285715,0.24639427328571428
2024-06-14,7.634,7.552,7.664,7.342,2862847,-0.2002297043800354,0.2333778334,0.3412080462,0.42541413019999996
2024-06-17,7.578,7.634,7.638,7.504,1695435,0.2201519131660461,0.2926340676,0.5319799040000001,0.175386045
2024-06-18,7.696,7.704,7.746,7.65,1515018,0.3538482427597046,0.452950145,0.43530714875,0.11174268074999999
2024-06-19,7.74,7.836,7.886,7.682,1742716,0.3465873301029205,0.43519367175,0.546327478125,0.018478863125
2024-06-20,7.866,7.908,7.908,7.798,1791391,0.0,0.11931132500000001,0.77597307,0.104715571
2024-06-21,7.914,7.658,7.916,7.556,8877742,0.5629200637340546,0.6935630652857142,0.2626465734285714,0.04379036885714286
2024-06-24,7.614,7.702,7.702,7.56,2188636,0.3626264631748199,0.41388677500000004,0.4583149765,0.127798234
2024-06-25,7.716,7.712,7.752,7.652,1073959,0.2207871675491332,0.4703791095,0.2690949515,0.26052591575
2024-06-26,7.728,7.604,7.75,7.576,1489695,0.0,0.33272123,0.6482695,0.019009355
2024-06-27,7.62,7.6,7.63,7.536,1396242,-0.6252913077672323,0.0278261965,0.432578156,0.5395956550000001
2024-06-28,7.622,7.626,7.678,7.538,1979377,0.1229117172104971,0.33538044766666664,0.4316651185,0.23295442083333331
2024-07-01,7.78,7.694,7.8,7.626,1783574,0.2110320031642913,0.46135870775,0.24489180225,0.293749454
2024-07-02,7.7,7.642,7.718,7.54,2268885,-0.4869849979877472,0.1616542775,0.3377379005,0.5006078035
2024-07-03,7.65,7.59,7.74,7.59,1890916,0.4788368046283722,0.5190121050000001,0.4595499335,0.0214379745
2024-07-04,7.604,7.784,7.786,7.6,1981489,0.0,0.1683984,0.81783754,0.013764067
2024-07-05,7.784,7.636,7.786,7.564,2016983,0.3755309462547302,0.400367386,0.5488562530000001,0.050776341999999995
2024-07-08,7.6,7.584,7.676,7.574,1956202,0.5833644047379494,0.4396313516,0.5028020244,0.0575666138
2024-07-09,7.586,7.564,7.586,7.474,1949765,0.1658760786056518,0.24203962175,0.6827285275,0.07523181325
2024-07-10,7.596,7.544,7.626,7.512,2260631,-0.3202538887659709,0.024178911,0.430154484,0.54566656
2024-07-11,7.55,7.514,7.602,7.468,2352185,-0.3195911447207133,0.026599707333333333,0.6054858646666667,0.367914397
2024-07-12,7.51,7.7,7.75,7.51,2188783,0.3124434153238932,0.43527981985714287,0.5086653281428571,0.05605484857142857
2024-07-15,7.7,7.66,7.73,7.594,1842922,0.6270482142766317,0.5033545033333334,0.4597500426666667,0.03689544633333333
2024-07-16,7.686,7.83,7.854,7.61,2392148,0.906670093536377,0.90667003,0.060708184,0.032621726
2024-07-17,7.844,7.822,7.854,7.756,2410766,0.309903343518575,0.35833573066666663,0.61771886,0.023945410666666667
2024-07-18,7.906,8.19,8.244,7.906,4676299,0.520774047164356,0.5551085675806452,0.41040374158064513,0.03448767811290323
2024-07-19,8.14,8.292,8.292,8.1,3187749,0.3341275006532669,0.5223444708571429,0.29518154542857145,0.18247399142857143
2024-07-22,8.204,8.25,8.3,8.072,2612975,0.5364655032753944,0.5162763984,0.2407778718,0.24294570380000002
2024-07-23,8.292,8.27,8.292,8.156,1677196,0.4567064046859741,0.51048664,0.471119845,0.018393525
2024-07-24,8.29,8.226,8.3,8.164,1812098,0.0,0.14797351749999998,0.82748235,0.0245441195
2024-07-25,8.16,8.056,8.202,8.034,2672411,-0.243708997964859,0.020631063333333335,0.6014514456666666,0.37791750700000004
2024-07-26,8.05,8.066,8.1,7.972,2116274,0.3752259016036987,0.5511976412499999,0.32835951625,0.12044287625
2024-07-29,8.082,7.96,8.13,7.926,1383638,0.4731169044971466,0.524810183,0.46099197999999997,0.014197795000000001
2024-07-30,7.96,7.94,7.992,7.898,1748282,0.0,0.03526422,0.9424711,0.022264754
2024-07-31,8.018,7.888,8.022,7.79,2486360,0.0,0.032927856,0.943608,0.023464175
2024-08-01,7.856,7.626,7.864,7.606,2680596,0.2623410991259984,0.38798942119999996,0.36666477199999997,0.245345799
2024-08-02,7.534,7.214,7.57,7.214,3676892,-0.0125003457069396,0.38324342570000003,0.1890169554,0.4277396166
2024-08-05,6.95,7.114,7.2,6.86,4149830,0.6259222229321798,0.7334278366666668,0.228512393,0.03805981766666666
2024-08-06,7.178,7.11,7.2,7.0,1966285,0.5680166880289713,0.6456261166666667,0.3386503173333333,0.0157235955
2024-08-07,7.206,7.274,7.324,7.142,2522696,0.9392133951187134,0.9392134,0.026674759,0.034111854
2024-08-08,7.242,7.292,7.358,7.138,1896655,0.945629894733429,0.9456299,0.026908228,0.02746189
2024-08-09,7.316,7.284,7.39,7.202,1253275,0.6264716585477194,0.6613076466666666,0.3052254073333333,0.033466923333333336
2024-08-12,7.296,7.294,7.35,7.258,943917,0.3135401407877604,0.40140139900000005,0.528054388,0.07054420233333333
2024-08-13,7.306,7.348,7.38,7.276,1577008,0.3994291424751282,0.4783478695,0.4508049145,0.07084724316666667
2024-08-14,7.388,7.418,7.444,7.334,1147588,0.2918707132339477,0.44866481999999996,0.4397849575,0.111550227
2024-08-15,7.398,7.62,7.658,7.394,2049559,0.0,0.05005708666666667,0.8824422799999999,0.06750063299999999
2024-08-16,7.62,7.674,7.678,7.562,1517412,0.3106444239616394,0.44526173750000003,0.5006796675,0.0540585975
2024-08-19,7.694,7.812,7.858,7.682,1347140,0.4751743376255036,0.485785421,0.424226648,0.08998794399999999
2024-08-20,7.836,7.824,7.862,7.796,1745676,0.3761094927787781,0.4808575305,0.43475157575,0.08439088075
2024-08-21,7.824,7.85,7.878,7.8,1019351,-0.242092028260231,0.04234961366666667,0.583544536,0.3741058293333333
2024-08-22,7.84,7.854,7.876,7.81,1824147,0.0443892123457726,0.2249941345561835,0.49947642686841887,0.2755294019078051
2024-08-23,7.854,7.904,7.942,7.854,1015646,0.6823031157255173,0.6877984235,0.24336565524999998,0.068835893
2024-08-26,7.91,7.91,7.938,7.876,772314,0.8587955236434937,0.85879576,0.03415405,0.10705021
2024-08-27,7.924,8.014,8.014,7.9,1781242,0.6221872568130493,0.6294438203333333,0.302890796,0.06766537766666668
2024-08-28,8.02,8.02,8.036,7.916,1340623,0.3661927938461303,0.47085129374999996,0.474812405,0.054336287500000004
2024-08-29,7.986,7.95,8.04,7.944,1918550,-0.3230742414792378,0.02327179,0.4796461185,0.4970820965
2024-08-30,7.972,7.996,8.0,7.946,1871568,0.7066320925951004,0.7701078475,0.20309210774999997,0.02680005975
2024-09-02,8.0,8.058,8.144,7.982,1129282,0.9258325695991516,0.925832575,0.036077993,0.0380893765
2024-09-03,8.058,7.94,8.118,7.9,1935303,0.2379634380340576,0.34017398400000004,0.6013967007500001,0.058429309500000005
2024-09-04,7.85,7.93,7.996,7.85,1620535,0.0,0.19045757,0.7907392,0.01880323
2024-09-05,7.864,8.026,8.078,7.864,1570738,0.9434187412261964,0.94341874,0.023942448,0.032638773
2024-09-06,8.018,7.934,8.078,7.918,1911294,-0.4872172623872757,0.044115363500000004,0.4604580915,0.4954265305
2024-09-09,7.978,7.96,7.994,7.9,1066212,0.0,0.060010426000000006,0.8582162,0.081773373
2024-09-10,7.962,7.92,8.04,7.878,2187755,0.0,0.09200583600000001,0.8103832,0.09761095933333334
2024-09-11,7.94,7.95,8.026,7.904,1388081,-0.0029753565788269,0.25150835125,0.4632294825,0.2852621645
2024-09-12,8.0,8.024,8.03,7.924,1137443,0.1787002086639404,0.28373542375,0.65623007675,0.06003449825
2024-09-13,7.972,7.952,8.018,7.938,1330199,-0.0097777545452117,0.33587178700000003,0.32468179933333335,0.3394463888333333
2024-09-16,7.98,7.93,7.98,7.91,1318234,0.1505733927090962,0.36717553983333334,0.4188126163333333,0.21401184066666665
2024-09-17,7.962,7.888,7.99,7.888,2578011,0.1540193080902099,0.44466942675,0.26766395249999997,0.287666624
2024-09-18,7.888,7.888,7.956,7.888,1370912,-0.9740068912506104,0.010641845,0.015351214,0.9740069
2024-09-19,7.944,7.946,7.982,7.884,1402283,0.4434117674827575,0.7305220133333332,0.06192929666666667,0.2075486453333333
2024-09-20,7.954,7.888,8.046,7.882,5459368,0.663277653130618,0.7678133613333333,0.08351328411111111,0.14867331844444445
2024-09-23,7.88,7.946,7.946,7.78,2138298,0.8137612566351891,0.7551096866,0.19067181719999998,0.0542184856
2024-09-24,7.974,7.918,7.994,7.914,1358801,0.4086138435772487,0.5052826883333333,0.312998934,0.181718376
2024-09-25,7.9,7.988,8.05,7.868,1826425,0.9443157076835632,0.9462526800000001,0.024920605000000002,0.028826752333333334
2024-09-26,8.04,8.136,8.152,8.024,1613103,0.6728082043784005,0.5724575246000001,0.3738193808,0.053723144199999996
2024-09-27,8.132,7.932,8.142,7.932,1841428,0.0663960576057434,0.39421799099999993,0.120625849,0.48515617966666674
2024-09-30,7.92,7.928,8.0,7.852,2002174,-0.9735357165336608,0.0077179293,0.01874633,0.9735357
2024-10-01,7.902,7.55,7.92,7.474,3999243,-0.6481582522392273,0.01980012466666667,0.31654241266666666,0.66365748
2024-10-02,7.514,7.564,7.622,7.502,1679258,0.7637501120567322,0.7245341666666666,0.24950743866666666,0.025958421333333332
2024-10-03,7.586,7.592,7.606,7.49,1461625,0.8476178646087646,0.8476181,0.09014112999999999,0.062240722500000005
2024-10-04,7.608,7.7,7.746,7.588,1912431,-0.0747112333774566,0.20205230325,0.535579005,0.26236869625000003
2024-10-07,7.716,7.72,7.78,7.696,1585782,-0.4867678582668304,0.15265373464999998,0.35177276500000004,0.495573504
2024-10-08,7.69,7.582,7.704,7.57,2359889,0.4309651330113411,0.33602369883333333,0.6064209845,0.05755532766666666
2024-10-09,7.56,7.49,7.56,7.384,1835926,0.63203231493632,0.71691403075,0.020995733,0.2620902115
2024-10-10,7.468,7.546,7.576,7.388,2106820,0.0,0.17122385,0.8118817,0.01689439
2024-10-11,7.524,7.534,7.578,7.5,1074351,-0.6512899001439413,0.03937581833333333,0.30084022633333335,0.659783929
2024-10-14,7.508,7.652,7.68,7.498,1286706,0.147985150416692,0.3498651165,0.46034182083333336,0.18979305933333335
2024-10-15,7.632,7.626,7.674,7.542,1660640,0.5231606704848153,0.3894806546,0.548021792,0.062497567399999995
2024-10-16,7.6,7.556,7.654,7.482,1483440,-0.3381155795521206,0.2730558845714286,0.2803309725714286,0.44661314885714287
2024-10-17,7.56,7.52,7.594,7.508,868572,-0.3228457995823451,0.4302976175,0.30955587075,0.2601465615
2024-10-18,7.508,7.62,7.626,7.45,2047827,-0.3685417771339417,0.4136797298,0.346852647,0.23946764960000003
2024-10-21,7.478,7.452,7.548,7.446,2048649,-0.046329657236735,0.34112970220000005,0.2303214198,0.4285489226
2024-10-22,7.456,7.512,7.514,7.408,1574663,-0.245103545486927,0.3416329186666667,0.31526120716666667,0.34310586483333333
2024-10-23,7.518,7.594,7.636,7.452,2255038,-0.0479741437094552,0.5354434098,0.2506434476,0.21391314420000002
2024-10-24,7.37,7.366,7.666,7.278,5760416,0.1560061226288477,0.3730650890652174,0.46406362778260873,0.1628712739347826
2024-10-25,7.4,7.346,7.512,7.34,2605805,-0.3417943228374828,0.267999114,0.25428920025,0.47771170175
2024-10-28,7.38,7.384,7.426,7.324,1483280,-0.1480079233646393,0.36809853985714286,0.28844148285714283,0.34345998428571434
2024-10-29,7.426,7.408,7.47,7.38,1603973,-0.3615150126543912,0.1317713411111111,0.5110283938888889,0.35720027666666665
2024-10-30,7.38,7.444,7.49,7.38,1618215,-0.1369757503271103,0.49417778083333336,0.15363022666666667,0.3521919995
2024-10-31,7.45,7.49,7.53,7.416,2379982,-0.3572032749652862,0.44236904925,0.0204955415,0.5371353675
2024-11-01,7.492,7.654,7.654,7.492,2077787,-0.3517016640731266,0.29815522675,0.2002128303,0.5016319589
2024-11-04,7.642,7.734,7.758,7.626,1961883,0.351936012506485,0.5272651142857143,0.1509421937142857,0.32179268885714285
2024-11-05,7.758,7.86,7.882,7.718,2365091,0.6191326644685533,0.546997217,0.40311669257142857,0.04988609914285714
2024-11-06,7.89,7.558,7.904,7.544,4175545,0.6086950600147247,0.6883240242499999,0.02206700075,0.28960896325
2024-11-07,7.59,7.668,7.736,7.59,1759105,0.9320826172828676,0.9216767333333333,0.023962871,0.05436037233333333
2024-11-08,7.652,7.506,7.682,7.506,1747082,0.2849319510989719,0.325583781,0.4724983363333333,0.20191786916666668
2024-11-11,7.536,7.49,7.594,7.484,1059103,-0.0358262360095977,0.2278128336,0.5091833464,0.2630038454
2024-11-12,7.45,7.44,7.55,7.424,1953057,0.2758638792567783,0.31375605875,0.32527206233333333,0.36097188066666663
2024-11-13,7.428,7.362,7.53,7.29,1676645,-0.2148560583591461,0.49210710716666667,0.057037290500000004,0.4508555875
2024-11-14,7.416,7.504,7.57,7.416,1256674,-0.1414695158600807,0.5710547718,0.19340132540000002,0.23554389319999997
2024-11-15,7.486,7.696,7.696,7.472,1900377,-0.137872502207756,0.4207877738,0.346337593,0.23287463260000002
2024-11-18,7.7,7.886,7.89,7.69,1917972,0.1108405292034149,0.37382740999999997,0.3834221918,0.2427504088
2024-11-19,7.836,7.628,7.868,7.544,2046921,-0.431180391046736,0.17610740857142856,0.3933872122857143,0.43050537971428576
2024-11-20,7.66,7.632,7.754,7.608,1193334,-0.297018187386649,0.21680261819999996,0.5456487508,0.23754863639999999
2024-11-21,7.67,7.724,7.744,7.576,1933824,-0.4895872672398884,0.39893382800000005,0.2606058608333333,0.340460312
2024-11-22,7.64,7.526,7.734,7.43,3044389,-0.1468365571715615,0.3864034508888889,0.25794822888888885,0.3556483358888889
2024-11-25,7.624,7.662,7.686,7.524,4077038,0.2523752848307292,0.511670262,0.2232484372,0.26508131220000003
2024-11-26,7.656,7.614,7.68,7.56,2384676,-0.276666597886519,0.256707495375,0.465651339625,0.277641158125
2024-11-27,7.616,7.644,7.676,7.536,2938443,-0.4098088264465332,0.37204575533333334,0.2582644943333333,0.3696897313333333
2024-11-28,7.384,7.408,7.438,7.356,1235169,-0.4862442016601562,0.035641555,0.621121579,0.34323687733333336
2024-11-29,7.39,7.492,7.506,7.384,1486511,-0.2363564819097519,0.34397040366666665,0.17445386933333332,0.48157573666666664
2024-12-02,7.398,7.48,7.52,7.396,1680368,-0.4869584560394287,0.1425921931875,0.242943745875,0.61446408525
2024-12-03,7.49,7.636,7.658,7.484,2194765,-0.0132255819108751,0.3600534725,0.250661182875,0.389285362125
2024-12-04,7.648,7.596,7.692,7.582,1380199,-0.4319357020514352,0.272318053,0.31090208220000004,0.4167798866
2024-12-05,7.6,7.796,7.802,7.6,2302741,-0.0232487718264261,0.4067715354,0.3611161366,0.2321123144
2024-12-06,7.8,7.758,7.856,7.748,1445245,0.1582880914211273,0.6533824687857143,0.15714217471428574,0.18947536328571427
2024-12-09,7.778,7.686,7.826,7.652,1451592,-0.09085347255071,0.3849815876,0.3007581858,0.3142602686
2024-12-10,7.672,7.606,7.688,7.584,1560756,-0.5005958527326584,0.23191403520000003,0.3128009042,0.45528505680000003
2024-12-11,7.606,7.558,7.64,7.526,1007073,-0.3679972092310588,0.42758497475,0.03900322725,0.5334118025
2024-12-12,7.564,7.47,7.584,7.438,1467172,-0.452707895210811,0.430624747125,0.048492768500000005,0.5208824755
2024-12-13,7.462,7.496,7.57,7.45,1063123,-0.3354310062196519,0.20358491283333333,0.4161044061666666,0.38031065216666665
2024-12-16,7.492,7.542,7.598,7.484,1229065,0.4939457906617058,0.576046377,0.36374742574999996,0.0602062154375
2024-12-17,7.508,7.32,7.512,7.298,2017007,-0.6169319301843644,0.1970655144,0.1932503246,0.6096841453999999
2024-12-18,7.344,7.448,7.448,7.31,2968382,-0.021742854799543,0.5728601338,0.1931303701,0.23400950760000003
2024-12-19,7.376,7.508,7.514,7.304,2371597,-0.5044875442981719,0.35892143666666665,0.27113911900000004,0.36993945333333333
2024-12-20,7.464,7.37,7.464,7.226,3010928,-0.5497265458106995,0.1643888155,0.16818598633333334,0.6674251926666667
2024-12-23,7.372,7.41,7.422,7.33,1010130,-0.2853040430280897,0.39572948150000004,0.17298660066666668,0.4312838801666667
2024-12-24,7.438,7.478,7.478,7.41,484361,-0.3789243325591087,0.383170073,0.21745975199999998,0.3993701644
2024-12-27,7.442,7.5,7.5,7.414,1066956,-0.1302279308438301,0.4099921694,0.3695763284,0.220431511
2024-12-30,7.49,7.608,7.618,7.45,1348483,-0.367918034394582,0.29579014099999995,0.30690984849999997,0.3973000123333333
2024-12-31,7.54,7.64,7.64,7.49,967721,-0.2789487838745117,0.4029296524,0.19392989580000003,0.403140459
2025-01-02,7.612,7.568,7.686,7.322,2324073,0.1136902516538446,0.576139404,0.022796694333333332,0.4010639057777778
2025-01-03,7.59,7.566,7.612,7.544,717041,-0.0911268095175425,0.42837604228571424,0.2720712892857143,0.2995526877142857
2025-01-06,7.608,7.702,7.702,7.514,1736815,0.4472995499769847,0.68848226575,0.135221444375,0.17629631750000002
2025-01-07,7.704,7.702,7.732,7.596,1727971,-0.0554174401543357,0.54203713175,0.17679686875,0.281165984875
2025-01-08,7.7,7.798,7.824,7.696,3012292,0.0969884925418429,0.6639260044285714,0.05716414428571429,0.27890986085714287
2025-01-09,7.782,8.078,8.094,7.748,2055404,0.760493516921997,0.6928625833333334,0.27161474766666666,0.03552266266666667
2025-01-10,8.078,8.066,8.192,7.978,2131949,0.2366458475589752,0.46715082099999994,0.5013156976666666,0.03153347233333333
2025-01-13,7.99,8.186,8.186,7.974,1883882,0.549819807211558,0.6814250104999999,0.17349525916666667,0.1450797305
2025-01-14,8.2,8.374,8.374,8.14,3158607,0.465489149093628,0.49752163716666664,0.32060434483333333,0.18187400433333334
2025-01-15,8.368,8.316,8.374,8.154,2191847,0.8002138904162815,0.813743114,0.13764298540000003,0.0486139032
2025-01-16,8.38,8.214,8.384,8.182,1940858,0.5401907988956995,0.497287939,0.4757239104,0.026988168
2025-01-17,8.224,8.2,8.248,8.158,1652784,0.5668628573417663,0.5623263961428572,0.4078118844285714,0.029861731714285716
2025-01-20,8.234,8.3,8.358,8.232,2084163,0.4657590091228485,0.641262131,0.3193418363333333,0.03939603266666667
2025-01-21,8.298,8.388,8.388,8.228,1764217,0.6332876682281494,0.5598981215,0.40520792225,0.0348939685
2025-01-22,8.4,8.308,8.496,8.25,2523849,0.6946233014265696,0.6531809375000001,0.2821058445,0.06471323325
2025-01-23,8.132,8.2,8.454,8.028,6664043,0.3883792898234199,0.4693455809375,0.39461486728125,0.136039546578125
2025-01-24,8.3,8.172,8.342,8.164,3278984,0.6884373300953915,0.7317709162,0.24114748419999998,0.02708160456666667
2025-01-27,8.138,8.242,8.29,8.098,2225903,0.649180150949038,0.7148352879375,0.135337613625,0.149827082
2025-01-28,8.202,8.226,8.252,8.13,1551237,0.3615865641170078,0.489151899,0.20282579799999997,0.3080223007142857
2025-01-29,8.258,8.408,8.412,8.254,2797113,0.9445764422416688,0.94636008,0.023842191800000002,0.029797726000000004
2025-01-30,8.42,8.312,8.486,8.24,2128355,0.7546662092208862,0.74028382,0.22686426966666665,0.032851889
2025-01-31,8.35,8.232,8.406,8.208,1950234,0.3083944916725158,0.4724429422222223,0.3072800766666666,0.22027700977777778
2025-02-03,8.15,8.152,8.228,8.066,3164177,0.7280041683803905,0.7549515861428572,0.20861368357142857,0.03643472628571428
2025-02-04,8.19,8.188,8.216,8.108,2053401,0.5886339707808061,0.6386832385555556,0.21598634311111112,0.14533041855555556
2025-02-05,8.222,8.164,8.282,8.11,1790937,0.8100656526429313,0.7744332549999999,0.19378209899999999,0.0317846345
2025-02-06,8.21,8.444,8.444,8.18,2288770,0.9428482751051588,0.9394307666666667,0.02354706233333333,0.03702216666666667
2025-02-07,8.45,8.408,8.464,8.322,1384825,0.6417824734341014,0.6525685147142857,0.3202479811428572,0.027183500857142856
2025-02-10,8.418,8.318,8.458,8.314,1150207,0.732324136628045,0.7548100504999999,0.0197722114,0.2254177276
2025-02-11,8.328,8.476,8.476,8.306,1267231,0.3433973518284884,0.4551286427142857,0.3796906745714286,0.1651806797142857
2025-02-12,8.5,8.73,8.826,8.488,2669608,0.8279590159654617,0.780696482,0.1938035414,0.025499987000000002
2025-02-13,8.75,8.772,8.786,8.684,2471694,0.8982135355472566,0.8525809466666666,0.11727684666666667,0.030142216666666666
2025-02-14,8.74,8.836,8.868,8.74,1748174,0.5938510352914984,0.5466654627142857,0.38518086085714287,0.06815365928571429
2025-02-17,8.866,8.95,8.992,8.85,1460125,0.1871694445610046,0.31335688700000003,0.654514227,0.0321288665
2025-02-18,8.926,9.096,9.096,8.924,1588555,0.9507712125778198,0.9509681666666667,0.023780389666666665,0.025251431333333334
2025-02-19,9.076,8.998,9.152,8.956,1635089,0.5908105373382568,0.6253279675,0.34340458525,0.03126743025
2025-02-20,8.95,8.9,9.014,8.844,2787004,0.3439230702140115,0.44788725216666664,0.372788665,0.17932407733333333
2025-02-21,8.908,8.968,9.024,8.82,2443197,0.5138605833053589,0.47135201614285716,0.5010844594285714,0.02756353542857143
2025-02-24,9.0,9.0,9.068,8.864,1742673,0.7367473363876342,0.6201770531666667,0.319397568,0.060425391833333335
2025-02-25,8.988,9.102,9.244,8.952,2774462,0.6823858287599351,0.6475018883333333,0.3082527305,0.044245399500000004
2025-02-26,9.15,9.266,9.268,9.142,1980820,0.4143780879676342,0.60406141425,0.13250127625,0.2634372865
2025-02-27,9.21,9.34,9.374,9.184,2480760,0.6348049243291218,0.5655125,0.39497305,0.039514443499999996
2025-02-28,9.3,9.334,9.352,9.224,2161113,0.6471688568592071,0.678758564,0.1461880752857143,0.17505335042857142
2025-03-03,9.324,9.51,9.56,9.266,2181833,0.3792445251816197,0.4797240325714286,0.3374141744285714,0.18286179464285715
2025-03-04,9.416,9.354,9.448,9.17,2512792,0.2855574422412448,0.5272751188,0.07668134039999999,0.396043521
2025-03-05,9.5,9.896,9.99,9.498,3829331,0.3144270645247566,0.42531986139999994,0.3600647396,0.2146153924
2025-03-06,10.0,10.005,10.215,9.982,3079580,0.7013879939913749,0.7758342725,0.17833946399999998,0.04582626475
2025-03-07,9.92,10.035,10.05,9.876,2759315,0.8398131198353238,0.8468888866666667,0.12308069283333332,0.0300304165
2025-03-10,9.988,9.978,10.055,9.754,2957271,0.5402107199033102,0.498510375,0.3799764357272727,0.12151318645454547
2025-03-11,9.94,9.986,10.135,9.842,2530878,0.7308265368143717,0.6521582133333333,0.2751208946666666,0.07272089033333333
2025-03-12,10.015,10.075,10.155,9.966,2310800,0.5511969526608785,0.7003438633333333,0.199329207,0.10032692100000001
2025-03-13,10.05,10.03,10.13,9.968,1810220,0.5340752750635147,0.5953509732000001,0.17920944840000003,0.22543957099999998
2025-03-14,9.98,10.315,10.36,9.924,1968764,0.8503059387207031,0.8710776371428571,0.10085146628571429,0.028070883857142855
2025-03-17,10.365,10.285,10.365,10.235,2070829,0.5288864155610402,0.5247612749999999,0.39171789927272727,0.08352082699999999
2025-03-18,10.355,10.74,10.74,10.31,2755030,0.5900058522820473,0.6491905425,0.32753265725,0.023276835
2025-03-19,10.68,10.82,10.85,10.61,2789812,0.8796252608299255,0.8566908520000001,0.09386715640000001,0.0494419818
2025-03-20,10.72,10.505,10.795,10.365,2957968,0.5673624442683326,0.5431805837142857,0.42398652985714286,0.03283289085714286
2025-03-21,10.48,10.43,10.525,10.26,17026346,0.6824631003233103,0.6401832870999999,0.2837633597,0.07605336459999999
2025-03-24,10.5,10.355,10.53,10.33,1541783,0.3360631499025556,0.33524828833333337,0.39434325575,0.27040846616666664
2025-03-25,10.385,10.58,10.6,10.32,1950683,0.3159631863236427,0.3858563442222222,0.4714095015555555,0.14273415944444445
2025-03-26,10.59,10.575,10.61,10.455,1880137,0.3110768586397171,0.29799763291666664,0.6205893975,0.08141298116666666
2025-03-27,10.46,10.545,10.61,10.36,1739351,0.3467926099186852,0.4755277553846154,0.4421308018461539,0.08234146676923076
2025-03-28,10.435,10.37,10.5,10.275,2025645,0.3709289291325737,0.5160350555555556,0.13554911333333333,0.3484158077777778
2025-03-31,10.3,10.245,10.34,10.03,2358882,0.093526895229633,0.646947456,0.018598362,0.334454175
2025-04-01,10.155,10.225,10.265,10.115,1795584,0.7669356365998586,0.69259943,0.2172485146666667,0.09015207866666668
2025-04-02,10.215,10.255,10.28,10.145,1095755,0.3419643664360046,0.3998142188235294,0.4874255177647059,0.1127602791764706
2025-04-03,10.0,9.772,10.03,9.722,3067641,0.3324812213579813,0.39366335355555554,0.43360751922222224,0.1727291462222222
2025-04-04,9.6,8.862,9.6,8.59,5866060,-0.0679186009443723,0.2568464790555555,0.1378472112222222,0.6053062812222223
2025-04-07,7.744,8.484,8.798,7.7,7786747,-0.3097166180610656,0.313665534875,0.204992353875,0.4813421125
2025-04-08,8.68,8.762,9.0,8.468,3435714,0.8779440607343402,0.7938987000000001,0.16608280433333333,0.040018474666666665
2025-04-09,8.488,8.632,8.7,8.35,2897562,0.1391174948733785,0.24903950673333333,0.4636624364,0.28729806646666667
2025-04-10,9.9,9.28,10.295,9.21,5519230,0.514611165523529,0.6014180076923077,0.26687301146153847,0.13170898207692308
2025-04-11,9.31,9.402,9.456,9.2,3166556,0.647684246301651,0.6202155218571429,0.3349381387142857,0.044846344142857146
2025-04-14,9.614,9.822,9.822,9.474,2445404,0.4769610236672794,0.4866277280833333,0.2972578023333333,0.21611445933333331
2025-04-15,9.838,10.055,10.125,9.786,2190310,0.4999587734540303,0.67251440025,0.02405850775,0.30342705575
2025-04-16,9.994,9.958,10.085,9.87,2627384,0.3143504158310268,0.2784288194666667,0.6527542032,0.06881697673333333
2025-04-17,9.9,9.75,9.924,9.65,3167165,0.4405335187911987,0.398211972875,0.53332570275,0.068462321125
2025-04-22,9.738,9.724,9.85,9.664,2864778,0.7828431576490402,0.7326555475000001,0.23887794875,0.028466459
2025-04-23,9.85,10.0,10.025,9.756,4389447,0.0705697123820965,0.15609652277777777,0.7448335684444445,0.09906991055555556
2025-04-24,10.2,10.165,10.43,9.926,6009521,0.3100909315622769,0.41377383625714287,0.4779397678857143,0.10828640254285715
2025-04-25,10.25,10.255,10.335,10.175,1238580,0.6313708552292415,0.7167650343,0.20071642029999998,0.08251854809999999
2025-04-28,10.34,10.335,10.39,10.24,1703011,0.6943048376303452,0.719197080375,0.190877283125,0.089925609
2025-04-29,10.39,10.4,10.51,10.345,1559160,0.9433241635560988,0.9462788725,0.024593081500000002,0.02912801125
2025-04-30,10.45,10.24,10.485,9.978,2529048,0.3275865733623505,0.2863375804166666,0.63208020725,0.08158221991666666
2025-05-02,10.365,10.47,10.535,10.33,2026865,0.7321059968736436,0.7654554906,0.2052602382,0.029284257400000003
2025-05-05,10.51,10.52,10.565,10.47,1302981,0.7517304480075836,0.7123743018571428,0.16923544928571427,0.11839022757142857
2025-05-06,10.575,10.625,10.64,10.405,1756307,0.927813820540905,0.9200498140000001,0.0483678536,0.031582352200000004
2025-05-07,10.69,10.82,10.82,10.66,1965000,0.3645844744599383,0.3235212982142857,0.6003008602857143,0.07617786150000001
2025-05-08,10.835,10.935,10.945,10.82,1235691,0.5374215841293335,0.6118367575714286,0.26653347885714285,0.12162975614285716
2025-05-09,10.97,10.965,11.025,10.92,1207916,0.5933774842156304,0.6167031566000001,0.3373506234,0.0459462272
2025-05-12,11.025,11.1,11.155,10.98,1286563,0.4200270116329193,0.6170510861428572,0.15249019942857142,0.23045870914285715
2025-05-13,11.095,11.16,11.195,11.07,1395865,0.7307306528091431,0.63352699,0.3024091633333333,0.064063843
2025-05-14,11.2,11.385,11.385,11.18,2139031,0.3051907845905849,0.31197891576923076,0.6229127943076923,0.06510830515384615
2025-05-15,11.35,11.29,11.42,11.29,1715474,0.5162194848060608,0.5072527071999999,0.425316374,0.06743093559999999
2025-05-16,11.32,11.39,11.435,11.295,1505790,0.6157595247030259,0.6097800555,0.30383887416666666,0.08638109383333333
2025-05-19,11.425,11.465,11.495,11.39,1773347,0.422154951095581,0.552912965875,0.287101971125,0.159985067125
2025-05-20,11.5,11.62,11.72,11.49,2072029,0.7096888184547424,0.753067636,0.21102031979999997,0.0359120842
2025-05-21,11.695,11.735,11.85,11.695,1624129,0.3484913479714167,0.3321050673076923,0.5977785582307692,0.07011639376923076
2025-05-22,11.73,11.75,11.76,11.595,1348168,0.539842963218689,0.616200378,0.3225562492,0.061243368
