Date,OPEN_PRC,TRDPRC_1,HIGH_1,LOW_1,ACVOL_UNS,daily_sentiment_score,positive_sentiment_fingpt,neutral_sentiment_fingpt,negative_sentiment_fingpt
2020-05-20,1.543,1.5595,1.567,1.5,19071283.0,-0.5958890616893768,0.9365444,0.0264798645,0.036975706
2020-05-21,1.54,1.5495,1.587,1.528,12918259.0,-0.7259264389673868,0.018814825,0.04100352,0.9401816
2020-05-22,1.5255,1.5575,1.6075,1.513,16345645.0,0.94271981716156,0.9475581,0.023658551,0.0287833
2020-05-25,1.5795,1.59,1.594,1.562,7655726.0,0.5657766699790955,0.9452697,0.027462643,0.027267652
2020-05-26,1.616,1.7175,1.7275,1.6055,28367426.0,0.4384627512523106,0.92558095,0.02954566,0.0448733845
2020-05-27,1.7355,1.79,1.81,1.731,33042667.0,0.6251810193061829,0.8063018550000001,0.0945224765,0.09917566649999998
2020-05-28,1.828,1.7665,1.832,1.7335,18729065.0,-0.4083531573414802,0.01167747775,0.018196305000000003,0.9701261999999999
2020-05-29,1.728,1.6795,1.758,1.6635,26843616.0,-0.2085391879081726,0.19745460480000002,0.38022112420000004,0.42232428349999995
2020-06-01,1.724,1.741,1.7485,1.688,14083010.0,0.4192773938179016,0.49833658000000003,0.455802492,0.0458609255
2020-06-02,1.742,1.8125,1.8385,1.7335,24433835.0,0.4309658229351044,0.643850725,0.31790456533333333,0.038244739
2020-06-03,1.8435,1.9155,1.9155,1.8345,25184813.0,0.0465886235237121,0.3501795776666667,0.3190168983333333,0.33080356866666666
2020-06-04,1.89,1.906,1.944,1.8525,29219774.0,-0.0693724805658513,0.28469504419999997,0.2956783506,0.41962662450000004
2020-06-05,1.96,2.05,2.05,1.95,30423585.0,0.3153917789459228,0.876764065,0.10171472625,0.02152116725
2020-06-08,2.032,2.055,2.112,2.01,29767604.0,0.4654578069845835,0.504384914,0.117515487,0.3780995876
2020-06-09,2.023,1.96,2.048,1.924,26133556.0,-0.0948727263344658,0.62223203,0.35661889966666666,0.02114907716666667
2020-06-10,1.985,1.9415,2.017,1.9315,15772431.0,-0.0090783715248107,0.13181544533333334,0.30914149266666663,0.5590431013333333
2020-06-11,1.86,1.8635,1.9095,1.83,26857384.0,-0.936578265258244,0.068576678,0.4331430325,0.498280254
2020-06-12,1.8315,1.8585,1.923,1.8235,18814948.0,0.093766313791275,0.32222821990000006,0.108751682,0.5690200811
2020-06-15,1.7745,1.884,1.91,1.759,19255227.0,-0.6009567975997925,0.68282207375,0.04328534475,0.27389256375
2020-06-16,1.9675,1.952,1.9825,1.904,20321620.0,0.3529954627156257,0.95067436,0.026275093,0.023050584
2020-06-17,1.9515,1.95,1.994,1.933,14994203.0,-0.5117054979006449,0.44210122766666665,0.41150552283333336,0.14639326238333333
2020-06-18,1.9475,1.9345,1.9825,1.9,18986834.0,0.1097343497806125,0.0888871145,0.65538685625,0.25572603925
2020-06-19,1.96,1.9165,1.9635,1.89,36669715.0,-0.2506568133831024,0.24831398,0.16687491599999998,0.5848111
2020-06-22,1.8985,1.892,1.9295,1.88,10474317.0,-0.4874444454908371,0.022838174333333332,0.31805054833333335,0.659111304
2020-06-23,1.922,1.93,1.972,1.8985,15435741.0,0.7337195754051209,0.69023929,0.279303258,0.03045746575
2020-06-24,1.9335,1.8545,1.95,1.8545,10373477.0,-0.4821558594703674,0.4087536356,0.41314723200000003,0.17809911
2020-06-25,1.836,1.8875,1.8905,1.812,15128130.0,-0.1732089519500732,0.500078595,0.472278445,0.027642925
2020-06-26,1.904,1.846,1.91,1.846,11189804.0,-0.647648016611735,0.08911914,0.015409552,0.89547133
2020-06-29,1.85,1.917,1.938,1.83,11061424.0,-0.3404044359922409,0.91407255,0.0423875665,0.0435399385
2020-06-30,1.92,1.9005,1.938,1.867,10916526.0,0.5719917923212051,0.81450292,0.0760058535,0.1094912165
2020-07-01,1.9005,1.879,1.92,1.866,8678418.0,-0.7287019491195679,0.208008663,0.7768056249999999,0.015185701
2020-07-02,1.9135,1.9905,2.005,1.911,15332723.0,-0.6061671773592631,0.52058160275,0.19270785675,0.286710523
2020-07-03,1.99,1.959,1.991,1.9495,10141836.0,0.5075952302325856,0.434263908,0.323883677,0.241852422
2020-07-06,2.03,2.078,2.091,2.023,17767411.0,0.1959865689277649,0.5631253700000001,0.41324553500000005,0.02362912165
2020-07-07,2.04,2.015,2.06,2.015,10987051.0,0.0536185503005981,0.5318814165,0.2929404273333333,0.17517813021666664
2020-07-08,1.994,1.9755,2.013,1.9645,9862018.0,-0.1089718222618103,0.3320354865,0.1208049975,0.547159485
2020-07-09,1.99,1.9515,2.008,1.948,8161925.0,-0.0124528259038925,0.79980818,0.102405921,0.09778585
2020-07-10,1.9375,1.994,2.004,1.9335,8197017.0,0.2338182926177978,0.7777534500000001,0.1289218465,0.093324665
2020-07-13,2.034,2.046,2.062,2.01,10847401.0,0.6251525779565176,0.50413334425,0.46967677525,0.0261898565
2020-07-14,2.028,2.063,2.069,2.014,11663269.0,-0.0162948369979858,0.9425761025,0.02949441375,0.02792947825
2020-07-15,2.08,2.087,2.112,2.042,14663174.0,0.615972900390625,0.6573367999999999,0.23612107,0.10654206499999999
2020-07-16,2.078,2.08,2.102,2.061,12436928.0,0.6084971030553182,0.0639505015,0.484646673,0.4514027935
2020-07-17,2.07,2.086,2.097,2.047,14145241.0,-0.3302630583445231,0.942885,0.028299224,0.028815765
2020-07-20,2.08,2.108,2.109,2.052,9483992.0,0.4777908027172088,0.9384055149999999,0.024846199,0.036748323
2020-07-21,2.146,2.108,2.205,2.103,18847975.0,0.4400790184736252,0.13637435,0.460919112,0.40270655175
2020-07-22,2.11,2.118,2.131,2.101,9947940.0,-0.0335855782032012,0.5114473775,0.46840238375,0.020150261875
2020-07-23,2.129,2.102,2.13,2.081,7396019.0,-0.6587864607572556,0.054801565,0.9265343,0.018664174
2020-07-24,2.08,2.107,2.135,2.077,11496791.0,-0.1847007473309835,0.87811482,0.03736434266666667,0.08452087733333334
2020-07-27,2.095,2.021,2.1,2.009,16005101.0,-0.8770893414815267,0.1056567375,0.38508121,0.5092620569999999
2020-07-28,2.021,2.051,2.068,2.016,9193078.0,-0.2159059047698974,0.9391644,0.021175044,0.03966058
2020-07-29,2.059,2.005,2.068,1.991,10600179.0,-0.2157031774520874,0.4673838015,0.13669928225,0.39591693125
2020-07-30,2.011,1.92,2.013,1.841,25120476.0,-0.1447926674570356,0.60151959,0.046879199499999996,0.35160118124999995
2020-07-31,1.9065,1.82,1.945,1.8105,16509393.0,-0.0775322668692645,0.29850725316666665,0.4299302401666667,0.27156249208333333
2020-08-03,1.8195,1.905,1.913,1.81,15101595.0,-0.4193369518285849,0.91284895,0.07716844,0.009982607
2020-08-04,1.93,1.9725,1.977,1.9195,11953239.0,-0.5284582773844401,0.34425317,0.62806293,0.02768390966666667
2020-08-05,1.9835,1.9445,2.005,1.938,10530828.0,0.0,0.07505861,0.9136507,0.011290681
2020-08-06,1.9395,1.91,1.9615,1.8845,10819988.0,-0.2787677943706512,0.008512433,0.01796585,0.97352165
2020-08-07,1.8945,1.92,1.921,1.89,7846940.0,0.1690126061439514,0.9160508,0.07378345,0.0101656625
2020-08-10,1.9565,2.007,2.01,1.954,9366211.0,0.3354119695723057,0.9521468,0.025748579,0.0221046
2020-08-11,2.02,2.074,2.089,2.02,11277801.0,0.2627579979598522,0.944061755,0.026144321999999998,0.029793931
2020-08-12,2.075,2.059,2.113,2.052,11262960.0,-0.6291826026780265,0.21845588000000002,0.7560095499999999,0.025534574
2020-08-13,2.04,2.014,2.069,2.011,8168115.0,0.4736671725908915,0.135603479,0.3740834175,0.49031314735000003
2020-08-14,2.016,2.011,2.017,1.948,8725287.0,-0.010024539061955,0.45037425200000003,0.23108399600000004,0.3185417613333333
2020-08-17,2.005,1.954,2.024,1.954,9581755.0,0.1188530445098876,0.6032952125,0.24910750075,0.14759730925
2020-08-18,1.945,1.95,1.9815,1.932,6574653.0,-0.1694820352963038,0.333470178,0.034164119,0.632365722
2020-08-19,1.943,1.9845,1.988,1.933,5538813.0,0.3557929247617721,0.903284,0.086519597,0.0101964345
2020-08-20,1.95,1.94,1.962,1.926,7935998.0,-0.0028587341308593,0.013265132,0.017779587,0.9689553
2020-08-21,1.953,1.9075,1.9565,1.8925,8986158.0,-0.0182918012142181,0.8726668,0.118407935,0.008925286
2020-08-24,1.9225,1.9335,1.9385,1.895,7837612.0,0.781987065744619,0.3778202,0.07430498,0.5478748
2020-08-25,1.957,1.905,1.9785,1.9,11397345.0,0.910484751065572,0.5170571749999999,0.4635711175,0.0193717355
2020-08-26,1.9,1.8875,1.9305,1.874,6707186.0,-0.3499779850244522,0.0095761895,0.01715156,0.97327215
2020-08-27,1.8875,1.853,1.8925,1.834,11890902.0,0.8987950682640076,0.469743366,0.0357716,0.4944849865
2020-08-28,1.87,1.8995,1.901,1.8505,9536667.0,0.387748658657074,0.8800434,0.04419293,0.07576369
2020-08-31,1.91,1.842,1.9305,1.842,11017213.0,0.1401138007640838,0.9277848,0.05616027,0.016054919
2020-09-01,1.882,1.8265,1.882,1.8055,17021536.0,-0.4187634331839425,0.045599183,0.41218517125,0.542215617
2020-09-02,1.83,1.776,1.8435,1.775,12825510.0,-0.3526328461510794,0.9291525,0.054654613,0.016192902
2020-09-03,1.8105,1.8155,1.847,1.794,16610295.0,-0.748634147644043,0.4255427034166666,0.42267582391666664,0.15178146366666667
2020-09-04,1.906,2.04,2.09,1.8905,53189205.0,0.4827028512954712,0.35041735715,0.47963821625,0.16994442445
2020-09-07,2.092,2.009,2.119,1.987,19183309.0,-0.2430865615606308,0.273995054117647,0.5386115670588235,0.18739339379411765
2020-09-08,2.007,1.9555,2.028,1.945,12738381.0,0.6121218535635207,0.27615114336363633,0.49293407581818177,0.2309147889090909
2020-09-09,1.954,2.055,2.065,1.954,14072610.0,-0.2377832308411598,0.14914901342857143,0.8329998342857142,0.017851153114285714
2020-09-10,2.054,2.04,2.075,2.025,11080297.0,-0.0604609727859497,0.17998683885714287,0.6556385695714286,0.16437457414285714
2020-09-11,2.038,2.01,2.058,2.006,10553740.0,0.7964188456535339,0.055282832999999997,0.36462618560000004,0.5800909516
2020-09-14,2.029,2.019,2.03,1.986,7755406.0,0.3933131843805313,0.1004424045,0.438285427,0.461272191
2020-09-15,2.012,2.017,2.044,1.986,12565448.0,-0.8613457679748535,0.185262471,0.6297635745,0.184973958625
2020-09-16,2.012,2.043,2.043,1.9885,12629498.0,-0.7284439564909282,0.2510153701111111,0.7078844955555555,0.04110011527777777
2020-09-17,2.05,2.065,2.072,2.014,12832989.0,-0.0029295768056597,0.25517147711764704,0.610319817117647,0.13450870608823529
2020-09-18,2.072,2.02,2.094,1.982,42930283.0,0.0489345987637837,0.29962815169565216,0.5478082218260869,0.15256363789130437
2020-09-21,1.987,1.95,1.9885,1.912,22729197.0,-0.7762389183044434,0.159805129375,0.682375413125,0.1578194839375
2020-09-22,1.966,1.9495,1.982,1.9375,15282432.0,-0.3417800784111023,0.13366570533333333,0.6341797333333333,0.2321545753333333
2020-09-23,1.968,1.892,1.98,1.892,19788075.0,-0.4913061559200287,0.91360325,0.03132749,0.055069294
2020-09-24,1.87,1.9225,1.959,1.8525,18021135.0,-0.1436285376548767,0.309722556,0.43500490125,0.255272599
2020-09-25,1.9365,1.8545,1.9575,1.846,14069195.0,0.1493543883164723,0.6776013949999999,0.30430552883333334,0.01809308965
2020-09-28,1.886,1.895,1.895,1.8425,14170020.0,0.9414139986038208,0.14899404666666666,0.6599958,0.19101016666666668
2020-09-29,1.8755,1.8175,1.8755,1.81,12273432.0,-0.3425089716911316,0.111835565,0.51129623,0.37686815525
2020-09-30,1.792,1.813,1.857,1.756,20777125.0,0.1128313011593288,0.0371578,0.92447555,0.03836666
2020-10-01,1.837,1.74,1.8385,1.7385,19184724.0,-0.4853773713111877,0.24744914575,0.0487860455,0.7037648845
2020-10-02,1.718,1.7225,1.743,1.696,18717663.0,0.9310798943042756,0.14259581133333335,0.8385780833333333,0.018826127333333335
2020-10-05,1.744,1.716,1.757,1.6985,14718839.0,-0.1518059032303946,0.03450536675,0.20697132275000002,0.758523285
2020-10-06,1.723,1.7775,1.8035,1.7035,14525635.0,-0.3090281089146932,0.7975893199999999,0.130796119,0.0716145655
2020-10-07,1.7615,1.754,1.791,1.747,9365112.0,-0.4842522740364074,0.010405488,0.018449208,0.9711454
2020-10-08,1.7645,1.786,1.803,1.756,8516156.0,-0.0820544958114624,0.0077816825,0.017058717,0.97515965
2020-10-09,1.793,1.7475,1.7995,1.74,9198370.0,0.3047324419021606,0.529761135,0.44725923,0.022979608
2020-10-12,1.745,1.708,1.751,1.697,10649303.0,-0.4669596552848816,0.009218751,0.018487396,0.972293855
2020-10-13,1.707,1.625,1.707,1.6215,13471654.0,-0.9723185300827026,0.528309,0.045091275,0.4265997
2020-10-14,1.6445,1.6595,1.678,1.6285,14332742.0,-0.4469691713651021,0.258384909,0.24632395599999998,0.49529117
2020-10-15,1.64,1.6645,1.676,1.61,17142970.0,-0.7293548285961151,0.010226655,0.018371338,0.971402
2020-10-16,1.672,1.674,1.6835,1.618,16504842.0,-0.2497359067201614,0.37118995,0.6199389,0.008871097
2020-10-19,1.676,1.71,1.717,1.6615,12282977.0,0.1034723917643229,0.4490792028333333,0.19747660566666667,0.3534441976666667
2020-10-20,1.68,1.7015,1.7375,1.68,14058939.0,0.4713429808616638,0.04130859866666667,0.9342720766666667,0.02441936733333333
2020-10-21,1.72,1.6815,1.726,1.66,16577154.0,-0.2930436001883613,0.2548093072,0.5254523214,0.21973837940000002
2020-10-22,1.665,1.6905,1.702,1.6385,13384492.0,0.7003533840179443,0.17240255665528323,0.6339363142679368,0.19366111926556778
2020-10-23,1.7,1.717,1.726,1.69,11897172.0,0.3144640723864237,0.1397572741,0.8312449300000001,0.028997796
2020-10-26,1.669,1.6855,1.7235,1.663,9894140.0,0.2619029978911082,0.4637976944,0.5127789372,0.0234233876
2020-10-27,1.702,1.62,1.7215,1.616,14728373.0,-0.9701912999153136,0.03648518133333333,0.6256500126666668,0.337864793
2020-10-28,1.602,1.5715,1.617,1.5595,17336908.0,-0.1105746477842331,0.07353898643750001,0.37762362275,0.548837392625
2020-10-29,1.5755,1.574,1.6035,1.548,13145589.0,-0.9496220350265504,0.04425379199999999,0.4591196551666667,0.49662655400000005
2020-10-30,1.574,1.562,1.582,1.518,17619151.0,-0.0575150489807128,0.23977124705625,0.351471209125,0.4087575388125
2020-11-02,1.5755,1.611,1.611,1.543,12434953.0,0.311583149433136,0.3485846266666666,0.625661846,0.025753535000000004
2020-11-03,1.625,1.635,1.645,1.5975,16664756.0,0.3141761819521586,0.575295378,0.247720127,0.17698447583333332
2020-11-04,1.5795,1.5915,1.6275,1.568,12379503.0,0.345965313911438,0.043442808,0.46234218899999996,0.494215014
2020-11-05,1.605,1.633,1.652,1.56,15546758.0,0.4710631668567657,0.008446632,0.018934155,0.9726192
2020-11-06,1.6345,1.609,1.6645,1.597,11304782.0,-0.0090880990028381,0.009603206493170247,0.0,1.237596463216794
2020-11-09,1.638,1.85,1.8635,1.608,37767987.0,0.8857976794242859,0.029629664,0.024794195,0.9455762
2020-11-10,1.85,2.036,2.058,1.838,44764441.0,0.4492840319871902,0.26296507825,0.66329922,0.073735733
2020-11-11,2.036,2.034,2.079,1.993,20786087.0,0.7897499799728394,0.91351855,0.058894407,0.027587028
2020-11-12,2.0,2.011,2.042,1.9855,15761127.0,-0.9545316100120544,0.36692193,0.3444437,0.28863436
2020-11-13,1.99,2.044,2.056,1.982,15999192.0,0.300700843334198,0.33133580975,0.3323697405,0.33629446375
2020-11-16,2.1,2.169,2.174,2.053,27995918.0,0.3986459800175258,0.665790932,0.2845736,0.0496354572
2020-11-17,2.169,2.187,2.187,2.136,18370482.0,0.1909146348635355,0.3513117493333333,0.5595747386666666,0.089113524
2020-11-18,2.18,2.231,2.237,2.165,16735334.0,-0.3080510542942927,0.93338472,0.040035493666666665,0.026579761666666663
2020-11-19,2.189,2.189,2.223,2.167,14937435.0,0.100383182366689,1.0216311287620226,0.11768563917754654,0.0
2020-11-20,2.192,2.188,2.203,2.176,11540413.0,-0.3731798231601715,0.4632645772711759,0.8452465260094669,0.0
2020-11-23,2.21,2.214,2.221,2.185,15427619.0,-0.1075953500611441,0.07421364,0.90092343,0.024862915
2020-11-24,2.22,2.284,2.284,2.204,18292984.0,-0.9675740202267964,0.033924337,0.3278219,0.6382537
2020-11-25,2.297,2.244,2.311,2.197,19099908.0,0.0843310270990644,0.456321608,0.5233266604,0.0203517488
2020-11-26,2.241,2.196,2.246,2.184,9292878.0,-0.5027648568153381,0.5039277406600705,0.6525826234824657,0.0
2020-11-27,2.183,2.203,2.216,2.178,12468739.0,-0.2729668052572953,0.37368245,0.596152535,0.030164973499999997
2020-11-30,2.18,2.147,2.18,2.121,26778046.0,0.0292834937572479,0.4093480571472451,0.41764243358222664,0.17300947726952043
2020-12-01,2.147,2.168,2.186,2.133,16228837.0,-0.0092013544506496,0.34793170863636363,0.4731808898181818,0.178887403
2020-12-02,2.161,2.24,2.241,2.157,19926615.0,-0.4911598116159439,0.082923405,0.9012143,0.015862314
2020-12-03,2.228,2.238,2.24,2.198,12955431.0,0.5458600044250488,0.35515528925,0.626939397125,0.017905307375
2020-12-04,2.237,2.254,2.282,2.218,16043513.0,0.4076144471764564,0.13272032952441085,0.82041267956864,0.046866971574458696
2020-12-07,2.238,2.248,2.274,2.222,11479341.0,0.1784436106681823,0.019247599,0.95516294,0.025589442
2020-12-08,2.25,2.253,2.287,2.238,9996342.0,0.0853514909744262,0.5640434975,0.41423534500000003,0.021721147875
2020-12-09,2.269,2.29,2.3,2.264,13451176.0,0.10850590467453,0.3772856245,0.14518466800000002,0.4775297277
2020-12-10,2.288,2.238,2.316,2.228,10752113.0,-0.1629137822559901,0.029334499,0.6297797373333333,0.340885759
2020-12-11,2.236,2.198,2.245,2.171,9911032.0,-0.7125377804040909,0.09905576999190949,0.31867160177788617,0.5822726262612172
2020-12-14,2.238,2.23,2.285,2.226,11932097.0,-0.1876296599706014,0.30997963266666667,0.07824922066666666,0.6117711603333333
2020-12-15,2.233,2.305,2.312,2.214,12465408.0,0.7540223121643066,0.29152195,0.642386801,0.066091253
2020-12-16,2.295,2.274,2.334,2.247,13499795.0,0.1232222318649292,0.029935496,0.011009211,0.95905524
2020-12-17,2.291,2.246,2.292,2.245,9144201.0,-0.2850260684887568,0.013658441,0.19989061,0.7864509
2020-12-18,2.239,2.199,2.248,2.199,21850617.0,0.1654969453811645,0.0,0.10302460101622202,0.9935142150408152
2020-12-21,2.11,2.116,2.15,2.064,13786338.0,-0.0149137079715728,0.011643841,0.021349225,0.9670069
2020-12-22,2.123,2.13,2.145,2.109,6910743.0,-0.7574399511019388,0.58253,0.40971327,0.007756699
2020-12-23,2.139,2.17,2.17,2.107,9719035.0,0.9293737709522248,0.7724527664817256,0.6384946308881526,0.0
2020-12-24,2.192,2.139,2.192,2.139,2644617.0,-0.4891258478164673,0.5361259228712763,0.6285154711414596,0.0
2020-12-28,2.158,2.153,2.179,2.126,4941482.0,0.0986230373382568,0.44549901925,0.53433087675,0.020170122750000002
2020-12-29,2.157,2.144,2.169,2.13,5293624.0,0.181036376953125,0.53021607,0.44675370600000003,0.023030253
2020-12-30,2.148,2.133,2.162,2.133,5128134.0,0.2687885676111494,0.391035004,0.554838164,0.054126832
2020-12-31,2.13,2.101,2.136,2.101,3701968.0,-0.2627072268062168,0.020530342666666666,0.060836737333333335,0.9186329333333333
2021-01-04,2.12,2.129,2.147,2.09,8326232.0,0.0669658283392588,0.0525469355,0.4542503275,0.4932027595
2021-01-05,2.117,2.134,2.148,2.105,6435079.0,-0.3924934267997741,0.9354112,0.026545014,0.038043782
2021-01-06,2.164,2.255,2.286,2.157,13655369.0,0.6976894587278366,1.189826164886682,0.0,0.12014710292229397
2021-01-07,2.27,2.34,2.36,2.224,21956456.0,0.8451812947528156,0.551937168184718,0.0,0.7883052392480736
2021-01-08,2.369,2.341,2.369,2.319,13849788.0,0.08854840695858,0.0,0.0,1.3149101264498169
2021-01-11,2.321,2.296,2.357,2.282,13240828.0,-0.5827123284339905,0.010594331,0.017051948,0.9723537
2021-01-12,2.315,2.362,2.381,2.313,12298739.0,0.6487204283475876,0.75367427,0.23439789,0.011927788
2021-01-13,2.35,2.343,2.366,2.339,8995191.0,-0.0065436164538065,0.8660029025591989,0.1926137529958244,0.0
2021-01-14,2.348,2.335,2.36,2.327,10868703.0,0.8833324432373046,0.4750583745,0.037738649,0.487203044
2021-01-15,2.327,2.223,2.341,2.207,14402899.0,-0.4911551986421857,0.014031805,0.0325578,0.9534104
2021-01-18,2.217,2.228,2.237,2.209,7609948.0,0.2803783842495509,0.01684047,0.4855668915,0.49759262649999997
2021-01-19,2.255,2.195,2.276,2.181,15953280.0,-0.0138236805796623,0.17011474899999998,0.6912984742857143,0.13858678864285714
2021-01-20,2.184,2.135,2.202,2.114,14848011.0,-0.4961546540260315,0.25370399066666666,0.40709556733333335,0.33920048733333336
2021-01-21,2.149,2.136,2.178,2.123,11794714.0,-0.5360659758249918,0.5410242200000001,0.434742735,0.024233073
2021-01-22,2.11,2.052,2.128,2.052,18516859.0,-0.8524411916732788,0.4849259,0.49718335,0.0178907
2021-01-25,2.065,1.9905,2.087,1.9845,11672126.0,-0.4569087922573089,0.008117054,0.018812789,0.97307014
2021-01-26,1.9945,2.012,2.032,1.9935,8670624.0,-0.3302740454673767,0.4979426875,0.480294477,0.021762833
2021-01-27,2.0,1.9475,2.017,1.9295,10859077.0,0.2871440847714742,0.053018104249999996,0.457008105,0.4899737715
2021-01-28,1.947,2.023,2.03,1.942,14891210.0,-0.1251372430059645,0.3384600618888889,0.5332796625555556,0.12826026222222223
2021-01-29,2.05,2.087,2.115,2.023,21709918.0,-0.0839757720629374,0.3253986675882353,0.4663850392352941,0.2082162701764706
2021-02-01,2.129,2.06,2.13,2.046,11945487.0,-0.2396306743224462,0.051320712666666664,0.9232560333333334,0.025423221
2021-02-02,2.082,2.126,2.126,2.041,16270657.0,-0.1815166808664798,0.3933985815,0.5809141355,0.02568725975
2021-02-03,2.176,2.136,2.183,2.124,11890007.0,-0.1526474505662918,0.066658084,0.92106043,0.012281432
2021-02-04,2.14,2.179,2.183,2.126,13084888.0,0.2408644159634908,0.22828868257142856,0.23840541114285715,0.5333059287142857
2021-02-05,2.182,2.192,2.219,2.163,14644328.0,0.9336774796247482,0.7351439095516343,0.0,0.3637357698791863
2021-02-08,2.228,2.218,2.245,2.202,9137706.0,-0.4421516805887222,0.933661,0.021506365,0.044832632
2021-02-09,2.214,2.203,2.217,2.175,8637749.0,-0.6494072675704956,0.41319867775,0.33326145875,0.25353984575
2021-02-10,2.217,2.235,2.246,2.202,11799700.0,0.0269436120986938,0.17764574433333333,0.378338152,0.4440161343333333
2021-02-11,2.216,2.233,2.242,2.207,6657672.0,-0.6444647014141083,0.053851691,0.4657100575,0.48043826
2021-02-12,2.23,2.253,2.253,2.195,9984146.0,-0.3755627075831095,0.050355956,0.91200584,0.037638206
2021-02-15,2.285,2.308,2.309,2.271,9539214.0,0.939454972743988,0.3223009,0.636491821,0.04120727233333333
2021-02-16,2.31,2.318,2.325,2.278,6981968.0,-0.7267835140228271,0.043717681333333334,0.9084483666666667,0.04783400200000001
2021-02-17,2.322,2.337,2.355,2.31,10740269.0,0.079548954963684,0.3594152494,0.585790544,0.054794192799999995
2021-02-18,2.333,2.313,2.357,2.297,7738010.0,-0.0583113928635915,0.039510548666666666,0.9387759283333333,0.02171353566666667
2021-02-19,2.33,2.35,2.357,2.315,11436942.0,-0.0479216948151588,0.18162191866666666,0.7931760666666667,0.025201999333333336
2021-02-22,2.35,2.34,2.358,2.315,7626222.0,-0.0512682199478149,0.512431205,0.472037284,0.015531465000000001
2021-02-23,2.348,2.405,2.412,2.342,12327233.0,0.5881498634815217,0.454315985,0.1443245215,0.40135946200000006
2021-02-24,2.393,2.415,2.429,2.393,7802369.0,-0.0963543891906738,0.9174391,0.041334894,0.041225996
2021-02-25,2.436,2.488,2.53,2.431,14583450.0,0.9226911514997482,0.9333397,0.02854647,0.038113844
2021-02-26,2.44,2.407,2.473,2.392,16363541.0,0.2604214804513113,0.37508919199999996,0.598747744,0.026163070333333333
2021-03-01,2.432,2.435,2.459,2.419,8766835.0,0.1402778327465057,0.010359632,0.017591238,0.9720491
2021-03-02,2.434,2.504,2.533,2.432,11867975.0,-0.1793108185132344,0.38638180420740287,0.0,0.7131829248195389
2021-03-03,2.51,2.516,2.552,2.478,10362863.0,0.9421525398890176,0.9367909,0.02694945,0.03625976
2021-03-04,2.49,2.493,2.525,2.478,8606455.0,-0.5827450156211853,0.9437769,0.035279147,0.020943936
2021-03-05,2.495,2.473,2.544,2.447,13511746.0,0.6233316858609518,0.18017822500000003,0.804464755,0.015357024
2021-03-08,2.5,2.54,2.553,2.499,11566216.0,0.5218396663665772,0.037633386,0.93883824,0.02352841
2021-03-09,2.545,2.49,2.557,2.436,14482526.0,0.7813745538393656,0.41068656899999995,0.26571768199999996,0.32359575766666665
2021-03-10,2.49,2.501,2.544,2.466,13219396.0,-0.2423431426286697,0.48642148925,0.49945934125,0.01411915475
2021-03-11,2.515,2.451,2.518,2.395,14342392.0,-0.5230623602867126,0.16551596733333332,0.31693807333333335,0.517545971
2021-03-12,2.45,2.508,2.512,2.424,10757068.0,-0.0456532597541809,0.368373946,0.6080939,0.0235321645
2021-03-15,2.516,2.503,2.561,2.478,13993517.0,0.6060860753059387,0.9421834,0.023115065,0.034701526
2021-03-16,2.516,2.562,2.563,2.511,18526663.0,0.1000862494111061,1.2453939613026073,0.0,0.10929515038878765
2021-03-17,2.563,2.574,2.623,2.549,13573804.0,0.754950749874115,1.1951311371648725,0.0,0.11551166720464531
2021-03-18,2.6,2.654,2.677,2.6,13502928.0,0.0812782645225524,0.899857,0.05433862,0.04580442
2021-03-19,2.61,2.573,2.643,2.554,17528157.0,-0.0757014155387878,0.48764966200000004,0.4885533915,0.023796980500000002
2021-03-22,2.536,2.52,2.56,2.51,7278936.0,-0.4159539427076067,0.474906602,0.0281453405,0.4969480625
2021-03-23,2.523,2.556,2.578,2.497,7610548.0,-0.5888153115908304,0.24112669373333334,0.6707973622666666,0.08807594446666665
2021-03-24,2.542,2.604,2.604,2.487,13215779.0,-0.8966623544692993,0.32196512033333335,0.48117499033333333,0.1968599025
2021-03-25,2.6,2.548,2.6,2.504,12950650.0,0.356579174598058,0.226366035,0.5611775997999999,0.21245638919999998
2021-03-26,2.585,2.611,2.637,2.544,50728324.0,0.0229539956365312,0.134214388,0.8554263166666667,0.010359305899999999
2021-03-29,2.6,2.59,2.656,2.563,23541408.0,-0.0143442034721374,0.6167353543333333,0.362017282,0.021247396333333335
2021-03-30,2.626,2.686,2.7,2.606,14169456.0,0.2893103361129761,0.21030422883333333,0.6231276223333334,0.16656814116666666
2021-03-31,2.685,2.639,2.7,2.639,85806719.0,0.4586494820458548,0.43282153225,0.5472648915,0.0199135945
2021-04-01,2.6,2.6,2.602,2.562,17367059.0,-0.2694045106569926,0.44670829757142855,0.533194123,0.02009760357142857
2021-04-06,2.62,2.598,2.639,2.581,14825783.0,0.9447723478078842,0.04926894475,0.65322477425,0.29750632825
2021-04-07,2.615,2.617,2.624,2.583,12527937.0,-0.1427228252092997,0.19434779591666665,0.554128147,0.2515240655416667
2021-04-08,2.629,2.579,2.636,2.545,11159845.0,0.2494797905286153,0.016988014,0.3486540665,0.6343579
2021-04-09,2.591,2.587,2.598,2.556,8081218.0,0.02552011013031,0.1742271587990323,0.5739756809821042,0.25179714558938127
2021-04-12,2.583,2.601,2.627,2.555,7111565.0,-0.3373050987720489,0.290248045,0.693003895,0.016748060000000002
2021-04-13,2.606,2.559,2.619,2.538,8936216.0,0.4556739926338196,0.027332988800000003,0.29560996240000004,0.6770570499999999
2021-04-14,2.557,2.588,2.588,2.542,7407855.0,0.0,0.25753631,0.467101647,0.27536203800000003
2021-04-15,2.589,2.535,2.597,2.535,8628620.0,0.2149475067853927,0.052664900249999994,0.33472871075,0.6126063745
2021-04-16,2.552,2.558,2.576,2.526,11009430.0,0.0774485043116978,0.26899544363977246,0.34314192407654825,0.38786263597777076
2021-04-19,2.545,2.594,2.605,2.52,11217491.0,0.0322458491969711,0.43968319299999997,0.30065352,0.25966330425
2021-04-20,2.599,2.499,2.599,2.492,11531677.0,0.19770649002643,0.08130956592777777,0.09513376566666666,0.8235566646111111
2021-04-21,2.52,2.519,2.557,2.479,14295378.0,0.5738304268000747,0.0969670212,0.5446858327,0.35834713479999997
2021-04-22,2.546,2.535,2.562,2.503,8474925.0,0.8649594354220425,0.23791484770000002,0.2829406331,0.4791445254
2021-04-23,2.52,2.495,2.536,2.478,11236822.0,0.7754352917964711,0.378248575,0.403870165,0.21788126266666666
2021-04-26,2.5,2.547,2.553,2.467,11781835.0,0.3052579959233601,0.281892811,0.195637684,0.5224695543333333
2021-04-27,2.56,2.606,2.617,2.527,11769775.0,-0.3232782840728759,0.33375175966666665,0.30599298933333335,0.3602552316666667
2021-04-28,2.62,2.617,2.643,2.577,11811235.0,-0.1152894099553426,0.07654822675,0.34971282125,0.573738961
2021-04-29,2.629,2.657,2.686,2.603,15696456.0,-0.4853968024253845,0.5114647816666666,0.40082428633333334,0.087710905
2021-04-30,2.655,2.667,2.685,2.64,11391476.0,0.2524274775856419,0.85271764,0.04500769,0.102274716
2021-05-03,2.666,2.684,2.702,2.657,7653638.0,0.435740406696613,0.93700063,0.029626343,0.033373002
2021-05-04,2.677,2.671,2.74,2.668,11729214.0,0.2007805307706197,0.027440325466666665,0.475438074,0.49712158200000006
2021-05-05,2.698,2.699,2.719,2.673,8876554.0,0.2881292223930359,0.21384076033333332,0.6261746411666667,0.15998462066666666
2021-05-06,2.704,2.667,2.705,2.602,19548692.0,0.4139878153800964,0.35509027191666664,0.47653930587500004,0.16837040520833332
2021-05-07,2.676,2.692,2.698,2.65,15407761.0,0.3010699417856004,0.4410896461428572,0.42406866842857144,0.13484169042857141
2021-05-10,2.71,2.784,2.794,2.703,22418504.0,0.2500904666052924,0.4134861724285714,0.34723729314285706,0.23927648592857143
2021-05-11,2.751,2.751,2.774,2.733,14210103.0,0.3620293855667114,0.4133973816666667,0.4689252755555555,0.11767731711111111
2021-05-12,2.751,2.791,2.815,2.741,15504944.0,0.4414050579071045,0.8594738834384943,0.21536205979918632,0.0
2021-05-13,2.76,2.793,2.794,2.737,13804169.0,-0.0972569435834884,0.9480342,0.024132466,0.027833354
2021-05-14,2.815,2.843,2.846,2.802,10617286.0,0.492015140397208,0.2076613835625,0.28478778906249996,0.5075508276875
2021-05-17,2.844,2.849,2.878,2.83,10104023.0,-0.0176192311679615,0.6284918451666667,0.20607002200000002,0.16543813083333334
2021-05-18,2.874,2.845,2.881,2.841,11209901.0,-0.015830839673678,0.39619796925,0.3529839425,0.250818097625
2021-05-19,2.84,2.803,2.895,2.78,17392575.0,-0.1791009128093719,0.32824822400000003,0.436633742,0.23511805316666665
2021-05-20,2.8,2.772,2.813,2.743,10328991.0,-0.1629452797082754,0.019445535,0.63015974,0.35039476
2021-05-21,2.77,2.827,2.835,2.763,13873164.0,0.1843043476343155,0.026716774,0.9473833,0.025899911
2021-05-24,2.833,2.786,2.845,2.767,7444767.0,0.065221793949604,0.32318827714285714,0.6270975642857143,0.049714134
2021-05-25,2.8,2.83,2.847,2.777,10045364.0,-0.125792771577835,0.9476962,0.023378601,0.028925145
2021-05-26,2.82,2.791,2.833,2.753,10566200.0,0.0838619569937388,0.198906513,0.363257475,0.437835987875
2021-05-27,2.78,2.849,2.849,2.775,23603875.0,0.1927007299203139,0.331207433,0.33539530366666664,0.333397271
2021-05-28,2.85,2.841,2.853,2.81,10010291.0,-0.0126229286193847,0.4195193259999999,0.44650517333333334,0.13397549633333333
2021-05-31,2.849,2.806,2.849,2.806,6415858.0,-0.4161368608474731,0.12014535000000001,0.871629525,0.00822509775
2021-06-01,2.826,2.853,2.868,2.819,9075818.0,0.6854881167411804,0.5776667383333334,0.2850269005,0.13730635875
2021-06-02,2.853,2.871,2.877,2.836,8697144.0,0.1084176540374755,0.84440325,0.137977472,0.0176193035
2021-06-03,2.856,2.864,2.876,2.85,7131985.0,0.1638798897082989,0.11781786914285715,0.4001133961428572,0.48206875542857147
2021-06-04,2.866,2.82,2.869,2.816,6804348.0,0.0626769363880157,0.03899887809579178,0.4837397594447108,0.4772613744806101
2021-06-07,2.815,2.863,2.867,2.815,7562324.0,0.1958657247679574,0.2274498132222222,0.5419604774444444,0.23058970444444446
2021-06-08,2.85,2.812,2.862,2.806,12092779.0,0.5161149899164835,0.05320411,0.64854618525,0.2982496675
2021-06-09,2.812,2.778,2.827,2.778,10948298.0,-0.2725481986999511,0.011221054,0.07683195,0.91194695
2021-06-10,2.79,2.784,2.831,2.771,6988723.0,0.2337906062602996,0.7923705,0.19767593,0.009953634
2021-06-11,2.77,2.769,2.773,2.745,6221036.0,-0.2885560095310211,0.008273471,0.01779153,0.97393507
2021-06-14,2.769,2.804,2.815,2.769,7315603.0,-0.31761101881663,0.3386900453333333,0.35239338466666664,0.308916559
2021-06-15,2.813,2.776,2.813,2.756,6459792.0,-0.1993309378623962,0.12346535954545455,0.773377855909091,0.10315678063636363
2021-06-16,2.796,2.718,2.796,2.701,8991276.0,-0.4871825575828552,0.278242598875,0.3229473075,0.39881009275
2021-06-17,2.72,2.695,2.793,2.695,16118332.0,-0.6454762816429138,0.07306271250585067,0.4241912269546705,0.5027460864606911
2021-06-18,2.693,2.591,2.705,2.587,51795431.0,-0.6945909602301461,0.03288010266666667,0.5389475496666667,0.428172365
2021-06-21,2.58,2.615,2.624,2.541,12278910.0,-0.1092929542064666,0.5389209376,0.08866520180000001,0.3724138076
2021-06-22,2.64,2.615,2.652,2.59,8615159.0,0.3432025909423828,0.0839598626,0.27271387739999997,0.643326272
2021-06-23,2.627,2.595,2.649,2.595,7419999.0,0.2353358219067255,0.2391497974,0.3426307678,0.4182194236
2021-06-24,2.624,2.635,2.654,2.6,6251855.0,-0.0847346385320027,0.469789501,0.492461772,0.037748733
2021-06-25,2.647,2.65,2.658,2.623,7340338.0,0.4691054224967956,0.2395820193333333,0.6132499633333334,0.1471679785
2021-06-28,2.65,2.584,2.657,2.584,6427746.0,0.1731594800949096,0.10411127900000001,0.719748434,0.17614026740000002
2021-06-29,2.585,2.606,2.638,2.584,6291351.0,-0.2610987722873688,0.050962439500000005,0.10027779316666667,0.8487597733333333
2021-06-30,2.6,2.594,2.616,2.557,9788444.0,-0.3998005092144012,0.2629404892,0.41901752620000005,0.3180419934
2021-07-01,2.611,2.614,2.642,2.582,8539874.0,-0.0103396375974019,0.11328697003846154,0.34993664584615386,0.5367763769230769
2021-07-02,2.639,2.561,2.64,2.552,10899149.0,1.5312975103204902e-05,0.20200204055555554,0.3545318413333333,0.4434661147777778
2021-07-05,2.566,2.606,2.611,2.551,6162963.0,-0.330803374449412,0.5770744193999999,0.2609328528,0.1619927528
2021-07-06,2.598,2.526,2.6,2.512,11492420.0,-0.0021337643265724,0.010344743,0.020441698,0.96921366
2021-07-07,2.529,2.522,2.562,2.49,11374468.0,0.0,0.0279217545,0.56887322,0.403205025
2021-07-08,2.497,2.477,2.497,2.458,9160065.0,-0.4742059012254079,0.01852172225,0.18315379616666663,0.7983244491666667
2021-07-09,2.489,2.555,2.558,2.475,10168052.0,-0.1652562419573466,0.3529741367777778,0.6343322132222222,0.012693652444444445
2021-07-12,2.566,2.571,2.577,2.515,5605109.0,0.9334796667099,0.4770652266855142,0.6984227076012345,0.0
2021-07-13,2.571,2.508,2.584,2.494,9682420.0,0.3749830603599548,0.30929036675000005,0.6668182225,0.023891437249999998
2021-07-14,2.516,2.496,2.54,2.496,9332534.0,0.3112792372703552,0.051392116,0.9141811,0.034426775
2021-07-15,2.493,2.504,2.519,2.477,7155058.0,-0.0024069462503705,0.4557377335,0.5205150225,0.023747276
2021-07-16,2.511,2.442,2.535,2.428,8895357.0,-0.6126694083213806,0.213310586,0.45402748433333334,0.33266197366666667
2021-07-19,2.431,2.373,2.438,2.357,11186077.0,-0.9623712201913198,0.3052955096666667,0.3558648016666666,0.33883966633333334
2021-07-20,2.394,2.394,2.417,2.353,11634118.0,0.1748084690835741,0.49862892,0.484343982,0.0170271525
2021-07-21,2.401,2.494,2.504,2.396,11267812.0,0.6480626583099365,0.16101080714285715,0.7515250171428571,0.08746416514285714
2021-07-22,2.518,2.491,2.545,2.482,10550658.0,0.1216613584094577,0.38207618875,0.596239459,0.021684390874999997
2021-07-23,2.5,2.53,2.554,2.491,8854737.0,0.2515261173248291,0.490402174,0.3658924945,0.1437053235
2021-07-26,2.522,2.58,2.593,2.505,8453762.0,0.3669957995414734,0.4872328,0.17725378,0.335513449
2021-07-27,2.558,2.579,2.583,2.538,9904280.0,0.2862271964550018,0.032018063,0.45498156,0.513000415
2021-07-28,2.59,2.55,2.595,2.543,11147598.0,0.4367506504058838,0.4328850516666667,0.5168001496666667,0.05031477733333333
2021-07-29,2.56,2.613,2.653,2.56,10886498.0,0.3494187156359354,0.1945278697,0.2896227102,0.51584941526
2021-07-30,2.632,2.505,2.633,2.463,17423289.0,-0.0882165630658467,0.35797764946428573,0.5060048748571429,0.13601749142857142
2021-08-02,2.529,2.512,2.549,2.497,11536378.0,0.198102229171329,0.19772792033333333,0.6469405613333333,0.15533150966666667
2021-08-03,2.539,2.561,2.597,2.522,11077661.0,0.2885611255963643,0.9470866,0.022815332,0.030098129
2021-08-04,2.57,2.556,2.573,2.515,6961817.0,-0.0405450999736785,0.19216249000000002,0.7993702300000001,0.008467276499999999
2021-08-05,2.536,2.574,2.575,2.526,6473437.0,-0.1552849411964416,0.48979711000000004,0.5011826349999999,0.0090202985
2021-08-06,2.561,2.645,2.651,2.547,12102886.0,0.7669178247451782,0.3425626453333333,0.632252465,0.025184916333333335
2021-08-09,2.637,2.637,2.651,2.613,6838832.0,0.4444487690925598,0.08847187,0.9005212,0.011006973
2021-08-10,2.631,2.642,2.649,2.613,6423006.0,0.2137627452611923,0.88436884,0.04832359,0.067307666
2021-08-11,2.65,2.651,2.659,2.627,6048491.0,0.4270910620689392,0.044357542,0.91696054,0.038681988
2021-08-12,2.65,2.636,2.658,2.63,6729891.0,0.0,0.33318427,0.13845177,0.52836394
2021-08-13,2.64,2.648,2.658,2.625,4060054.0,-0.4016159772872925,0.050586976,0.9146273,0.03478566
2021-08-16,2.62,2.612,2.653,2.608,5826009.0,-0.7290040254592896,0.6001696223333334,0.3871222353333333,0.012708141666666667
2021-08-17,2.594,2.572,2.607,2.566,7698554.0,-0.4844138547778129,0.029586683000000003,0.476874051,0.4935392945
2021-08-18,2.569,2.626,2.63,2.568,5906209.0,-0.0108594059944152,0.11200944499999999,0.8643506166666667,0.02363995966666667
2021-08-19,2.57,2.573,2.611,2.557,6490096.0,0.0077295958995819,0.11976440166666667,0.8647827233333333,0.015452911333333333
2021-08-20,2.565,2.571,2.579,2.53,7418345.0,-0.8121316688401359,0.48566413940282016,0.4734542158957559,0.04088168998603975
2021-08-23,2.594,2.609,2.624,2.586,4340526.0,0.303256611029307,0.9213335966666666,0.06865107133333333,0.010015371333333334
2021-08-24,2.621,2.605,2.622,2.579,3946168.0,0.0,1.0318043502825696,0.013112808721284702,0.0
2021-08-25,2.61,2.659,2.663,2.603,6954845.0,0.0,0.9264825,0.048172325,0.02534518275
2021-08-26,2.65,2.64,2.672,2.628,5350115.0,0.3150624533494313,0.70411156825,0.0428072515,0.25308120525
2021-08-27,2.637,2.651,2.659,2.619,4935688.0,-0.3241885801156361,0.34464153066666664,0.5875032676666666,0.06785516516666666
2021-08-30,2.649,2.62,2.661,2.614,3330803.0,-0.0023752450942993,0.10096244719955884,0.757608746517711,0.14142876049355801
2021-08-31,2.632,2.632,2.636,2.593,10877370.0,0.0217234747750418,0.03618156166666667,0.6358464333333332,0.32797198433333336
2021-09-01,2.66,2.693,2.702,2.649,10400683.0,0.8032406057630267,0.16948067834131564,0.4803218002891362,0.3501975170068977
2021-09-02,2.69,2.672,2.705,2.646,7055130.0,-0.5208503119647503,0.22555375525,0.548819094375,0.225627164125
2021-09-03,2.663,2.643,2.675,2.626,9927640.0,-0.1393018364906311,0.039820269,0.9368088333333334,0.023370927666666666
2021-09-06,2.656,2.645,2.665,2.635,3875081.0,0.3715829968452454,0.29250713933333333,0.6898589666666667,0.017633897166666666
2021-09-07,2.642,2.696,2.696,2.638,10720871.0,-0.1171826124191284,0.94018334,0.023086086,0.036730673
2021-09-08,2.676,2.621,2.676,2.603,12024063.0,-0.1945274710655212,0.6147924766666667,0.37507455666666667,0.010132913666666667
2021-09-09,2.61,2.62,2.651,2.563,10161797.0,0.2024273991584778,0.032982119,0.892448,0.0745699115
2021-09-10,2.633,2.579,2.639,2.576,9503014.0,0.0874659195542335,0.6419078133333334,0.34526750500000003,0.012824681
2021-09-13,2.598,2.642,2.642,2.576,6270472.0,0.0117505590120951,0.449459178,0.539160725,0.011380110799999999
2021-09-14,2.635,2.592,2.645,2.588,5650307.0,0.461746871471405,0.21638882099999998,0.744635275,0.038975866175
2021-09-15,2.584,2.566,2.614,2.552,14954780.0,0.3445733586947123,0.21148109794151376,0.6640139933958094,0.12450489007084761
2021-09-16,2.577,2.577,2.6,2.567,12390766.0,0.4587196931242943,0.3743584601428571,0.47923922942857144,0.14640231735714287
2021-09-17,2.598,2.588,2.627,2.569,21972041.0,0.612147245142195,0.5557257033333333,0.42992159999999996,0.01435267
2021-09-20,2.55,2.482,2.55,2.463,13086401.0,-0.4790273209412892,0.3626025636666666,0.6052419649999999,0.03215548295
2021-09-21,2.515,2.509,2.545,2.496,8378345.0,-0.1861033548008311,0.1965189632,0.3797593044,0.42372171280000004
2021-09-22,2.534,2.589,2.593,2.524,9392022.0,0.2865773178637028,0.5095973205000001,0.46949346166666667,0.020909192166666663
2021-09-23,2.609,2.64,2.64,2.598,7782160.0,0.4157634810967879,0.5466786664,0.2435559012,0.20976539970000002
2021-09-24,2.611,2.649,2.658,2.611,7037245.0,0.6083590586980184,0.12746589775,0.828740075,0.04379404125
2021-09-27,2.67,2.75,2.75,2.66,11776401.0,0.4806828081607818,0.482957375,0.477273614,0.0397690095
2021-09-28,2.749,2.649,2.778,2.649,11771364.0,0.5603467490937974,0.4414453548,0.3542034866,0.2043511563
2021-09-29,2.665,2.706,2.709,2.649,9458041.0,0.3680808186531067,0.60258303,0.368992543,0.028424434999999998
2021-09-30,2.72,2.684,2.726,2.668,11168773.0,0.0565186440944671,0.16070263833333334,0.61594871,0.22334864333333335
2021-10-01,2.646,2.635,2.658,2.61,10645409.0,-0.2807601775441851,0.031919855,0.9362197999999999,0.031860361000000004
2021-10-04,2.635,2.612,2.655,2.586,10376621.0,-0.0058851937452952,0.08677872852218799,0.7846199651289121,0.12860133930354586
2021-10-05,2.625,2.704,2.706,2.616,8663986.0,0.112001085281372,0.2935455067,0.47586431419999997,0.2305901924
2021-10-06,2.692,2.686,2.703,2.642,13223893.0,0.129672494801608,0.52098383,0.46780893733333334,0.011207202333333333
2021-10-07,2.708,2.733,2.761,2.692,11214943.0,-0.3496842554637364,0.052614264,0.9366666,0.010719187
2021-10-08,2.728,2.721,2.764,2.709,8174117.0,0.0263177887959913,0.0,1.0127493288921483,0.02602318980428268
2021-10-11,2.712,2.707,2.748,2.694,8800829.0,0.2233282625675201,0.057402999999999996,0.9174746,0.025122396499999998
2021-10-12,2.68,2.735,2.735,2.639,12446840.0,-0.2028226733207702,0.07289124366666667,0.9082531833333333,0.018855551333333335
2021-10-13,2.725,2.617,2.725,2.598,15588585.0,-0.2104403045442369,0.523468635,0.463974005,0.0125574065
2021-10-14,2.644,2.628,2.671,2.6,10428796.0,0.0658505233851346,0.305693204,0.509635022,0.18467175740000003
2021-10-15,2.649,2.661,2.68,2.646,11009175.0,0.0754515180985132,0.24320854,0.74560425,0.0111872255
2021-10-18,2.656,2.62,2.682,2.616,8992223.0,-0.0047413706779479,0.06593003,0.921656,0.012413922
2021-10-19,2.626,2.643,2.661,2.615,6960230.0,-0.1569803101675851,0.642920066625,0.11817747625,0.23890248374999998
2021-10-20,2.636,2.625,2.661,2.612,7720043.0,-0.1798292615196921,0.258451908,0.46255503166666667,0.278993074
2021-10-21,2.617,2.55,2.617,2.546,12816936.0,-0.0250348349412282,0.314644596,0.6691635131,0.016191882900000003
2021-10-22,2.55,2.541,2.566,2.5,8536999.0,0.6150573293368021,0.32647839405555557,0.4446605796666667,0.22886103705555558
2021-10-25,2.552,2.605,2.642,2.546,10345035.0,0.1720556378364563,0.5455662834285715,0.4126263242857143,0.04180738867142857
2021-10-26,2.6,2.602,2.621,2.585,7364925.0,-0.4796260148286819,0.29291204200000004,0.091052904,0.616035102
2021-10-27,2.596,2.549,2.596,2.528,9410789.0,-0.3878660678863525,0.32068625,0.6707493250000001,0.00856440485
2021-10-28,2.536,2.595,2.603,2.511,13789583.0,0.1295705863407679,0.09745972,0.894275,0.008265317
2021-10-29,2.497,2.485,2.57,2.457,24867978.0,0.8080102875828743,0.34269996611176473,0.4282927318235294,0.22900730517647058
2021-11-01,2.49,2.487,2.51,2.47,19265473.0,0.6842479854822159,0.10583908,0.8848356,0.009325241
2021-11-02,2.474,2.504,2.519,2.462,11510945.0,0.1735011637210846,0.4364478775,0.45100477899999997,0.11254738549999999
2021-11-03,2.507,2.513,2.522,2.484,16233833.0,-0.6497023304303488,0.2924769175,0.60723878875,0.10028426700000001
2021-11-04,2.518,2.467,2.519,2.467,14626930.0,-0.4470680256684621,0.1954712135,0.6491423416666667,0.15538644266666665
2021-11-05,2.46,2.506,2.527,2.46,10052299.0,0.0471872448921203,0.26645461,0.689268954,0.044276448600000004
2021-11-08,2.491,2.472,2.499,2.467,8812721.0,-0.1339108645915985,0.05060246925,0.911831115,0.03756644225
2021-11-09,2.468,2.487,2.504,2.462,12730157.0,0.2045109719038009,0.5502739313333334,0.43840196133333337,0.011324051100000001
2021-11-10,2.5,2.524,2.53,2.495,9192686.0,0.689000278711319,0.22242879,0.7665487599999999,0.0110224345
2021-11-11,2.517,2.509,2.537,2.499,8760445.0,0.2972873449325561,0.032348722999999996,0.9272404999999999,0.040410796
2021-11-12,2.5,2.504,2.516,2.49,7520225.0,0.0967446735927036,0.0,0.8577658235266674,0.1555392699336003
2021-11-15,2.494,2.513,2.534,2.478,5641051.0,0.0842025365148271,0.095718507,0.7460980779999999,0.15818343429999998
2021-11-16,2.504,2.5,2.513,2.485,8311286.0,-0.156642198562622,0.280791947,0.6918046533333334,0.02740338566666667
2021-11-17,2.5,2.492,2.513,2.476,10831099.0,-0.2304700091481208,0.021703139,0.4427939,0.5355029
2021-11-18,2.48,2.467,2.508,2.463,10172250.0,-0.3242779440350002,0.42075243575,0.5460202005,0.0332273735
2021-11-19,2.483,2.374,2.497,2.365,19050477.0,-0.5845394372940064,0.8235776724144108,0.3982382786340854,0.0
2021-11-22,2.378,2.396,2.409,2.362,11844349.0,-0.132009873787562,1.0273219429493343,0.02104797369576237,0.0
2021-11-23,2.39,2.406,2.424,2.376,8637925.0,0.2364891320466995,0.6982758699999999,0.26897192766666667,0.0327521735
2021-11-24,2.413,2.403,2.443,2.403,9692825.0,0.5345349141529628,0.06859852799999999,0.91364619,0.017755259000000002
2021-11-25,2.411,2.405,2.425,2.384,7344870.0,-0.3294586688280105,0.5232909253333333,0.1490297243333333,0.3276793983333333
2021-11-26,2.323,2.285,2.342,2.276,17477544.0,-0.3226633071899414,0.43623613925,0.08109043099999999,0.4826733995
2021-11-29,2.322,2.287,2.335,2.277,11873368.0,-0.43245530128479,0.3453736408333334,0.6383633166666667,0.016263062499999998
2021-11-30,2.25,2.274,2.304,2.228,21635039.0,-0.3550944924354553,0.6793788533333333,0.30947979333333336,0.011141331666666665
2021-12-01,2.28,2.323,2.345,2.279,12683308.0,0.1275672763586044,0.9850882883146804,0.0,0.02299346134798355
2021-12-02,2.29,2.322,2.328,2.276,11799348.0,0.0034450531005859,0.8190890866666667,0.15546166066666667,0.02544924933333333
2021-12-03,2.336,2.298,2.338,2.278,8000949.0,-0.1952303250630696,0.09716526,0.8319443,0.07089044
2021-12-06,2.31,2.346,2.352,2.303,4571246.0,0.409266197681427,0.33988876166666665,0.6519857633333334,0.008125443166666668
2021-12-07,2.374,2.365,2.376,2.328,8231880.0,0.2934625347455342,0.88403237,0.10721978,0.008747814
2021-12-08,2.352,2.353,2.398,2.334,14242805.0,-0.4874188899993896,0.48514370375,0.49511940249999997,0.019736859125
2021-12-09,2.343,2.325,2.362,2.325,5797051.0,0.7044488489627838,0.33646506499999995,0.65155255,0.0119824065
2021-12-10,2.309,2.296,2.327,2.292,7284633.0,0.008101612329483,0.6700217,0.3216975,0.008280835
2021-12-13,2.3,2.285,2.339,2.275,6980065.0,-0.6393601468631199,0.560920562,0.41640660919999994,0.0226728924
2021-12-14,2.299,2.333,2.345,2.283,7229182.0,0.1713274002075195,0.29891401,0.6775057059999999,0.023580268749999998
2021-12-15,2.34,2.287,2.342,2.287,6481984.0,0.0,0.605937776,0.07719005566666666,0.31687217333333334
2021-12-16,2.322,2.31,2.354,2.303,10801594.0,0.3347264130910237,0.6653538265000001,0.10885720875,0.22578896450000002
2021-12-17,2.291,2.283,2.307,2.259,17487775.0,-0.1124424338340759,0.8518306849999999,0.13675461,0.01141472
2021-12-20,2.235,2.246,2.28,2.217,8433013.0,-0.3665002882480621,0.5854506986666667,0.40061985166666664,0.013929433599999999
2021-12-21,2.284,2.293,2.297,2.269,8600986.0,-0.0545215776988438,0.92222143,0.06255464,0.015223973666666668
2021-12-22,2.277,2.299,2.306,2.273,6321446.0,0.4713852107524872,0.3475577285,0.572123455,0.0803187775
2021-12-23,2.304,2.359,2.372,2.303,7954379.0,0.0,0.34598966,0.63033883,0.0236715095
2021-12-27,2.34,2.37,2.382,2.34,4786870.0,0.6548834562301635,0.40840676315312335,0.6419156955057299,0.0
2021-12-28,2.375,2.395,2.399,2.374,4555668.0,0.8706856071949005,0.33907434,0.6419486638333334,0.0189770035
2021-12-29,2.4,2.4,2.414,2.378,6973365.0,0.8717571198940277,0.17479981108333334,0.5784700611666667,0.24673013183333334
2021-12-30,2.4,2.414,2.428,2.395,6962889.0,0.2732136026024818,0.3877319528571429,0.5865440089999999,0.02572406042857143
2022-01-03,2.42,2.411,2.445,2.411,7665653.0,0.174077832698822,0.5617991242355593,0.4713252831067129,0.0
2022-01-04,2.417,2.466,2.479,2.412,12212967.0,0.7315574407577514,0.6885664335,0.29267636750000003,0.01875716925
2022-01-05,2.463,2.457,2.479,2.45,8479626.0,0.468758076429367,0.8444155210167171,0.1477207595317408,0.007863676423354303
2022-01-06,2.44,2.562,2.562,2.431,13380652.0,0.5504051446914673,0.8833877333333332,0.09977127833333334,0.016840957566666665
2022-01-07,2.565,2.63,2.635,2.562,27221025.0,0.6493757102224562,0.759508,0.15300943,0.08748257
2022-01-10,2.642,2.692,2.694,2.614,22713367.0,0.7074687991823468,0.90338226,0.078774125,0.017843601
2022-01-11,2.666,2.75,2.76,2.661,27819918.0,0.2358223284993852,0.5867183372,0.399223996,0.014057659
2022-01-12,2.759,2.79,2.794,2.749,19105225.0,-0.7195843160152435,0.686203916,0.27701635199999997,0.036779738299999996
2022-01-13,2.782,2.823,2.829,2.778,13530880.0,0.500221848487854,0.7531052457142857,0.22321774057142857,0.023677033428571432
2022-01-14,2.81,2.857,2.86,2.809,19284912.0,-0.0333787649869918,0.086595538,0.8912484,0.022156032
2022-01-17,2.86,2.91,2.916,2.856,17504538.0,0.1856057246526082,0.37685991539999997,0.6056706028,0.0174695262
2022-01-18,2.901,2.829,2.926,2.828,17292900.0,0.4989308498122475,0.45230428357142854,0.32231366657142857,0.22538203367142856
2022-01-19,2.817,2.777,2.862,2.766,20766724.0,-0.1128594055771827,0.25568135814285714,0.5301045484285715,0.214214115
2022-01-20,2.765,2.764,2.779,2.73,17836812.0,-0.5822599291801452,0.40398358959999997,0.5456023435999999,0.0504140376
2022-01-21,2.729,2.772,2.782,2.722,19606902.0,-0.4870137870311737,0.673739145,0.3117751265,0.0144857475
2022-01-24,2.76,2.688,2.766,2.662,22839666.0,-0.5631528273224831,0.25723275700000003,0.548769824375,0.1939974155
2022-01-25,2.704,2.75,2.757,2.683,14207793.0,0.0955671800507439,0.429875523,0.5280095042499999,0.0421149915
2022-01-26,2.76,2.793,2.812,2.754,18851597.0,0.5820242986083031,0.8790532360000001,0.0934417754,0.0275050229
2022-01-27,2.78,2.869,2.923,2.778,25526620.0,0.3255798369646072,0.8619430242857142,0.11171957285714286,0.026337414142857143
2022-01-28,2.898,2.88,2.903,2.782,27425374.0,-0.1133347021208869,0.4147779987631579,0.4636264094210527,0.12159559386842106
2022-01-31,2.9,2.846,2.914,2.831,20179221.0,-0.003767933164324,0.21570593100000002,0.752169494,0.032124576833333335
2022-02-01,2.88,2.906,2.906,2.849,18056938.0,0.3242801702939547,0.737431195,0.07869635,0.183872453
2022-02-02,2.918,2.903,2.929,2.851,16156292.0,0.5768665671348572,0.9496163,0.0225474675,0.027836259500000002
2022-02-03,2.902,3.062,3.08,2.894,32055131.0,0.5186050832271576,0.3638204033333334,0.5882959246666667,0.047883654
2022-02-04,3.1,3.212,3.247,3.079,48060303.0,0.2578756958246231,0.36691307925,0.5782001087499999,0.054886778250000004
2022-02-07,3.212,3.222,3.26,3.142,34286967.0,0.2968842106607084,0.5414590095714286,0.11415519528571429,0.34438581714285715
2022-02-08,3.238,3.35,3.399,3.236,35104851.0,0.436235500233514,0.558819871,0.41257637228571425,0.028603754571428573
2022-02-09,3.353,3.38,3.387,3.281,27143624.0,0.4309659972786903,0.3556159628,0.5964102364,0.047973754599999995
2022-02-10,3.38,3.397,3.429,3.344,30361501.0,0.4603627094855675,0.53266832,0.4347786866666667,0.03255299466666666
2022-02-11,3.365,3.386,3.412,3.336,19277988.0,0.3019029100735982,0.546284685,0.43845839,0.0152569605
2022-02-14,3.226,3.291,3.334,3.2,25882044.0,-0.0153137337077747,0.2089842644,0.2029019258,0.5881138098
2022-02-15,3.273,3.3,3.345,3.256,17838437.0,0.4383262606228099,0.495536102,0.487591218,0.016872677666666665
2022-02-16,3.329,3.281,3.339,3.243,12042531.0,0.118910399350253,0.0602602645,0.92491708,0.014822695
2022-02-17,3.263,3.234,3.277,3.207,11526245.0,-0.2660549640655517,0.190463567,0.531709928,0.277826509
2022-02-18,3.237,3.236,3.285,3.228,22809911.0,-0.2794924054414716,0.37989112166666666,0.6097071446666668,0.010401731499999999
2022-02-21,3.259,3.186,3.281,3.178,16563282.0,-0.0603665808836619,0.4709550843333334,0.195791876,0.3332530347166667
2022-02-22,3.1,3.182,3.217,3.069,22687497.0,0.1086750030517578,0.347887581,0.32082727466666666,0.33128514766666667
2022-02-23,3.186,3.089,3.198,3.081,18154780.0,-0.2793725430965423,0.09953551100000001,0.518155889,0.3823086093333334
2022-02-24,2.855,2.916,3.009,2.855,34634426.0,-0.5975032286210493,0.5021609193,0.3732810465,0.12455802128
2022-02-25,2.924,3.028,3.056,2.862,32299770.0,0.2277326318952772,0.50537689,0.46426063714285715,0.030362493857142854
2022-02-28,2.909,2.94,2.955,2.895,27714500.0,0.1316375136375427,0.5029002725,0.032727133,0.4643725955
2022-03-01,2.937,2.816,2.995,2.816,21390212.0,0.0,0.3136918325833334,0.4840963755,0.20221179143333334
2022-03-02,2.773,2.871,2.898,2.732,22184032.0,0.0773523300886154,0.19795467766666666,0.47842583066666666,0.32361953008333333
2022-03-03,2.885,2.79,2.9,2.765,19634459.0,-0.106755687130822,0.51852984425,0.24684962925,0.23462054975000002
2022-03-04,2.779,2.642,2.784,2.642,22620748.0,-0.205498674086162,0.420238484,0.557632215,0.022129371
2022-03-07,2.564,2.546,2.595,2.447,27459695.0,-0.5536163970828056,0.18719795166666667,0.4779347555,0.3348672661666667
2022-03-08,2.53,2.647,2.738,2.53,22037743.0,0.3621429979801178,0.92230505,0.028385581,0.049309436
2022-03-09,2.796,2.838,2.84,2.726,21419249.0,0.3945622529302324,0.26670535075,0.700508789,0.0327858625
2022-03-10,2.861,2.875,2.947,2.777,29171130.0,0.5123569170633951,0.63427592,0.300934948,0.06478912
2022-03-11,2.9,2.931,3.058,2.87,29639278.0,0.3037483294804891,0.046896085,0.93985826,0.013245696
2022-03-14,2.975,3.023,3.048,2.958,13661352.0,0.2769231429466834,0.47638027000000005,0.49994800525,0.02367172415
2022-03-15,2.98,3.094,3.1,2.98,20187221.0,-0.2368868142366409,0.41793246500000003,0.56205697125,0.02001055525
2022-03-16,3.166,3.247,3.263,3.135,26456245.0,0.1886167228221893,0.6603487166666667,0.30254417333333333,0.037107075999999996
2022-03-17,3.248,3.209,3.269,3.151,18308006.0,-0.2680114507675171,0.42020977239999996,0.19844297039999997,0.3813472768
2022-03-18,3.209,3.188,3.213,3.129,29576595.0,-0.0821951519359241,0.63491695,0.05809715266666667,0.306985912
2022-03-21,3.15,3.118,3.219,3.106,13593343.0,0.0062091946601867,0.17706083557142857,0.5834760085714287,0.23946315724285716
2022-03-22,3.137,3.179,3.2,3.125,12032192.0,0.2571787416934967,0.464498469,0.34979374185714285,0.18570778547142858
2022-03-23,3.179,3.06,3.186,3.051,17383922.0,-0.4168912309866685,0.35627883200000005,0.31135336233333333,0.332367772
2022-03-24,3.04,3.02,3.06,2.994,15129764.0,0.1040248423814773,0.46122171,0.286413428,0.252364822825
2022-03-25,3.012,3.028,3.054,2.978,11304090.0,-0.1483196338017781,0.4765110223333333,0.50915828,0.014330679333333334
2022-03-28,3.041,3.025,3.09,3.018,11114559.0,0.9328411966562272,0.48264151925,0.2673784695,0.249980003
2022-03-29,3.078,3.163,3.164,3.035,16581598.0,0.2825989998303927,0.607100936,0.256953418,0.1359456244
2022-03-30,3.132,3.144,3.154,3.11,10040946.0,0.2232932556759227,0.2045410235,0.778788345,0.016670637166666665
2022-03-31,3.155,3.077,3.186,3.077,16886524.0,0.050031338419233,0.30172339097521556,0.7070509518140835,0.0
2022-04-01,3.124,3.174,3.174,3.089,11606954.0,0.4199748039245605,0.3910714453333333,0.59924875,0.009679784666666667
2022-04-04,3.177,3.138,3.191,3.117,8995856.0,0.1819253076206554,0.0697631565,0.91639895,0.01383789
2022-04-05,3.14,3.151,3.18,3.116,10600965.0,0.0939550237222151,0.712832044,0.267324008,0.0198439266
2022-04-06,3.15,3.08,3.213,3.067,19931511.0,0.0481704335946303,0.4133612812,0.3784689754,0.20816973390000001
2022-04-07,3.112,3.148,3.269,3.094,18733319.0,0.6116516590118408,0.63651574,0.33025840666666667,0.03322584433333333
2022-04-08,3.18,3.235,3.247,3.173,11020155.0,0.3313536465167999,0.36857681062142855,0.35660956257142856,0.27481361064285714
2022-04-11,3.262,3.181,3.274,3.181,12619540.0,0.5848157405853271,0.1857454553333333,0.46273113566666674,0.3515234153333333
2022-04-12,3.15,3.117,3.182,3.11,15417235.0,0.0597095241149266,0.010656897,0.0159158005,0.9734272749999999
2022-04-13,3.12,3.139,3.168,3.116,11614908.0,0.5156344652175904,0.64101729,0.339019476,0.0199632332
2022-04-14,3.05,3.04,3.073,3.003,13611297.0,0.2684929900699191,0.563504075,0.42346272500000004,0.0130331245
2022-04-19,3.053,3.035,3.069,3.015,10299653.0,0.6305725971857706,0.43458898583333333,0.3312321866666667,0.23417881043333333
2022-04-20,3.053,3.134,3.152,3.051,13964487.0,0.1238581708499363,0.51905530675,0.46128194,0.01966272125
2022-04-21,3.16,3.131,3.179,3.114,15078729.0,0.2956745674212773,0.9071048166666666,0.06318318833333333,0.029711987666666665
2022-04-22,3.1,3.09,3.17,3.062,10115198.0,0.4321726390293666,0.68259231,0.3073784883333333,0.010029209499999999
2022-04-25,3.03,3.023,3.075,3.01,9711618.0,0.0649404839465492,0.3154122208,0.285922765,0.3986650342
2022-04-26,3.057,2.935,3.067,2.932,15628811.0,-0.1607908227226951,0.4287878495,0.0808425675,0.490369605
2022-04-27,2.979,2.964,2.982,2.904,9190201.0,0.4468553140759468,0.3311884297142857,0.38118583599999994,0.2876257195714286
2022-04-28,3.0,2.964,3.019,2.902,11198116.0,0.3978697305375879,0.3506598216666667,0.318101923,0.3312382566666667
2022-04-29,2.954,3.088,3.089,2.913,18733459.0,0.664551188548406,0.37121065054761904,0.46728118723809525,0.1615081507142857
2022-05-02,3.05,3.04,3.079,3.021,10570663.0,0.2587687373161316,0.5999753022857143,0.11639678557142859,0.2836278907142857
2022-05-03,3.078,3.16,3.163,3.066,15024661.0,0.7165325731039047,0.9111662433333333,0.05640683500000001,0.03242691833333333
2022-05-04,3.17,3.056,3.178,3.051,9578069.0,-0.2434516416655646,0.325458552,0.35605856866666663,0.31848286266666664
2022-05-05,3.15,3.007,3.15,3.006,14002229.0,0.0999036729335784,0.32177913199999997,0.44082894300000003,0.23739194261111113
2022-05-06,3.0,2.95,3.006,2.94,12469870.0,-0.0110745131969451,0.1853939751,0.30884252775,0.5057635345
2022-05-09,2.94,2.935,2.983,2.925,9429804.0,-0.00592569510142,0.096201745,0.5071147454,0.3966835162
2022-05-10,2.968,2.953,3.029,2.945,11728692.0,-0.1076711482471889,0.252099349,0.682497595,0.06540303925
2022-05-11,2.961,2.955,2.984,2.915,20520461.0,0.3986233643123081,0.516494309375,0.380023273125,0.10348240712500001
2022-05-12,2.91,2.875,2.914,2.792,20272968.0,0.0803097307682037,0.05567381200000001,0.6576513375,0.2866748533333333
2022-05-13,2.9,2.889,2.909,2.867,9852971.0,-0.1467560870306832,0.42029781499999996,0.37298260559999996,0.2067195631
2022-05-16,2.875,2.9,2.906,2.845,8119774.0,0.2734333276748657,0.09141787500000001,0.897708285,0.01087383525
2022-05-17,2.946,3.05,3.065,2.929,21492657.0,0.3524969816207886,0.5809880725384615,0.397748469,0.02126344238461538
2022-05-18,3.06,3.08,3.152,3.05,18193093.0,0.2395758899775418,0.36658741200000006,0.46457663116666664,0.168835936
2022-05-19,3.061,3.125,3.127,3.042,16216689.0,0.5267902101789202,0.5162381714,0.432250205,0.051511681399999995
2022-05-20,3.15,3.12,3.184,3.109,18076347.0,0.3900632262229919,0.352816935,0.6357998300000001,0.0113832385
2022-05-23,3.163,3.237,3.237,3.106,17921757.0,0.4941095980730923,0.41359845120000005,0.568862236,0.0175393099
2022-05-24,3.187,3.285,3.297,3.184,23748963.0,-0.0170872628688812,0.675756753,0.307212967,0.01703028405
2022-05-25,3.3,3.37,3.37,3.28,20398007.0,0.3366077083807725,0.2951084392,0.690480115,0.0144114663
2022-05-26,3.359,3.41,3.421,3.359,19551238.0,0.2950518832487218,0.6469341586666667,0.3358005276666667,0.0172653505
2022-05-27,3.396,3.364,3.431,3.354,18336781.0,-0.2652775824069976,0.1172945818,0.866294746,0.0164106756
2022-05-30,3.389,3.403,3.416,3.364,13080467.0,0.0441721479098002,0.26828263888888887,0.49274465200000006,0.2389727077
2022-05-31,3.382,3.368,3.406,3.342,48090076.0,-0.0006578117609024,0.53622392,0.45096337,0.012812704500000001
2022-06-01,3.4,3.394,3.436,3.385,17534462.0,-0.0121801836150033,0.26964450599999995,0.7072317228888889,0.02312376722222222
2022-06-02,3.41,3.397,3.434,3.392,10351881.0,0.462947815656662,0.1475988589090909,0.34937246045454545,0.503028697
2022-06-03,3.413,3.38,3.427,3.38,10518616.0,0.0791690349578857,0.0628449695,0.9243193000000001,0.0128357205
2022-06-06,3.4,3.463,3.49,3.395,15210133.0,-0.1947880744934082,0.4406796275,0.546793749,0.012526586
2022-06-07,3.435,3.452,3.502,3.435,16898736.0,-0.0117653012275695,0.36027879999999995,0.613133069,0.026588161333333332
2022-06-08,3.463,3.464,3.491,3.443,15467024.0,-0.0591751887248112,0.49140686333333333,0.49311213766666667,0.015480985100000002
2022-06-09,3.45,3.467,3.523,3.45,15795810.0,0.2480480074882507,0.44794109000000004,0.5342048196666667,0.017854083833333336
2022-06-10,3.437,3.22,3.439,3.212,22757097.0,-0.2781238981655666,0.9032517,0.063230895,0.033517405
2022-06-13,3.183,3.17,3.224,3.129,24835648.0,-0.4414139660921963,0.236079355,0.4305755918333333,0.33334507761666665
2022-06-14,3.208,3.217,3.259,3.195,15545022.0,-0.1748880495627721,0.1690528533333333,0.81315398,0.017793173
2022-06-15,3.304,3.268,3.329,3.25,21627956.0,0.1843100236012385,0.4451934942857143,0.5341508818571429,0.02065562542857143
2022-06-16,3.257,3.289,3.296,3.235,13941677.0,0.2485770838601248,0.436391105375,0.4318716,0.131737306875
2022-06-17,3.301,3.408,3.484,3.295,39962143.0,0.3016287634770075,0.272552199,0.711734775,0.0157129765
2022-06-20,3.408,3.531,3.575,3.408,16973138.0,0.3148197034994761,0.6483764750000001,0.33709854899999997,0.014524993
2022-06-21,3.557,3.585,3.641,3.557,18961963.0,0.2061986103653907,0.5423462011111111,0.4269590632222222,0.03069475077777778
2022-06-22,3.53,3.532,3.583,3.523,17173509.0,-0.1981188416481018,0.413555038,0.5646796086,0.0217653586
2022-06-23,3.507,3.363,3.532,3.363,24950607.0,-0.3012805978457133,0.6916181088,0.299785576,0.00859626354
2022-06-24,3.368,3.398,3.421,3.278,20875750.0,-0.25233279807227,0.3517548125,0.6385156275,0.00972956875
2022-06-27,3.389,3.412,3.457,3.389,13513214.0,-0.1696114361286163,0.22167711044444444,0.7656942933333333,0.01262859311111111
2022-06-28,3.455,3.446,3.496,3.423,12313502.0,-0.1312787771224975,0.22877659760000002,0.6844942599999999,0.08672914100000001
2022-06-29,3.419,3.46,3.472,3.401,13548586.0,0.090857321023941,0.43502034866666667,0.5521405786666667,0.012839065000000002
2022-06-30,3.4,3.317,3.435,3.264,23209121.0,-0.1812090602788058,0.42504461227272733,0.5586328747272727,0.01632250672727273
2022-07-01,3.306,3.313,3.396,3.285,13822659.0,-0.1481070439020792,0.56623757,0.42519584,0.008566594
2022-07-04,3.318,3.256,3.322,3.22,12782316.0,-0.1212899486223856,0.039427842500000004,0.46691422325,0.493657874
2022-07-05,3.28,3.074,3.298,3.074,18410371.0,-0.2742095328867435,0.28212658925,0.49567328425,0.2222001475
2022-07-06,3.117,2.871,3.137,2.867,29578474.0,-0.2756651888291041,0.03239694166666667,0.31541872266666665,0.652184354
2022-07-07,2.934,3.019,3.042,2.916,22966524.0,0.0613533722029791,0.710871295,0.2743316858,0.0147969924
2022-07-08,3.019,3.001,3.027,2.918,14432091.0,-0.3660513386130333,0.948398,0.034127694,0.017474283
2022-07-11,2.95,2.956,2.987,2.931,11618850.0,-0.1686765809853871,0.13300054425,0.370225561,0.4967739065
2022-07-12,2.931,2.701,2.954,2.636,52333446.0,-0.4421159774065017,0.0346934688,0.3916816256,0.5736248868
2022-07-13,2.78,2.706,2.78,2.657,24018806.0,-0.048835813999176,0.41843464880000003,0.3863323462,0.1952330142
2022-07-14,2.7,2.642,2.737,2.64,22728786.0,0.1887635327875614,0.5379169775,0.444181275,0.017901739
2022-07-15,2.64,2.709,2.733,2.64,20559986.0,-0.0470865269502004,0.24792135525000003,0.7231297274999999,0.02894889175
2022-07-18,2.736,2.728,2.8,2.717,16604588.0,0.2619680128991604,0.044979422,0.6210986066666667,0.33392194999999997
2022-07-19,2.723,2.925,2.932,2.718,26584134.0,0.2114771604537964,0.229724949,0.5609257594,0.2093492864
2022-07-20,2.942,2.87,2.967,2.789,20779873.0,0.0702656924724578,0.0696831015,0.677196265,0.25312061575
2022-07-21,2.833,2.928,3.013,2.832,27767929.0,0.2414735501462763,0.28585303666666667,0.6828325366666667,0.031314431999999996
2022-07-22,2.928,2.824,2.959,2.82,17767857.0,-0.1623528798421224,0.2800443166666667,0.7095850666666667,0.010370625833333333
2022-07-25,2.829,2.912,2.948,2.821,12603402.0,-0.0055704183048672,0.7259472025,0.253587065125,0.0204657315
2022-07-26,2.9,2.922,2.941,2.881,12339074.0,0.1547892689704895,0.788104725,0.204140225,0.0077550673
2022-07-27,2.96,2.984,2.997,2.925,13722736.0,0.1289885554994855,0.41709189849999995,0.5509262699999999,0.0319818305
2022-07-28,3.021,2.91,3.021,2.861,24188196.0,0.3398766489255996,0.023342947,0.9203581,0.0562989
2022-07-29,2.939,2.929,2.993,2.899,16243883.0,-0.2340348633852872,0.29041111732,0.536559952,0.1730289318
2022-08-01,2.914,2.895,2.981,2.893,10938081.0,-0.1979762375354767,0.128455462,0.3746321555,0.496912394
2022-08-02,2.891,3.001,3.025,2.89,13846692.0,-0.0062328739599748,0.9521383050000001,0.021424107499999998,0.0264375825
2022-08-03,2.977,2.947,2.996,2.897,11017570.0,-0.2804412501198904,0.631362668,0.348617238,0.0200200922
2022-08-04,2.94,2.923,2.973,2.904,8980596.0,-0.0881590917706489,0.43657823675,0.48818657575,0.0752351645
2022-08-05,2.922,3.011,3.03,2.92,11206363.0,-0.1389914751052856,0.9428455,0.036074832,0.021079618
2022-08-08,3.03,3.038,3.087,3.0,7951027.0,0.1573054525587293,0.45193474,0.53889459,0.0091706665
2022-08-09,3.029,3.056,3.075,3.001,7418900.0,0.2207527756690979,0.2708868765,0.660970315,0.0681428085
2022-08-10,3.056,3.017,3.077,3.011,8306672.0,0.3278166115283966,0.585048765,0.402544955,0.0124063355
2022-08-11,3.045,3.013,3.045,3.011,6834084.0,0.3174747725327809,0.3998418112,0.42824128699999997,0.171916911
2022-08-12,3.031,3.045,3.073,3.026,6778408.0,0.3072629496455192,0.09309201,0.8718351,0.035072867
2022-08-15,3.05,3.018,3.05,2.991,4878352.0,-0.0730600297451019,0.6342491,0.35516423,0.010586683
2022-08-16,3.03,3.069,3.089,3.017,8208062.0,0.3627956211566925,0.0878136735,0.8798598849999999,0.03232641125
2022-08-17,3.086,3.055,3.113,3.04,7646941.0,0.2068670839071273,0.08518855680000001,0.8852641739999999,0.029547277599999998
2022-08-18,3.06,3.039,3.087,3.035,6274663.0,0.0016651302576065,0.821032246,0.1571726798,0.0217950482
2022-08-19,3.039,2.984,3.044,2.948,10363808.0,0.1459719321944496,0.3732205,0.619419,0.0073604556
2022-08-22,2.967,2.94,2.98,2.918,6716023.0,-0.4019724939550672,0.012486258601756898,0.9865027645346155,0.0010109289887757372
2022-08-23,2.925,2.941,2.962,2.921,6416678.0,-0.0034787853558858,0.0,1.0106768225273854,0.004328043545157863
2022-08-24,2.935,2.947,2.956,2.915,4065526.0,0.2236836850643158,0.12455218,0.8649741,0.01047369
2022-08-25,2.964,2.905,2.978,2.905,7130453.0,-0.0414405124528067,0.4034583831528116,0.5782334179560743,0.018308183475111095
2022-08-26,2.92,2.88,2.942,2.861,13254244.0,0.2716776072978973,0.8217137022440987,0.15045477639560834,0.02783152397049114
2022-08-29,2.853,2.89,2.902,2.845,9176026.0,0.0799681977792219,1.0376149993800032,0.0,0.02943009514729229
2022-08-30,2.9,2.942,3.014,2.895,14150908.0,0.2589480768550526,0.7094591366666667,0.27705057233333336,0.013490280666666667
2022-08-31,2.958,3.004,3.008,2.946,17929433.0,0.2982573211193084,0.07863996,0.909798875,0.0115611235
2022-09-01,2.991,2.96,3.002,2.938,10988332.0,0.3349416136741638,0.3937062086,0.43282367600000005,0.1734701051
2022-09-02,2.994,3.031,3.039,2.954,11742440.0,0.1546775102615356,0.6971657114297697,0.008868693185091342,0.2939656101844132
2022-09-05,2.989,3.012,3.016,2.942,9939939.0,0.0781606468889448,0.789204132333841,0.0,0.33358086237763285
2022-09-06,3.044,3.007,3.056,2.976,10423673.0,0.3830739818513393,0.669821471312214,0.03786267215322242,0.29231586167965923
2022-09-07,2.995,3.024,3.033,2.949,11530772.0,0.3200510090047663,0.3848838645124658,0.4305443291509301,0.18457178152772005
2022-09-08,3.054,3.213,3.232,3.053,25456816.0,0.5780464194037698,0.2095881288200589,0.693656167517295,0.09675566254518315
2022-09-09,3.259,3.328,3.402,3.255,21043965.0,0.4552720561623573,0.1898004003825703,0.7669308824669849,0.04326867816927647
2022-09-12,3.368,3.484,3.506,3.366,18472315.0,0.5426360408465067,0.3255206792,0.650368474,0.0241108284
2022-09-13,3.492,3.415,3.561,3.315,23790862.0,0.119962385722569,0.5278318125,0.44748502,0.02468317525
2022-09-14,3.412,3.425,3.521,3.41,14468481.0,0.2654918111287631,0.36661952875,0.60852298125,0.0248574755
2022-09-15,3.48,3.623,3.63,3.468,23295852.0,0.194066149847848,0.3149712582857143,0.4222594045714286,0.26276935542857144
2022-09-16,3.56,3.53,3.59,3.496,26649345.0,0.1359923141343253,0.16565120275,0.79551395,0.0388348475
2022-09-19,3.536,3.543,3.567,3.484,9274532.0,0.1878326296806335,0.117063165,0.87259555,0.010341267349999999
2022-09-20,3.56,3.569,3.619,3.56,16005043.0,0.1766150712966919,0.28026417016666666,0.6900195683333333,0.029716260416666668
2022-09-21,3.523,3.518,3.565,3.482,13465310.0,0.1364270618983677,0.346441132,0.32532701966666666,0.32823182666666667
2022-09-22,3.5,3.567,3.64,3.49,16591976.0,-0.2992735922336578,0.199137911,0.7749400366666667,0.025922034666666666
2022-09-23,3.563,3.476,3.573,3.429,19518764.0,-0.1572433994346897,0.0,0.7869184277652862,0.24141806401374044
2022-09-26,3.45,3.426,3.483,3.406,14633963.0,0.0862119708742414,0.04413078875,0.45642974925,0.49943947
2022-09-27,3.458,3.372,3.469,3.343,16191477.0,-0.1572203727868887,0.5812604152499999,0.1681916515,0.250547935
2022-09-28,3.324,3.35,3.37,3.284,17440732.0,-0.4446284721295039,0.4930116443333333,0.17394555233333334,0.33304275600000005
2022-09-29,3.337,3.301,3.355,3.277,14678776.0,-0.3848498463630676,0.027991491750000003,0.3693263535,0.6026821275
2022-09-30,3.33,3.311,3.356,3.298,16018039.0,0.0864250779151916,0.0,0.6247723354271797,0.4509302308946629
2022-10-03,3.276,3.302,3.321,3.23,13483788.0,-0.2382558047771454,0.0944190586,0.6895475394,0.2160333944
2022-10-04,3.358,3.443,3.449,3.357,14824824.0,0.0801638424396515,0.29352632575,0.44553977175,0.260933871
2022-10-05,3.436,3.421,3.453,3.378,9689833.0,0.0060008764266967,0.2615755936676759,0.5809407939988673,0.1574835763260387
2022-10-06,3.412,3.377,3.445,3.366,11349659.0,0.0698727461007925,0.28716291374999997,0.69158477075,0.02125229875
2022-10-07,3.377,3.392,3.421,3.348,9570075.0,-0.1082386838065253,0.563468,0.42737526,0.009156748
2022-10-10,3.358,3.351,3.404,3.351,11672626.0,0.1129257764135088,0.3588075704285714,0.6208175899999999,0.02037481
2022-10-11,3.328,3.331,3.358,3.28,9232678.0,-0.1287385514266212,0.165410017,0.475402514,0.3591874631875
2022-10-12,3.32,3.345,3.348,3.254,10787036.0,-0.3292421326041221,0.2097234032,0.45531975840000005,0.334956841
2022-10-13,3.312,3.377,3.394,3.304,15530447.0,0.0683463995273296,0.3111761165,0.44828558525,0.24053827325000002
2022-10-14,3.42,3.325,3.427,3.32,17857936.0,0.3606522574144251,0.27918239775,0.6667846425,0.05403295975
2022-10-17,3.367,3.397,3.435,3.347,13631583.0,0.4174204894474574,0.2764650796,0.603762432,0.11977249219999997
2022-10-18,3.43,3.424,3.479,3.423,10770923.0,0.3054256655953147,0.618099795,0.26911418750000005,0.112786045375
2022-10-19,3.439,3.405,3.47,3.365,9250911.0,0.0794753693044185,0.376192568,0.428895802,0.1949116432
2022-10-20,3.42,3.502,3.536,3.42,13942932.0,0.3316555172204971,0.4929067756666667,0.41743901699999997,0.08965419200000001
2022-10-21,3.47,3.5,3.505,3.438,12313699.0,-0.2397809624671936,0.227857885,0.74936395,0.0227781665
2022-10-24,3.513,3.514,3.578,3.505,11202422.0,0.4045479189265858,0.5352067,0.45161045749999995,0.013182847
2022-10-25,3.54,3.529,3.57,3.491,9825462.0,0.1038052663207054,0.3475473834,0.623723879,0.0287287462
2022-10-26,3.566,3.572,3.586,3.474,13077465.0,0.1338359025808481,0.157827081,0.7612806825,0.08089223225
2022-10-27,3.554,3.54,3.566,3.463,13546711.0,0.2890341806411743,0.1456468015,0.5855738924999999,0.268779323
2022-10-28,3.46,3.291,3.463,3.215,33315051.0,-0.0567521713674068,0.20733617856521738,0.5126680497826087,0.2799957872173913
2022-10-31,3.33,3.353,3.396,3.319,13721205.0,0.395346530846187,0.06732658286666666,0.369668147,0.563005271
2022-11-01,3.38,3.368,3.412,3.349,12989124.0,0.2055914856138683,0.1474457,0.57622989,0.27632445833333336
2022-11-02,3.392,3.372,3.411,3.361,7503451.0,0.4503246347109477,0.52537316,0.0932207155,0.381406135
2022-11-03,3.375,3.368,3.398,3.333,10374931.0,0.001004311773512,0.03523366,0.3094858728,0.65528049
2022-11-04,3.348,3.252,3.364,3.226,21999953.0,0.2776730748323294,0.5230272005,0.22241396724999998,0.25455883525
2022-11-07,3.249,3.342,3.343,3.246,10538217.0,0.0629070486341204,0.29207102942857144,0.6970469685714286,0.010882008571428571
2022-11-08,3.321,3.286,3.346,3.286,9141935.0,-0.0198887388752762,0.45203217999999995,0.5233532132,0.0246145854
2022-11-09,3.279,3.271,3.332,3.252,11557892.0,0.0,0.39870337712500004,0.48748583349999997,0.11381077692500001
2022-11-10,3.263,3.187,3.301,3.124,19033766.0,-0.0350543343358569,0.17854133157142857,0.5892263057142857,0.2322323792857143
2022-11-11,3.19,3.12,3.214,3.102,19361526.0,0.0131465054693676,0.1747288091111111,0.47825741177777775,0.34701378833333335
2022-11-14,3.138,3.165,3.177,3.119,8963808.0,0.1407153010368347,0.278901073,0.4523294597142857,0.26876945971428573
2022-11-15,3.185,3.232,3.245,3.172,10774338.0,0.2238164275884628,0.34470643571428566,0.6149962714285715,0.04029727485714286
2022-11-16,3.233,3.281,3.298,3.233,11177742.0,0.5338538527488709,0.468192839,0.49521864016666667,0.036588516333333335
2022-11-17,3.284,3.319,3.319,3.253,8327150.0,0.2543399589402335,0.23010309399999995,0.74205386,0.027843031
2022-11-18,3.336,3.397,3.405,3.313,17349160.0,0.6027283933427598,0.32524813175,0.63696714,0.037784725125
2022-11-21,3.372,3.38,3.436,3.372,10423367.0,0.6091710360426652,0.2742174735,0.672858761,0.05292375815
2022-11-22,3.381,3.515,3.518,3.381,15202684.0,0.526900549020086,0.63979317,0.32753059825,0.03267621925
2022-11-23,3.52,3.553,3.583,3.476,10792995.0,0.450560000207689,0.35640055000000004,0.6147717034285715,0.028827734671428573
2022-11-24,3.553,3.551,3.594,3.516,11464505.0,-0.2038029953837394,0.2606738244615385,0.72587634,0.013449840184615385
2022-11-25,3.576,3.576,3.59,3.545,8006938.0,0.666343553499742,0.31500978244444444,0.67174131,0.013248911166666667
2022-11-28,3.55,3.536,3.578,3.531,7114048.0,0.3943113187948863,0.3043525405714286,0.45502539057142855,0.24062208678571428
2022-11-29,3.549,3.548,3.567,3.493,10844034.0,0.4149910807609558,0.27206258299999997,0.4682902175,0.25964720175
2022-11-30,3.56,3.562,3.578,3.509,14358314.0,0.3870696373607801,0.514205381,0.4635906152222222,0.02220401177777778
2022-12-01,3.565,3.419,3.566,3.419,17124364.0,0.0729227165381113,0.212565598,0.47965625,0.30777812660000003
2022-12-02,3.41,3.421,3.434,3.341,13085924.0,0.3795074290699429,0.19278449866666666,0.5037164608333333,0.3034990276666667
2022-12-05,3.4,3.4,3.421,3.383,7294572.0,0.1207959907395499,0.15126596679999998,0.544466442,0.30426760119999996
2022-12-06,3.387,3.386,3.419,3.351,6775671.0,0.2260737527500499,0.18020300825,0.29047977,0.5293172227499999
2022-12-07,3.38,3.347,3.398,3.34,9105535.0,0.3243420720100403,0.17939373875,0.623234503375,0.19737174575
2022-12-08,3.361,3.313,3.362,3.313,8010275.0,0.329716221852736,0.1142396572,0.3445439882,0.54121636492
2022-12-09,3.31,3.304,3.335,3.252,9542541.0,0.0956272641817728,0.452098929,0.2619765646666667,0.2859245199666667
2022-12-12,3.297,3.3,3.313,3.276,6887726.0,0.4759003520011902,0.2519055728333333,0.5757188066666666,0.172375629
2022-12-13,3.309,3.305,3.364,3.295,14176140.0,0.1727105180422465,0.35934935185714284,0.38812091628571427,0.25252972185714284
2022-12-14,3.3,3.37,3.374,3.299,12170414.0,0.348659448325634,0.33692447400000003,0.64613049,0.0169450464
2022-12-15,3.35,3.35,3.374,3.294,16744501.0,-0.2057699390820094,0.164486814,0.6311163706666666,0.20439680911111113
2022-12-16,3.354,3.546,3.551,3.345,55120553.0,0.3976372852921486,0.090209343,0.894837935,0.014952658
2022-12-19,3.534,3.532,3.57,3.501,9270450.0,0.3706346948941548,0.3407325923333333,0.6309667033333333,0.02830064133333333
2022-12-20,3.535,3.615,3.633,3.506,15296779.0,-0.1531399682812068,0.7618641349999999,0.2134007065,0.024735147
2022-12-21,3.625,3.649,3.669,3.578,10608843.0,0.5438929750369146,0.3668654645,0.602748664,0.030385878166666668
2022-12-22,3.649,3.646,3.664,3.618,9262754.0,0.3667561039328575,0.2530904868,0.4460065876,0.30090296320000004
2022-12-23,3.651,3.665,3.705,3.632,8598838.0,0.4552335355963026,0.21743234599999997,0.6716929689166666,0.11087468116666666
2022-12-27,3.676,3.647,3.689,3.638,4441514.0,0.3738068469933101,0.34434797,0.6377264,0.017925667625
2022-12-28,3.66,3.653,3.669,3.616,5049585.0,-0.420103004345527,0.4603845833333333,0.5148860273333333,0.024729416
2022-12-29,3.61,3.658,3.68,3.6,5720402.0,-0.0020975470542907,0.3426845326666666,0.5366288366666666,0.12068664333333333
2022-12-30,3.643,3.672,3.679,3.635,8065531.0,0.2066469043493271,0.5979278518666666,0.059259783333333337,0.3428123953333333
2023-01-02,3.695,3.707,3.737,3.68,5694839.0,0.3526063423890334,0.8975411466666667,0.06289003666666666,0.039568833666666664
2023-01-03,3.708,3.838,3.838,3.68,12415880.0,0.5150096310036523,0.61818435925,0.35282477825,0.028990880174999997
2023-01-04,3.838,3.861,3.911,3.838,14226401.0,0.4486528225243091,0.5811903983333333,0.36844289,0.0503667005
2023-01-05,3.842,3.888,3.921,3.812,9866999.0,0.2597294110690813,0.7161232064999999,0.254921165,0.0289555665
2023-01-06,3.907,3.886,3.937,3.886,7758331.0,0.2579754292964935,0.8807064499999999,0.0750988795,0.0441947085
2023-01-09,3.887,3.834,3.909,3.822,10365045.0,0.5808913918102488,0.32313115033333334,0.054586731,0.6222821526666666
2023-01-10,3.827,3.887,3.888,3.804,9258632.0,0.4583408965004815,0.3613876472727273,0.6236186300909091,0.014993714927272727
2023-01-11,3.9,3.816,3.911,3.806,9272177.0,0.3575926646590233,0.1087025567,0.65461565,0.23668178239999998
2023-01-12,3.842,3.873,3.91,3.828,18700100.0,0.2057214746108422,0.44023110125000003,0.30606553049999996,0.2537033905
2023-01-13,3.893,3.91,3.985,3.869,15987716.0,0.3679872204860051,0.730588606,0.2419138146,0.027497594999999996
2023-01-16,3.918,3.85,3.932,3.85,6963208.0,-0.2895716488361358,0.041052477000000004,0.94217398,0.016773552
2023-01-17,3.857,3.842,3.899,3.823,9594852.0,-0.1781909093260765,0.47515580650000006,0.43589555475,0.08894862695833333
2023-01-18,3.852,3.918,3.987,3.843,12685699.0,-0.0184568092226982,0.420226051,0.415663709,0.16411022187500002
2023-01-19,3.902,3.861,3.902,3.794,19171266.0,-0.0481438988989049,0.28861440780000003,0.3782152972,0.33317027344000005
2023-01-20,3.886,3.959,3.964,3.869,12831950.0,0.339732825756073,0.31473360140000006,0.6642580779999999,0.0210083166
2023-01-23,3.96,3.963,4.0,3.951,6748662.0,0.686720784753561,0.7071731114,0.2452672928,0.047559568
2023-01-24,3.975,3.975,3.985,3.925,5412076.0,0.218725599348545,0.505493125,0.472088598,0.022418266
2023-01-25,3.949,3.936,3.971,3.928,6730217.0,0.4312163037913186,0.2584659912222222,0.6355860211111111,0.10594798944444445
2023-01-26,3.961,3.991,4.065,3.956,15205833.0,0.2831797003746032,0.6860111493333334,0.11022313422222223,0.2037657247777778
2023-01-27,4.001,4.037,4.058,3.986,8634085.0,0.1403970207486833,0.5096949378333333,0.4659953703333333,0.0243096895
2023-01-30,4.028,4.038,4.061,3.995,7176160.0,0.2915802697340647,0.70172057,0.2762033155,0.0220761335
2023-01-31,4.047,4.067,4.1,4.031,12641840.0,0.3315756916999817,0.47019878416666666,0.3771030828333333,0.15269812566666666
2023-02-01,4.08,4.077,4.11,4.051,13009013.0,0.4448286980390549,0.6459567013333333,0.32719702866666667,0.026846269333333336
2023-02-02,4.065,3.979,4.197,3.926,28995265.0,0.3212755833353315,0.4997763434375,0.1168717975,0.383351862
2023-02-03,4.059,3.871,4.133,3.779,39969519.0,-0.1458290687629155,0.35340600466666666,0.435759817,0.21083415555555557
2023-02-06,3.897,3.964,3.981,3.864,14664351.0,-0.1945087075233459,0.4014588654,0.5757868513,0.02275426735
2023-02-07,3.972,3.965,4.0,3.955,11636076.0,0.3282202146947384,0.4692432314,0.4147618767,0.11599490395
2023-02-08,3.989,4.028,4.031,3.957,16248542.0,0.2870704664124383,0.70871194875,0.275337817875,0.0159502584625
2023-02-09,4.037,4.043,4.123,4.019,13301601.0,0.5459584636347634,0.2695815478888889,0.7015518101111111,0.02886662688888889
2023-02-10,4.04,3.97,4.041,3.937,12759149.0,-0.0126415689786275,0.11574838114285714,0.7403449742857143,0.14390666942857142
2023-02-13,3.99,4.025,4.045,3.969,4784599.0,0.6285158212368305,0.6375420556666667,0.08740314333333334,0.27505482166666667
2023-02-14,4.013,3.999,4.04,3.967,11560525.0,0.5027358857068148,0.1793884768,0.41532774139999995,0.4052837658
2023-02-15,3.997,4.005,4.016,3.943,9764684.0,0.4609777530034383,0.2698643303333333,0.6258641683333334,0.10427150666666667
2023-02-16,4.016,4.085,4.089,4.011,9676342.0,0.6509332306244794,0.890467514,0.0835567994,0.025975688879999997
2023-02-17,4.072,4.111,4.119,4.042,11428460.0,0.1583733558654785,0.405724302125,0.56839554175,0.0258801669
2023-02-20,4.12,4.064,4.14,4.054,6552890.0,-0.1272569213594709,0.36018681966666666,0.62264565,0.017167498
2023-02-21,4.05,4.017,4.061,3.986,8027741.0,-0.1652790078750023,0.43589933942857145,0.27162779564285716,0.2924728762857143
2023-02-22,3.997,3.916,3.998,3.888,13209702.0,0.0188558220863342,0.3121753785,0.4155390972222222,0.27228551951111113
2023-02-23,3.925,3.937,3.954,3.889,7163368.0,0.3282391428947449,0.9038076399999999,0.07443048825000001,0.021761835
2023-02-24,3.936,3.947,3.96,3.915,7912700.0,0.7347629852592945,0.33965379279999997,0.613340974,0.047005235400000005
2023-02-27,3.938,4.0,4.017,3.929,7075615.0,0.4623618941558035,0.6955148395714286,0.27577037785714287,0.028714791
2023-02-28,3.99,4.052,4.124,3.97,17774758.0,0.4606734216213226,0.53020927975,0.325733358375,0.14405732337500002
2023-03-01,4.061,4.002,4.075,3.991,7549872.0,0.4596264490059444,0.37108332512500003,0.5691103922499999,0.0598062811875
2023-03-02,3.992,3.994,4.017,3.948,8908393.0,0.0299326987827525,0.614162876,0.3338720593333333,0.05196507816666667
2023-03-03,4.003,4.077,4.077,3.992,8120042.0,0.328745936646181,0.56040778675,0.4080046105,0.031587633000000004
2023-03-06,4.082,4.128,4.128,4.081,8118292.0,0.4288869087512676,0.6646710051,0.306253194,0.029075803
2023-03-07,4.13,4.056,4.136,4.042,9656357.0,0.319990374147892,0.260223955,0.5625081533333334,0.17726789383333333
2023-03-08,4.039,4.109,4.121,4.038,8362533.0,0.5937553156505931,0.42400364949999997,0.5296617418333333,0.0463346295
2023-03-09,4.1,4.065,4.103,4.056,7902333.0,0.0,0.3982465585,0.580937495,0.0208159335
2023-03-10,3.9,3.992,4.008,3.871,19119259.0,-0.4420629306273027,0.03594795672,0.3222885856,0.6417634750000001
2023-03-13,3.982,3.743,3.995,3.68,28421162.0,-0.3666167429515293,0.15157853634615384,0.4059885336538462,0.4424329169230769
2023-03-14,3.72,3.896,3.93,3.699,19566176.0,-0.0327642373740673,0.0501797142,0.921233934,0.0285863286
2023-03-15,3.91,3.634,3.929,3.624,27033961.0,-0.4280185070302751,0.2382358261111111,0.261068863,0.5006952821111111
2023-03-16,3.706,3.586,3.85,3.553,23143584.0,-0.4763722062110901,0.2980295626,0.2620876006,0.43988287719999997
2023-03-17,3.608,3.51,3.696,3.472,45584921.0,-0.4165649073464529,0.27079772025000004,0.46724125325,0.261961010625
2023-03-20,3.46,3.622,3.694,3.305,26989447.0,-0.2574425273471408,0.012428273666666665,0.031497611333333335,0.9560741166666666
2023-03-21,3.706,3.81,3.837,3.68,17736984.0,0.3819387053188525,0.4457741478333333,0.5160362341666667,0.03818960366666666
2023-03-22,3.797,3.729,3.85,3.725,14793261.0,0.2219883501529693,0.6176276713333334,0.27596863833333335,0.10640366666666666
2023-03-23,3.661,3.599,3.734,3.591,13809234.0,-0.1753786035946437,0.06553934525,0.4850065955,0.44945408025
2023-03-24,3.589,3.493,3.589,3.402,20595031.0,-0.315095063050588,0.031174910333333333,0.28704613366666665,0.6817789933333334
2023-03-27,3.55,3.523,3.606,3.459,13190511.0,0.6185600658257803,0.594143085,0.0335859665,0.372270959
2023-03-28,3.58,3.542,3.594,3.504,10186890.0,0.531074180322535,0.397676354,0.5852194112,0.0171042366
2023-03-29,3.558,3.617,3.63,3.549,7921079.0,0.0751090212301774,0.429366144,0.325927398,0.24470640195
2023-03-30,3.657,3.652,3.679,3.613,7935705.0,0.3941729068756103,0.031143766499999996,0.937481715,0.031374475
2023-03-31,3.652,3.584,3.665,3.576,14223216.0,-0.1727347428148443,0.3689085167411765,0.4589737528823529,0.17211772911764706
2023-04-03,3.628,3.608,3.659,3.588,8790565.0,0.2777739942073822,0.029509303,0.8479859,0.12250481133333334
2023-04-04,3.623,3.599,3.66,3.591,9319891.0,0.4445685595273971,0.4619363406666667,0.22977325949999997,0.30829041455
2023-04-05,3.61,3.579,3.624,3.558,12460053.0,-0.292006629705429,0.28606781,0.70479072,0.009141497750000002
2023-04-06,3.439,3.493,3.511,3.419,14074986.0,0.1176288425922393,0.022622943,0.9441287,0.033248417
2023-04-11,3.537,3.45,3.547,3.45,7180683.0,0.3858401721174067,0.1451440735,0.8089987999999999,0.04585709
2023-04-12,3.489,3.497,3.519,3.463,8168249.0,0.155501279566023,0.035399806666666665,0.9359672666666666,0.028632908333333335
2023-04-13,3.48,3.452,3.508,3.366,11658984.0,0.1447015350515192,0.14425847333333333,0.8314273466666666,0.0243141685
2023-04-14,3.464,3.542,3.543,3.422,10551341.0,0.3376902416348457,0.038012989,0.9338668,0.028120228000000004
2023-04-17,3.56,3.528,3.585,3.499,11390136.0,0.248600634932518,0.53575642,0.3433877005,0.120855865
2023-04-18,3.556,3.613,3.62,3.544,10157926.0,0.2308437165461088,0.2872895944,0.644631614,0.06807880399999999
2023-04-19,3.615,3.66,3.66,3.581,8938980.0,0.4559079834393093,0.4679719328333333,0.5153227276666666,0.016705358583333333
2023-04-20,3.7,3.642,3.795,3.641,12589358.0,0.2313577532768249,0.36002934799999997,0.6076964867142857,0.03227414557142857
2023-04-21,3.618,3.578,3.635,3.564,12068485.0,-0.0820686556398868,0.3737344086666667,0.35814470333333337,0.2681208871333333
2023-04-24,3.56,3.554,3.577,3.532,5977698.0,0.0,0.047587812,0.058482952,0.8939292
2023-04-25,3.504,3.494,3.523,3.467,8688835.0,-0.0472884294059541,0.10757862316666666,0.44942713266666673,0.4429942043333333
2023-04-26,3.463,3.452,3.481,3.378,8606169.0,-0.7040386958555742,0.29866845966666666,0.41059376333333336,0.29073777278333335
2023-04-27,3.454,3.547,3.549,3.43,10219916.0,-0.1061293816566467,0.427721319875,0.41534088825,0.156937784925
2023-04-28,3.55,3.352,3.55,3.344,17412336.0,-0.3654122869173685,0.1669180286666667,0.3246256165,0.5084562935
2023-05-02,3.37,3.267,3.395,3.258,10987940.0,0.241485446691513,0.6805780733333334,0.2958132883333333,0.023608645333333334
2023-05-03,3.29,3.218,3.302,3.194,12014993.0,-0.552513028894152,0.2633474165625,0.243461997875,0.493190584925
2023-05-04,3.2,3.168,3.21,3.123,11692096.0,-0.5668961772551904,0.4202273106666667,0.16911866041666668,0.410654046425
2023-05-05,3.183,3.212,3.267,3.154,15747536.0,0.1892624348402023,0.5790005344285715,0.27297395247619044,0.14802551433333333
2023-05-08,3.259,3.366,3.375,3.237,11457624.0,0.1099831183751424,0.45658228288888886,0.41261668977777777,0.13080102666666668
2023-05-09,3.327,3.343,3.35,3.287,9612628.0,0.405045059594241,0.3128560711111111,0.6718930599999999,0.015250882333333333
2023-05-10,3.378,3.342,3.398,3.325,7667514.0,0.0559839341375562,0.35869396000000003,0.6237899533333333,0.0175161
2023-05-11,3.339,3.324,3.362,3.281,10066165.0,0.2269103080034256,0.3179153646,0.45437396339999997,0.227710642
2023-05-12,3.35,3.355,3.376,3.343,6856895.0,-0.0858230143785476,0.34307576116666666,0.62535933,0.031564916500000005
2023-05-15,3.395,3.361,3.412,3.336,6392945.0,-0.7815922300020853,0.39916439133333337,0.5829855666666667,0.0178500348
2023-05-16,3.345,3.331,3.362,3.329,4453538.0,0.4550383136822627,0.25236407666666666,0.7339227666666667,0.013713169666666669
2023-05-17,3.317,3.384,3.387,3.307,7424858.0,0.5295623481273651,0.4458849792,0.48274839680000003,0.07136660526
2023-05-18,3.41,3.411,3.428,3.396,6104885.0,0.4366030051158024,0.66356080075,0.3090712100833333,0.0273679753
2023-05-19,3.42,3.403,3.451,3.385,6720872.0,0.1004990083830697,0.92945285,0.031513280500000004,0.039033825
2023-05-22,3.397,3.477,3.477,3.397,7946974.0,0.1524463544289271,0.5820463204,0.39877397080000004,0.0191796574
2023-05-23,3.48,3.508,3.508,3.459,6837724.0,0.2620262768533494,0.44662931714285714,0.5277324962857143,0.025638175771428573
2023-05-24,3.48,3.478,3.49,3.429,6091140.0,-0.1388897044318063,0.11996745633333333,0.8553989483333333,0.024633579333333332
2023-05-25,3.518,3.507,3.54,3.469,10064852.0,0.3071424166361491,0.3676221228666667,0.5918726328,0.040505255266666665
2023-05-26,3.52,3.564,3.577,3.487,9134534.0,-0.1413176976717435,0.7746045604999999,0.1920286168333333,0.0333668475
2023-05-29,3.6,3.566,3.62,3.511,5626897.0,0.4111855030059814,0.5416838,0.44872233,0.00959389
2023-05-30,3.551,3.536,3.641,3.532,10074013.0,0.3439981433061453,0.5838701425714286,0.260751322,0.1553785199285714
2023-05-31,3.5,3.427,3.549,3.423,45209253.0,-0.065469271996442,0.0118074855,0.01805441,0.97013803
2023-06-01,3.462,3.547,3.565,3.461,8810946.0,0.2438151728023182,0.3577636518571428,0.4896537694285715,0.152582595
2023-06-02,3.57,3.631,3.644,3.565,9962398.0,0.4203340594585125,0.7532044866666666,0.21839908733333332,0.028396437
2023-06-05,3.631,3.61,3.689,3.598,7138895.0,0.3510331312815348,0.669064941875,0.180651057625,0.150284019125
2023-06-06,3.588,3.608,3.609,3.57,6645385.0,-0.1296767890453338,0.14727824925,0.5010397165,0.35168203124999997
2023-06-07,3.611,3.613,3.637,3.583,5406399.0,0.1300350381777836,0.5511086465,0.42971930737499997,0.0191721015
2023-06-08,3.633,3.647,3.685,3.633,6976446.0,0.5146051304680961,0.9440359333333334,0.02366153166666667,0.03230254866666667
2023-06-09,3.643,3.598,3.653,3.571,7006488.0,-0.2047400382848886,0.433232517,0.3599069354,0.20686053919999997
2023-06-12,3.611,3.608,3.634,3.576,5131081.0,0.4124772071838379,0.28319133166666666,0.4345737258333333,0.2822349718333333
2023-06-13,3.627,3.595,3.627,3.548,7201306.0,0.2751966552300887,0.7023428875,0.2872973975,0.0103597259
2023-06-14,3.6,3.661,3.678,3.58,12808228.0,0.4056836644808451,0.5929941343636363,0.24983097318181818,0.1571748909090909
2023-06-15,3.644,3.697,3.7,3.633,10059733.0,-0.1181512408786349,0.7464304957142858,0.21951811899999996,0.03405139085714286
2023-06-16,3.7,3.75,3.8,3.69,44106187.0,0.4201849028468132,0.7941153157142857,0.16690094514285714,0.03898376685714285
2023-06-19,3.74,3.748,3.78,3.728,6571164.0,0.3345925431502493,0.3861393121666667,0.5861697226666667,0.027690954
2023-06-20,3.739,3.704,3.763,3.701,5605025.0,0.1554498672485351,0.40325962575,0.5143796885,0.0823607095
2023-06-21,3.71,3.784,3.819,3.71,8872011.0,0.0750271404782931,0.4341559836,0.3577507514,0.20809325420000002
2023-06-22,3.743,3.712,3.743,3.69,6406330.0,-0.1765046986666592,0.28601089983333333,0.6155393135,0.09844976783333333
2023-06-23,3.686,3.65,3.704,3.629,7928563.0,-0.3300841185781691,0.08497537428571429,0.21973237671428572,0.6952922545714285
2023-06-26,3.649,3.629,3.65,3.572,8633925.0,-0.239521054426829,0.02446332966666667,0.22363890416666665,0.7518977373333332
2023-06-27,3.676,3.723,3.736,3.666,9229693.0,-0.1885960847139358,0.3000537584444445,0.47967419511111115,0.22027206766666665
2023-06-28,3.723,3.712,3.752,3.664,10362057.0,0.0,0.17349600546153846,0.27671089007692307,0.5497930958461539
2023-06-29,3.724,3.782,3.789,3.724,8137481.0,0.4232434309445895,0.5082081122857143,0.40845444714285717,0.08333744357142858
2023-06-30,3.79,3.787,3.832,3.784,13364338.0,0.515182586092698,0.8430272897,0.12724391689999998,0.029728791999999997
2023-07-03,3.785,3.821,3.827,3.767,7421829.0,0.3104328943623436,0.7424674652000001,0.2289755054,0.028557048
2023-07-04,3.83,3.719,3.84,3.704,11786219.0,0.8949556350708008,0.055681121,0.606394948,0.33792396566666666
2023-07-05,3.702,3.691,3.724,3.659,9932753.0,0.1125873242105756,0.3543714335,0.17030785075,0.47532073950000003
2023-07-06,3.65,3.67,3.69,3.632,10752486.0,-0.2922420318310077,0.14904856312499998,0.4262566730625,0.424694772
2023-07-07,3.676,3.692,3.716,3.648,6438535.0,0.2605815018926348,0.3408307915,0.3786114231666666,0.2805577838333333
2023-07-10,3.68,3.689,3.716,3.673,6098893.0,0.2622886645166497,0.5959370008,0.195080485,0.20898249819999998
2023-07-11,3.698,3.793,3.793,3.693,9376970.0,0.3784346646732754,0.39948019838461535,0.5751795976153846,0.02534020696153846
2023-07-12,3.8,3.82,3.832,3.781,7686359.0,0.4954831952398473,0.5583731823333333,0.307928675,0.1336981551111111
2023-07-13,3.806,3.811,3.835,3.785,6156823.0,0.5914115870700163,0.6463165748181818,0.32401028854545455,0.02967312381818182
2023-07-14,3.81,3.8,3.846,3.798,8021898.0,-0.1304226033389568,0.7782110586666666,0.19923535044444443,0.02255356383333333
2023-07-17,3.784,3.826,3.842,3.781,7061659.0,0.2933493620819515,0.89300705,0.08010785000000001,0.0268850625
2023-07-18,3.839,3.85,3.86,3.801,6205955.0,0.0754735783526771,0.4259285186923077,0.4083482422307692,0.16572324900000002
2023-07-19,3.86,3.812,3.871,3.779,7268295.0,0.0051401588651869,0.1988478344,0.1147031674,0.68644898
2023-07-20,3.81,3.823,3.88,3.809,9112303.0,0.251987224817276,0.7530627798,0.14910738380000002,0.09782985940000001
2023-07-21,3.834,3.809,3.846,3.77,8375931.0,0.0737403793768449,0.367198225125,0.5777906216250001,0.0550111655
2023-07-24,3.72,3.788,3.788,3.678,11071591.0,-0.4985890755286583,0.05529135311111111,0.40180844777777774,0.5429002127777778
2023-07-25,3.793,3.826,3.833,3.78,5868817.0,0.1964389503002166,0.5235758591428572,0.45309555528571427,0.023328558
2023-07-26,3.827,3.803,3.86,3.768,6771656.0,0.2183189455951963,0.21636997,0.76114684,0.02248319
2023-07-27,3.82,3.76,3.84,3.741,11749450.0,0.6581612064920622,0.16185661537499998,0.409758666875,0.428384711375
2023-07-28,3.809,3.699,3.861,3.69,21032707.0,-0.0766129633959601,0.44292930742307696,0.2944438100576923,0.2626268581
2023-07-31,3.716,3.669,3.718,3.651,13563946.0,0.0456209211122421,0.21344133799999998,0.20129596391666668,0.5852626973916667
2023-08-01,3.668,3.656,3.705,3.642,9609155.0,-0.1767237544059753,0.247696005,0.4723895321666667,0.27991445633333334
2023-08-02,3.631,3.609,3.64,3.584,9463769.0,-0.3297357288273898,0.09004663985714285,0.1591987944285714,0.7507545648571429
2023-08-03,3.61,3.73,3.732,3.61,8986771.0,-0.2142051988177829,0.42128559485714284,0.2851204414285714,0.29359397828571426
2023-08-04,3.746,3.742,3.766,3.719,6274574.0,0.0102338393529256,0.531499355,0.302568036,0.1659326095
2023-08-07,3.742,3.795,3.8,3.734,7037428.0,0.1005661662887124,0.7185631118181818,0.24803802554545457,0.03339885736363637
2023-08-08,3.713,3.739,3.782,3.678,10446395.0,-0.1423805952072143,0.6767541985714286,0.1685410657142857,0.15470472100000002
2023-08-09,3.79,3.774,3.796,3.75,6027872.0,-0.0772986676957872,0.588673914,0.3897849112,0.021541147099999998
2023-08-10,3.792,3.826,3.834,3.784,8478564.0,0.6784473955631256,0.47794635983333333,0.2082985065,0.3137551555
2023-08-11,3.809,3.839,3.861,3.808,7456962.0,-0.0024195512135823,0.5290320233333333,0.4393200723333333,0.03164789321666667
2023-08-14,3.826,3.821,3.855,3.813,4324289.0,0.034670579764578,0.186595075,0.7932544725,0.0201504925
2023-08-15,3.83,3.811,3.835,3.786,3165712.0,0.1883520126342773,0.9287872,0.026151571,0.045061268
2023-08-16,3.796,3.77,3.816,3.768,4355496.0,-0.161688561240832,0.22619542920000005,0.7348774203999999,0.0389271561
2023-08-17,3.77,3.796,3.827,3.753,4898280.0,0.5643301208813986,0.6600016354285714,0.16918682300000001,0.17081153742857144
2023-08-18,3.779,3.805,3.808,3.767,6542236.0,1.2820576207158707,0.011577449,0.016760655,0.9716619
2023-08-21,3.8,3.787,3.853,3.787,5011149.0,1.7567083077596115,0.438127085,0.25209798133333333,0.3097748753333333
2023-08-22,3.801,3.807,3.84,3.8,4234916.0,1.988282182012621,0.025616918,0.94150627,0.032876827
2023-08-23,3.807,3.762,3.842,3.762,4421451.0,1.9767792434749,0.12755628583333334,0.53186091475,0.3405828126666666
2023-08-24,3.787,3.805,3.816,3.776,4563812.0,1.809765956219099,0.14200181299999998,0.8337240319999999,0.024274129999999998
2023-08-25,3.803,3.785,3.828,3.777,4102001.0,1.574808784317871,0.20966328760000003,0.5771687208,0.2131679932
2023-08-28,3.817,3.829,3.848,3.812,882505.0,1.2719077277712152,0.7607362428,0.2110285804,0.028235174800000002
2023-08-29,3.838,3.857,3.872,3.832,6859859.0,0.901062786579132,0.45924850266666667,0.47955410574999996,0.061197388883333335
2023-08-30,3.867,3.868,3.907,3.866,7724094.0,0.4622739607416217,0.43290312355555555,0.4198099882222222,0.14728688172222223
2023-08-31,3.871,3.734,3.876,3.726,20454705.0,0.0148107472681668,0.119844986,0.1104353755,0.769719665
2023-09-01,3.74,3.686,3.754,3.676,8342207.0,-0.0857098717843332,0.18074623822222222,0.183470472,0.6357832937777778
2023-09-04,3.7,3.641,3.703,3.631,7942597.0,0.2199816005936046,0.34920808266666664,0.063339542,0.587452371
2023-09-05,3.646,3.643,3.673,3.597,9019044.0,0.637239396572113,0.04739232242857143,0.32780785,0.6247998191428571
2023-09-06,3.624,3.591,3.638,3.558,8651543.0,0.75428506731987,0.2001760265882353,0.5295625878823529,0.2702613760588235
2023-09-07,3.58,3.52,3.596,3.503,12038980.0,0.0,0.12839583185714284,0.2063083847142857,0.665295759
2023-09-08,3.531,3.555,3.568,3.493,7989780.0,-0.9526836473578424,0.2419346714,0.2846382293,0.4734271066
2023-09-11,3.574,3.582,3.597,3.549,6976031.0,-0.8733456134796143,0.4747122345,0.020582252000000002,0.5047054165
2023-09-12,3.598,3.594,3.61,3.579,7191513.0,0.9414147734642028,0.3983645238333333,0.414052052,0.18758343866666669
2023-09-13,3.593,3.542,3.61,3.53,8616352.0,2.1195448158375627,0.131954667,0.5899674564999999,0.2780778795
2023-09-14,3.555,3.597,3.616,3.517,10041588.0,2.265702397367789,0.1837515652857143,0.3612243037142857,0.45502412828571426
2023-09-15,3.618,3.544,3.62,3.519,18608897.0,1.682026122304729,0.291202524,0.3026841533333333,0.406113322
2023-09-18,3.561,3.554,3.583,3.533,9018227.0,0.6706545948982239,0.42006680853846157,0.4637012293846154,0.11623197220769231
2023-09-19,3.554,3.578,3.584,3.549,6284463.0,-0.4872064590454101,0.48111563566666665,0.32686937833333335,0.1920149986666667
2023-09-20,3.579,3.613,3.635,3.57,8090920.0,-0.1043226846882854,0.575844486625,0.26586286400000003,0.158292644875
2023-09-21,3.59,3.655,3.659,3.584,9548287.0,0.7837736308574677,0.6144501015714285,0.33278875871428576,0.05276113914285714
2023-09-22,3.65,3.669,3.729,3.645,10309307.0,0.8603444746734039,0.8384367325000001,0.1251278415,0.03643548875
2023-09-25,3.655,3.62,3.702,3.604,8213598.0,0.2832887637466538,0.88868238,0.090563761,0.020753875499999998
2023-09-26,3.62,3.701,3.709,3.612,10945260.0,0.0,0.40891334333333335,0.45821746133333335,0.13286919572222222
2023-09-27,3.695,3.718,3.763,3.691,7898422.0,0.1683771004205728,0.74207049625,0.2252721895,0.032657319875
2023-09-28,3.73,3.766,3.779,3.695,11249355.0,0.4662078320980072,0.718775236,0.25230741539999996,0.0289173575
2023-09-29,3.77,3.786,3.83,3.77,14426071.0,0.5712799621219379,0.6814872581888889,0.1640912771111111,0.1544214551111111
2023-10-02,3.792,3.772,3.837,3.762,10012012.0,0.4835934904923651,0.517885645,0.4603742128333333,0.0217401555
2023-10-03,3.772,3.722,3.833,3.718,9384664.0,0.2031484172092884,0.463090285,0.49066227875,0.0462474345
2023-10-04,3.706,3.702,3.748,3.683,6827956.0,-0.0706398785538515,0.32841425557142856,0.4318245412857143,0.23976120964285713
2023-10-05,3.732,3.734,3.757,3.706,4922444.0,-0.1383560176236143,0.653295344,0.3244647345,0.022239942175
2023-10-06,3.735,3.819,3.82,3.732,9317905.0,0.0,0.8155296311111111,0.12826223255555555,0.05620816603333334
2023-10-09,3.767,3.776,3.806,3.735,7110845.0,0.3086519241333008,0.37969431254545455,0.42392480968181817,0.1963808673181818
2023-10-10,3.792,3.833,3.852,3.792,11651014.0,0.5729422536741444,0.4066008045,0.4444966935,0.148902489
2023-10-11,3.82,3.846,3.865,3.815,7664788.0,0.7670577869929559,0.6135465843333333,0.361451749,0.025001651083333336
2023-10-12,3.852,3.828,3.863,3.806,6480664.0,0.9507768154144288,0.28251465475,0.69753447175,0.01995086125
2023-10-13,3.829,3.787,3.856,3.777,9494649.0,0.9447844624519348,0.29586693135714287,0.5405106202857143,0.16362244171428572
2023-10-16,3.803,3.792,3.818,3.782,10344466.0,0.0,0.38416846775,0.3095729175,0.3062586135
2023-10-17,3.79,3.788,3.815,3.774,6505632.0,0.0,0.47409622721482414,0.09844817373779279,0.42745560176648145
2023-10-18,3.803,3.78,3.82,3.78,8015673.0,0.0,0.5660096204975338,0.0,0.5281256165507893
2023-10-19,3.783,3.854,3.854,3.755,13094771.0,0.4519030749797821,0.6599086475981285,0.0,0.6082686578529232
2023-10-20,3.821,3.8,3.85,3.783,12452631.0,0.4703612029552459,0.7557933085166086,0.0,0.6678847256728833
2023-10-23,3.82,3.744,3.828,3.742,9495007.0,0.4632797837257385,0.8536636032529741,0.0,0.7069738200106693
2023-10-24,3.755,3.628,3.776,3.621,11992257.0,-0.0865889489650726,0.9535195318072248,0.0,0.7255359408662816
2023-10-25,3.63,3.632,3.651,3.607,12124410.0,0.2178350542249051,1.055361094179361,0.0,0.7235710882397202
2023-10-26,3.625,3.719,3.74,3.615,13954003.0,0.5353897156253937,1.1591882903693824,0.0,0.701079262130985
2023-10-27,3.826,3.803,3.837,3.688,20021911.0,0.1644005992195823,1.2650011203772893,0.0,0.6580604625400758
2023-10-30,3.808,3.862,3.877,3.803,14605762.0,0.9332111477851868,1.3727995842030811,0.0,0.5945146894669927
2023-10-31,3.865,3.835,3.916,3.827,14660310.0,0.3504198312759399,1.4825836818467588,0.0,0.5104419429117358
2023-11-01,3.838,3.795,3.858,3.794,11177544.0,0.4546810388565063,1.5943534133083213,0.0,0.4058422228743048
2023-11-02,3.796,3.784,3.828,3.743,14329230.0,0.9438301920890808,1.7081087785877695,0.0,0.28071552935470034
2023-11-03,3.8,3.786,3.838,3.786,13535763.0,0.3193779389063517,1.8238497776851033,0.0,0.1350618623529225
2023-11-06,3.796,3.818,3.838,3.779,9100100.0,-0.2343868762254715,1.9415764106003217,0.0,0.0
2023-11-07,3.804,3.765,3.832,3.755,9308606.0,0.0,2.061288677333426,0.0,0.0
2023-11-08,3.752,3.793,3.815,3.735,11085209.0,0.9475353360176086,2.1829865778844155,0.0,0.0
2023-11-09,3.809,3.866,3.866,3.797,11902540.0,0.9074774384498596,2.3066701122532898,0.0,0.0
2023-11-10,3.857,3.856,3.901,3.839,10462369.0,-0.2183584239747789,2.4323392804400505,0.0,0.0
2023-11-13,3.865,3.927,3.934,3.865,10460954.0,0.6120937466621399,2.5599940824446956,0.0,0.0
2023-11-14,3.93,3.952,3.981,3.911,15194105.0,0.2837532043457031,2.6896345182672268,0.0,0.0
2023-11-15,3.975,4.011,4.012,3.949,14927249.0,-0.0714710801839828,2.8212605879076427,0.0,0.0
2023-11-16,4.02,4.038,4.085,4.017,12911681.0,0.0568105842455387,2.954872291365944,0.14466234386870314,0.0
2023-11-17,4.04,4.049,4.073,4.004,22325715.0,0.3015330632527669,3.090469628642131,0.35998837582463006,0.0
2023-11-20,4.049,4.102,4.13,4.049,12930091.0,0.3053969542185465,3.2280525997362033,0.5938557458552576,0.0
2023-11-21,4.091,4.104,4.111,4.067,7338791.0,0.3177790443102519,3.3676212046481604,0.8462644539605866,0.0
2023-11-22,4.104,4.131,4.146,4.104,7466129.0,0.2056550979614257,3.5091754433780027,1.1172145001406175,0.0
2023-11-23,4.126,4.154,4.16,4.12,7023975.0,0.0,3.6527153159257315,1.4067058843953504,0.0
2023-11-24,4.148,4.153,4.18,4.148,5794386.0,0.6315847039222717,3.798240822291345,1.7147386067247834,0.0
2023-11-27,4.153,4.155,4.186,4.152,6666396.0,-0.0151950546673366,3.9457519624748434,2.0413126671289192,0.0
2023-11-28,4.155,4.19,4.199,4.154,8647225.0,0.4014457331763373,4.095248736476228,2.3864280656077552,0.0
2023-11-29,4.19,4.197,4.23,4.173,10347093.0,0.8237743491754191,4.246731144295497,2.750084802161293,0.0
2023-11-30,4.2,4.131,4.223,4.113,22160194.0,0.9941122622443596,4.400199185932652,3.1322828767895325,0.0
2023-12-01,4.149,4.112,4.169,4.112,8906231.0,0.9377679228782654,4.553333791619539,3.5271040767594375,0.0
2023-12-04,4.118,4.161,4.169,4.095,8901313.0,0.4500827491283417,4.6922205427472425,3.899039125672794,0.0
2023-12-05,4.166,4.165,4.196,4.155,9552367.0,-0.970094621181488,4.81454036954761,4.242169810796568,0.0
2023-12-06,4.18,4.096,4.194,4.095,9003301.0,0.0,4.92029327202064,4.556496132130757,0.0
2023-12-07,4.09,3.939,4.093,3.906,19076476.0,-0.9202309846878052,5.0094792501663346,4.842018089675365,0.0
2023-12-08,3.938,3.913,3.949,3.836,15606040.0,0.0,5.082098303984691,5.098735683430385,0.0
2023-12-11,3.925,3.909,3.941,3.88,10409061.0,0.6902444243431092,5.138150433475711,5.326648913395824,0.0
2023-12-12,3.919,3.866,3.924,3.849,10875057.0,-0.9744548201560974,5.177635638639395,5.525757779571679,0.0
2023-12-13,3.868,3.879,3.901,3.854,9534776.0,0.2885686159133911,5.200553919475741,5.696062281957951,0.0
2023-12-14,3.88,3.782,3.895,3.743,23672148.0,0.0,5.2069052759847505,5.837562420554636,0.0
2023-12-15,3.797,3.716,3.815,3.666,26420758.0,-0.3779360689222812,5.196689708166424,5.95025819536174,0.0
2023-12-18,3.722,3.746,3.788,3.72,10789927.0,0.3031428654988606,5.1699072160207615,6.034149606379261,0.0
2023-12-19,3.741,3.73,3.774,3.706,7659854.0,0.8320182726600853,5.126557799547761,6.089236653607195,0.0
2023-12-20,3.74,3.719,3.741,3.697,9268154.0,0.9961570603692156,5.0666414587474256,6.115519337045548,0.0
2023-12-21,3.707,3.737,3.754,3.704,6715403.0,0.8975024223327637,4.990158193619753,6.112997656694316,0.0
2023-12-22,3.744,3.723,3.756,3.708,7353101.0,0.6134165326754252,4.897108004164742,6.0816716125534995,0.0
2023-12-27,3.711,3.732,3.747,3.704,9483392.0,0.5061292424388583,4.787490890382395,6.021541204623101,0.0
2023-12-28,3.73,3.711,3.735,3.702,7619068.0,0.5745620897289693,4.6613068522727135,5.932606432903118,0.0
2023-12-29,3.71,3.726,3.734,3.71,6451135.0,0.4500144521395365,4.518555889835694,5.814867297393552,0.0
2024-01-02,3.75,3.826,3.835,3.74,10344874.0,0.2358042597770691,4.359238003071337,5.668323798094401,0.0
2024-01-03,3.84,3.88,3.893,3.837,13166851.0,0.6320816278457642,4.183353191979644,5.492975935005667,0.0
2024-01-04,3.886,3.955,3.956,3.85,8388949.0,0.3160408139228821,3.9909014565606147,5.288823708127349,0.0
2024-01-05,3.95,4.011,4.043,3.923,13308750.0,0.3983507454395294,3.7818827968142483,5.055867117459448,0.0
2024-01-08,4.013,4.058,4.078,4.005,9251727.0,0.6327304045359293,3.556297212740546,4.7941061630019615,0.0
2024-01-09,4.0,3.928,4.011,3.895,18514261.0,0.3163652022679646,3.3141447043395065,4.503540844754893,0.0
2024-01-10,3.928,3.866,3.934,3.866,11965135.0,0.0,3.0554252716111296,4.18417116271824,0.0
2024-01-11,3.899,3.881,3.937,3.881,12449406.0,-0.7729151964187622,2.7801389145554167,3.835997116892002,0.0
2024-01-12,3.9,3.91,3.946,3.899,7990362.0,-0.6959001677376884,2.4882856331723673,3.459018707276182,0.0
2024-01-15,3.936,3.927,3.945,3.877,5396104.0,0.0,2.179865427461981,3.053235933870778,0.0
2024-01-16,3.916,3.909,3.922,3.863,7455045.0,-0.7539843916893005,1.8548782974242584,2.61864879667579,0.0
2024-01-17,3.896,3.83,3.896,3.809,10491366.0,-0.9731451471646628,1.5133242430591987,2.155257295691218,0.0
2024-01-18,3.843,3.832,3.867,3.808,8518505.0,-0.2436398565769195,1.1552032643668024,1.6630614309170624,0.0
2024-01-19,3.857,3.833,3.859,3.824,6997988.0,0.0,0.7805153613470693,1.142061202353323,0.0
2024-01-22,3.872,3.915,3.924,3.866,6841225.0,0.2540680255208696,0.389260534,0.59225661,0.0184828716
2024-01-23,3.924,3.905,3.939,3.882,8234327.0,0.4560801386833191,0.025031652,0.07647614,0.8984923
2024-01-24,3.922,3.936,3.941,3.913,7379515.0,0.9446411728858948,0.0,0.0,1.0789233975044268
2024-01-25,3.85,3.839,3.869,3.783,12567312.0,0.0094571113586425,0.021498729333333338,0.316018179,0.6624830813333333
2024-01-26,3.849,3.855,3.876,3.84,6304686.0,0.0,0.048773899999999995,0.92766852,0.0235576285
2024-01-29,3.865,3.862,3.882,3.837,7620074.0,0.6085245211919149,0.05691773,0.91940844,0.023673838
2024-01-30,3.86,3.965,3.977,3.847,9068259.0,1.0370966965551969,0.4864196723984668,0.4656173464732388,0.04796302725613521
2024-01-31,3.978,3.954,4.02,3.945,10717017.0,0.9454135298728944,0.9447103,0.02924959,0.026040163
2024-02-01,3.93,3.919,3.991,3.882,11360769.0,0.2815468988635323,0.954606,0.026356699,0.01903724
2024-02-02,3.97,3.913,3.975,3.805,24863939.0,0.0,0.5301289445652174,0.4374578554782609,0.03241320786956522
2024-02-05,3.946,3.872,3.963,3.872,11997824.0,-0.2598907272020975,0.09967822923383521,0.8537571900345439,0.04656467745964343
2024-02-06,3.9,3.947,4.048,3.886,14752555.0,,0.0,1.205732005571522,0.05797509778429915
2024-02-07,3.928,3.905,3.948,3.88,11485211.0,,0.0,1.4933823020891948,0.06664446884353234
2024-02-08,3.92,3.955,3.982,3.912,7958519.0,,0.0,1.7167080795875633,0.07257279063734305
2024-02-09,3.95,3.927,3.974,3.917,12119636.0,,0.0,1.8757093380666254,0.0757600631657312
2024-02-12,3.946,3.919,3.961,3.89,7368168.0,,0.0,1.9703860775263835,0.07620628642869688
2024-02-13,3.92,4.024,4.028,3.899,13304701.0,,0.0,2.000738297966836,0.07391146042624003
2024-02-14,4.021,3.991,4.041,3.983,8378499.0,,0.0,1.9667659993879845,0.06887558515836069
2024-02-15,3.99,3.966,4.03,3.926,7581871.0,,0.0,1.8748441977887562,0.062086126490214194
2024-02-16,3.992,3.963,4.004,3.952,8776102.0,,0.0,1.7632229891627238,0.0594678796127327
2024-02-19,3.981,4.038,4.046,3.978,7284219.0,,0.0,1.6382773895088165,0.062008310391071624
2024-02-20,4.044,4.1,4.1,4.031,14676659.0,,0.0,1.5000073988270348,0.06970741882523095
2024-02-21,4.095,4.099,4.14,4.093,8824570.0,,0.0,1.3484130171173776,0.08256520491521065
2024-02-22,4.118,4.087,4.14,4.087,8869639.0,,0.0,1.1834942443798457,0.10058166866101073
2024-02-23,4.087,4.104,4.116,4.066,7430684.0,,0.0,1.0052510806144386,0.12375681006263123
2024-02-26,4.108,4.144,4.17,4.103,7896889.0,,0.03422585518749005,0.8136835258211568,0.15209062912007207
2024-02-27,4.124,4.169,4.178,4.12,9182546.0,-0.017940620581309,0.20562529276666666,0.60879158,0.18558312583333333
2024-02-28,4.16,4.167,4.202,4.154,10578248.0,,0.3851904478973385,0.39057524315096837,0.224234300202415
2024-02-29,4.171,4.17,4.23,4.157,50885043.0,,0.5729213205795054,0.1590345152740617,0.2680441522273171
2024-03-01,4.175,4.254,4.275,4.164,17970731.0,,0.7480666170557684,0.0,0.3101720389385617
2024-03-04,4.259,4.3,4.32,4.25,11878017.0,,0.7861185747817329,0.0,0.3095741025192819
2024-03-05,4.295,4.337,4.337,4.281,11155113.0,0.6663264036178589,0.6663259,0.0742644,0.2594097
2024-03-06,4.33,4.387,4.435,4.33,14391571.0,,0.3886885927105696,0.45163258595454514,0.15967883138071587
2024-03-07,4.4,4.38,4.44,4.307,14287080.0,,0.027470173665262193,0.9381922564207592,0.03433758983174723
2024-03-08,4.395,4.368,4.44,4.339,13646233.0,0.0,0.028251767375,0.9446257087500001,0.027122534375
2024-03-11,4.37,4.406,4.413,4.345,14269454.0,,0.46529689459160345,0.37271332583416084,0.1619897581807918
2024-03-12,4.41,4.418,4.446,4.39,13951852.0,0.614068329334259,0.6140668,0.18026653,0.20566665
2024-03-13,4.42,4.455,4.485,4.415,12014824.0,0.0,0.0894247705,0.881068035,0.0295072345
2024-03-14,4.46,4.388,4.46,4.371,13744089.0,0.3484166741371154,0.5591047452,0.23309408539999996,0.20780117590000002
2024-03-15,4.41,4.501,4.505,4.395,46214674.0,-0.1660292247931163,0.38065947720000004,0.2160085808,0.4033319608
2024-03-18,4.5,4.567,4.59,4.48,15796448.0,0.4405930459499359,0.46266492719999996,0.5141151688,0.0232199294
2024-03-19,4.59,4.668,4.67,4.588,18809807.0,0.3220568214144025,0.4640827045714286,0.5175693271428571,0.018347979999999996
2024-03-20,4.69,4.729,4.738,4.678,17723573.0,0.3666378259658813,0.5558832326,0.2400985092,0.2040182536
2024-03-21,4.75,4.733,4.754,4.696,15740391.0,0.3697982089860098,0.5623604865714286,0.3147496657142857,0.12288983455714285
2024-03-22,4.74,4.738,4.769,4.723,13348066.0,0.4149987896283467,0.5751841737777778,0.28819020744444446,0.1366256335277778
2024-03-25,4.74,4.782,4.8,4.735,17145927.0,0.0882972002029418,0.3261302474444444,0.4819392161111111,0.191930552
2024-03-26,4.8,4.83,4.84,4.792,18913107.0,0.3912611859185355,0.4043910884,0.5673207010000001,0.0282882494
2024-03-27,4.84,4.865,4.89,4.835,22303966.0,0.3294627428054809,0.3814528932,0.5926939228,0.025853197799999998
2024-03-28,4.5,4.493,4.56,4.47,22705589.0,0.3449423089623451,0.483312786875,0.36889743125,0.14778977000000001
2024-04-02,4.522,4.584,4.586,4.52,15503658.0,0.4768976502948337,0.4406977225,0.525013541375,0.034288728375
2024-04-03,4.58,4.592,4.61,4.535,15312322.0,0.3623531222343444,0.4290224924,0.5345662754,0.0364112076
2024-04-04,4.59,4.682,4.696,4.588,18108784.0,0.4636726528406143,0.5316706637499999,0.44090952825,0.0274197775
2024-04-05,4.62,4.673,4.673,4.59,23101595.0,-0.0140957037607828,0.3322289675,0.3324071946666667,0.3353638371666667
2024-04-08,4.68,4.769,4.775,4.663,20329154.0,0.3768678036603061,0.4660210887,0.3918426953,0.14213619797000002
2024-04-09,4.8,4.718,4.804,4.718,17312865.0,0.1847998052835464,0.443175163,0.29604757950000005,0.2607772325
2024-04-10,4.732,4.789,4.817,4.732,16829475.0,0.1581408023834228,0.2348364294,0.7199001519999999,0.0452634232
2024-04-11,4.796,4.64,4.805,4.624,22225669.0,-0.1148616154988607,0.2568649654285714,0.18256482142857142,0.5605702214285715
2024-04-12,4.65,4.668,4.685,4.617,14289234.0,-0.2736399344035557,0.10753388357142857,0.5894232425714286,0.3030428649285714
2024-04-15,4.657,4.702,4.735,4.652,12668615.0,-0.0825566828250885,0.4387111201666667,0.36094853,0.20034036483333337
2024-04-16,4.651,4.626,4.671,4.601,11358957.0,0.5552365779876709,0.5770522075,0.41221828250000003,0.010729484475
2024-04-17,4.64,4.694,4.726,4.64,8692863.0,0.1909766069480351,0.3700098088571429,0.54966449,0.08032567832857143
2024-04-18,4.726,4.824,4.824,4.715,14884288.0,0.7482940435409546,0.820588528,0.1558435128,0.0235679408
2024-04-19,4.762,4.806,4.813,4.722,13382863.0,-0.013138300842709,0.23867015722222223,0.5295040932222222,0.23182574455555555
2024-04-22,4.83,4.856,4.864,4.807,11379008.0,0.4428512652715047,0.46127105799999996,0.4549346536666667,0.08379431516666667
2024-04-23,4.865,4.944,4.954,4.863,13305600.0,0.1932335048913955,0.23694205549999997,0.7450301875,0.018027783999999998
2024-04-24,4.945,4.943,4.955,4.908,9535442.0,0.3695945978164673,0.3945547988,0.5815997879999999,0.0238454056
2024-04-25,4.975,5.016,5.078,4.973,17441600.0,0.3536072969436645,0.4438960638,0.5304631834,0.025640733399999997
2024-04-26,5.032,5.114,5.122,5.022,15701727.0,0.695773720741272,0.70526390175,0.273653975,0.02108213975
2024-04-29,5.17,5.118,5.226,5.088,15093886.0,0.4299623817205429,0.490420199,0.48325836525,0.0263214055
2024-04-30,5.034,4.952,5.04,4.86,22729448.0,0.4721678388970239,0.5270010973414634,0.41982964856097565,0.05316924742682927
2024-05-02,5.02,4.935,5.048,4.925,14707237.0,-0.0118785301844279,0.34253608799999996,0.317176398,0.34028758800000003
2024-05-03,4.962,4.755,4.987,4.746,22971631.0,0.0,0.06285414966666666,0.8908638533333333,0.04628200699999999
2024-05-06,4.782,4.867,4.887,4.78,8177393.0,-0.0297508478164672,0.35171602799999996,0.48513757514285716,0.1631464057142857
2024-05-07,4.878,4.937,4.939,4.863,10603159.0,0.0,0.082790671,0.8936947500000001,0.02351461975
2024-05-08,4.941,4.922,4.958,4.883,8972955.0,-0.3137516776720683,0.0762997165,0.44742075350000005,0.476279484
2024-05-09,4.93,4.878,4.943,4.852,8185151.0,-0.5787648931145668,0.12888543400000002,0.0753997005,0.7957148775
2024-05-10,4.881,4.928,4.947,4.87,7101438.0,0.6294748584429423,0.6588150716666666,0.31228163933333336,0.028903288333333332
2024-05-13,4.925,4.916,4.937,4.885,5174398.0,0.6288346846898397,0.39561672099999995,0.5733751966666666,0.031008037999999998
2024-05-14,4.938,4.956,4.967,4.889,5796490.0,0.9469189643859864,0.94691903,0.025895750000000002,0.027185215
2024-05-15,4.97,4.876,4.989,4.836,10077733.0,0.2367590963840484,0.284123858,0.69024278125,0.025633351999999998
2024-05-16,4.88,4.821,4.92,4.821,8033559.0,-0.0173956826329231,0.22379685100000002,0.66159420125,0.11460894715
2024-05-17,4.822,4.887,4.897,4.821,10113649.0,-0.0324491361776987,0.3203054575,0.3443844603333333,0.33531007100000004
2024-05-20,4.89,4.985,4.985,4.89,7814697.0,0.3442078070207076,0.29422183425,0.6785339877500001,0.02724417925
2024-05-21,4.971,5.052,5.052,4.966,11081993.0,0.3583430307252066,0.5665079691818181,0.3364543950909091,0.09703765409090909
2024-05-22,5.064,5.054,5.088,5.03,11074779.0,0.0069056808948516,0.19674742683333335,0.6343017003333333,0.16895088883333334
2024-05-23,5.058,5.094,5.104,5.052,10536369.0,0.1014688346121046,0.36313519,0.604826836,0.032037958
2024-05-24,5.068,5.112,5.126,5.02,9222636.0,0.0,0.06377311599999999,0.913660148,0.0225667561
2024-05-27,5.134,5.11,5.154,5.102,4983575.0,,0.22290609177791565,0.7569986008232558,0.020095315174346824
2024-05-28,5.11,5.182,5.182,5.108,6456915.0,0.7896519203980764,0.496404001,0.4759959425,0.027600042499999998
2024-05-29,5.172,5.136,5.212,5.108,6622259.0,0.3739847302436828,0.3944329614,0.5197977642,0.0857692778
2024-05-30,5.126,5.254,5.258,5.118,9265905.0,-0.1052623887856801,0.21522461949999996,0.5083202251666666,0.27645514416666667
2024-05-31,5.25,5.27,5.288,5.24,37919165.0,,0.02629611049158081,0.112551856740321,0.8611520119915241
2024-06-03,5.28,5.294,5.32,5.268,9562176.0,-0.9745375514030457,0.009082484,0.016379949,0.97453755
2024-06-04,5.28,5.028,5.294,5.006,17343004.0,0.2635680039723714,0.28703824366666664,0.6606183233333333,0.05234342533333333
2024-06-05,5.05,5.016,5.072,4.972,7609884.0,0.4520240426063538,0.466160727,0.50180018,0.0320390695
2024-06-06,5.046,5.21,5.216,5.006,12159208.0,-0.050958514213562,0.29900212466666665,0.3404603666666666,0.36053751800000006
2024-06-07,5.19,5.26,5.274,5.142,12262545.0,0.4888158589601517,0.589904352,0.2604387558888889,0.14965689855555556
2024-06-10,5.22,5.27,5.27,5.19,7893070.0,-0.1048421727286444,0.0430539645,0.81934691625,0.13759912300000002
2024-06-11,5.27,5.104,5.27,5.046,10871770.0,-0.1364903450012207,0.049023659666666664,0.79787668,0.15309968158333334
2024-06-12,5.142,5.096,5.166,5.054,8262881.0,0.0411516129970551,0.46067979924999997,0.11967188200000001,0.4196483105
2024-06-13,5.064,4.98,5.098,4.957,9845148.0,-0.9731076955795288,0.010823216,0.01606907,0.9731077
2024-06-14,4.975,4.875,4.989,4.781,17215842.0,-0.1111672520637512,0.3807065685,0.026134959,0.593158455
2024-06-17,4.884,4.86,4.941,4.836,9798654.0,0.5356230497360229,0.5754134937,0.41229519440000006,0.01229131843
2024-06-18,4.907,5.002,5.002,4.907,7084894.0,0.2054086178541183,0.26933557425,0.689288495,0.041375922499999995
2024-06-19,5.012,5.052,5.07,4.97,6591314.0,0.8519536107778549,0.85195361,0.131725358,0.016321036
2024-06-20,5.05,5.1,5.1,5.02,5456022.0,0.4748394191265106,0.556589595,0.426999588,0.0164108205
2024-06-21,5.08,4.941,5.092,4.896,22472710.0,0.6940029799938202,0.6940024539999999,0.2902517994,0.015745699
2024-06-24,4.965,5.008,5.016,4.936,7465156.0,0.3953520059585571,0.43473207999999997,0.49642995999999995,0.06883796
2024-06-25,5.048,5.01,5.068,4.942,6909060.0,0.4615999460220337,0.47268831699999997,0.4448629835,0.0824487415
2024-06-26,5.0,4.95,5.03,4.926,4349129.0,0.1170666913191477,0.18077859079999997,0.7704389239999999,0.0487824786
2024-06-27,4.95,4.954,4.973,4.924,4797502.0,0.0,0.045693716333333335,0.9022067666666667,0.05209953233333334
2024-06-28,4.976,4.943,4.999,4.926,7258635.0,-0.0003438700329173,0.3183102752,0.3641294345,0.31756029185
2024-07-01,5.072,5.044,5.122,4.993,8226713.0,0.1653148949146271,0.31845321643333335,0.3081966211666667,0.37335014366666663
2024-07-02,5.022,4.99,5.036,4.958,5889637.0,-0.3247056007385254,0.031513347000000004,0.5194985919999999,0.44898806059999996
2024-07-03,5.0,5.006,5.062,4.988,5270934.0,0.0,0.03629818757142857,0.9197312585714286,0.04397054528571429
2024-07-04,5.028,5.134,5.134,5.02,8163658.0,0.0390382707118988,0.455941184,0.104413305,0.4396455585
2024-07-05,5.112,5.074,5.132,5.018,6157236.0,0.2489990677152361,0.4636147783333333,0.33187931583333335,0.20450589183333331
2024-07-08,5.05,5.106,5.166,5.038,7737483.0,0.5340405702590941,0.47640426399999997,0.23256076625,0.291034973
2024-07-09,5.106,5.092,5.114,5.038,5014806.0,0.0,0.0440427315,0.8725234625,0.083433816
2024-07-10,5.1,5.196,5.196,5.06,7135065.0,0.2226212918758392,0.31504729466666664,0.6015432546666667,0.08340945300000001
2024-07-11,5.2,5.176,5.21,5.07,11220789.0,-0.2436559051275253,0.020104428666666667,0.6092580376666666,0.3706374913333333
2024-07-12,5.18,5.222,5.228,5.178,6353906.0,0.5244311094284058,0.6187404303333334,0.3021715911666667,0.07908797816666667
2024-07-15,5.206,5.234,5.264,5.162,6427970.0,0.7442419188363212,0.6044053625,0.338317423,0.05727721325
2024-07-16,5.206,5.296,5.296,5.186,7036483.0,0.2527774061475481,0.31484133833333333,0.6120692833333333,0.07308935849999999
2024-07-17,5.296,5.354,5.376,5.258,7842883.0,0.4160726964473724,0.5103346204,0.4387910890000001,0.050874293400000006
2024-07-18,5.38,5.43,5.464,5.376,7938819.0,0.3718619227409363,0.47765511025,0.4666525905,0.055692317750000005
2024-07-19,5.4,5.452,5.452,5.394,5433486.0,0.2365335822105407,0.3038666681666667,0.6275293321666666,0.06860400533333334
2024-07-22,5.466,5.512,5.544,5.462,6893545.0,0.7663146938596453,0.6589094950000001,0.2786130295,0.0624775145
2024-07-23,5.55,5.558,5.58,5.498,6919866.0,0.3696158051490783,0.47248081999999997,0.4395295325,0.08798963100000001
2024-07-24,5.596,5.534,5.602,5.502,7415969.0,-0.1613391836484273,0.037900242,0.7231071182,0.23899261440000003
2024-07-25,5.5,5.448,5.514,5.374,9541382.0,-0.1094918370246887,0.04304555775,0.780922535,0.176031928
2024-07-26,5.444,5.416,5.49,5.386,6264353.0,-0.2793752210480826,0.17379018075,0.29294057683333335,0.533269192
2024-07-29,5.446,5.362,5.466,5.334,5033223.0,-0.4774155400016091,0.22632985264285715,0.3430195505714285,0.4306505755714286
2024-07-30,5.364,5.424,5.444,5.31,6821309.0,0.1739155451456705,0.1953996573333333,0.7488910299999999,0.05570931933333333
2024-07-31,5.476,5.386,5.48,5.22,14432453.0,0.5019900294450613,0.5194273523846153,0.4501872195384615,0.030385424076923077
2024-08-01,5.386,5.184,5.404,5.15,9110692.0,0.3630395829677582,0.47743861675000004,0.3670261305,0.1555352405
2024-08-02,5.126,4.883,5.128,4.855,16903467.0,-0.3852940320968628,0.08304127450000001,0.3931541685,0.52380457
2024-08-05,4.676,4.776,4.821,4.53,17121257.0,-0.1517118765757634,0.4421215381,0.2634994989,0.2943789688
2024-08-06,4.858,4.768,4.876,4.724,8933202.0,-0.1455180545647939,0.05835872600000001,0.6984083874,0.243232901
2024-08-07,4.852,4.943,4.998,4.817,10942709.0,0.0,0.06548535,0.8695842433333333,0.064930421
2024-08-08,4.909,4.938,4.968,4.844,5295046.0,0.0,0.0254948705,0.90188388,0.0726212815
2024-08-09,4.98,4.953,5.02,4.937,4010431.0,0.2734975218772888,0.3537951498,0.5716948904,0.07450996759999999
2024-08-12,4.977,4.979,5.036,4.958,4608844.0,-0.2863473977361406,0.47977825350000003,0.22885189575,0.2913698765
2024-08-13,5.034,5.04,5.078,5.012,5363609.0,0.2370495796203613,0.3298220796666667,0.563401014,0.106776884
2024-08-14,5.08,5.108,5.138,5.044,6989542.0,0.0,0.06747004399999999,0.8644334333333333,0.06809649466666667
2024-08-15,5.132,5.286,5.3,5.122,7999494.0,0.0,0.047215996333333336,0.89451635,0.05826763266666667
2024-08-16,5.3,5.282,5.334,5.244,5075681.0,0.1054244438807169,0.332635891,0.40155309260000005,0.2658110174
2024-08-19,5.28,5.344,5.358,5.278,4410186.0,0.7756474018096924,0.6305745913333334,0.3004534526666667,0.068971943
2024-08-20,5.36,5.322,5.378,5.276,5004123.0,0.0,0.045927498250000004,0.86689406,0.087178451
2024-08-21,5.298,5.324,5.358,5.278,4298960.0,0.0,0.04745291466666667,0.8781298133333334,0.07441729366666666
2024-08-22,5.318,5.34,5.352,5.296,4163440.0,0.0,0.04795275566666667,0.89375832,0.058288939333333324
2024-08-23,5.35,5.374,5.392,5.35,4127348.0,0.5838829278945923,0.6732390338571428,0.25669772714285716,0.07006321028571429
2024-08-26,5.38,5.382,5.404,5.354,4515191.0,0.7571277022361755,0.6371652126666666,0.30427055433333333,0.05856423366666667
2024-08-27,5.38,5.446,5.446,5.376,4486549.0,-0.0094040036201477,0.20091642319999997,0.531392605,0.26769096280000004
2024-08-28,5.45,5.448,5.476,5.376,4351854.0,-0.2325263619422912,0.03501426033333333,0.592539103,0.37244661500000004
2024-08-29,5.438,5.404,5.486,5.4,4584496.0,-0.3234241207440694,0.0242893395,0.47819316900000003,0.49751750749999996
2024-08-30,5.406,5.46,5.462,5.406,11803111.0,0.5403678491711617,0.6234642907142857,0.2780171175714286,0.09851859885714287
2024-09-02,5.45,5.436,5.506,5.426,6435425.0,-0.0079921881357828,0.38920074866666665,0.2755493723333333,0.3352498643333333
2024-09-03,5.422,5.31,5.47,5.288,6649061.0,0.5549498200416565,0.478843103,0.4522134965,0.06894339399999999
2024-09-04,5.222,5.288,5.344,5.2,6225017.0,0.1581408023834228,0.2333333915,0.6896918125,0.07697480000000001
2024-09-05,5.26,5.374,5.444,5.26,6006400.0,0.3765299797058105,0.4835769105,0.4653937625,0.05102932975
2024-09-06,5.36,5.318,5.408,5.276,6253398.0,-0.1405099332332611,0.14767098114285715,0.5289297537142857,0.32339926742857145
2024-09-09,5.324,5.428,5.436,5.324,4932778.0,-0.2222493555810716,0.3545217373333333,0.4462250076666667,0.19925326783333333
2024-09-10,5.42,5.388,5.478,5.364,5238763.0,-0.068872373837691,0.07255821725,0.8136663985,0.11377537241666667
2024-09-11,5.402,5.334,5.442,5.264,7155257.0,0.5460983862479528,0.6900382269090909,0.19152789536363635,0.11843388427272727
2024-09-12,5.41,5.474,5.474,5.394,7605053.0,0.2348963767290115,0.32982716866666667,0.60973186,0.06044097366666667
2024-09-13,5.454,5.484,5.498,5.442,6181743.0,0.528282710484096,0.623178103,0.305728302,0.07109360566666667
2024-09-16,5.458,5.43,5.482,5.368,4140497.0,0.4652048136506762,0.4195380665833333,0.52225627025,0.05820566833333333
2024-09-17,5.448,5.38,5.468,5.38,9801682.0,0.0235944151878356,0.16091044133333335,0.7045341525555555,0.1345554051111111
2024-09-18,5.38,5.392,5.438,5.364,5954880.0,-0.0040274603026254,0.1846852525,0.6058653390000001,0.2094494145
2024-09-19,5.45,5.446,5.462,5.374,7307577.0,0.371316683292389,0.48130685124999995,0.48457000975,0.034123144
2024-09-20,5.452,5.514,5.528,5.44,29160128.0,0.7093251124024391,0.8080115385714286,0.03463165085714286,0.15735683142857143
2024-09-23,5.5,5.454,5.52,5.418,6304862.0,0.778292735417684,0.7861964022222222,0.1285832768888889,0.08522031166666667
2024-09-24,5.466,5.426,5.522,5.424,6961425.0,0.0975765784581502,0.2208168920909091,0.5876952884545454,0.19148783263636363
2024-09-25,5.41,5.478,5.528,5.408,7697462.0,0.229535199701786,0.33593881466666664,0.3144800816666667,0.349581122
2024-09-26,5.512,5.658,5.658,5.512,10079831.0,0.6646788205419268,0.571071146,0.3930761134,0.0358527638
2024-09-27,5.644,5.436,5.678,5.432,15180371.0,0.1538020372390747,0.27515769325,0.24373723425000002,0.48110506875000003
2024-09-30,5.44,5.364,5.498,5.338,12307119.0,-0.3932426199316978,0.3215291108,0.1053745382,0.5730963673
2024-10-01,5.38,5.076,5.386,5.046,20730203.0,-0.092056350575553,0.2569199147857143,0.3930426432857143,0.3500374475
2024-10-02,5.054,5.108,5.126,5.026,11834168.0,0.4046521008014679,0.511266813125,0.2541237905,0.234609424
2024-10-03,5.11,5.172,5.202,5.074,10752623.0,0.9008428984218172,0.8864561428571428,0.07210608957142857,0.041437756
2024-10-04,5.182,5.302,5.306,5.156,12505496.0,0.366123765707016,0.481570285375,0.252085042125,0.266344651875
2024-10-07,5.326,5.36,5.412,5.31,10253237.0,-0.3102342188358307,0.4566432084444444,0.03591953233333333,0.5074372573333333
2024-10-08,5.338,5.354,5.382,5.296,7322934.0,0.2790990344115666,0.28919239674999997,0.5996840151666667,0.11112360025
2024-10-09,5.34,5.322,5.362,5.274,6269594.0,0.3567011455694834,0.3092181775,0.48459568675000003,0.2061861285
2024-10-10,5.326,5.298,5.372,5.236,7471200.0,0.5524791479110718,0.6297888386666667,0.030768053666666666,0.3394431373333333
2024-10-11,5.298,5.356,5.36,5.296,5335218.0,0.6700556874275208,0.78727169675,0.024621202999999998,0.18810709583333332
2024-10-14,5.354,5.49,5.49,5.354,8601536.0,0.5997660798685891,0.6179746508181818,0.2572313604545454,0.12479400781818183
2024-10-15,5.48,5.496,5.51,5.446,8427272.0,0.2351436217625936,0.34066658883333334,0.5618571105,0.09747630958333332
2024-10-16,5.468,5.438,5.53,5.396,7744402.0,0.5159617151532855,0.5558624076,0.21308033659999998,0.2310572766
2024-10-17,5.452,5.41,5.492,5.408,6034671.0,0.3127947847048441,0.36231504183333335,0.45621942649999997,0.18146555966666666
2024-10-18,5.412,5.54,5.54,5.374,13019079.0,-0.4955200970172882,0.48967854405000005,0.2072848059,0.3030366618
2024-10-21,5.442,5.422,5.488,5.414,6761039.0,0.2879665385593067,0.60934797995,0.0260236521,0.3646283687
2024-10-22,5.45,5.464,5.49,5.406,6184471.0,-0.0623098929723103,0.23567523475,0.5332019632857142,0.23112281178571428
2024-10-23,5.46,5.43,5.468,5.41,7775088.0,-0.4550500884652138,0.2051885241,0.462283908,0.33252757740000005
2024-10-24,5.374,5.326,5.462,5.32,9909071.0,-0.8098861873149872,0.033038726000000004,0.1856151151,0.7813461744
2024-10-25,5.334,5.362,5.418,5.326,5826827.0,-0.4277909568377903,0.38256715999999996,0.0189272664,0.5985055708
2024-10-28,5.4,5.44,5.458,5.362,5780551.0,0.0759073816812955,0.6238339914545454,0.025138091636363637,0.35102793499999996
2024-10-29,5.47,5.468,5.524,5.438,6634575.0,0.2059369166692098,0.20190070823076922,0.6993743536923076,0.0987249623076923
2024-10-30,5.414,5.52,5.536,5.412,8751836.0,0.0226027311817292,0.1920343880357143,0.5264367621785714,0.2815288462142857
2024-10-31,5.52,5.59,5.612,5.436,14709953.0,0.4843481074679981,0.5296428254285714,0.37603470483333334,0.094322464
2024-11-01,5.59,5.692,5.734,5.588,11462454.0,0.6161125018483117,0.6820985514444444,0.21794443200000002,0.0999570175
2024-11-04,5.736,5.854,5.91,5.7,16416593.0,0.4494747042655945,0.6605181961538461,0.21922366853846154,0.12025814123076922
2024-11-05,5.7,5.784,5.784,5.7,11700874.0,0.3422447933870203,0.3898649038125,0.5240813395625,0.0860537753125
2024-11-06,5.78,5.57,5.786,5.512,15243933.0,0.3609390377998352,0.486530450625,0.23229680975,0.28117273524999997
2024-11-07,5.632,5.614,5.68,5.592,12655912.0,0.390075812737147,0.64608851152,0.0532218532,0.300689631
2024-11-08,5.586,5.504,5.618,5.502,10104579.0,0.1226402521133423,0.4766873105,0.02825135616666667,0.4950613165
2024-11-11,5.55,5.568,5.584,5.51,6011517.0,0.4660270139575004,0.6026371295,0.23824082700000002,0.159121996125
2024-11-12,5.53,5.438,5.57,5.436,8756070.0,0.2028527339299519,0.2604662873846154,0.5704934138461538,0.16904031669230768
2024-11-13,5.442,5.502,5.55,5.442,6447174.0,0.7576590299606324,0.7308705325,0.23239396225,0.03673551775
2024-11-14,5.486,5.494,5.538,5.448,6897917.0,0.7010106096665064,0.768213374,0.1098786968,0.12190792859999999
2024-11-15,5.474,5.608,5.622,5.474,6125623.0,0.6387698650360107,0.6652201841666666,0.3117154656666667,0.02306430575
2024-11-18,5.61,5.69,5.69,5.598,7292696.0,0.5862582921981812,0.7318106665714286,0.15078369014285714,0.11740563957142856
2024-11-19,5.62,5.39,5.622,5.33,17192835.0,0.2283274455273405,0.41205615507173915,0.41432811470652176,0.17361573890434784
2024-11-20,5.462,5.41,5.498,5.37,10990796.0,-0.0821770383761479,0.3577407899166667,0.302356382125,0.33990281941666667
2024-11-21,5.418,5.464,5.486,5.38,7967439.0,-0.0604862570762634,0.27471763066666666,0.2253219215,0.4999604673333333
2024-11-22,5.454,5.228,5.5,5.19,15438252.0,-0.6140172258019447,0.18881043614285714,0.08607040257142858,0.7251191742857143
2024-11-25,5.2,5.1,5.242,5.1,46446338.0,-0.4988897641499837,0.26032910063636366,0.10798655836363637,0.6316843488181818
2024-11-26,5.096,5.048,5.102,5.02,11855421.0,-0.4051672628051356,0.08153240377777778,0.4653869382222222,0.45308065805555553
2024-11-27,5.03,5.088,5.112,5.002,8734602.0,-0.1136794090270996,0.2888854458,0.4951966572,0.21591789229999997
2024-11-28,5.112,5.082,5.148,5.082,8392573.0,0.1048814555009205,0.43372284766666663,0.125139109,0.441138051
2024-11-29,5.058,5.146,5.176,5.05,8477449.0,-0.5453336834907532,0.060024258,0.492476295,0.44749945575000005
2024-12-02,5.116,5.158,5.192,5.108,9285704.0,-0.3922568440437317,0.27354719475,0.22850365649999999,0.49794915700000003
2024-12-03,5.174,5.218,5.266,5.174,9900147.0,-0.2230361461639404,0.2462305175,0.4909437075,0.262825768
2024-12-04,5.234,5.21,5.26,5.198,6510788.0,0.0744939744472503,0.6052685561666666,0.18152211266666665,0.2132093323333333
2024-12-05,5.218,5.398,5.41,5.218,9824432.0,0.4828528091311455,0.728880127375,0.027963952125,0.243155908
2024-12-06,5.396,5.358,5.44,5.352,6484520.0,-0.208345821925572,0.4916239608,0.11259764059999999,0.395778375
2024-12-09,5.39,5.374,5.426,5.356,6212179.0,0.2226903041203817,0.550384652,0.018756524333333333,0.43085878666666666
2024-12-10,5.36,5.33,5.38,5.314,8746603.0,-0.9748480767011644,0.0110918305,0.0141761925,0.97473195
2024-12-11,5.312,5.2,5.36,5.166,14279945.0,-0.5214489102363586,0.2857161786666667,0.05834879966666667,0.65593501
2024-12-12,5.16,5.17,5.214,5.11,15097943.0,-0.967773512005806,0.01713028,0.016855025,0.9660146666666667
2024-12-13,5.186,5.194,5.26,5.186,9859268.0,-0.1363139376044273,0.283583633,0.38631876857142855,0.33009758728571426
2024-12-16,5.2,5.21,5.28,5.194,7775174.0,0.2084670066833496,0.537711544,0.017342169333333334,0.44494629
2024-12-17,5.19,5.09,5.214,5.066,8784433.0,-0.4876861274242401,0.05059302880000001,0.5391079858,0.4102989796
2024-12-18,5.106,5.156,5.206,5.08,7662762.0,-0.9750383496284484,0.011786688,0.01309857,0.9751147
2024-12-19,5.128,5.158,5.196,5.094,8448611.0,-0.7314621359109879,0.02075374266666667,0.3085069286666667,0.6707393349999999
2024-12-20,5.104,5.086,5.11,5.026,17106653.0,-0.6241050720214844,0.20239456837500003,0.0646386005,0.73296683
2024-12-23,5.116,5.12,5.16,5.084,5296176.0,-0.5291495223840078,0.2874502404166666,0.019563026916666667,0.69298673
2024-12-24,5.142,5.144,5.16,5.116,2146369.0,-0.3902059793472289,0.0486069155,0.677695401875,0.2736976865
2024-12-27,5.136,5.166,5.186,5.1,5347706.0,-0.6590107679367065,0.1902742382,0.0205344304,0.789191328
2024-12-30,5.162,5.212,5.246,5.14,8253971.0,0.4175785899162292,0.640811129,0.0655463656,0.2936425035
2024-12-31,5.212,5.236,5.25,5.206,3517233.0,-0.4172670585768563,0.04326960616666667,0.6006319938333333,0.35609841600000003
2025-01-02,5.25,5.2,5.282,5.018,8606500.0,0.1818168825573391,0.57530373125,0.024123478062500002,0.4005728078125
2025-01-03,5.204,5.204,5.226,5.172,6601666.0,-0.0241573154926299,0.560248215,0.0202517771,0.4195000294
2025-01-06,5.238,5.328,5.334,5.194,8566124.0,0.6908819228410722,0.7762732516666667,0.0228477405,0.20087902850000003
2025-01-07,5.322,5.322,5.34,5.23,9757609.0,-0.2785659506917,0.26224084242857143,0.30833770078571426,0.42942148142857145
2025-01-08,5.334,5.43,5.452,5.326,14100251.0,-0.4495984997068132,0.3507110186,0.030523175899999998,0.6187658203999999
2025-01-09,5.416,5.634,5.636,5.41,15176291.0,0.1996015508969625,0.6311504743999999,0.1629922898,0.20585724330000002
2025-01-10,5.632,5.644,5.72,5.536,13123555.0,-0.4842640161514282,0.027409312999999998,0.48066531700000004,0.491925359
2025-01-13,5.64,5.702,5.702,5.612,7827934.0,0.6445683717727662,0.7681693933333333,0.025440586,0.20639003266666667
2025-01-14,5.714,5.77,5.818,5.714,11716375.0,0.6231565574804941,0.4922182315,0.47686370525,0.03091807
2025-01-15,5.77,5.668,5.784,5.654,9544421.0,0.611125396830695,0.5987917512500001,0.19568573150000002,0.20552250275
2025-01-16,5.7,5.532,5.7,5.51,8713733.0,0.2982084800799687,0.32482047610000003,0.5624314328,0.1127481293
2025-01-17,5.556,5.556,5.592,5.516,8277924.0,-0.5885462760925293,0.24816530799999997,0.01535970925,0.73647500675
2025-01-20,5.57,5.614,5.648,5.564,6786668.0,0.9205138683319092,0.9205141,0.018180702,0.061305217
2025-01-21,5.598,5.6,5.626,5.572,5834804.0,-0.1308617260720994,0.41082882907142854,0.2775034397142857,0.31166776171428573
2025-01-22,5.606,5.536,5.642,5.52,7537648.0,-0.5723120421171188,0.21944037816666664,0.12878131833333334,0.6517783613333333
2025-01-23,5.48,5.682,5.682,5.47,11903198.0,0.4710599780082702,0.7751647185,0.03947007525,0.185365210125
2025-01-24,5.71,5.742,5.752,5.684,7804575.0,0.7322620590527852,0.7754859580000001,0.11884191076923076,0.10567210915384616
2025-01-27,5.672,5.698,5.71,5.64,9242663.0,0.9017184302210808,0.8783059,0.046236490799999995,0.0754576028
2025-01-28,5.688,5.744,5.756,5.648,6842055.0,0.5510702505707741,0.5178879337142857,0.4233484617142857,0.05876360285714286
2025-01-29,5.77,5.914,5.914,5.77,15152117.0,0.722413957118988,0.7212919799999999,0.2081204982,0.07058750550000001
2025-01-30,5.95,5.836,5.978,5.766,15042527.0,0.3500500917434692,0.45926435600000004,0.42256518243902436,0.11817046592682925
2025-01-31,5.862,5.856,6.038,5.832,13604684.0,0.4545608125627041,0.4438936949285714,0.5091148994285715,0.04699140857142857
2025-02-03,5.79,5.792,5.84,5.706,11405732.0,0.1194934163774763,0.4762683003333333,0.016886416,0.5068452675
2025-02-04,5.844,5.938,5.938,5.794,9990773.0,-0.0332421575273785,0.32121385333333335,0.4362735,0.24251265366666666
2025-02-05,5.95,5.896,6.012,5.864,7023754.0,0.2397172152996063,0.3656113716,0.38429751100000004,0.25009109832
2025-02-06,5.932,6.07,6.074,5.926,10964378.0,-0.1738393108050028,0.3856195982,0.2133892752,0.40099109239999997
2025-02-07,6.08,6.034,6.106,5.996,8591355.0,-0.2837140985897609,0.210438384,0.34615439389999997,0.4434071904
2025-02-10,6.046,6.02,6.072,6.014,5155221.0,0.5458771288394928,0.7130800323333334,0.060251766444444445,0.22666817666666667
2025-02-11,6.026,6.114,6.114,6.016,3969359.0,0.611878045967647,0.5776166976666667,0.3927232438333333,0.0296600645
2025-02-12,6.15,6.268,6.314,6.148,11397552.0,0.7058067662375314,0.6724279273333332,0.30111637083333337,0.026455712333333336
2025-02-13,6.28,6.226,6.284,6.182,8934485.0,0.7571981549263,0.7571111439999999,0.2248058484,0.018082992380000003
2025-02-14,6.222,6.324,6.342,6.222,7997543.0,0.6725972294807434,0.6914409077142858,0.24431119028571427,0.06424789528571428
2025-02-17,6.35,6.38,6.49,6.348,7740596.0,0.9227668642997742,0.9227667,0.018201364,0.05903203
2025-02-18,6.41,6.534,6.534,6.406,11334023.0,0.8606360654036204,0.8128369866666666,0.15801623466666667,0.029146823333333335
2025-02-19,6.52,6.468,6.598,6.462,9434164.0,0.5670524120330811,0.5048821525,0.476989569,0.0181283155
2025-02-20,6.408,6.476,6.558,6.406,11550970.0,0.2458155580929347,0.34156572783333333,0.4533267826666667,0.20510751183333334
2025-02-21,6.492,6.496,6.532,6.412,10434608.0,0.3987694978713989,0.42550462314285714,0.47230763142857146,0.10218774185714286
2025-02-24,6.458,6.45,6.508,6.384,11102409.0,0.5347036272287369,0.6557036848,0.2522685918,0.09202773859999999
2025-02-25,6.454,6.574,6.678,6.446,14205214.0,0.5592077493667602,0.48214445949999996,0.434881829,0.08297370675
2025-02-26,6.62,6.71,6.718,6.612,12786070.0,0.318538937303755,0.36793077725,0.49951824275,0.132550995375
2025-02-27,6.664,6.642,6.748,6.6,7568228.0,0.5676011045773824,0.7051494688,0.059340937999999996,0.2355096156
2025-02-28,6.606,6.688,6.688,6.564,17741617.0,0.6674579646852281,0.649873928375,0.3249634575,0.025162602125
2025-03-03,6.7,6.878,6.908,6.636,11796273.0,0.5677705372081083,0.5520311943076923,0.361398193,0.08657061807692308
2025-03-04,6.808,6.632,6.822,6.56,8893686.0,0.6531570383480617,0.572399691,0.3491815962,0.0784187302
2025-03-05,6.9,6.976,7.074,6.83,13482848.0,0.5842103030946519,0.5073893414285714,0.42812177900000004,0.06448887085714286
2025-03-06,7.01,7.082,7.156,7.006,14020402.0,0.6237941980361938,0.564429878,0.33678454999999996,0.09878557
2025-03-07,7.014,7.088,7.13,6.918,8511542.0,0.8757927417755127,0.8849468433333333,0.028118216666666668,0.08693494966666666
2025-03-10,7.078,7.014,7.1,6.844,11792652.0,0.4989669024944305,0.4915994549090909,0.4210042005454545,0.08739634418181819
2025-03-11,6.984,6.926,7.06,6.854,9340018.0,0.6874306003252665,0.6667535675,0.29504228825,0.0382041625
2025-03-12,6.95,6.964,7.02,6.878,7603237.0,0.4320145845413208,0.454627251,0.47801113500000003,0.067361615
2025-03-13,6.922,6.96,7.026,6.826,7153575.0,0.3467708706855775,0.3381223533333333,0.31290923866666664,0.348968419
2025-03-14,6.932,7.018,7.06,6.886,10000435.0,0.1365611672401428,0.2980122803333333,0.022284761,0.67970294
2025-03-17,7.044,7.1,7.148,7.0,6986835.0,0.026269139515029,0.5034675518333334,0.26277865646666665,0.2337537890266667
2025-03-18,7.138,7.456,7.456,7.136,15504976.0,0.6356704980134964,0.6301531666666667,0.2963489813333333,0.073497846
2025-03-19,7.386,7.5,7.534,7.354,7598430.0,0.6135503479412624,0.5803712325,0.3530640053333334,0.06656472683333332
2025-03-20,7.46,7.244,7.5,7.146,10592913.0,0.6919079585508867,0.6766828109999999,0.275889492,0.04742767795
2025-03-21,7.218,7.34,7.34,7.154,23965356.0,0.9039591252803802,0.9064272933333334,0.05986227883333334,0.033710418166666666
2025-03-24,7.4,7.302,7.426,7.288,4226540.0,0.4868245187558626,0.5263816211428571,0.3285170315,0.14510135555
2025-03-25,7.34,7.498,7.498,7.338,6252499.0,0.2075049579143524,0.32415387175,0.5026971761666666,0.17314894758333332
2025-03-26,7.45,7.408,7.506,7.404,9787331.0,0.3775130680629185,0.3693841728461538,0.5805955655384616,0.05002026746153846
2025-03-27,7.3,7.356,7.396,7.178,7299360.0,0.2088735323203237,0.2520973875,0.6826461494444445,0.06525646819444444
2025-03-28,7.264,7.262,7.324,7.194,6616290.0,0.5939357926448187,0.5774398157272727,0.3890673394545454,0.033492850727272726
2025-03-31,7.19,7.174,7.216,7.05,10865737.0,0.0363879323005676,0.4428447298,0.1747954917,0.3823597825
2025-04-01,7.222,7.28,7.32,7.218,9061611.0,0.4080387055873871,0.5301583425555556,0.2899310771111111,0.1799105911111111
2025-04-02,7.282,7.3,7.324,7.24,4847229.0,0.2456832282683428,0.41365013493749997,0.4179193993125,0.16843046275
2025-04-03,7.05,6.968,7.12,6.938,12803840.0,0.4837001817567007,0.6263690836923076,0.16464438776923077,0.20898651715384614
2025-04-04,6.808,6.25,6.808,6.102,28678475.0,-0.0449152323934766,0.3409383840625,0.14191367475,0.51714794575
2025-04-07,5.522,5.97,6.196,5.486,27463992.0,0.1111258417367935,0.5655468649000001,0.101974029,0.332479132
2025-04-08,6.1,6.154,6.316,5.944,14182341.0,0.3791226521134376,0.5843326811428572,0.13896149142857142,0.27670583214285716
2025-04-09,5.962,6.086,6.14,5.916,10858719.0,-0.0377555228769779,0.22285989166666667,0.5158758261999999,0.26126427406666664
2025-04-10,7.28,6.482,7.28,6.462,19413100.0,0.0843360900878905,0.3401762105555556,0.30579980144444446,0.35402398777777777
2025-04-11,6.48,6.44,6.544,6.368,6566663.0,0.3149404469877481,0.4568685678571428,0.3601592872142857,0.182972148
2025-04-14,6.66,6.686,6.686,6.56,8165408.0,0.3785251677036285,0.6643356971538462,0.08265840799999999,0.25300588584615386
2025-04-15,6.724,6.854,6.938,6.708,12142047.0,0.3600024070058549,0.629990925,0.142988963,0.22702007933333335
2025-04-16,6.828,6.848,6.88,6.724,11357333.0,0.2621003847855788,0.32413510916666666,0.5339380339166667,0.14192686691666667
2025-04-17,6.872,6.722,6.892,6.63,10037975.0,0.489064301763262,0.542611436,0.189430498,0.2679580674
2025-04-22,6.436,6.532,6.558,6.408,8452307.0,-0.0116724712508065,0.32561374849999997,0.17739982099999999,0.4969864675
2025-04-23,6.636,6.802,6.83,6.614,10999446.0,0.191922698702131,0.25890892692307693,0.6219454534615385,0.1191456336153846
2025-04-24,6.74,6.668,6.86,6.628,8295947.0,0.2637549638748169,0.3461204328333333,0.45940822116666663,0.1944713185
2025-04-25,6.744,6.798,6.802,6.71,6920635.0,0.4060260355472564,0.6709211413333334,0.10916508274999999,0.2199137875
2025-04-28,6.83,6.902,6.924,6.818,7646771.0,0.6149237528443336,0.7370015212500001,0.02563345675,0.2373650455
2025-04-29,6.91,6.972,6.98,6.844,9912812.0,0.2014914696866815,0.3994479536,0.29694379130000004,0.303608256
2025-04-30,6.832,6.732,6.846,6.56,17861173.0,0.1508821023835076,0.37665632704651164,0.3586088738604651,0.26473480060465115
2025-05-02,6.85,6.88,6.918,6.824,7775350.0,0.6177643026624408,0.5463456312,0.4053416192,0.048312773399999995
2025-05-05,6.88,6.854,6.902,6.846,5290761.0,0.2286903468462137,0.39626237513636364,0.27215954345454546,0.3315780682727273
2025-05-06,6.888,6.962,6.962,6.81,9960407.0,0.3123028576374054,0.5611643817499999,0.06265265175,0.37618298925
2025-05-07,6.936,7.036,7.06,6.936,9563254.0,0.4292377148355756,0.38293477275000004,0.5724018098333333,0.044663416916666664
2025-05-08,7.078,7.166,7.18,7.06,9921857.0,0.6778881549835205,0.6450441212,0.3067301871,0.0482256805
2025-05-09,7.2,7.27,7.27,7.186,9906085.0,0.6636465887228647,0.62435956725,0.340150619875,0.03548981975
2025-05-12,7.3,7.368,7.392,7.298,9367152.0,0.5270030051469803,0.6775320605454546,0.14126605490909092,0.18120186854545456
2025-05-13,7.36,7.348,7.418,7.302,7392307.0,0.138322427868843,0.3335982997777778,0.37796644600000007,0.28843526044444445
2025-05-14,7.388,7.45,7.45,7.362,9273382.0,0.269967645406723,0.27877278666666666,0.6003996649166666,0.12082756174999999
2025-05-15,7.438,7.432,7.466,7.384,6182955.0,0.4713572859764099,0.3813117113333333,0.5785862173333333,0.04010210633333334
2025-05-16,7.422,7.496,7.514,7.4,8568979.0,0.7062851041555405,0.7206934965,0.24057248125,0.038734058
2025-05-19,7.512,7.472,7.574,7.43,6546414.0,0.2155544683337211,0.5816111901250001,0.0240532025,0.394335609125
2025-05-20,7.5,7.682,7.682,7.498,11914269.0,0.5844929651780562,0.6189034588888889,0.24746269255555553,0.13363384272222223
2025-05-21,7.698,7.642,7.796,7.62,7375439.0,0.2573239369825883,0.24045298229999998,0.7107261129,0.048820903799999996
2025-05-22,7.618,7.676,7.676,7.556,5694872.0,0.4702841490507126,0.431404354,0.5279707995714286,0.040624853714285716
