Date,OPEN_PRC,TRDPRC_1,HIGH_1,LOW_1,ACVOL_UNS,daily_sentiment_score,positive_sentiment_fingpt,neutral_sentiment_fingpt,negative_sentiment_fingpt
2020-05-20,0.2711,0.2653,0.2739,0.2501,87935179.0,-0.5958890616893768,0.16298929783333332,0.148444725,0.6885659886666667
2020-05-21,0.26,0.2631,0.2737,0.257,72882076.0,-0.7259264389673868,0.10860255533333334,0.1654695886666667,0.7259278333333333
2020-05-22,0.259,0.2691,0.279,0.2516,80021414.0,0.94271981716156,0.942719815,0.0248552525,0.03242488
2020-05-25,0.273,0.2775,0.2819,0.266,49081742.0,0.5657766699790955,0.624398472,0.3243273988,0.051274112399999995
2020-05-26,0.283,0.3069,0.3093,0.281,90374583.0,0.4384627512523106,0.5862328844285714,0.2815680094285714,0.13219910557142858
2020-05-27,0.31,0.3145,0.3373,0.307,125349502.0,0.6251810193061829,0.71253881,0.14913396766666667,0.13832724666666665
2020-05-28,0.32,0.2973,0.327,0.2945,107096243.0,-0.4083531573414802,0.230660586,0.2209457055,0.5483936775
2020-05-29,0.29,0.2706,0.2926,0.2701,466027489.0,-0.2085391879081726,0.3822917883,0.0213400786,0.5963681446
2020-06-01,0.287,0.2866,0.2904,0.2759,104246553.0,0.4192773938179016,0.5733941276000001,0.2558508844,0.17075493879999998
2020-06-02,0.2891,0.2981,0.3092,0.2827,141571771.0,0.4309658229351044,0.5772512221999999,0.16809765520000003,0.25465111139999996
2020-06-03,0.3085,0.3211,0.328,0.306,129643458.0,0.0465886235237121,0.4107764228,0.227573778,0.36164978119999996
2020-06-04,0.3146,0.3218,0.3286,0.307,169334010.0,-0.0693724805658513,0.23560730327272728,0.4562585846818182,0.3081341169090909
2020-06-05,0.3327,0.3606,0.362,0.33,162988511.0,0.3153917789459228,0.5166193375,0.30617791466666666,0.17720275183333334
2020-06-08,0.3657,0.3807,0.3969,0.3651,181010457.0,0.4654578069845835,0.5444080299999999,0.37650870166666667,0.07908326666666667
2020-06-09,0.3938,0.366,0.3964,0.3525,142929613.0,-0.0948727263344658,0.35708105875,0.220145498,0.422773446625
2020-06-10,0.371,0.3583,0.386,0.3561,105086124.0,-0.0090783715248107,0.4009190155000001,0.1951679238,0.40391302939999996
2020-06-11,0.3343,0.325,0.3458,0.325,125245199.0,-0.936578265258244,0.011759104571428572,0.05166263114285714,0.9365782471428571
2020-06-12,0.316,0.327,0.341,0.31,108171789.0,0.093766313791275,0.4861807092,0.1295152314,0.3843040389
2020-06-15,0.3139,0.3263,0.3295,0.31,73510641.0,-0.6009567975997925,0.1855330115,0.0341065482,0.780360428
2020-06-16,0.345,0.3505,0.3618,0.3311,112826856.0,0.3529954627156257,0.54419872925,0.326280500125,0.12952078152500002
2020-06-17,0.3509,0.348,0.366,0.344,100288232.0,-0.5117054979006449,0.03941232914285714,0.29990874692857145,0.6606789025714285
2020-06-18,0.344,0.3456,0.355,0.3334,87950771.0,0.1097343497806125,0.4308960513333333,0.25457366733333336,0.3145302807777777
2020-06-19,0.3534,0.3315,0.3546,0.3315,122001456.0,-0.2506568133831024,0.25946623,0.24231532325000002,0.49821845575
2020-06-22,0.33,0.3201,0.3324,0.3184,60566750.0,-0.4874444454908371,0.038752748749999996,0.46097477975,0.5002724685
2020-06-23,0.3267,0.333,0.339,0.321,72353841.0,0.7337195754051209,0.7431635240000001,0.2142486232,0.0425878174
2020-06-24,0.3282,0.31,0.3357,0.31,72798773.0,-0.4821558594703674,0.10715670959999998,0.3499873944,0.5428559159999999
2020-06-25,0.306,0.3156,0.319,0.301,73576759.0,-0.1732089519500732,0.3242112175,0.17354767391666667,0.5022411455
2020-06-26,0.319,0.3011,0.3198,0.3,60479668.0,-0.647648016611735,0.03642896933333334,0.310977044,0.6525939996666666
2020-06-29,0.3,0.3194,0.323,0.2966,60996299.0,-0.3404044359922409,0.22372852999999998,0.4300776815,0.3461938065
2020-06-30,0.3186,0.3091,0.321,0.3022,60280815.0,0.5719917923212051,0.708198388,0.08655972120000001,0.2052419027
2020-07-01,0.311,0.3084,0.3176,0.3019,53888634.0,-0.7287019491195679,0.042990467625,0.22601129775,0.730998176
2020-07-02,0.317,0.3287,0.3325,0.313,77979054.0,-0.6061671773592631,0.12311839200000001,0.26256765508333335,0.6143139445
2020-07-03,0.325,0.3169,0.3298,0.313,49111594.0,0.5075952302325856,0.6095778823636363,0.27622481018181816,0.11419732988181817
2020-07-06,0.3296,0.336,0.341,0.327,77744837.0,0.1959865689277649,0.38436250066666666,0.4767322635,0.13890519516666666
2020-07-07,0.3293,0.3302,0.3359,0.323,40343163.0,0.0536185503005981,0.544559475,0.08134339825,0.37409713775
2020-07-08,0.325,0.3157,0.328,0.3154,66977142.0,-0.1089718222618103,0.0592654914,0.770463762,0.170270756
2020-07-09,0.3237,0.3117,0.324,0.3101,40438047.0,-0.0124528259038925,0.479445045,0.02020297025,0.5003519545
2020-07-10,0.3079,0.3264,0.3264,0.305,52497477.0,0.2338182926177978,0.43889695419999997,0.4042838556,0.1568191726
2020-07-13,0.3287,0.3309,0.3395,0.3269,58185820.0,0.6251525779565176,0.6702563911666667,0.298602923,0.031140694
2020-07-14,0.327,0.3335,0.3385,0.323,47091640.0,-0.0162948369979858,0.47418337816666667,0.029602010166666665,0.4962146235
2020-07-15,0.34,0.3396,0.3433,0.326,63719396.0,0.615972900390625,0.7622593622,0.0741227072,0.1636179232
2020-07-16,0.3353,0.333,0.343,0.3278,53642998.0,0.6084971030553182,0.7270482361666667,0.13898714116666666,0.13396465566666665
2020-07-17,0.3319,0.33,0.3339,0.3213,46648040.0,-0.3302630583445231,0.320333604,0.024735748000000002,0.6549306493333332
2020-07-20,0.3278,0.337,0.3375,0.3214,37520412.0,0.4777908027172088,0.66064878775,0.14938985400000002,0.18996137924999998
2020-07-21,0.345,0.339,0.3644,0.3351,103635138.0,0.4400790184736252,0.682808246,0.04026045625,0.276931315
2020-07-22,0.3407,0.3284,0.3429,0.3241,56954471.0,-0.0335855782032012,0.4593039605,0.046290846999999996,0.49440518575
2020-07-23,0.33,0.3255,0.3313,0.321,38036463.0,-0.6587864607572556,0.08530257025,0.2503383715,0.66435905175
2020-07-24,0.3217,0.3264,0.3314,0.3191,40445104.0,-0.1847007473309835,0.3565088191666667,0.12072783450000002,0.5227633288333333
2020-07-27,0.3239,0.3132,0.3239,0.3085,57424489.0,-0.8770893414815267,0.012966913000000002,0.10994381866666668,0.8770892133333333
2020-07-28,0.311,0.3226,0.323,0.311,36309454.0,-0.2159059047698974,0.374088085,0.03564786,0.5902641035999999
2020-07-29,0.3223,0.3198,0.3244,0.3131,36456692.0,-0.2157031774520874,0.2061359242,0.40019095140000005,0.3936731302
2020-07-30,0.3202,0.2965,0.3202,0.2928,66001435.0,-0.1447926674570356,0.40927101071428573,0.04174166242857143,0.5489873357142857
2020-07-31,0.3,0.289,0.3036,0.285,65860776.0,-0.0775322668692645,0.33623729905882355,0.24506109729411765,0.4187016062941177
2020-08-03,0.2892,0.3033,0.3043,0.286,53030479.0,-0.4193369518285849,0.13524437252071783,0.2872014873634791,0.5775541222955781
2020-08-04,0.306,0.3144,0.318,0.3043,54273723.0,-0.5284582773844401,0.037811985,0.42162477,0.54056322
2020-08-05,0.318,0.322,0.325,0.3134,59108124.0,0.0,0.15485084,0.8343949,0.0107542565
2020-08-06,0.319,0.32,0.3246,0.312,46619864.0,-0.2787677943706512,0.15733196500000002,0.39225542674999997,0.45041259874999995
2020-08-07,0.32,0.3199,0.322,0.3116,36646180.0,0.1690126061439514,0.4294022212,0.363787484,0.20681027800000001
2020-08-10,0.3254,0.35,0.3545,0.3231,85525162.0,0.3354119695723057,0.5258755672727273,0.08912283490909091,0.3850016089090909
2020-08-11,0.354,0.3664,0.3789,0.354,91894795.0,0.2627579979598522,0.6200030652142857,0.07759961203571429,0.30239731264285713
2020-08-12,0.3622,0.3516,0.375,0.3515,58416679.0,-0.6291826026780265,0.2047645967142857,0.028374018,0.7668613835714285
2020-08-13,0.3499,0.3502,0.3594,0.3439,43331192.0,0.4736671725908915,0.6872399500666667,0.0820533198,0.23070674126666665
2020-08-14,0.3465,0.3488,0.351,0.3336,41119762.0,-0.010024539061955,0.29487732728571425,0.41069063057142857,0.2944320501428571
2020-08-17,0.3444,0.3347,0.3508,0.3347,31326995.0,0.1188530445098876,0.5125294826,0.088777962,0.3986925512
2020-08-18,0.334,0.3305,0.3393,0.3295,25467281.0,-0.1694820352963038,0.05651899123809524,0.7575793208095238,0.1859016797142857
2020-08-19,0.3273,0.3378,0.3378,0.3212,44780197.0,0.3557929247617721,0.60241603275,0.14474776325,0.25283621275
2020-08-20,0.3271,0.3255,0.3308,0.322,37264573.0,-0.0028587341308593,0.38896781599999997,0.21258844320000003,0.3984437578
2020-08-21,0.326,0.32,0.3275,0.3156,30821015.0,-0.0182918012142181,0.37756235266666666,0.2673802765,0.3550574043333334
2020-08-24,0.325,0.3295,0.3295,0.3175,34753599.0,0.781987065744619,0.8501748496856931,0.10236352062883032,0.04746164633027275
2020-08-25,0.334,0.3304,0.341,0.3297,41483519.0,0.910484751065572,0.91048468,0.07780243599999999,0.011712866666666667
2020-08-26,0.3275,0.3309,0.3372,0.3267,29167622.0,-0.3499779850244522,0.13919639100000003,0.374973008,0.485830576
2020-08-27,0.3304,0.333,0.3349,0.3213,32108891.0,0.8987950682640076,0.89879498,0.08272439499999999,0.0184806885
2020-08-28,0.336,0.3434,0.3479,0.3342,47842896.0,0.387748658657074,0.661449674,0.030860408285714284,0.30768994285714285
2020-08-31,0.3472,0.3382,0.351,0.3365,42390483.0,0.1401138007640838,0.6295580599999999,0.034185966250000005,0.33625599
2020-09-01,0.334,0.3305,0.3356,0.323,59621817.0,-0.4187634331839425,0.1653703987142857,0.27088429214285714,0.5637452914285714
2020-09-02,0.3284,0.3181,0.333,0.3176,45685660.0,-0.3526328461510794,0.1168132144,0.38371954540000003,0.49946725540000003
2020-09-03,0.324,0.3274,0.3377,0.324,62151491.0,-0.748634147644043,0.027773842599999998,0.2164784342,0.7557477144
2020-09-04,0.34,0.3726,0.3726,0.339,138027587.0,0.4827028512954712,0.6502948645833334,0.15858783016666667,0.1911173121666667
2020-09-07,0.39,0.3801,0.421,0.3734,91085896.0,-0.2430865615606308,0.2492586465,0.27373919475,0.4770021565
2020-09-08,0.3885,0.3853,0.402,0.38,88549508.0,0.6121218535635207,0.6691721272222222,0.2791993153333333,0.05162856977777778
2020-09-09,0.4,0.3932,0.4,0.3853,49150172.0,-0.2377832308411598,0.204373627625,0.428872092125,0.36675427025
2020-09-10,0.395,0.3867,0.3984,0.3767,53279110.0,-0.0604609727859497,0.2436668943846154,0.473992344,0.28234076434615385
2020-09-11,0.385,0.374,0.385,0.3732,37963548.0,0.7964188456535339,0.7964181,0.19629277,0.0072891386
2020-09-14,0.38,0.3738,0.3825,0.3675,38360325.0,0.3933131843805313,0.57616985275,0.08873405250000001,0.335096103
2020-09-15,0.3717,0.3587,0.3736,0.3574,41287080.0,-0.8613457679748535,0.12096145124999999,0.01769245,0.8613461099999999
2020-09-16,0.355,0.3597,0.3608,0.3451,36524113.0,-0.7284439564909282,0.08157213291458743,0.22497293814025682,0.6934549592875338
2020-09-17,0.3552,0.36,0.3617,0.349,39455103.0,-0.0029295768056597,0.3057520358571429,0.40597173428571426,0.2882762592857143
2020-09-18,0.3576,0.3329,0.3576,0.3295,158498337.0,0.0489345987637837,0.4343758766666667,0.271745275,0.29387884000000003
2020-09-21,0.33,0.3131,0.33,0.306,65493880.0,-0.7762389183044434,0.017695856200000002,0.2031524336,0.7791517276000001
2020-09-22,0.3194,0.3099,0.32,0.3084,44812941.0,-0.3417800784111023,0.2540430524,0.2021046736,0.5438522576
2020-09-23,0.3152,0.2977,0.321,0.2973,46842460.0,-0.4913061559200287,0.2457608345,0.01937389275,0.7348652415
2020-09-24,0.2905,0.2961,0.3052,0.285,48468783.0,-0.1436285376548767,0.34945915175,0.01951036125,0.63103048
2020-09-25,0.2988,0.2866,0.2989,0.2861,40887554.0,0.1493543883164723,0.5103844581666667,0.1399227365,0.34969283016666663
2020-09-28,0.2948,0.2997,0.2997,0.2884,34986695.0,0.9414139986038208,0.941414,0.0313149,0.027271116
2020-09-29,0.2989,0.2857,0.2989,0.2857,38620843.0,-0.3425089716911316,0.3117083615,0.027043599166666668,0.661248025
2020-09-30,0.2839,0.2972,0.3013,0.277,52092498.0,0.1128313011593288,0.43218640836666666,0.21673921533333332,0.35107439044444444
2020-10-01,0.2985,0.2846,0.3,0.2815,50701917.0,-0.4853773713111877,0.067224648625,0.4334317925,0.499343572
2020-10-02,0.28,0.289,0.289,0.279,37170358.0,0.9310798943042756,0.931079805,0.0320502675,0.03686988575
2020-10-05,0.297,0.3,0.304,0.29,68823490.0,-0.1518059032303946,0.15886444085714288,0.5347024855714285,0.30643307799999997
2020-10-06,0.301,0.3126,0.3155,0.2955,46162283.0,-0.3090281089146932,0.32486718466666664,0.043822154333333335,0.6313105933333333
2020-10-07,0.3093,0.3075,0.3148,0.3029,45217842.0,-0.4842522740364074,0.028547549,0.469641505,0.50181092
2020-10-08,0.3156,0.314,0.317,0.309,36087867.0,-0.0820544958114624,0.32382358233333336,0.27201735,0.4041590226666667
2020-10-09,0.3164,0.304,0.3165,0.3035,35255478.0,0.3047324419021606,0.6325377783333334,0.02462903,0.342833188
2020-10-12,0.3047,0.295,0.308,0.2941,36084174.0,-0.4669596552848816,0.13921756,0.3898162775,0.4709661785
2020-10-13,0.2956,0.2823,0.2956,0.282,49659055.0,-0.9723185300827026,0.011512998,0.016168466,0.97231853
2020-10-14,0.2825,0.2817,0.2892,0.2785,46997978.0,-0.4469691713651021,0.20912998166666666,0.018234460666666667,0.7726354933333334
2020-10-15,0.279,0.277,0.279,0.2669,64430129.0,-0.7293548285961151,0.0137590305,0.20410308524999998,0.7821378725
2020-10-16,0.2793,0.2814,0.2835,0.2667,59593555.0,-0.2497359067201614,0.25602374675,0.22100354074999998,0.522972705
2020-10-19,0.283,0.2785,0.284,0.2725,43336663.0,0.1034723917643229,0.4339579086666667,0.22573776266666665,0.34030428099999993
2020-10-20,0.2789,0.2805,0.2845,0.2695,45998759.0,0.4713429808616638,0.504303432,0.476635804,0.0190607205
2020-10-21,0.284,0.2762,0.2877,0.2762,35164715.0,-0.2930436001883613,0.13756174433333335,0.4401471015555556,0.4222911744444444
2020-10-22,0.2741,0.2749,0.2773,0.2626,51840151.0,0.7003533840179443,0.7003515849999999,0.088819778,0.210828617
2020-10-23,0.2759,0.2891,0.2895,0.2755,57459219.0,0.3144640723864237,0.380214655,0.5807798286666667,0.03900552866666667
2020-10-26,0.2808,0.283,0.2914,0.2778,38475008.0,0.2619029978911082,0.419157375,0.3469615306666667,0.23388106266666664
2020-10-27,0.29,0.272,0.2904,0.271,44030099.0,-0.9701912999153136,0.011703374833333334,0.018105296333333333,0.9701913000000001
2020-10-28,0.2681,0.2609,0.2681,0.2566,68766215.0,-0.1105746477842331,0.374360666,0.04059954325,0.58503979
2020-10-29,0.2631,0.2546,0.2651,0.2505,65799656.0,-0.9496220350265504,0.028462642750000003,0.02191531225,0.94962204
2020-10-30,0.252,0.262,0.262,0.25,47088904.0,-0.0575150489807128,0.32536865119999997,0.31910783125000003,0.355523516025
2020-11-02,0.2636,0.273,0.273,0.261,47832302.0,0.311583149433136,0.5175536239999999,0.2570869686,0.2253593854
2020-11-03,0.275,0.2854,0.287,0.2711,56344084.0,0.3141761819521586,0.336259751,0.6334803560000001,0.030259888
2020-11-04,0.274,0.2702,0.2784,0.267,59541867.0,0.345965313911438,0.5549746068,0.2270328208,0.21799255900000003
2020-11-05,0.273,0.2765,0.2782,0.2622,44557473.0,0.4710631668567657,0.6483421300000001,0.3292498595,0.022408047
2020-11-06,0.2741,0.2655,0.2805,0.2655,46251483.0,-0.0090880990028381,0.341263989,0.3146925716666667,0.344043458
2020-11-09,0.2709,0.3162,0.3162,0.2672,170051392.0,0.8857976794242859,0.88579756,0.04141538075,0.072787082
2020-11-10,0.315,0.3322,0.3415,0.3075,146356522.0,0.4492840319871902,0.69316095775,0.04024648025,0.26659256475
2020-11-11,0.3311,0.3252,0.3392,0.3164,64692071.0,0.7897499799728394,0.7897485133333334,0.041000908333333336,0.16925057266666665
2020-11-12,0.316,0.328,0.3298,0.31,52505486.0,-0.9545316100120544,0.02074218,0.024726188,0.9545317
2020-11-13,0.325,0.3363,0.342,0.3243,63131957.0,0.300700843334198,0.6243760183333333,0.03267333966666667,0.3429506703333333
2020-11-16,0.3631,0.419,0.42,0.3631,198980882.0,0.3986459800175258,0.4599550198571429,0.4844419330714286,0.05560304464285715
2020-11-17,0.4463,0.4473,0.45,0.4224,182548581.0,0.1909146348635355,0.4448104464,0.37357519678571427,0.18161435292857142
2020-11-18,0.4495,0.44,0.4495,0.4238,98014802.0,-0.3080510542942927,0.1617282706,0.3800968307692308,0.45817491
2020-11-19,0.4263,0.4193,0.429,0.4105,78161052.0,0.100383182366689,0.44149367666666667,0.281276548,0.27722979799999997
2020-11-20,0.423,0.412,0.4326,0.412,64516922.0,-0.3731798231601715,0.13377449625,0.28110170775,0.5851238102499999
2020-11-23,0.4169,0.4111,0.422,0.4051,66097247.0,-0.1075953500611441,0.33954133614285714,0.28297123842857147,0.3774874072857143
2020-11-24,0.4163,0.431,0.431,0.4125,73824580.0,-0.9675740202267964,0.0167726525,0.015653316333333334,0.9675739800000001
2020-11-25,0.4366,0.4252,0.4428,0.415,61934488.0,0.0843310270990644,0.4103551042857143,0.3891952438571429,0.20044966
2020-11-26,0.4196,0.4022,0.421,0.3862,61615333.0,-0.5027648568153381,0.0562361926,0.4137431334,0.5300206659000001
2020-11-27,0.33,0.3476,0.3704,0.33,194778113.0,-0.2729668052572953,0.1116944181111111,0.5415862425,0.3467193383888889
2020-11-30,0.345,0.3255,0.345,0.3255,108552933.0,0.0292834937572479,0.368421783625,0.243409334875,0.388168882375
2020-12-01,0.331,0.3426,0.3426,0.3277,72877519.0,-0.0092013544506496,0.33238884744444447,0.2792694384444444,0.3883416985555555
2020-12-02,0.3404,0.36,0.36,0.3367,64977806.0,-0.4911598116159439,0.246022191,0.01882585925,0.73515194
2020-12-03,0.3592,0.3658,0.3669,0.3535,40756438.0,0.5458600044250488,0.7390202148,0.029820199800000002,0.231159597
2020-12-04,0.365,0.366,0.3776,0.3625,59426007.0,0.4076144471764564,0.5445679894285714,0.22128738928571431,0.234144603
2020-12-07,0.3659,0.3675,0.3758,0.3577,40782426.0,0.1784436106681823,0.5735116778,0.0229728264,0.4035154986
2020-12-08,0.366,0.3727,0.3825,0.3651,41214368.0,0.0853514909744262,0.47793459660000004,0.10551971060000001,0.416545674
2020-12-09,0.379,0.369,0.3844,0.3685,44429430.0,0.10850590467453,0.44328138333333333,0.31311954366666667,0.24359908
2020-12-10,0.3755,0.3564,0.3797,0.3526,65292003.0,-0.1629137822559901,0.1838183667142857,0.5262931510000001,0.2898884835714286
2020-12-11,0.3615,0.3463,0.362,0.3407,49970438.0,-0.7125377804040909,0.04500104,0.2395364895,0.71546243775
2020-12-14,0.3537,0.3598,0.3727,0.353,52065853.0,-0.1876296599706014,0.31679040725,0.1861058865,0.49710374216666664
2020-12-15,0.358,0.378,0.378,0.3554,42618471.0,0.7540223121643066,0.767033016,0.2045357262,0.0284312444
2020-12-16,0.3792,0.3706,0.382,0.367,48922922.0,0.1232222318649292,0.2819909920714286,0.5393188368571429,0.17869014600000002
2020-12-17,0.3744,0.3615,0.3753,0.3606,39843343.0,-0.2850260684887568,0.09811929866666667,0.5795658986666666,0.32231480704166665
2020-12-18,0.3626,0.3577,0.3665,0.356,49897126.0,0.1654969453811645,0.20466686,0.5404120033333334,0.254921151
2020-12-21,0.3461,0.3334,0.3461,0.3264,75696035.0,-0.0149137079715728,0.2696036528333334,0.3823059835,0.3480903553333334
2020-12-22,0.3358,0.341,0.3427,0.3311,49669052.0,-0.7574399511019388,0.07318206766666667,0.16583598333333333,0.7609819543333334
2020-12-23,0.3419,0.3603,0.3605,0.3392,43049530.0,0.9293737709522248,0.9293737200000001,0.022933213,0.0476930875
2020-12-24,0.3649,0.3664,0.372,0.3644,25045723.0,-0.4891258478164673,0.247947273,0.01948311875,0.7325695990000001
2020-12-28,0.375,0.3648,0.3779,0.3575,32641653.0,0.0986230373382568,0.34978537325,0.30600502949999997,0.34420963182500003
2020-12-29,0.3667,0.3593,0.3687,0.3565,38034140.0,0.181036376953125,0.4039582994,0.3823348882,0.21370680660000002
2020-12-30,0.3591,0.3611,0.3645,0.358,28308837.0,0.2687885676111494,0.4304266098571428,0.415700178,0.1538732344285714
2020-12-31,0.3575,0.354,0.3609,0.3502,20222732.0,-0.2627072268062168,0.20054211226666666,0.30802121866666665,0.4914366641111111
2021-01-04,0.3584,0.3478,0.36,0.3433,41195773.0,0.0669658283392588,0.3995657498333333,0.19973906899999996,0.40069517783333336
2021-01-05,0.3435,0.3606,0.3638,0.3435,34239049.0,-0.3924934267997741,0.2131927202,0.1955349534,0.5912723376000001
2021-01-06,0.3666,0.3836,0.3912,0.3619,64080453.0,0.6976894587278366,0.7176427375,0.254770173,0.02758704725
2021-01-07,0.382,0.4078,0.4078,0.3711,62868483.0,0.8451812947528156,0.7836363216401818,0.3706921189718364,0.0
2021-01-08,0.4091,0.3957,0.4091,0.3921,43505899.0,0.08854840695858,0.39707431249999997,0.4435910655,0.15933463999999997
2021-01-11,0.3946,0.3949,0.4081,0.385,40389415.0,-0.5827123284339905,0.017456518900000002,0.3883026794,0.5942407839999999
2021-01-12,0.4,0.414,0.4199,0.3988,54893745.0,0.6487204283475876,0.6560254385,0.3208698595,0.023104706500000002
2021-01-13,0.4184,0.3973,0.4184,0.396,44289131.0,-0.0065436164538065,0.329586404,0.32944778533333335,0.3409658353333333
2021-01-14,0.395,0.4032,0.4085,0.3949,36237283.0,0.8833324432373046,0.883332108,0.067377654,0.0492902676
2021-01-15,0.4052,0.3813,0.4057,0.3802,61468284.0,-0.4911551986421857,0.18309203985714287,0.184556513,0.6323514265714286
2021-01-18,0.3815,0.3902,0.3935,0.38,34661371.0,0.2803783842495509,0.4508512816666667,0.40316351008333334,0.14598522383333334
2021-01-19,0.3948,0.3816,0.3987,0.378,38717456.0,-0.0138236805796623,0.304033710875,0.39237717687499996,0.303589124625
2021-01-20,0.388,0.3813,0.3886,0.38,29103122.0,-0.4961546540260315,0.127825827,0.37080979059999997,0.5013643719
2021-01-21,0.3853,0.3846,0.3973,0.3809,38457573.0,-0.5360659758249918,0.12609998383333332,0.1826390555,0.6912609391666665
2021-01-22,0.381,0.3654,0.3812,0.3625,69240017.0,-0.8524411916732788,0.12146762212500001,0.0260902735,0.852442115
2021-01-25,0.3699,0.356,0.3729,0.3539,39911454.0,-0.4569087922573089,0.277927424,0.0207945055,0.701278004
2021-01-26,0.356,0.3685,0.373,0.3558,33514549.0,-0.3302740454673767,0.21780429608333332,0.28261206916666665,0.49958367566666667
2021-01-27,0.3685,0.3618,0.3771,0.3573,37304862.0,0.2871440847714742,0.6151585346666667,0.024212188333333332,0.3606293093333333
2021-01-28,0.3571,0.373,0.3762,0.3559,35972289.0,-0.1251372430059645,0.2535142878888889,0.4012150173333333,0.34527068394444443
2021-01-29,0.3654,0.3618,0.3694,0.3581,44430530.0,-0.0839757720629374,0.30858525266666664,0.34300919733333335,0.34840551216666665
2021-02-01,0.366,0.357,0.377,0.3553,54672612.0,-0.2396306743224462,0.144691900525,0.4774124473333334,0.3778956830833333
2021-02-02,0.363,0.3825,0.3828,0.3568,59020126.0,-0.1815166808664798,0.045036680875,0.732967839,0.22199547175
2021-02-03,0.3868,0.3803,0.3921,0.3738,45577052.0,-0.1526474505662918,0.19850897750000002,0.510992912375,0.290498112375
2021-02-04,0.3835,0.3957,0.4019,0.3786,58490303.0,0.2408644159634908,0.423347637,0.3985777323333333,0.17807462
2021-02-05,0.3976,0.3986,0.4063,0.3916,52555004.0,0.9336774796247482,0.9336774725,0.0296320365,0.03669048775
2021-02-08,0.3983,0.3921,0.4079,0.3912,28994840.0,-0.4421516805887222,0.075028384,0.4704044385,0.4545671485
2021-02-09,0.39,0.3953,0.3953,0.3831,24966601.0,-0.6494072675704956,0.038119163000000005,0.3092679933333333,0.6526128396666667
2021-02-10,0.397,0.3899,0.3995,0.3843,28608031.0,0.0269436120986938,0.4214672022,0.14778177139999998,0.4307510176
2021-02-11,0.3901,0.3836,0.392,0.3802,22123601.0,-0.6444647014141083,0.11566582624999999,0.23696609124999998,0.6473680925
2021-02-12,0.385,0.3846,0.387,0.3765,24840558.0,-0.3755627075831095,0.277812785,0.07656621466666667,0.6456210086666666
2021-02-15,0.3929,0.3975,0.3987,0.3885,29181638.0,0.939454972743988,0.93945497,0.03173641233333333,0.028808606666666667
2021-02-16,0.3973,0.3921,0.3988,0.3859,30080237.0,-0.7267835140228271,0.03143395575,0.23813881475,0.7304272365
2021-02-17,0.3918,0.3932,0.398,0.3896,34459381.0,0.079548954963684,0.30793967175,0.515026295,0.1770340605
2021-02-18,0.3928,0.3847,0.3976,0.3835,26090272.0,-0.0583113928635915,0.30147817433333335,0.3679172466666667,0.33060456983333336
2021-02-19,0.3849,0.3905,0.3922,0.3785,35555787.0,-0.0479216948151588,0.2195485390875,0.46476893399999997,0.31568253775
2021-02-22,0.3901,0.3995,0.4,0.3833,33146312.0,-0.0512682199478149,0.3188348703333333,0.34683607683333334,0.3343290526666667
2021-02-23,0.4,0.4089,0.412,0.3944,57830841.0,0.5881498634815217,0.6183110718,0.3523618131,0.029327114199999997
2021-02-24,0.4084,0.4148,0.42,0.408,42866470.0,-0.0963543891906738,0.42247075260000005,0.1004778454,0.47705134400000004
2021-02-25,0.42,0.431,0.4409,0.4184,69076429.0,0.9226911514997482,0.922691155,0.037632637499999996,0.03967621525
2021-02-26,0.42,0.4166,0.435,0.414,48776232.0,0.2604214804513113,0.5401226721428571,0.16099326457142857,0.29888410228571427
2021-03-01,0.4283,0.4293,0.4349,0.4232,32743618.0,0.1402778327465057,0.3493211823333333,0.45362174066666666,0.19705709583333333
2021-03-02,0.4282,0.4223,0.4345,0.4208,32681558.0,-0.1793108185132344,0.31986407716666665,0.21273900333333332,0.4673969178333333
2021-03-03,0.424,0.4348,0.438,0.4239,45175790.0,0.9421525398890176,0.9421525333333333,0.030015318333333332,0.027832081666666664
2021-03-04,0.43,0.4308,0.436,0.4257,29260682.0,-0.5827450156211853,0.09595775580000002,0.2845939286,0.6194483396
2021-03-05,0.4292,0.4468,0.449,0.4243,57610018.0,0.6233316858609518,0.6744588720000001,0.29300406383333333,0.0325371005
2021-03-08,0.4507,0.478,0.4794,0.4507,63665234.0,0.5218396663665772,0.7155778338000001,0.0378336452,0.2465884836
2021-03-09,0.4835,0.4663,0.485,0.456,63853285.0,0.7813745538393656,0.7813738899999999,0.03173305066666667,0.18689307966666666
2021-03-10,0.4665,0.4628,0.4748,0.4542,41068830.0,-0.2423431426286697,0.1773671385,0.5138161475,0.3088167135
2021-03-11,0.4638,0.4521,0.467,0.4451,43442142.0,-0.5230623602867126,0.2621740682,0.021742218,0.7160837204
2021-03-12,0.4507,0.4676,0.4679,0.4503,31624034.0,-0.0456532597541809,0.35685698759999995,0.2022383398,0.44090466240000004
2021-03-15,0.47,0.4648,0.4763,0.4601,33075758.0,0.6060860753059387,0.612316789,0.25595865,0.13172453375
2021-03-16,0.472,0.4729,0.4832,0.4663,43024703.0,0.1000862494111061,0.36924896399999996,0.28356661725,0.347184437
2021-03-17,0.473,0.4809,0.4837,0.4691,34800785.0,0.754950749874115,0.7608245659999999,0.2124203508,0.026755055
2021-03-18,0.4856,0.4948,0.502,0.4855,53448897.0,0.0812782645225524,0.2661991885,0.6128464578,0.12095434099999999
2021-03-19,0.49,0.4696,0.49,0.462,87486737.0,-0.0757014155387878,0.244339605,0.5314160517142857,0.22424435285714286
2021-03-22,0.4676,0.452,0.4676,0.4502,41710849.0,-0.4159539427076067,0.08595649550000001,0.4210513616666667,0.4929921373333333
2021-03-23,0.4526,0.4483,0.455,0.44,40526738.0,-0.5888153115908304,0.07993012783333332,0.32554059533333335,0.5945292905
2021-03-24,0.445,0.4604,0.462,0.4347,32427028.0,-0.8966623544692993,0.0156930845,0.08764441125,0.8966624675
2021-03-25,0.46,0.4468,0.4603,0.438,37101009.0,0.356579174598058,0.5641233756666667,0.31800085716666665,0.1178757495
2021-03-26,0.4533,0.448,0.4585,0.4465,32558898.0,0.0229539956365312,0.3289837364285714,0.3850835031428571,0.2859327462857143
2021-03-29,0.4482,0.4499,0.458,0.442,24476793.0,-0.0143442034721374,0.3896543506,0.19839242880000002,0.41195323000000006
2021-03-30,0.455,0.4744,0.4745,0.453,38473521.0,0.2893103361129761,0.302513462,0.6406974200000001,0.056789114333333335
2021-03-31,0.4713,0.456,0.4718,0.4551,40345950.0,0.4586494820458548,0.6042531894285714,0.29016758342857146,0.10557921428571428
2021-04-01,0.4591,0.4553,0.4591,0.4445,30084389.0,-0.2694045106569926,0.2871941771666667,0.16562513166666668,0.547180669
2021-04-06,0.463,0.4656,0.4778,0.4581,44336977.0,0.9447723478078842,0.94477236,0.023975825,0.031251823
2021-04-07,0.465,0.4673,0.4705,0.4626,22517116.0,-0.1427228252092997,0.1998257016666667,0.47815149133333334,0.32202282183333336
2021-04-08,0.4662,0.4607,0.4695,0.4536,30800345.0,0.2494797905286153,0.5785467623333334,0.081046483,0.34040679366666665
2021-04-09,0.4607,0.46,0.4644,0.4512,35703383.0,0.02552011013031,0.43293423940000003,0.2067995704,0.3602661638
2021-04-12,0.4587,0.47,0.4745,0.4503,34506495.0,-0.3373050987720489,0.1879310515,0.22593399600000003,0.5861349714999999
2021-04-13,0.4701,0.4697,0.4782,0.4607,30266899.0,0.4556739926338196,0.701866433,0.02997224025,0.268161362
2021-04-14,0.4671,0.4719,0.4736,0.4644,21316450.0,0.0,0.02321341,0.94876766,0.028018974
2021-04-15,0.4716,0.4582,0.473,0.4572,27866302.0,0.2149475067853927,0.47231287625,0.26022196275000004,0.26746518225
2021-04-16,0.4608,0.4653,0.4678,0.4586,22188538.0,0.0774485043116978,0.34753756199999997,0.44447897799999997,0.20798347871428574
2021-04-19,0.4653,0.4767,0.4797,0.4621,35412137.0,0.0322458491969711,0.2678539387159152,0.6071720588724866,0.12497401640225729
2021-04-20,0.4762,0.457,0.4762,0.4556,30291719.0,0.19770649002643,0.40306870345349866,0.5069499410051861,0.08998135708809722
2021-04-21,0.4607,0.4578,0.4683,0.4461,31588761.0,0.5738304268000747,0.7531818562127506,0.1438126243980985,0.1030055007718056
2021-04-22,0.4597,0.458,0.4597,0.4492,27145798.0,0.8649594354220425,1.04459252448028,0.0,0.1465936969929963
2021-04-23,0.4544,0.4592,0.4622,0.4516,17362681.0,0.7754352917964711,1.0036998357426967,0.0,0.20329319529128334
2021-04-26,0.4587,0.4716,0.4726,0.4527,30043878.0,0.3052579959233601,0.63050379,0.09639220500000001,0.27310399566666665
2021-04-27,0.4681,0.4757,0.4788,0.4652,24904842.0,-0.3232782840728759,0.10277819159999999,0.5601504364000001,0.3370713874
2021-04-28,0.4764,0.492,0.4933,0.4721,54648467.0,-0.1152894099553426,0.24642908733333332,0.41209583466666666,0.3414750632222222
2021-04-29,0.4943,0.485,0.4971,0.4842,35311899.0,-0.4853968024253845,0.035244216,0.47228431125000003,0.492471498
2021-04-30,0.49,0.5274,0.529,0.4874,111247189.0,0.2524274775856419,0.44853182666842106,0.3792054,0.17226276810526314
2021-05-03,0.53,0.551,0.56,0.52,59848361.0,0.435740406696613,0.48159538325,0.48489593825,0.03350867370833333
2021-05-04,0.5538,0.5682,0.5798,0.5526,61917444.0,0.2007805307706197,0.44832328899999996,0.41700579711111113,0.13467090322222222
2021-05-05,0.5828,0.5818,0.588,0.56,64850742.0,0.2881292223930359,0.43010935530000005,0.42335207410000003,0.1465385728
2021-05-06,0.5828,0.6008,0.6018,0.581,45224654.0,0.4139878153800964,0.5073023137142857,0.46120899214285715,0.03148869571428571
2021-05-07,0.6098,0.6116,0.625,0.595,57530305.0,0.3010699417856004,0.46554228666666664,0.5038326721111112,0.030625027888888892
2021-05-10,0.6234,0.663,0.6654,0.6222,70999675.0,0.2500904666052924,0.4026202696666667,0.45972836100000003,0.13765137177777775
2021-05-11,0.6526,0.6618,0.6666,0.6444,50103757.0,0.3620293855667114,0.5086277864,0.46379393139999997,0.02757827575
2021-05-12,0.6634,0.6674,0.6768,0.6464,44991272.0,0.4414050579071045,0.501064875,0.46523264228571426,0.03370248171428571
2021-05-13,0.6608,0.6676,0.671,0.6518,31643687.0,-0.0972569435834884,0.281460952125,0.484852237875,0.233686822175
2021-05-14,0.6742,0.681,0.684,0.672,34553309.0,0.492015140397208,0.5621677820000001,0.40482304342857145,0.033009171
2021-05-17,0.6762,0.656,0.6816,0.654,41952195.0,-0.0176192311679615,0.19010829311764707,0.6361104932352941,0.17378121788235293
2021-05-18,0.666,0.6392,0.675,0.636,41156649.0,-0.015830839673678,0.19405979808333332,0.5933239556666666,0.21261626125
2021-05-19,0.6302,0.6318,0.6482,0.58,48796428.0,-0.1791009128093719,0.20353201580000002,0.441246599,0.3552213896
2021-05-20,0.6378,0.6372,0.6458,0.621,23294883.0,-0.1629452797082754,0.2145757478076923,0.42765463638461537,0.3577695973076923
2021-05-21,0.636,0.6524,0.657,0.6328,29099841.0,0.1843043476343155,0.3696890422,0.5233456223,0.1069653308
2021-05-24,0.6492,0.6342,0.653,0.626,24243959.0,0.065221793949604,0.136726259875,0.82516871875,0.038105026875
2021-05-25,0.6406,0.651,0.6554,0.634,30404394.0,-0.125792771577835,0.23770662775,0.4948402825,0.267453094
2021-05-26,0.65,0.6534,0.6534,0.6274,34167543.0,0.0838619569937388,0.2880270565,0.5184333275,0.19353963500000002
2021-05-27,0.6496,0.6754,0.6794,0.6466,55885597.0,0.1927007299203139,0.3089658106153846,0.6706751638461538,0.020359027307692307
2021-05-28,0.68,0.6312,0.681,0.626,79981683.0,-0.0126229286193847,0.2138597769,0.6888976212,0.0972426056
2021-05-31,0.6372,0.6268,0.6384,0.623,23816672.0,-0.4161368608474731,0.07673442721428571,0.49526035757142856,0.4280052361428571
2021-06-01,0.633,0.6428,0.645,0.6268,26257096.0,0.6854881167411804,0.69921017,0.28156483000000004,0.019224976125
2021-06-02,0.6428,0.6408,0.649,0.6346,24253169.0,0.1084176540374755,0.3369698182,0.4443236768,0.2187064807
2021-06-03,0.6488,0.657,0.6578,0.6412,32399786.0,0.1638798897082989,0.2777996914615385,0.6043719556923077,0.11782836046153845
2021-06-04,0.6534,0.6348,0.658,0.6344,24950079.0,0.0626769363880157,0.21412388825,0.589336184375,0.196539904875
2021-06-07,0.64,0.6496,0.651,0.633,25944597.0,0.1958657247679574,0.344354382,0.5653619948571429,0.09028362928571429
2021-06-08,0.647,0.645,0.6568,0.6374,19449945.0,0.5161149899164835,0.6452306734444444,0.22750846877777775,0.12726085133333334
2021-06-09,0.6436,0.6356,0.6472,0.634,15140979.0,-0.2725481986999511,0.17505171544444442,0.3779203311111111,0.4470279856666667
2021-06-10,0.6366,0.6436,0.6562,0.63,28497508.0,0.2337906062602996,0.48611983375,0.25182212075,0.26205802325
2021-06-11,0.6434,0.64,0.6446,0.6354,18093277.0,-0.2885560095310211,0.14285947040000002,0.36389447669999997,0.4932460592
2021-06-14,0.64,0.6404,0.647,0.636,17116266.0,-0.31761101881663,0.03318622833333334,0.6066466856666667,0.3601670776666666
2021-06-15,0.643,0.6372,0.643,0.6296,18844863.0,-0.1993309378623962,0.212186072,0.38339787750000004,0.4044160188
2021-06-16,0.6386,0.6096,0.639,0.6076,39682961.0,-0.4871825575828552,0.016521314375,0.478980718,0.5044979965
2021-06-17,0.6174,0.6022,0.63,0.6022,36680026.0,-0.6454762816429138,0.055149933500000005,0.24732478983333336,0.6975252821666666
2021-06-18,0.6,0.5886,0.6032,0.5852,68972825.0,-0.6945909602301461,0.05069905807142857,0.21595571314285714,0.733345225
2021-06-21,0.581,0.591,0.591,0.565,32230529.0,-0.1092929542064666,0.21748472590000004,0.43819579399999997,0.3443194823
2021-06-22,0.6,0.5946,0.6002,0.5868,28775533.0,0.3432025909423828,0.4884650025,0.334621171625,0.17691382725
2021-06-23,0.599,0.5922,0.6016,0.5878,15251090.0,0.2353358219067255,0.390395776,0.4787121266666667,0.13089210716666666
2021-06-24,0.599,0.5972,0.6078,0.5916,18513291.0,-0.0847346385320027,0.30102179116666666,0.3770185158333333,0.3219596926666667
2021-06-25,0.595,0.6012,0.6016,0.5908,14686153.0,0.4691054224967956,0.48089441349999995,0.482431079,0.036674506
2021-06-28,0.6,0.577,0.6018,0.576,26911322.0,0.1731594800949096,0.427517334,0.31296443375,0.25951821325
2021-06-29,0.5746,0.5742,0.5904,0.5702,26484511.0,-0.2610987722873688,0.235078256875,0.262233454125,0.5026883052
2021-06-30,0.57,0.5742,0.5774,0.5638,25344379.0,-0.3998005092144012,0.2173328155,0.15594456912500002,0.62672260325
2021-07-01,0.576,0.5804,0.592,0.5736,17801775.0,-0.0103396375974019,0.11237708085714286,0.8158847663809523,0.07173816523809523
2021-07-02,0.58,0.5646,0.5824,0.5622,20426461.0,1.5312975103204902e-05,0.1035775464090909,0.8256710302727274,0.07075142213636364
2021-07-05,0.5642,0.5828,0.5836,0.5636,18546887.0,-0.330803374449412,0.3248950286666667,0.018682593166666667,0.6564223646666667
2021-07-06,0.5802,0.5506,0.5814,0.547,27877244.0,-0.0021337643265724,0.21064352475,0.62430113325,0.1650553185
2021-07-07,0.5588,0.5604,0.568,0.5532,21697734.0,0.0,0.049081461,0.9305202566666667,0.02039829933333333
2021-07-08,0.55,0.5414,0.55,0.5362,33694611.0,-0.4742059012254079,0.044351466083333325,0.41964309299999997,0.5360054306666667
2021-07-09,0.547,0.5676,0.5686,0.5428,24954670.0,-0.1652562419573466,0.22310737,0.59733516,0.17955744366666668
2021-07-12,0.5714,0.5708,0.5732,0.5546,16364065.0,0.9334796667099,0.9334795300000001,0.0369789415,0.029541486
2021-07-13,0.572,0.5452,0.5726,0.5434,21133121.0,0.3749830603599548,0.4104192478,0.5627862534,0.026794478
2021-07-14,0.5454,0.5468,0.5586,0.5392,20406079.0,0.3112792372703552,0.3348093863333333,0.6284961046666666,0.036694473666666665
2021-07-15,0.5438,0.5494,0.5508,0.533,19884336.0,-0.0024069462503705,0.1271730815,0.7785633180714286,0.09426360457142857
2021-07-16,0.55,0.5272,0.557,0.5228,26907100.0,-0.6126694083213806,0.05085103157142857,0.32705633542857143,0.6220926218571429
2021-07-19,0.517,0.5066,0.5206,0.497,36783414.0,-0.9623712201913198,0.019213866833333332,0.018414956333333333,0.962371215
2021-07-20,0.512,0.5126,0.519,0.5006,22356028.0,0.1748084690835741,0.4031849164444445,0.31576358555555556,0.2810515216666667
2021-07-21,0.5168,0.534,0.537,0.5092,19971052.0,0.6480626583099365,0.6578881277999999,0.3121286471,0.0299832356
2021-07-22,0.5396,0.5226,0.5408,0.5212,19630068.0,0.1216613584094577,0.22752429477777777,0.6545479611111111,0.11792776216666666
2021-07-23,0.527,0.5352,0.5448,0.5254,24058167.0,0.2515261173248291,0.44782462483333335,0.2642047645,0.28797059166666666
2021-07-26,0.53,0.5572,0.5572,0.525,27194205.0,0.3669957995414734,0.570225604,0.209333801,0.2204405578
2021-07-27,0.56,0.5588,0.5626,0.5464,24794111.0,0.2862271964550018,0.45938897900000003,0.3610709758333333,0.1795400435
2021-07-28,0.5652,0.5602,0.576,0.554,27546006.0,0.4367506504058838,0.559250791625,0.299589955875,0.141159261125
2021-07-29,0.584,0.5778,0.6068,0.5684,56909702.0,0.3494187156359354,0.4065465018666667,0.5585637126666666,0.03488978186666667
2021-07-30,0.576,0.5864,0.589,0.569,35359944.0,-0.0882165630658467,0.22650088783333333,0.45955708683333335,0.3139420065
2021-08-02,0.5828,0.587,0.6056,0.5828,27562096.0,0.198102229171329,0.27929018375,0.683732278875,0.036977506625
2021-08-03,0.598,0.5942,0.6034,0.5846,19515483.0,0.2885611255963643,0.4774369802222222,0.39112493688888894,0.13143808933333334
2021-08-04,0.599,0.5876,0.599,0.5702,23681087.0,-0.0405450999736785,0.28539103450000003,0.40750238980000003,0.30710657069999997
2021-08-05,0.5852,0.599,0.6,0.58,18405158.0,-0.1552849411964416,0.32830435825,0.1662872625,0.5054083233333333
2021-08-06,0.599,0.6162,0.617,0.5914,29415056.0,0.7669178247451782,0.7745878755,0.19078605333333332,0.03462603816666667
2021-08-09,0.6194,0.6164,0.6198,0.6068,20690599.0,0.4444487690925598,0.4603741575,0.494833783,0.044792075
2021-08-10,0.611,0.6106,0.6152,0.601,16807972.0,0.2137627452611923,0.47075437225000005,0.25100531775,0.278240311
2021-08-11,0.612,0.6182,0.6198,0.6082,19508487.0,0.4270910620689392,0.47991326075,0.49711882825,0.02296791825
2021-08-12,0.6194,0.615,0.6204,0.612,14427180.0,0.0,0.07003632933333333,0.8411645033333333,0.08879912866666667
2021-08-13,0.613,0.613,0.6204,0.608,14980961.0,-0.4016159772872925,0.19973917940000002,0.19401730099999998,0.60624352
2021-08-16,0.6096,0.6032,0.6152,0.601,15342278.0,-0.7290040254592896,0.014919550125,0.248994586,0.73608588075
2021-08-17,0.6,0.585,0.6,0.585,20991704.0,-0.4844138547778129,0.031452712125,0.451923227375,0.51662404625
2021-08-18,0.5854,0.6016,0.6016,0.5854,17063691.0,-0.0108594059944152,0.20734809000000004,0.600631624,0.1920202572
2021-08-19,0.585,0.5874,0.5998,0.5824,17546964.0,0.0077295958995819,0.28288000255555557,0.385747022,0.3313729496666667
2021-08-20,0.5884,0.583,0.59,0.5732,16510569.0,-0.8121316688401359,0.017038859785714285,0.15106879807142856,0.8318923414285714
2021-08-23,0.59,0.5902,0.592,0.5844,12372516.0,0.303256611029307,0.6331964656666667,0.03135074066666666,0.3354527586666667
2021-08-24,0.5906,0.5898,0.5914,0.5814,15480652.0,0.0,0.08100317633333333,0.8374335433333333,0.081563337
2021-08-25,0.5892,0.6136,0.6148,0.5874,24500153.0,0.0,0.06619955725,0.90822855,0.02557191
2021-08-26,0.6092,0.609,0.6242,0.604,19995337.0,0.3150624533494313,0.36784546,0.6056099843333334,0.026544557666666666
2021-08-27,0.6092,0.613,0.613,0.602,10060776.0,-0.3241885801156361,0.07102744741666667,0.5701071155,0.3588654448333333
2021-08-30,0.614,0.604,0.6162,0.601,10286827.0,-0.0023752450942993,0.196134011,0.6140636662857143,0.18980231285714286
2021-08-31,0.6044,0.606,0.61,0.596,18924375.0,0.0217234747750418,0.2962615832857143,0.43541798528571424,0.2683204317142857
2021-09-01,0.612,0.619,0.6218,0.6102,19450521.0,0.8032406057630267,0.8376021383333333,0.09474908933333333,0.0676488075
2021-09-02,0.614,0.6126,0.6196,0.608,12758052.0,-0.5208503119647503,0.06734582796875,0.393617428375,0.5390367376875
2021-09-03,0.61,0.5986,0.6148,0.5986,16269511.0,-0.1393018364906311,0.352657328,0.155725983,0.49161669225
2021-09-06,0.604,0.601,0.6052,0.5952,10167218.0,0.3715829968452454,0.4231310218,0.5223675090000001,0.05450149
2021-09-07,0.6,0.6046,0.608,0.5978,13243352.0,-0.1171826124191284,0.32356160283571433,0.2704064826428571,0.40603191492857144
2021-09-08,0.5972,0.5846,0.5972,0.5836,20761987.0,-0.1945274710655212,0.21038720420000004,0.3456079284,0.44400489500000007
2021-09-09,0.5812,0.5888,0.5966,0.5746,17879730.0,0.2024273991584778,0.4839884580666667,0.2019470454,0.3140645040666667
2021-09-10,0.5918,0.5828,0.599,0.5806,15693120.0,0.0874659195542335,0.258279285375,0.57705019525,0.164670536
2021-09-13,0.5872,0.6008,0.6016,0.5824,16879144.0,0.0117505590120951,0.3353893323333333,0.28510796,0.3795027326666667
2021-09-14,0.5984,0.5958,0.6078,0.5954,21632232.0,0.461746871471405,0.4781136078333333,0.49292250183333336,0.028963847166666667
2021-09-15,0.5938,0.6042,0.6076,0.5918,21535610.0,0.3445733586947123,0.5126824371666666,0.31856619049999996,0.16875136966666668
2021-09-16,0.6078,0.62,0.6228,0.6066,30582308.0,0.4587196931242943,0.502748492375,0.451774312625,0.045477191125
2021-09-17,0.623,0.6388,0.647,0.623,69914829.0,0.612147245142195,0.6511452282222222,0.32559100622222226,0.023263739777777778
2021-09-20,0.621,0.6154,0.624,0.6006,36046201.0,-0.4790273209412892,0.171213698,0.1926233635,0.6361629299999999
2021-09-21,0.62,0.6162,0.63,0.6092,32831265.0,-0.1861033548008311,0.2660095997909091,0.24682499518181816,0.48716542300000004
2021-09-22,0.6256,0.6502,0.6554,0.623,47413476.0,0.2865773178637028,0.4317870745,0.485257174375,0.082955767
2021-09-23,0.6538,0.6616,0.6626,0.642,30366370.0,0.4157634810967879,0.5332804566363637,0.3516631543636364,0.11505639072727272
2021-09-24,0.66,0.6654,0.668,0.6488,25218353.0,0.6083590586980184,0.6489812553333333,0.31723381300000003,0.03378496083333333
2021-09-27,0.67,0.715,0.715,0.6684,53198918.0,0.4806828081607818,0.616797339,0.2684059895,0.1147966583
2021-09-28,0.7146,0.701,0.7308,0.701,39348786.0,0.5603467490937974,0.6167583977777777,0.356010017,0.027231571666666666
2021-09-29,0.7056,0.7266,0.733,0.7054,39379533.0,0.3680808186531067,0.5149912763,0.3887320684,0.09627665690000001
2021-09-30,0.735,0.7256,0.7434,0.7118,29741645.0,0.0565186440944671,0.3372225231875,0.370711344,0.29206613875
2021-10-01,0.7088,0.7094,0.7258,0.701,26137523.0,-0.2807601775441851,0.1937211595,0.3774549175714285,0.42882389942857146
2021-10-04,0.7096,0.7078,0.7218,0.6954,21328048.0,-0.0058851937452952,0.18015420566666665,0.6371820971666667,0.18266370266666665
2021-10-05,0.71,0.7276,0.728,0.7092,24252943.0,0.112001085281372,0.32391590277777776,0.5881721644444444,0.08791192466666667
2021-10-06,0.7254,0.7212,0.7304,0.707,27500101.0,0.129672494801608,0.3440347299090909,0.46228916481818183,0.193676101
2021-10-07,0.73,0.719,0.7348,0.7146,25664868.0,-0.3496842554637364,0.18968945385714284,0.31693647399999997,0.4933740758571429
2021-10-08,0.7182,0.7196,0.733,0.715,22063661.0,0.0263177887959913,0.1298070793,0.8044386619999999,0.06575426105
2021-10-11,0.709,0.7068,0.7238,0.7046,20653673.0,0.2233282625675201,0.487780890875,0.24724529874999998,0.26497383775
2021-10-12,0.698,0.7172,0.7178,0.685,24506762.0,-0.2028226733207702,0.2711913652,0.32018537620000004,0.40862325239999997
2021-10-13,0.71,0.6666,0.7142,0.662,49535977.0,-0.2104403045442369,0.145181068,0.569411822,0.285407108875
2021-10-14,0.679,0.6708,0.6812,0.669,22233616.0,0.0658505233851346,0.3452708863636364,0.36792841081818184,0.2868006680909091
2021-10-15,0.6798,0.6728,0.681,0.6704,23246838.0,0.0754515180985132,0.41130608125,0.2682911149166667,0.32040281091666667
2021-10-18,0.6716,0.6694,0.6754,0.6568,17629883.0,-0.0047413706779479,0.2289983898,0.5670334078,0.20396818020000002
2021-10-19,0.67,0.6692,0.6812,0.665,13183971.0,-0.1569803101675851,0.2756944415714286,0.2764985224285715,0.4478070541428571
2021-10-20,0.6664,0.6694,0.6744,0.6592,14801839.0,-0.1798292615196921,0.2778781905,0.28933237181818183,0.43278942927272723
2021-10-21,0.6638,0.6464,0.6638,0.6458,22596908.0,-0.0250348349412282,0.32370932841666666,0.3176928806666666,0.3585978088333333
2021-10-22,0.65,0.654,0.6612,0.642,15083508.0,0.6150573293368021,0.6776746066666667,0.2916010643333333,0.030724334500000002
2021-10-25,0.6576,0.672,0.6908,0.6552,37453189.0,0.1720556378364563,0.3868237424,0.38020786160000003,0.2329684098
2021-10-26,0.671,0.667,0.6754,0.6604,15848782.0,-0.4796260148286819,0.0329128625,0.460292141,0.506795004
2021-10-27,0.6656,0.6548,0.6676,0.6506,19083809.0,-0.3878660678863525,0.023884545599999998,0.5580185303999999,0.4180969512
2021-10-28,0.6534,0.684,0.6874,0.6516,31124475.0,0.1295705863407679,0.3152794139,0.524766426,0.15995415948
2021-10-29,0.69,0.6964,0.714,0.6822,43835528.0,0.8080102875828743,0.812266385625,0.1575195495,0.03021408225
2021-11-01,0.7054,0.699,0.7184,0.697,25742059.0,0.6842479854822159,0.700018479375,0.265595462375,0.034386051875000004
2021-11-02,0.697,0.6874,0.7014,0.6818,19904211.0,0.1735011637210846,0.33975391309999997,0.5059216675,0.1543244234
2021-11-03,0.6888,0.6894,0.6906,0.6788,16486855.0,-0.6497023304303488,0.014894310666666667,0.3243497693333333,0.66075593
2021-11-04,0.6974,0.6696,0.699,0.665,24327254.0,-0.4470680256684621,0.06259415316666667,0.44765475683333333,0.4897510801666667
2021-11-05,0.6696,0.6734,0.68,0.6658,18160742.0,0.0471872448921203,0.3997569238,0.2548646442,0.34537841360000004
2021-11-08,0.6758,0.6694,0.6766,0.6636,15184766.0,-0.1339108645915985,0.28259395575,0.3382986565,0.37910739125
2021-11-09,0.675,0.6702,0.6836,0.6662,16623686.0,0.2045109719038009,0.4609532045,0.27076292275,0.268283843125
2021-11-10,0.6706,0.6808,0.6834,0.6678,15902798.0,0.689000278711319,0.695946073,0.26239274625,0.0416611975
2021-11-11,0.6818,0.6808,0.6926,0.674,20213696.0,0.2972873449325561,0.35080009599999995,0.588881004,0.06031887179999999
2021-11-12,0.6812,0.6794,0.6844,0.6722,13632646.0,0.0967446735927036,0.42999618900000003,0.2784107318571429,0.2915930617714286
2021-11-15,0.672,0.687,0.6922,0.6668,19690866.0,0.0842025365148271,0.3518809571428571,0.35600732057142853,0.29211173064285717
2021-11-16,0.6842,0.653,0.6868,0.6524,36283501.0,-0.156642198562622,0.16628797733333334,0.6589897618333334,0.17472227650000002
2021-11-17,0.656,0.6442,0.6602,0.639,20283714.0,-0.2304700091481208,0.1550794551875,0.46328765112500003,0.38163289275
2021-11-18,0.6436,0.6342,0.6486,0.6282,16943215.0,-0.3242779440350002,0.06441088794444444,0.5613883433333333,0.3742007935555556
2021-11-19,0.642,0.609,0.6474,0.6074,31227794.0,-0.5845394372940064,0.0403198365,0.33771359739999995,0.6219665474
2021-11-22,0.6124,0.6258,0.6294,0.6112,17155143.0,-0.132009873787562,0.21214180666666668,0.41174213750000005,0.3761160416666667
2021-11-23,0.6206,0.6362,0.6458,0.618,15563711.0,0.2364891320466995,0.33399545375,0.61960670575,0.04639784275
2021-11-24,0.636,0.6314,0.647,0.6306,13572139.0,0.5345349141529628,0.5504481747142858,0.42084932942857145,0.02870249257142857
2021-11-25,0.6346,0.6272,0.6352,0.622,11705320.0,-0.3294586688280105,0.15836163325,0.3573379195,0.48430044349999996
2021-11-26,0.599,0.589,0.6064,0.581,46218426.0,-0.3226633071899414,0.05341965816666667,0.60408136,0.34249897455555556
2021-11-29,0.6024,0.593,0.6138,0.592,27302779.0,-0.43245530128479,0.049704186,0.4125031825,0.5377926350000001
2021-11-30,0.587,0.5964,0.6096,0.5826,36660815.0,-0.3550944924354553,0.2911353073333333,0.0820597765,0.6268049362666667
2021-12-01,0.5962,0.601,0.6072,0.5956,26612172.0,0.1275672763586044,0.405174037,0.26257926575,0.332246727
2021-12-02,0.592,0.5984,0.6024,0.5876,20580329.0,0.0034450531005859,0.3914325624,0.16914487420000002,0.43942254719999996
2021-12-03,0.6016,0.581,0.6024,0.5704,30808284.0,-0.1952303250630696,0.161511829,0.4581892541666666,0.38029893150000005
2021-12-06,0.5904,0.6036,0.606,0.5862,17215037.0,0.409266197681427,0.5987445812,0.1730616482,0.22819376340000003
2021-12-07,0.61,0.603,0.612,0.594,24900005.0,0.2934625347455342,0.320270174,0.6428579520000001,0.03687185266666667
2021-12-08,0.6022,0.5944,0.604,0.5874,20533256.0,-0.4874188899993896,0.018154465,0.47824536475,0.503600179
2021-12-09,0.592,0.597,0.6034,0.5902,18243366.0,0.7044488489627838,0.710459411,0.26043710175,0.02910350425
2021-12-10,0.592,0.5894,0.5978,0.5868,13089105.0,0.008101612329483,0.283753277,0.407833909,0.3084128135
2021-12-13,0.5938,0.5786,0.5956,0.5754,17332025.0,-0.6393601468631199,0.13210103057142858,0.1527845962857143,0.7151143557142857
2021-12-14,0.579,0.5942,0.597,0.5726,23218377.0,0.1713274002075195,0.37224813,0.4002142242000001,0.22753763339999997
2021-12-15,0.5906,0.581,0.5944,0.578,19410482.0,0.0,0.048020612500000004,0.8115636625,0.14041569525
2021-12-16,0.59,0.5882,0.6206,0.5824,33731517.0,0.3347264130910237,0.5279883883333333,0.2503526093333333,0.2216589955
2021-12-17,0.583,0.5608,0.5882,0.5504,45100753.0,-0.1124424338340759,0.18086807,0.5704371933333333,0.24869476944444444
2021-12-20,0.5382,0.5532,0.56,0.533,31308336.0,-0.3665002882480621,0.13890997800000002,0.380269635375,0.480820409375
2021-12-21,0.5626,0.572,0.5736,0.5538,22171355.0,-0.0545215776988438,0.36148564599999994,0.2131215617142857,0.42539281514285715
2021-12-22,0.568,0.5786,0.5808,0.5676,16078955.0,0.4713852107524872,0.562444215,0.41798546000000003,0.019570325
2021-12-23,0.5794,0.589,0.5946,0.5794,16056794.0,0.0,0.024836011,0.9390986,0.036065422
2021-12-27,0.5846,0.5936,0.5938,0.5808,13423185.0,0.6548834562301635,0.65987209,0.31372360219999995,0.0264043246
2021-12-28,0.595,0.5936,0.6014,0.59,12330214.0,0.8706856071949005,0.8706849225,0.062072456,0.06724259575
2021-12-29,0.591,0.5936,0.5958,0.5826,16235170.0,0.8717571198940277,0.871757125,0.037836965,0.09040590500000001
2021-12-30,0.59,0.5918,0.5946,0.5878,14101234.0,0.2732136026024818,0.4069218705,0.42201100375,0.171067126875
2022-01-03,0.5982,0.598,0.6034,0.592,14693745.0,0.174077832698822,0.3837866912,0.364819104,0.25139418999999996
2022-01-04,0.603,0.6164,0.6218,0.598,33800575.0,0.7315574407577514,0.7364244694,0.2300550998,0.0335204174
2022-01-05,0.6178,0.6202,0.6312,0.6128,21449840.0,0.468758076429367,0.556164433,0.413871606,0.029963950500000003
2022-01-06,0.6154,0.6394,0.6398,0.6104,21551623.0,0.5504051446914673,0.593286278375,0.3682270215,0.03848672575
2022-01-07,0.6442,0.6584,0.6584,0.6386,25623383.0,0.6493757102224562,0.6688350156666667,0.29300735333333333,0.03815760966666667
2022-01-10,0.6648,0.662,0.6688,0.6588,23182323.0,0.7074687991823468,0.7376057642857142,0.21201723,0.05037700642857142
2022-01-11,0.66,0.6612,0.6622,0.6504,30577568.0,0.2358223284993852,0.414919421,0.4054425997142857,0.17963796557142858
2022-01-12,0.6634,0.6578,0.6664,0.6528,23160878.0,-0.7195843160152435,0.05398539275,0.22104355225,0.7249710695
2022-01-13,0.6564,0.663,0.671,0.6522,23835687.0,0.500221848487854,0.5975874588888889,0.37573466466666666,0.026677875
2022-01-14,0.6594,0.6612,0.6668,0.655,20473268.0,-0.0333787649869918,0.230024205,0.48907764374999996,0.28089811574999995
2022-01-17,0.671,0.691,0.6998,0.671,37209153.0,0.1856057246526082,0.3486854718888889,0.5168600796666667,0.13445447833333335
2022-01-18,0.6896,0.6912,0.7012,0.6834,23694379.0,0.4989308498122475,0.5938173004,0.3814150428,0.0247676647
2022-01-19,0.6888,0.6562,0.6918,0.6536,45894171.0,-0.1128594055771827,0.191007294125,0.5527019224999999,0.25629077237500003
2022-01-20,0.656,0.6488,0.6624,0.6454,25161811.0,-0.5822599291801452,0.0353422367,0.3490664248,0.6155913546
2022-01-21,0.6406,0.6416,0.65,0.632,26436375.0,-0.4870137870311737,0.017631713,0.4752179265,0.5071503685
2022-01-24,0.6376,0.613,0.6418,0.6086,29301212.0,-0.5631528273224831,0.1479090924375,0.156061238,0.6960296675
2022-01-25,0.6186,0.6348,0.639,0.614,36788609.0,0.0955671800507439,0.2963103744444444,0.5710362176666667,0.13265341283333332
2022-01-26,0.64,0.6534,0.66,0.64,34611094.0,0.5820242986083031,0.60180440525,0.3570224545,0.04117317175
2022-01-27,0.6656,0.6688,0.7,0.6616,90439614.0,0.3255798369646072,0.38515487188888886,0.5554688975555555,0.05937623755555556
2022-01-28,0.6712,0.6812,0.6812,0.6538,35426218.0,-0.1133347021208869,0.23238871483333334,0.575080705,0.1925305608333333
2022-01-31,0.6864,0.6874,0.692,0.6592,48735810.0,-0.003767933164324,0.2080462182857143,0.6240170991428571,0.16793669328571428
2022-02-01,0.6954,0.7286,0.729,0.692,62751875.0,0.3242801702939547,0.43501052169230764,0.5189568397692308,0.04603265230769231
2022-02-02,0.73,0.737,0.7466,0.7152,43875610.0,0.5768665671348572,0.6127963498461538,0.3571505975384615,0.03005307184615385
2022-02-03,0.725,0.781,0.781,0.72,64131542.0,0.5186050832271576,0.6137886690000001,0.34790629630000003,0.0383050489
2022-02-04,0.792,0.8364,0.8428,0.7888,97156050.0,0.2578756958246231,0.43095647849999996,0.45003414208333337,0.11900936566666666
2022-02-07,0.8402,0.8496,0.86,0.818,63580127.0,0.2968842106607084,0.456057040564167,0.44398464113208924,0.09995830886197996
2022-02-08,0.861,0.913,0.915,0.861,78441921.0,0.436235500233514,0.5331284365714286,0.42973127692857144,0.037140287
2022-02-09,0.919,0.933,0.933,0.8988,67666886.0,0.4309659972786903,0.493897477375,0.4746522345,0.031450274875
2022-02-10,0.925,0.9386,0.95,0.92,62625690.0,0.4603627094855675,0.5866867992307692,0.3061034716923077,0.10720971738461539
2022-02-11,0.9306,0.9432,0.9484,0.9222,48392926.0,0.3019029100735982,0.42160167333333337,0.5364400163333333,0.04195829983333333
2022-02-14,0.9036,0.905,0.9262,0.88,62629236.0,-0.0153137337077747,0.23764720390909091,0.5261376779090909,0.2362150937272727
2022-02-15,0.905,0.9152,0.9298,0.8992,39332575.0,0.4383262606228099,0.5195387338125,0.385463018375,0.0949982453125
2022-02-16,0.926,0.9034,0.937,0.8934,36398635.0,0.118910399350253,0.43655031072727274,0.29500373054545453,0.26844597005454546
2022-02-17,0.9046,0.8904,0.9122,0.8816,27916290.0,-0.2660549640655517,0.1045708581,0.5823518189,0.3130773174
2022-02-18,0.895,0.9044,0.926,0.891,38322575.0,-0.2794924054414716,0.15850564002656453,0.45376513538815744,0.3877292183155241
2022-02-21,0.9044,0.8818,0.9218,0.8806,23835689.0,-0.0603665808836619,0.3614168425,0.2535843225,0.3849988416666667
2022-02-22,0.851,0.866,0.8832,0.8402,39981693.0,0.1086750030517578,0.3697144525,0.39031249300000004,0.23997307315454544
2022-02-23,0.871,0.836,0.8794,0.8318,39229406.0,-0.2793725430965423,0.17632290400000003,0.3969417046666666,0.4267354033333333
2022-02-24,0.77,0.7774,0.819,0.7558,89691356.0,-0.5975032286210493,0.043233732,0.3376740709090909,0.619092202
2022-02-25,0.786,0.8158,0.827,0.764,63550708.0,0.2277326318952772,0.4071577371111111,0.44810365188888884,0.14473862555555556
2022-02-28,0.7828,0.7748,0.7942,0.763,60672472.0,0.1316375136375427,0.195540178,0.788889245,0.0155705745
2022-03-01,0.7796,0.7214,0.7948,0.7214,59096890.0,0.0,0.08049540150000001,0.79944461,0.120059991
2022-03-02,0.7078,0.7322,0.7446,0.7016,48083792.0,0.0773523300886154,0.304069509,0.4922458451666667,0.20368464964166666
2022-03-03,0.7412,0.7018,0.742,0.698,48187620.0,-0.106755687130822,0.260078521125,0.247428269375,0.492493191625
2022-03-04,0.6918,0.6384,0.6946,0.6378,77220587.0,-0.205498674086162,0.23534657721428573,0.4042327917142857,0.36042062957142856
2022-03-07,0.61,0.594,0.615,0.57,106017053.0,-0.5536163970828056,0.18657759243750002,0.15938395325,0.654038445
2022-03-08,0.5748,0.6062,0.635,0.565,75741014.0,0.3621429979801178,0.48464572019999996,0.3654230239,0.1499312475
2022-03-09,0.64,0.6588,0.662,0.622,70754211.0,0.3945622529302324,0.555758192,0.27508749714285713,0.16915430114285712
2022-03-10,0.6778,0.684,0.6972,0.6408,86786768.0,0.5123569170633951,0.5385411866666667,0.4237460622222222,0.037712753611111115
2022-03-11,0.697,0.6958,0.7262,0.6756,76527366.0,0.3037483294804891,0.633974574,0.020548594,0.345476822
2022-03-14,0.7132,0.725,0.731,0.7028,52811546.0,0.2769231429466834,0.4376914209230769,0.400536965,0.16177159623076923
2022-03-15,0.7138,0.717,0.7318,0.7036,42593192.0,-0.2368868142366409,0.2670295235,0.242208370625,0.490762083
2022-03-16,0.741,0.7646,0.7754,0.7282,62867931.0,0.1886167228221893,0.3387343384166666,0.5157919865,0.145473681
2022-03-17,0.778,0.7464,0.7782,0.7316,50478081.0,-0.2680114507675171,0.23504240033333332,0.316292402,0.4486651828333333
2022-03-18,0.75,0.7382,0.7516,0.7244,45518386.0,-0.0821951519359241,0.2556407054,0.47555602334999997,0.2688032717
2022-03-21,0.74,0.7366,0.756,0.7322,27596310.0,0.0062091946601867,0.3649188953,0.3259232915,0.30915778097
2022-03-22,0.7412,0.765,0.7798,0.7412,40660764.0,0.2571787416934967,0.4702995584,0.3058617422,0.22383869819999996
2022-03-23,0.7792,0.74,0.7794,0.739,36270974.0,-0.4168912309866685,0.1736896894076923,0.24107395792307693,0.5852363502307693
2022-03-24,0.7428,0.7388,0.7494,0.7272,28105208.0,0.1040248423814773,0.3556836755,0.39012317175,0.2541931585
2022-03-25,0.731,0.7328,0.7452,0.7212,28826197.0,-0.1483196338017781,0.2172707222,0.4721618826,0.31056740833333335
2022-03-28,0.74,0.749,0.7654,0.737,32687663.0,0.9328411966562272,0.9328411725,0.04286436125,0.02429446225
2022-03-29,0.7634,0.8016,0.804,0.7512,55518643.0,0.2825989998303927,0.48225520361538465,0.3688472513846154,0.1488975365
2022-03-30,0.7786,0.7608,0.7868,0.753,39437355.0,0.2232932556759227,0.3324248766363636,0.5253383179090909,0.1422368111818182
2022-03-31,0.7796,0.7456,0.783,0.74,37054052.0,0.050031338419233,0.27940211346428573,0.5077084472142858,0.21288946075
2022-04-01,0.75,0.7514,0.7718,0.7488,25621365.0,0.4199748039245605,0.49048819292857143,0.4840936550714286,0.025418143642857143
2022-04-04,0.7522,0.7412,0.757,0.7384,23948952.0,0.1819253076206554,0.43249353527272727,0.33437797827272725,0.23312848531818178
2022-04-05,0.7412,0.7318,0.75,0.7308,24403273.0,0.0939550237222151,0.4522849598181818,0.1818214729090909,0.36589355063636364
2022-04-06,0.7348,0.6966,0.7414,0.6922,44895968.0,0.0481704335946303,0.3934779871538462,0.28029555538461537,0.32622647753846157
2022-04-07,0.7,0.712,0.7418,0.6854,44580081.0,0.6116516590118408,0.6505949338,0.2886924461,0.06071263810000001
2022-04-08,0.7256,0.7356,0.7464,0.7244,28296814.0,0.3313536465167999,0.3836969065,0.5965054981,0.019797605099999997
2022-04-11,0.741,0.7376,0.7488,0.7286,24994210.0,0.5848157405853271,0.6265059813333332,0.3513748968888889,0.022119128888888888
2022-04-12,0.7282,0.7206,0.7386,0.7158,33018404.0,0.0597095241149266,0.34156723963636365,0.39853050427272724,0.2599022682727273
2022-04-13,0.726,0.7328,0.7352,0.7204,23614076.0,0.5156344652175904,0.5264121646,0.45557367939999993,0.0180141208
2022-04-14,0.7358,0.731,0.7444,0.7296,21973836.0,0.2684929900699191,0.5020645004444444,0.2634340018888889,0.23450148533333331
2022-04-19,0.737,0.7406,0.7508,0.732,20973435.0,0.6305725971857706,0.6399950016666667,0.3336615683333333,0.026343417999999997
2022-04-20,0.7478,0.768,0.78,0.7442,34582038.0,0.1238581708499363,0.273536125,0.5881485642857143,0.13831531435714287
2022-04-21,0.78,0.8016,0.8016,0.7714,41120787.0,0.2956745674212773,0.5626162855555555,0.3017011127777778,0.13568262088888888
2022-04-22,0.7954,0.7806,0.8196,0.779,36732581.0,0.4321726390293666,0.50117164,0.47852886857142857,0.020299503
2022-04-25,0.77,0.7592,0.7794,0.7592,24477285.0,0.0649404839465492,0.4528229695,0.23262613235,0.3145509128
2022-04-26,0.779,0.708,0.78,0.707,59812497.0,-0.1607908227226951,0.2791156328181818,0.30106684300000003,0.4198175065454546
2022-04-27,0.7206,0.713,0.7246,0.699,36300114.0,0.4468553140759468,0.5112795514999999,0.45987870825,0.0288417609375
2022-04-28,0.73,0.7214,0.7528,0.7024,40781740.0,0.3978697305375879,0.47036911195238096,0.4868643623333333,0.042766536904761905
2022-04-29,0.7308,0.744,0.747,0.716,31221137.0,0.664551188548406,0.6801620213333334,0.29056942816666664,0.029268548916666665
2022-05-02,0.7332,0.7196,0.7424,0.719,24033866.0,0.2587687373161316,0.499656324,0.252059979,0.2482837062857143
2022-05-03,0.7304,0.742,0.7474,0.721,22758793.0,0.7165325731039047,0.720727172,0.25415813249999997,0.0251146710625
2022-05-04,0.7464,0.7174,0.749,0.716,25538423.0,-0.2434516416655646,0.21265785805555554,0.3420132548888889,0.4453288684444444
2022-05-05,0.74,0.6908,0.74,0.69,56295420.0,0.0999036729335784,0.36861485781250003,0.35614103975,0.275244096
2022-05-06,0.6962,0.6804,0.7,0.6666,47971490.0,-0.0110745131969451,0.190980612125,0.6582991325,0.1507202585
2022-05-09,0.682,0.6808,0.6966,0.676,24397630.0,-0.00592569510142,0.2501730066666667,0.5179495639999999,0.2318774327777778
2022-05-10,0.6964,0.7018,0.7218,0.6882,34923123.0,-0.1076711482471889,0.07541150677777778,0.799236905,0.12535159822222222
2022-05-11,0.7056,0.72,0.724,0.683,33049954.0,0.3986233643123081,0.4465703992857143,0.5360345474285715,0.017395071142857144
2022-05-12,0.7024,0.7036,0.718,0.6946,29098009.0,0.0803097307682037,0.319014244,0.46836863045,0.2126171148
2022-05-13,0.7126,0.7102,0.7178,0.705,14977829.0,-0.1467560870306832,0.2955546904285714,0.2768602507142857,0.4275850509285714
2022-05-16,0.7056,0.7058,0.7202,0.7024,13342525.0,0.2734333276748657,0.3126417788888889,0.6403148995555555,0.04704333555555555
2022-05-17,0.7178,0.7358,0.7394,0.7158,32036023.0,0.3524969816207886,0.39062880475,0.584596047,0.024775159875
2022-05-18,0.7346,0.7278,0.75,0.7278,23535537.0,0.2395758899775418,0.37555942854545454,0.5164251776363636,0.10801538654545455
2022-05-19,0.7252,0.7356,0.738,0.7172,19952234.0,0.5267902101789202,0.55657105,0.4102140592857143,0.03321487878571429
2022-05-20,0.744,0.7314,0.7504,0.7314,22843011.0,0.3900632262229919,0.44430196272727274,0.5302792390909091,0.025418792272727274
2022-05-23,0.7448,0.7752,0.7752,0.7386,37643570.0,0.4941095980730923,0.5344287922727273,0.4336690857272727,0.031902117818181815
2022-05-24,0.7666,0.791,0.8026,0.765,39849035.0,-0.0170872628688812,0.22380597230000002,0.5597842266999999,0.21640979370000002
2022-05-25,0.8038,0.8196,0.8196,0.798,44445196.0,0.3366077083807725,0.44951875684615383,0.45059534746153845,0.09988591353846155
2022-05-26,0.82,0.8514,0.8522,0.817,52026926.0,0.2950518832487218,0.42987408938235294,0.4180775712941176,0.15204832111764707
2022-05-27,0.853,0.8264,0.865,0.822,44391955.0,-0.2652775824069976,0.06857114125,0.641747195,0.2896816909
2022-05-30,0.8422,0.8416,0.8508,0.8294,25505151.0,0.0441721479098002,0.24872544333333332,0.5662794741666667,0.18499506366666665
2022-05-31,0.8414,0.833,0.85,0.826,18776104.0,-0.0006578117609024,0.27384701875,0.47583291475,0.25032010825
2022-06-01,0.8416,0.8262,0.8494,0.8262,21847228.0,-0.0121801836150033,0.16984307492857145,0.6757377841428571,0.1544191422142857
2022-06-02,0.834,0.8302,0.8386,0.8244,14017368.0,0.462947815656662,0.5042016246666666,0.470241458,0.025556944666666664
2022-06-03,0.8366,0.8222,0.8376,0.821,10771398.0,0.0791690349578857,0.3228399491111111,0.436585711,0.24057434011111115
2022-06-06,0.831,0.8504,0.857,0.828,20760729.0,-0.1947880744934082,0.0545228644,0.7378837312,0.20759342600000003
2022-06-07,0.8474,0.851,0.856,0.8452,19551545.0,-0.0117653012275695,0.19232045416666668,0.6234814901666667,0.18419805933333333
2022-06-08,0.8554,0.8366,0.857,0.836,21001633.0,-0.0591751887248112,0.1792708266153846,0.564959141,0.2557700378461539
2022-06-09,0.83,0.8458,0.8516,0.8288,26846043.0,0.2480480074882507,0.416858759,0.42452609214285714,0.158615149
2022-06-10,0.835,0.7906,0.8416,0.7882,43501356.0,-0.2781238981655666,0.04761487428571428,0.6550049835714286,0.2973801517142857
2022-06-13,0.777,0.7598,0.7822,0.75,48441379.0,-0.4414139660921963,0.12247801131818181,0.34539233309090905,0.5321296537272727
2022-06-14,0.7682,0.7578,0.7786,0.7514,23333086.0,-0.1748880495627721,0.18487704441666666,0.48020506916666666,0.33491789791666665
2022-06-15,0.7726,0.776,0.7858,0.7666,31209171.0,0.1843100236012385,0.41053993991666665,0.414535374,0.1749246924
2022-06-16,0.776,0.757,0.778,0.7514,21519558.0,0.2485770838601248,0.4151255864285714,0.42285841571428573,0.16201599242857143
2022-06-17,0.7672,0.8,0.813,0.7624,59844188.0,0.3016287634770075,0.35098516566666665,0.6248435498333333,0.024171284875
2022-06-20,0.808,0.838,0.8486,0.7966,25937572.0,0.3148197034994761,0.44038991,0.5275216548333334,0.032088471333333334
2022-06-21,0.848,0.8586,0.864,0.8426,36158953.0,0.2061986103653907,0.3997934695625,0.473425726375,0.126780790625
2022-06-22,0.8418,0.8488,0.8564,0.8272,27055221.0,-0.1981188416481018,0.1467504221,0.5504633223,0.30278625985
2022-06-23,0.843,0.808,0.8562,0.8054,37150116.0,-0.3012805978457133,0.12117445941666666,0.4899611295,0.38886440408333334
2022-06-24,0.8136,0.8066,0.817,0.7822,36118870.0,-0.25233279807227,0.07001097828571429,0.6412369827142858,0.2887520418571428
2022-06-27,0.8044,0.7854,0.813,0.7836,29467026.0,-0.1696114361286163,0.15311628026666665,0.5397249801333334,0.3071587473533333
2022-06-28,0.7968,0.7842,0.8116,0.7822,19162313.0,-0.1312787771224975,0.11850454939999999,0.6689260077,0.2125694443
2022-06-29,0.781,0.7868,0.7928,0.778,16442794.0,0.090857321023941,0.2278938611,0.6383178860000001,0.13378824095
2022-06-30,0.775,0.7606,0.7876,0.7468,31707164.0,-0.1812090602788058,0.16678881,0.4358671533,0.39734401449999995
2022-07-01,0.76,0.7604,0.797,0.7516,27773009.0,-0.1481070439020792,0.24029184056666666,0.4084414727333333,0.3512666943333333
2022-07-04,0.764,0.736,0.764,0.7312,28367454.0,-0.1212899486223856,0.14177128205555556,0.6153429396666668,0.242885783
2022-07-05,0.74,0.6956,0.745,0.6942,35719160.0,-0.2742095328867435,0.130238309875,0.5085130211875,0.361248662125
2022-07-06,0.701,0.6492,0.7054,0.6454,68839879.0,-0.2756651888291041,0.16651171566666664,0.40788834150000003,0.4255999285
2022-07-07,0.6626,0.6774,0.686,0.6586,36309314.0,0.0613533722029791,0.21965333505555554,0.642481682888889,0.13786499344444444
2022-07-08,0.6798,0.6752,0.6814,0.6564,31778152.0,-0.3660513386130333,0.1532563039125,0.338057687,0.5086860015
2022-07-11,0.661,0.661,0.667,0.6512,23413225.0,-0.1686765809853871,0.18820118536666666,0.5513745764666667,0.26042423305333334
2022-07-12,0.652,0.6118,0.654,0.575,107838046.0,-0.4421159774065017,0.03932573625,0.4743033241875,0.486370930625
2022-07-13,0.606,0.612,0.6232,0.589,49609336.0,-0.048835813999176,0.251047969,0.505632988,0.2433190313181818
2022-07-14,0.6052,0.5996,0.6204,0.5934,39923174.0,0.1887635327875614,0.4075451693333333,0.3951317805333333,0.19732305766666666
2022-07-15,0.6,0.6178,0.6216,0.5954,30681914.0,-0.0470865269502004,0.18585575773333335,0.6258168968,0.18832735166666667
2022-07-18,0.635,0.6214,0.635,0.613,35030049.0,0.2619680128991604,0.438155397625,0.41330934025,0.14853525496875
2022-07-19,0.6212,0.6608,0.6652,0.615,51623379.0,0.2114771604537964,0.36536584037500003,0.48964351375,0.144990631
2022-07-20,0.6696,0.6448,0.676,0.625,42348640.0,0.0702656924724578,0.2227634574,0.6410790975,0.1361574453
2022-07-21,0.6414,0.6618,0.6916,0.6378,53282133.0,0.2414735501462763,0.38149556527272727,0.4955430198181818,0.12296142213636364
2022-07-22,0.653,0.63,0.6698,0.6282,34937528.0,-0.1623528798421224,0.09193201108333333,0.7080917111666666,0.19997630333333336
2022-07-25,0.633,0.6534,0.66,0.6274,27130357.0,-0.0055704183048672,0.20361160444444443,0.6617102536666667,0.13467813605555556
2022-07-26,0.648,0.6532,0.6602,0.6382,26599247.0,0.1547892689704895,0.3077106097111111,0.5424258150000001,0.14986357866666666
2022-07-27,0.6606,0.6726,0.6732,0.6462,32741129.0,0.1289885554994855,0.29423830850000005,0.5414830385714285,0.16427862785714287
2022-07-28,0.689,0.6388,0.7,0.6352,57068740.0,0.3398766489255996,0.48832454514285717,0.3347567807142857,0.17691866523809524
2022-07-29,0.6546,0.6246,0.6546,0.6216,50516631.0,-0.2340348633852872,0.15363940359090908,0.4931742292727273,0.35318635145454547
2022-08-01,0.626,0.6216,0.647,0.6216,36501519.0,-0.1979762375354767,0.175401831,0.5150486936,0.3095494928
2022-08-02,0.6214,0.647,0.652,0.6214,30781784.0,-0.0062328739599748,0.1823194441818182,0.7008541747272727,0.11682638027272726
2022-08-03,0.641,0.6378,0.6452,0.6262,24522953.0,-0.2804412501198904,0.20489905442857143,0.35327215628571423,0.4418287795714286
2022-08-04,0.637,0.6326,0.65,0.63,22525696.0,-0.0881590917706489,0.170145895875,0.6100977395,0.21975637124999997
2022-08-05,0.635,0.66,0.6638,0.6344,34577896.0,-0.1389914751052856,0.15128704985714286,0.6979013578571429,0.15081157992857142
2022-08-08,0.6626,0.6638,0.6704,0.6534,23736538.0,0.1573054525587293,0.31232586577777777,0.5384923011111111,0.1491818318888889
2022-08-09,0.6618,0.665,0.6712,0.657,18093340.0,0.2207527756690979,0.367885742,0.48488212925,0.147232145875
2022-08-10,0.6672,0.6662,0.674,0.6568,28624034.0,0.3278166115283966,0.4551636521,0.41741038770000005,0.1274259675
2022-08-11,0.6718,0.6678,0.674,0.6652,13783609.0,0.3174747725327809,0.4398434844166667,0.4491143645,0.11104216341666667
2022-08-12,0.6712,0.6782,0.6822,0.669,19415547.0,0.3072629496455192,0.38892185775,0.58381904025,0.027259097625
2022-08-15,0.682,0.6714,0.682,0.663,15001100.0,-0.0730600297451019,0.1915384965,0.579033867375,0.22942764306250002
2022-08-16,0.6732,0.682,0.6866,0.6712,22094812.0,0.3627956211566925,0.48558212286,0.393502697,0.1209151729
2022-08-17,0.688,0.676,0.6936,0.6684,23200597.0,0.2068670839071273,0.3951306939666666,0.4190656701666667,0.18580365354166664
2022-08-18,0.676,0.6734,0.6832,0.6684,13561963.0,0.0016651302576065,0.16084393125,0.64769720325,0.19145887174999998
2022-08-19,0.6694,0.6484,0.67,0.6454,26517844.0,0.1459719321944496,0.3792279521818182,0.40643039981818185,0.21434163872727272
2022-08-22,0.645,0.6432,0.6454,0.632,18455308.0,-0.4019724939550672,0.11219245878571428,0.4060317765714286,0.4817757860714286
2022-08-23,0.6434,0.6526,0.6574,0.6408,15706443.0,-0.0034787853558858,0.210318959,0.6091254776666667,0.1805555605
2022-08-24,0.653,0.649,0.6564,0.6418,9075659.0,0.2236836850643158,0.31806065354545454,0.5712907813636364,0.11064857172727273
2022-08-25,0.6516,0.6382,0.656,0.6378,13827048.0,-0.0414405124528067,0.17696269714285714,0.6704466691428571,0.1525906355
2022-08-26,0.642,0.6446,0.657,0.6394,23829984.0,0.2716776072978973,0.35814931530000005,0.6181585546,0.02369212675
2022-08-29,0.6364,0.656,0.656,0.634,19563730.0,0.0799681977792219,0.3102276011818182,0.4935689425454546,0.19620346963636362
2022-08-30,0.659,0.6774,0.6918,0.658,46036478.0,0.2589480768550526,0.36984918481818185,0.6062779594545454,0.023872840045454546
2022-08-31,0.6832,0.687,0.6912,0.6704,35952391.0,0.2982573211193084,0.35155438275,0.622462799875,0.02598280675
2022-09-01,0.6792,0.6694,0.686,0.664,25396418.0,0.3349416136741638,0.381001221,0.5729686259333333,0.04603013846666667
2022-09-02,0.6716,0.6854,0.6898,0.6672,22648311.0,0.1546775102615356,0.3582944476666667,0.46474361449999996,0.1769619328333333
2022-09-05,0.6716,0.6744,0.6764,0.662,20999072.0,0.0781606468889448,0.13387233366666668,0.8444072111111111,0.021720455611111113
2022-09-06,0.6746,0.6856,0.6952,0.6704,30904123.0,0.3830739818513393,0.45185552325,0.5132269290625,0.0349175304375
2022-09-07,0.6762,0.678,0.6906,0.6626,32316420.0,0.3200510090047663,0.3847812313636364,0.5548434512727273,0.0603753
2022-09-08,0.683,0.7158,0.7228,0.6736,64277822.0,0.5780464194037698,0.6477790408,0.3129700251,0.0392509139
2022-09-09,0.723,0.7448,0.7566,0.7196,51188728.0,0.4552720561623573,0.5246940645,0.4510340197857143,0.024271907214285713
2022-09-12,0.752,0.7634,0.7676,0.75,35587212.0,0.5426360408465067,0.605376214,0.3651286533571429,0.02949514635714286
2022-09-13,0.765,0.7384,0.7694,0.726,41058450.0,0.119962385722569,0.3117277217142857,0.5296702437142857,0.158602065
2022-09-14,0.7352,0.7388,0.7532,0.725,25429473.0,0.2654918111287631,0.3743024283076923,0.5278362003076923,0.0978613375076923
2022-09-15,0.7438,0.775,0.7852,0.7438,47747133.0,0.194066149847848,0.33698617007142856,0.5750283220714286,0.08798551442857143
2022-09-16,0.76,0.7458,0.766,0.7432,43996717.0,0.1359923141343253,0.23927057428571427,0.7207421757142857,0.039987255142857135
2022-09-19,0.7472,0.7556,0.7608,0.7388,21813379.0,0.1878326296806335,0.27091973644444445,0.6524530926666666,0.07662719
2022-09-20,0.7614,0.76,0.7718,0.7586,24136443.0,0.1766150712966919,0.39253175,0.3906199636,0.2168482934
2022-09-21,0.7512,0.7568,0.764,0.7456,25422151.0,0.1364270618983677,0.24761228342857142,0.7325358107142856,0.019851905857142856
2022-09-22,0.75,0.7946,0.7996,0.7492,51513332.0,-0.2992735922336578,0.14389271245,0.4742801495,0.38182713525
2022-09-23,0.8,0.7852,0.8,0.765,44827472.0,-0.1572433994346897,0.19855988301204885,0.5250683142477882,0.276371794882645
2022-09-26,0.7804,0.7662,0.783,0.746,48746396.0,0.0862119708742414,0.2645429833333333,0.6712645383333333,0.0641924705
2022-09-27,0.779,0.7166,0.7812,0.7134,56813883.0,-0.1572203727868887,0.19468783750000002,0.549387006076923,0.25592515653846154
2022-09-28,0.71,0.7056,0.7176,0.697,44954730.0,-0.4446284721295039,0.06533705941666666,0.45711847125,0.4775444615
2022-09-29,0.706,0.6894,0.7082,0.6824,31625647.0,-0.3848498463630676,0.04981798771428571,0.5464978898571429,0.4036841277142857
2022-09-30,0.6948,0.6884,0.71,0.686,31149607.0,0.0864250779151916,0.2567332376,0.6198694134,0.1233973486
2022-10-03,0.6802,0.7022,0.7048,0.675,23188051.0,-0.2382558047771454,0.07439249319999999,0.6681387214,0.257468766
2022-10-04,0.7168,0.727,0.7346,0.7152,30079159.0,0.0801638424396515,0.3337979564,0.4556217644,0.2105802819
2022-10-05,0.7266,0.7088,0.7304,0.7022,15964327.0,0.0060008764266967,0.20188228119999999,0.6492537407,0.14886396065
2022-10-06,0.713,0.7008,0.719,0.6926,17738889.0,0.0698727461007925,0.23308680046153846,0.6699347296923077,0.09697846569230768
2022-10-07,0.6968,0.7152,0.7212,0.6956,24915841.0,-0.1082386838065253,0.11865974114444446,0.7401458055555555,0.14119444944444445
2022-10-10,0.7102,0.718,0.7274,0.708,16730306.0,0.1129257764135088,0.31337157734285714,0.5231794427142857,0.16344900657142855
2022-10-11,0.7132,0.7156,0.7176,0.701,18281811.0,-0.1287385514266212,0.21286504288614655,0.4718704592467598,0.31526452541986155
2022-10-12,0.7164,0.7108,0.7172,0.6926,19700896.0,-0.3292421326041221,0.07450471912500001,0.574460125375,0.3510351725
2022-10-13,0.707,0.7336,0.7366,0.7056,27738135.0,0.0683463995273296,0.24741659592307694,0.6470130820769231,0.10557034038461538
2022-10-14,0.75,0.7422,0.7588,0.7324,38062123.0,0.3606522574144251,0.5127521935294117,0.34188190923529416,0.14536589558823532
2022-10-17,0.7488,0.7508,0.768,0.7478,26636089.0,0.4174204894474574,0.5432263605714286,0.3853411608571428,0.07143246564285714
2022-10-18,0.7576,0.7568,0.7662,0.7492,25969762.0,0.3054256655953147,0.429190159,0.4219538002727273,0.14885604213636364
2022-10-19,0.76,0.7524,0.765,0.7398,27980699.0,0.0794753693044185,0.2979283881875,0.4684227636875,0.2336488620625
2022-10-20,0.7584,0.7866,0.791,0.7584,35890223.0,0.3316555172204971,0.42280799842105266,0.504871311,0.07232069757894737
2022-10-21,0.7788,0.7896,0.7896,0.766,27746396.0,-0.2397809624671936,0.14642303825,0.514707483875,0.338869474
2022-10-24,0.797,0.7986,0.8114,0.7794,36691318.0,0.4045479189265858,0.5569150355454545,0.31947770045454543,0.12360727945454544
2022-10-25,0.8014,0.7942,0.8084,0.7868,24442347.0,0.1038052663207054,0.2944605725,0.562030061,0.143509381125
2022-10-26,0.795,0.7924,0.799,0.7734,27143408.0,0.1338359025808481,0.3162906925,0.5681093883333334,0.11559992583333334
2022-10-27,0.8,0.7742,0.81,0.7674,52760157.0,0.2890341806411743,0.494451879875,0.34635736516666665,0.1591907542083333
2022-10-28,0.771,0.7812,0.7812,0.754,29337069.0,-0.0567521713674068,0.29648440126666664,0.4040925964,0.2994230167333333
2022-10-31,0.785,0.7956,0.808,0.7842,33377694.0,0.395346530846187,0.4243291566923077,0.5513452497692307,0.024325587923076923
2022-11-01,0.8036,0.8138,0.8194,0.798,35203200.0,0.2055914856138683,0.3907898498571429,0.4229590216666667,0.18625113676190475
2022-11-02,0.819,0.8098,0.826,0.8016,24988676.0,0.4503246347109477,0.617959004,0.1995934391666667,0.182447558
2022-11-03,0.805,0.8144,0.8148,0.7988,24374679.0,0.001004311773512,0.3471898403888889,0.3535485296666667,0.29926162888888885
2022-11-04,0.8186,0.8016,0.823,0.8,31039365.0,0.2776730748323294,0.43274908146153845,0.4704667033846154,0.09678420484615385
2022-11-07,0.8,0.8078,0.8204,0.7954,22623403.0,0.0629070486341204,0.28461397607692307,0.6030262253846155,0.11235979765384616
2022-11-08,0.8132,0.8126,0.8202,0.8092,18132211.0,-0.0198887388752762,0.13683829557691665,0.8178844111246784,0.04527728735276252
2022-11-09,0.8122,0.8106,0.823,0.803,27633547.0,0.0,0.105185548,0.8701743966666666,0.02464003866666667
2022-11-10,0.8108,0.7928,0.825,0.7794,52750072.0,-0.0350543343358569,0.21973119864705884,0.5803046717058824,0.19996411361764707
2022-11-11,0.7958,0.7854,0.8048,0.7782,37260303.0,0.0131465054693676,0.3359488030714286,0.385006223952381,0.2790449719285714
2022-11-14,0.782,0.7884,0.793,0.7774,22634226.0,0.1407153010368347,0.3839666543076923,0.3768667297692308,0.23916660961538463
2022-11-15,0.7942,0.8332,0.8332,0.7938,55396101.0,0.2238164275884628,0.3607470901052632,0.5494046174736842,0.08984828215789474
2022-11-16,0.83,0.8372,0.8452,0.8298,33695586.0,0.5338538527488709,0.5589993907333334,0.3965088012666667,0.044491788266666665
2022-11-17,0.838,0.8282,0.84,0.822,24970455.0,0.2543399589402335,0.41954566285714284,0.4189969714285714,0.16145738414285712
2022-11-18,0.832,0.8366,0.8426,0.8284,24795664.0,0.6027283933427598,0.6146517794444445,0.3279444111111111,0.05740382733333333
2022-11-21,0.8344,0.8434,0.8546,0.8332,26434306.0,0.6091710360426652,0.6344351630526316,0.31933469210526316,0.046230138421052634
2022-11-22,0.846,0.8682,0.8716,0.846,36032125.0,0.526900549020086,0.5498700064285714,0.38574583985714284,0.06438415457142857
2022-11-23,0.8684,0.8762,0.886,0.8638,27899560.0,0.450560000207689,0.5275393654444445,0.44394149177777775,0.028519150333333337
2022-11-24,0.8762,0.866,0.885,0.8602,22531288.0,-0.2038029953837394,0.125138416375,0.602443391875,0.2724181835625
2022-11-25,0.866,0.8764,0.8764,0.866,15436278.0,0.666343553499742,0.6840812747272728,0.27935547109090914,0.03656327063636364
2022-11-28,0.8704,0.873,0.883,0.8674,13534391.0,0.3943113187948863,0.49938738666666665,0.37684674075,0.12376588333333334
2022-11-29,0.873,0.885,0.885,0.867,18589842.0,0.4149910807609558,0.443353482,0.5246463988333333,0.032000123
2022-11-30,0.887,0.8894,0.895,0.8782,25941118.0,0.3870696373607801,0.4682045805294118,0.4172704110588235,0.11452499747058824
2022-12-01,0.8938,0.8558,0.896,0.851,48260866.0,0.0729227165381113,0.31765470670833335,0.47293857675,0.20940673995833334
2022-12-02,0.8554,0.861,0.866,0.8468,19968234.0,0.3795074290699429,0.501020677,0.46945335050000003,0.029525959875
2022-12-05,0.8572,0.8584,0.8622,0.8528,9142768.0,0.1207959907395499,0.28583174800000005,0.5462825821428571,0.1678856625714286
2022-12-06,0.8518,0.8602,0.8664,0.836,16384837.0,0.2260737527500499,0.48368612309090914,0.30241433981818183,0.21389953172727275
2022-12-07,0.8618,0.8598,0.8736,0.8572,13696632.0,0.3243420720100403,0.42100139472727277,0.5365002552727273,0.042498340727272724
2022-12-08,0.86,0.8564,0.8664,0.8552,10623938.0,0.329716221852736,0.4774717102,0.38359134250000004,0.1389369367
2022-12-09,0.8594,0.8568,0.866,0.841,17535541.0,0.0956272641817728,0.2994882812666667,0.5151880708666667,0.18532365493333333
2022-12-12,0.8548,0.8506,0.858,0.848,10861440.0,0.4759003520011902,0.51750154,0.455908945,0.026589501499999998
2022-12-13,0.8538,0.8454,0.868,0.839,28059287.0,0.1727105180422465,0.3575111041666667,0.47978007716666665,0.16270879483333334
2022-12-14,0.8458,0.8534,0.8602,0.8432,17638209.0,0.348659448325634,0.39897350075,0.552905257,0.048121241625
2022-12-15,0.8476,0.8406,0.8518,0.8316,28094756.0,-0.2057699390820094,0.11872069385714286,0.5899247952857143,0.29135453085714286
2022-12-16,0.839,0.8814,0.885,0.8332,64795011.0,0.3976372852921486,0.4772962300625,0.4907977783125,0.0319060100625
2022-12-19,0.8746,0.8778,0.8854,0.8696,20770095.0,0.3706346948941548,0.5032112605,0.3790279886666667,0.11776074033333334
2022-12-20,0.877,0.8982,0.903,0.874,34108340.0,-0.1531399682812068,0.3305622483809524,0.3164164898095238,0.3530212795238095
2022-12-21,0.901,0.9072,0.911,0.8884,26337414.0,0.5438929750369146,0.6325491978461538,0.2679689573076923,0.09948185376923077
2022-12-22,0.9094,0.902,0.913,0.8974,23321402.0,0.3667561039328575,0.4415750514666667,0.5312625558666667,0.0271623768
2022-12-23,0.908,0.9112,0.92,0.9018,24879541.0,0.4552335355963026,0.5475828890714286,0.35659439321428577,0.09582271571428572
2022-12-27,0.915,0.9106,0.917,0.9082,17280415.0,0.3738068469933101,0.4051521722857143,0.5456155042142857,0.049232322142857145
2022-12-28,0.8942,0.8878,0.8968,0.8788,15373035.0,-0.420103004345527,0.11395366633333333,0.4789522169166667,0.40709410458333334
2022-12-29,0.8894,0.8918,0.8998,0.8802,12293110.0,-0.0020975470542907,0.2271904884,0.5520300696,0.2207794288
2022-12-30,0.8888,0.8808,0.8936,0.8782,14986769.0,0.2066469043493271,0.39403853033333336,0.5854914333333333,0.020470027
2023-01-02,0.8888,0.9064,0.9086,0.8862,14609002.0,0.3526063423890334,0.44124685076923076,0.49150856484615385,0.06724458384615385
2023-01-03,0.909,0.918,0.9364,0.9016,33305733.0,0.5150096310036523,0.5799587405357143,0.38341375539285716,0.03662750903571428
2023-01-04,0.924,0.9404,0.9478,0.9228,31389660.0,0.4486528225243091,0.5042183975,0.4651436610625,0.03063794525
2023-01-05,0.9388,0.9544,0.9594,0.9292,38499832.0,0.2597294110690813,0.42826075035818156,0.4783732046064364,0.0933660439679104
2023-01-06,0.96,0.9818,0.988,0.96,29825839.0,0.2579754292964935,0.45698799284999997,0.4245105605,0.1185014382
2023-01-09,0.9856,0.979,1.0045,0.979,42641776.0,0.5808913918102488,0.5910638865625,0.3668250104375,0.04211108775
2023-01-10,0.972,0.9942,0.9958,0.9704,23784949.0,0.4583408965004815,0.5331552169444445,0.3743894675,0.09245530522222223
2023-01-11,0.9986,0.9776,1.0015,0.976,30187073.0,0.3575926646590233,0.483798311125,0.41895247825,0.0972492031875
2023-01-12,0.9822,0.9878,0.989,0.971,25064275.0,0.2057214746108422,0.4010220961538461,0.4247167755384615,0.17426113807692306
2023-01-13,0.9878,0.9876,0.9978,0.9826,26410727.0,0.3679872204860051,0.416885998,0.5392520335833334,0.043861981041666664
2023-01-16,0.99,0.9702,0.994,0.9702,19597685.0,-0.2895716488361358,0.11891583860000002,0.5722610129,0.3088231372
2023-01-17,0.97,0.965,0.9742,0.9584,20461799.0,-0.1781909093260765,0.184319819,0.5032029955,0.31247719949999997
2023-01-18,0.955,0.9672,0.9826,0.9528,31374001.0,-0.0184568092226982,0.279300821,0.45163385450000004,0.269065316625
2023-01-19,0.96,0.9592,0.9642,0.9408,28592882.0,-0.0481438988989049,0.2116505861818182,0.5464240034545454,0.24192541436363638
2023-01-20,0.959,0.97,0.973,0.9554,27157902.0,0.339732825756073,0.594903397875,0.1457605005,0.259336127125
2023-01-23,0.9776,0.9798,0.9926,0.9752,28438621.0,0.686720784753561,0.7115299776875,0.2488430924375,0.039626932375
2023-01-24,0.98,0.9876,0.988,0.9704,19423998.0,0.218725599348545,0.38000694675,0.47760950325,0.1423835472875
2023-01-25,0.9866,0.9966,0.9966,0.978,36028911.0,0.4312163037913186,0.5297920330714285,0.3609908161428571,0.10921715053571428
2023-01-26,1.0165,1.106,1.135,1.0135,146024848.0,0.2831797003746032,0.4353502943809524,0.47917198219047613,0.08547773152380952
2023-01-27,1.12,1.164,1.172,1.108,72463145.0,0.1403970207486833,0.34348848571428575,0.5594778995714286,0.09703363542857144
2023-01-30,1.164,1.1575,1.169,1.1505,40049924.0,0.2915802697340647,0.41457468675,0.4666827695,0.118742541375
2023-01-31,1.1675,1.1975,1.2105,1.1675,50453024.0,0.3315756916999817,0.4124426078333333,0.5410490617777778,0.04650834655555555
2023-02-01,1.2045,1.2145,1.2275,1.191,45385208.0,0.4448286980390549,0.54520099855,0.38100741574999997,0.0737915938
2023-02-02,1.215,1.166,1.2345,1.156,63253942.0,0.3212755833353315,0.4793632523571429,0.42193334214285716,0.0987034172142857
2023-02-03,1.1645,1.1365,1.166,1.107,61965993.0,-0.1458290687629155,0.18959787710714288,0.5044145704642857,0.30598755257142857
2023-02-06,1.1355,1.131,1.154,1.1275,28539620.0,-0.1945087075233459,0.06288251289999999,0.7152648788,0.22185261299999998
2023-02-07,1.1325,1.1415,1.15,1.1275,20004476.0,0.3282202146947384,0.3279588454615385,0.6370091062307692,0.03503204276923077
2023-02-08,1.15,1.175,1.176,1.1425,36809541.0,0.2870704664124383,0.3466003054444444,0.6301905877777778,0.023209087333333336
2023-02-09,1.176,1.18,1.1915,1.1665,22293284.0,0.5459584636347634,0.5698252790714285,0.38755104035714283,0.0426236835
2023-02-10,1.1785,1.162,1.1785,1.1535,18180209.0,-0.0126415689786275,0.2571163372,0.5314150044,0.211468641
2023-02-13,1.162,1.1825,1.187,1.155,17430945.0,0.6285158212368305,0.6529246320000001,0.3116263672307692,0.035449007692307695
2023-02-14,1.189,1.1835,1.1915,1.166,20695005.0,0.5027358857068148,0.6194607441363637,0.2635398359090909,0.11699943190909091
2023-02-15,1.183,1.193,1.194,1.173,19608253.0,0.4609777530034383,0.5216867063333334,0.45343586683333337,0.024877421883333334
2023-02-16,1.198,1.2125,1.2125,1.1945,21406201.0,0.6509332306244794,0.6939578897142856,0.2774306878571428,0.02861142087857143
2023-02-17,1.203,1.2125,1.219,1.2,17170519.0,0.1583733558654785,0.2333099386,0.733813018,0.032877047
2023-02-20,1.216,1.1855,1.218,1.1825,22926677.0,-0.1272569213594709,0.25447445276923075,0.4944234606923077,0.2511020708461538
2023-02-21,1.1855,1.196,1.1965,1.1685,18038456.0,-0.1652790078750023,0.19427461161538462,0.4867757296923077,0.3189496505384615
2023-02-22,1.189,1.158,1.1895,1.152,29374856.0,0.0188558220863342,0.3894716034444444,0.36591662233333333,0.24461178627777777
2023-02-23,1.166,1.173,1.177,1.1525,16264339.0,0.3282391428947449,0.32711373846153846,0.5966479905384615,0.07623827023076923
2023-02-24,1.174,1.186,1.189,1.168,21187824.0,0.7347629852592945,0.7167855023076922,0.24833102169230767,0.03488346053846154
2023-02-27,1.187,1.207,1.2215,1.181,24543523.0,0.4623618941558035,0.5363462793157895,0.42913384005263155,0.03451987423684211
2023-02-28,1.199,1.234,1.2675,1.191,49727500.0,0.4606734216213226,0.5606393504,0.4057576632,0.0336029784
2023-03-01,1.236,1.2445,1.262,1.229,27185854.0,0.4596264490059444,0.5471521876153846,0.41625277969230773,0.03659504738461538
2023-03-02,1.24,1.2315,1.2415,1.2175,22008620.0,0.0299326987827525,0.3049616860714286,0.4507178705,0.24432044360714286
2023-03-03,1.233,1.2885,1.2885,1.233,36135983.0,0.328745936646181,0.4305948021875,0.544135827875,0.025269352125000002
2023-03-06,1.2945,1.328,1.329,1.2945,36247111.0,0.4288869087512676,0.49077317615384614,0.47502036630769234,0.03420647238461539
2023-03-07,1.33,1.294,1.334,1.2855,35946120.0,0.319990374147892,0.42373026,0.48746569366666664,0.08880404453333333
2023-03-08,1.288,1.306,1.3155,1.2855,18161373.0,0.5937553156505931,0.502099943,0.456209327875,0.041690714375
2023-03-09,1.305,1.3025,1.312,1.291,19773467.0,0.0,0.0658634746,0.8975455840000001,0.0365909582
2023-03-10,1.246,1.236,1.2585,1.216,62681291.0,-0.4420629306273027,0.11990120844444443,0.43652965344444444,0.4435691474444444
2023-03-13,1.218,1.09,1.222,1.084,108464539.0,-0.3666167429515293,0.06781264367857143,0.5187084397857143,0.4134789134285714
2023-03-14,1.08,1.139,1.155,1.061,75397555.0,-0.0327642373740673,0.22987270124999998,0.5370437207500001,0.23308356793749999
2023-03-15,1.141,1.0195,1.152,1.0015,97664623.0,-0.4280185070302751,0.11823811077777778,0.3817319393888889,0.5000299410555555
2023-03-16,1.0495,1.0145,1.0765,0.9942,84713084.0,-0.4763722062110901,0.17376888960000003,0.2345194964,0.5917116046
2023-03-17,1.036,0.9826,1.0555,0.967,79539197.0,-0.4165649073464529,0.054413733,0.5116769262857143,0.43390933385714286
2023-03-20,0.9668,0.9994,1.011,0.909,83069249.0,-0.2574425273471408,0.17254969933333333,0.44380262300000006,0.3836476455555555
2023-03-21,1.0375,1.074,1.077,1.012,59654565.0,0.3819387053188525,0.4782211723157895,0.4913789336842105,0.030399900210526316
2023-03-22,1.074,1.045,1.1015,1.045,48163720.0,0.2219883501529693,0.39237254009090905,0.4526557981818182,0.15497165904545454
2023-03-23,1.024,1.01,1.0475,1.007,31777374.0,-0.1753786035946437,0.22539021855555555,0.41255126000000003,0.3620585227222222
2023-03-24,1.0,0.9668,1.001,0.9284,77465445.0,-0.315095063050588,0.09918610138461538,0.5408725440000001,0.3599413463076923
2023-03-27,0.996,0.9816,1.008,0.952,44120806.0,0.6185600658257803,0.6399414436666667,0.3221945175,0.037864040833333334
2023-03-28,1.004,0.9824,1.013,0.9694,30601388.0,0.531074180322535,0.5640240656666666,0.3217086098,0.11426731606666668
2023-03-29,0.9742,0.9888,0.9942,0.9678,22177417.0,0.0751090212301774,0.2992318300909091,0.4975171396363636,0.20325104227272728
2023-03-30,0.997,1.01,1.0145,0.988,27619212.0,0.3941729068756103,0.39483021625,0.56448235,0.040687425125
2023-03-31,1.0125,0.9888,1.016,0.986,23747432.0,-0.1727347428148443,0.18963470809090907,0.5333117359090909,0.27705355222727274
2023-04-03,0.9942,0.983,1.0125,0.9812,20819198.0,0.2777739942073822,0.4093203568,0.4574195716,0.1332600504
2023-04-04,0.9874,0.9914,1.0025,0.9838,19652246.0,0.4445685595273971,0.495886776125,0.4466979261875,0.0574152854375
2023-04-05,0.994,0.9672,0.9978,0.9622,23689255.0,-0.292006629705429,0.10648470830000001,0.5722446451,0.32127065
2023-04-06,0.981,0.9986,1.001,0.9778,16726752.0,0.1176288425922393,0.254783348,0.701477303125,0.043739361000000004
2023-04-11,1.01,1.0045,1.0115,0.9868,22676234.0,0.3858401721174067,0.52161485,0.325186201,0.15319895836363637
2023-04-12,1.0015,0.9902,1.011,0.987,17791132.0,0.155501279566023,0.2499774568888889,0.7354453077777777,0.014577257555555556
2023-04-13,0.9908,0.9988,1.0035,0.9794,14312220.0,0.1447015350515192,0.4093691178888889,0.32919938555555556,0.26143150955555555
2023-04-14,0.9988,1.0265,1.0345,0.9878,30714101.0,0.3376902416348457,0.4406912288666666,0.48891138593333333,0.07039738533333333
2023-04-17,1.0305,1.0315,1.042,1.0195,25416827.0,0.248600634932518,0.4411510842105263,0.45772812931578943,0.10112077992105263
2023-04-18,1.04,1.064,1.071,1.04,26310826.0,0.2308437165461088,0.35042978147368425,0.5984350904736843,0.05113512384210526
2023-04-19,1.0685,1.0785,1.0785,1.0505,20927796.0,0.4559079834393093,0.5606531210952381,0.3591129575714286,0.08023393790476191
2023-04-20,1.1,1.0635,1.12,1.059,35755877.0,0.2313577532768249,0.42880294944999997,0.40618885785,0.16500818365
2023-04-21,1.064,1.056,1.076,1.0425,26920208.0,-0.0820686556398868,0.26921323890625,0.4336677464375,0.2971190215625
2023-04-24,1.048,1.0455,1.0535,1.0365,13658932.0,0.0,0.0252943765,0.904280425,0.070425188
2023-04-25,1.033,0.9994,1.033,0.998,23144506.0,-0.0472884294059541,0.19747037405555556,0.5897247786666667,0.21280484477777778
2023-04-26,0.9882,0.9994,1.002,0.957,24545194.0,-0.7040386958555742,0.04046531113636364,0.2504348498181818,0.7090998443636364
2023-04-27,1.0,1.0175,1.027,0.9744,25600225.0,-0.1061293816566467,0.22623529273999998,0.43862310064,0.3351416205
2023-04-28,1.0175,0.9448,1.0175,0.9376,52515881.0,-0.3654122869173685,0.10555964453333333,0.4827572863333333,0.4116830748
2023-05-02,0.956,0.912,0.961,0.912,27347148.0,0.241485446691513,0.3278706305833334,0.5664472285000001,0.10568214108333333
2023-05-03,0.9202,0.9006,0.93,0.8936,28079609.0,-0.552513028894152,0.07247510753571428,0.33425148807142857,0.5932734034999999
2023-05-04,0.8948,0.8804,0.8974,0.8734,26386722.0,-0.5668961772551904,0.07373566111538463,0.3355267673076923,0.5907375528461538
2023-05-05,0.889,0.9056,0.9078,0.8772,22199251.0,0.1892624348402023,0.38133528025,0.430971549375,0.18769318912500002
2023-05-08,0.912,0.9166,0.9256,0.9106,11764420.0,0.1099831183751424,0.35109638493333334,0.4264359486,0.22246767593333333
2023-05-09,0.911,0.9274,0.933,0.911,16440500.0,0.405045059594241,0.507237634,0.4550680112,0.03769438495
2023-05-10,0.936,0.9164,0.9426,0.91,18302498.0,0.0559839341375562,0.2407716415,0.6324264633333333,0.126801881
2023-05-11,0.9212,0.9148,0.9264,0.896,17965273.0,0.2269103080034256,0.298034483375,0.685372656,0.0165928466875
2023-05-12,0.9216,0.912,0.9252,0.9094,11569869.0,-0.0858230143785476,0.1895731195,0.566559368375,0.243867510625
2023-05-15,0.925,0.923,0.926,0.9084,10176536.0,-0.7815922300020853,0.0368725675,0.17759266866666668,0.785534778
2023-05-16,0.9126,0.924,0.9354,0.909,12167509.0,0.4550383136822627,0.5026462653846153,0.4404097426153846,0.056943995769230774
2023-05-17,0.9176,0.941,0.941,0.913,16122625.0,0.5295623481273651,0.5507576433,0.40225881259999996,0.046983497
2023-05-18,0.949,0.9536,0.957,0.9358,13905867.0,0.4366030051158024,0.4435924685833334,0.5046520096666667,0.051755518
2023-05-19,0.9566,0.9512,0.967,0.947,13315509.0,0.1004990083830697,0.3163405028333333,0.4971360763333334,0.18652342566666666
2023-05-22,0.95,0.9682,0.9726,0.948,13325677.0,0.1524463544289271,0.29335464441666664,0.5948369158333333,0.11180844791666666
2023-05-23,0.97,0.9722,0.9788,0.9626,10079848.0,0.2620262768533494,0.40172492922222225,0.4305250547777778,0.1677500017777778
2023-05-24,0.9616,0.95,0.9688,0.9412,13984807.0,-0.1388897044318063,0.08257633085714286,0.7542848575714285,0.16313882614285716
2023-05-25,0.95,0.9642,0.9714,0.9302,18447335.0,0.3071424166361491,0.300709414,0.6707685555999999,0.028522035
2023-05-26,0.9644,0.969,0.9732,0.935,14941449.0,-0.1413176976717435,0.08665990507692307,0.7377455873076924,0.17559450669230767
2023-05-29,0.98,0.967,0.985,0.952,8576637.0,0.4111855030059814,0.4781076368333333,0.4327650008333333,0.089127363
2023-05-30,0.9688,0.9604,1.0025,0.9574,18911926.0,0.3439981433061453,0.39622023450000005,0.5777132453333333,0.0260665135
2023-05-31,0.9538,0.924,0.9682,0.918,27445612.0,-0.065469271996442,0.12265893370588235,0.726063160117647,0.15127789570588238
2023-06-01,0.931,0.9632,0.978,0.931,21309646.0,0.2438151728023182,0.2888574682,0.6508294513,0.0603130968
2023-06-02,0.9694,0.9962,0.9986,0.9628,20562096.0,0.4203340594585125,0.4690230376153846,0.5044602128461538,0.02651676046153846
2023-06-05,1.0,0.9776,1.009,0.9676,17783448.0,0.3510331312815348,0.5236255408666667,0.3135869037333333,0.1627875256
2023-06-06,0.9728,0.99,0.9908,0.9648,12742005.0,-0.1296767890453338,0.232195981125,0.421967047375,0.345836969125
2023-06-07,0.9956,0.9974,1.0,0.975,11688790.0,0.1300350381777836,0.19381902981818183,0.6840422524545455,0.12213873618181817
2023-06-08,1.0,1.005,1.025,0.9982,22027366.0,0.5146051304680961,0.5495116028571428,0.40789451614285716,0.042593872428571426
2023-06-09,1.0025,0.9992,1.0155,0.992,11946634.0,-0.2047400382848886,0.16233496075,0.5037326264166667,0.33393240716666667
2023-06-12,1.002,0.9956,1.0175,0.987,11303430.0,0.4124772071838379,0.4660981309333333,0.4755598292666666,0.0583420336
2023-06-13,1.0,0.9976,1.0,0.9808,13841910.0,0.2751966552300887,0.36143124245454544,0.5749946466363637,0.06357410063636364
2023-06-14,1.0,1.019,1.026,0.9938,23063144.0,0.4056836644808451,0.4300356856,0.5275124840000001,0.04245183606666667
2023-06-15,1.015,1.0015,1.0205,1.0015,16939127.0,-0.1181512408786349,0.1841421955,0.69333086625,0.122526953625
2023-06-16,1.0055,1.0205,1.0265,0.988,36401998.0,0.4201849028468132,0.56466526625,0.240752977625,0.194581747875
2023-06-19,1.0205,1.024,1.038,1.0165,10200636.0,0.3345925431502493,0.46379321484210523,0.3972908491052632,0.13891594789473685
2023-06-20,1.024,1.0185,1.038,1.018,10298413.0,0.1554498672485351,0.3251765425384615,0.5556813201538462,0.11914213100000001
2023-06-21,1.0195,1.035,1.043,1.016,18361186.0,0.0750271404782931,0.18572131960869567,0.7416472554782609,0.07263141739130434
2023-06-22,1.025,1.0165,1.0325,1.008,15191401.0,-0.1765046986666592,0.13348788133333334,0.7207390648888888,0.14577304266666666
2023-06-23,1.0065,0.9946,1.0125,0.9852,20728244.0,-0.3300841185781691,0.1308917966111111,0.4598876365555556,0.40922058794444444
2023-06-26,0.9914,1.009,1.01,0.9666,16889686.0,-0.239521054426829,0.15750644075,0.54539318725,0.29710038025
2023-06-27,1.01,1.026,1.026,1.0065,18707469.0,-0.1885960847139358,0.0630357585,0.730408545,0.206555683875
2023-06-28,1.026,1.031,1.037,1.022,13316039.0,0.0,0.074345049,0.891145922,0.034509009699999996
2023-06-29,1.033,1.046,1.0485,1.027,17139726.0,0.4232434309445895,0.4496118875,0.5175478565,0.03284026658333333
2023-06-30,1.05,1.054,1.0735,1.0485,18673910.0,0.515182586092698,0.6400798392631578,0.2287482764210526,0.13117189105263158
2023-07-03,1.075,1.086,1.088,1.073,22998292.0,0.3104328943623436,0.45160531383333335,0.47532234822222225,0.07307233027777778
2023-07-04,1.0885,1.077,1.099,1.076,15799663.0,0.8949556350708008,0.8949555,0.038721155,0.06632329
2023-07-05,1.07,1.071,1.0775,1.055,13571366.0,0.1125873242105756,0.3870239552,0.3723031226,0.24067292560000003
2023-07-06,1.057,1.0585,1.075,1.053,15712170.0,-0.2922420318310077,0.1315390829090909,0.506148863909091,0.3623120641818182
2023-07-07,1.058,1.0915,1.095,1.058,15299132.0,0.2605815018926348,0.4248187744615385,0.471687893,0.103493323
2023-07-10,1.087,1.0865,1.109,1.084,18161026.0,0.2622886645166497,0.47269408316666667,0.3389809292222222,0.18832498605555556
2023-07-11,1.0885,1.1105,1.113,1.0885,18865524.0,0.3784346646732754,0.45159458826666665,0.4931437664666667,0.0552616508
2023-07-12,1.114,1.124,1.1295,1.113,22423786.0,0.4954831952398473,0.5851599134545454,0.33483600036363637,0.08000409077272728
2023-07-13,1.1195,1.1295,1.1345,1.117,17227592.0,0.5914115870700163,0.6498914776875,0.3078969655625,0.04221154275
2023-07-14,1.127,1.1205,1.1365,1.1205,17115535.0,-0.1304226033389568,0.208210381375,0.47031717325,0.32147245425
2023-07-17,1.1165,1.125,1.133,1.1135,10524550.0,0.2933493620819515,0.4701273896666667,0.38691972655555557,0.14295288250000002
2023-07-18,1.13,1.1335,1.1335,1.109,13741694.0,0.0754735783526771,0.24354428900000002,0.6124681745294118,0.1439875342
2023-07-19,1.135,1.1285,1.139,1.119,16123690.0,0.0051401588651869,0.20184738955555556,0.6631032143333333,0.1350493887777778
2023-07-20,1.128,1.1265,1.1375,1.125,15278906.0,0.251987224817276,0.333497316,0.6397359644,0.026766721599999998
2023-07-21,1.1285,1.1235,1.138,1.1145,20237681.0,0.0737403793768449,0.3178716802,0.45687789590000005,0.22525042239999998
2023-07-24,1.083,1.115,1.115,1.0685,29047734.0,-0.4985890755286583,0.11396982988461538,0.3048344103846154,0.5811957598846154
2023-07-25,1.1195,1.1385,1.1385,1.1165,19502118.0,0.1964389503002166,0.355996507,0.5119515,0.13205198805
2023-07-26,1.1355,1.1435,1.161,1.1325,28111524.0,0.2183189455951963,0.3048171332857143,0.6272658975000001,0.06791695642857143
2023-07-27,1.17,1.16,1.176,1.122,44254492.0,0.6581612064920622,0.695139226,0.2524241121851852,0.05243666448148149
2023-07-28,1.17,1.1365,1.175,1.1325,35360262.0,-0.0766129633959601,0.269805617875,0.44872049225,0.2814738899375
2023-07-31,1.138,1.119,1.1435,1.119,22514118.0,0.0456209211122421,0.32305319339473687,0.3946500203421052,0.2822967852631579
2023-08-01,1.1205,1.0955,1.131,1.092,27794184.0,-0.1767237544059753,0.24832335480000003,0.3740337447,0.37764288445
2023-08-02,1.082,1.07,1.0905,1.0645,34308543.0,-0.3297357288273898,0.15800112705,0.31600371085,0.5259951627499999
2023-08-03,1.071,1.0865,1.0905,1.056,18375261.0,-0.2142051988177829,0.12532875366666665,0.5109211924444444,0.36375007555555555
2023-08-04,1.0935,1.0825,1.1005,1.0785,18988040.0,0.0102338393529256,0.218722458,0.6129756858333333,0.16830183
2023-08-07,1.085,1.09,1.097,1.0805,10431966.0,0.1005661662887124,0.3044661803125,0.542184532625,0.1533492996875
2023-08-08,1.0665,1.0665,1.083,1.051,25413229.0,-0.1423805952072143,0.25046339093750003,0.367914365625,0.3816222375
2023-08-09,1.0805,1.0775,1.089,1.0725,12252415.0,-0.0772986676957872,0.17324760966666666,0.5974488823333333,0.22930349844444445
2023-08-10,1.086,1.09,1.0985,1.082,14988823.0,0.6784473955631256,0.6984617475,0.26414114225,0.0373971205
2023-08-11,1.09,1.089,1.0975,1.084,10313759.0,-0.0024195512135823,0.2376043803333333,0.5175905474444444,0.24480506011111108
2023-08-14,1.086,1.102,1.1155,1.086,11837495.0,0.034670579764578,0.2975205974444444,0.48172922055555556,0.22075017722222223
2023-08-15,1.1015,1.09,1.103,1.084,9028489.0,0.1883520126342773,0.3705103063333333,0.6147276766666666,0.014762016000000001
2023-08-16,1.085,1.0905,1.0975,1.078,9890294.0,-0.161688561240832,0.12365973472727275,0.5956832737272727,0.2806570058181818
2023-08-17,1.0895,1.097,1.1075,1.0855,9211781.0,0.5643301208813986,0.5772264816666667,0.40583494966666667,0.016938519666666665
2023-08-18,1.09,1.1005,1.1025,1.087,12738680.0,1.2820576207158707,1.0414575339532368,0.20900744114878644,0.0
2023-08-21,1.1,1.109,1.118,1.0955,11937626.0,1.7567083077596115,1.3670021178621432,0.031678934783029467,0.0
2023-08-22,1.1125,1.1055,1.12,1.1055,8879481.0,1.988282182012621,1.5538602333933857,0.0,0.0
2023-08-23,1.1085,1.09,1.1175,1.084,11023226.0,1.9767792434749,1.6020318805469653,0.0,0.0
2023-08-24,1.1,1.094,1.103,1.084,8011764.0,1.809765956219099,1.5423426102363402,0.0,0.0
2023-08-25,1.0935,1.09,1.108,1.0885,9690548.0,1.574808784317871,1.405617973374971,0.0,0.0
2023-08-28,1.099,1.1085,1.1135,1.099,3242669.0,1.2719077277712152,1.191857969962858,0.0,0.0
2023-08-29,1.113,1.1225,1.1275,1.113,13703009.0,0.901062786579132,0.9010626,0.044048626,0.054888748
2023-08-30,1.1285,1.1245,1.1395,1.1225,12509629.0,0.4622739607416217,0.5332318634863983,0.3783228320711253,0.08844528025937035
2023-08-31,1.1245,1.068,1.1315,1.0675,39032934.0,0.0148107472681668,0.14087991901757477,0.7626694923269238,0.09645056330291062
2023-09-01,1.0735,1.0635,1.0865,1.057,21923950.0,-0.0857098717843332,0.039091718166666664,0.8803830558,0.08052522529999999
2023-09-04,1.071,1.061,1.0825,1.058,14320813.0,0.2199816005936046,0.28038141952919654,0.6786792639957884,0.040939370945535014
2023-09-05,1.0705,1.061,1.08,1.055,10654486.0,0.637239396572113,0.6372385,0.35073456,0.012026993
2023-09-06,1.06,1.0265,1.063,1.0215,26515082.0,0.75428506731987,0.75428405,0.23558655499999998,0.01012935125
2023-09-07,1.026,1.017,1.034,1.013,17476643.0,0.0,0.07322468,0.9027413,0.024034032499999997
2023-09-08,1.0185,1.034,1.0375,1.0155,15427969.0,-0.9526836473578424,0.0,0.6640942174673635,0.6162122116625622
2023-09-11,1.042,1.0465,1.054,1.0355,12815111.0,-0.8733456134796143,0.02277936,0.10387519,0.87334543
2023-09-12,1.051,1.062,1.0635,1.044,16483566.0,0.9414147734642028,0.9414148,0.042653173,0.015932027
2023-09-13,1.063,1.057,1.0745,1.055,16238174.0,2.1195448158375627,1.5081664741211545,0.06449685765816429,0.0
2023-09-14,1.0555,1.068,1.084,1.041,20168320.0,2.265702397367789,1.5617954781483596,0.10008435917295962,0.0
2023-09-15,1.071,1.039,1.076,1.035,120053453.0,1.682026122304729,1.2375438681013855,0.17658176435127518,0.0
2023-09-18,1.044,1.0295,1.051,1.022,22167132.0,0.6706545948982239,0.6706537,0.32115516,0.008191169
2023-09-19,1.0265,1.042,1.0455,1.022,14419580.0,-0.4872064590454101,0.023762645,0.4800396,0.4961977
2023-09-20,1.0425,1.0835,1.088,1.042,24192475.0,-0.1043226846882854,0.2726967300361647,0.3306454076364709,0.39665784435551954
2023-09-21,1.069,1.088,1.0915,1.068,17458600.0,0.7837736308574677,0.7837732500000001,0.16264356,0.0535832425
2023-09-22,1.0815,1.091,1.1025,1.0775,16789207.0,0.8603444746734039,0.7606718286272156,0.31946998030030893,0.0
2023-09-25,1.09,1.0795,1.107,1.073,11437129.0,0.2832887637466538,0.3158313301542793,0.7182743157917014,0.0
2023-09-26,1.0765,1.0765,1.084,1.0655,13586011.0,0.0,0.12388494,0.86195445,0.014160553
2023-09-27,1.077,1.0905,1.106,1.0765,10955638.0,0.1683771004205728,0.29727152240084587,0.667660030179508,0.0350684236595546
2023-09-28,1.0925,1.1015,1.104,1.089,17116331.0,0.4662078320980072,0.54656035,0.42806579100000003,0.025373884
2023-09-29,1.105,1.1005,1.1115,1.0985,16653684.0,0.5712799621219379,0.5823206954406457,0.43584646713125,0.0
2023-10-02,1.1045,1.102,1.1295,1.1,24540345.0,0.4835934904923651,0.40455255872278323,0.691002058573258,0.0
2023-10-03,1.102,1.088,1.1185,1.0865,16375021.0,0.2031484172092884,0.013255939846412046,1.193532565326024,0.0
2023-10-04,1.08,1.089,1.092,1.0705,12751073.0,-0.0706398785538515,0.0,1.5809118898952288,0.0
2023-10-05,1.0945,1.097,1.1015,1.075,14566915.0,-0.1383560176236143,0.0,1.4906139347865546,0.0
2023-10-06,1.105,1.121,1.1235,1.0975,18963637.0,0.0,0.042367756,0.9226387,0.034993507
2023-10-09,1.1005,1.088,1.11,1.078,20501156.0,0.3086519241333008,0.6379128736666666,0.025799156333333333,0.33628798
2023-10-10,1.092,1.107,1.112,1.092,11714685.0,0.5729422536741444,0.9337179888047326,0.0,0.3733089081537789
2023-10-11,1.104,1.11,1.1165,1.101,13081680.0,0.7670577869929559,0.905071682837515,0.0,0.14876011981750015
2023-10-12,1.118,1.125,1.125,1.111,14826737.0,0.9507768154144288,0.95077676,0.02455208,0.024671149
2023-10-13,1.127,1.1125,1.1465,1.1055,26759639.0,0.9447844624519348,0.94478446,0.023325747,0.03188978
2023-10-16,1.114,1.1245,1.13,1.106,12794100.0,0.0,0.087576255,0.9028377,0.00958607
2023-10-17,1.124,1.1265,1.1305,1.1165,10679037.0,0.0,0.08640955300000001,0.8973934466666668,0.016196995333333332
2023-10-18,1.124,1.116,1.129,1.112,11458323.0,0.0,0.048123438,0.93534374,0.016532823
2023-10-19,1.1135,1.134,1.1365,1.096,19844187.0,0.4519030749797821,0.471651051,0.514583243,0.013765725
2023-10-20,1.134,1.115,1.138,1.1085,22486687.0,0.4703612029552459,0.495790605,0.4890434535,0.0151658855
2023-10-23,1.107,1.087,1.1125,1.081,27267854.0,0.4632797837257385,0.536402185,0.45362323,0.009974615
2023-10-24,1.0875,1.03,1.0895,1.03,37040397.0,-0.0865889489650726,0.39737042549999996,0.110385265,0.4922443165
2023-10-25,1.0355,1.0405,1.05,1.0255,29115861.0,0.2178350542249051,0.5585586760397084,0.03855347555783392,0.40288784320274607
2023-10-26,1.0765,1.103,1.11,1.0655,48946307.0,0.5353897156253937,0.6143701010344828,0.26902006075862067,0.11660983887931034
2023-10-27,1.113,1.1425,1.15,1.111,48234354.0,0.1644005992195823,0.34076113669999997,0.5300900929,0.1291487678
2023-10-30,1.1425,1.186,1.1915,1.135,32898222.0,0.9332111477851868,0.93321115,0.02347105,0.043317776
2023-10-31,1.195,1.171,1.2085,1.167,35309007.0,0.3504198312759399,0.40185781,0.5300141626,0.06812805
2023-11-01,1.179,1.178,1.187,1.167,14496056.0,0.4546810388565063,0.5006594525,0.47792141250000003,0.021419164750000004
2023-11-02,1.185,1.2015,1.206,1.176,21848878.0,0.9438301920890808,0.9438302,0.02824914,0.02792066
2023-11-03,1.2055,1.196,1.211,1.195,21489227.0,0.3193779389063517,0.58187689,0.10815414766666666,0.30996893400000003
2023-11-06,1.2,1.191,1.204,1.1855,16542566.0,-0.2343868762254715,0.05224993325,0.667237896,0.28051218325
2023-11-07,1.1875,1.185,1.2035,1.1805,15832742.0,0.0,0.053104305,0.9119615166666666,0.034934171666666666
2023-11-08,1.18,1.196,1.201,1.1675,18148424.0,0.9475353360176086,0.94753534,0.025498398,0.026966332
2023-11-09,1.202,1.2295,1.23,1.197,27894924.0,0.9074774384498596,0.90747756,0.0626019,0.02992058
2023-11-10,1.224,1.23,1.236,1.217,17588045.0,-0.2183584239747789,0.1480653133888889,0.5141766527777778,0.33775801666666666
2023-11-13,1.2375,1.2845,1.289,1.236,40953450.0,0.6120937466621399,0.6312907643333333,0.32899758166666665,0.03971161633333333
2023-11-14,1.286,1.2815,1.2975,1.264,29538520.0,0.2837532043457031,0.4889727142,0.3091291838,0.2018981234
2023-11-15,1.272,1.2675,1.286,1.258,21844872.0,-0.0714710801839828,0.421972958,0.092379849125,0.48564718549999997
2023-11-16,1.2695,1.2675,1.2925,1.264,20062824.0,0.0568105842455387,0.38724408376455066,0.29672881147121005,0.316027100713313
2023-11-17,1.2685,1.2885,1.29,1.2685,27209198.0,0.3015330632527669,0.355699011,0.6062198006666667,0.038081185499999996
2023-11-20,1.29,1.312,1.3235,1.2895,36380426.0,0.3053969542185465,0.34521995,0.6242479616666667,0.030532049999999995
2023-11-21,1.305,1.3395,1.3395,1.301,37136104.0,0.3177790443102519,0.37349170133333337,0.612183332,0.014324970000000001
2023-11-22,1.339,1.325,1.35,1.325,21712135.0,0.2056550979614257,0.2614513805,0.7216670375,0.01688154175
2023-11-23,1.3235,1.318,1.3245,1.31,10752369.0,0.0,0.107116945,0.8759468,0.016936248
2023-11-24,1.325,1.326,1.3395,1.32,10710438.0,0.6315847039222717,0.6485344133333334,0.324327629,0.027137916666666668
2023-11-27,1.33,1.331,1.3375,1.3255,12782327.0,-0.0151950546673366,0.3277196045,0.47927861983333336,0.19300173966666667
2023-11-28,1.333,1.348,1.349,1.333,14765757.0,0.4014457331763373,0.40635533825,0.53952667575,0.05411797625
2023-11-29,1.348,1.353,1.36,1.341,21718404.0,0.8237743491754191,0.6807809826507567,0.3128875764785445,0.0063314581711695
2023-11-30,1.36,1.34,1.364,1.337,22910044.0,0.9941122622443596,0.9995890315521366,0.0,0.08784297208832935
2023-12-01,1.351,1.348,1.356,1.343,13863154.0,0.9377679228782654,0.93776804,0.02750496,0.034727015
2023-12-04,1.3485,1.348,1.353,1.3275,13452541.0,0.4500827491283417,0.47550739999999997,0.474430938,0.050061633
2023-12-05,1.349,1.338,1.36,1.338,19247395.0,-0.970094621181488,0.020459382,0.009446028,0.9700946
2023-12-06,1.348,1.3155,1.35,1.3155,21738713.0,0.0,0.09852112,0.87807196,0.023406845
2023-12-07,1.3045,1.238,1.305,1.2275,62378975.0,-0.9202309846878052,0.054055795,0.05298352,0.8929606800000001
2023-12-08,1.2385,1.2325,1.242,1.2095,32969301.0,0.0,0.13883189175,0.803280335,0.05788775325
2023-12-11,1.24,1.2405,1.2515,1.213,24799229.0,0.6902444243431092,0.638628175,0.3421985185,0.01917328725
2023-12-12,1.24,1.226,1.249,1.215,18944276.0,-0.9744548201560974,0.013445142,0.012099959,0.9744548
2023-12-13,1.223,1.215,1.235,1.2135,20769148.0,0.2885686159133911,0.488559645,0.346675525,0.164764827
2023-12-14,1.224,1.1535,1.225,1.132,88180838.0,0.0,0.16429128,0.8188239,0.016884923
2023-12-15,1.157,1.123,1.159,1.1165,60782614.0,-0.3779360689222812,0.122941053875,0.40720056775,0.46985837612500003
2023-12-18,1.123,1.123,1.1435,1.114,32049073.0,0.3031428654988606,0.287588234,0.572151752,0.140259995
2023-12-19,1.1235,1.122,1.124,1.111,24708350.0,0.8320182726600853,0.5605177932621151,0.49525921506597265,0.0
2023-12-20,1.126,1.12,1.129,1.111,25832338.0,0.9961570603692156,0.8777491009749846,0.09734197210656602,0.024908871521219074
2023-12-21,1.1145,1.1285,1.131,1.1145,15268958.0,0.8975024223327637,0.8975024,0.031785812,0.07071172
2023-12-22,1.135,1.131,1.138,1.1265,17095222.0,0.6134165326754252,0.6303662333333334,0.325381704,0.044251998666666674
2023-12-27,1.1,1.102,1.1215,1.0915,31850746.0,0.5061292424388583,0.48165161609062135,0.48548967475069754,0.03285866319702743
2023-12-28,1.1,1.0955,1.1045,1.085,16601094.0,0.5745620897289693,0.48067486058726117,0.47383323975653113,0.045491882038524195
2023-12-29,1.092,1.113,1.121,1.092,24058388.0,0.4500144521395365,0.39802282559999996,0.5533934654,0.048583710200000005
2024-01-02,1.126,1.147,1.15,1.122,33884642.0,0.2358042597770691,0.2810983815,0.6817664285,0.03713518925
2024-01-03,1.15,1.162,1.1815,1.1495,32581472.0,0.6320816278457642,0.52371025,0.457018429,0.0192712735
2024-01-04,1.164,1.195,1.195,1.156,23166034.0,0.3160408139228821,0.50848202,0.47137212900000003,0.0201458285
2024-01-05,1.193,1.2215,1.2335,1.1875,38140736.0,0.3983507454395294,0.3205504448,0.6534950176000001,0.025954524200000002
2024-01-08,1.224,1.234,1.2455,1.215,24328401.0,0.6327304045359293,0.49997235,0.473159108,0.026868479
2024-01-09,1.2325,1.2125,1.234,1.1975,24388823.0,0.3163652022679646,0.535046127,0.445480893,0.019472957
2024-01-10,1.208,1.166,1.208,1.166,30199660.0,0.0,0.112533072,0.870239085,0.017227871
2024-01-11,1.173,1.1565,1.183,1.1565,18155523.0,-0.7729151964187622,0.036047553,0.23661177925000001,0.72734069
2024-01-12,1.155,1.1505,1.168,1.1475,16326453.0,-0.6959001677376884,0.04513208366666666,0.29144496133333336,0.6634229586666667
2024-01-15,1.1615,1.1525,1.1665,1.1475,9680422.0,0.0,0.115405585,0.842533,0.042061405999999996
2024-01-16,1.14,1.1285,1.14,1.112,33488906.0,-0.7539843916893005,0.032926316250000004,0.255297819,0.71177583575
2024-01-17,1.12,1.1195,1.133,1.112,17991898.0,-0.9731451471646628,0.010337354,0.0172246615,0.9724379999999999
2024-01-18,1.1225,1.147,1.158,1.1145,22052356.0,-0.2436398565769195,0.20408335133333333,0.4538941376666667,0.3420225223333333
2024-01-19,1.158,1.1505,1.161,1.139,23065172.0,0.0,0.11177144666666666,0.83044811,0.057780440999999995
2024-01-22,1.163,1.168,1.176,1.159,15656546.0,0.2540680255208696,0.40844011599999996,0.5270224844,0.0645373908
2024-01-23,1.1735,1.17,1.176,1.1515,18247152.0,0.4560801386833191,0.49561082,0.4823127115,0.0220765265
2024-01-24,1.176,1.19,1.19,1.171,13111502.0,0.9446411728858948,0.9446412,0.022731528,0.032627262
2024-01-25,1.173,1.153,1.174,1.138,30342773.0,0.0094571113586425,0.48279122199999996,0.038031587500000005,0.479177181
2024-01-26,1.1545,1.1665,1.1665,1.1445,14289387.0,0.0,0.104096915,0.87526835,0.020634743
2024-01-29,1.165,1.166,1.1775,1.16,12029399.0,0.6085245211919149,0.48181795,0.4754253625,0.0427566755
2024-01-30,1.165,1.203,1.205,1.1625,25255360.0,1.0370966965551969,0.9017803037788552,0.0975581547209626,0.0006615738144391675
2024-01-31,1.21,1.206,1.226,1.2005,23058429.0,0.9454135298728944,0.94541365,0.0387994,0.015787013
2024-02-01,1.145,1.1715,1.1885,1.121,73128030.0,0.2815468988635323,0.430986882975,0.34870445660000005,0.2203086704
2024-02-02,1.182,1.171,1.1835,1.149,29262597.0,0.0,0.03201948,0.93523186,0.032748673
2024-02-05,1.183,1.1555,1.2,1.155,29035620.0,-0.2598907272020975,0.1679006948,0.41983238676923074,0.41226690984615383
2024-02-06,1.1655,1.1465,1.1815,1.1455,19377768.0,,0.32751855283582604,0.0,0.8182139292778121
2024-02-07,1.1455,1.1265,1.1455,1.109,29547604.0,,0.4141488621764738,0.0,1.1267702802390234
2024-02-08,1.1295,1.113,1.136,1.113,16167359.0,,0.42779162282194266,0.0,1.337935962729788
2024-02-09,1.115,1.112,1.122,1.1045,21285664.0,,0.3684468347722332,0.0,1.4517109767501055
2024-02-12,1.1165,1.1425,1.145,1.1135,17411061.0,,0.23611449802734547,0.0,1.4680953222999764
2024-02-13,1.146,1.1775,1.18,1.14,27795291.0,,0.030794612587279113,0.0,1.3870889993794009
2024-02-14,1.1725,1.1755,1.196,1.151,17202360.0,,0.0,0.038820761828561534,1.2086920079883778
2024-02-15,1.1795,1.1525,1.1855,1.143,16866353.0,,0.0,0.5216182498317263,0.9899803976559142
2024-02-16,1.165,1.1655,1.175,1.153,16646856.0,,0.0,0.8862236186515238,0.7880302179110154
2024-02-19,1.17,1.179,1.1945,1.1695,13523363.0,,0.0,1.1326368682879535,0.6028414687536819
2024-02-20,1.1795,1.175,1.184,1.1715,8854098.0,,0.0,1.2608579987410162,0.43441415018391377
2024-02-21,1.18,1.1635,1.185,1.1615,13645993.0,,0.0,1.270887010010712,0.28274826220171073
2024-02-22,1.173,1.1905,1.199,1.1675,31332065.0,,0.0,1.1627239020970395,0.14784380480707277
2024-02-23,1.199,1.1935,1.2005,1.1785,13660174.0,0.0,0.033930537999999996,0.936368675,0.029700778
2024-02-26,1.2,1.2145,1.2175,1.1925,19365832.0,0.3775436639785766,0.3986709154,0.5705519370000001,0.0307771324
2024-02-27,1.2105,1.225,1.23,1.2075,15882454.0,-0.3181695540746053,0.32631937120000004,0.036573578999999995,0.6371070166666667
2024-02-28,1.2255,1.2225,1.2345,1.214,17284476.0,-0.9601837396621704,0.01084914,0.028967137,0.96018374
2024-02-29,1.2195,1.197,1.2345,1.193,27214743.0,0.0,0.14459726,0.84545016,0.009952622
2024-03-01,1.194,1.2395,1.2445,1.1905,32504283.0,0.9121602773666382,0.91216,0.058752783,0.029087301
2024-03-04,1.2455,1.2525,1.259,1.2415,21570673.0,0.1561267375946045,0.2250996348333333,0.7293036133333333,0.04559675133333333
2024-03-05,1.25,1.27,1.27,1.2445,21617367.0,,0.0,1.3083701656016813,0.034824775387201155
2024-03-06,1.277,1.2825,1.295,1.2725,21824382.0,,0.0,1.4277280085386828,0.033194589764349365
2024-03-07,1.293,1.3025,1.323,1.266,48316848.0,,0.0,1.087377142144339,0.04070619446477797
2024-03-08,1.3095,1.3025,1.327,1.294,26478957.0,,0.5572201646826677,0.3874880800869445,0.05529170931503194
2024-03-11,1.296,1.3175,1.3245,1.271,24337110.0,,1.006372237041986,0.0,0.06454385327438114
2024-03-12,1.3205,1.342,1.35,1.318,30428473.0,,1.1212701488144303,0.0,0.06639474616937048
2024-03-13,1.342,1.349,1.368,1.3375,27056523.0,0.90191388130188,0.9019139,0.037241753,0.060844388
2024-03-14,1.345,1.347,1.36,1.336,25961823.0,,0.3483034905986961,0.6038037773343938,0.04789277876626971
2024-03-15,1.342,1.3785,1.382,1.3355,57672056.0,0.1505643626054128,0.20968640266666663,0.756180203,0.034133431
2024-03-18,1.3745,1.395,1.402,1.367,24784776.0,0.8685072064399719,0.8685070850000001,0.0791123925,0.0523805415
2024-03-19,1.4,1.428,1.4355,1.3985,23755668.0,0.4590307176113128,0.53729485,0.30229171,0.1604134875
2024-03-20,1.43,1.432,1.4435,1.3905,31384877.0,0.8632836937904358,0.8632840866666666,0.05455136033333333,0.082164572
2024-03-21,1.449,1.4325,1.452,1.415,29630915.0,-0.969183087348938,0.007920851,0.022896005,0.9691831
2024-03-22,1.43,1.4395,1.449,1.42,22737866.0,-0.0218052506446838,0.39220646280000004,0.19517431759999998,0.4126192488
2024-03-25,1.438,1.4345,1.4415,1.423,15515562.0,0.2249889175097147,0.4059721511666667,0.32868902633333336,0.2653388233333333
2024-03-26,1.4385,1.4515,1.458,1.434,17333240.0,-0.0043831467628478,0.32612898,0.33818289566666665,0.335688139
2024-03-27,1.4555,1.44,1.4685,1.439,21763541.0,0.0,0.064174669,0.91056307,0.025262237
2024-03-28,1.4455,1.455,1.462,1.445,17522171.0,0.4704953730106354,0.51437619875,0.45825581275000005,0.0273679365
2024-04-02,1.455,1.4555,1.476,1.4465,18801594.0,0.1874892354011535,0.272028976,0.689220048,0.0387509405
2024-04-03,1.4585,1.515,1.5185,1.4585,29341270.0,0.0,0.0749640595,0.90189275,0.0231431785
2024-04-04,1.5135,1.544,1.5445,1.5125,28111665.0,0.9063060879707336,0.90630585,0.049422640500000004,0.044271512
2024-04-05,1.531,1.5315,1.5435,1.4925,24880159.0,0.1281387011210123,0.45802944500000004,0.20744181333333334,0.33452877833333333
2024-04-08,1.5345,1.549,1.552,1.5205,19492997.0,0.3193827668825785,0.5874489833333333,0.22621784,0.18633312666666665
2024-04-09,1.557,1.5005,1.5605,1.4975,26795849.0,0.1011720597743988,0.256461254375,0.6523524275,0.091186328375
2024-04-10,1.5005,1.5165,1.5235,1.48,23659932.0,0.3249845637215508,0.46046006055555555,0.4170779158888889,0.12246202477777778
2024-04-11,1.5235,1.469,1.527,1.448,28331465.0,0.0496397614479064,0.53949295,0.039521916000000004,0.4209851505
2024-04-12,1.45,1.4395,1.4655,1.432,28901056.0,-0.2198405521256583,0.2790693042,0.2167065922,0.5042240822
2024-04-15,1.433,1.4525,1.4805,1.4145,27433079.0,0.3534783571958542,0.40621067075,0.458521515,0.13526776899999998
2024-04-16,1.4155,1.4025,1.425,1.3985,23513131.0,0.4480907320976257,0.474953275,0.503984994,0.0210617615
2024-04-17,1.41,1.4435,1.451,1.409,19255453.0,0.4757154881954193,0.51605313,0.46726662700000005,0.0166802375
2024-04-18,1.456,1.5025,1.5075,1.4535,27976898.0,0.3145696719487508,0.344172111,0.6266199283333332,0.029207945
2024-04-19,1.4795,1.4845,1.4885,1.457,24108867.0,-0.4870378375053406,0.234142086,0.26279072750000004,0.5030672825
2024-04-22,1.5,1.4945,1.506,1.481,18178637.0,-0.1625343561172485,0.2945920166666667,0.5272642433333333,0.17814374033333333
2024-04-23,1.4995,1.5195,1.5355,1.4985,23988351.0,0.6796038299798965,0.6918161085000001,0.27740925899999996,0.03077462425
2024-04-24,1.532,1.506,1.535,1.4925,27039418.0,-0.0847263733545939,0.26122605000000004,0.4049189643333333,0.333854967
2024-04-25,1.582,1.6375,1.7365,1.579,167743904.0,0.2763942438695166,0.4292216595428571,0.4006598988857143,0.17011843671428573
2024-04-26,1.6375,1.691,1.727,1.6335,49306858.0,0.1866736769676208,0.2354423664,0.7437300044,0.020827638399999997
2024-04-29,1.71,1.7375,1.74,1.6885,45184681.0,0.0,0.04442548,0.87761818,0.077956325
2024-04-30,1.74,1.796,1.8735,1.706,125735646.0,0.235509805381298,0.3618455575,0.60265823675,0.035496190125
2024-05-02,1.9035,1.86,1.97,1.853,90586614.0,0.0169215385730449,0.23171037469230768,0.6113920404615385,0.1568975836923077
2024-05-03,1.871,1.885,1.897,1.828,62336142.0,0.4134712368249893,0.557919107,0.3971034433333333,0.04497743866666667
2024-05-06,1.9005,1.8895,1.931,1.8795,51102061.0,-0.084939377175437,0.20946015355555556,0.5371253327777779,0.2534145121111111
2024-05-07,1.82,1.881,1.898,1.81,58366868.0,-0.0013575702905654,0.352343191875,0.281259741625,0.366397062
2024-05-08,1.82,1.7995,1.8335,1.788,61449638.0,-0.1764536987651478,0.12814416177,0.5265591148000001,0.3452967331
2024-05-09,1.894,1.8565,1.927,1.8435,92848112.0,-0.0550796268951325,0.23518193593749998,0.46203704830000003,0.30278101474999997
2024-05-10,1.86,1.87,1.8815,1.84,28410137.0,-0.0738327259367162,0.23331035890000001,0.48197771100000003,0.2847119221
2024-05-13,1.863,1.8665,1.8665,1.8445,17533160.0,0.2802950739860534,0.44369354333333333,0.38996007083333334,0.16634633783333333
2024-05-14,1.8605,1.8735,1.877,1.847,24837341.0,-0.2832369108994801,0.030084016400000003,0.575649013,0.3942669366
2024-05-15,1.88,1.904,1.9135,1.8785,28067623.0,0.3785977482795715,0.48942680625,0.457373199,0.05320000949999999
2024-05-16,1.894,1.8575,1.9,1.855,27532753.0,-0.1168675497174263,0.169270035375,0.54414546575,0.28658452075
2024-05-17,1.862,1.8885,1.9115,1.862,23504838.0,0.3267895238740103,0.5194378378333333,0.3357289901666667,0.14483315616666667
2024-05-20,1.895,1.886,1.9,1.879,14952234.0,0.3991595357656479,0.21429606140000002,0.551285308,0.234418623
2024-05-21,1.88,1.8975,1.908,1.8795,15560930.0,0.1822950601577758,0.27444404425,0.6752344195,0.0503215345
2024-05-22,1.91,1.927,1.944,1.895,28687894.0,0.4741051495075226,0.498529962,0.4731195325,0.02835049
2024-05-23,1.924,1.9105,1.952,1.9105,17986826.0,0.030461941894732,0.13748662318181817,0.7765462993333333,0.08596708215151516
2024-05-24,1.9065,1.9095,1.925,1.895,13879038.0,0.4056991537412007,0.42980503116666663,0.5258472103333334,0.04434775183333334
2024-05-27,1.9165,1.9095,1.9365,1.896,11756522.0,,0.6549545320661335,0.3065135620269384,0.03853190767148171
2024-05-28,1.918,1.921,1.936,1.9015,13314346.0,0.6471410036087036,0.5948313625,0.343266890625,0.0619017609375
2024-05-29,1.934,1.902,1.934,1.887,14811840.0,0.2324584573507309,0.29932263957142863,0.6274844227142857,0.07319294542857144
2024-05-30,1.905,1.94,1.94,1.905,22215393.0,0.1882076501846313,0.32105397,0.6168112192,0.06213481712
2024-05-31,1.95,1.9385,1.9555,1.926,385949404.0,0.1111019998788833,0.27709577514285716,0.5689997408571429,0.15390449171428572
2024-06-03,1.96,1.924,1.9715,1.921,22354381.0,0.0,0.020291487,0.88541,0.09429855
2024-06-04,1.924,1.858,1.926,1.823,38911465.0,0.1621692478656768,0.381762164,0.38525055671428576,0.23298724785714287
2024-06-05,1.854,1.8715,1.879,1.834,21603332.0,0.5803171080701491,0.48348980550000004,0.3848643788333333,0.13164581466666667
2024-06-06,1.8575,1.8975,1.8975,1.8555,12469388.0,0.4335261285305023,0.38210990759999997,0.586889426,0.031000643799999998
2024-06-07,1.895,1.921,1.9255,1.889,14196020.0,0.4852705657482147,0.4445608550909091,0.3495016534545455,0.205937485
2024-06-10,1.93,1.9,1.933,1.888,11939886.0,0.612367100575391,0.527552687,0.334157756,0.13828957949999998
2024-06-11,1.8965,1.8655,1.9,1.851,11547873.0,0.212556704878807,0.17591646114285714,0.7940463185714286,0.03003723014285714
2024-06-12,1.877,1.825,1.8795,1.8155,24167934.0,0.1748633583386739,0.21455037866666668,0.7676661033333333,0.017783503333333332
2024-06-13,1.815,1.78,1.8285,1.7655,18248378.0,0.2674363340650286,0.2743541475,0.529524001875,0.19612181875
2024-06-14,1.767,1.742,1.776,1.7015,26780349.0,-0.0773363364370245,0.25062798109999995,0.322859464,0.4265125175000001
2024-06-17,1.763,1.7525,1.775,1.724,15439001.0,0.0629234910011291,0.2874910765,0.521364460875,0.19114446164999999
2024-06-18,1.78,1.767,1.793,1.7565,11363750.0,-0.0303996030022116,0.12174976855555555,0.6241720141111111,0.25407821266666664
2024-06-19,1.774,1.7815,1.795,1.756,9689575.0,0.4566278457641602,0.46665662649999995,0.39127044,0.14207290849999998
2024-06-20,1.799,1.7825,1.799,1.7715,8623602.0,0.4661927342414856,0.4744391454,0.4698037886,0.055757069000000006
2024-06-21,1.7785,1.767,1.783,1.7275,23278963.0,0.0338180661201477,0.3736528547142857,0.4086295247142857,0.21771763714285713
2024-06-24,1.772,1.81,1.8135,1.7655,9480070.0,0.5301457217761448,0.5489227527142857,0.4084672777142857,0.042610000571428566
2024-06-25,1.815,1.788,1.821,1.775,9457655.0,0.0919792311532157,0.28601557066666666,0.5068762370000001,0.2071081995
2024-06-26,1.794,1.773,1.8,1.756,7986122.0,0.0,0.05866230275,0.897410715,0.043926997249999995
2024-06-27,1.7735,1.7905,1.8,1.7545,10631775.0,-0.4852496087551117,0.0651589305,0.44259618900000003,0.492244827
2024-06-28,1.797,1.8005,1.807,1.78,14999662.0,0.3713124394416809,0.470218542,0.49869275440000005,0.031088730399999997
2024-07-01,1.837,1.8515,1.857,1.8115,14095712.0,0.1897759556770324,0.2562483138,0.6926160894,0.0511355794
2024-07-02,1.8505,1.82,1.8505,1.79,11264449.0,0.0,0.101766841,0.855763015,0.042470096
2024-07-03,1.825,1.8625,1.87,1.814,9581572.0,0.0,0.11398519,0.8714581,0.014556707
2024-07-04,1.868,1.8855,1.8855,1.863,8079366.0,0.0418737133344014,0.36981411599999997,0.21018871066666667,0.41999716099999995
2024-07-05,1.881,1.8725,1.89,1.853,8595957.0,0.4955059800829206,0.639213824857143,0.1942254304285714,0.16656074414285715
2024-07-08,1.8635,1.871,1.893,1.86,9875609.0,0.4560545980930328,0.4663325275,0.47995864299999996,0.053708847
2024-07-09,1.87,1.845,1.8745,1.8345,11211748.0,-0.1938273668289185,0.05501750849999999,0.66777174075,0.27721072925
2024-07-10,1.841,1.8725,1.8815,1.841,7896018.0,0.0,0.08144645,0.9034448,0.015108745
2024-07-11,1.887,1.889,1.895,1.871,11698648.0,0.234730139374733,0.2990496265,0.60117819,0.09977217
2024-07-12,1.88,1.907,1.9095,1.88,10966140.0,0.4730811864137649,0.637135196,0.3114188233333333,0.05144597533333334
2024-07-15,1.9,1.902,1.92,1.8775,12009307.0,-0.3374418616294861,0.31163204166666664,0.03254948966666667,0.6558184966666666
2024-07-16,1.899,1.892,1.903,1.879,8144090.0,0.0,0.065723017,0.9094907249999999,0.024786237000000003
2024-07-17,1.8905,1.929,1.929,1.881,11038590.0,0.9190501868724824,0.919050245,0.055937317,0.0250124675
2024-07-18,1.93,1.9515,1.9645,1.928,14392612.0,0.4685907661914826,0.5201635,0.4586780535,0.021158447499999997
2024-07-19,1.9405,1.943,1.9645,1.9355,14408694.0,0.6264919638633728,0.6648600316666666,0.30681469366666664,0.028325221666666667
2024-07-22,1.958,1.997,1.9985,1.956,15425904.0,0.8805691301822662,0.880568925,0.036509197,0.082921878
2024-07-23,2.0,2.038,2.038,1.983,29704009.0,0.4087419199446837,0.5502194534361703,0.33851332165957443,0.11126723127659574
2024-07-24,2.05,2.022,2.05,2.013,15544687.0,-0.1461159388224283,0.226496625,0.44085128133333334,0.33265209883333335
2024-07-25,2.0,1.9985,2.008,1.9545,12210983.0,-0.2737295925617218,0.085275818,0.633702985,0.281021191
2024-07-26,2.011,1.994,2.015,1.9825,9513552.0,0.0159706132752554,0.35664858128571425,0.3678778798571428,0.27547354485714287
2024-07-29,2.004,1.994,2.019,1.974,7416777.0,0.0,0.019398892,0.87872934,0.10187177
2024-07-30,1.99,2.014,2.025,1.9775,11284495.0,0.0,0.05707591825,0.904722445,0.03820160425
2024-07-31,2.03,1.952,2.03,1.936,22629234.0,0.6156889617443084,0.646736972,0.3030999077,0.050163108899999996
2024-08-01,1.94,1.8425,1.9405,1.836,22953838.0,0.2587929282869611,0.3292670124285714,0.5246879521428571,0.14604504932857143
2024-08-02,1.8,1.766,1.8365,1.7625,22510085.0,0.0,0.132636484,0.8010681266666667,0.06629541133333333
2024-08-05,1.698,1.713,1.73,1.67,30937896.0,-0.3256847759087881,0.19973959766666669,0.29363666633333335,0.5066237240833333
2024-08-06,1.7545,1.7205,1.76,1.6905,21401418.0,0.3615122079849243,0.32208507760000005,0.5481324964000001,0.1297824028
2024-08-07,1.7605,1.7795,1.794,1.7425,16993524.0,0.3164147138595581,0.3718847863333334,0.5797627276666667,0.0483524505
2024-08-08,1.764,1.7725,1.783,1.7365,10076859.0,0.0,0.1577750775,0.78474033,0.057484601
2024-08-09,1.792,1.78,1.809,1.7675,7959126.0,-0.1771280020475387,0.126081927,0.6005144623333334,0.27340359333333336
2024-08-12,1.8,1.788,1.8045,1.7775,6242155.0,0.4530323445796966,0.46275178499999997,0.455119727,0.08212844999999999
2024-08-13,1.8025,1.791,1.807,1.776,7838222.0,0.1859874427318573,0.26212569133333335,0.6851837666666666,0.052690543
2024-08-14,1.81,1.793,1.81,1.786,6831645.0,0.942061483860016,0.9420615,0.03599021,0.021948338
2024-08-15,1.796,1.848,1.848,1.791,9214466.0,0.0,0.0839709855,0.85569038,0.06033862925
2024-08-16,1.849,1.859,1.859,1.838,8359089.0,0.7427005410194397,0.7235622168333333,0.2390260118333333,0.03741178433333333
2024-08-19,1.86,1.9095,1.9095,1.859,11020973.0,0.0,0.050883633,0.8849771150000001,0.0641393015
2024-08-20,1.909,1.9005,1.9175,1.886,8000076.0,0.0,0.063175065,0.8821705766666667,0.05465437333333333
2024-08-21,1.896,1.903,1.907,1.8845,7507244.0,,0.23693524790633305,0.7559464446121984,0.007118304286403074
2024-08-22,1.897,1.895,1.909,1.881,9913132.0,,0.3837481231517581,0.6671258982093273,0.0
2024-08-23,1.906,1.919,1.9215,1.899,8068050.0,0.3148087064425151,0.3681231463333334,0.6030501456666667,0.028826715666666666
2024-08-26,1.911,1.92,1.9275,1.9035,4851885.0,,0.16747856005056863,0.5616093883523188,0.27091204695440585
2024-08-27,1.912,1.931,1.9335,1.912,7591904.0,-0.1079711467027664,0.15399763099999997,0.48959347825,0.35640889
2024-08-28,1.9385,1.922,1.9385,1.8965,9380868.0,0.464778795838356,0.6270278883333333,0.310862164,0.06210997166666667
2024-08-29,1.9225,1.918,1.9335,1.9165,7730575.0,0.9534296989440918,0.9534297,0.02665328,0.01991698
2024-08-30,1.918,1.943,1.943,1.918,16962769.0,-0.2504026144742965,0.2675183965,0.2352884895,0.49719310325
2024-09-02,1.946,1.947,1.96,1.9295,7741136.0,-0.0297493338584899,0.458962858,0.031580056,0.509457011
2024-09-03,1.95,1.8675,1.9525,1.867,14964510.0,0.3628281176090241,0.5193519436,0.3542949525,0.12635310135
2024-09-04,1.821,1.833,1.8565,1.817,12976333.0,-0.6267812450726827,0.037468947999999995,0.330967901,0.6315631323333334
2024-09-05,1.825,1.845,1.868,1.82,11209208.0,0.3866200000047683,0.50187156,0.482891165,0.015237291750000001
2024-09-06,1.85,1.807,1.8585,1.806,14913963.0,-0.0906401991844177,0.1864220454,0.5939239986,0.2196539478
2024-09-09,1.822,1.824,1.8405,1.813,9604569.0,0.0,0.050159969,0.9076605433333333,0.042179464666666666
2024-09-10,1.826,1.806,1.8495,1.8,10311788.0,-0.2429906278848648,0.026880777666666664,0.6065911666666667,0.36652804
2024-09-11,1.821,1.8,1.8315,1.781,14190840.0,0.1881679058074951,0.24988263119999998,0.6819419659999999,0.0681753928
2024-09-12,1.82,1.8295,1.843,1.808,14531961.0,0.9446963667869568,0.94469637,0.02607858,0.02922499
2024-09-13,1.836,1.877,1.877,1.8255,14705072.0,0.3143457174301147,0.3481936543333333,0.6221598556666667,0.029646480333333336
2024-09-16,1.887,1.891,1.899,1.87,16764968.0,-0.1380574107170105,0.266355528,0.34065776225,0.392986696
2024-09-17,1.896,1.8865,1.915,1.8865,16161683.0,0.0,0.063964402,0.9008954650000001,0.03514012
2024-09-18,1.891,1.8955,1.912,1.89,12946703.0,0.9291319847106934,0.92913205,0.039754540500000005,0.031113481499999998
2024-09-19,1.915,1.942,1.942,1.9035,17813846.0,0.151727298895518,0.19960085949999998,0.7758197163333334,0.024579432499999998
2024-09-20,1.938,1.945,1.958,1.9305,29628350.0,0.6608489666666303,0.7511265518,0.0336096922,0.21526382019999998
2024-09-23,1.955,1.9545,1.97,1.9195,15020353.0,-0.8078938126564026,0.126178088,0.06592750750000001,0.807894415
2024-09-24,1.96,1.9375,1.975,1.936,12429027.0,-0.3232145309448243,0.039818833,0.6105957649999999,0.34958538
2024-09-25,1.933,1.94,1.9585,1.93,10551878.0,0.0,0.211554409,0.7529438866666666,0.03550169733333333
2024-09-26,1.9585,2.01,2.01,1.949,22414193.0,0.3023163505962917,0.46851791414285715,0.37744163614285714,0.1540404625714286
2024-09-27,1.924,1.9135,1.9395,1.8955,19643569.0,0.283310658401913,0.29083842299999996,0.5474480842857143,0.16171348442857142
2024-09-30,1.9105,1.909,1.923,1.8785,13727517.0,-0.9772699475288392,0.0118196515,0.010910438500000001,0.9772699499999999
2024-10-01,1.8995,1.7845,1.8995,1.784,24050934.0,-0.1628613869349162,0.041736737999999995,0.7588035138333332,0.19945971966666665
2024-10-02,1.798,1.7885,1.82,1.776,13537871.0,0.3443105667829513,0.3699769481111111,0.5435149452222222,0.08650810866666667
2024-10-03,1.7935,1.8005,1.813,1.765,10933214.0,0.6362397819757462,0.6455133505,0.31506449124999997,0.039422163125
2024-10-04,1.8015,1.847,1.862,1.8015,13606938.0,-0.0673806220293044,0.21868904135,0.52199150425,0.25931943425000004
2024-10-07,1.8665,1.8715,1.8845,1.8465,10640488.0,-0.0457431475321452,0.31178413,0.35396391099999996,0.33425197933333334
2024-10-08,1.86,1.861,1.8675,1.843,7829721.0,0.1301584623076699,0.19144698790909095,0.7374361212727273,0.07111687181818181
2024-10-09,1.8575,1.8525,1.8575,1.828,6585245.0,0.554201751947403,0.592914925,0.3170130385,0.09007202204999999
2024-10-10,1.85,1.842,1.8615,1.829,8567068.0,-0.3524982531865437,0.15086749233333333,0.3857474333333333,0.4633850725
2024-10-11,1.839,1.8575,1.863,1.8365,9931392.0,0.3762138386567433,0.5254577180000001,0.3661770756666667,0.10836519636666668
2024-10-14,1.858,1.886,1.886,1.851,10079639.0,-0.027583360671997,0.39190100499999997,0.18937027414285715,0.4187287394285714
2024-10-15,1.8815,1.8775,1.8905,1.858,8562085.0,0.3475017786026001,0.3836163828,0.5563088952,0.0600746922
2024-10-16,1.8605,1.854,1.8785,1.8435,7851556.0,0.4585122849260057,0.5783735857142858,0.3310168104285714,0.09060962800000001
2024-10-17,1.858,1.826,1.8695,1.826,8765295.0,-0.9745138883590698,0.009560306,0.015925746,0.9745139
2024-10-18,1.817,1.869,1.8795,1.807,12648740.0,-0.363521859049797,0.398907222,0.029218599999999997,0.5718742200000001
2024-10-21,1.8535,1.84,1.868,1.8315,6535631.0,-0.1798096299171447,0.319514569,0.252144378,0.428341087
2024-10-22,1.8415,1.8555,1.8555,1.816,8090110.0,0.0,0.073047986,0.8894029440000001,0.037549046
2024-10-23,1.85,1.8315,1.8545,1.8305,9226938.0,0.3799387067556381,0.4689052825,0.51387492,0.017219795500000003
2024-10-24,1.815,1.8055,1.84,1.8055,6789859.0,-0.974122166633606,0.008627504,0.017250424,0.97412217
2024-10-25,1.8005,1.805,1.826,1.8005,10303606.0,-0.9752291440963744,0.007610775,0.01716011,0.97522914
2024-10-28,1.826,1.8045,1.8295,1.788,8241662.0,0.0458736916383107,0.38238567433333337,0.25312587433333333,0.36448846166666665
2024-10-29,1.826,1.7955,1.8285,1.7905,11007497.0,0.1561787995425137,0.2831619503636364,0.5739606533636363,0.142877385
2024-10-30,1.79,1.819,1.824,1.774,9281139.0,0.1294446757861546,0.4174124584285714,0.2841719242857143,0.29841561328571425
2024-10-31,1.8245,1.7885,1.8245,1.77,15893336.0,0.2537357198948763,0.37647683565957446,0.47676702527659576,0.14675612685106385
2024-11-01,1.797,1.8535,1.8535,1.794,10478571.0,0.1408293470740318,0.42978959262500005,0.33577227375,0.234438118375
2024-11-04,1.8515,1.864,1.877,1.8405,11766495.0,0.1722038865089416,0.5641895546000001,0.0216858036,0.41412465359999995
2024-11-05,1.8585,1.874,1.8825,1.835,11120403.0,0.3309437795118852,0.37870078181818184,0.5676037619090909,0.05369544390909091
2024-11-06,1.8835,1.7525,1.887,1.728,36399867.0,0.4768254458904266,0.525474495,0.4550303865,0.019495069
2024-11-07,1.775,1.7935,1.8295,1.77,21961575.0,0.7551566123962403,0.526680833,0.45326109,0.020058054999999998
2024-11-08,1.7905,1.765,1.7945,1.741,16182110.0,-0.027215838432312,0.4042732912,0.1817980982,0.4139286124
2024-11-11,1.7755,1.7725,1.784,1.7625,7111704.0,0.4569156408309937,0.6561087896,0.21266343179999997,0.13122779680000002
2024-11-12,1.752,1.7475,1.7835,1.742,9451730.0,0.0561241110165914,0.18060608241666667,0.6819084116666666,0.13748550041666666
2024-11-13,1.749,1.7435,1.76,1.725,9165460.0,0.1924690008163452,0.41363689155000005,0.3456589967,0.24070409860000003
2024-11-14,1.756,1.8015,1.8015,1.753,8384111.0,0.3086523711681366,0.4088448382,0.5540400759999999,0.0371150396
2024-11-15,1.7925,1.843,1.844,1.7855,13655498.0,-0.1340733851705278,0.5634616616,0.0628822236,0.37365609060000005
2024-11-18,1.848,1.862,1.862,1.833,9995486.0,0.115258976817131,0.209990735625,0.744925599125,0.0450836848125
2024-11-19,1.87,1.8255,1.8735,1.79,12773015.0,-0.3889218091964722,0.05952280214285714,0.7700164715714285,0.17046069642857145
2024-11-20,1.83,1.833,1.86,1.816,7748146.0,-0.1373195871710777,0.4430927745,0.29060885816666665,0.26629832616666665
2024-11-21,1.84,1.8445,1.8475,1.8065,8730902.0,0.1798176169395447,0.42558050700000005,0.3223136285,0.2521058759
2024-11-22,1.848,1.8095,1.86,1.768,12964698.0,-0.4246371218136378,0.235843429,0.351338435,0.4128181596
2024-11-25,1.832,1.834,1.842,1.8135,13359182.0,0.28166463971138,0.334437282,0.452362899,0.21319982075
2024-11-26,1.82,1.782,1.822,1.774,10106773.0,0.2003607292970021,0.2987620532,0.5736630306,0.12757489786666668
2024-11-27,1.772,1.7635,1.79,1.747,8971183.0,0.2263091504573822,0.471885856,0.273824619,0.25428952025
2024-11-28,1.783,1.787,1.8005,1.779,4777851.0,0.0,0.058930789000000004,0.9200001250000001,0.0210690815
2024-11-29,1.794,1.7855,1.794,1.764,8166217.0,-0.2493131697177887,0.0314604041,0.6840909102,0.2844486861
2024-12-02,1.7645,1.785,1.793,1.7645,5380464.0,-0.1949611902236938,0.21205401679999997,0.3882479536,0.3996980464
2024-12-03,1.795,1.818,1.825,1.795,7761572.0,0.0786349872748057,0.2417417126111111,0.5160743384444444,0.2421839301111111
2024-12-04,1.827,1.8435,1.857,1.825,11159583.0,-0.1257776958601815,0.2838253162857143,0.32041192,0.39576277542857147
2024-12-05,1.8385,1.925,1.925,1.8385,21892087.0,0.2319041341543197,0.282272819,0.623967944,0.0937592315
2024-12-06,1.9215,1.897,1.937,1.8935,8564883.0,0.9163614511489868,0.9163613,0.03757505133333333,0.046063675
2024-12-09,1.9045,1.9105,1.925,1.8995,8191342.0,0.4348681569099426,0.76064972,0.023037409666666665,0.21631287300000002
2024-12-10,1.9005,1.9025,1.924,1.897,7870502.0,0.7683534622192383,0.6144853866666666,0.36524635666666666,0.020268242
2024-12-11,1.896,1.8775,1.911,1.8565,9374401.0,0.0,0.13947554,0.8459779,0.014546556
2024-12-12,1.885,1.905,1.913,1.885,6424130.0,-0.563492109378179,0.41960750866666663,0.08079437333333334,0.49959808
2024-12-13,1.906,1.92,1.9375,1.906,7330499.0,0.6304813424746195,0.6806580133333333,0.299365,0.019976983
2024-12-16,1.925,1.938,1.938,1.918,8185896.0,0.359715387225151,0.38554552124999997,0.46277443825,0.15168006925
2024-12-17,1.9315,1.883,1.938,1.872,8753830.0,0.2895848155021667,0.340060785,0.6028019543333333,0.057137236833333334
2024-12-18,1.8885,1.8975,1.91,1.8735,5232176.0,0.713100865483284,0.71957217,0.254882317,0.025545506750000002
2024-12-19,1.88,1.867,1.887,1.861,9946572.0,0.4401795268058777,0.47959203800000005,0.5090261475,0.011381830999999999
2024-12-20,1.8555,1.8445,1.8645,1.8185,27023690.0,-0.6497710347175598,0.01714548186666667,0.319755251,0.663099348
2024-12-23,1.857,1.828,1.857,1.821,6407005.0,0.0772586166858673,0.39391241925000003,0.356339286,0.2497482945625
2024-12-24,1.844,1.855,1.855,1.838,2178247.0,0.0934575389732014,0.24854447572727273,0.6810713936363636,0.07038412036363637
2024-12-27,1.857,1.866,1.8735,1.847,6082917.0,-0.7787234067916871,0.028478328,0.3183176346666667,0.6532040433333334
2024-12-30,1.861,1.8675,1.8855,1.846,8655001.0,0.3202030420303344,0.711642,0.020241506,0.26811648760000006
2024-12-31,1.865,1.877,1.8805,1.865,3630493.0,-0.2388213078180948,0.32313953433333337,0.46018494249999997,0.21667551166666665
2025-01-02,1.87,1.8605,1.881,1.7945,11081838.0,0.254375868373447,0.5934069233333333,0.1154051418888889,0.29118791544444445
2025-01-03,1.858,1.8635,1.8685,1.8515,4903226.0,0.0,0.147767172,0.78380205,0.0684308435
2025-01-06,1.878,1.9405,1.9435,1.8645,13084261.0,0.1350621581077575,0.4969578366666667,0.3107925483333333,0.19224958466666667
2025-01-07,1.93,1.9375,1.955,1.914,12399881.0,0.2159354209899902,0.4380442176,0.3761939834,0.1857617804
2025-01-08,1.938,1.983,1.989,1.938,18782608.0,0.9327135980129242,0.9327136375,0.02680997475,0.040476403
2025-01-09,1.9715,2.009,2.009,1.957,15380186.0,0.2319809347391128,0.3983151275,0.44359942124999996,0.1580854425
2025-01-10,2.0,2.018,2.049,1.991,18267126.0,0.4706370830535888,0.43215487,0.5468387456666667,0.021006357
2025-01-13,2.015,2.061,2.069,2.013,15922294.0,0.1310453787446022,0.433687909,0.20463361575,0.36167846475
2025-01-14,2.07,2.089,2.117,2.069,14750349.0,0.5290761351585388,0.5553906996,0.3795095032,0.0650997888
2025-01-15,2.09,2.101,2.111,2.068,9221142.0,0.8329538628458977,0.832953495,0.03772154525,0.129324937
2025-01-16,2.12,2.097,2.144,2.08,14915077.0,0.0,0.17728408,0.80390877,0.018807188
2025-01-17,2.088,2.102,2.116,2.086,9359824.0,0.1598947544892629,0.5484366333333334,0.2840640386666667,0.16749931266666665
2025-01-20,2.12,2.139,2.156,2.095,15754840.0,0.1028171777725219,0.59010652,0.035041782,0.3748517465
2025-01-21,2.132,2.137,2.139,2.114,9729454.0,0.0,0.0775460188,0.878067364,0.044386606
2025-01-22,2.136,2.119,2.146,2.106,15941354.0,-0.0053632259368896,0.33987782333333333,0.3267185276666667,0.333403685
2025-01-23,2.1,2.193,2.193,2.1,16455722.0,0.0,0.12735558933333332,0.84757943,0.025064978666666664
2025-01-24,2.2,2.21,2.215,2.189,14915204.0,0.766881674528122,0.7668809000000001,0.189195383,0.0439237175
2025-01-27,2.19,2.217,2.225,2.183,12936113.0,-0.2763749957084656,0.337461505,0.3752261375,0.28731241500000004
2025-01-28,2.208,2.26,2.264,2.207,15423211.0,0.6004719734191895,0.6224007896666667,0.31968694966666666,0.057912249666666665
2025-01-29,2.273,2.277,2.289,2.26,12951002.0,0.4768254458904266,0.6725599,0.3016182865,0.025821829
2025-01-30,2.29,2.304,2.351,2.273,19416517.0,0.3127600738876744,0.44267520083333334,0.3898186865,0.16750610444444447
2025-01-31,2.304,2.278,2.326,2.266,14180875.0,0.3137103915214538,0.401722852,0.5722435103333333,0.02603367066666667
2025-02-03,2.2,2.226,2.24,2.15,19325208.0,-0.5024146636327108,0.17591539999999997,0.314586989,0.5094976
2025-02-04,2.246,2.272,2.273,2.216,11427774.0,0.3363949730992317,0.42144014425,0.527346388625,0.051213453
2025-02-05,2.285,2.278,2.3,2.268,13870091.0,0.9327072858810423,0.9398926,0.027205957333333336,0.03290142333333334
2025-02-06,2.3,2.41,2.411,2.293,28251225.0,-0.2314603626728058,0.0750195825,0.6703121842499999,0.254668256
2025-02-07,2.468,2.384,2.468,2.356,25198200.0,0.2601764035224914,0.3495791663020833,0.5219295157083333,0.12849131438541667
2025-02-10,2.416,2.362,2.416,2.358,15809902.0,0.079567185470036,0.449058589,0.17442807733333332,0.3765133805
2025-02-11,2.364,2.407,2.407,2.356,13635092.0,0.2557196140289307,0.3005458135,0.6524168623571428,0.047037318
2025-02-12,2.42,2.455,2.467,2.419,19442393.0,0.2359449565410613,0.51699757825,0.22398394825,0.259018462
2025-02-13,2.46,2.452,2.466,2.429,17965948.0,0.0,0.15075748,0.82873654,0.020505987
2025-02-14,2.448,2.479,2.48,2.446,16408598.0,0.4679111540317536,0.5606248366666667,0.3945549433333333,0.04482020166666667
2025-02-17,2.488,2.485,2.511,2.483,13838052.0,0.0526995807886123,0.40717831375,0.38556936475,0.207252292
2025-02-18,2.5,2.545,2.545,2.489,13599958.0,-0.0250830054283142,0.46052547925,0.035441545,0.5040330265
2025-02-19,2.546,2.5,2.552,2.488,13242457.0,0.6129722714424133,0.58516219,0.36216823449999996,0.052669561
2025-02-20,2.492,2.504,2.529,2.487,11642753.0,0.1231088995933532,0.2717929026,0.6163857305,0.11182136540000001
2025-02-21,2.5,2.52,2.523,2.485,13088703.0,-0.0095106561978657,0.4377805023333334,0.21753832683333332,0.3446812133333333
2025-02-24,2.533,2.564,2.564,2.52,14034266.0,0.141662855943044,0.495024278,0.30857987466666664,0.19639582166666666
2025-02-25,2.565,2.587,2.629,2.545,18021813.0,0.9385892351468405,0.9385892666666668,0.03039286466666667,0.03101786233333333
2025-02-26,2.608,2.653,2.656,2.6,12314064.0,-0.1880951404571533,0.1438407194,0.643054896,0.21310438560000003
2025-02-27,2.64,2.665,2.685,2.63,15228901.0,0.4385068416595459,0.568923635,0.383279785,0.047796617
2025-02-28,2.635,2.658,2.658,2.612,19417765.0,0.1906398013234138,0.455078356375,0.26750134325,0.277420299875
2025-03-03,2.68,2.71,2.726,2.637,18421632.0,0.3490127465304206,0.4363984545294118,0.4262079640588235,0.13739356664705882
2025-03-04,2.687,2.582,2.688,2.538,28768248.0,0.4605244994163513,0.5169051259999999,0.36879540359999996,0.1142994169
2025-03-05,2.69,2.697,2.72,2.644,23847931.0,0.2166413515806198,0.31247848349999996,0.642162935,0.0453585785
2025-03-06,2.71,2.737,2.766,2.682,21935616.0,0.3011261721452077,0.3578800288333333,0.5729652399999999,0.06915472733333333
2025-03-07,2.7,2.73,2.743,2.675,11628669.0,0.4905181646347046,0.6882696568,0.0732440904,0.23848624040000002
2025-03-10,2.739,2.666,2.739,2.632,17311049.0,0.117958839982748,0.3516043460625,0.49132459287499997,0.1570710406875
2025-03-11,2.65,2.625,2.673,2.593,16745171.0,0.3109914064407348,0.4103767233333333,0.5470426666666667,0.042580587
2025-03-12,2.648,2.682,2.692,2.632,12846338.0,0.409167726834615,0.557158651,0.26277067311111113,0.18007066500000002
2025-03-13,2.656,2.649,2.692,2.634,9840425.0,-0.1792117178440094,0.15086016625,0.46307504043750003,0.3860647774375
2025-03-14,2.64,2.714,2.728,2.625,12235164.0,0.1873777161041895,0.4471629334,0.2661166485,0.2867204263
2025-03-17,2.719,2.733,2.748,2.696,9175146.0,0.0974881130716075,0.3044330166956522,0.5226147712173913,0.17295220682608695
2025-03-18,2.75,2.8,2.8,2.746,15182359.0,0.3424014627933502,0.46344348962500004,0.487505359375,0.049051149875
2025-03-19,2.78,2.786,2.791,2.73,14262471.0,-0.0169373353322347,0.32308282488888884,0.35548337044444445,0.32143380066666666
2025-03-20,2.792,2.742,2.8,2.708,16831157.0,0.2194366343319416,0.28590131588461537,0.612822152,0.10127651746153846
2025-03-21,2.76,2.78,2.789,2.717,27805644.0,0.4368466436862945,0.5396515495789473,0.3593022892631579,0.10104616477894737
2025-03-24,2.802,2.76,2.825,2.743,15105840.0,0.1314385259151458,0.29876936708333335,0.5570580495,0.144172583375
2025-03-25,2.79,2.806,2.819,2.76,16704580.0,0.5926908850669861,0.6189746325000001,0.24778515400000004,0.1332402
2025-03-26,2.698,2.664,2.705,2.646,18588959.0,0.1794770251620899,0.22696739563636364,0.6591384975454545,0.11389410236363635
2025-03-27,2.631,2.646,2.647,2.581,10662558.0,0.5312668681144714,0.49035017940000003,0.45497751849999996,0.054672286599999995
2025-03-28,2.59,2.588,2.669,2.581,14952071.0,0.1975050734149085,0.2902985074,0.48208699866666666,0.2276145050666667
2025-03-31,2.555,2.581,2.594,2.498,23682907.0,-0.1067950257233211,0.4539005498214285,0.0376160025,0.5084834321428572
2025-04-01,2.603,2.632,2.635,2.56,15576152.0,-0.2433702349662781,0.03160835125,0.646534895,0.3218567335
2025-04-02,2.632,2.63,2.632,2.596,12525840.0,0.1096849793737584,0.3452859197,0.47216677884999997,0.1825472911
2025-04-03,2.52,2.589,2.6,2.5,23066086.0,-0.2411398440599441,0.20592354137500002,0.39980249125,0.394273962125
2025-04-04,2.517,2.305,2.53,2.234,57376891.0,-0.6306320062050452,0.044001343681818184,0.19730941745454544,0.7586892381818182
2025-04-07,1.9055,2.179,2.281,1.9005,60328083.0,-0.1626239602382366,0.4273143327307692,0.04761332238461539,0.5250723372307692
2025-04-08,2.268,2.257,2.313,2.181,30340076.0,-0.2979340136051178,0.1274010746875,0.475636039625,0.396962888
2025-04-09,2.17,2.213,2.248,2.1,26164803.0,-0.0881262561854194,0.14830064066666668,0.5762748687333333,0.2754244756
2025-04-10,2.654,2.35,2.662,2.35,32620017.0,0.4939934942457411,0.5399761122857143,0.42249351342857144,0.03753037860714286
2025-04-11,2.378,2.357,2.414,2.312,15114201.0,0.7354088306427001,0.69987194125,0.24514627875,0.0549817745
2025-04-14,2.41,2.42,2.43,2.393,14018199.0,0.275374561548233,0.5810810224,0.19323665569999998,0.2256823302
2025-04-15,2.445,2.491,2.496,2.419,15237860.0,0.4478755295276642,0.693354695,0.04565380525,0.2609915385
2025-04-16,2.47,2.504,2.504,2.434,14837999.0,0.1336146116256714,0.20687058192307692,0.7186807576923078,0.07444865853846154
2025-04-17,2.51,2.478,2.538,2.447,14688954.0,-0.1491023227572441,0.2753969542857143,0.161018152,0.5635848729285714
2025-04-22,2.478,2.504,2.52,2.454,13452855.0,0.2505279332399368,0.3232731374,0.5620332892000001,0.1146935694
2025-04-23,2.54,2.588,2.589,2.527,17305561.0,0.1876055240631103,0.2692253592,0.6761613268,0.054613293900000005
2025-04-24,2.585,2.568,2.597,2.562,11097704.0,0.1266260345776876,0.2992365006666667,0.66055029,0.040213201999999997
2025-04-25,2.594,2.618,2.618,2.583,9989199.0,0.1520707170168558,0.4581623494642857,0.21373306592857144,0.32810457171428575
2025-04-28,2.645,2.657,2.679,2.635,12520807.0,0.1835176150004069,0.6190287883333334,0.024034106444444443,0.35693711699999997
2025-04-29,2.68,2.617,2.693,2.586,14762784.0,0.0627005795637766,0.3565238755833333,0.3845079404166667,0.2589681916666667
2025-04-30,2.64,2.564,2.642,2.531,18977889.0,0.029965916275978,0.13155843744444443,0.8077839472222222,0.06065759916666666
2025-05-02,2.635,2.53,2.638,2.52,18518201.0,0.2378857210278511,0.3880107175714286,0.38056651914285716,0.23142275885714286
2025-05-05,2.521,2.544,2.564,2.521,11303896.0,0.0257751090185982,0.3539908807142857,0.3851136947142857,0.260895412
2025-05-06,2.545,2.515,2.572,2.498,14984390.0,-0.0979511908122471,0.3488968981428572,0.277652417,0.373450664
2025-05-07,2.518,2.553,2.563,2.505,13688295.0,0.0759159794875553,0.2044330632142857,0.6669312950714286,0.12863562971428572
2025-05-08,2.568,2.646,2.646,2.555,20195113.0,0.6356779739260674,0.60334730390625,0.34455461503125,0.0520980855625
2025-05-09,2.65,2.626,2.673,2.616,14852430.0,0.2204375192523002,0.3738752885,0.45344057875,0.17268415774999998
2025-05-12,2.66,2.681,2.687,2.636,15866851.0,-0.0661979275090353,0.3814460232857143,0.23322033064285713,0.3853336319285714
2025-05-13,2.679,2.699,2.72,2.665,14919285.0,-0.1699405397687639,0.13604677042857144,0.6140467164285714,0.2499065187142857
2025-05-14,2.711,2.738,2.74,2.7,16274437.0,0.1260287364323934,0.17573813058333332,0.7537311099999999,0.07053076008333332
2025-05-15,2.726,2.708,2.738,2.698,12071660.0,0.1847805182139078,0.25546569,0.5788365983333333,0.16569768533333334
2025-05-16,2.716,2.731,2.739,2.696,16893503.0,0.3728247625487191,0.5260525032857143,0.2813251047142857,0.1926223842857143
2025-05-19,2.738,2.77,2.788,2.735,14105357.0,0.0867986414167616,0.53540215,0.11465902133333333,0.3499388248888889
2025-05-20,2.785,2.825,2.825,2.784,16822059.0,-0.0908979058265686,0.3003688882,0.4025271148,0.2971040196
2025-05-21,2.815,2.786,2.845,2.755,15583522.0,0.0567874780723026,0.18128893592857143,0.711638854642857,0.10707220835714285
2025-05-22,2.771,2.822,2.824,2.771,12548223.0,0.4501368403434753,0.488633031,0.4811924155,0.0301745445
