Date,OPEN_PRC,TRDPRC_1,HIGH_1,LOW_1,ACVOL_UNS,daily_sentiment_score,positive_sentiment_fingpt,neutral_sentiment_fingpt,negative_sentiment_fingpt
2020-06-02,1.980942,2.055525,2.080702,1.961941,79058673.759539,0.0,0.044154428,0.8537038,0.10214172
2020-06-03,2.086878,2.121081,2.134382,2.065026,104291379.927436,-0.416748046875,0.05567313375,0.4344434825,0.5098833675
2020-06-04,2.102554,2.156234,2.185212,2.072151,122072227.503383,0.0,0.2463357,0.45756626,0.29609802
2020-06-05,2.213715,2.400883,2.403734,2.211815,155400999.443826,-0.9627937078475952,0.0070233294,0.030182969,0.9627937
2020-06-08,2.375231,2.427486,2.47024,2.352904,135220685.294151,-1.6541361770177492,0.0,0.0,1.4570095534058214
2020-06-09,2.412284,2.375706,2.42036,2.303974,96564698.283373,-1.7037342484169202,0.0,0.0,1.5230607780028205
2020-06-10,2.41561,2.309199,2.464539,2.287822,79931942.237197,-0.967371106147766,0.0079302555,0.024698576,0.9673711
2020-06-11,2.194713,2.094478,2.209915,2.094478,124876986.391995,0.3710398077964782,0.49626996,0.491861485,0.01186852425
2020-06-12,2.0636,2.102554,2.173811,2.0541,79614462.822422,0.9125192761421204,0.91251904,0.07280453,0.014676379
2020-06-15,1.997569,2.043173,2.068351,1.995194,86674641.278136,0.0,0.02121269,0.7513254,0.22746189
2020-06-16,2.11348,2.137708,2.197088,2.069301,84410554.577584,0.0,0.08955625,0.5144429,0.39600083
2020-06-17,2.132007,2.134857,2.180462,2.102079,75175825.104635,0.0,0.078719325,0.80941963,0.111861005
2020-06-18,2.111105,2.076902,2.155759,2.039848,79183105.454993,-0.0492613884144148,0.022318873816194455,1.0822372390053867,0.0
2020-06-19,2.109205,2.045549,2.11538,2.037948,210324099.243165,-0.1170549160648377,0.0,1.183206084732813,0.0
2020-06-22,2.031772,2.023222,2.065026,2.00707,44606919.51545,-0.2033805829512684,0.0,1.1123261671822786,0.0
2020-06-23,2.051249,2.122981,2.15861,2.031772,67923023.6254,-0.2997715276656714,0.0,0.8975825126626165,0.2239631025275563
2020-06-24,2.107305,2.028447,2.151009,2.028447,45735678.516758,-0.3554265817598325,0.0,0.706885279026822,0.411644518652064
2020-06-25,2.023697,2.079277,2.085928,1.987593,59614636.039873,-0.361878883825716,0.0,0.5682194925837275,0.49764717580954515
2020-06-26,2.10683,2.015621,2.111105,2.015621,48146301.963931,-0.3191284338633219,0.03644375833333333,0.4815851533333333,0.48197107400000005
2020-06-29,2.024172,2.096854,2.11063,2.001369,49308797.672625,-0.2271752318726502,0.1884015583148131,0.4469822612756392,0.3646162132234283
2020-06-30,2.082602,2.065976,2.098754,2.021796,54657288.228622,-0.0976125476529815,0.3609585380110347,0.4724834643286062,0.1665580793388073
2020-07-01,2.067876,2.036048,2.085453,2.015146,37619751.172087,0.0,0.37982583,0.60652465,0.0136495875
2020-07-02,2.074051,2.171436,2.208965,2.055525,84146156.920402,0.0,0.250451635,0.73831797,0.011230400500000001
2020-07-03,2.169536,2.116331,2.182362,2.093053,38762504.265219,-0.3386907279491424,0.165188705,0.313890765,0.52092056
2020-07-06,2.195663,2.220366,2.26217,2.185212,62166797.97106,-0.5701213205789105,0.07078146683195218,0.1695244463007159,0.7596941232765791
2020-07-07,2.194713,2.154334,2.207064,2.154334,46230681.819368,-0.6080242445201416,0.0,0.38872102331372566,0.6344143435723032
2020-07-08,2.134382,2.105405,2.144833,2.098754,42710582.855855,-0.434814304113388,0.028998481,0.5173506449999999,0.45365086
2020-07-09,2.124406,2.065976,2.132957,2.064551,36510416.525362,-0.0475606334154091,0.25144302440902416,0.4797250028530338,0.26883194574514113
2020-07-10,2.042698,2.109205,2.109205,2.037948,44277422.357364,0.5537367675737956,0.6441982725619977,0.2758440968728271,0.0799576008077266
2020-07-13,2.151484,2.133907,2.16621,2.108255,39371612.998822,1.002446297109019,0.9550880621839722,0.07406748020620692,0.0
2020-07-14,2.123456,2.113005,2.132482,2.082127,41857853.167949,0.9319363534450532,0.93193623,0.042754705999999996,0.025309069
2020-07-15,2.130582,2.153859,2.183787,2.067876,69930089.019161,0.3422069365818989,0.5747427760100806,0.18190577425420645,0.24335149465838038
2020-07-16,2.151009,2.147684,2.177612,2.124881,36768597.136903,-0.0142562687397003,0.34139735849999997,0.2976888,0.3609138975
2020-07-17,2.139608,2.104454,2.146258,2.079277,58924875.799957,0.6150324222209993,0.6897896357555433,0.19627189826855454,0.11393846033326921
2020-07-20,2.099704,2.099704,2.106355,2.064076,31734152.95101,0.8581623435020447,0.8581622,0.11512891,0.02670884
2020-07-21,2.117281,2.087828,2.197088,2.075477,72541927.492844,-0.1924739480018615,0.2823898098,0.3271572572,0.3904529228
2020-07-22,2.085453,2.043649,2.108255,2.032247,47162826.491418,0.0,0.11650656499999999,0.8702126450000001,0.013280779999999999
2020-07-23,2.048399,2.012295,2.0636,2.00422,40504886.088656,0.4062301012690018,0.36759124264978943,0.7316039668949927,0.0
2020-07-24,1.996144,2.019896,2.042698,1.981893,41780825.662896,0.631933331489563,0.6319323,0.35607696,0.011990788
2020-07-27,2.004695,1.971442,2.007545,1.949114,41919178.406671,0.5317695511953168,0.5375770925168554,0.36306314269180007,0.0993598056580231
2020-07-28,1.963841,1.997569,2.00802,1.961466,32385679.090671,0.1479059134220234,0.17540282094783077,0.6433246236182695,0.18127255992068325
2020-07-29,1.966691,1.90351,1.980942,1.881183,80272121.485955,-0.2666546636157565,0.09067268977777777,0.5414340546666667,0.36789324344444446
2020-07-30,1.903985,1.794154,1.90921,1.780283,90992734.258342,-0.6426599621772766,0.2476455,0.10969159,0.6426629
2020-07-31,1.817717,1.718337,1.825887,1.718337,88804125.497087,-0.7671310305595398,0.029537302499999998,0.203330473,0.76713219
2020-08-03,1.729168,1.764321,1.772302,1.678243,84547720.886164,-0.3101714232190792,0.16728839398679435,0.29991857092743557,0.5327930011087844
2020-08-04,1.788264,1.823797,1.833678,1.772872,61837648.291356,0.0082973539829254,0.39986113599999995,0.214950325,0.3851885385
2020-08-05,1.833678,1.795674,1.85477,1.781803,42080573.245417,-0.5821147682877853,0.32329144066870247,0.0,0.7987934169023404
2020-08-06,1.784843,1.771922,1.810686,1.74608,43226286.687404,-0.8266695439815521,0.155918155,0.017412080500000003,0.8266698349999999
2020-08-07,1.757291,1.743229,1.770972,1.710166,43401182.052585,0.0,0.094995044,0.8959864,0.009018523
2020-08-10,1.781423,1.799285,1.814106,1.764321,33721696.946677,-0.8851572871208191,0.023262898,0.09157988,0.88515717
2020-08-11,1.815246,1.902085,1.90826,1.815246,63221955.207637,-1.6524537567151802,0.0,0.0,1.6411433072870205
2020-08-12,1.900185,1.888783,1.946264,1.887453,54710432.594933,-1.9087129218530643,0.0,0.0,1.8934634348217605
2020-08-13,1.868642,1.8504,1.909686,1.8504,34431597.367512,-1.6539347825344717,0.0,0.0,1.6421175526042195
2020-08-14,1.842039,1.831018,1.843179,1.774012,41563632.891698,-1.2217931071693495,0.005749188633612698,0.0,1.2160341664746301
2020-08-17,1.823037,1.796435,1.85059,1.792824,24573555.329932,-0.9459616641676448,0.02240428825144103,0.03345387772480206,0.9441417822732234
2020-08-18,1.784083,1.783323,1.835768,1.769072,36795029.493923,-0.8264404535293579,0.027467068,0.14609249,0.8264404
2020-08-19,1.772112,1.837669,1.837669,1.765081,24986649.734487,-0.8632294752544889,0.020937527879289618,0.11613242481958902,0.8629300196549596
2020-08-20,1.801375,1.761281,1.801565,1.761281,37732071.211155,-0.9426530003547668,0.012400337,0.044946652,0.942653
2020-08-21,1.769642,1.736009,1.781423,1.711116,50381785.871926,-0.9510352998419204,0.011440164472821278,0.033908141357663846,0.9546516997970181
2020-08-24,1.75406,1.803275,1.803275,1.74836,34871063.607326,-0.88837637371595,0.018057010297753442,0.08301689289258049,0.8989261190460148
2020-08-25,1.831588,1.800615,1.865031,1.799095,46843623.249956,-0.7546762219768554,0.0322508744747965,0.19227290660475,0.7754762577469893
2020-08-26,1.788074,1.824747,1.835768,1.781423,22642281.962533,-0.5499348446246364,0.05402175700395045,0.3616761824941723,0.5843021158999417
2020-08-27,1.816957,1.804795,1.819427,1.767742,35219983.033038,-0.3353674242165108,0.07301604890761058,0.5453273450718231,0.38165667019040167
2020-08-28,1.818857,1.864081,1.873772,1.805365,52454712.505987,-0.1721891433096963,0.07888014120817224,0.6973270188486782,0.2237928973038981
2020-08-31,1.881183,1.769832,1.890684,1.769832,50781288.967405,-0.0604000019041926,0.07161403390563537,0.8176752038247369,0.11071079724043081
2020-09-01,1.805175,1.776673,1.807266,1.740569,54300289.147927,0.0,0.051217727,0.9063719,0.04241037
2020-09-02,1.779333,1.733158,1.790354,1.724798,48958795.116103,0.0,0.0423625595,0.93945158,0.018185816
2020-09-03,1.757671,1.75102,1.814676,1.739049,55404968.836511,-0.1144651763214832,0.19307656545803853,0.7731210795779335,0.03380233774479706
2020-09-04,1.786174,1.810496,1.836528,1.767932,81290899.92727,0.0,0.4701792,0.5160186,0.013802217
2020-09-07,1.836148,1.817337,1.859331,1.785223,44653230.140254,0.6958019203317809,0.8158185792430349,0.3007478699068653,0.0
2020-09-08,1.821517,1.762991,1.85268,1.759571,43582722.289643,0.7509290874004364,0.750928735,0.236229615,0.012841607000000001
2020-09-09,1.765652,1.790734,1.795674,1.735819,52255098.175686,-0.5021282434463501,0.043928154,0.45394164,0.5021302
2020-09-10,1.789594,1.75349,1.794914,1.738099,55876246.565651,0.0,0.160852128,0.81401982,0.0251280585
2020-09-11,1.75387,1.715297,1.755391,1.710166,66738900.778748,0.8310544490814209,0.83105445,0.14235596,0.026589556
2020-09-14,1.734298,1.723467,1.738669,1.694015,41904751.271218,-0.1384776532649994,0.02952157725,0.608378395,0.36210003749999997
2020-09-15,1.713016,1.704276,1.732968,1.693254,43944092.502293,-0.1416840823321942,0.0,0.9697955252593435,0.13923241870151223
2020-09-16,1.717007,1.707506,1.717957,1.653161,70060181.58615,0.0,0.060437504,0.9211752,0.018387366
2020-09-17,1.669312,1.674063,1.688884,1.65126,57024522.791138,-0.4869124889373779,0.0390438535,0.468664184,0.49229197500000005
2020-09-18,1.671592,1.610786,1.672162,1.591215,205333545.855146,0.9206397235393524,0.92063978,0.0556150455,0.023745225
2020-09-21,1.588174,1.510647,1.588174,1.503806,109352267.948615,0.0,0.07417514,0.89985823,0.0259666115
2020-09-22,1.556821,1.482524,1.558151,1.472643,99461736.160604,0.5277354167987899,0.4190697375559697,0.6596940205714715,0.0
2020-09-23,1.495255,1.460862,1.533259,1.460862,85756172.43693,0.9109697937965392,0.9109697,0.0639969,0.025033506
2020-09-24,1.431599,1.468843,1.489555,1.427039,85724210.686682,-0.4857324361801147,0.246394636,0.26054318000000004,0.493062177
2020-09-25,1.484994,1.472263,1.510457,1.454401,60732750.515739,0.0,0.17810287,0.8076092,0.014287875
2020-09-28,1.508557,1.572593,1.572593,1.495825,63646697.964069,-0.9714099764823914,0.008787565,0.019802427,0.97141
2020-09-29,1.550551,1.512737,1.550551,1.505896,50637877.439262,-0.2636855834440512,0.40609914917257806,0.0,0.71595218858458
2020-09-30,1.482144,1.519768,1.54542,1.474733,57903446.922938,0.6224575638771057,0.62245667,0.35857514,0.018968238
2020-10-01,1.549981,1.501146,1.551311,1.487084,48555980.019471,0.0,0.088171005,0.86874855,0.04308051
2020-10-02,1.478724,1.499816,1.507796,1.465612,55289892.970398,0.3051654497782389,0.44013043333333335,0.5192765666666667,0.04059299
2020-10-05,1.520148,1.528699,1.54295,1.505516,48940704.327202,-0.2232515246758908,0.24574101187534791,0.35227703206227434,0.401981912193502
2020-10-06,1.526988,1.623898,1.636249,1.515587,73194037.980535,-0.5301210880279541,0.032746248666666665,0.4188059216666667,0.5484477866666667
2020-10-07,1.606036,1.602806,1.621808,1.593495,45235376.429696,0.2316103726625442,0.38907064333333335,0.4667174326666667,0.14421187466666666
2020-10-08,1.617437,1.630358,1.64803,1.613257,48935284.499229,-0.8493076860904694,0.1044330285,0.046260365,0.849306525
2020-10-09,1.633209,1.609456,1.64556,1.598245,44264493.657215,-0.9746262431144714,0.011667225,0.013706453,0.97462636
2020-10-12,1.603376,1.585514,1.620477,1.574873,38805837.845509,0.0,0.10491686666666666,0.75575043,0.139332683
2020-10-13,1.582284,1.532879,1.585514,1.528128,44004900.175617,0.2554332976749655,0.3583130069372801,0.7601941409980412,0.0
2020-10-14,1.537249,1.534969,1.569552,1.525278,36511776.178009,0.0,0.45420757,0.52766466,0.018127743
2020-10-15,1.520148,1.520338,1.523188,1.483094,51702142.157267,-0.2581792276521273,0.07399790324785271,0.8249247697426229,0.10107728402305402
2020-10-16,1.529839,1.560622,1.571453,1.490885,60863754.039567,0.0,0.06678702,0.8388271,0.09438584
2020-10-19,1.562142,1.571263,1.598055,1.54485,34740662.170665,0.9530620574951172,0.9530621,0.03300858,0.013929333
2020-10-20,1.555301,1.614777,1.640049,1.552451,55935485.890604,0.557526880377134,0.7611281417942295,0.0681750064652844,0.17069687391846225
2020-10-21,1.65126,1.585324,1.661711,1.585324,47978409.383795,-0.4256197810173034,0.0632564875,0.50264429425,0.434099226
2020-10-22,1.571073,1.603186,1.611167,1.551501,41774677.486844,-0.8948121656088679,0.0,0.6179500587545165,0.6217156340066583
2020-10-23,1.608696,1.656961,1.672162,1.605846,55254615.045083,-0.8500502733975597,0.0,0.41409229997883396,0.7335460979384374
2020-10-26,1.613637,1.636819,1.664752,1.609076,53051965.235466,-0.512488909618257,0.10482578043785232,0.2137184214548057,0.6814558226331408
2020-10-27,1.691164,1.612877,1.717767,1.606606,89818864.632649,-0.1032828795058386,0.2832141791428571,0.3394758267142857,0.37731001292857147
2020-10-28,1.577153,1.561762,1.616107,1.54713,88379012.305743,0.1846438646316528,0.3272729152,0.6547494916,0.0179775972
2020-10-29,1.582854,1.577723,1.613827,1.54675,70005534.610621,-0.4378762021660805,0.049218690625000006,0.4586467354375,0.492134582125
2020-10-30,1.567652,1.625418,1.631308,1.563662,73264026.178792,-0.1814679384231567,0.24722663899999997,0.3980741786,0.3546991942
2020-11-02,1.64765,1.693635,1.693635,1.626558,50183349.628991,0.0,0.092795104,0.8883593,0.018845642
2020-11-03,1.709976,1.759381,1.759381,1.691924,84896937.703283,0.1515899286466357,0.012877166376792606,1.2328921254611378,0.0
2020-11-04,1.699715,1.687364,1.723847,1.669312,67821001.67687,0.3188052400312607,0.10930026140726404,1.3037815161347994,0.0
2020-11-05,1.700665,1.739239,1.7495,1.65164,64231677.297975,0.501645934153875,0.3820643890914144,1.1010274720209852,0.0
2020-11-06,1.731638,1.697815,1.766222,1.689834,52826100.113426,0.5730097540200726,0.6237636251996947,0.8125797930136186,0.0
2020-11-09,1.729168,2.024172,2.031297,1.702185,208230733.993299,0.4057944426354475,0.6269920455025567,0.6263882790066236,0.0
2020-11-10,2.023697,2.198039,2.198039,2.01087,218305270.714877,0.0,0.39174965,0.54245293,0.0657974
2020-11-11,2.197563,2.231292,2.232717,2.125832,113592875.336652,-0.3860129117965698,0.090603516,0.5155834349999999,0.393813034
2020-11-12,2.16621,2.202314,2.206114,2.146734,88615969.605555,0.1885155290365219,0.44310089225000004,0.29092567725,0.26597340325
2020-11-13,2.181412,2.26692,2.291148,2.173811,97168896.406573,-0.8923898637294769,0.017215314250000002,0.09039445524999999,0.8923902175
2020-11-16,2.379362,2.330784,2.419018,2.313434,126880462.0,-0.1024945775667826,0.11683019766666668,0.6590200556666667,0.22414976116666666
2020-11-17,2.30699,2.347638,2.358543,2.263368,81411398.0,0.0193764242258938,0.23132351190909092,0.5790239113636364,0.18965257172727276
2020-11-18,2.32434,2.341689,2.349125,2.30005,59328665.0,-0.4813680797815323,0.07432244425,0.43860345375000004,0.487074085
2020-11-19,2.305007,2.304512,2.318887,2.266343,55638895.0,0.4596906006336212,0.468855665,0.497765765,0.03337857
2020-11-20,2.307486,2.316408,2.330288,2.291623,53187367.0,-0.9468495845794678,0.026993025,0.026157212,0.94684964
2020-11-23,2.338219,2.334254,2.365978,2.315913,55673682.0,-1.148914009061633,0.0031904030381485066,0.08657653862518218,0.9102329856346028
2020-11-24,2.359534,2.462144,2.462144,2.34962,74320323.0,-0.3125251332918803,0.29939121333333335,0.376069124,0.324539688
2020-11-25,2.478503,2.440334,2.498331,2.386798,68996058.0,0.4445818662643432,0.45537085499999996,0.50913134,0.035497803
2020-11-26,2.41654,2.406626,2.428932,2.377875,51113614.0,0.0,0.085583575,0.9005901,0.013826264
2020-11-27,2.374901,2.443803,2.453222,2.366474,63213103.0,-0.4786960184574127,0.2440147215,0.269282026,0.486703245
2020-11-30,2.417036,2.396712,2.434385,2.364987,75450254.0,0.0,0.08854927,0.89329662,0.018154143
2020-12-01,2.419018,2.536499,2.536499,2.417036,63699154.0,0.0,0.030060349,0.935526,0.034413666
2020-12-02,2.529064,2.656955,2.666869,2.511714,96503231.0,-0.970146119594574,0.008600568,0.021253273,0.9701461
2020-12-03,2.641588,2.684218,2.699089,2.60788,62160509.0,-0.8869708129370785,0.0,0.41704372800770495,0.6484582938730064
2020-12-04,2.676783,2.83739,2.83739,2.668851,107484764.0,0.0,0.17636618,0.81257033,0.011063477
2020-12-07,2.805665,2.702559,2.808143,2.680748,66757136.0,0.7559214532375336,0.7559201499999999,0.071974308,0.172105545
2020-12-08,2.694628,2.747668,2.761547,2.677278,52716442.0,0.0,0.06556454,0.9210278,0.013407599
2020-12-09,2.741224,2.702063,2.769479,2.700576,43518544.0,0.5136184096336365,0.5136178,0.47375703,0.012625137
2020-12-10,2.726353,2.62523,2.73825,2.578634,73696249.0,0.0,0.152403872,0.6272119549999999,0.220384165
2020-12-11,2.62523,2.552858,2.635144,2.503783,70990664.0,-0.30081574122111,0.08141625000000001,0.49309068333333334,0.425493069
2020-12-14,2.613333,2.600445,2.662903,2.589539,51962991.0,-0.8972545862197876,0.020824417,0.08192072,0.89725477
2020-12-15,2.600445,2.681244,2.711482,2.578634,46873676.0,0.0,0.09797896,0.84557843,0.05644259
2020-12-16,2.647041,2.655963,2.711482,2.629691,50390345.0,-0.2204127311706543,0.2483915395,0.272451218,0.479157251
2020-12-17,2.676783,2.665382,2.691158,2.635144,38054458.0,-0.750200629234314,0.0538469445,0.195952243,0.7502008
2020-12-18,2.642084,2.556327,2.690167,2.556327,111148299.0,-1.284215559667011,0.0,0.04443943900931156,1.0879146285403511
2020-12-21,2.438351,2.429924,2.491391,2.389276,77435696.0,-0.9482409358024596,0.025755322,0.026003374,0.9482413
2020-12-22,2.453717,2.509236,2.518159,2.443308,39174876.0,0.6443491578102112,0.6443491,0.34230927,0.013341679
2020-12-23,2.510227,2.596975,2.607385,2.500809,39038803.0,0.8955138921737671,0.8955138,0.078661464,0.025824731
2020-12-24,2.616803,2.647041,2.653485,2.607385,14374638.0,0.8031066572834041,0.9701145632557338,0.0,0.24960870493473447
2020-12-28,2.676783,2.568224,2.68868,2.544926,31389972.0,0.6124177722525056,0.9245257979816572,0.0,0.5087193301798822
2020-12-29,2.587557,2.569216,2.611846,2.541952,25523777.0,0.3452358757468277,0.7754106142185483,0.0,0.7629374300243312
2020-12-30,2.557319,2.552858,2.593009,2.552858,26266641.0,0.1322927997609105,0.6227476722110701,0.0,0.7709479442014079
2020-12-31,2.519646,2.516176,2.550379,2.509236,14715544.0,-0.0046228170394897,0.483200082,0.024268183999999998,0.492531696
2021-01-04,2.569711,2.544431,2.575164,2.492382,48720965.0,0.0,0.38443533,0.60631937,0.009245265
2021-01-05,2.511714,2.553353,2.571198,2.506262,33860867.0,0.5392270988056176,0.492458334699044,0.6971135218827655,0.0
2021-01-06,2.626717,2.728831,2.768487,2.606889,72910218.0,0.4346954226493835,0.4346942,0.3986262,0.16667962
2021-01-07,2.745685,2.768983,2.775923,2.677774,51515993.0,-0.9681249260902404,0.011208352,0.020666653,0.96812505
2021-01-08,2.775923,2.736267,2.775923,2.686697,48033002.0,-0.1331691448483685,0.423847642352601,0.15489263427991845,0.4212597646676633
2021-01-11,2.742711,2.785837,2.819049,2.721891,51506875.0,0.535663366317749,0.683089755,0.2955664965,0.02134374983333333
2021-01-12,2.805665,2.824997,2.841355,2.788811,52510856.0,-0.9539065957069396,0.022300985,0.02379229,0.9539067
2021-01-13,2.815579,2.807648,2.827971,2.786333,35000470.0,0.2268881797790527,0.4944904292,0.23760004640000001,0.2679095196
2021-01-14,2.805665,2.776914,2.828963,2.762043,38663918.0,-0.9621479511260986,0.016580932,0.02127109,0.96214795
2021-01-15,2.757582,2.697106,2.810622,2.681244,57447057.0,-0.1882508198420206,0.27402142,0.27335326,0.45262536966666667
2021-01-18,2.676783,2.714456,2.726353,2.668851,25326778.0,0.0,0.08941657,0.88360244,0.026980948
2021-01-19,2.744198,2.66092,2.747172,2.66092,34263762.0,-0.077634647488594,0.16116120037499998,0.612169058875,0.226669755
2021-01-20,2.706525,2.665382,2.711482,2.639605,34837126.0,0.334147834777832,0.37988390460000004,0.5866586586,0.033457453
2021-01-21,2.676783,2.617299,2.693141,2.617299,42520513.0,-0.6172075470288595,0.048570956666666665,0.32019069666666666,0.631238348
2021-01-22,2.583591,2.558806,2.587557,2.52609,45124210.0,0.0,0.1376151185,0.847233275,0.015151602
2021-01-25,2.576155,2.468588,2.595984,2.454213,50395819.0,-0.0059346556663513,0.3631746014285714,0.3455586082857143,0.2912668235714286
2021-01-26,2.470076,2.510723,2.538978,2.464127,39204006.0,-0.01259503194264,0.26149765814285714,0.43793393385714285,0.30056843328571425
2021-01-27,2.488417,2.411583,2.502296,2.401173,52193091.0,-0.0604721307754516,0.15665211871428572,0.6482831071428572,0.19506476457142857
2021-01-28,2.384319,2.460162,2.475528,2.354577,48098942.0,0.3139857252438863,0.32688565833333333,0.6157080453333333,0.057406351
2021-01-29,2.409104,2.394233,2.429924,2.367466,66129538.0,-0.4464077949523926,0.0584152625,0.47920758083333337,0.46237713750000003
2021-02-01,2.436368,2.396216,2.45223,2.391259,40568254.0,-0.2437038421630859,0.10978074900000001,0.6348219625,0.25539730650000003
2021-02-02,2.417036,2.515184,2.539474,2.410592,63494054.0,-0.6188570857048035,0.30264887,0.078493595,0.61885756
2021-02-03,2.605402,2.532038,2.642579,2.523611,65073840.0,-0.4476377665996551,0.14167781088636364,0.28294352563636366,0.5753786675454545
2021-02-04,2.547901,2.666869,2.681244,2.516671,60211052.0,-0.3049069543679555,0.1906707915,0.30193437083333335,0.5073948356666667
2021-02-05,2.65745,2.764026,2.764522,2.629195,82336120.0,-0.0029916018247604,0.3703951135,0.37864011425,0.250964774
2021-02-08,2.799221,2.820536,2.834911,2.758078,60765205.0,0.0,0.30139065,0.67290676,0.025702564
2021-02-09,2.815579,2.807648,2.821527,2.78088,41268845.0,0.0,0.21448752999999998,0.77301578,0.012496718666666665
2021-02-10,2.825493,2.8131,2.855235,2.766009,44877179.0,-0.1575525232723781,0.11750120485714285,0.7027859171428571,0.17971287242857142
2021-02-11,2.803682,2.772453,2.826484,2.743207,36251767.0,0.0,0.0850876,0.69744414,0.21746826
2021-02-12,2.767,2.770966,2.771957,2.700081,40624095.0,0.0,0.07585491,0.89380705,0.030338068
2021-02-15,2.82351,2.884977,2.899848,2.802691,56414434.0,0.0,0.05367553,0.93168277,0.014641745
2021-02-16,2.884977,2.886464,2.894891,2.837885,36966310.0,0.0,0.030911013,0.9482919,0.020797135
2021-02-17,2.884977,2.86961,2.949418,2.848791,53381917.0,-0.5864493176341057,0.16961738033333332,0.05816976733333334,0.7722128833333333
2021-02-18,2.86614,2.830946,2.894395,2.812605,38241774.0,-0.8848895820589187,0.27589367438102724,0.0,1.1703423404428597
2021-02-19,2.855235,2.949914,2.968255,2.815579,61471842.0,-0.7282438228055473,0.31178676435590047,0.0,1.0043040979815596
2021-02-22,2.924633,2.870602,2.924633,2.82698,56273976.0,-0.4333780929869052,0.27812486011115695,0.07140920367473719,0.6504659889878132
2021-02-23,2.875063,2.925129,2.941982,2.866636,50480752.0,-0.3171584457159042,0.17573617149999998,0.339068006,0.4851958465
2021-02-24,2.917197,2.937025,2.946939,2.878037,42508048.0,-0.3176052967707316,0.05815294266666667,0.48915152,0.45269552
2021-02-25,2.964289,2.94,3.041618,2.930086,67704154.0,-0.0127346515655517,0.2353287722,0.5403964896,0.2242747792
2021-02-26,2.874071,2.872584,2.934051,2.845817,60229143.0,0.4694878458976745,0.495945905,0.488098808,0.015955314
2021-03-01,2.914719,2.894891,2.94347,2.877046,30875993.0,-0.7191922515630722,0.09432042275,0.1843929005,0.7212866455
2021-03-02,2.865149,2.867627,2.91571,2.846312,34810285.0,0.9019618332386016,0.90196173,0.06823851,0.029799716
2021-03-03,2.8939,2.91918,2.981143,2.881011,50251197.0,-0.200598919391632,0.254113329,0.25390045575,0.49198625225000003
2021-03-04,2.894891,2.916702,2.932564,2.866636,40172847.0,0.9184938073158264,0.9184938,0.039102762,0.042403460500000004
2021-03-05,2.92265,2.954375,3.012868,2.878533,58629725.0,-0.1864046096801757,0.2220355002,0.3903169748,0.3876474968
2021-03-08,3.003945,3.028234,3.036661,2.961315,51346602.0,-0.3211929003397624,0.2086350653333333,0.30787639283333335,0.48348855225000004
2021-03-09,3.012372,2.947931,3.012868,2.889934,74768314.0,0.1678657531738281,0.449744625,0.2312981505,0.31895721
2021-03-10,2.92959,2.936034,2.976682,2.907283,43816714.0,0.0656472643216451,0.3376532175,0.3893121466666667,0.27303462033333337
2021-03-11,2.939504,2.894395,2.959332,2.829458,42499131.0,-0.1690709127320183,0.157977320875,0.5210355076250001,0.320987174875
2021-03-12,2.87655,2.947931,2.954375,2.875063,34515714.0,-0.1695160965124766,0.18824636916666668,0.4768364831666667,0.3349171785
2021-03-15,2.954375,2.905796,2.998988,2.876054,44284469.0,-0.4634893139203389,0.1877209413333333,0.022661797666666667,0.7896172566666667
2021-03-16,2.924137,2.889438,2.951401,2.862175,49229932.0,-0.5721080998579661,0.03145600566666667,0.39164357683333334,0.5769004139999999
2021-03-17,2.891421,2.901831,2.928599,2.870106,37575650.0,0.935759425163269,0.9357594300000001,0.0372200805,0.027020561499999998
2021-03-18,2.925129,2.960323,2.991057,2.91918,58719730.0,-0.0897941589355468,0.1699256207142857,0.5468833447142857,0.283191015
2021-03-19,2.924633,2.86614,2.94347,2.863166,86600958.0,-0.003099650144577,0.4831338775,0.026958751500000003,0.48990732400000003
2021-03-22,2.860192,2.818057,2.877046,2.804178,39799433.0,-0.2521554827690124,0.24663742249999998,0.25344217225,0.4999203825
2021-03-23,2.803682,2.835407,2.849286,2.789307,30729515.0,-0.0494925677776336,0.4425755825,0.054444400500000004,0.5029800315
2021-03-24,2.78088,2.852756,2.852756,2.749155,40083643.0,-0.4069060172353472,0.10618230399999999,0.4693499944285714,0.4244677122857143
2021-03-25,2.838381,2.830946,2.851269,2.778897,32814709.0,-0.1608017325401306,0.26202698459999996,0.376183096,0.36178989100000003
2021-03-26,2.914719,2.871097,2.941487,2.871097,43674765.0,-0.0266717358639365,0.17926374930555555,0.6209966007222223,0.1997396343888889
2021-03-29,2.850774,2.839372,2.88349,2.826484,37653210.0,-0.3863088726997375,0.0687842694,0.508705873,0.42250988199999995
2021-03-30,2.872089,2.916206,2.92265,2.855731,35868164.0,0.1350020542740821,0.365274261875,0.418177742625,0.21654797350000002
2021-03-31,2.894891,2.872089,2.913232,2.861183,43643608.0,-0.0080790221691131,0.47697578,0.02785064,0.49517357349999996
2021-04-01,2.882498,2.858209,2.884977,2.842842,24156839.0,-0.190007746219635,0.3069803351666666,0.18447975783333334,0.5085399185
2021-04-06,2.907779,2.899352,2.941487,2.88696,42587454.0,-0.0884297291437784,0.34307021466666665,0.2367294235,0.42020038899999995
2021-04-07,2.899848,2.924633,2.938513,2.88349,29750753.0,-0.1679782370726267,0.18779263083333333,0.4761658750833333,0.3360415085833333
2021-04-08,2.93306,2.896874,2.945452,2.854243,33375468.0,-0.3256808121999104,0.045791146000000005,0.6191076249999999,0.33510122866666664
2021-04-09,2.899352,2.878037,2.91571,2.861183,25392522.0,-0.4976895004510879,0.2391930335,0.033890771125000003,0.72691620225
2021-04-12,2.87308,2.882498,2.911745,2.836894,25508679.0,-0.3142619331677754,0.0214438245,0.3529239435,0.62563224
2021-04-13,2.884977,2.855235,2.919676,2.834415,32824607.0,-0.9642156660556792,0.016848528,0.018935826,0.96421565
2021-04-14,2.846312,2.88349,2.894395,2.839868,31108906.0,0.0801999270915985,0.29907083749999996,0.5298607802499999,0.17106838874999997
2021-04-15,2.880516,2.815083,2.897865,2.808143,34442258.0,0.069114259311131,0.29631412957142855,0.4666490197142857,0.23703684285714285
2021-04-16,2.825493,2.849286,2.872089,2.815579,32806403.0,0.15964429764933,0.41006945404811446,0.3215274597641756,0.26840310886667157
2021-04-19,2.856226,2.939504,2.952888,2.843338,47578343.0,0.1480413675308227,0.4734937185,0.2004126765,0.32609364350000003
2021-04-20,2.92959,2.82698,2.945948,2.819049,51592705.0,-0.3180952270825704,0.267315217,0.15334515333333332,0.5793396216666666
2021-04-21,2.83739,2.792777,2.866636,2.742711,42241207.0,-0.3707000389635499,0.0,0.6574559531861215,0.3530006330201306
2021-04-22,2.78782,2.821032,2.83392,2.765513,22711417.0,0.0,0.024976032,0.94725543,0.027768582
2021-04-23,2.801699,2.822519,2.848295,2.781376,23913220.0,0.4512550234794616,0.465495606,0.504373975,0.0301303925
2021-04-26,2.826484,2.888943,2.896874,2.791785,42860827.0,0.0,0.09778788299999999,0.8317004,0.07051170825
2021-04-27,2.884977,3.033687,3.033687,2.868619,81125661.0,-0.0379402935504913,0.45335640250000003,0.046104989,0.500538676
2021-04-28,3.013363,3.115478,3.117956,2.989074,72776360.0,0.0347386598587036,0.2873021615,0.44598978266666667,0.26670806694444443
2021-04-29,3.113991,3.1705,3.185371,3.103085,70473441.0,-0.7617420554161072,0.076930978,0.161327143,0.76174187
2021-04-30,3.1625,3.215,3.22,3.122,51006648.0,-0.8854381442070007,0.09165697,0.022904495,0.88543856
2021-05-03,3.21,3.197,3.22,3.1705,28515426.0,-0.6166963179766206,0.22211995776658727,0.00890854847401916,0.7689715397154893
2021-05-04,3.1855,3.159,3.25,3.1365,55897091.0,-0.1427514791337223,0.4131358472558256,0.06041808910771267,0.5264461082315438
2021-05-05,3.193,3.225,3.225,3.176,34887809.0,0.0007283389568328,0.471282515,0.0636182015,0.465099315
2021-05-06,3.227,3.2185,3.256,3.189,39784669.0,-0.275534869265765,0.3643229404211582,0.0,0.636137334929497
2021-05-07,3.25,3.216,3.255,3.161,37440269.0,-0.846261211632022,0.13170700748658615,0.0,0.9600494442120779
2021-05-10,3.249,3.306,3.339,3.2315,50026024.0,-0.9597713351249696,0.01013402,0.030094637,0.9597713
2021-05-11,3.273,3.25,3.2915,3.215,45312010.0,-0.4907853475751133,0.039053861928685873,0.4051539073551079,0.5557921784853057
2021-05-12,3.2385,3.2875,3.3015,3.2005,40659153.0,0.0,0.0877287155,0.80848967,0.103781589
2021-05-13,3.24,3.264,3.2795,3.1985,32383156.0,0.0,0.10185459000000001,0.869098585,0.02904686
2021-05-14,3.297,3.353,3.36,3.2835,35651128.0,-0.1330914298693339,0.358090762,0.186724568,0.45518466533333335
2021-05-17,3.344,3.331,3.373,3.3015,28851250.0,0.0,0.045127,0.9179085,0.036964476
2021-05-18,3.365,3.3705,3.397,3.337,36162890.0,0.0,0.07530881,0.5529302,0.371761
2021-05-19,3.3345,3.2925,3.398,3.256,44894674.0,-0.3738404048813714,0.035826880944444445,0.47984759955555556,0.4843255111111111
2021-05-20,3.3285,3.318,3.3355,3.253,31490428.0,0.4481892585754394,0.463487445,0.51236291,0.02414965425
2021-05-21,3.3055,3.3695,3.3805,3.2995,45957221.0,0.0,0.04058753,0.9215492,0.03786322
2021-05-24,3.39,3.3585,3.3935,3.324,15957056.0,-0.1298592168951762,0.0,1.0383513382230976,0.059776927795953574
2021-05-25,3.371,3.3745,3.417,3.3505,33262158.0,0.0,0.1181236225,0.85772248,0.024153838
2021-05-26,3.37,3.3545,3.3795,3.29,42532356.0,0.0,0.3794347,0.6099472,0.0106181055
2021-05-27,3.3415,3.4475,3.4695,3.334,60767235.0,0.0,0.026644098,0.83229154,0.14106438
2021-05-28,3.48,3.4505,3.4895,3.4165,27954702.0,0.0,0.042219070250000004,0.93518659,0.022594344250000002
2021-05-31,3.455,3.424,3.46,3.42,16934515.0,-0.0061974115995989,0.018611203125607344,1.0141584183073384,0.0
2021-06-01,3.445,3.478,3.486,3.435,26366855.0,-0.0147451048078576,0.0,1.0751539208626586,0.01584442500021234
2021-06-02,3.48,3.475,3.4925,3.443,27661078.0,0.0,0.04477562,0.9356753,0.019549021
2021-06-03,3.467,3.506,3.509,3.454,31317770.0,0.0,0.37744612,0.61167693,0.010876926
2021-06-04,3.504,3.4425,3.508,3.438,31142355.0,-0.2686156013764786,0.2847047625050251,0.3813828542124381,0.3339123749542731
2021-06-07,3.425,3.461,3.4735,3.4135,32015255.0,-0.4807223081588745,0.0305980885,0.37768965649999997,0.59171225
2021-06-08,3.4455,3.3985,3.47,3.3705,42790683.0,-0.2688838749485224,0.0,0.6871232468337409,0.32998606078201803
2021-06-09,3.4,3.381,3.4235,3.3625,22359138.0,0.0,0.043026563,0.91803086,0.038942587
2021-06-10,3.418,3.446,3.508,3.405,42518896.0,-0.0409703815678846,0.11244967761792664,0.6787597307851165,0.208790608353619
2021-06-11,3.433,3.4345,3.441,3.405,25113087.0,-0.1159763761929103,0.1417243,0.5312801314285714,0.3269955885714286
2021-06-14,3.456,3.4375,3.4675,3.416,28791752.0,0.0,0.1057298,0.8791531,0.015117117
2021-06-15,3.443,3.426,3.443,3.392,28705183.0,0.0021547895057123,0.15035682574033404,0.7719232314803275,0.07771994734743946
2021-06-16,3.449,3.364,3.4555,3.343,38868740.0,-0.0395173629124959,0.2583791776666667,0.48150889,0.2601119253333333
2021-06-17,3.4,3.362,3.475,3.362,54239438.0,-0.0042211529071583,0.3882555482042613,0.4382376738593091,0.1735067710592502
2021-06-18,3.35,3.2885,3.368,3.2505,125965454.0,0.0,0.47675306,0.51587445,0.0073724873
2021-06-21,3.2385,3.28,3.295,3.2115,49066696.0,-0.1348973237127463,0.46063883570076464,0.5881840853638173,0.0
2021-06-22,3.3035,3.2875,3.3035,3.2325,35629932.0,-0.3175745239345135,0.38174365988240294,0.6308583161995579,0.0
2021-06-23,3.295,3.2755,3.331,3.2655,25623328.0,0.0,0.49105224,0.49804756,0.010900203
2021-06-24,3.308,3.318,3.357,3.283,27553974.0,0.7773016840219498,0.7773018574999999,0.21341392,0.00928423825
2021-06-25,3.33,3.3555,3.3595,3.304,27823979.0,1.2231515430529691,0.9219314936059823,0.06477959811591671,0.01328892408340451
2021-06-28,3.3495,3.2625,3.3575,3.2625,23234650.0,1.205686412913329,0.8718476451885432,0.10011496133381,0.02803739347997081
2021-06-29,3.271,3.274,3.308,3.2505,22552387.0,0.9075993591866018,0.7080610135518325,0.22028601388479824,0.0716529506990517
2021-06-30,3.256,3.2195,3.265,3.207,42098611.0,0.5115834474563599,0.5115823,0.32615876,0.1622589
2021-07-01,3.239,3.2895,3.313,3.239,24175718.0,0.0176386777226027,0.2824115045330453,0.41773319967941513,0.2998552413828157
2021-07-02,3.299,3.2225,3.304,3.213,25679164.0,0.1034768394061497,0.41686864385714284,0.29119952985714287,0.2919318297142857
2021-07-05,3.221,3.2655,3.286,3.207,17450909.0,0.9342924356460572,0.93429244,0.029566227,0.03614145
2021-07-06,3.277,3.162,3.29,3.1505,30318460.0,0.0,0.100367196,0.8435487,0.05608401
2021-07-07,3.166,3.145,3.1855,3.109,33382351.0,-0.1606165468692779,0.310614318,0.35972480700000004,0.329660862
2021-07-08,3.1,3.0575,3.1065,3.025,53607030.0,-0.6071719527244568,0.025357867333333336,0.3549124733333333,0.6197296933333333
2021-07-09,3.085,3.1295,3.139,3.04,35674970.0,0.3152154684066772,0.37775031,0.4968916833333334,0.12535802399999998
2021-07-12,3.141,3.139,3.146,3.056,22655200.0,0.3977163136005401,0.4096467325,0.55612052,0.0342327785
2021-07-13,3.146,3.0835,3.158,3.07,32469039.0,0.0,0.230576159,0.6291395,0.14028438000000001
2021-07-14,3.093,3.104,3.1495,3.0835,20793329.0,-0.0679108817511204,0.15077136635891275,0.7103332480210511,0.13889541132531052
2021-07-15,3.09,3.121,3.1325,3.08,26511974.0,-0.0305646913392203,0.164780236,0.6800240804285715,0.15519569542857142
2021-07-16,3.145,3.038,3.155,3.008,33441792.0,-0.123744711279869,0.2444264015,0.4540783755,0.30149523425
2021-07-19,3.0,2.9345,3.0095,2.912,46728668.0,0.1698193699121475,0.44018157125,0.30100186824999997,0.2588165445
2021-07-20,2.932,2.9545,2.97,2.882,44016298.0,0.3143264651298523,0.37149890466666663,0.602048794,0.026452278666666666
2021-07-21,2.9645,3.07,3.074,2.942,39333928.0,0.2149752775828043,0.26852057,0.6575933666666667,0.07388607
2021-07-22,3.08,3.0785,3.143,3.069,35833280.0,-0.325832724571228,0.020283975666666666,0.6205663946666667,0.35914965933333337
2021-07-23,3.092,3.126,3.169,3.084,27095139.0,-0.3251318335533142,0.03822887513333333,0.5423206586666667,0.4194504433333333
2021-07-26,3.094,3.189,3.2135,3.058,30058648.0,0.7408928871154785,0.74089277,0.25257298,0.0065342668
2021-07-27,3.157,3.1555,3.1785,3.109,31025072.0,0.0,0.1596326945,0.80561444,0.0347528755
2021-07-28,3.15,3.0595,3.1625,3.048,41853057.0,0.3679488003253937,0.4059342772222222,0.5362149077777778,0.057850820366666666
2021-07-29,3.105,3.138,3.183,3.0925,33871006.0,0.6648288369178772,0.6648286,0.22358201,0.111589365
2021-07-30,3.147,3.0875,3.148,3.08,38359174.0,0.418936938047409,0.57517395,0.331225873,0.093600225
2021-08-02,3.1095,3.066,3.172,3.0555,27422473.0,0.1702634357365824,0.3692010245709058,0.5670141860521554,0.06378485375874042
2021-08-03,3.078,3.103,3.1435,3.061,23157328.0,0.0,0.16765271,0.7896293,0.042718027
2021-08-04,3.118,3.1355,3.1415,3.076,22771125.0,-0.1082731402626056,0.04704365157235881,0.9159804051058618,0.03697595348860525
2021-08-05,3.1215,3.15,3.151,3.09,23854412.0,-0.1545559850512346,0.007373849287982029,0.9460675013697404,0.046558633224556174
2021-08-06,3.1255,3.2265,3.228,3.098,36769013.0,-0.1419900245029564,0.03656731757509216,0.8979736093072569,0.06545903541119343
2021-08-09,3.2255,3.235,3.2435,3.19,20009930.0,-0.0894241994401883,0.06216814300302399,0.8801968520121366,0.05763497526856115
2021-08-10,3.222,3.2605,3.2605,3.2005,24181283.0,0.0,0.07210034,0.91082025,0.017079422
2021-08-11,3.27,3.2955,3.299,3.2435,27344755.0,0.0,0.044357542,0.91696054,0.038681988
2021-08-12,3.29,3.2755,3.2945,3.256,21898673.0,-0.8471196423458407,0.0,0.46131814238705204,0.6917803476355012
2021-08-13,3.283,3.2635,3.31,3.256,19478160.0,-0.968824863433838,0.01001136,0.021163773,0.96882486
2021-08-16,3.223,3.201,3.2535,3.196,20908263.0,0.914659857749939,0.91465986,0.07572358,0.009616569
2021-08-17,3.1845,3.1425,3.1985,3.135,37070129.0,2.289087822761312,1.5329721880592813,0.1994305776958416,0.0
2021-08-18,3.135,3.1565,3.16,3.1055,23477716.0,2.735417915192918,1.6936358672532403,0.32135693513898966,0.0
2021-08-19,3.095,3.0725,3.1225,3.0535,37615284.0,2.253650135044757,1.3966508975818774,0.44150265232944436,0.0
2021-08-20,3.0615,3.076,3.093,3.023,26968440.0,1.396518914932415,0.9250833452873813,0.544409999989899,0.0
2021-08-23,3.095,3.1215,3.1235,3.086,21758740.0,0.7167586874714752,0.5619992766119406,0.6146212488430473,0.0
2021-08-24,3.1495,3.114,3.1505,3.08,19307139.0,0.2143694526619381,0.30739869155555555,0.6521363988888889,0.04046490966666667
2021-08-25,3.1235,3.2,3.2,3.1125,29594154.0,-0.1106487894961962,0.16128159011822596,0.656955450127424,0.18176296745813258
2021-08-26,3.188,3.156,3.2065,3.1545,23705737.0,-0.2582960390029281,0.12364797229995197,0.6290784025586527,0.24727364701845828
2021-08-27,3.146,3.166,3.1735,3.1155,14527616.0,-0.2285722958582572,0.19449783810073365,0.5685052561825749,0.2369969483476439
2021-08-30,3.1625,3.123,3.1665,3.1135,10926588.0,-0.1242358811159805,0.28539453616308064,0.5187138599758013,0.1958916611180938
2021-08-31,3.125,3.1275,3.166,3.0935,41514576.0,-0.0480451158298948,0.30790141512950275,0.5231820629149431,0.16891657500221252
2021-09-01,3.152,3.1795,3.207,3.1495,31163931.0,0.0,0.26201847500000003,0.581909865,0.15607169
2021-09-02,3.1625,3.1395,3.174,3.115,25259757.0,0.0198994663737038,0.14774571577457257,0.694897266230972,0.1573570061114563
2021-09-03,3.1315,3.076,3.135,3.0715,38246259.0,0.0,0.027143238,0.830389,0.14246772
2021-09-06,3.097,3.11,3.1255,3.084,13403094.0,-0.0713516824123285,0.0,0.9566297996992243,0.08109902832904965
2021-09-07,3.12,3.1355,3.1395,3.105,22359971.0,0.0,0.06891622,0.9045794,0.026504366
2021-09-08,3.105,3.063,3.1195,3.0265,38951490.0,0.4082106281002673,0.46286526288705543,0.5051975355736825,0.031937167914245855
2021-09-09,3.062,3.062,3.081,3.022,34238191.0,0.8351083397865295,0.8351085,0.14831167,0.016579773
2021-09-10,3.0735,3.043,3.114,3.023,28932631.0,0.9625212729568432,0.8766361604546065,0.22374926685868057,0.0
2021-09-13,3.07,3.114,3.114,3.0485,25062110.0,0.4916548609733581,0.5564685752,0.4158592894,0.0276721174
2021-09-14,3.114,3.091,3.148,3.076,27680397.0,-0.4866996010144551,0.041166744,0.42115210766666666,0.5376811768333334
2021-09-15,3.0795,3.089,3.118,3.0675,30429514.0,0.0430230242865426,0.33528499485714286,0.3789904981428571,0.2857245002
2021-09-16,3.1195,3.104,3.146,3.0985,37510864.0,0.2881663839022318,0.47200155000000005,0.5112945846666667,0.016703869
2021-09-17,3.1445,3.04,3.163,3.04,122065356.0,-0.9507883191108704,0.019170566,0.030040882666666668,0.9507885533333332
2021-09-20,2.984,2.894,3.005,2.881,73908097.0,-0.4943330883979797,0.16909535583333335,0.17890298983333333,0.6520016468333333
2021-09-21,2.9345,2.8995,2.959,2.887,37542591.0,0.1569792032241821,0.367095997,0.1446940325,0.4882100015
2021-09-22,2.952,2.9935,2.9975,2.9155,31925656.0,0.0,0.031493224,0.9276898,0.04081695
2021-09-23,3.024,3.083,3.095,3.011,35337267.0,0.951434850692749,0.95143473,0.035173506,0.013391665
2021-09-24,3.07,3.099,3.116,3.0465,28567747.0,1.1648862499881718,1.1672657130144335,0.0,0.027720411694612923
2021-09-27,3.1275,3.2025,3.2025,3.1005,38865936.0,0.4584922363675188,0.49199695819153394,0.49461085160357915,0.013392136715716221
2021-09-28,3.217,3.08,3.239,3.08,50054343.0,0.0,0.150683528,0.7656295049999999,0.083686957
2021-09-29,3.127,3.1565,3.163,3.099,39126137.0,-0.0464658856391906,0.23004743440000003,0.573548745,0.196403828
2021-09-30,3.1885,3.1365,3.194,3.121,46203234.0,0.0,0.09671681333333333,0.7988155733333334,0.10446760799999999
2021-10-01,3.08,3.1235,3.141,3.0415,36941100.0,-0.2888694405555725,0.17415402000000002,0.53084916,0.294996837
2021-10-04,3.124,3.125,3.178,3.093,26637988.0,0.9125717878341676,0.91257167,0.06434533,0.023082977
2021-10-05,3.1355,3.258,3.258,3.1325,47314913.0,0.716704182973493,0.6368087489675289,0.3710090899317521,0.0
2021-10-06,3.238,3.239,3.2635,3.172,46520722.0,0.0,0.08910942866666666,0.8149884666666667,0.09590209133333333
2021-10-07,3.2755,3.3315,3.351,3.256,58218475.0,0.1900017180068939,0.30971295443707286,0.6077237196334742,0.08256333155567801
2021-10-08,3.3245,3.35,3.375,3.3245,30760025.0,0.5686028003692627,0.64073287,0.3294410336,0.029826121
2021-10-11,3.3375,3.349,3.375,3.33,28272785.0,0.4293474555015564,0.451641978,0.536212885,0.012145164
2021-10-12,3.295,3.3835,3.393,3.28,38760655.0,0.0,0.043572778,0.9372001000000001,0.019227072
2021-10-13,3.361,3.276,3.3785,3.2605,37806861.0,0.2393702570642471,0.2657462050620843,0.632747427291618,0.10150632773778366
2021-10-14,3.31,3.281,3.358,3.281,34165416.0,0.6506150364875793,0.6506152,0.15651804,0.19286677
2021-10-15,3.31,3.3455,3.385,3.308,46125147.0,0.5790313017032301,0.5936557576043633,0.18809203507934474,0.21825222943094424
2021-10-18,3.345,3.33,3.375,3.3195,29089343.0,0.1104751189458093,0.1949059367849039,0.6057463688239941,0.19934769613628128
2021-10-19,3.325,3.3615,3.38,3.3155,33393321.0,-0.2399171143770218,0.054594091,0.679142779,0.26626311075
2021-10-20,3.36,3.36,3.376,3.322,30570753.0,-0.3515648378266228,0.19185789488888888,0.43650310722222224,0.3716389671111111
2021-10-21,3.332,3.3135,3.35,3.297,31197085.0,-0.0161210861788115,0.12129504282861656,0.7774966654137707,0.10120828761968934
2021-10-22,3.313,3.282,3.342,3.282,35766044.0,0.0,0.022182344,0.8933063,0.08451137
2021-10-25,3.3,3.3185,3.3505,3.2915,34761223.0,-0.6479694843292236,0.12673826866666668,0.22173017733333333,0.6515315463333333
2021-10-26,3.32,3.3565,3.3745,3.3105,33562232.0,0.2440129121144612,0.27204268333333337,0.70343948,0.024517863333333334
2021-10-27,3.35,3.261,3.3505,3.2245,66759136.0,0.1635974504445728,0.3686181299473684,0.4694434116842105,0.16193846084210528
2021-10-28,3.254,3.2805,3.3,3.198,44898091.0,0.0,0.06872578,0.91695684,0.01431737
2021-10-29,3.2525,3.2765,3.2765,3.1875,48524622.0,-0.0097123140638524,0.2574526512,0.522676492,0.2198708595
2021-11-01,3.28,3.3435,3.3535,3.2755,32143204.0,-0.0423564349078142,0.12086544012685695,0.6743261858344903,0.20480840312372225
2021-11-02,3.325,3.2945,3.335,3.2725,27513966.0,0.0,0.019067515,0.9140013,0.06693122
2021-11-03,3.275,3.31,3.31,3.236,39173344.0,0.1892254471778869,0.35863048975,0.6215062615,0.019863246
2021-11-04,3.32,3.2375,3.327,3.216,53073892.0,0.1869482950997561,0.41392975746399824,0.5744500140072379,0.01162019872971392
2021-11-05,3.227,3.284,3.319,3.215,44767612.0,-0.0008601012012295,0.1480552691386411,0.8251283139990457,0.02681638017740562
2021-11-08,3.278,3.238,3.3,3.238,37262355.0,0.0,0.06517133766666666,0.9097067566666667,0.025121884666666667
2021-11-09,3.227,3.1915,3.2505,3.191,38241308.0,0.2518952223242897,0.24930534853019784,0.7508796078753078,0.0
2021-11-10,3.202,3.212,3.2545,3.2,43932908.0,0.470998615026474,0.4941723625,0.464313853,0.041513835
2021-11-11,3.2305,3.22,3.262,3.2075,40250316.0,0.373483227361387,0.5934874403468382,0.16567647741577318,0.24083613098068718
2021-11-12,3.1965,3.1855,3.202,3.1635,38687063.0,0.0440767716038021,0.5550222707738655,0.0,0.5232186185670006
2021-11-15,3.164,3.2115,3.232,3.135,37144586.0,-0.0088544785976409,0.425406986,0.133311695,0.44128131400000004
2021-11-16,3.2115,3.209,3.235,3.1895,31122894.0,0.2697549263636271,0.291558166,0.67416681,0.03427500866666667
2021-11-17,3.227,3.2,3.228,3.195,30294804.0,0.7019314104783844,0.628345158403496,0.3865703942166926,0.0
2021-11-18,3.19,3.138,3.2165,3.135,50062070.0,0.8664820790290833,0.866482,0.05245504,0.08106297
2021-11-19,3.161,3.0585,3.1815,3.0125,81964926.0,0.4228311479091644,0.44308565899999997,0.529105825,0.0278085675
2021-11-22,3.0725,3.102,3.1175,3.0465,49506090.0,0.0,0.12190416500000001,0.863399385,0.014696488
2021-11-23,3.08,3.0635,3.1145,3.032,52601950.0,0.9356541037559508,0.9356541,0.051321678,0.013024122
2021-11-24,3.054,3.032,3.1185,3.0285,49993441.0,0.0,0.2341363,0.75442964,0.011434055
2021-11-25,3.0535,3.0555,3.0715,3.024,32319430.0,-0.9355647563934326,0.023158513999999998,0.041276695,0.9355648299999999
2021-11-26,2.9195,2.783,2.92,2.783,112467776.0,-0.0484529286623001,0.31332470962500003,0.38352821675,0.3031470565
2021-11-29,2.851,2.7835,2.856,2.7755,60835162.0,0.0,0.037701926499999996,0.9310776700000001,0.0312203835
2021-11-30,2.749,2.75,2.802,2.7175,80767057.0,0.2462557254875756,0.20061715182372614,0.7987974876859433,0.0005853424165970893
2021-12-01,2.77,2.822,2.834,2.7615,45059512.0,0.4917594194412231,0.5016551186666667,0.47416508833333326,0.024179782
2021-12-02,2.772,2.7925,2.8155,2.76,41390947.0,0.2747131831997809,0.43877938494617613,0.5560560052409315,0.005164624155123851
2021-12-03,2.832,2.7635,2.836,2.7525,36073907.0,0.0,0.23423830666666667,0.7498135366666667,0.015948179333333333
2021-12-06,2.788,2.8135,2.8135,2.7635,28047681.0,0.0,0.118116804,0.7560083333333333,0.12587485466666667
2021-12-07,2.847,2.8185,2.8475,2.804,36698151.0,-0.160303935272008,0.13743426195087127,0.546004510030124,0.3165612302391648
2021-12-08,2.79,2.7485,2.808,2.7335,63668596.0,0.1217370331287384,0.458892877,0.24858698,0.29252013200000004
2021-12-09,2.773,2.7175,2.773,2.7025,44694310.0,0.9408850073814392,0.9408849,0.048271656,0.010843362
2021-12-10,2.7,2.701,2.728,2.683,31854937.0,-0.3315655946731567,0.2237118784,0.20254545459999998,0.5737426676
2021-12-13,2.704,2.6585,2.7245,2.653,31463210.0,0.1527529855569203,0.3525424465,0.4289705791666667,0.21848698116666668
2021-12-14,2.6845,2.6865,2.712,2.66,39921255.0,-0.4156995217005412,0.08705669649999999,0.49069415650000003,0.42224914041666667
2021-12-15,2.69,2.6565,2.699,2.6565,34617392.0,0.0,0.20767051299999997,0.6899452766666667,0.10238419783333334
2021-12-16,2.693,2.7665,2.791,2.6785,54020095.0,0.3968327403068542,0.3961194843333333,0.5839949184444444,0.019885588755555555
2021-12-17,2.7505,2.775,2.795,2.7325,84775683.0,0.2851985891660054,0.418586345,0.5549027,0.026510944999999998
2021-12-20,2.7,2.7545,2.7855,2.6915,39422355.0,0.1888291001319885,0.3503393988,0.608180817,0.041479806
2021-12-21,2.793,2.811,2.822,2.7585,34675567.0,0.3011268774668376,0.34714204466666665,0.62579171,0.02706621316666667
2021-12-22,2.79,2.8155,2.8285,2.783,26537739.0,0.0,0.09619879,0.6564914,0.24730985
2021-12-23,2.83,2.9015,2.919,2.8235,41334134.0,0.0,0.052644607,0.9183619,0.028993465
2021-12-27,2.8735,2.9235,2.93,2.873,19766723.0,-0.0267347103546079,0.09134772402746026,0.9840593599578815,0.0
2021-12-28,2.921,2.931,2.937,2.9075,21117388.0,-0.1607162916041654,0.17574117417206142,0.77418085187338,0.050077900544861526
2021-12-29,2.9115,2.9225,2.937,2.904,26920159.0,-0.22088246930399,0.2926133613139652,0.464672857685522,0.24271373741565644
2021-12-30,2.92,2.9405,2.951,2.9155,36172951.0,-0.0261709690093994,0.4287526893333333,0.23148185933333335,0.339765434
2022-01-03,2.95,2.9505,2.9835,2.927,26375611.0,0.4234182092796064,0.584159158230166,0.074607856816814,0.34123299029789234
2022-01-04,2.98,3.0325,3.0495,2.9645,42604570.0,0.5912021994590759,0.5912,0.061566744,0.34723327
2022-01-05,3.031,3.0375,3.0555,3.019,27604357.0,-0.0595018645749412,0.2822424466383725,0.2598744147469273,0.45788313679698955
2022-01-06,2.982,3.0855,3.0875,2.9735,39564642.0,-0.4817441999912262,0.165210716,0.340500761,0.4942885125
2022-01-07,3.094,3.1125,3.1195,3.0665,36424305.0,0.3714249760414402,0.7480290259395985,0.0,0.2775553189201702
2022-01-10,3.131,3.1155,3.1575,3.092,38266690.0,0.9446433782577516,0.944643385,0.028896387500000002,0.0264602615
2022-01-11,3.1155,3.119,3.14,3.0875,31786247.0,0.0,0.034391623,0.933203,0.03240538
2022-01-12,3.14,3.1135,3.149,3.092,41183660.0,-0.4350932836532593,0.057583564999999996,0.5028864550000001,0.4395300245
2022-01-13,3.109,3.127,3.138,3.099,37212634.0,0.1519059985876083,0.3431607845,0.6387257475,0.01811350025
2022-01-14,3.1205,3.1665,3.167,3.1095,42216960.0,-0.575801412264506,0.232452085,0.13271270500000001,0.634835265
2022-01-17,3.1895,3.1565,3.193,3.152,20468550.0,0.6777715682983398,0.67776996,0.31130973,0.010920292
2022-01-18,3.146,3.14,3.1795,3.1285,30702659.0,0.0,0.11704265,0.8737793,0.009178085
2022-01-19,3.117,3.1345,3.157,3.1165,49775104.0,0.0,0.037110488,0.935705605,0.027183937
2022-01-20,3.1,3.1305,3.142,3.0895,31901690.0,0.0,0.033781942,0.8697012,0.09651683
2022-01-21,3.067,3.0825,3.098,3.042,56770518.0,0.0,0.3156772,0.65923417,0.025088625
2022-01-24,3.0655,2.943,3.076,2.914,63295522.0,-0.247300922870636,0.3409782829,0.0753144546,0.5837072581
2022-01-25,2.973,3.0235,3.025,2.9405,43434721.0,0.3889461755752563,0.631840767,0.1015858775,0.26657333175000003
2022-01-26,3.058,3.1355,3.1605,3.054,51341660.0,-0.0206031501293182,0.334515777,0.41945808725,0.24602615325
2022-01-27,3.1,3.2015,3.2335,3.0955,55532805.0,-0.2401471734046936,0.32815993325,0.189531326,0.48230873925
2022-01-28,3.2,3.1465,3.2015,3.124,38056584.0,-0.1567822893460591,0.07483474816666667,0.7509453986666667,0.17421985866666667
2022-01-31,3.1845,3.0945,3.185,3.072,45997775.0,0.4507216215133667,0.5888734183333333,0.3917299,0.019396657833333334
2022-02-01,3.104,3.165,3.1765,3.0985,40610135.0,0.9009197354316713,0.90091985,0.023222843,0.0758573
2022-02-02,3.19,3.1755,3.2195,3.1045,48484608.0,-0.2376568019390106,0.25758622475,0.261132313,0.481281456
2022-02-03,3.206,3.299,3.3245,3.1785,67128551.0,0.8493981659412384,0.849397815,0.1296321935,0.0209700315
2022-02-04,3.32,3.254,3.3365,3.209,57604580.0,0.2528531153996785,0.426291221,0.5527441133333334,0.020964653333333333
2022-02-07,3.2975,3.294,3.313,3.2245,48368443.0,-0.5375085823190144,0.0,0.9881303583541575,0.10861557917379584
2022-02-08,3.308,3.371,3.3775,3.3045,56872176.0,-1.1306055350678046,0.0,1.3102633400433872,0.17468443408139303
2022-02-09,3.385,3.433,3.443,3.3465,58666424.0,-1.5264377428466915,0.0,1.5191430584010215,0.2191712180561248
2022-02-10,3.42,3.4815,3.482,3.4155,63522980.0,-1.7250052056556755,0.0,1.6147695134270614,0.24207593109799125
2022-02-11,3.4365,3.4815,3.4815,3.4265,45942261.0,-1.7263079234947571,0.0,1.5971427051215066,0.24339857320699237
2022-02-14,3.344,3.3465,3.3835,3.305,67277892.0,-1.530345896363936,0.0,1.4662626334843571,0.22313914438312818
2022-02-15,3.312,3.423,3.423,3.309,48838747.0,-1.1371191242632115,0.0,1.2221292985156125,0.18129764462639855
2022-02-16,3.434,3.379,3.4615,3.345,35297457.0,-0.6896038837719997,0.0,0.9544161527571153,0.1328417422896799
2022-02-17,3.3675,3.34,3.381,3.308,32156445.0,-0.330776451469715,0.1544642040950459,0.7527966487507068,0.09273910572584847
2022-02-18,3.335,3.322,3.358,3.3045,33006114.0,-0.0606368273563582,0.3217394584302199,0.6172707864963876,0.060989734934904304
2022-02-21,3.3425,3.2855,3.379,3.254,36260810.0,0.1208149885680711,0.4145677981883026,0.5478385659941571,0.037593629916847365
2022-02-22,3.1905,3.2815,3.329,3.172,52613644.0,0.2135789963035731,0.4329492233692934,0.5444999872440158,0.022550790671677673
2022-02-23,3.306,3.2375,3.341,3.2215,37253624.0,0.2176551958501474,0.3768837339731925,0.6072550502459635,0.015861217199395223
2022-02-24,3.096,2.9885,3.1195,2.9375,153195294.0,0.1330435872077942,0.24637133,0.7361037549999999,0.0175249095
2022-02-25,3.0105,3.1185,3.1295,2.935,93247577.0,0.0,0.07647184,0.89545732,0.028070825
2022-02-28,2.9815,2.9845,3.0095,2.924,104075083.0,0.0,0.03078602,0.92636085,0.04285312
2022-03-01,2.9695,2.8295,3.0175,2.8295,87628089.0,0.0,0.032010745,0.9449266,0.023062624
2022-03-02,2.81,2.927,2.961,2.767,77120099.0,0.632749080657959,0.63274795,0.3516627,0.015589329
2022-03-03,2.937,2.87,2.962,2.854,63454118.0,0.0,0.019580929,0.9230714,0.057347648
2022-03-04,2.8465,2.7185,2.8545,2.7125,92345854.0,0.4090060293674469,0.429954349,0.547842005,0.022203711799999998
2022-03-07,2.615,2.631,2.6905,2.49,101183243.0,0.8908303380012512,0.89083016,0.100125,0.009044843
2022-03-08,2.6,2.697,2.7945,2.585,84462357.0,0.4437446296215057,0.46940669500000004,0.5093804550000001,0.0212128735
2022-03-09,2.836,2.8925,2.8925,2.776,79613477.0,0.2834280927975972,0.39703294333333333,0.5946442166666667,0.008322847
2022-03-10,2.892,2.853,2.922,2.8135,59094246.0,0.0,0.06765683,0.90361035,0.028732851
2022-03-11,2.871,2.864,3.009,2.82,71679856.0,-0.0480715937051504,0.25786666525746826,0.783449778591725,0.0
2022-03-14,2.903,2.955,2.97,2.888,51422449.0,0.0,0.41153973,0.57633156,0.012128743
2022-03-15,2.913,2.983,3.011,2.8975,58756699.0,0.0,0.040180537,0.68039295,0.27942654
2022-03-16,3.05,3.157,3.1895,3.0335,85831234.0,0.2841886579990387,0.3143030415,0.6642668700000001,0.0214301015
2022-03-17,3.165,3.1405,3.1885,3.091,56512703.0,0.2083885522156421,0.3635622705889894,0.6956560130030178,0.0
2022-03-18,3.14,3.12,3.1495,3.085,78771359.0,0.0,0.21576586,0.77792734,0.0063068257
2022-03-21,3.15,3.129,3.1895,3.1,35090981.0,0.0,0.09662572950000001,0.8796315875,0.023742668
2022-03-22,3.147,3.181,3.205,3.1405,42645027.0,0.1703072487344527,0.09769607597113462,1.038314249173343,0.0
2022-03-23,3.1885,3.1305,3.1965,3.115,38593720.0,0.0,0.10229197500000001,0.8883315,0.0093765225
2022-03-24,3.1285,3.064,3.1345,3.053,49249449.0,-0.7560677528381348,0.04775847,0.19617392,0.75606763
2022-03-25,3.075,3.057,3.087,3.03,39246608.0,-0.5413228758496504,0.34982956481412614,0.0,0.8579770334568262
2022-03-28,3.0745,3.08,3.1535,3.074,39956043.0,0.6055265704556272,0.92935053165996,0.0,0.2752210060524906
2022-03-29,3.138,3.2485,3.263,3.114,61378960.0,0.8956590890884399,0.895659,0.08975791,0.014583129
2022-03-30,3.216,3.1425,3.218,3.129,48408904.0,0.2922280430793762,0.31241371149999997,0.56240002,0.12518631
2022-03-31,3.178,3.1,3.1995,3.0975,60979768.0,0.2208085060119629,0.3258737775,0.656922135,0.017204069500000002
2022-04-01,3.1655,3.181,3.2,3.136,41392618.0,0.1076715836922327,0.3305821625,0.4904840979166667,0.17893372758333334
2022-04-04,3.193,3.19,3.2055,3.148,33483510.0,0.0,0.048424139000000005,0.89255562,0.0590202695
2022-04-05,3.169,3.14,3.1905,3.132,45078537.0,0.2979313929875691,0.4344468723333333,0.5469459213333333,0.018607205666666668
2022-04-06,3.151,3.038,3.1745,3.01,69135494.0,0.4441050589084625,0.4694225765,0.509278305,0.0212991495
2022-04-07,3.053,3.0395,3.1225,3.032,53284435.0,0.3380632613715671,0.30911678330820314,0.6657157040443341,0.02516755573744471
2022-04-08,3.077,3.118,3.147,3.077,41094744.0,0.050567337858145,0.06567701798730152,0.9076707139420191,0.02665229114733476
2022-04-11,3.1255,3.158,3.1745,3.125,37921684.0,0.0,0.04194041,0.93126595,0.026793644499999998
2022-04-12,3.099,3.133,3.1675,3.08,38879544.0,0.2560916997357662,0.2883798142567495,0.6858551814361002,0.025764997257162046
2022-04-13,3.1365,3.1235,3.1535,3.115,30043098.0,0.445773035287857,0.4758391025,0.5074496150000001,0.016711263
2022-04-14,3.142,3.1525,3.185,3.129,34478960.0,0.1959746048786858,0.27516214647220116,0.7320604574413788,0.0
2022-04-19,3.1665,3.162,3.182,3.134,35317711.0,-0.3130745299558092,0.0,1.192327272209506,0.0
2022-04-20,3.1905,3.212,3.2515,3.1815,51449373.0,0.0,0.101008659,0.8840874400000001,0.014903843
2022-04-21,3.2225,3.23,3.232,3.196,42785501.0,0.8203421533107758,0.8203422,0.055339925,0.124317854
2022-04-22,3.187,3.166,3.24,3.166,38807351.0,-0.1050710181395212,0.17429948800000003,0.6972956083333334,0.12840490275000002
2022-04-25,3.12,3.054,3.1525,3.054,53606054.0,0.4736341834068298,0.4896864085,0.49375071800000003,0.0165628605
2022-04-26,3.148,2.8465,3.164,2.832,138171238.0,0.2049051698516397,0.3198004756470588,0.4886547009411764,0.19154481094117648
2022-04-27,2.9,2.816,2.9,2.8,101725224.0,0.1801043897867202,0.4128377075,0.37703376424999996,0.21012852458333334
2022-04-28,2.839,2.752,2.849,2.719,73480843.0,0.1310043845857892,0.4554455024285714,0.26020665785714286,0.284347846
2022-04-29,2.79,2.8165,2.8265,2.761,59753014.0,0.0238879919052124,0.2331403081111111,0.5342171238888889,0.23264257777777775
2022-05-02,2.788,2.74,2.817,2.734,45703776.0,0.0615353499140058,0.2720426042142857,0.5884305031428572,0.13952690871428572
2022-05-03,2.79,2.8225,2.829,2.766,48946336.0,-0.2418732047080993,0.045646029666666664,0.6558006663333333,0.2985532846666667
2022-05-04,2.838,2.772,2.839,2.7705,42475403.0,0.3138829867045085,0.4230857966666666,0.5554833443333332,0.021430877333333334
2022-05-05,2.843,2.6895,2.8435,2.68,69154121.0,0.0,0.034857341,0.85853485,0.106607794
2022-05-06,2.7245,2.6505,2.7245,2.6415,58354209.0,-0.968824863433838,0.01001136,0.021163773,0.96882486
2022-05-09,2.641,2.6,2.6735,2.6,44007141.0,0.0,0.045628328,0.9183724,0.03599932
2022-05-10,2.6515,2.6335,2.7045,2.633,42629884.0,0.7385910153388977,0.7385898,0.2451153,0.016294863
2022-05-11,2.649,2.693,2.7035,2.611,41457984.0,0.0,0.39610177,0.5949434,0.008954855
2022-05-12,2.631,2.6535,2.6665,2.6055,35987282.0,-0.2463967098178587,0.054296653044061005,0.8867309267849293,0.05897243721404999
2022-05-13,2.6885,2.728,2.733,2.6755,35782928.0,0.0,0.054909692600000004,0.8485880160000001,0.09650227659999999
2022-05-16,2.71,2.6995,2.7465,2.6855,28910228.0,0.239992340405782,0.321721541,0.6491151000000001,0.02916337233333333
2022-05-17,2.75,2.778,2.791,2.7235,30971853.0,0.0,0.0807517875,0.906093685,0.013154565
2022-05-18,2.78,2.74,2.7985,2.7365,26991094.0,0.7953907251358032,0.79539052,0.19207083,0.0125386505
2022-05-19,2.722,2.7405,2.7405,2.678,37858201.0,0.3445746600627899,0.43818608000000003,0.54830619,0.01350772225
2022-05-20,2.7795,2.744,2.7905,2.732,38875511.0,-0.1215224385261535,0.0535147496,0.802415654,0.1440695858
2022-05-23,2.792,2.85,2.85,2.7685,28276857.0,0.1340826153755188,0.42178866,0.3697249716,0.2084863764
2022-05-24,2.813,2.8935,2.9135,2.813,37739786.0,0.1551863327622413,0.39131137914285713,0.3484350132857143,0.2602536188571429
2022-05-25,2.939,2.953,2.97,2.9,38356040.0,0.868284265200297,0.8682838533333334,0.10680789033333334,0.024908267666666664
2022-05-26,2.9655,3.02,3.02,2.96,40353857.0,0.8370444774627686,0.837044075,0.13235359149999998,0.0306023235
2022-05-27,3.0,3.04,3.048,2.985,38983647.0,0.7262429540620632,0.5867883104005549,0.5381991971158268,0.0
2022-05-30,3.0515,3.078,3.078,3.042,30528820.0,0.6142719543042581,0.24431259176399991,1.150782834864854,0.0
2022-05-31,3.05,3.0145,3.073,3.006,62290966.0,0.0,0.05936863,0.92351735,0.017114084
2022-06-01,3.0355,2.985,3.0585,2.9805,32808927.0,-0.8258498311042786,0.032611209,0.14153883499999997,0.82584995
2022-06-02,2.9995,2.9795,3.005,2.9615,20146792.0,0.0,0.0422501735,0.932169535,0.025580327
2022-06-03,3.011,2.9635,3.011,2.9525,17398506.0,0.477178007364273,0.49431121699999997,0.4863998605,0.019288936
2022-06-06,2.9955,3.038,3.051,2.9855,24115794.0,0.0,0.024212938,0.9228999,0.052887194
2022-06-07,3.0195,2.9985,3.042,2.9985,23600950.0,0.0,0.03368575,0.9010462,0.065268
2022-06-08,3.0,2.985,3.0075,2.97,27239991.0,0.1754361788431803,0.27232769966666664,0.7041218666666667,0.02355048233333333
2022-06-09,2.962,2.906,2.976,2.906,37829462.0,0.0,0.03368575,0.9010462,0.065268
2022-06-10,2.9,2.7,2.905,2.697,67925648.0,0.0,0.07610884500000001,0.815696915,0.108194238
2022-06-13,2.6795,2.6105,2.6795,2.585,72279047.0,-0.3599019046902735,0.08162820906722315,0.4844102964671155,0.4339615276635578
2022-06-14,2.66,2.623,2.674,2.61,37813897.0,-0.6631528288125992,0.051175704,0.2856717425,0.663152585
2022-06-15,2.7225,2.6905,2.7255,2.657,41835191.0,-0.3836787796750116,0.06566768972165632,0.5694684217218714,0.3648638970333131
2022-06-16,2.681,2.6355,2.69,2.621,33798091.0,0.0,0.092926975,0.8802255,0.026847519
2022-06-17,2.6685,2.696,2.755,2.6305,95126410.0,0.0461531827847162,0.11632977133333333,0.8274602458333332,0.056209986875
2022-06-20,2.6985,2.794,2.8185,2.681,29794195.0,0.0,0.18519016,0.8047964,0.010013412
2022-06-21,2.807,2.7975,2.849,2.7855,26534883.0,0.0,0.0750138,0.8773796,0.047606576
2022-06-22,2.752,2.805,2.825,2.7315,29878571.0,-0.200619903187595,0.0,0.9380416804610558,0.17622234230701345
2022-06-23,2.7875,2.716,2.8145,2.7035,40819011.0,0.0,0.10751975700000001,0.6903641199999999,0.202116143
2022-06-24,2.724,2.76,2.7885,2.683,31702931.0,0.947063446044922,0.9470635199999999,0.038303705,0.01463286225
2022-06-27,2.765,2.7705,2.802,2.7375,24442443.0,0.8726341128349304,0.87263376,0.10802322,0.019342978
2022-06-28,2.79,2.7775,2.8205,2.767,25126150.0,0.0,0.0772496755,0.8997267275,0.023023613749999998
2022-06-29,2.741,2.736,2.77,2.724,27326204.0,-0.1467678646246592,0.18700264666666666,0.46304892966666666,0.3499484146666667
2022-06-30,2.7,2.688,2.708,2.636,43646497.0,0.0198872390332025,0.24436036410402942,0.4253756701794256,0.3302639215677322
2022-07-01,2.664,2.684,2.7275,2.6435,24551788.0,0.0,0.15555997,0.57744116,0.26699883
2022-07-04,2.693,2.683,2.71,2.6615,17312270.0,-0.4924549460411072,0.0404307,0.43590922666666665,0.52366009
2022-07-05,2.695,2.568,2.7195,2.568,39851582.0,-0.85191992466488,0.0,0.3704428133320867,0.7083758105533956
2022-07-06,2.6085,2.5255,2.6185,2.5115,44422777.0,-0.9774686568004456,0.0,0.4426524105217037,0.7558340098244645
2022-07-07,2.5875,2.6155,2.6345,2.555,42292045.0,-0.8691011424478036,0.0,0.6525380182355176,0.6660346878132062
2022-07-08,2.603,2.613,2.649,2.5715,28474361.0,-0.5656649607874611,0.0,0.9596366710789829,0.46096060718401066
2022-07-11,2.56,2.56,2.597,2.5445,21445971.0,-0.3002455869024596,0.0,1.1211705766848241,0.2725083439232163
2022-07-12,2.5375,2.4665,2.5435,2.4,80478617.0,-0.1116905999733059,0.0,1.096676769658497,0.12266066069521277
2022-07-13,2.468,2.4465,2.48,2.4075,33456057.0,0.0,0.102427155,0.88615525,0.0114175575
2022-07-14,2.422,2.3375,2.444,2.3265,50660286.0,0.0,0.44677013,0.53030616,0.022923725
2022-07-15,2.3445,2.4055,2.415,2.324,47833646.0,-0.3035507053136825,0.19131238725,0.2963511825,0.5123364145
2022-07-18,2.428,2.412,2.462,2.3995,30968140.0,-0.6326435605684916,0.02086535366666667,0.33922973466666667,0.6399049123333334
2022-07-19,2.4015,2.5125,2.5265,2.397,42491883.0,-0.0153063833713531,0.2096763535,0.56791319,0.22241047800000002
2022-07-20,2.54,2.461,2.554,2.413,41377909.0,0.0,0.03161365,0.91673994,0.051646426
2022-07-21,2.436,2.4535,2.519,2.409,50740589.0,-0.3231829106807709,0.0299197185,0.42442751,0.5456527250000001
2022-07-22,2.455,2.433,2.517,2.4255,41894188.0,-0.3671310663223266,0.07968622375000001,0.587303905,0.33300990825
2022-07-25,2.4285,2.4555,2.473,2.417,24523856.0,0.0,0.049463928,0.7250278,0.22550821
2022-07-26,2.43,2.4375,2.4515,2.4145,21215917.0,0.0,0.238337565,0.7503073675,0.011355062875
2022-07-27,2.452,2.4885,2.49,2.444,24261841.0,0.3121150255203247,0.4012268392,0.5835924332,0.015180716799999999
2022-07-28,2.4895,2.429,2.492,2.3845,64521541.0,0.285035497375897,0.5474793968571429,0.1936062137142857,0.25891439652142856
2022-07-29,2.427,2.44,2.448,2.371,63725000.0,-0.1164865493774414,0.04137546916666667,0.7261970033333333,0.23242751683333332
2022-08-01,2.436,2.393,2.4805,2.3815,39369962.0,0.0,0.0791769475,0.910058215,0.010764837
2022-08-02,2.39,2.3845,2.4035,2.3555,36825148.0,0.0,0.08817818499999999,0.8971186,0.014703203500000001
2022-08-03,2.398,2.4335,2.4365,2.356,32887455.0,0.5109159635768391,0.5576435315584855,0.4253407689058737,0.0170157050434307
2022-08-04,2.4335,2.4595,2.491,2.431,33846715.0,0.9243982434272766,0.9243981,0.06820945,0.0073924838
2022-08-05,2.4515,2.501,2.525,2.451,32250350.0,0.5013537570355528,0.5178618485127527,0.4560563639678412,0.026081833897249187
2022-08-08,2.527,2.554,2.5605,2.4925,27914576.0,0.0,0.031704023,0.93331116,0.034984868
2022-08-09,2.5235,2.556,2.578,2.5235,25636112.0,0.1785544679189504,0.15959386936499803,0.8444034872870781,0.0
2022-08-10,2.55,2.6145,2.6145,2.5495,28533218.0,0.8549349178343962,0.7547682011934971,0.308495987426188,0.0
2022-08-11,2.626,2.6365,2.655,2.61,26590846.0,0.936647891998291,0.9366479,0.04056451,0.022787612
2022-08-12,2.6345,2.6665,2.679,2.625,35603593.0,0.2416111474526266,0.5584697793702565,0.1597716966056258,0.28175847575259083
2022-08-15,2.6725,2.6385,2.675,2.615,15930362.0,-0.6098533868789673,0.07927376,0.31087196,0.6098542
2022-08-16,2.652,2.6595,2.681,2.6375,21178574.0,-0.997423782072862,0.0,0.13861971294005726,0.9032805270824498
2022-08-17,2.68,2.6215,2.686,2.6135,19710912.0,-0.9416980147361756,0.017713983,0.04058791,0.9416982
2022-08-18,2.616,2.6205,2.648,2.6065,17038903.0,-0.4632740614760261,0.0808826171199661,0.41434950575403073,0.5047679617527107
2022-08-19,2.599,2.532,2.605,2.522,36347107.0,0.0,0.104498714,0.8776469,0.017854419
2022-08-22,2.5215,2.497,2.5215,2.4625,28339295.0,0.0102760919843164,0.045455322695240524,1.0482224925357586,0.0
2022-08-23,2.4915,2.497,2.5235,2.4705,21175740.0,-0.4324457855230768,0.0,0.9260762833613065,0.17017123995657077
2022-08-24,2.4815,2.4735,2.4955,2.455,16281736.0,-0.7475477899832874,0.0,0.6938898737562011,0.44888937628356956
2022-08-25,2.4945,2.4455,2.499,2.4335,23916030.0,-0.3544120788574219,0.08369077,0.534344865,0.38196436
2022-08-26,2.469,2.4075,2.483,2.396,25218272.0,0.4084661602973938,0.429061802,0.507541195,0.0633970383
2022-08-29,2.38,2.4065,2.41,2.3675,21780690.0,0.0,0.22764188999999999,0.7582443000000001,0.014113779
2022-08-30,2.422,2.4475,2.504,2.419,32802867.0,0.5524762392044067,0.5899598632,0.378450214,0.031589937
2022-08-31,2.4585,2.417,2.4615,2.4055,69056281.0,0.0,0.266719065,0.71611185,0.017169131
2022-09-01,2.4015,2.3805,2.4115,2.3545,27531649.0,-0.4021359086036682,0.2696379554,0.133976987,0.5963850926
2022-09-02,2.386,2.4285,2.4435,2.371,26910205.0,0.4626958817243576,0.5231123775,0.454040376,0.0228472385
2022-09-05,2.364,2.395,2.395,2.3465,27790994.0,1.054165390955912,0.928968041718528,0.2390892398975254,0.0
2022-09-06,2.3905,2.41,2.4295,2.376,20758136.0,0.870060384273529,0.8700599,0.024721676,0.105218366
2022-09-07,2.387,2.3845,2.41,2.332,28705022.0,0.0,0.040632147,0.5297589,0.429609
2022-09-08,2.4095,2.4505,2.477,2.373,37657023.0,0.0,0.0654414275,0.91608495,0.0184735915
2022-09-09,2.468,2.535,2.5635,2.465,42202339.0,-0.4046959841257608,0.08296687602574974,0.5850866803049655,0.3319464273933507
2022-09-12,2.559,2.638,2.6585,2.5545,41656442.0,-0.8762817978858948,0.025722047,0.0979961,0.8762819
2022-09-13,2.6485,2.575,2.654,2.543,39474296.0,-0.8139640304387162,0.02033140449198653,0.0947184442351407,0.8849502106996541
2022-09-14,2.5645,2.5855,2.616,2.552,30617740.0,-0.3191184871261785,0.05763954933180173,0.48681504564086087,0.45554543228364913
2022-09-15,2.5975,2.6765,2.686,2.597,64681549.0,0.0,0.0827140865,0.7436539,0.1736320015
2022-09-16,2.622,2.6505,2.654,2.608,83934735.0,0.0420156255978661,0.0863996168266737,0.776796339943031,0.13680399114004255
2022-09-19,2.6425,2.64,2.669,2.625,23427401.0,0.0,0.06056048,0.78386205,0.15557744
2022-09-20,2.6575,2.637,2.6805,2.6235,34693636.0,0.0,0.029321471,0.8551063,0.1155723
2022-09-21,2.582,2.5815,2.6285,2.558,33684431.0,-0.2161062061786651,0.170347856375,0.47593835375,0.3537138005
2022-09-22,2.542,2.6025,2.6495,2.522,32760071.0,0.0225441257158915,0.36088956899999997,0.33632994433333335,0.3027804545
2022-09-23,2.6,2.5245,2.6,2.4885,45444675.0,0.1023459314213778,0.22729475646975766,0.6844466380117363,0.0882585896780059
2022-09-26,2.501,2.4965,2.5255,2.4665,35432452.0,0.0,0.07107682,0.8952947,0.033628486
2022-09-27,2.544,2.431,2.5465,2.428,37547512.0,-0.1021446213126182,0.1639412305,0.5858172925,0.2502414765
2022-09-28,2.41,2.438,2.443,2.363,46204520.0,0.0,0.038203154,0.9215802,0.040216696
2022-09-29,2.4225,2.3815,2.4335,2.3535,40852084.0,-0.8781553506851196,0.018221775,0.10362256,0.87815565
2022-09-30,2.4055,2.3975,2.423,2.38,33178117.0,-0.7944544782734636,0.17465444203982236,0.0,0.8954680986995935
2022-10-03,2.3665,2.4645,2.475,2.3565,35129533.0,0.2714502878565177,0.4365020154782914,0.5429791602831795,0.020518796319121027
2022-10-04,2.504,2.6365,2.651,2.495,58753931.0,0.2273187935352325,0.376029444,0.596175818,0.02779474733333333
2022-10-05,2.6195,2.5755,2.6385,2.5555,32176052.0,-0.9557807743549348,0.013935685,0.030283533,0.9557808299999999
2022-10-06,2.58,2.55,2.5965,2.537,18776672.0,-1.3591991403500847,0.0,0.0,1.2608993093909848
2022-10-07,2.5325,2.5265,2.568,2.502,27106511.0,-0.8608424864565004,0.0644103353477736,0.0923632051653208,0.8432264462536163
2022-10-10,2.5115,2.4985,2.549,2.4915,24385566.0,-0.6467971801757812,0.091225356,0.26197708,0.64679754
2022-10-11,2.4795,2.458,2.486,2.4355,29062159.0,-0.7001049041748046,0.0328179622,0.26090269639999997,0.706279358
2022-10-12,2.449,2.4165,2.4525,2.395,31718618.0,-0.0515175759792327,0.34393728,0.29369692999999997,0.362365852
2022-10-13,2.409,2.497,2.513,2.395,40353637.0,0.0,0.048611317,0.93759906,0.013789622
2022-10-14,2.55,2.5305,2.576,2.5125,37841403.0,0.9402794241905212,0.9402794,0.0418826,0.017838016
2022-10-17,2.5305,2.5665,2.603,2.525,31949085.0,0.1661227583885192,0.288904134,0.68386873,0.0272271476
2022-10-18,2.5895,2.621,2.672,2.587,34757912.0,0.0,0.10397658,0.5053077,0.39071578
2022-10-19,2.6365,2.6345,2.65,2.583,26039953.0,0.378298282623291,0.415686755,0.41849166,0.1658215725
2022-10-20,2.63,2.6685,2.6785,2.607,33772065.0,0.5919846892356873,0.5919834,0.39224458,0.015772006
2022-10-21,2.639,2.658,2.6585,2.59,40200140.0,0.0,0.07048928,0.9188504,0.010660355
2022-10-24,2.68,2.724,2.748,2.669,40806510.0,0.1846377700567245,0.3604314075,0.627304035,0.012264561
2022-10-25,2.745,2.7385,2.777,2.688,37626687.0,-0.4876345098018646,0.018311649,0.4736571645,0.5080311240000001
2022-10-26,2.756,2.649,2.76,2.602,66727364.0,-0.0175259735273278,0.31092394782608695,0.4025255404782609,0.28655050960869566
2022-10-27,2.6275,2.625,2.6435,2.6015,51125877.0,-0.5084032416343689,0.10119414,0.26676045,0.6320454366666667
2022-10-28,2.62,2.658,2.658,2.602,34065888.0,-0.4851574182510376,0.0434357094,0.44015418840000003,0.5164100894
2022-10-31,2.6305,2.622,2.657,2.596,33634604.0,-0.476086323344508,0.03294199980219447,0.49842096950863846,0.4686370176465196
2022-11-01,2.637,2.6435,2.6775,2.6315,27135256.0,-0.6278960829670459,0.02539115844417169,0.3572457185656775,0.6173631675117719
2022-11-02,2.662,2.6215,2.6705,2.6075,35197763.0,-0.8195115287805452,0.01958189071406307,0.1614435496898779,0.8189746559711385
2022-11-03,2.6125,2.59,2.621,2.561,31202455.0,-0.9298574924468994,0.014312902,0.055829577,0.9298576
2022-11-04,2.6065,2.669,2.6905,2.599,49666358.0,-0.8085485994815826,0.013398804,0.17805244625,0.808548745
2022-11-07,2.65,2.6605,2.685,2.633,23861962.0,0.0,0.042872094,0.9251369,0.031990916
2022-11-08,2.656,2.645,2.667,2.6365,18147759.0,-0.5988309383392334,0.10563333,0.29553345,0.59883326
2022-11-09,2.63,2.6125,2.6695,2.597,34601661.0,-0.4396102316393814,0.08612924138777958,0.4644029109527828,0.4494678449250795
2022-11-10,2.608,2.5535,2.608,2.521,58605165.0,0.0,0.06791514,0.9193392,0.012745598
2022-11-11,2.542,2.5275,2.5615,2.5015,45615496.0,0.0,0.18247575666666668,0.7765011199999999,0.041023151333333334
2022-11-14,2.54,2.572,2.5835,2.528,31572939.0,0.5064572095870972,0.5064569,0.48193535,0.011607699
2022-11-15,2.584,2.6085,2.6125,2.5655,30409774.0,0.4665643572807312,0.53689831,0.447896405,0.015205251999999999
2022-11-16,2.604,2.5755,2.615,2.5755,30663890.0,-0.1723687545140261,0.31530127773937566,0.30046448121102615,0.3842342004150533
2022-11-17,2.581,2.5295,2.5895,2.503,39551047.0,-0.4976469278335571,0.105764435,0.39421663599999995,0.5000188823333334
2022-11-18,2.554,2.606,2.606,2.54,49927462.0,0.0,0.1028088,0.8867162,0.010474986
2022-11-21,2.59,2.6885,2.6955,2.587,55969532.0,-0.4806694090366363,0.107652568,0.4049195125,0.48742788150000005
2022-11-22,2.69,2.777,2.7885,2.682,83403954.0,0.1403994679450989,0.46104786259999997,0.1705514822,0.3684006636
2022-11-23,2.781,2.774,2.788,2.7365,44562965.0,0.4513748288154602,0.486747948,0.317086825,0.19616525
2022-11-24,2.77,2.7855,2.812,2.7675,38377375.0,0.0,0.03657809,0.9173244,0.04609747
2022-11-25,2.7965,2.8335,2.8375,2.781,45807492.0,-0.1631675131626078,0.04491569978614407,0.7577587405740499,0.19732548038928496
2022-11-28,2.811,2.8025,2.8465,2.7975,36573225.0,0.0637436040304034,0.5161205742732765,0.0,0.5774861882427467
2022-11-29,2.81,2.8355,2.852,2.7825,39139043.0,0.1857469081878662,0.5107320513333334,0.036823958999999996,0.4524439683333334
2022-11-30,2.8405,2.8505,2.859,2.803,73727452.0,0.0,0.038697176,0.926375,0.034927882
2022-12-01,2.863,2.8165,2.88,2.8165,55466904.0,-0.9612615406513214,0.010193292999999999,0.028545159,0.961261575
2022-12-02,2.809,2.8125,2.823,2.776,37906368.0,-1.2925611784143545,0.05795069876765897,0.0,1.3214119611889725
2022-12-05,2.794,2.8095,2.8315,2.79,26036863.0,-0.8873538739296013,0.0918711996111261,0.01009327668297726,0.8980355002163622
2022-12-06,2.795,2.8115,2.84,2.757,36188860.0,-0.6321905851364136,0.105159159,0.26265178,0.632189035
2022-12-07,2.8,2.797,2.832,2.7825,33990155.0,-0.6748298050246826,0.09668197084588048,0.22260264086167098,0.6807153726928572
2022-12-08,2.802,2.7725,2.809,2.7725,24382028.0,-0.9340028041799788,0.06728288499224962,0.0,0.9548601286497974
2022-12-09,2.7865,2.786,2.795,2.7375,32071379.0,-0.9220972061157228,0.0220214005,0.055881616999999995,0.922096995
2022-12-12,2.773,2.7735,2.793,2.759,27251098.0,-0.5578442814174841,0.0,0.5445876514396906,0.49367158709832776
2022-12-13,2.7855,2.7985,2.8385,2.764,45449666.0,0.0,0.054195623,0.92540655,0.020397826
2022-12-14,2.79,2.765,2.7935,2.746,38047814.0,0.5926796682219935,0.46714060573206784,0.6797697687848602,0.0
2022-12-15,2.7495,2.6965,2.77,2.667,70233118.0,1.1088964809424853,1.0479490540721232,0.007577584791134705,0.0
2022-12-16,2.6845,2.7235,2.735,2.667,92327235.0,0.8808609843254089,0.880861,0.10823166,0.010907381
2022-12-19,2.73,2.717,2.735,2.705,38252407.0,0.0,0.044477377,0.92325944,0.032263227
2022-12-20,2.699,2.8125,2.827,2.687,52582960.0,-0.3173360884222691,0.0,0.9024239363412222,0.17141234173653994
2022-12-21,2.8255,2.8485,2.8685,2.798,38944175.0,-0.28389573097229,0.09655070799999999,0.60944868,0.29400062600000004
2022-12-22,2.836,2.8095,2.863,2.807,34436304.0,-0.2048782706260681,0.03035829825,0.7356610699999999,0.23398064375
2022-12-23,2.8175,2.795,2.8355,2.7825,21628664.0,0.3168884217739105,0.3350410375,0.63723509,0.027723933
2022-12-27,2.81,2.815,2.836,2.802,21064298.0,0.0,0.07220205,0.89953864,0.028259272
2022-12-28,2.806,2.798,2.819,2.792,18502658.0,-0.249063251839743,0.0,0.8918211663016965,0.15294290036087788
2022-12-29,2.781,2.818,2.8225,2.769,25360397.0,-0.2563265871624071,0.10070749870540834,0.546968070164367,0.3523243964789575
2022-12-30,2.801,2.8025,2.8165,2.774,30202081.0,-0.1488947073618571,0.29016478766666665,0.23383007666666664,0.476005135
2023-01-02,2.824,2.8495,2.86,2.8145,20066187.0,0.0520482706629293,0.48719902310005403,0.013882306655038576,0.49891867836496556
2023-01-03,2.838,2.857,2.886,2.812,37585014.0,0.3465023469119523,0.6918102050055706,0.0,0.4210650265738542
2023-01-04,2.879,2.963,2.9735,2.875,53718756.0,0.6999992687349246,0.8871231042010204,0.0,0.2599159425361035
2023-01-05,2.938,2.974,2.981,2.9125,35343898.0,0.9057295202301204,0.9718863455932286,0.0,0.12030200370833957
2023-01-06,2.99,3.0465,3.0465,2.9855,40652599.0,0.9292248487472534,0.9292247,0.05108024,0.019694973
2023-01-09,3.0235,3.0195,3.0545,2.9875,44673189.0,0.7704852542863233,0.7591381674213342,0.2827668948082546,0.0
2023-01-10,3.007,3.036,3.049,3.0045,29099508.0,0.4295107368473296,0.4616267478572313,0.6028715422324221,0.0
2023-01-11,3.0485,3.0145,3.052,3.0085,27074877.0,-0.0936987035697272,0.03669044130769128,1.0113941822725023,0.0
2023-01-12,3.03,3.083,3.093,3.03,40307008.0,-0.4928390044438164,0.0,1.29547651958536,0.0
2023-01-13,3.095,3.1365,3.1685,3.0845,50384916.0,-0.4616061032539074,0.0,1.242260258827859,0.006054329135056843
2023-01-16,3.142,3.099,3.155,3.09,25600313.0,0.0,0.12840223,0.8517454,0.019852357
2023-01-17,3.1,3.1075,3.1265,3.079,35263243.0,0.6004001498222351,0.6003993000000001,0.374447825,0.025152842499999998
2023-01-18,3.1065,3.1345,3.1725,3.105,40911103.0,0.0,0.026660638,0.94326365,0.030075666
2023-01-19,3.101,3.0475,3.1175,3.003,64405968.0,0.0,0.125501552,0.7079676500000001,0.166530844
2023-01-20,3.084,3.097,3.102,3.055,43524380.0,-0.7704334060351054,0.075285684,0.15428041233333334,0.7704339133333332
2023-01-23,3.096,3.0955,3.1345,3.0875,29981174.0,-0.1679480276423947,0.3175598687675848,0.20183245813622133,0.4806075857252934
2023-01-24,3.1,3.104,3.1135,3.0625,27424526.0,0.5593603253364563,0.5593581,0.40441212,0.036229655
2023-01-25,3.084,3.0935,3.0985,3.0525,24025931.0,0.0240481197834014,0.4411379066666667,0.28921926000000003,0.2696427983333333
2023-01-26,3.11,3.194,3.194,3.1095,48914525.0,-0.1001148778918876,0.22088575512985995,0.49589963177164714,0.28321459819798933
2023-01-27,3.1955,3.1715,3.21,3.1585,36313346.0,-0.2887282570203145,0.05532271,0.51212572,0.43255153999999996
2023-01-30,3.168,3.195,3.208,3.1555,29838245.0,-0.8766815662384033,0.06878773,0.054530505,0.87668175
2023-01-31,3.223,3.203,3.249,3.193,43484203.0,0.145728850364685,0.30420196,0.670995852,0.0248021968
2023-02-01,3.22,3.2485,3.2965,3.2195,62446337.0,0.3280018960174761,0.5304615921052631,0.32157220084210525,0.14796620621052634
2023-02-02,3.3,3.4345,3.4925,3.2795,142438382.0,0.1592743496100107,0.21360581933333334,0.684182312,0.10221186066666667
2023-02-03,3.4235,3.4985,3.537,3.402,97398151.0,-0.469766691327095,0.23538128849999998,0.29485221500000003,0.469766555
2023-02-06,3.45,3.4455,3.48,3.4295,32581771.0,-0.4816709160804748,0.0769015364,0.42230112399999997,0.5007973486
2023-02-07,3.474,3.52,3.535,3.4635,44017303.0,-0.01608407497406,0.24169011620000003,0.5325215228,0.22578838599999998
2023-02-08,3.54,3.5285,3.57,3.505,38447836.0,0.0623939931392669,0.47400724666666666,0.2707792785,0.255213451
2023-02-09,3.5415,3.502,3.561,3.502,33316827.0,-0.0022731304168701,0.2641523088,0.5305647828,0.205282877
2023-02-10,3.5,3.4485,3.519,3.425,41695555.0,0.1277997195720672,0.42973514349999997,0.340012918625,0.23025195275
2023-02-13,3.4505,3.4805,3.4895,3.441,18550429.0,0.1227621361613273,0.3946004915,0.32397727425,0.2814222295
2023-02-14,3.496,3.5005,3.518,3.466,25654906.0,0.5054368442959256,0.5518284083333334,0.41870188077777776,0.02946971822222222
2023-02-15,3.495,3.471,3.509,3.4545,26673897.0,0.0,0.047651403,0.8752883,0.07706031
2023-02-16,3.498,3.554,3.5555,3.4945,39915865.0,-0.3597632050514221,0.0636466175,0.566957555,0.3693958375
2023-02-17,3.5215,3.524,3.562,3.502,41549818.0,0.0,0.124280888,0.846540868,0.0291782536
2023-02-20,3.533,3.5105,3.548,3.502,14591522.0,0.0,0.17601232,0.81536555,0.0086220885
2023-02-21,3.505,3.523,3.545,3.446,28022818.0,0.7959276437759399,0.79592735,0.15028138,0.05379118
2023-02-22,3.49,3.467,3.509,3.445,28815790.0,0.0,0.11520114,0.87171614,0.013082689
2023-02-23,3.4825,3.52,3.532,3.472,28536098.0,0.0,0.0645057525,0.917204125,0.018290181
2023-02-24,3.523,3.48,3.568,3.48,57455126.0,0.319089412689209,0.56433406175,0.17370655775,0.26195940775
2023-02-27,3.508,3.5525,3.58,3.5015,37575116.0,0.0999807914098103,0.38556830766666667,0.3676967712222222,0.24673490427777775
2023-02-28,3.55,3.7225,3.7485,3.536,82155731.0,0.3872250070174535,0.47745594825,0.442158727625,0.08038533205
2023-03-01,3.7345,3.69,3.7625,3.6815,42073738.0,0.2688149322162975,0.32605871654545454,0.6370273724545454,0.036913913818181814
2023-03-02,3.67,3.6835,3.693,3.615,41321539.0,0.053910806775093,0.362236558125,0.333791498625,0.303971941125
2023-03-03,3.695,3.797,3.802,3.6855,42550366.0,0.1481082439422607,0.542257016,0.028314963399999997,0.4294279888
2023-03-06,3.8155,3.858,3.86,3.7955,35508441.0,0.6889020055532455,0.79019539,0.1654858675,0.04431874975
2023-03-07,3.8465,3.7655,3.8725,3.7655,38287301.0,-0.324581225713094,0.07264721816666667,0.5871712306666667,0.340181568
2023-03-08,3.7395,3.819,3.8545,3.71,29153389.0,0.4687588413556416,0.5269476736666666,0.4406768343333333,0.032375473
2023-03-09,3.8055,3.7685,3.818,3.7685,28968772.0,-0.2378002405166626,0.3163576776,0.121531042,0.5621112518
2023-03-10,3.6,3.61,3.65,3.508,93311864.0,-0.0132592916488647,0.2998034034,0.48010871559999996,0.2200878714
2023-03-13,3.591,3.3445,3.601,3.2845,116450021.0,-0.5531626769474575,0.025759262285714287,0.4032756418571428,0.5709650715714286
2023-03-14,3.326,3.4455,3.477,3.2925,77392141.0,0.0,0.16445458,0.81869566,0.01684979
2023-03-15,3.4665,3.208,3.4665,3.152,114821929.0,-0.2388236075639724,0.2658446645,0.24780667974999998,0.48634861425000003
2023-03-16,3.318,3.2915,3.3745,3.197,79387532.0,-0.2491313695907592,0.242386,0.320588924,0.437025039
2023-03-17,3.3165,3.1385,3.3855,3.1045,130510132.0,-0.0555457472801208,0.2897213985,0.48805411,0.2222244776
2023-03-20,3.1025,3.2255,3.262,2.942,118626981.0,0.0,0.19826272,0.7889664,0.012770862
2023-03-21,3.312,3.376,3.4085,3.2975,67935442.0,-0.0182018280029296,0.3557609556666667,0.2983597233333333,0.3458792773333334
2023-03-22,3.3955,3.3835,3.5035,3.376,52073994.0,0.5090434721537999,0.5766156188571429,0.3355710002857143,0.087813393
2023-03-23,3.346,3.3195,3.39,3.31,38512749.0,-0.9696387350559236,0.014614423500000001,0.015746871500000002,0.9696386800000001
2023-03-24,3.3,3.22,3.3125,3.1205,77695996.0,0.0,0.13601345,0.8461721,0.01781453
2023-03-27,3.293,3.29,3.341,3.2515,49217854.0,0.2499965031941732,0.5797111056666666,0.08467216666666666,0.3356167196666667
2023-03-28,3.3355,3.3235,3.364,3.3005,39698700.0,0.9141449630260468,0.9141449150000001,0.072406914,0.0134482405
2023-03-29,3.359,3.381,3.3945,3.338,32611670.0,-0.9157497882843018,0.013771824,0.07047830149999999,0.915749865
2023-03-30,3.41,3.452,3.486,3.39,36480730.0,-0.9613124430179596,0.016387394,0.022300165,0.96131245
2023-03-31,3.458,3.426,3.479,3.421,48042578.0,-0.0292913455229539,0.30937835596923074,0.38164280584615384,0.3089788222307692
2023-04-03,3.436,3.438,3.49,3.425,23441078.0,-0.0162315666675567,0.29279701325,0.43776391075,0.269439068
2023-04-04,3.4385,3.446,3.494,3.4385,25391196.0,0.008464503288269,0.32025741679999997,0.4789853688,0.2007572112
2023-04-05,3.452,3.418,3.47,3.3825,28138567.0,-0.088624894618988,0.4026505515,0.1008523785,0.49649697950000005
2023-04-06,3.45,3.524,3.524,3.43,29051209.0,0.47212815284729,0.55293103,0.424029534,0.023039485
2023-04-11,3.545,3.424,3.56,3.42,45681643.0,0.2530431225895881,0.335106802,0.506775325,0.15811788042857144
2023-04-12,3.45,3.4825,3.5105,3.427,28658485.0,0.2969270348548889,0.44719665099999995,0.45623266199999996,0.09657068320000001
2023-04-13,3.4795,3.4795,3.4995,3.4385,21320477.0,0.2357165813446045,0.366600904,0.61038004075,0.02301903675
2023-04-14,3.4915,3.6105,3.6105,3.4745,39617434.0,-0.0136498808860778,0.2766994799,0.5171224267000001,0.2061780888
2023-04-17,3.632,3.5395,3.633,3.531,34553980.0,0.2214621305465698,0.39289725000000003,0.5972863066666666,0.009816443000000001
2023-04-18,3.579,3.6,3.646,3.57,34274865.0,0.312485138575236,0.38611169866666667,0.5687105096666666,0.045177772000000005
2023-04-19,3.6035,3.6375,3.641,3.581,25769659.0,-0.0011623054742813,0.173752717,0.684310339625,0.1419369491875
2023-04-20,3.669,3.5815,3.7055,3.5655,35589435.0,0.1789950927098592,0.21028227933333332,0.76227192,0.02744582633333333
2023-04-21,3.5545,3.5445,3.5615,3.501,45723043.0,-0.0441892080836825,0.19469049066666666,0.6781762348888889,0.1271332836111111
2023-04-24,3.528,3.5415,3.566,3.5015,23195840.0,-0.08891026600612,0.29983562616117165,0.41171646301312925,0.2884479158099238
2023-04-25,3.471,3.33,3.471,3.314,72422178.0,-0.0195217078382318,0.344590867484375,0.32337631871875,0.332032821375
2023-04-26,3.282,3.294,3.319,3.2215,56672413.0,0.0838156938552856,0.25107178584,0.5853775309,0.16355068779999998
2023-04-27,3.283,3.283,3.3005,3.244,25000683.0,0.6072716315587362,0.620626625,0.3038013232222222,0.07557205155555555
2023-04-28,3.25,3.1865,3.268,3.126,49727999.0,0.1219797849655151,0.27725064566666663,0.5093824488888888,0.21336687111111108
2023-05-02,3.1815,3.104,3.216,3.0935,41164992.0,-0.0261770963668823,0.3492756124,0.30290591899999997,0.3478184658
2023-05-03,3.1315,3.12,3.147,3.092,21786887.0,0.1533201535542806,0.22208855800000002,0.7082179633333333,0.06969345916666667
2023-05-04,3.1055,3.057,3.1245,3.0385,32982930.0,0.3401122040436019,0.247064148664912,0.7985966307619865,0.0
2023-05-05,3.07,3.149,3.164,3.062,31019386.0,0.4738987007461849,0.4509042964249265,0.4899121655151876,0.05918357646526617
2023-05-08,3.1635,3.187,3.2075,3.1595,16677302.0,0.4724514484405517,0.482725658,0.44560065,0.0716737235
2023-05-09,3.1715,3.185,3.206,3.147,19018484.0,0.2697636570249285,0.30678777414285713,0.66130821,0.031903998
2023-05-10,3.212,3.1435,3.2345,3.135,19350971.0,-0.1840525998009575,0.166555529,0.496040896,0.3374035816666667
2023-05-11,3.154,3.139,3.168,3.083,25062455.0,0.2838253557682037,0.50534983675,0.24169249825,0.252957652875
2023-05-12,3.1555,3.1425,3.1805,3.139,21064547.0,0.0551330989057367,0.27745940204545455,0.5178263464545455,0.2047142455909091
2023-05-15,3.17,3.148,3.1775,3.1195,17003566.0,0.2362076342105865,0.28355291025,0.67041794825,0.04602915875
2023-05-16,3.1175,3.1395,3.174,3.1175,17437130.0,0.2895648525311396,0.4239978499230769,0.4718044046923077,0.10419773484615383
2023-05-17,3.11,3.158,3.158,3.102,17768701.0,0.3712207913398743,0.3884508516,0.580098924,0.0314502242
2023-05-18,3.1395,3.1755,3.1965,3.1355,24098291.0,0.1064050570130348,0.3154322545,0.538153370125,0.14641434125000002
2023-05-19,3.1985,3.2,3.24,3.173,29604018.0,0.1553833683331807,0.343474283625,0.502749206875,0.15377652987499998
2023-05-22,3.182,3.2295,3.2475,3.1785,18570420.0,0.2337312135431501,0.38635520283333336,0.4228631651111111,0.1907816412222222
2023-05-23,3.229,3.225,3.233,3.201,15351992.0,-0.4253679141402244,0.1614645085,0.392910942375,0.4456245276875
2023-05-24,3.193,3.1415,3.202,3.128,24533674.0,-0.17446830868721,0.18266629175,0.547429313375,0.269904372125
2023-05-25,3.132,3.155,3.1705,3.0865,28669978.0,0.3076351781686147,0.3766726976666667,0.5798552383333333,0.04347206566666667
2023-05-26,3.1665,3.197,3.199,3.0865,22602653.0,0.1834588448206583,0.4177994326666667,0.4220585845,0.16014199691666667
2023-05-29,3.235,3.1425,3.237,3.123,13674208.0,0.1307049170136451,0.544733880125,0.09018642437499999,0.3650796755
2023-05-30,3.14,3.1105,3.18,3.0955,26058084.0,0.0580913871526718,0.42979059337500003,0.160865713375,0.4093437075
2023-05-31,3.08,3.045,3.14,3.0405,69180578.0,-0.0615850632840936,0.18582610719999998,0.5914679155,0.2227059675
2023-06-01,3.0845,3.1145,3.125,3.071,23998491.0,-0.2439174205064773,0.28953768027272725,0.286382503,0.42407981927272725
2023-06-02,3.14,3.21,3.2205,3.118,26818508.0,0.4565666690468788,0.49814082125000003,0.450205259125,0.051653898375
2023-06-05,3.2295,3.183,3.25,3.162,22412353.0,0.0358454368331215,0.4745437983636364,0.1891467114090909,0.3363095003636363
2023-06-06,3.1735,3.209,3.211,3.1425,20810145.0,0.2954334086842007,0.4858154783333333,0.30656121000000003,0.207623298
2023-06-07,3.225,3.211,3.245,3.1725,17772409.0,-0.1184582859277725,0.26059955074999996,0.442957216375,0.296443237875
2023-06-08,3.2355,3.227,3.27,3.2005,22981423.0,0.4433327317237854,0.5912037985714286,0.30131746014285715,0.107478751
2023-06-09,3.23,3.2015,3.2365,3.168,17889217.0,-0.011100149154663,0.2772876152,0.48377623659999996,0.23893617100000003
2023-06-12,3.213,3.189,3.233,3.162,16238495.0,-0.4424260735511779,0.24948908650000004,0.10634721080000001,0.6441637264000001
2023-06-13,3.2,3.192,3.206,3.145,26021976.0,0.1150393982728322,0.3690069864,0.3543632176,0.2766298012
2023-06-14,3.192,3.25,3.281,3.19,36036915.0,0.5615176459153494,0.5879114541666667,0.37459249916666665,0.037496060500000004
2023-06-15,3.2205,3.194,3.222,3.182,31350826.0,-0.1272177696228027,0.1655918627142857,0.6026450620714286,0.23176306928571427
2023-06-16,3.21,3.2205,3.255,3.183,109136731.0,0.2396373689174652,0.4880887227,0.2915945558,0.22031674950000002
2023-06-19,3.2,3.212,3.256,3.196,17185761.0,0.1846951733935963,0.45759285000000005,0.32022238988888885,0.22218475077777777
2023-06-20,3.205,3.193,3.2205,3.186,17336403.0,-0.0352853139241536,0.3265188513333333,0.3260020221111111,0.3474791381111111
2023-06-21,3.1965,3.204,3.2365,3.193,20967493.0,-0.295639681816101,0.074417345,0.5936624706,0.33192017420000003
2023-06-22,3.17,3.156,3.17,3.104,26456612.0,0.0,0.12916380575,0.7860880125,0.0847481895
2023-06-23,3.123,3.066,3.137,3.0655,32887934.0,-0.329430878162384,0.0927724102,0.5512591762000001,0.3559684226
2023-06-26,3.065,3.0835,3.098,3.0065,26657465.0,-0.434683084487915,0.23115764416666665,0.170909728,0.5979326233333333
2023-06-27,3.11,3.1955,3.2015,3.11,35283059.0,0.3167621493339538,0.49875053199999997,0.24569389214285714,0.255555611
2023-06-28,3.21,3.31,3.31,3.205,49887802.0,0.3637581723076956,0.4482901105714286,0.5163183188571429,0.03539159414285714
2023-06-29,3.32,3.3415,3.349,3.3015,24755036.0,0.2254844307899475,0.2645725395,0.673954731,0.0614727205
2023-06-30,3.37,3.385,3.441,3.367,52927132.0,0.6789306402206421,0.8018839825,0.048033889499999996,0.150082112
2023-07-03,3.3945,3.44,3.445,3.3865,25055487.0,0.4477283805608749,0.5921199425,0.37850374025,0.029376317500000002
2023-07-04,3.4495,3.3805,3.47,3.372,23349851.0,-0.191632604598999,0.39712730079999997,0.0323667076,0.5705060058
2023-07-05,3.35,3.3475,3.3715,3.33,24988934.0,-0.0117613474527994,0.3214570971333333,0.33652319,0.3420197376666667
2023-07-06,3.311,3.2445,3.3195,3.2265,28791137.0,-0.224012479186058,0.27384302825,0.22832716725000002,0.497829806
2023-07-07,3.2445,3.264,3.2835,3.2175,21310700.0,-0.3683831691741943,0.10853143442857142,0.49401328014285717,0.3974552912857143
2023-07-10,3.2505,3.276,3.307,3.2505,16123070.0,-0.3196377605199814,0.2980910829375,0.13169617774999998,0.57021274375
2023-07-11,3.29,3.3345,3.338,3.2615,17722005.0,0.4695092704561021,0.5972849422222223,0.216017735,0.18669732688888888
2023-07-12,3.3425,3.4735,3.4735,3.3425,46887645.0,0.58686363697052,0.6135500125000001,0.35064548833333337,0.03580448566666667
2023-07-13,3.46,3.4905,3.5175,3.433,33939276.0,-0.1999475061893463,0.294910793,0.231411919,0.4736773015
2023-07-14,3.49,3.4605,3.534,3.456,27883773.0,0.3579327414433161,0.4738508159166666,0.3912996256666667,0.13484955641666665
2023-07-17,3.4385,3.4485,3.5,3.4205,15777798.0,-0.0399739518761634,0.4107230994375,0.17229919334375002,0.4169776961875
2023-07-18,3.464,3.51,3.514,3.432,16445675.0,0.7647174497445425,0.7687162436666667,0.17917914233333332,0.052104621999999996
2023-07-19,3.53,3.498,3.551,3.464,17841799.0,0.6196599900722504,0.6279368025,0.34712329925,0.024939925449999997
2023-07-20,3.4885,3.525,3.5415,3.486,19452682.0,-0.0069829076528549,0.28843440200000003,0.41823211675,0.29333347099999996
2023-07-21,3.526,3.5285,3.5475,3.473,25595146.0,-0.0757562398910522,0.23892907500000002,0.46854680369999996,0.2925241132
2023-07-24,3.43,3.52,3.52,3.4115,22717433.0,-0.1602328419685363,0.34503434614285716,0.21131719871428573,0.4436484451428572
2023-07-25,3.53,3.538,3.547,3.51,17151031.0,0.4760530516505241,0.64316969125,0.2344908755,0.12233944749999999
2023-07-26,3.538,3.649,3.655,3.513,64036296.0,0.6139440302337918,0.6343393079999999,0.31124267312,0.05441802718
2023-07-27,3.655,3.708,3.719,3.615,53491954.0,0.3765587558348973,0.3828084283636363,0.584113632,0.033077926
2023-07-28,3.6925,3.6775,3.742,3.6525,42564955.0,-0.2862863938013713,0.31644669044444446,0.17490681222222224,0.5086464956666666
2023-07-31,3.6865,3.6835,3.708,3.675,24211675.0,0.2095714251200358,0.5391769769333333,0.09755996523333334,0.3632630422
2023-08-01,3.6785,3.599,3.698,3.588,23019304.0,-0.1453423261642456,0.4438238432,0.032875688199999996,0.5233004692
2023-08-02,3.542,3.5275,3.584,3.505,30843534.0,-0.1740373969078064,0.38917045159999997,0.044285770099999996,0.5665437294
2023-08-03,3.5095,3.5855,3.5925,3.505,24053833.0,0.5469343264897665,0.5615992046666667,0.3347011736666667,0.10369963933333333
2023-08-04,3.604,3.6085,3.62,3.57,23142480.0,0.778608500957489,0.77860686,0.197286337,0.024106838999999998
2023-08-07,3.5855,3.621,3.6345,3.56,12039266.0,0.4790631433327992,0.7083468609166667,0.039750568916666666,0.25190255516666665
2023-08-08,3.5755,3.523,3.5785,3.461,33017536.0,-0.0150847733020782,0.47124752475,0.022674605,0.50607788075
2023-08-09,3.593,3.5495,3.6055,3.535,18394579.0,0.2850547134876251,0.5226245025,0.24555972125,0.23181578325000002
2023-08-10,3.5745,3.6475,3.6655,3.5685,25366674.0,0.4979437887668609,0.6944140245,0.08752431399999999,0.2180616375
2023-08-11,3.639,3.5925,3.6465,3.5825,15252206.0,-0.0276685357093811,0.46481973975,0.0366802515,0.49850000525
2023-08-14,3.6095,3.5965,3.632,3.5805,12121434.0,-0.2781502461127263,0.17851636196019513,0.3759119790065317,0.44557166244942786
2023-08-15,3.599,3.567,3.6055,3.5405,11496781.0,-0.1848830114240231,0.054161368590909094,0.7155442202727272,0.23029440845454544
2023-08-16,3.553,3.5565,3.5865,3.5415,11267918.0,0.0277004656584366,0.1509079935714286,0.7234351922857143,0.12565680952380953
2023-08-17,3.55,3.557,3.586,3.538,21767274.0,-0.152958722114563,0.082248947,0.7335337377727273,0.1842173211363636
2023-08-18,3.533,3.5515,3.559,3.509,17990188.0,-0.0627412497997284,0.42754278149999997,0.020089696,0.5523675
2023-08-21,3.5515,3.561,3.612,3.5485,15213035.0,0.5698742469151815,0.6359618066666667,0.29790433066666666,0.06613382933333334
2023-08-22,3.595,3.5765,3.619,3.571,17274501.0,0.6042956113815308,0.6703833533333334,0.30158459099999996,0.028032027333333334
2023-08-23,3.5725,3.534,3.603,3.5255,18015294.0,-0.32474019130071,0.0226923505,0.48105565499999997,0.496252022
2023-08-24,3.5725,3.536,3.585,3.5235,13611150.0,-0.3468991414785856,0.0,0.6956393137137886,0.36641614346562185
2023-08-25,3.544,3.538,3.589,3.53,16246961.0,0.2790089249610901,0.3524377613333333,0.591110574,0.05645164650000001
2023-08-28,3.569,3.6425,3.644,3.553,1939777.0,0.8540106415748596,0.85401065,0.053177191,0.092812175
2023-08-29,3.642,3.6315,3.65,3.606,21602180.0,0.8631523847579956,0.86315274,0.0942183,0.04262887
2023-08-30,3.65,3.6285,3.6825,3.625,17686605.0,0.9047723710536956,0.9047723000000001,0.062470887,0.0327567845
2023-08-31,3.6315,3.602,3.646,3.5935,55210602.0,-0.2285241484642028,0.2973922985,0.230587399,0.4720202835
2023-09-01,3.606,3.5195,3.616,3.5195,29668913.0,-0.0417906443277994,0.30301959466666667,0.3144435586666667,0.38253681333333334
2023-09-04,3.541,3.515,3.564,3.5015,11439932.0,0.2790089249610901,0.37324319333333333,0.5663693973333334,0.06038739333333334
2023-09-05,3.5035,3.503,3.532,3.4695,18199878.0,0.5249450206756592,0.5249427,0.466097,0.0089602815
2023-09-06,3.466,3.407,3.4775,3.3875,32754572.0,0.4924908876419067,0.49248827,0.49023402,0.017277787
2023-09-07,3.392,3.376,3.4175,3.352,21694476.0,0.0,0.053541176,0.9228979,0.02356093
2023-09-08,3.388,3.408,3.4125,3.332,21264628.0,-0.0321419835090637,0.39843860789999996,0.1765462302,0.42501512219999993
2023-09-11,3.4385,3.434,3.46,3.395,18335020.0,0.4451996684074402,0.470100219,0.47632719125,0.05357255975
2023-09-12,3.446,3.446,3.4575,3.4235,26290667.0,0.2264039556046464,0.35641813674292033,0.5241967790881799,0.11938507701510613
2023-09-13,3.439,3.454,3.477,3.425,18635872.0,-0.2062285641829172,0.1896048625,0.4707108053333333,0.33968434391666663
2023-09-14,3.45,3.5255,3.535,3.422,30199255.0,-0.1668728526118847,0.04951420015937229,0.7628152653063509,0.18767055107577194
2023-09-15,3.55,3.4915,3.5695,3.467,63475226.0,0.0,0.056919686,0.9253584,0.017721925
2023-09-18,3.48,3.4455,3.503,3.4255,20251485.0,0.0430588722229003,0.276808306,0.6177214864,0.10547021278999999
2023-09-19,3.4325,3.464,3.479,3.4325,16094874.0,0.3491948346296946,0.3684774447,0.614615519,0.01690705595
2023-09-20,3.49,3.523,3.542,3.463,22134420.0,0.0,0.2638645,0.68634564,0.049789835
2023-09-21,3.49,3.5065,3.513,3.451,22226570.0,-0.8618007302284241,0.12215618,0.016043227,0.86180055
2023-09-22,3.487,3.482,3.5195,3.464,18576182.0,-1.0532265055704428,0.10753856079401768,0.0,1.0693817648111896
2023-09-25,3.46,3.45,3.5125,3.431,20100685.0,-0.8675541877746582,0.11678879,0.015657565,0.86755365
2023-09-26,3.434,3.4345,3.462,3.3965,27397651.0,-0.7918666802673427,0.023256974241327943,0.27053364077776604,0.706209407531349
2023-09-27,3.4425,3.4945,3.515,3.435,22553181.0,-0.8261639830484967,0.0,0.5877078770177531,0.5853490374052371
2023-09-28,3.51,3.65,3.6525,3.5005,53172108.0,-0.665471732884008,0.0,0.7564445271488637,0.44398513142650653
2023-09-29,3.6315,3.6185,3.662,3.6,35810891.0,-0.0048155665397644,0.2128618795,0.5660078446,0.22113028139999996
2023-10-02,3.6205,3.5725,3.66,3.5645,36166144.0,0.8247830867767334,0.82478297,0.16777661,0.0074404073
2023-10-03,3.555,3.555,3.6345,3.543,30177146.0,0.1854152530431747,0.44634820675,0.29993353175,0.25371827175
2023-10-04,3.54,3.5225,3.5475,3.478,33254010.0,-0.1178838610649108,0.371789715,0.2199255335,0.408284772
2023-10-05,3.555,3.5505,3.5735,3.4965,28117545.0,0.3084823687871297,0.5185652066666667,0.4343041033333333,0.04713069166666667
2023-10-06,3.5665,3.6095,3.631,3.5595,23749011.0,0.1009100821299259,0.31951775825088385,0.5716381881435615,0.10884405447082604
2023-10-09,3.567,3.5125,3.583,3.508,31893814.0,-0.1946503400802612,0.049789305799999996,0.7247290726,0.22548162459999999
2023-10-10,3.55,3.607,3.628,3.54,29429951.0,0.0,0.028276294,0.9507248,0.02099889
2023-10-11,3.5845,3.6105,3.631,3.5735,21141321.0,-0.3209567666053772,0.05624845283333333,0.6083922233333333,0.335359279
2023-10-12,3.643,3.587,3.643,3.5695,18291690.0,-0.0840877890586853,0.408806463,0.13591798624999998,0.4552755475
2023-10-13,3.57,3.513,3.584,3.494,40205175.0,0.6301534175872803,0.67244067,0.3036837123333333,0.023875657666666664
2023-10-16,3.54,3.576,3.591,3.501,26408740.0,0.0673373142878214,0.22038780233333333,0.6293419149999999,0.15027031466666668
2023-10-17,3.566,3.572,3.5875,3.5305,16120101.0,-0.1622857749462127,0.039395754166666665,0.7219333645833333,0.238670904
2023-10-18,3.557,3.511,3.572,3.511,21668116.0,-0.2834999039769172,0.11098946975,0.43322102275,0.4557895125
2023-10-19,3.51,3.5085,3.524,3.471,31323285.0,0.0707863867282867,0.303495261,0.42013238680000003,0.276372368
2023-10-20,3.48,3.4565,3.503,3.4515,50331121.0,0.0963593125343322,0.27911141683333335,0.5543587261666666,0.16652984908333332
2023-10-23,3.4635,3.4215,3.4745,3.3875,38180697.0,0.0281899770100911,0.3501108742307692,0.4992192403076923,0.1506698924076923
2023-10-24,3.441,3.3815,3.4425,3.3525,40601157.0,-0.0890251100063324,0.25238670836363636,0.3873522043636364,0.36026109900000003
2023-10-25,3.4005,3.461,3.5015,3.345,37290373.0,0.1434574738929146,0.34967499952631576,0.42593396552631585,0.22439104347368422
2023-10-26,3.44,3.511,3.52,3.4055,32176659.0,0.2215399742126464,0.5824651779,0.19112235090000002,0.22641250140000002
2023-10-27,3.545,3.481,3.563,3.4575,28188968.0,0.4377909132412502,0.4527065144285714,0.51073324,0.03656023728571429
2023-10-30,3.5,3.5695,3.5765,3.4715,30546214.0,0.2224438786506652,0.3424428283636364,0.46514623218181816,0.19241095763636362
2023-10-31,3.5055,3.466,3.544,3.4295,55102774.0,-0.0083719670772552,0.3599384105,0.2608750188,0.379186552
2023-11-01,3.4885,3.5005,3.5155,3.46,31767661.0,0.084419975678126,0.30752462366666666,0.5137642396666666,0.17871113533333335
2023-11-02,3.504,3.585,3.596,3.4955,38701766.0,-0.0226276218891143,0.262359829325,0.45572722749999994,0.28191293162500003
2023-11-03,3.5975,3.5775,3.6105,3.56,32557948.0,0.1363995671272277,0.30693694883333333,0.505141495,0.18792157266666665
2023-11-06,3.579,3.54,3.5895,3.5345,23464313.0,-0.3297811945279439,0.1746473603333333,0.3102883771666667,0.515064272
2023-11-07,3.52,3.521,3.5585,3.488,24025134.0,0.0046978195508321,0.22088935477777777,0.6260671177777778,0.15304352744444447
2023-11-08,3.519,3.5485,3.5855,3.4875,33049076.0,0.0651096105575561,0.22679139044444444,0.5617110708888888,0.21149754966666665
2023-11-09,3.552,3.597,3.597,3.547,24840848.0,-0.0787033098084586,0.3939861742857143,0.27113817157142855,0.3348756407142857
2023-11-10,3.5905,3.609,3.6345,3.581,32654165.0,0.3679032683372497,0.555195531,0.2798762744,0.1649281962
2023-11-13,3.622,3.65,3.65,3.619,26106164.0,-0.0139315873384475,0.35282868325,0.3763331125,0.27083821825
2023-11-14,3.65,3.6835,3.6945,3.6375,40106908.0,0.213246688246727,0.37059804150000003,0.6024338175,0.026968137375
2023-11-15,3.689,3.67,3.7,3.656,38888104.0,0.0067759752273559,0.2055593366,0.612944396,0.18149623620000002
2023-11-16,3.6715,3.69,3.7295,3.6715,34596535.0,0.1635333829455905,0.4237921331111111,0.33449835422222224,0.241709507
2023-11-17,3.7,3.7235,3.729,3.69,65553990.0,0.2364574174086252,0.2705361828333333,0.6955908466666667,0.03387296583333333
2023-11-20,3.73,3.734,3.7675,3.726,26621572.0,0.4323268930117289,0.4657036116666667,0.4669899871666667,0.06730637866666667
2023-11-21,3.7135,3.726,3.7275,3.691,17098925.0,0.0,0.185365575,0.71720545,0.0974290045
2023-11-22,3.7355,3.7465,3.755,3.7175,22819293.0,0.0213415351780978,0.33957343477777774,0.41569534666666663,0.24473124555555556
2023-11-23,3.7405,3.7605,3.766,3.7315,19042466.0,0.4043241108873964,0.5454743562481776,0.3078843711246183,0.14664127322924522
2023-11-24,3.77,3.768,3.7765,3.756,19542178.0,0.5597554922103882,0.5671382504,0.3867885942,0.0460731548
2023-11-27,3.756,3.7195,3.7665,3.7085,26691606.0,0.1177722116311391,0.30701346733333335,0.5271197328333334,0.16586683716666667
2023-11-28,3.7065,3.7795,3.7795,3.7065,30725594.0,0.0,0.039694312999999995,0.9086862,0.051619479
2023-11-29,3.77,3.798,3.811,3.763,31886081.0,0.0,0.044682123,0.93574387,0.019574016
2023-11-30,3.82,3.801,3.8395,3.7885,50463689.0,0.5520557522773742,0.5656149644,0.3912397,0.0431453308
2023-12-01,3.826,3.837,3.837,3.8075,26058506.0,0.4423533678054809,0.66668169,0.16092139266666666,0.17239692523333336
2023-12-04,3.825,3.848,3.85,3.808,23421657.0,0.617711623509725,0.6277213888333334,0.31676315266666666,0.055515445999999996
2023-12-05,3.846,3.92,3.9255,3.842,39476392.0,0.0,0.023909712,0.860158,0.1159322
2023-12-06,3.94,3.9565,3.9695,3.914,30592094.0,0.5039644837379456,0.5148660073333333,0.3645856393333333,0.12054835599999998
2023-12-07,3.9405,3.8655,3.9665,3.811,48636259.0,0.0472580393155415,0.35649126000000003,0.32465881700000004,0.3188499146666666
2023-12-08,3.8805,3.94,3.9495,3.86,29119780.0,0.3128257791201274,0.32858524266666667,0.6058571173333334,0.06555768333333334
2023-12-11,3.9285,3.941,3.95,3.913,26647669.0,-0.0003468063142564,0.12256360611111111,0.7702166766666667,0.10721971877777776
2023-12-12,3.944,3.8755,3.9475,3.8715,33393000.0,0.0,0.2048944,0.7800779,0.015027764
2023-12-13,3.8585,3.838,3.88,3.822,31667700.0,-0.1751298359993671,0.17655490936944596,0.6413293277957081,0.18211583294787045
2023-12-14,3.89,3.884,3.898,3.828,39378780.0,-0.2003612965345382,0.17881215075,0.5982023475,0.22298552175
2023-12-15,3.9,3.7995,3.9035,3.7815,75728862.0,0.0,0.30374286,0.6877618,0.008495308
2023-12-18,3.79,3.788,3.8245,3.764,24784303.0,-0.926141639550527,0.0428126215,0.031045508,0.9261418766666667
2023-12-19,3.777,3.7925,3.7995,3.7605,21223411.0,0.7096233069896698,0.647746492,0.3315281413333333,0.020725369333333334
2023-12-20,3.8,3.789,3.8125,3.7355,27342468.0,-0.0631051063537597,0.31912294139999997,0.480778353,0.20009870359999998
2023-12-21,3.7875,3.793,3.808,3.759,15816650.0,-0.1647759526968002,0.07071119825,0.714273155,0.21501563249999997
2023-12-22,3.7905,3.808,3.827,3.785,20630138.0,0.6801119744777679,0.614799975,0.33379224133333335,0.051407794
2023-12-27,3.787,3.81,3.817,3.7595,33514637.0,0.3420840840771109,0.43638679171698846,0.4165387846130116,0.14707447556546008
2023-12-28,3.814,3.7875,3.8175,3.775,17505114.0,-0.1323215365409851,0.20981103133333334,0.4758900426666666,0.314298982
2023-12-29,3.7855,3.7795,3.802,3.772,15848727.0,0.4532779157161712,0.7001888725,0.021706159500000002,0.27810496300000004
2024-01-02,3.79,3.8535,3.89,3.7895,22855335.0,0.8729609251022339,0.8729609,0.112802714,0.014236378
2024-01-03,3.87,3.7995,3.88,3.789,23133126.0,0.9322402477264404,0.93224031,0.024651252499999998,0.043108444499999996
2024-01-04,3.801,3.88,3.8825,3.801,22951596.0,0.9220506185270284,0.9300201826234703,0.024660455959187585,0.04531933791413185
2024-01-05,3.859,3.9125,3.9395,3.842,30772699.0,0.922999918460846,0.923,0.050538242,0.026461717
2024-01-08,3.9,3.9295,3.94,3.8705,18976790.0,0.9467544555664062,0.94675446,0.020235773,0.033009782
2024-01-09,3.9225,3.8915,3.9225,3.857,23998756.0,0.7561805248260498,0.75618017,0.2250279,0.018792007
2024-01-10,3.869,3.849,3.883,3.8345,23406946.0,0.0,0.05893934,0.49202794,0.44903275
2024-01-11,3.88,3.793,3.88,3.793,31549169.0,0.6357004642486572,0.63570046,0.35470316,0.0095964335
2024-01-12,3.8045,3.8015,3.84,3.788,25319171.0,0.942346453666687,0.94234633,0.046413668,0.011239989
2024-01-15,3.813,3.76,3.827,3.76,22313604.0,-0.6457651058832804,0.18708196100000002,0.3226344815,0.4902835085
2024-01-16,3.74,3.7145,3.744,3.6925,29660233.0,0.0,0.10296889,0.86411107,0.032920066
2024-01-17,3.68,3.6645,3.69,3.648,29641889.0,0.4584097057069661,0.38366390843807313,0.7278730653419136,0.0
2024-01-18,3.67,3.7175,3.7235,3.635,34095504.0,0.6225691636403402,0.7155072166666666,0.256205055,0.028287715666666668
2024-01-19,3.7305,3.71,3.7475,3.697,23692052.0,0.8253346085548401,0.8253346,0.036701985,0.13796331
2024-01-22,3.75,3.734,3.779,3.733,25321085.0,0.5899179776509603,0.459279425,0.4954420865,0.0452785105
2024-01-23,3.7375,3.6705,3.75,3.666,24875238.0,0.6717857002272842,0.3856279965256373,0.8124486286099193,0.0
2024-01-24,3.6705,3.7285,3.7285,3.67,38795932.0,0.3120511571566264,0.33505251199999997,0.6445857856,0.02036169566
2024-01-25,3.692,3.63,3.709,3.63,41961445.0,-0.9718613624572754,0.01164595,0.0164927365,0.9718613700000001
2024-01-26,3.625,3.6475,3.65,3.618,22439026.0,-0.6633001283275664,0.08969033389290504,0.21837288989583264,0.6919368024034439
2024-01-29,3.645,3.572,3.6575,3.572,31753695.0,0.3186685840288798,0.35373850533333334,0.624665556,0.02159591383333333
2024-01-30,3.5755,3.6595,3.6725,3.563,31105818.0,0.6103024482727051,0.47145943,0.48535245800000004,0.043188104000000005
2024-01-31,3.7665,3.7355,3.7735,3.665,58510049.0,0.2410411804914474,0.45941587124999994,0.31976389985,0.22082022019999997
2024-02-01,3.76,3.74,3.87,3.709,50660263.0,0.2019388477007548,0.5285153056666666,0.13919490933333334,0.33228978466666664
2024-02-02,3.7905,3.8785,3.8835,3.751,39275393.0,0.2611742508969855,0.44578397065456915,0.3124231535744166,0.24179287496471089
2024-02-05,3.8345,3.6845,3.837,3.641,76144344.0,0.0112039595842361,0.25706222125,0.4663545205,0.2765832438125
2024-02-06,3.718,3.7475,3.7595,3.7125,29368376.0,-0.668783575296402,0.104236169,0.22697872,0.668785075
2024-02-07,3.74,3.676,3.7725,3.665,36785892.0,-0.4710625548621886,0.28702259452838425,0.0,0.7312734381527277
2024-02-08,3.708,3.655,3.7175,3.655,24383980.0,-0.0572033822536468,0.42842225899999997,0.062248448000000005,0.5093292700000001
2024-02-09,3.65,3.675,3.7085,3.6425,32868499.0,-0.1902167797088623,0.187004152,0.60524189,0.20775393500000003
2024-02-12,3.707,3.705,3.7175,3.665,14760052.0,-0.1710188629304713,0.07589442467403248,0.8275604763885565,0.09654506915143782
2024-02-13,3.7155,3.6615,3.7225,3.6535,23089248.0,0.0,0.123738085,0.775749465,0.100512415
2024-02-14,3.685,3.669,3.7325,3.6675,25972386.0,0.205935460284798,0.2736591157648639,0.6268747441804934,0.09946610909158812
2024-02-15,3.6945,3.6705,3.6945,3.6215,23320817.0,0.4467875179239229,0.5256575169686243,0.3809363139300368,0.09340615142620218
2024-02-16,3.6945,3.673,3.724,3.6625,28353728.0,0.6274443096673745,0.7292380794142629,0.1889029810478951,0.08185893730961992
2024-02-19,3.695,3.7375,3.765,3.689,22695112.0,0.6527939722651527,0.733905593904762,0.20174355233333335,0.06435086204761904
2024-02-20,3.736,3.8,3.8115,3.7295,33655311.0,0.5228365057172577,0.5396600604401215,0.4194580277863516,0.040881925640199594
2024-02-21,3.8045,3.8165,3.8485,3.782,24096200.0,0.2375719100236892,0.3502807825,0.63445704125,0.015262198000000001
2024-02-22,3.8375,3.839,3.8695,3.8205,27384810.0,,0.36954706356405603,0.6391512265673283,0.0
2024-02-23,3.8305,3.8345,3.848,3.7915,22389316.0,,0.5255326991539896,0.4546316924313336,0.019835665363781244
2024-02-26,3.8185,3.8205,3.846,3.815,20207164.0,-0.0206132292747497,0.38668046240000004,0.207445091,0.4058744666
2024-02-27,3.81,3.821,3.836,3.7965,25038322.0,-0.9659337401390076,0.0069429856,0.027123366,0.9659336
2024-02-28,3.826,3.859,3.874,3.8195,25638513.0,-0.4800918698310852,0.062188145,0.4208906685,0.5169212
2024-02-29,3.8605,3.8455,3.898,3.833,48265445.0,0.0,0.15710641066666667,0.6991434999999999,0.14375013266666667
2024-03-01,3.8355,3.872,3.8765,3.8315,28750040.0,0.0,0.032621324874999996,0.8880990325,0.07927967412499999
2024-03-04,3.861,3.856,3.881,3.843,17903221.0,-0.4823042849699656,0.15952192933333334,0.20497047966666668,0.635507605
2024-03-05,3.839,3.865,3.867,3.82,21380806.0,0.4208284020423889,0.4366696835,0.5423705600000001,0.02095978
2024-03-06,3.869,3.907,3.9435,3.856,35783296.0,0.6313487508632833,0.34333675600610924,0.9699749713259824,0.0
2024-03-07,3.8935,3.9805,3.996,3.892,43155499.0,-0.0110218535241385,0.0,1.2110210691635974,0.0
2024-03-08,3.98,3.9925,4.03,3.9775,40865306.0,0.0,0.06385536,0.92147106,0.014673652
2024-03-11,3.9555,3.984,3.9945,3.94,33465839.0,0.5618366599082947,0.5618362,0.34877658,0.08938721
2024-03-12,4.0,4.058,4.058,3.98,43115534.0,0.0,0.019749226,0.90813094,0.07211981
2024-03-13,4.049,4.093,4.104,4.04,36665373.0,0.2817088700830936,0.318366249,0.58833624875,0.093297504
2024-03-14,4.08,4.0485,4.0915,4.03,34538740.0,-0.0267442531055874,0.2833333091428571,0.15164843107142859,0.5650182499999999
2024-03-15,4.0275,4.1175,4.123,4.0275,91158919.0,0.3239757376057761,0.36467359854545456,0.5335399866363636,0.101786391
2024-03-18,4.107,4.1375,4.146,4.093,23770102.0,0.5874100625514984,0.5570745748,0.2493267162,0.1935987468
2024-03-19,4.1465,4.189,4.189,4.136,29892707.0,0.351371967792511,0.347692208,0.6216508887777779,0.030656909944444446
2024-03-20,4.1835,4.19,4.2005,4.136,22869829.0,0.6990511417388916,0.5964810333333334,0.36123906,0.04227993866666666
2024-03-21,4.21,4.278,4.28,4.201,37627378.0,0.561392751607028,0.5241809213333333,0.4289901652222222,0.04682890211111111
2024-03-22,4.27,4.3665,4.414,4.2635,43880331.0,0.3472813040018082,0.47617749744736837,0.4267704603157895,0.09705204484736842
2024-03-25,4.3625,4.4135,4.443,4.352,26822346.0,0.4947754361412741,0.4788894972222222,0.47438970311111117,0.04672079077777777
2024-03-26,4.4475,4.46,4.4745,4.43,24087659.0,0.3511807223161061,0.3840058968,0.5672750391,0.0487190381
2024-03-27,4.4665,4.503,4.523,4.452,35142590.0,0.3370162844657898,0.383957162375,0.58206522625,0.033977610375
2024-03-28,4.512,4.5215,4.568,4.5105,37227249.0,0.563139099341172,0.745199682,0.148030337,0.10676998420000001
2024-04-02,4.5,4.515,4.5425,4.452,27662537.0,0.3250000849366187,0.4154769427142857,0.3963647727142857,0.18815830514285717
2024-04-03,4.534,4.5835,4.5995,4.505,23928536.0,0.4567985236644745,0.513024108,0.45137166,0.035604237500000004
2024-04-04,4.599,4.6755,4.6885,4.587,35460405.0,0.9473685026168824,0.9473686,0.027736919,0.024894537
2024-04-05,4.61,4.5865,4.6325,4.5365,38828399.0,0.243864494562149,0.3801466022,0.4994634207,0.12038995620000001
2024-04-08,4.59,4.641,4.643,4.5835,20952883.0,0.2975656032562256,0.41294934625,0.57428358,0.012767079625
2024-04-09,4.634,4.5655,4.6455,4.5545,23168525.0,-0.4866732060909271,0.025672473999999997,0.46954428150000005,0.504783248
2024-04-10,4.5795,4.5765,4.614,4.5145,22442295.0,0.0995808135379444,0.2708744007272727,0.5500687662727273,0.1790568329090909
2024-04-11,4.5685,4.456,4.5885,4.4115,38987224.0,-0.0729650722609625,0.3172905485,0.37020096275000003,0.312508534625
2024-04-12,4.4975,4.448,4.52,4.4285,26386121.0,-0.207541823387146,0.2347558003,0.365157263,0.40008691580000005
2024-04-15,4.4345,4.4705,4.504,4.4215,26163206.0,-0.0086471041043599,0.328005211,0.3312744583333333,0.3407203593333333
2024-04-16,4.4,4.357,4.427,4.3535,40191950.0,-0.0157425880432128,0.2008966632,0.5839277831999999,0.21517555819999998
2024-04-17,4.37,4.418,4.4605,4.3675,21777523.0,-0.0605755567550659,0.1663512338888889,0.6268737936666667,0.20677494755555556
2024-04-18,4.4535,4.5445,4.5445,4.42,34343556.0,0.1197819965226309,0.29497371685714285,0.5523936655714285,0.15263260514285718
2024-04-19,4.48,4.5115,4.53,4.457,35262809.0,-0.0418683767318726,0.36148949620000004,0.2411831298,0.397327378
2024-04-22,4.57,4.667,4.6695,4.531,35007201.0,0.5605788145746503,0.5845427799999999,0.3540861145714286,0.061371118999999995
2024-04-23,4.6985,4.7475,4.7665,4.686,38093016.0,-0.0082834627893235,0.13552328011111112,0.7365496688888888,0.12792707188888888
2024-04-24,4.77,4.7795,4.797,4.75,34674772.0,0.2655909160772959,0.43912941583333337,0.37918257283333334,0.1816879916666667
2024-04-25,4.7905,4.748,4.8265,4.706,31220707.0,0.0,0.037887294,0.94217265,0.01993998
2024-04-26,4.81,4.8505,4.899,4.793,41115322.0,0.4801477134227753,0.49817694422222225,0.4653170688888889,0.03650598633333333
2024-04-29,4.89,4.7505,4.928,4.7285,45065850.0,0.3114029719279362,0.4495579479166667,0.44355771675,0.10688431020833333
2024-04-30,4.6555,4.573,4.736,4.5565,57113636.0,0.237769497112489,0.33490739212857146,0.5582703199714286,0.10682228848571429
2024-05-02,4.6065,4.5655,4.62,4.541,34056511.0,-0.1623869140942891,0.08261948058333334,0.7305092331666666,0.18687129616666665
2024-05-03,4.6,4.5305,4.6,4.514,26322550.0,-0.2302390784025192,0.03197863425,0.723666056,0.244355309
2024-05-06,4.535,4.5705,4.5765,4.5045,17143516.0,0.0,0.0418152,0.92196465,0.036220096
2024-05-07,4.5915,4.728,4.738,4.5915,37396586.0,0.1258862506259571,0.17104694518181818,0.8049238354545455,0.02402922463636364
2024-05-08,4.733,4.7715,4.7835,4.718,30371507.0,0.1245736877123514,0.18852430736363637,0.7764491254545455,0.03502654118181819
2024-05-09,4.7695,4.77,4.796,4.7265,19080950.0,-0.1728743563095728,0.11538041066666667,0.5595156516666667,0.3251039285
2024-05-10,4.74,4.7345,4.7745,4.721,20119224.0,-0.1747882664203643,0.21188243166666668,0.4599030791666667,0.328214495
2024-05-13,4.7265,4.7555,4.764,4.7145,15424741.0,0.1796278953552246,0.236251649,0.7426694875,0.021078865500000002
2024-05-14,4.75,4.7525,4.7675,4.6925,22075107.0,-0.5703112301619156,0.03192611213043478,0.3763831024347826,0.5916907819565218
2024-05-15,4.7715,4.812,4.8365,4.758,31084983.0,0.221704488992691,0.427059013,0.4687140347777778,0.10422695166666668
2024-05-16,4.8185,4.8045,4.845,4.797,19458547.0,-0.1459545135498046,0.0911589844,0.74202663,0.166814381
2024-05-17,4.7755,4.8605,4.8605,4.775,33874516.0,0.3953930404451158,0.4760405555555556,0.4948240265555556,0.02913541877777778
2024-05-20,4.861,4.878,4.888,4.8545,15654661.0,0.4112969853661277,0.4696861674,0.5043583741,0.025955454300000003
2024-05-21,4.8385,4.842,4.86,4.7965,23531531.0,0.2486660083134969,0.329972752875,0.634722468125,0.035304778375
2024-05-22,4.85,4.805,4.864,4.805,19358478.0,0.3365671804973057,0.3758141468571429,0.5651489928571428,0.059036859
2024-05-23,4.812,4.7835,4.83,4.7685,17391438.0,-0.2283030748367309,0.263780064,0.264318297,0.4719016715
2024-05-24,4.7355,4.7525,4.768,4.7035,22271300.0,-0.2893580138683319,0.0423778237,0.6532151489,0.3044070181
2024-05-27,4.766,4.7595,4.7735,4.739,10289935.0,0.1052514447106255,0.16185460744444444,0.8219669207777778,0.0161784465
2024-05-28,4.76,4.7615,4.784,4.732,16319264.0,-0.0894566708140903,0.20023621849999998,0.514446465,0.28531729625
2024-05-29,4.7455,4.689,4.7575,4.674,19043432.0,0.2584386070569356,0.29733881516666666,0.6550833725,0.04757781183333334
2024-05-30,4.678,4.788,4.7965,4.671,19945663.0,0.4101314345995585,0.4401937553333333,0.48969007249999996,0.0701161495
2024-05-31,4.8,4.8345,4.8345,4.7765,60848571.0,-0.6208929040215232,0.09432681722222222,0.28055669311111114,0.6251164833333333
2024-06-03,4.85,4.851,4.881,4.84,20425574.0,0.1961868007977803,0.4602056415,0.26841322900000003,0.2713811358333333
2024-06-04,4.847,4.7405,4.8695,4.6935,38848093.0,0.1904048547148704,0.24644989385714286,0.6684404828571429,0.08510962657142858
2024-06-05,4.7345,4.68,4.7525,4.6655,22628555.0,-0.0394514799118042,0.22454864775,0.4950452525,0.280406099
2024-06-06,4.6945,4.7435,4.765,4.656,23383629.0,0.3523845195770264,0.3777159836,0.5822390792000001,0.040044927
2024-06-07,4.7445,4.734,4.774,4.7,21559371.0,0.8320202827453613,0.8320199,0.08678052,0.08119959
2024-06-10,4.74,4.711,4.7415,4.654,27005303.0,-0.0342135926087697,0.1627070481,0.5960862801666668,0.24120665275
2024-06-11,4.7455,4.6065,4.7455,4.5615,32871525.0,-0.3705338835716247,0.04332866825,0.57217971425,0.3844915995
2024-06-12,4.6385,4.6,4.668,4.6,38895316.0,0.3762136459350585,0.3856037362,0.566073352,0.0483228902
2024-06-13,4.5965,4.401,4.607,4.3785,51299146.0,0.2157184282938639,0.23755613266666664,0.71236675,0.050077099333333326
2024-06-14,4.421,4.3785,4.437,4.3025,60817490.0,-0.0595454573631286,0.42878748499999997,0.213458361,0.357754225
2024-06-17,4.399,4.41,4.426,4.337,28103328.0,0.2985409498214721,0.40916843333333336,0.5596404733333333,0.031191041333333336
2024-06-18,4.4535,4.452,4.4665,4.415,22306291.0,0.2778008580207824,0.39238578,0.42801169499999997,0.17960247899999998
2024-06-19,4.457,4.4515,4.4875,4.4165,23981487.0,-0.0639972984790802,0.199120716,0.535733644,0.2651456705
2024-06-20,4.4475,4.441,4.467,4.405,23139520.0,-0.1792725697159767,0.264838097,0.1892666085,0.545895295
2024-06-21,4.442,4.335,4.443,4.282,69576238.0,0.0758693099021911,0.31062568760000003,0.46580602720000003,0.2235682584
2024-06-24,4.3505,4.409,4.417,4.3385,22877711.0,0.0678363889455795,0.25404372025,0.565238188625,0.180718085625
2024-06-25,4.4265,4.3805,4.44,4.3515,18826840.0,-0.0626953669956752,0.22399021400000002,0.5046613425714286,0.2713484348571429
2024-06-26,4.3955,4.3445,4.407,4.32,19041974.0,0.0,0.053381539166666665,0.9139850666666667,0.03263340383333333
2024-06-27,4.35,4.337,4.3515,4.3055,23526706.0,0.8771231174468994,0.877123,0.11267537,0.010201611
2024-06-28,4.3575,4.3305,4.368,4.296,23910256.0,-0.4026933908462524,0.14063132088888888,0.2796829885,0.5796856777777778
2024-07-01,4.403,4.4475,4.465,4.377,27889082.0,0.3385017871856689,0.430668849875,0.265873374125,0.303457783875
2024-07-02,4.419,4.3235,4.43,4.277,25350185.0,-0.1721748113632202,0.19133123258333332,0.46350043916666667,0.34516829649999997
2024-07-03,4.35,4.4185,4.423,4.341,19638324.0,0.7820742726325989,0.7689193424999999,0.21217522633333333,0.018905435333333335
2024-07-04,4.4405,4.507,4.5115,4.428,19993558.0,-0.0350773930549621,0.45971891,0.026606900500000003,0.5136742315
2024-07-05,4.5195,4.445,4.5275,4.4015,17625248.0,0.387562558054924,0.6341159350000001,0.094618685,0.271265372
2024-07-08,4.443,4.4475,4.522,4.426,21356758.0,-0.0431151092052459,0.4346176535,0.042673666,0.52270867
2024-07-09,4.428,4.3845,4.447,4.368,19753611.0,0.0,0.0632979575,0.91110614,0.0255958665
2024-07-10,4.381,4.4975,4.4975,4.372,22163568.0,0.5581697702407837,0.5902379480000001,0.38798260619999997,0.0217794472
2024-07-11,4.506,4.4625,4.5205,4.4455,16189009.0,0.0,0.0531112406,0.911844998,0.0350437486
2024-07-12,4.4795,4.509,4.513,4.47,14479402.0,0.6312251289685568,0.6659955266666667,0.31111495066666667,0.02288949
2024-07-15,4.48,4.451,4.5015,4.429,13421306.0,0.0,0.05385315025,0.92891489,0.01723192425
2024-07-16,4.43,4.4405,4.4545,4.405,14108279.0,0.0,0.0643974774,0.9157600340000001,0.019842474800000003
2024-07-17,4.441,4.474,4.4925,4.419,16890954.0,0.1917209525903066,0.3010546545833333,0.6029748666666667,0.09597048645833334
2024-07-18,4.4995,4.488,4.526,4.4685,14271483.0,0.0,0.12083926,0.86118126,0.01797955
2024-07-19,4.4525,4.4345,4.4725,4.412,28086645.0,-0.6360773245493571,0.03258674,0.32555941266666666,0.6418538093333334
2024-07-22,4.467,4.531,4.5435,4.4435,21811972.0,0.4309371262788772,0.5422484875,0.368066159625,0.089685365
2024-07-23,4.5425,4.5665,4.579,4.497,20913769.0,-0.1174031347036361,0.25960586799999996,0.381139159875,0.359254969125
2024-07-24,4.6,4.705,4.7095,4.58,45974929.0,0.3713857041129583,0.4845262839797297,0.3799564013918919,0.13551730799324324
2024-07-25,4.6405,4.554,4.6615,4.4675,32425239.0,-0.168786863485972,0.2529848195,0.36275080308333335,0.3842643780833333
2024-07-26,4.539,4.53,4.565,4.502,16401755.0,-0.0065387752321031,0.24160014711111108,0.521404965111111,0.2369948761111111
2024-07-29,4.5895,4.468,4.6105,4.453,18668330.0,0.0897440433502197,0.1492337389,0.8172547386,0.03351151495
2024-07-30,4.453,4.512,4.524,4.451,14404528.0,0.0775594006885181,0.10907035963636363,0.8635293618181819,0.027400256545454547
2024-07-31,4.523,4.455,4.526,4.4155,28179582.0,-0.1224020600318908,0.0822125406,0.7826304079999999,0.1351570526
2024-08-01,4.425,4.2575,4.4365,4.246,29991717.0,0.4099035580952962,0.4750810862,0.2046429688,0.3202759455
2024-08-02,4.1895,4.049,4.2205,4.0195,47973060.0,-0.2773909653936113,0.04014624366666667,0.6013744201666666,0.35847933516666664
2024-08-05,3.88,3.985,4.013,3.8,47224743.0,-0.0089599192142486,0.300383092,0.43563012225000003,0.26398679325
2024-08-06,4.047,3.964,4.0575,3.9155,27778462.0,0.4300855716069539,0.41281812660000006,0.3710136352,0.2161682328
2024-08-07,4.0295,4.069,4.123,3.9915,31579288.0,0.5697592124342917,0.48070151825,0.25393939525,0.26535908175
2024-08-08,4.05,4.065,4.1015,3.991,17126847.0,0.6976138204336167,0.38408402999999997,0.45108393666666674,0.16483206166666667
2024-08-09,4.0855,4.099,4.1285,4.0505,13401371.0,0.5924405753612518,0.377381432875,0.587786817,0.034831771000000004
2024-08-12,4.1275,4.089,4.1395,4.0665,13259605.0,0.0,0.0803238935,0.88147683,0.038199277
2024-08-13,4.1055,4.113,4.1285,4.0815,10586428.0,0.4548972249031067,0.4668593485,0.490117568,0.043023131
2024-08-14,4.1405,4.1,4.1455,4.0965,11164362.0,-0.2946422696113586,0.03225112,0.6551686933333333,0.3125801906666667
2024-08-15,4.1275,4.2245,4.2255,4.101,17423545.0,0.0,0.07900546,0.9039971,0.01699736
2024-08-16,4.224,4.228,4.251,4.2025,13736758.0,0.018009215593338,0.311297869,0.45474481025,0.2339572905
2024-08-19,4.2435,4.285,4.292,4.23,13477845.0,0.8235833313730028,0.7116347780000001,0.260383452,0.027981792249999998
2024-08-20,4.291,4.24,4.296,4.2175,13959107.0,0.285454061296251,0.1993068438,0.3869425648,0.41375057359999995
2024-08-21,4.233,4.2555,4.273,4.2165,11373253.0,0.7342684805393219,0.5817056899999999,0.39166231539999996,0.026631978
2024-08-22,4.243,4.2765,4.2855,4.227,15063675.0,0.7091786980628968,0.47317993025,0.47809273575,0.0487273365
2024-08-23,4.294,4.3515,4.361,4.2845,15682393.0,0.7435507248429691,0.6359045386666666,0.2886946765555556,0.07540080066666666
2024-08-26,4.338,4.327,4.356,4.26,12280520.0,-0.6292018493016561,0.11237287233333333,0.25623061383333334,0.6313965328000001
2024-08-27,4.35,4.4365,4.4665,4.3375,25030208.0,0.2137654679162161,0.3421574132142857,0.6348289370714285,0.023013650857142857
2024-08-28,4.46,4.466,4.485,4.4455,19186506.0,0.3147809982299804,0.359280414,0.5828846139999999,0.0578349742
2024-08-29,4.47,4.4885,4.5335,4.4685,20355392.0,0.09482381939888,0.13835743777777776,0.7956605491111112,0.065982013
2024-08-30,4.4925,4.496,4.531,4.4755,34798931.0,0.0085193807224057,0.12590484246078432,0.7890261400490196,0.08506902298529412
2024-09-02,4.4935,4.4765,4.52,4.4385,15920350.0,-0.0115803480148314,0.3433782996666667,0.3205029356666667,0.336118815
2024-09-03,4.482,4.3715,4.499,4.36,22799093.0,-0.1687267025311787,0.19442219333333335,0.4631655143333333,0.34241230075
2024-09-04,4.28,4.3545,4.399,4.2545,20113142.0,-0.3247352838516235,0.043088869,0.5628392326666666,0.39407189833333334
2024-09-05,4.33,4.3875,4.4665,4.327,15530579.0,0.0,0.0770883,0.9039417,0.018969975
2024-09-06,4.3565,4.2925,4.425,4.2925,22177396.0,0.0986941009759903,0.15266915406666665,0.7563594161333334,0.09097142906666668
2024-09-09,4.331,4.342,4.3665,4.3105,13219937.0,0.0,0.11561682799999999,0.8663126059999999,0.0180705736
2024-09-10,4.34,4.2465,4.384,4.23,20187278.0,-0.1944404482841491,0.0468623288,0.7439458806,0.2091917532
2024-09-11,4.292,4.246,4.3265,4.2045,20597437.0,0.0,0.0488922532,0.925235571,0.0258721613
2024-09-12,4.3145,4.3265,4.3525,4.2695,18123659.0,0.201173186302185,0.23466062125,0.7321877525,0.033151669
2024-09-13,4.3145,4.4055,4.4355,4.313,18719449.0,0.6268417239189148,0.6616302833333333,0.3100868213333334,0.028282898
2024-09-16,4.389,4.4405,4.4675,4.38,13408289.0,0.3700686948640005,0.3975713271428571,0.5622258042857143,0.04020287328571429
2024-09-17,4.45,4.511,4.5375,4.45,25019281.0,0.3162790735562643,0.3420665246666667,0.5928118506666666,0.06512165266666667
2024-09-18,4.511,4.5085,4.5455,4.5065,16487238.0,-0.2995293935139974,0.041503051666666665,0.6451914773333334,0.31330542066666667
2024-09-19,4.5595,4.6,4.605,4.5435,28203566.0,0.4602575898170471,0.479046554,0.4927593225,0.028194184999999997
2024-09-20,4.58,4.5585,4.6285,4.5585,68986283.0,0.3037962516148885,0.623169338,0.044024091999999994,0.33280660133333334
2024-09-23,4.56,4.4885,4.587,4.4685,21349242.0,0.0,0.040772296,0.94063646,0.018591292
2024-09-24,4.511,4.554,4.5785,4.511,18440303.0,0.3044264217217763,0.3461639561666667,0.61394350975,0.039892546875
2024-09-25,4.511,4.5205,4.5765,4.5055,18310092.0,0.6080607771873474,0.62971937,0.3567006453333333,0.013579970500000002
2024-09-26,4.56,4.6355,4.648,4.5585,24457933.0,0.3009603420893351,0.41971067999999995,0.56035543,0.019933907166666667
2024-09-27,4.6195,4.655,4.6655,4.593,23888829.0,0.3761664986610412,0.5988180975,0.37874560199999996,0.02243631225
2024-09-30,4.63,4.6005,4.683,4.5915,24706612.0,0.0637253299355507,0.331127681625,0.4085969625,0.2602753636875
2024-10-01,4.61,4.376,4.6195,4.3345,39752127.0,0.2642379914011274,0.4893699574285714,0.3335122481428571,0.17711780642857142
2024-10-02,4.3685,4.426,4.4415,4.35,23190618.0,0.1353652647563389,0.17433179385714287,0.8021765651428572,0.023491633571428572
2024-10-03,4.415,4.427,4.445,4.3645,19840725.0,0.1866148114204406,0.5094362708,0.16227847533333334,0.328285244
2024-10-04,4.44,4.48,4.5175,4.423,27595886.0,0.1624764908443797,0.33324718463636366,0.5539899878181818,0.11276280454545455
2024-10-07,4.518,4.56,4.58,4.491,26409705.0,-0.0104258259137471,0.35479181833333334,0.30427620966666663,0.34093197133333336
2024-10-08,4.5255,4.562,4.577,4.502,16510152.0,0.2331296971866062,0.27750732857142857,0.6644954457142858,0.057997234671428574
2024-10-09,4.55,4.5345,4.556,4.4815,16200105.0,0.3120944996674855,0.49013197900000005,0.3249720475,0.1848959963333333
2024-10-10,4.5345,4.535,4.581,4.503,18268806.0,0.3139724930127461,0.3330916653333333,0.644008126,0.022900221666666665
2024-10-11,4.5305,4.5725,4.5725,4.523,15532283.0,0.0251139799753824,0.38876918,0.35694830400000005,0.25428250366666666
2024-10-14,4.566,4.606,4.606,4.5455,13993417.0,0.2568529976738823,0.35739813077777777,0.5613945255555556,0.08120734566666667
2024-10-15,4.624,4.634,4.654,4.562,22110703.0,0.3870129808783531,0.415776087375,0.5361644595,0.048059462125
2024-10-16,4.6,4.61,4.6495,4.5665,22257104.0,0.1681272268295288,0.29774016430000005,0.5816440285,0.12061581805000002
2024-10-17,4.623,4.5815,4.659,4.5815,21223306.0,0.1882817506790161,0.281237203,0.7017658028,0.016996997
2024-10-18,4.5835,4.64,4.67,4.548,28420881.0,0.4717501699924469,0.518367275,0.459786808,0.0218459665
2024-10-21,4.6145,4.58,4.6405,4.58,14542544.0,0.4270565188848055,0.47559322336363635,0.4190504335454545,0.10535632954545454
2024-10-22,4.6105,4.6155,4.6235,4.5415,16545305.0,0.208919518523746,0.2610626241111111,0.6953411403333334,0.04359623538888889
2024-10-23,4.6,4.611,4.6255,4.585,16269803.0,0.111735463142395,0.33210167985714284,0.51887649,0.14902183614285716
2024-10-24,4.6115,4.5635,4.6585,4.5635,20544069.0,-0.177737420797348,0.09356306912500001,0.66422530175,0.24221162975
2024-10-25,4.6,4.5755,4.649,4.5705,22795738.0,-0.4382702979174527,0.11383263763636364,0.3666187877272727,0.5195485755454545
2024-10-28,4.614,4.6325,4.635,4.566,22609301.0,0.4767480889956156,0.5693600883333333,0.29352880675,0.13711112741666667
2024-10-29,4.6495,4.493,4.6495,4.451,48454588.0,0.1353602555452608,0.3310064329701031,0.4595732162061856,0.20942035441237114
2024-10-30,4.45,4.41,4.452,4.3625,36229453.0,-0.1833373496406956,0.1372525484736842,0.5460896402105263,0.3166578094210526
2024-10-31,4.387,4.492,4.5475,4.3665,36675715.0,0.2264793515205383,0.4875334891875,0.251545346625,0.260921155
2024-11-01,4.4925,4.611,4.6385,4.4925,30187053.0,0.0606894791126251,0.4370584793181818,0.14709929181818182,0.4158422295454546
2024-11-04,4.5905,4.6045,4.6435,4.5785,27664681.0,0.1338798031210899,0.4459681105666667,0.24866936833333333,0.3053625029333334
2024-11-05,4.6095,4.6315,4.6385,4.5895,23758295.0,0.1645570993423462,0.3258719123043478,0.5257734109130435,0.14835467595652174
2024-11-06,4.64,4.41,4.65,4.374,46580938.0,-0.0380386312802632,0.3164733006666667,0.32658914833333336,0.3569375315
2024-11-07,4.4705,4.5195,4.553,4.433,33807711.0,0.1991614699363708,0.25926340125,0.69950379,0.0412327795
2024-11-08,4.4755,4.4345,4.4985,4.4,29263539.0,-0.032271792491277,0.20236129160000002,0.5912506860000001,0.2063880482
2024-11-11,4.4545,4.527,4.538,4.4535,20691998.0,0.573327812883589,0.6844427712222223,0.13919573277777778,0.17636149666666667
2024-11-12,4.4595,4.4025,4.5085,4.4025,30276971.0,0.0143387185202704,0.25867507377777776,0.5178397706666666,0.22348517099999998
2024-11-13,4.4,4.4035,4.4405,4.3535,28409466.0,0.3377891927957535,0.370027534625,0.60197810675,0.0279943768125
2024-11-14,4.4145,4.498,4.5235,4.4145,24961081.0,0.2014536758263906,0.37441177433333334,0.5048281278333333,0.12076009616666666
2024-11-15,4.468,4.5765,4.602,4.468,28520435.0,0.4076030121909248,0.4449363974444444,0.5325382708888889,0.022525323666666666
2024-11-18,4.56,4.62,4.624,4.555,19982311.0,0.9254540205001832,0.9254540866666666,0.042057848333333335,0.032488015
2024-11-19,4.624,4.5475,4.638,4.465,32313336.0,0.2586433562365445,0.2818682949,0.675432266,0.0426994475
2024-11-20,4.58,4.506,4.609,4.474,26536883.0,-0.0456877549489339,0.1598288665625,0.600729154375,0.2394419763125
2024-11-21,4.512,4.5275,4.5355,4.4525,20494095.0,0.3280052448573865,0.4107514806842105,0.4827653807894737,0.10648313092105265
2024-11-22,4.525,4.368,4.5435,4.3,54744857.0,-0.0793853265898568,0.1535122022,0.6503580494571428,0.19612974367142857
2024-11-25,4.4045,4.436,4.455,4.384,41632576.0,0.037424365679423,0.314551245,0.40842144033333333,0.27702730318888885
2024-11-26,4.385,4.3915,4.4295,4.3545,22521271.0,0.1577999700199474,0.2531273295454545,0.6963243092727273,0.05054837109090909
2024-11-27,4.375,4.3755,4.3975,4.3255,25905045.0,0.1197531819343566,0.39095560625000003,0.28525783575,0.3237866065
2024-11-28,4.405,4.374,4.435,4.3685,17784020.0,-0.3230456113815308,0.023559318999999995,0.6290518943333333,0.34738879799999994
2024-11-29,4.3385,4.3755,4.3935,4.285,36565386.0,-0.4436362028121948,0.0783707455,0.3611624495,0.560466826
2024-12-02,4.32,4.3755,4.4285,4.32,22046382.0,-0.3624776005744933,0.189165196,0.43302755333333337,0.377807268
2024-12-03,4.391,4.439,4.4655,4.387,20559973.0,-0.1082627375920613,0.04589396142857143,0.7615775028571429,0.19252853692857141
2024-12-04,4.44,4.475,4.508,4.4395,20614763.0,-0.1752897609363902,0.32177491114285717,0.37384915999999996,0.3043759252857143
2024-12-05,4.466,4.68,4.6835,4.466,43780376.0,-0.002919248172215,0.23207001228571428,0.6112687114285714,0.1566612617142857
2024-12-06,4.6525,4.643,4.6965,4.6245,17445872.0,0.1961778203646342,0.44088005799999996,0.40583272171428575,0.1532872315714286
2024-12-09,4.66,4.6515,4.682,4.624,18777954.0,-0.3429515331983566,0.23951472307142857,0.397996563,0.3624887347142857
2024-12-10,4.635,4.6765,4.7,4.6315,19539169.0,-0.1991687814394633,0.10341956528571429,0.4964212142857143,0.4001592144285714
2024-12-11,4.687,4.6375,4.699,4.632,19482608.0,0.0741222441196441,0.12327645000000001,0.842704887,0.034018650100000006
2024-12-12,4.666,4.662,4.705,4.646,28622441.0,0.461068719625473,0.52925851,0.44349255000000004,0.027249004
2024-12-13,4.6705,4.683,4.74,4.6585,19321125.0,-0.0091138098921094,0.26874553933333334,0.6268909079166667,0.10436354766666667
2024-12-16,4.67,4.6715,4.712,4.658,20451572.0,-0.4593433737754822,0.2231639657142857,0.3045876396428571,0.47224841685714286
2024-12-17,4.663,4.46,4.6685,4.46,38316632.0,-0.0886953324079513,0.188777717125,0.575527551125,0.23569475574999998
2024-12-18,4.468,4.5055,4.5455,4.437,30417445.0,0.1464445080075944,0.4300185547142857,0.29422260957142854,0.27575884085714286
2024-12-19,4.423,4.3985,4.4335,4.326,41375499.0,-0.0702801386515299,0.44299055676923077,0.18013178576923078,0.37687765226923076
2024-12-20,4.356,4.3565,4.382,4.31,58355640.0,0.0252940583229064,0.12169467275000001,0.7611899734,0.11711536757499999
2024-12-23,4.3565,4.3315,4.384,4.2975,17371575.0,-0.3216972351074219,0.32037483675,0.1997533025,0.47987184125
2024-12-24,4.3575,4.321,4.3595,4.3205,2956.0,-0.0933670878410339,0.1387663342,0.5376278372,0.32360583619999994
2024-12-27,4.29,4.388,4.388,4.2895,18235952.0,-0.4877423644065857,0.078277022,0.42778999100000004,0.493932971
2024-12-30,4.3445,4.3965,4.4145,4.3405,19653250.0,0.3481844365596771,0.608835045,0.12654207337499998,0.26462287825
2024-12-31,4.386,4.4645,4.4645,4.386,12883599.0,0.2516117777143206,0.41742188585714285,0.4006323701428572,0.181945767
2025-01-02,4.45,4.403,4.486,4.2555,26406211.0,0.0819052934646606,0.5339582370833333,0.15681026691666666,0.30923148358333336
2025-01-03,4.4,4.3985,4.42,4.3795,14705764.0,0.598165729216167,0.6258639145714285,0.27602208314285714,0.09811399142857144
2025-01-06,4.43,4.55,4.55,4.4115,23517368.0,0.9259453117847444,0.9259452850000001,0.029422899500000002,0.044631865
2025-01-07,4.5285,4.594,4.606,4.466,29365563.0,-0.1746904015541076,0.3002625685,0.25769751090000004,0.44203990839999996
2025-01-08,4.5975,4.5695,4.66,4.532,23072369.0,0.2149908363819122,0.47426242344444447,0.32224717655555557,0.20349043288888888
2025-01-09,4.52,4.5695,4.578,4.5085,11724629.0,0.0,0.12937036,0.8522571,0.01837257
2025-01-10,4.58,4.5685,4.6175,4.5375,22796767.0,0.0103761792182922,0.3972475482,0.2240529752,0.3786994934
2025-01-13,4.537,4.588,4.588,4.5035,16504814.0,0.4462774064805772,0.4638802696666667,0.4686341573333333,0.067485587
2025-01-14,4.63,4.686,4.744,4.6125,32113175.0,0.4080524974399143,0.489541680125,0.46903284725,0.0414254775
2025-01-15,4.7065,4.7655,4.7955,4.6735,31933071.0,0.8406470239162445,0.840646776,0.0464327232,0.1129205132
2025-01-16,4.799,4.7825,4.82,4.7495,26226298.0,0.1179554121834891,0.298970306,0.5100675042857142,0.19096217828571427
2025-01-17,4.7995,4.7995,4.838,4.757,27551816.0,0.2678388782909938,0.299080332,0.676089867,0.024829814214285713
2025-01-20,4.8225,4.895,4.91,4.822,36915110.0,0.2445696251732962,0.3272302903076923,0.6420692535384614,0.030700468615384613
2025-01-21,4.8145,4.7895,4.861,4.7655,23839972.0,-0.0531779848612271,0.22739683307692304,0.5737432463846154,0.19885990003846155
2025-01-22,4.795,4.738,4.818,4.7145,26032612.0,-0.124193141857783,0.23201909027272727,0.3042578128181818,0.46372309781818183
2025-01-23,4.736,4.854,4.863,4.73,17678767.0,-0.0040925911494663,0.19832421383333332,0.6139926649999999,0.18768314149999998
2025-01-24,4.89,4.8825,4.9165,4.863,20830243.0,-0.158205423090193,0.2516909685555555,0.3577690655555556,0.3905399647777778
2025-01-27,4.8265,4.902,4.918,4.817,17830810.0,0.1952663138508796,0.35407174550000003,0.515793122,0.1301351216875
2025-01-28,4.8825,4.914,4.937,4.857,18111996.0,-0.0039345502853393,0.21687572126666665,0.5314687240666667,0.25165554700000003
2025-01-29,4.94,5.007,5.009,4.9145,34658787.0,0.1656074432226327,0.2356733606153846,0.6975315834615384,0.06679508023076922
2025-01-30,5.007,5.027,5.04,4.951,24934653.0,0.1855078041553497,0.3211758545,0.5570005121666667,0.12182362616666666
2025-01-31,5.026,4.964,5.03,4.946,19820553.0,0.048698644552912,0.1837092105,0.7108162016428572,0.105474592
2025-02-03,4.8045,4.8415,4.897,4.769,34812469.0,0.1701818784077962,0.45787638113333334,0.2759996177333333,0.26612399886666666
2025-02-04,4.882,4.9885,5.0,4.831,24924736.0,0.1191974932497198,0.3655668347272727,0.4672238320909091,0.1672093550909091
2025-02-05,5.19,5.402,5.421,5.19,110472696.0,0.211263058707118,0.4008651095795454,0.4005356268068182,0.19859926044886364
2025-02-06,5.416,5.628,5.636,5.407,65663914.0,0.3096781863885767,0.4239251880625,0.46725409018749997,0.10882071725
2025-02-07,5.596,5.527,5.621,5.507,36233798.0,-0.0288510620594024,0.2382001932142857,0.5244134034285713,0.237386401
2025-02-10,5.51,5.484,5.547,5.48,26557845.0,-0.1804634531339009,0.336644145375,0.180333759875,0.483022091975
2025-02-11,5.48,5.656,5.666,5.478,39496934.0,0.1227956493695577,0.35740781692857143,0.505206101,0.13738609459285714
2025-02-12,5.667,5.767,5.792,5.648,43442700.0,0.087553326288859,0.2467445657142857,0.6895157101428572,0.06373973657142858
2025-02-13,5.8,5.721,5.803,5.7,29398789.0,0.1104279245649065,0.40089856328571427,0.3054131748571428,0.29368826142857146
2025-02-14,5.72,5.792,5.814,5.682,30796206.0,0.3006378141316501,0.6136170789,0.1283622659,0.2580206781
2025-02-17,5.759,5.81,5.874,5.753,22274517.0,0.3745093718171119,0.516967281375,0.3803443515,0.10268836337500001
2025-02-18,5.817,5.961,5.968,5.809,35314537.0,0.0753667459768407,0.26679401812500003,0.6618973961875,0.07130857604375
2025-02-19,5.87,5.805,5.955,5.802,32059371.0,0.0178752286093575,0.221074978,0.6557622035714286,0.1231628102142857
2025-02-20,5.8,5.819,5.918,5.779,30805787.0,0.3929677179881504,0.4181073854285714,0.504078413,0.07781416714285715
2025-02-21,5.8,5.884,5.892,5.784,33934742.0,0.5156598346573966,0.558662817,0.39820410914285714,0.04313311642857143
2025-02-24,5.9,5.955,6.0,5.876,34932429.0,-0.1417659968137741,0.264226025,0.56909263675,0.16668134825
2025-02-25,5.92,6.045,6.135,5.92,46846741.0,0.6186712516678704,0.594668422625,0.383145908625,0.022185654625
2025-02-26,6.075,6.232,6.234,6.07,33375845.0,0.4599595107138157,0.5463905642307693,0.42645967469230767,0.02714976476923077
2025-02-27,6.2,6.198,6.268,6.154,34311684.0,-0.2782704830169678,0.24750835799999998,0.35265452887500004,0.39983711875
2025-02-28,6.162,6.222,6.23,6.08,61144820.0,0.1175998632724468,0.20553420464102565,0.7243840965897436,0.07008170907692307
2025-03-03,6.179,6.297,6.34,6.12,31959912.0,0.3723701685667038,0.43940629304999995,0.3961863177,0.16440738905
2025-03-04,6.17,5.916,6.203,5.887,51349193.0,-0.0186270305088588,0.179214977,0.6640503852857143,0.1567346362857143
2025-03-05,6.127,6.16,6.224,6.093,38679900.0,0.1652738004922866,0.3663134315,0.5259552614,0.1077313027
2025-03-06,6.261,6.311,6.354,6.171,49171161.0,0.1846872940659523,0.271777727125,0.681989725625,0.04623255375
2025-03-07,6.16,6.223,6.304,6.151,30070130.0,0.2598468124866485,0.3763471176,0.49282322779999993,0.1308296604
2025-03-10,6.241,5.951,6.28,5.913,45089752.0,0.0572901825110117,0.2212965329090909,0.6713143231272727,0.10738913471818182
2025-03-11,6.0,5.862,6.02,5.826,39570351.0,-0.0871244317445999,0.06829464948571429,0.7926080385428572,0.13909730044857144
2025-03-12,5.95,6.002,6.082,5.927,32055443.0,-0.1119956254959106,0.171351176,0.682258462,0.14639035
2025-03-13,5.923,6.006,6.031,5.908,26485062.0,0.2152266353368759,0.26295614,0.7067512258749999,0.0302926301875
2025-03-14,5.98,6.214,6.242,5.922,36843323.0,0.6903031998210483,0.7997676541111112,0.06680481433333334,0.13342754344444444
2025-03-17,6.203,6.327,6.327,6.153,34755448.0,0.3378306994071373,0.4657861681538461,0.43451657553846157,0.09969726576923077
2025-03-18,6.33,6.58,6.586,6.327,55983726.0,0.3352187514305115,0.3449646298888889,0.5716217802222222,0.08341357883333334
2025-03-19,6.5,6.561,6.595,6.488,31123749.0,-0.1497613373010054,0.169907952115,0.5057928517,0.324299197675
2025-03-20,6.555,6.4,6.579,6.313,36647499.0,-0.0397317817336634,0.2074040135,0.495487901625,0.297108078125
2025-03-21,6.337,6.44,6.476,6.281,83895368.0,0.470209801197052,0.593250103,0.1721618535,0.234588052625
2025-03-24,6.5,6.502,6.61,6.49,28398468.0,0.304031259956814,0.4152234545,0.3984042955,0.18637224227777777
2025-03-25,6.509,6.619,6.628,6.505,25580384.0,0.3505646678117605,0.6359898405,0.1625508387,0.2014593392
2025-03-26,6.629,6.502,6.661,6.502,24367771.0,0.1702631364266077,0.3641546855833333,0.435211981125,0.200633333
2025-03-27,6.401,6.452,6.535,6.302,29164547.0,0.1041595614873445,0.4272467786153846,0.2969793696153846,0.2757738657692308
2025-03-28,6.372,6.318,6.43,6.277,30079507.0,0.1010096763309679,0.3263885480625,0.42478871356250003,0.24882275825
2025-03-31,6.243,6.196,6.25,6.104,31557031.0,-0.1921995083491007,0.320585927,0.15817362955555556,0.521240439
2025-04-01,6.234,6.323,6.373,6.193,25457408.0,-0.5654884099960327,0.05683804544444445,0.4011932708888889,0.5419687058888889
2025-04-02,6.282,6.352,6.364,6.255,23452769.0,0.0649472661316394,0.27502558368749996,0.5647791281875,0.1601952885
2025-04-03,6.14,6.022,6.182,5.99,54228206.0,-0.1938694227825511,0.2436327538888889,0.2850142898888889,0.4713529462222222
2025-04-04,5.901,5.494,5.92,5.346,101126434.0,0.237068772315979,0.4222713930967742,0.39516078577419356,0.18256782688709677
2025-04-07,4.645,5.243,5.52,4.645,120129181.0,-0.0360576380854067,0.2883237103181818,0.4444679389090909,0.26720836238636364
2025-04-08,5.47,5.504,5.625,5.225,61699323.0,0.1752392812208696,0.40775190090909086,0.4179298127272727,0.17431829922727274
2025-04-09,5.28,5.365,5.465,5.252,51576911.0,-0.1501560715528634,0.11911868099999999,0.6082564071538461,0.2726249003076923
2025-04-10,6.372,5.662,6.372,5.662,63358362.0,0.582428107659022,0.711381732,0.231717656,0.0569006062
2025-04-11,5.674,5.588,5.708,5.51,26583654.0,0.2986358801523844,0.5445373133333333,0.24288564991666664,0.21257706233333332
2025-04-14,5.783,5.798,5.829,5.695,23820824.0,0.5629175030268155,0.7496581561538461,0.085299679,0.1650421606923077
2025-04-15,5.825,6.006,6.035,5.815,32595351.0,0.5125680168469747,0.5450706105555556,0.4282841988888889,0.02664519311111111
2025-04-16,5.973,6.025,6.025,5.911,32781998.0,0.0722241799036661,0.22680082883333333,0.6380972619166666,0.13510190916666667
2025-04-17,6.01,5.942,6.027,5.913,29403830.0,0.3164910733699798,0.4813862172222222,0.3659729307777778,0.15264084211111112
2025-04-22,5.966,6.053,6.075,5.947,25141929.0,0.3084001168608665,0.46132661975,0.32205296624999996,0.21662040762499998
2025-04-23,6.162,6.32,6.337,6.16,44812433.0,0.0446090213954448,0.203081794625,0.63107833,0.1658398549375
2025-04-24,6.294,6.254,6.322,6.2,20987915.0,-0.1216311785909864,0.1964097961428571,0.5024566364285714,0.30113356314285716
2025-04-25,6.306,6.416,6.416,6.286,26351340.0,0.6239476422468822,0.6731143382,0.23478999626666666,0.0920956626
2025-04-28,6.43,6.535,6.563,6.408,30082506.0,0.5009845561451383,0.5740172948235295,0.36773861,0.058244098705882354
2025-04-29,6.5,6.433,6.53,6.376,28103861.0,0.0613808081700251,0.30244756738461537,0.4587040576923077,0.2388483905
2025-04-30,6.368,6.182,6.39,5.999,74223251.0,0.1028848108318116,0.3050184514268657,0.5082138653507462,0.18676768364179105
2025-05-02,6.257,6.337,6.337,6.212,35852038.0,0.2267669439315796,0.45389065135714285,0.3794672244285714,0.16664214214285716
2025-05-05,6.4,6.384,6.428,6.32,20853375.0,0.1669081935176143,0.27171772876,0.6526500733599999,0.075632203604
2025-05-06,6.39,6.349,6.437,6.257,20179934.0,0.3365144218717302,0.4541979507619048,0.3986651373809524,0.14713691323809522
2025-05-07,6.36,6.351,6.408,6.327,25070559.0,0.1943133374055226,0.2808227435277778,0.5738222873333334,0.14535494794444445
2025-05-08,6.392,6.561,6.561,6.365,31548588.0,0.6446165730555852,0.67817726025,0.20536598580555554,0.11645675947222221
2025-05-09,6.56,6.653,6.653,6.53,36699029.0,-0.045806910842657,0.45811892414285715,0.08921351071428571,0.45266753814285715
2025-05-12,6.676,6.765,6.794,6.676,32708258.0,0.3053676724433899,0.5096313037222222,0.3619725078888889,0.128396178
2025-05-13,6.728,6.783,6.789,6.721,22937435.0,0.2500043085643223,0.36800063935714283,0.5325788669285715,0.09942050485714285
2025-05-14,6.8,6.897,6.897,6.752,36782896.0,0.3209242650440761,0.3604042838571429,0.5827597315,0.05683597978571429
2025-05-15,6.849,6.87,6.894,6.809,22033617.0,0.1932238719680092,0.3776288746,0.490730484,0.1316406602
2025-05-16,6.89,6.913,6.924,6.839,28800679.0,0.4993100389838218,0.38907144574999997,0.5615102331666667,0.04941829575
2025-05-19,6.9,6.943,6.994,6.877,22724083.0,0.8669267941165615,0.8391151178571429,0.05398142314285714,0.10690343821428572
2025-05-20,6.953,7.044,7.095,6.87,36140996.0,0.7212751422609601,0.7697062499999999,0.12928279385714286,0.10101097085714285
2025-05-21,7.04,7.036,7.15,7.012,26381193.0,0.0392777811397205,0.19647031042857144,0.6773903260952381,0.12613936033333334
2025-05-22,6.997,7.074,7.085,6.87,25087439.0,0.1641737818717956,0.3451484384444445,0.5123347671111111,0.14251678966666667
