versionCreated,headline,storyId,sourceCode,cRIC
2025-05-21 20:36:53.599,ADR Recap: Bankinter continues to outperform Mitsubishi UFJ Financial by 50.8% year to date,urn:newsml:newsroom:20250521:nNRAwfwahp:0,NS:GLOROU,BKT.MC
2025-05-21 19:36:53.045,How Bankinter's dividend compares to HDFC Bank,urn:newsml:newsroom:20250521:nNRAwfvre7:0,NS:GLOROU,BKT.MC
2025-05-21 18:52:15.100,ADR Recap: Bankinter continues to outperform Mitsubishi UFJ Financial by 50.8% year to date,urn:newsml:newsroom:20250521:nNRAwfv656:0,NS:GLOROU,BKT.MC
2025-05-21 18:36:59.392,How Bankinter's dividend compares to Mitsubishi UFJ Financial,urn:newsml:newsroom:20250521:nNRAwfuyri:0,NS:GLOROU,BKT.MC
2025-05-21 17:52:13.241,How Bankinter's dividend compares to HDFC Bank,urn:newsml:newsroom:20250521:nNRAwfudyq:0,NS:GLOROU,BKT.MC
2025-05-21 17:36:59.649,How Bankinter's dividend compares to HSBC Holdings,urn:newsml:newsroom:20250521:nNRAwfu714:0,NS:GLOROU,BKT.MC
2025-05-21 16:52:15.393,How Bankinter's dividend compares to Mitsubishi UFJ Financial,urn:newsml:newsroom:20250521:nNRAwftksm:0,NS:GLOROU,BKT.MC
2025-05-21 16:36:59.031,How Bankinter's dividend compares to Commonwealth Bank of Australia,urn:newsml:newsroom:20250521:nNRAwftb0z:0,NS:GLOROU,BKT.MC
2025-05-21 16:17:28.329,Bankinter (BKT: EUR11.74) offers earnings yield of 8%; +12c [+1.0%],urn:newsml:newsroom:20250521:nNRAwft2jd:0,NS:SPANEW,BKT.MC
2025-05-21 15:52:23.315,How Bankinter's dividend compares to HSBC Holdings,urn:newsml:newsroom:20250521:nNRAwfso8k:0,NS:GLOROU,BKT.MC
2025-05-21 14:52:17.041,How Bankinter's dividend compares to Commonwealth Bank of Australia,urn:newsml:newsroom:20250521:nNRAwfrsme:0,NS:GLOROU,BKT.MC
2025-05-21 12:47:09.975,Wednesday's Preview: Can Bankinter continue its recent gains?,urn:newsml:newsroom:20250521:nNRAwfpxhb:0,NS:GLOROU,BKT.MC
2025-05-21 10:57:22.429,Bankinter soars 35% in past 3 months,urn:newsml:newsroom:20250521:nNRAwfo5rv:0,NS:GLOROU,BKT.MC
2025-05-21 09:12:15.462,How Banco Santander's dividend compares to Bankinter,urn:newsml:newsroom:20250521:nNRAwfmme8:0,NS:SPANEW,BKT.MC
2025-05-21 09:12:14.446,How CaixaBank's dividend compares to Bankinter,urn:newsml:newsroom:20250521:nNRAwfmnek:0,NS:SPANEW,BKT.MC
2025-05-21 09:07:01.198,Wednesday's Preview: Can Bankinter continue its recent gains?,urn:newsml:newsroom:20250521:nNRAwfmhw6:0,NS:GLOROU,BKT.MC
2025-05-21 08:17:24.559,How Banco Bilbao Vizcaya Argentaria's dividend compares to Bankinter,urn:newsml:newsroom:20250521:nNRAwflrru:0,NS:SPANEW,BKT.MC
2025-05-21 08:17:22.848,How Banco de Sabadell's dividend compares to Bankinter,urn:newsml:newsroom:20250521:nNRAwflsgp:0,NS:SPANEW,BKT.MC
2025-05-21 07:35:30.000,"Bankinter bids for Brookfield's student residence platform, Cinco Dias reports",urn:newsml:reuters.com:20250521:nL8N3RT0B5:7,NS:RTRS,BKT.MC
2025-05-21 06:56:54.780,Bankinter soars 35% in past 3 months,urn:newsml:newsroom:20250521:nNRAwfkmru:0,NS:GLOROU,BKT.MC
2025-05-21 02:52:59.573,Bankinter soars 35% in past 3 months,urn:newsml:newsroom:20250521:nNRAwfhxy8:0,NS:GLOROU,BKT.MC
2025-05-20 16:37:02.604,ADR Recap: Bankinter continues to outperform UBS by 54.7% year to date,urn:newsml:newsroom:20250520:nNRAwfbjwi:0,NS:GLOROU,BKT.MC
2025-05-20 16:17:30.610,Bankinter (BKT: EUR11.62) in 3rd consecutive rise; +33c [+2.9%],urn:newsml:newsroom:20250520:nNRAwfbak5:0,NS:SPANEW,BKT.MC
2025-05-20 14:52:22.114,ADR Recap: Bankinter continues to outperform UBS by 54.7% year to date,urn:newsml:newsroom:20250520:nNRAwf9z7g:0,NS:GLOROU,BKT.MC
2025-05-20 12:47:08.836,Tuesday's Preview: Can Bankinter continue its recent gains?,urn:newsml:newsroom:20250520:nNRAwf81pn:0,NS:GLOROU,BKT.MC
2025-05-20 11:23:41.210,Bankinter is good value by P/E/G despite 31% price rise,urn:newsml:newsroom:20250520:nNRAwf6nux:0,NS:GLOROU,BKT.MC
2025-05-20 09:07:03.867,Tuesday's Preview: Can Bankinter continue its recent gains?,urn:newsml:newsroom:20250520:nNRAwf4wut:0,NS:GLOROU,BKT.MC
2025-05-20 07:07:12.359,Bankinter is good value by P/E/G despite 31% price rise,urn:newsml:newsroom:20250520:nNRAwf38fv:0,NS:GLOROU,BKT.MC
2025-05-20 03:48:01.278,Bankinter (OTCMKTS:BKNIY) Reaches New 52-Week High – Here's Why,urn:newsml:newsroom:20250520:nNRAwf12dg:0,NS:STOOBS,BKT.MC
2025-05-20 03:02:39.017,Bankinter is good value by P/E/G despite 31% price rise,urn:newsml:newsroom:20250520:nNRAwf0oq8:0,NS:GLOROU,BKT.MC
2025-05-20 03:02:04.240,Bankinter is good value by P/E/G despite 31% price rise,urn:newsml:newsroom:20250520:nNRAwf0ob3:0,NS:GLOROU,BKT.MC
2025-05-19 22:17:21.577,Bankinter (OTCMKTS:BKNIY) Reaches New 52-Week High – Here's Why,urn:newsml:newsroom:20250519:nNRAweyck5:0,NS:TRADAJ,BKT.MC
2025-05-19 16:57:32.728,Solvency is not a major issue for Bankinter,urn:newsml:newsroom:20250519:nNRAweurkr:0,NS:GLOWEE,BKT.MC
2025-05-19 16:37:01.342,ADR Recap: Bankinter continues to outperform HSBC Holdings by 43.8% year to date,urn:newsml:newsroom:20250519:nNRAweuce8:0,NS:GLOROU,BKT.MC
2025-05-19 16:17:47.669,Bankinter (BKT: EUR11.47) offers dividend yield of 4.6%; +8c [+0.7%],urn:newsml:newsroom:20250519:nNRAwetzxw:0,NS:SPANEW,BKT.MC
2025-05-19 15:07:03.605,Solvency is not a major issue for Bankinter,urn:newsml:newsroom:20250519:nNRAwessrg:0,NS:GLOROU,BKT.MC
2025-05-19 14:52:01.577,ADR Recap: Bankinter continues to outperform HSBC Holdings by 43.8% year to date,urn:newsml:newsroom:20250519:nNRAwesids:0,NS:GLOROU,BKT.MC
2025-05-19 12:13:16.035,"Bankinter values Sabadell at almost 16,000 M and expects BBVA to improve the takeover bid at the last minute",urn:newsml:newsroom:20250519:nNRAwepwqd:0,NS:NOTENG,BKT.MC
2025-05-19 09:12:06.599,CaixaBank continues to underperform Bankinter by 6.0% year to date,urn:newsml:newsroom:20250519:nNRAwenu2h:0,NS:SPANEW,BKT.MC
2025-05-19 08:17:23.763,Banco Bilbao Vizcaya Argentaria continues to underperform Bankinter by 7.3% year to date,urn:newsml:newsroom:20250519:nNRAwennxc:0,NS:SPANEW,BKT.MC
2025-05-19 08:17:22.994,Banco Santander continues to outperform Bankinter by 5.8% year to date,urn:newsml:newsroom:20250519:nNRAwenmfh:0,NS:SPANEW,BKT.MC
2025-05-18 12:07:28.534,"Bankinter ADR continues uptrend, soars 63% and in top 4% of the market",urn:newsml:newsroom:20250518:nNRAweg9ss:0,NS:GLOROU,BKT.MC
2025-05-18 06:07:16.989,"Bankinter ADR continues uptrend, soars 63% and in top 4% of the market",urn:newsml:newsroom:20250518:nNRAwedzxo:0,NS:GLOROU,BKT.MC
2025-05-17 10:57:19.541,Bankinter is good value by P/E/G despite 28% price rise,urn:newsml:newsroom:20250517:nNRAwe7fdn:0,NS:GLOROU,BKT.MC
2025-05-17 06:57:15.581,Bankinter is good value by P/E/G despite 28% price rise,urn:newsml:newsroom:20250517:nNRAwe5gf6:0,NS:GLOROU,BKT.MC
2025-05-17 04:27:49.345,Weekly: Bankinter (BKT: EUR11.39) keeps rising: up 21% in 5 weeks; +42c [3.8%],urn:newsml:newsroom:20250517:nNRAwe4ask:0,NS:GLOWEE,BKT.MC
2025-05-17 03:03:06.364,"Bankinter ADR continues uptrend, soars 63% and in top 4% of the market",urn:newsml:newsroom:20250517:nNRAwe3r9l:0,NS:GLOROU,BKT.MC
2025-05-17 03:02:10.902,"Weekly: Bankinter ADR (BKNIY: OTC: $12.73) rises for a fifth consecutive week, a five-week rise of 16%; +41.8c [3.4%]",urn:newsml:newsroom:20250517:nNRAwe3orf:0,NS:GLOROU,BKT.MC
2025-05-17 02:52:12.154,Bankinter is good value by P/E/G despite 28% price rise,urn:newsml:newsroom:20250517:nNRAwe3nsf:0,NS:GLOROU,BKT.MC
2025-05-17 02:52:02.613,Bankinter is good value by P/E/G despite 28% price rise,urn:newsml:newsroom:20250517:nNRAwe3nel:0,NS:GLOROU,BKT.MC
2025-05-16 17:22:43.963,Solvency is not a major issue for Bankinter,urn:newsml:newsroom:20250516:nNRAwdybpk:0,NS:GLOWEE,BKT.MC
2025-05-16 16:37:03.109,ADR Recap: Bankinter continues to outperform ICICI Bank by 6.2% in the past three months,urn:newsml:newsroom:20250516:nNRAwdxkk2:0,NS:GLOROU,BKT.MC
2025-05-16 16:23:35.365,Weekly: Bankinter (BKT: EUR11.39) keeps rising: up 21% in 5 weeks; +42c [3.8%],urn:newsml:newsroom:20250516:nNRAwdxeqc:0,NS:GLOWEE,BKT.MC
2025-05-16 16:17:20.452,Bankinter (BKT: EUR11.39) closes at 6.5% above VWAP; +10c [+0.9%],urn:newsml:newsroom:20250516:nNRAwdxav5:0,NS:SPANEW,BKT.MC
2025-05-16 15:07:07.407,Solvency is not a major issue for Bankinter,urn:newsml:newsroom:20250516:nNRAwdw48n:0,NS:GLOROU,BKT.MC
2025-05-16 14:52:17.187,ADR Recap: Bankinter continues to outperform ICICI Bank by 6.2% in the past three months,urn:newsml:newsroom:20250516:nNRAwdvwsw:0,NS:GLOROU,BKT.MC
2025-05-16 10:57:13.925,Bankinter surges 27% in past 3 months,urn:newsml:newsroom:20250516:nNRAwdrxpj:0,NS:GLOROU,BKT.MC
2025-05-16 08:48:12.597,Bankinter (OTCMKTS:BKNIY) Shares Cross Above 200-Day Moving Average - Should You Sell?,urn:link:webnews:20250516:nNRAwdq6i7:0,NS:MARBEA,BKT.MC
2025-05-16 06:57:12.758,Bankinter surges 27% in past 3 months,urn:newsml:newsroom:20250516:nNRAwdooik:0,NS:GLOROU,BKT.MC
2025-05-16 02:52:09.284,Bankinter surges 27% in past 3 months,urn:newsml:newsroom:20250516:nNRAwdmaah:0,NS:GLOROU,BKT.MC
2025-05-15 17:37:01.311,How Bankinter's dividend compares to ICICI Bank,urn:newsml:newsroom:20250515:nNRAwdhbiu:0,NS:GLOROU,BKT.MC
2025-05-15 16:37:09.855,ADR Recap: Bankinter continues to outperform HDFC Bank by 12.3% in the past three months,urn:newsml:newsroom:20250515:nNRAwdge14:0,NS:GLOROU,BKT.MC
2025-05-15 16:36:59.130,How Bankinter's dividend compares to BNP Paribas,urn:newsml:newsroom:20250515:nNRAwdge7d:0,NS:GLOROU,BKT.MC
2025-05-15 16:17:19.113,Bankinter (BKT: EUR11.29) offers earnings yield of 8.3%; -10c [-0.9%],urn:newsml:newsroom:20250515:nNRAwdg1nq:0,NS:SPANEW,BKT.MC
2025-05-15 15:52:14.847,How Bankinter's dividend compares to ICICI Bank,urn:newsml:newsroom:20250515:nNRAwdfd00:0,NS:GLOROU,BKT.MC
2025-05-15 14:52:25.053,ADR Recap: Bankinter continues to outperform HDFC Bank by 12.3% in the past three months,urn:newsml:newsroom:20250515:nNRAwdegb1:0,NS:GLOROU,BKT.MC
2025-05-15 14:52:15.754,How Bankinter's dividend compares to BNP Paribas,urn:newsml:newsroom:20250515:nNRAwdef3y:0,NS:GLOROU,BKT.MC
2025-05-15 10:57:18.534,Bankinter soars 31% in past 3 months,urn:newsml:newsroom:20250515:nNRAwdabwp:0,NS:GLOROU,BKT.MC
2025-05-15 07:04:26.922,Bankinter soars 31% in past 3 months,urn:newsml:newsroom:20250515:nNRAwd79gp:0,NS:GLOROU,BKT.MC
2025-05-15 02:57:26.897,Bankinter soars 31% in past 3 months,urn:newsml:newsroom:20250515:nNRAwd55k2:0,NS:GLOROU,BKT.MC
2025-05-14 21:37:01.879,ADR Recap: Bankinter continues to outperform Mitsubishi UFJ Financial by 31.0% in the past three months,urn:newsml:newsroom:20250514:nNRAwd2fed:0,NS:GLOROU,BKT.MC
2025-05-14 20:36:56.845,Bankinter Continues to Outperform its Peers,urn:newsml:newsroom:20250514:nNRAwd1vwf:0,NS:GLOROU,BKT.MC
2025-05-14 19:52:09.256,ADR Recap: Bankinter continues to outperform Mitsubishi UFJ Financial by 31.0% in the past three months,urn:newsml:newsroom:20250514:nNRAwd132m:0,NS:GLOROU,BKT.MC
2025-05-14 19:36:58.683,How Bankinter's dividend compares to HDFC Bank,urn:newsml:newsroom:20250514:nNRAwd0zfy:0,NS:GLOROU,BKT.MC
2025-05-14 18:52:11.249,Bankinter Continues to Outperform its Peers,urn:newsml:newsroom:20250514:nNRAwd0e7u:0,NS:GLOROU,BKT.MC
2025-05-14 18:36:59.232,How Bankinter's dividend compares to Mitsubishi UFJ Financial,urn:newsml:newsroom:20250514:nNRAwd05nj:0,NS:GLOROU,BKT.MC
2025-05-14 17:52:16.991,How Bankinter's dividend compares to HDFC Bank,urn:newsml:newsroom:20250514:nNRAwczmok:0,NS:GLOROU,BKT.MC
2025-05-14 17:36:59.519,How Bankinter's dividend compares to HSBC Holdings,urn:newsml:newsroom:20250514:nNRAwczi65:0,NS:GLOROU,BKT.MC
2025-05-14 16:52:14.539,How Bankinter's dividend compares to Mitsubishi UFJ Financial,urn:newsml:newsroom:20250514:nNRAwcyukz:0,NS:GLOROU,BKT.MC
2025-05-14 16:37:02.376,How Bankinter's dividend compares to Commonwealth Bank of Australia,urn:newsml:newsroom:20250514:nNRAwcykva:0,NS:GLOROU,BKT.MC
2025-05-14 16:17:16.200,"Bankinter (BKT: EUR11.39) keeps rising, up 11% in 9 days; +EUR1.15 [+11.2%]",urn:newsml:newsroom:20250514:nNRAwcy822:0,NS:SPANEW,BKT.MC
2025-05-14 15:52:05.798,How Bankinter's dividend compares to HSBC Holdings,urn:newsml:newsroom:20250514:nNRAwcxv1e:0,NS:GLOROU,BKT.MC
2025-05-14 14:52:12.257,How Bankinter's dividend compares to Commonwealth Bank of Australia,urn:newsml:newsroom:20250514:nNRAwcwz6q:0,NS:GLOROU,BKT.MC
2025-05-14 10:57:09.533,Bankinter is good value by P/E/G despite 34% price rise,urn:newsml:newsroom:20250514:nNRAwcu9rx:0,NS:GLOROU,BKT.MC
2025-05-14 09:12:15.253,How Banco Santander's dividend compares to Bankinter,urn:newsml:newsroom:20250514:nNRAwcte6l:0,NS:SPANEW,BKT.MC
2025-05-14 09:12:13.972,How CaixaBank's dividend compares to Bankinter,urn:newsml:newsroom:20250514:nNRAwctf46:0,NS:SPANEW,BKT.MC
2025-05-14 08:47:10.036,Bankinter (OTCMKTS:BKNIY) Shares Cross Above 200-Day Moving Average – Should You Sell?,urn:newsml:newsroom:20250514:nNRAwct6h2:0,NS:DAILYQ,BKT.MC
2025-05-14 08:17:34.319,How Banco Bilbao Vizcaya Argentaria's dividend compares to Bankinter,urn:newsml:newsroom:20250514:nNRAwct0wr:0,NS:SPANEW,BKT.MC
2025-05-14 08:17:32.624,How Banco de Sabadell's dividend compares to Bankinter,urn:newsml:newsroom:20250514:nNRAwcszru:0,NS:SPANEW,BKT.MC
2025-05-14 06:56:54.967,Bankinter is good value by P/E/G despite 34% price rise,urn:newsml:newsroom:20250514:nNRAwcs990:0,NS:GLOROU,BKT.MC
2025-05-14 02:53:49.128,Bankinter is good value by P/E/G despite 34% price rise,urn:newsml:newsroom:20250514:nNRAwcqob5:0,NS:GLOROU,BKT.MC
2025-05-13 16:37:01.152,ADR Recap: Bankinter continues to outperform UBS by 40.3% in the past three months,urn:newsml:newsroom:20250513:nNRAwcldx5:0,NS:GLOROU,BKT.MC
2025-05-13 16:22:34.383,Bankinter (BKT: EUR11.16) offers dividend yield of 4.8%; +6c [+0.5%],urn:newsml:newsroom:20250513:nNRAwcl8tr:0,NS:SPANEW,BKT.MC
2025-05-13 14:52:20.874,ADR Recap: Bankinter continues to outperform UBS by 40.3% in the past three months,urn:newsml:newsroom:20250513:nNRAwcjknb:0,NS:GLOROU,BKT.MC
2025-05-13 11:29:31.696,Bankinter soars 36% in past 3 months,urn:newsml:newsroom:20250513:nNRAwcgptk:0,NS:GLOROU,BKT.MC
2025-05-13 07:07:28.710,Bankinter soars 36% in past 3 months,urn:newsml:newsroom:20250513:nNRAwce99o:0,NS:GLOROU,BKT.MC
2025-05-13 03:07:38.139,Bankinter soars 36% in past 3 months,urn:newsml:newsroom:20250513:nNRAwccgsx:0,NS:GLOROU,BKT.MC
2025-05-12 16:57:16.155,Solvency is not a major issue for Bankinter,urn:newsml:newsroom:20250512:nNRAwc7iwu:0,NS:GLOWEE,BKT.MC
2025-05-12 16:36:59.751,ADR Recap: Bankinter continues to outperform HSBC Holdings by 27.6% in the past three months,urn:newsml:newsroom:20250512:nNRAwc78vj:0,NS:GLOROU,BKT.MC
2025-05-12 16:17:40.699,Bankinter (BKT: EUR11.10) hits year-high 19th time in three months; +13c [+1.2%],urn:newsml:newsroom:20250512:nNRAwc6zs6:0,NS:SPANEW,BKT.MC
2025-05-12 15:07:04.425,Solvency is not a major issue for Bankinter,urn:newsml:newsroom:20250512:nNRAwc62z0:0,NS:GLOROU,BKT.MC
2025-05-12 14:52:12.860,ADR Recap: Bankinter continues to outperform HSBC Holdings by 27.6% in the past three months,urn:newsml:newsroom:20250512:nNRAwc5per:0,NS:GLOROU,BKT.MC
2025-05-12 13:27:14.509,"Monthly: Bankinter ADR (BKNIY: $11.63) climbs 4%, 4 months' volume in a month",urn:newsml:newsroom:20250512:nNRAwc4n53:0,NS:GLOROU,BKT.MC
2025-05-12 10:37:12.266,"Monthly: Bankinter ADR (BKNIY: $11.63) climbs 4%, 4 months' volume in a month",urn:newsml:newsroom:20250512:nNRAwc2pfd:0,NS:GLOROU,BKT.MC
2025-05-12 09:17:17.276,CaixaBank continues to underperform Bankinter by 7.5% in the past three months,urn:newsml:newsroom:20250512:nNRAwc20ax:0,NS:SPANEW,BKT.MC
2025-05-12 08:18:24.956,Banco Bilbao Vizcaya Argentaria continues to underperform Bankinter by 17.5% in the past three months,urn:newsml:newsroom:20250512:nNRAwc1ixz:0,NS:SPANEW,BKT.MC
2025-05-12 08:18:24.249,Banco Santander continues to underperform Bankinter by 10.0% in the past three months,urn:newsml:newsroom:20250512:nNRAwc1kcg:0,NS:SPANEW,BKT.MC
2025-05-11 12:11:53.170,Large banks reduced net interest income in the first quarter for the first time since 2021,urn:newsml:newsroom:20250511:nNRAwbw2gu:0,NS:NOTENG,BKT.MC
2025-05-11 12:07:15.546,Bankinter ADR soars 57% in 2025,urn:newsml:newsroom:20250511:nNRAwbw1my:0,NS:GLOROU,BKT.MC
2025-05-11 06:07:22.981,Bankinter ADR soars 57% in 2025,urn:newsml:newsroom:20250511:nNRAwbtq6s:0,NS:GLOROU,BKT.MC
2025-05-10 10:57:17.192,Bankinter soars 36% in past 3 months,urn:newsml:newsroom:20250510:nNRAwboieg:0,NS:GLOROU,BKT.MC
2025-05-10 06:57:14.544,Bankinter soars 36% in past 3 months,urn:newsml:newsroom:20250510:nNRAwbn4vw:0,NS:GLOROU,BKT.MC
2025-05-10 04:27:32.553,Weekly: Bankinter (BKT: EUR10.97) keeps rising: up 17% in 4 weeks; +50c [4.8%],urn:newsml:newsroom:20250510:nNRAwbm8lp:0,NS:GLOWEE,BKT.MC
2025-05-10 03:07:18.438,Bankinter ADR soars 57% in 2025,urn:newsml:newsroom:20250510:nNRAwblwpj:0,NS:GLOROU,BKT.MC
2025-05-10 03:02:16.453,Weekly: Bankinter ADR (BKNIY: OTC: $12.31) climbs 4.3%; +51c [4.3%],urn:newsml:newsroom:20250510:nNRAwbltnr:0,NS:GLOROU,BKT.MC
2025-05-10 02:52:52.257,Bankinter soars 36% in past 3 months,urn:newsml:newsroom:20250510:nNRAwblr5z:0,NS:GLOROU,BKT.MC
2025-05-10 02:52:04.498,Bankinter soars 36% in past 3 months,urn:newsml:newsroom:20250510:nNRAwblr2n:0,NS:GLOROU,BKT.MC
2025-05-09 17:22:45.531,Solvency is not a major issue for Bankinter,urn:newsml:newsroom:20250509:nNRAwbhigz:0,NS:GLOWEE,BKT.MC
2025-05-09 16:37:06.268,ADR Recap: Bankinter continues to outperform ICICI Bank by 18.7% in the past month,urn:newsml:newsroom:20250509:nNRAwbgtwg:0,NS:GLOROU,BKT.MC
2025-05-09 16:22:53.428,Weekly: Bankinter (BKT: EUR10.97) keeps rising: up 17% in 4 weeks; +50c [4.8%],urn:newsml:newsroom:20250509:nNRAwbgn57:0,NS:GLOWEE,BKT.MC
2025-05-09 16:17:16.927,Bankinter (BKT: EUR10.97) offers earnings yield of 8.6%; +3c [+0.3%],urn:newsml:newsroom:20250509:nNRAwbggz3:0,NS:SPANEW,BKT.MC
2025-05-09 15:07:03.878,Solvency is not a major issue for Bankinter,urn:newsml:newsroom:20250509:nNRAwbfgz1:0,NS:GLOROU,BKT.MC
2025-05-09 14:52:15.165,ADR Recap: Bankinter continues to outperform ICICI Bank by 18.7% in the past month,urn:newsml:newsroom:20250509:nNRAwbf8oj:0,NS:GLOROU,BKT.MC
2025-05-09 11:33:49.175,Bankinter soars 36% in past 3 months,urn:newsml:newsroom:20250509:nNRAwbcah6:0,NS:GLOROU,BKT.MC
2025-05-09 07:07:09.434,Bankinter soars 36% in past 3 months,urn:newsml:newsroom:20250509:nNRAwb9ojq:0,NS:GLOROU,BKT.MC
2025-05-09 03:03:48.923,Bankinter soars 36% in past 3 months,urn:newsml:newsroom:20250509:nNRAwb80fi:0,NS:GLOROU,BKT.MC
2025-05-08 20:36:48.977,Bankinter's Earnings Growth Lags ICICI Bank,urn:newsml:newsroom:20250508:nNRAwb53cd:0,NS:GLOROU,BKT.MC
2025-05-08 19:38:07.490,Bankinter (OTCMKTS:BKNIY) Stock Crosses Above Two Hundred Day Moving Average - What's Next?,urn:link:webnews:20250508:nNRAwb4n7n:0,NS:MARBEA,BKT.MC
2025-05-08 19:37:00.563,Bankinter's Earnings Growth Lags HDFC Bank,urn:newsml:newsroom:20250508:nNRAwb4n5o:0,NS:GLOROU,BKT.MC
2025-05-08 18:52:09.443,Bankinter's Earnings Growth Lags ICICI Bank,urn:newsml:newsroom:20250508:nNRAwb41z2:0,NS:GLOROU,BKT.MC
2025-05-08 18:37:05.098,Bankinter's Earnings Growth Lags Mitsubishi UFJ Financial,urn:newsml:newsroom:20250508:nNRAwb3u1z:0,NS:GLOROU,BKT.MC
2025-05-08 17:52:16.387,Bankinter's Earnings Growth Lags HDFC Bank,urn:newsml:newsroom:20250508:nNRAwb3b4y:0,NS:GLOROU,BKT.MC
2025-05-08 17:37:08.598,Bankinter's Earnings Growth Lags Banco Santander,urn:newsml:newsroom:20250508:nNRAwb37ug:0,NS:GLOROU,BKT.MC
2025-05-08 17:36:59.849,How Bankinter's dividend compares to ICICI Bank,urn:newsml:newsroom:20250508:nNRAwb35ub:0,NS:GLOROU,BKT.MC
2025-05-08 16:52:20.086,Bankinter's Earnings Growth Lags Mitsubishi UFJ Financial,urn:newsml:newsroom:20250508:nNRAwb2k0m:0,NS:GLOROU,BKT.MC
2025-05-08 16:37:27.902,Bankinter's Earnings Growth Outperforms Commonwealth Bank of Australia,urn:newsml:newsroom:20250508:nNRAwb29ma:0,NS:GLOROU,BKT.MC
2025-05-08 16:37:12.518,ADR Recap: Bankinter continues to outperform HDFC Bank by 12.0% in the past month,urn:newsml:newsroom:20250508:nNRAwb289o:0,NS:GLOROU,BKT.MC
2025-05-08 16:37:07.037,How Bankinter's dividend compares to BNP Paribas,urn:newsml:newsroom:20250508:nNRAwb274j:0,NS:GLOROU,BKT.MC
2025-05-08 16:17:09.664,Bankinter (BKT: EUR10.94) hits year-high 17th time in three months; +12c [+1.1%],urn:newsml:newsroom:20250508:nNRAwb1vhw:0,NS:SPANEW,BKT.MC
2025-05-08 15:52:25.163,Bankinter's Earnings Growth Lags Banco Santander,urn:newsml:newsroom:20250508:nNRAwb1hth:0,NS:GLOROU,BKT.MC
2025-05-08 15:52:13.652,How Bankinter's dividend compares to ICICI Bank,urn:newsml:newsroom:20250508:nNRAwb1iv8:0,NS:GLOROU,BKT.MC
2025-05-08 14:52:44.729,Bankinter's Earnings Growth Outperforms Commonwealth Bank of Australia,urn:newsml:newsroom:20250508:nNRAwb0q14:0,NS:GLOROU,BKT.MC
2025-05-08 14:52:24.234,ADR Recap: Bankinter continues to outperform HDFC Bank by 12.0% in the past month,urn:newsml:newsroom:20250508:nNRAwb0o9r:0,NS:GLOROU,BKT.MC
2025-05-08 14:52:12.502,How Bankinter's dividend compares to BNP Paribas,urn:newsml:newsroom:20250508:nNRAwb0nft:0,NS:GLOROU,BKT.MC
2025-05-08 13:13:21.856,Large banks close to 8.5 billion in first quarter profit,urn:newsml:newsroom:20250508:nNRAwazg6e:0,NS:NOTENG,BKT.MC
2025-05-08 11:52:24.652,Bankinter soars 34% in past 3 months,urn:newsml:newsroom:20250508:nNRAway9et:0,NS:GLOROU,BKT.MC
2025-05-08 07:22:13.332,Bankinter soars 34% in past 3 months,urn:newsml:newsroom:20250508:nNRAwaw12p:0,NS:GLOROU,BKT.MC
2025-05-08 07:17:37.403,Banco de Sabadell's Earnings Growth Outperforms Bankinter,urn:newsml:newsroom:20250508:nNRAwavyz0:0,NS:SPANEW,BKT.MC
2025-05-08 06:18:11.065,Banco Santander's Earnings Growth Outperforms Bankinter,urn:newsml:newsroom:20250508:nNRAwavks1:0,NS:SPANEW,BKT.MC
2025-05-08 03:17:12.750,Bankinter soars 34% in past 3 months,urn:newsml:newsroom:20250508:nNRAwaudtv:0,NS:GLOROU,BKT.MC
2025-05-08 03:16:57.984,Bankinter soars 34% in past 3 months,urn:newsml:newsroom:20250508:nNRAwaudi7:0,NS:GLOROU,BKT.MC
2025-05-07 23:01:00.000,Britain's National Wealth Fund to lend Iberdrola $800 mln for UK power grid upgrades,urn:newsml:reuters.com:20250507:nL8N3RF1QE:4,NS:RTRS,BKT.MC
2025-05-07 21:36:48.178,ADR Recap: Bankinter continues to outperform Mitsubishi UFJ Financial by 9.4% in the past month,urn:newsml:newsroom:20250507:nNRAwarz0g:0,NS:GLOROU,BKT.MC
2025-05-07 20:36:58.818,Bankinter Continues to Outperform its Peers,urn:newsml:newsroom:20250507:nNRAwara3r:0,NS:GLOROU,BKT.MC
2025-05-07 19:52:10.248,ADR Recap: Bankinter continues to outperform Mitsubishi UFJ Financial by 9.4% in the past month,urn:newsml:newsroom:20250507:nNRAwaqzmf:0,NS:GLOROU,BKT.MC
2025-05-07 19:36:56.855,How Bankinter's dividend compares to HDFC Bank,urn:newsml:newsroom:20250507:nNRAwaquox:0,NS:GLOROU,BKT.MC
2025-05-07 18:52:15.618,Bankinter Continues to Outperform its Peers,urn:newsml:newsroom:20250507:nNRAwaqg24:0,NS:GLOROU,BKT.MC
2025-05-07 18:36:58.194,How Bankinter's dividend compares to Mitsubishi UFJ Financial,urn:newsml:newsroom:20250507:nNRAwaqb3r:0,NS:GLOROU,BKT.MC
2025-05-07 17:52:20.306,How Bankinter's dividend compares to HDFC Bank,urn:newsml:newsroom:20250507:nNRAwaptjs:0,NS:GLOROU,BKT.MC
2025-05-07 17:36:59.779,How Bankinter's dividend compares to HSBC Holdings,urn:newsml:newsroom:20250507:nNRAwapqoc:0,NS:GLOROU,BKT.MC
2025-05-07 16:52:14.368,How Bankinter's dividend compares to Mitsubishi UFJ Financial,urn:newsml:newsroom:20250507:nNRAwap9i0:0,NS:GLOROU,BKT.MC
2025-05-07 16:37:05.459,How Bankinter's dividend compares to Commonwealth Bank of Australia,urn:newsml:newsroom:20250507:nNRAwap1oq:0,NS:GLOROU,BKT.MC
2025-05-07 16:22:26.905,Bankinter (BKT: EUR10.82) offers dividend yield of 4.9%; +19c [+1.8%],urn:newsml:newsroom:20250507:nNRAwaoxsk:0,NS:SPANEW,BKT.MC
2025-05-07 15:52:20.695,How Bankinter's dividend compares to HSBC Holdings,urn:newsml:newsroom:20250507:nNRAwaojzo:0,NS:GLOROU,BKT.MC
2025-05-07 14:52:18.134,How Bankinter's dividend compares to Commonwealth Bank of Australia,urn:newsml:newsroom:20250507:nNRAwao0l3:0,NS:GLOROU,BKT.MC
2025-05-07 12:47:00.294,Can Bankinter rebound after recent dip?,urn:newsml:newsroom:20250507:nNRAwamfvs:0,NS:GLOROU,BKT.MC
2025-05-07 12:22:20.921,Bankinter surges 31% in past 3 months,urn:newsml:newsroom:20250507:nNRAwam849:0,NS:GLOROU,BKT.MC
2025-05-07 09:12:15.871,How Banco Santander's dividend compares to Bankinter,urn:newsml:newsroom:20250507:nNRAwak89u:0,NS:SPANEW,BKT.MC
2025-05-07 09:12:14.753,How CaixaBank's dividend compares to Bankinter,urn:newsml:newsroom:20250507:nNRAwak6qr:0,NS:SPANEW,BKT.MC
2025-05-07 09:07:01.936,Can Bankinter rebound after recent dip?,urn:newsml:newsroom:20250507:nNRAwak3cm:0,NS:GLOROU,BKT.MC
2025-05-07 08:32:16.971,Bankinter surges 31% in past 3 months,urn:newsml:newsroom:20250507:nNRAwajq6v:0,NS:GLOROU,BKT.MC
2025-05-07 08:17:14.946,How Banco de Sabadell's dividend compares to Bankinter,urn:newsml:newsroom:20250507:nNRAwajlfy:0,NS:SPANEW,BKT.MC
2025-05-07 08:17:13.915,How Banco Bilbao Vizcaya Argentaria's dividend compares to Bankinter,urn:newsml:newsroom:20250507:nNRAwajjo8:0,NS:SPANEW,BKT.MC
2025-05-07 04:12:12.925,Bankinter surges 31% in past 3 months,urn:newsml:newsroom:20250507:nNRAwahqdw:0,NS:GLOROU,BKT.MC
2025-05-06 16:36:59.880,ADR Recap: Bankinter continues to outperform UBS by 7.0% in the past month,urn:newsml:newsroom:20250506:nNRAwad42u:0,NS:GLOROU,BKT.MC
2025-05-06 16:22:14.674,"Bankinter (BKT: EUR10.63) keeps rising, up 3.8% in 3 days; +39c [+3.8%]",urn:newsml:newsroom:20250506:nNRAwacvrr:0,NS:SPANEW,BKT.MC
2025-05-06 14:52:11.294,ADR Recap: Bankinter continues to outperform UBS by 7.0% in the past month,urn:newsml:newsroom:20250506:nNRAwabwvg:0,NS:GLOROU,BKT.MC
2025-05-06 12:47:05.429,Tuesday's Preview: Can Bankinter continue its recent gains?,urn:newsml:newsroom:20250506:nNRAwaaoh9:0,NS:GLOROU,BKT.MC
2025-05-06 11:48:11.981,Bankinter surges 36% in past 3 months,urn:newsml:newsroom:20250506:nNRAwa9y3s:0,NS:GLOROU,BKT.MC
2025-05-06 08:17:42.441,Banco Santander continues to outperform Bankinter by 0.8% in the past month,urn:newsml:newsroom:20250506:nNRAwa84g7:0,NS:SPANEW,BKT.MC
2025-05-06 07:07:21.864,Bankinter surges 36% in past 3 months,urn:newsml:newsroom:20250506:nNRAwa7gid:0,NS:GLOROU,BKT.MC
2025-05-06 03:07:46.538,Bankinter surges 36% in past 3 months,urn:newsml:newsroom:20250506:nNRAwa5x77:0,NS:GLOROU,BKT.MC
2025-05-05 16:57:25.305,Solvency is not a major issue for Bankinter,urn:newsml:newsroom:20250505:nNRAwa0i8i:0,NS:GLOWEE,BKT.MC
2025-05-05 16:37:00.768,ADR Recap: Bankinter continues to outperform HSBC Holdings by 6.8% in the past month,urn:newsml:newsroom:20250505:nNRAwa08np:0,NS:GLOROU,BKT.MC
2025-05-05 16:17:32.535,"Bankinter (BKT: EUR10.52) offers earnings yield of 8.9%, hits 46-day high; +5c [+0.5%]",urn:newsml:newsroom:20250505:nNRAw9zy6f:0,NS:SPANEW,BKT.MC
2025-05-05 15:07:06.460,Solvency is not a major issue for Bankinter,urn:newsml:newsroom:20250505:nNRAw9z2jr:0,NS:GLOROU,BKT.MC
2025-05-05 14:52:15.501,ADR Recap: Bankinter continues to outperform HSBC Holdings by 6.8% in the past month,urn:newsml:newsroom:20250505:nNRAw9yxfn:0,NS:GLOROU,BKT.MC
2025-05-05 14:37:11.427,"Monthly: Bankinter ADR (BKNIY: $11.63) climbs 4%, 4 months' volume in a month",urn:newsml:newsroom:20250505:nNRAw9yrre:0,NS:GLOROU,BKT.MC
2025-05-05 14:03:40.229,Weekly: Bankinter ADR (BKNIY: OTC: $11.80) keeps rising: up 7% in 3 weeks; +78.7c [7.1%],urn:newsml:newsroom:20250505:nNRAw9yguv:0,NS:GLOROU,BKT.MC
2025-05-05 14:03:00.343,"Monthly: Bankinter ADR (BKNIY: $11.63) climbs 4%, 4 months' volume in a month",urn:newsml:newsroom:20250505:nNRAw9yd1l:0,NS:GLOROU,BKT.MC
2025-05-05 12:48:07.337,Weekly: Bankinter ADR (BKNIY: OTC: $11.80) keeps rising: up 7% in 3 weeks; +78.7c [7.1%],urn:newsml:newsroom:20250505:nNRAw9xj61:0,NS:GLOROU,BKT.MC
2025-05-05 12:47:31.258,"Monthly: Bankinter ADR (BKNIY: $11.63) climbs 4%, 4 months' volume in a month",urn:newsml:newsroom:20250505:nNRAw9xhef:0,NS:GLOROU,BKT.MC
2025-05-05 12:47:02.558,Can Bankinter rebound after recent dip?,urn:newsml:newsroom:20250505:nNRAw9xhyq:0,NS:GLOROU,BKT.MC
2025-05-05 12:02:14.184,Weekly: Bankinter ADR (BKNIY: OTC: $11.80) keeps rising: up 7% in 3 weeks; +78.7c [7.1%],urn:newsml:newsroom:20250505:nNRAw9wuji:0,NS:GLOROU,BKT.MC
2025-05-05 09:17:32.073,CaixaBank continues to underperform Bankinter by 7.4% in the past month,urn:newsml:newsroom:20250505:nNRAw9vp3t:0,NS:SPANEW,BKT.MC
2025-05-05 09:07:03.843,Can Bankinter rebound after recent dip?,urn:newsml:newsroom:20250505:nNRAw9vjhn:0,NS:GLOROU,BKT.MC
2025-05-05 06:47:35.730,Weekly: Bankinter ADR (BKNIY: OTC: $11.80) keeps rising: up 7% in 3 weeks; +78.7c [7.1%],urn:newsml:newsroom:20250505:nNRAw9uft6:0,NS:GLOROU,BKT.MC
2025-05-04 21:07:01.859,Weekly: Bankinter ADR (BKNIY: OTC: $11.80) keeps rising: up 7% in 3 weeks; +78.7c [7.1%],urn:newsml:newsroom:20250504:nNRAw9sete:0,NS:GLOROU,BKT.MC
2025-05-03 15:33:10.616,Bankinter surges 34% in past 3 months,urn:newsml:newsroom:20250503:nNRAw9m6l4:0,NS:GLOROU,BKT.MC
2025-05-03 09:06:58.331,Bankinter surges 34% in past 3 months,urn:newsml:newsroom:20250503:nNRAw9jylq:0,NS:GLOROU,BKT.MC
2025-05-03 05:32:55.806,Weekly: Bankinter ADR (BKNIY: OTC: $11.80) increases 0.7%; +8.5c [0.7%],urn:newsml:newsroom:20250503:nNRAw9i9hh:0,NS:GLOROU,BKT.MC
2025-05-03 05:32:07.996,Weekly: Bankinter ADR (BKNIY: OTC: $11.80) keeps rising: up 7% in 3 weeks; +8.5c [0.7%],urn:newsml:newsroom:20250503:nNRAw9i9p2:0,NS:GLOROU,BKT.MC
2025-05-03 05:07:00.486,Bankinter surges 34% in past 3 months,urn:newsml:newsroom:20250503:nNRAw9i2bd:0,NS:GLOROU,BKT.MC
2025-05-03 05:02:20.855,Bankinter surges 34% in past 3 months,urn:newsml:newsroom:20250503:nNRAw9i2q9:0,NS:GLOROU,BKT.MC
2025-05-03 04:46:49.535,Weekly: Bankinter (BKT: EUR10.47) keeps rising: up 11% in 3 weeks; +30c [2.9%],urn:newsml:newsroom:20250503:nNRAw9hy97:0,NS:GLOWEE,BKT.MC
2025-05-02 18:02:23.691,Solvency is not a major issue for Bankinter,urn:newsml:newsroom:20250502:nNRAw9ejf5:0,NS:GLOWEE,BKT.MC
2025-05-02 16:42:34.423,Weekly: Bankinter (BKT: EUR10.47) keeps rising: up 11% in 3 weeks; +30c [2.9%],urn:newsml:newsroom:20250502:nNRAw9dlam:0,NS:GLOWEE,BKT.MC
2025-05-02 16:37:04.426,ADR Recap: Bankinter continues to outperform HSBC Holdings by 39.6% year to date,urn:newsml:newsroom:20250502:nNRAw9dfgq:0,NS:GLOROU,BKT.MC
2025-05-02 16:27:11.402,"Bankinter (BKT: EUR10.47) climbs 2.2% strengthening above moving average price, hits 43-day high; +23c [+2.2%] Vol Index 1.3 [1 is avg]",urn:newsml:newsroom:20250502:nNRAw9dd23:0,NS:SPANEW,BKT.MC
2025-05-02 15:07:06.309,Solvency is not a major issue for Bankinter,urn:newsml:newsroom:20250502:nNRAw9carx:0,NS:GLOROU,BKT.MC
2025-05-02 14:52:05.888,ADR Recap: Bankinter continues to outperform HSBC Holdings by 39.6% year to date,urn:newsml:newsroom:20250502:nNRAw9c18r:0,NS:GLOROU,BKT.MC
2025-05-02 12:37:22.479,Bankinter surges 32% in past 3 months,urn:newsml:newsroom:20250502:nNRAw99tdv:0,NS:GLOROU,BKT.MC
2025-05-02 08:27:19.040,Bankinter surges 32% in past 3 months,urn:newsml:newsroom:20250502:nNRAw96m7l:0,NS:GLOROU,BKT.MC
2025-05-02 04:22:28.804,Bankinter surges 32% in past 3 months,urn:newsml:newsroom:20250502:nNRAw9404e:0,NS:GLOROU,BKT.MC
2025-05-01 18:36:55.024,How Bankinter's dividend compares to ICICI Bank,urn:newsml:newsroom:20250501:nNRAw8zp83:0,NS:GLOROU,BKT.MC
2025-05-01 17:36:57.333,How Bankinter's dividend compares to BNP Paribas,urn:newsml:newsroom:20250501:nNRAw8z0d0:0,NS:GLOROU,BKT.MC
2025-05-01 16:52:13.630,How Bankinter's dividend compares to ICICI Bank,urn:newsml:newsroom:20250501:nNRAw8ydzi:0,NS:GLOROU,BKT.MC
2025-05-01 16:37:11.662,ADR Recap: Bankinter continues to outperform UBS by 49.0% year to date,urn:newsml:newsroom:20250501:nNRAw8y58c:0,NS:GLOROU,BKT.MC
2025-05-01 16:37:01.803,How Bankinter's dividend compares to HDFC Bank,urn:newsml:newsroom:20250501:nNRAw8y49i:0,NS:GLOROU,BKT.MC
2025-05-01 15:52:01.457,How Bankinter's dividend compares to BNP Paribas,urn:newsml:newsroom:20250501:nNRAw8xhny:0,NS:GLOROU,BKT.MC
2025-05-01 14:52:22.762,ADR Recap: Bankinter continues to outperform UBS by 49.0% year to date,urn:newsml:newsroom:20250501:nNRAw8wlku:0,NS:GLOROU,BKT.MC
2025-05-01 14:52:13.258,How Bankinter's dividend compares to HDFC Bank,urn:newsml:newsroom:20250501:nNRAw8wjsj:0,NS:GLOROU,BKT.MC
2025-05-01 12:52:06.709,Can Bankinter rebound after recent dip?,urn:newsml:newsroom:20250501:nNRAw8ukl7:0,NS:GLOROU,BKT.MC
2025-05-01 11:42:44.756,Bankinter surges 29% in past 3 months,urn:newsml:newsroom:20250501:nNRAw8tfia:0,NS:GLOROU,BKT.MC
2025-05-01 10:37:28.503,"Monthly: Bankinter ADR (BKNIY: $11.63) lifts 4%, 4 months' volume in a month",urn:newsml:newsroom:20250501:nNRAw8smrx:0,NS:GLOROU,BKT.MC
2025-05-01 09:06:58.932,Can Bankinter rebound after recent dip?,urn:newsml:newsroom:20250501:nNRAw8rrp2:0,NS:GLOROU,BKT.MC
2025-05-01 07:17:12.950,Bankinter surges 29% in past 3 months,urn:newsml:newsroom:20250501:nNRAw8qj1d:0,NS:GLOROU,BKT.MC
2025-05-01 06:22:16.720,"Monthly: Bankinter ADR (BKNIY: $11.63) lifts 4%, 4 months' volume in a month",urn:newsml:newsroom:20250501:nNRAw8psib:0,NS:GLOROU,BKT.MC
2025-05-01 06:22:12.099,Monthly: Bankinter (BKT: EUR10.24) rises 1% on high volatility in April 2025,urn:newsml:newsroom:20250501:nNRAw8ptr3:0,NS:SPANEW,BKT.MC
2025-05-01 03:27:08.369,"Monthly: Bankinter ADR (BKNIY: $11.63) climbs 4%, 4 months' volume in a month",urn:newsml:newsroom:20250501:nNRAw8o78e:0,NS:GLOROU,BKT.MC
2025-05-01 03:12:37.859,Bankinter surges 29% in past 3 months,urn:newsml:newsroom:20250501:nNRAw8o3p6:0,NS:GLOROU,BKT.MC
2025-05-01 03:12:06.860,Bankinter surges 29% in past 3 months,urn:newsml:newsroom:20250501:nNRAw8o1yj:0,NS:GLOROU,BKT.MC
2025-04-30 21:36:53.964,ADR Recap: Bankinter continues to outperform Mitsubishi UFJ Financial by 17.3% in the past month,urn:newsml:newsroom:20250430:nNRAw8l94y:0,NS:GLOROU,BKT.MC
2025-04-30 20:36:57.239,Bankinter Continues to Outperform its Peers,urn:newsml:newsroom:20250430:nNRAw8k7j9:0,NS:GLOROU,BKT.MC
2025-04-30 19:52:13.234,ADR Recap: Bankinter continues to outperform Mitsubishi UFJ Financial by 17.3% in the past month,urn:newsml:newsroom:20250430:nNRAw8jw0r:0,NS:GLOROU,BKT.MC
2025-04-30 19:36:58.892,How Bankinter's dividend compares to Mitsubishi UFJ Financial,urn:newsml:newsroom:20250430:nNRAw8jppx:0,NS:GLOROU,BKT.MC
2025-04-30 18:52:08.825,Bankinter Continues to Outperform its Peers,urn:newsml:newsroom:20250430:nNRAw8j4oi:0,NS:GLOROU,BKT.MC
2025-04-30 18:36:58.561,How Bankinter's dividend compares to UBS,urn:newsml:newsroom:20250430:nNRAw8iwjm:0,NS:GLOROU,BKT.MC
2025-04-30 17:52:15.375,How Bankinter's dividend compares to Mitsubishi UFJ Financial,urn:newsml:newsroom:20250430:nNRAw8i8i2:0,NS:GLOROU,BKT.MC
2025-04-30 17:36:58.828,How Bankinter's dividend compares to HSBC Holdings,urn:newsml:newsroom:20250430:nNRAw8i2wa:0,NS:GLOROU,BKT.MC
2025-04-30 16:52:14.864,How Bankinter's dividend compares to UBS,urn:newsml:newsroom:20250430:nNRAw8hb83:0,NS:GLOROU,BKT.MC
2025-04-30 16:36:59.945,How Bankinter's dividend compares to Commonwealth Bank of Australia,urn:newsml:newsroom:20250430:nNRAw8h20j:0,NS:GLOROU,BKT.MC
2025-04-30 16:17:21.340,Bankinter (BKT: EUR10.24) offers dividend yield of 5.2%; -16c [-1.5%],urn:newsml:newsroom:20250430:nNRAw8gt3s:0,NS:SPANEW,BKT.MC
2025-04-30 15:52:14.467,How Bankinter's dividend compares to HSBC Holdings,urn:newsml:newsroom:20250430:nNRAw8gbr0:0,NS:GLOROU,BKT.MC
2025-04-30 14:52:17.360,How Bankinter's dividend compares to Commonwealth Bank of Australia,urn:newsml:newsroom:20250430:nNRAw8fbdx:0,NS:GLOROU,BKT.MC
2025-04-30 11:33:08.477,Bankinter surges 34% in past 3 months,urn:newsml:newsroom:20250430:nNRAw8bz6w:0,NS:GLOROU,BKT.MC
2025-04-30 09:12:15.070,How CaixaBank's dividend compares to Bankinter,urn:newsml:newsroom:20250430:nNRAw89v7i:0,NS:SPANEW,BKT.MC
2025-04-30 09:12:10.416,How Banco Santander's dividend compares to Bankinter,urn:newsml:newsroom:20250430:nNRAw89vm2:0,NS:SPANEW,BKT.MC
2025-04-30 08:17:13.407,How Banco Bilbao Vizcaya Argentaria's dividend compares to Bankinter,urn:newsml:newsroom:20250430:nNRAw896it:0,NS:SPANEW,BKT.MC
2025-04-30 08:17:12.178,How Banco de Sabadell's dividend compares to Bankinter,urn:newsml:newsroom:20250430:nNRAw896vh:0,NS:SPANEW,BKT.MC
2025-04-30 07:07:29.061,Bankinter surges 34% in past 3 months,urn:newsml:newsroom:20250430:nNRAw889fe:0,NS:GLOROU,BKT.MC
2025-04-30 03:02:47.447,Bankinter surges 34% in past 3 months,urn:newsml:newsroom:20250430:nNRAw85lur:0,NS:GLOROU,BKT.MC
2025-04-29 16:37:01.537,ADR Recap: Bankinter continues to outperform UBS by 12.7% in the past month,urn:newsml:newsroom:20250429:nNRAw7zc8q:0,NS:GLOROU,BKT.MC
2025-04-29 16:17:32.898,"Bankinter (BKT: EUR10.40) keeps rising, up 7.0% in 5 days; +68c [+7.0%]",urn:newsml:newsroom:20250429:nNRAw7z31s:0,NS:SPANEW,BKT.MC
2025-04-29 14:52:17.997,ADR Recap: Bankinter continues to outperform UBS by 12.7% in the past month,urn:newsml:newsroom:20250429:nNRAw7xqf1:0,NS:GLOROU,BKT.MC
2025-04-29 12:17:51.927,Bankinter surges 34% in past 3 months,urn:newsml:newsroom:20250429:nNRAw7v0tk:0,NS:GLOROU,BKT.MC
2025-04-29 09:54:09.729,"Bankinter, S.A. (OTCMKTS:BKNIY) Short Interest Up 436.7% in April",urn:link:webnews:20250429:nNRAw7suyk:0,NS:MARBEA,BKT.MC
2025-04-29 07:12:15.246,Bankinter surges 34% in past 3 months,urn:newsml:newsroom:20250429:nNRAw7qtee:0,NS:GLOROU,BKT.MC
2025-04-29 03:07:47.554,Bankinter surges 34% in past 3 months,urn:newsml:newsroom:20250429:nNRAw7oc3m:0,NS:GLOROU,BKT.MC
2025-04-29 03:06:59.715,Bankinter surges 34% in past 3 months,urn:newsml:newsroom:20250429:nNRAw7oby4:0,NS:GLOROU,BKT.MC
2025-04-28 18:42:30.796,"Bankinter, S.A. (OTCMKTS:BKNIY) Sees Significant Growth in Short Interest",urn:newsml:newsroom:20250428:nNRAw7jq7c:0,NS:WATNEW,BKT.MC
2025-04-28 18:42:09.737,"Bankinter, S.A. (OTCMKTS:BKNIY) Short Interest Up 436.7% in April",urn:newsml:newsroom:20250428:nNRAw7jqgx:0,NS:TICREP,BKT.MC
2025-04-28 16:57:21.418,Solvency is not a major issue for Bankinter,urn:newsml:newsroom:20250428:nNRAw7if4n:0,NS:GLOWEE,BKT.MC
2025-04-28 16:37:00.296,ADR Recap: Bankinter continues to outperform HSBC Holdings by 7.1% in the past month,urn:newsml:newsroom:20250428:nNRAw7i2v5:0,NS:GLOROU,BKT.MC
2025-04-28 16:17:23.476,Bankinter (BKT: EUR10.34) offers earnings yield of 9.1%; +8c [+0.8%] Vol Index 1.3 [1 is avg],urn:newsml:newsroom:20250428:nNRAw7hvot:0,NS:SPANEW,BKT.MC
2025-04-28 15:12:19.572,Weekly: Bankinter ADR (BKNIY: OTC: $11.72) up 6% in 2 weeks; +70.2c [6.4%],urn:newsml:newsroom:20250428:nNRAw7gqep:0,NS:GLOROU,BKT.MC
2025-04-28 15:07:03.188,Solvency is not a major issue for Bankinter,urn:newsml:newsroom:20250428:nNRAw7gmwg:0,NS:GLOROU,BKT.MC
2025-04-28 14:52:06.415,ADR Recap: Bankinter continues to outperform HSBC Holdings by 7.1% in the past month,urn:newsml:newsroom:20250428:nNRAw7gf68:0,NS:GLOROU,BKT.MC
2025-04-28 13:07:24.702,Weekly: Bankinter ADR (BKNIY: OTC: $11.72) up 6% in 2 weeks; +70.2c [6.4%],urn:newsml:newsroom:20250428:nNRAw7eww3:0,NS:GLOROU,BKT.MC
2025-04-28 13:07:02.987,Weekly: Bankinter ADR (BKNIY: OTC: $11.72) up 6% in 2 weeks; +70.2c [6.4%],urn:newsml:newsroom:20250428:nNRAw7ew70:0,NS:GLOROU,BKT.MC
2025-04-28 09:12:03.557,CaixaBank continues to underperform Bankinter by 6.9% in the past month,urn:newsml:newsroom:20250428:nNRAw7bqxc:0,NS:SPANEW,BKT.MC
2025-04-28 08:17:19.493,Banco Santander continues to outperform Bankinter by 0.1% in the past month,urn:newsml:newsroom:20250428:nNRAw7azsf:0,NS:SPANEW,BKT.MC
2025-04-28 07:32:27.265,Weekly: Bankinter ADR (BKNIY: OTC: $11.72) up 6% in 2 weeks; +70.2c [6.4%],urn:newsml:newsroom:20250428:nNRAw7ag3i:0,NS:GLOROU,BKT.MC
2025-04-27 11:12:14.635,Banks will account for industry tax on a quarterly basis under the new levy design,urn:newsml:newsroom:20250427:nNRAw73p5w:0,NS:NOTENG,BKT.MC
2025-04-27 09:12:11.030,"Bankinter, S.A. (OTCMKTS:BKNIY) Sees Large Increase in Short Interest",urn:newsml:newsroom:20250427:nNRAw72ul6:0,NS:TRADAJ,BKT.MC
2025-04-26 11:42:16.271,Bankinter surges 33% in past 3 months,urn:newsml:newsroom:20250426:nNRAw6vn44:0,NS:GLOROU,BKT.MC
2025-04-26 07:37:24.081,Bankinter surges 33% in past 3 months,urn:newsml:newsroom:20250426:nNRAw6sqa9:0,NS:GLOROU,BKT.MC
2025-04-26 04:27:05.302,Weekly: Bankinter (BKT: EUR10.26) climbs 5% - outperforming 93% of stocks; +51c [5.2%],urn:newsml:newsroom:20250426:nNRAw6qtb5:0,NS:GLOWEE,BKT.MC
2025-04-26 03:52:19.925,"Bankinter ADR continues uptrend, soars 50% and in top 5% of the market",urn:newsml:newsroom:20250426:nNRAw6qlgp:0,NS:GLOROU,BKT.MC
2025-04-26 03:47:47.354,Weekly: Bankinter ADR (BKNIY: OTC: $11.72) climbs 4.5% on weak volume,urn:newsml:newsroom:20250426:nNRAw6qk1i:0,NS:GLOROU,BKT.MC
2025-04-26 03:47:15.194,Weekly: Bankinter ADR (BKNIY: OTC: $11.72) up 6% in 2 weeks; +50c [4.5%],urn:newsml:newsroom:20250426:nNRAw6qiia:0,NS:GLOROU,BKT.MC
2025-04-26 03:32:19.020,Bankinter surges 33% in past 3 months,urn:newsml:newsroom:20250426:nNRAw6qhgw:0,NS:GLOROU,BKT.MC
2025-04-26 03:32:04.126,Bankinter surges 33% in past 3 months,urn:newsml:newsroom:20250426:nNRAw6qf0r:0,NS:GLOROU,BKT.MC
2025-04-25 17:27:28.696,Solvency is not a major issue for Bankinter,urn:newsml:newsroom:20250425:nNRAw6ltes:0,NS:GLOWEE,BKT.MC
2025-04-25 16:37:02.436,ADR Recap: Bankinter continues to outperform HSBC Holdings by 34.7% year to date,urn:newsml:newsroom:20250425:nNRAw6l2ut:0,NS:GLOROU,BKT.MC
2025-04-25 16:22:37.478,Weekly: Bankinter (BKT: EUR10.26) climbs 5% - outperforming 93% of stocks; +51c [5.2%],urn:newsml:newsroom:20250425:nNRAw6kxvy:0,NS:GLOWEE,BKT.MC
2025-04-25 16:17:25.899,"Bankinter (BKT: EUR10.26) keeps rising, up 5.6% in 3 days; +54c [+5.6%]",urn:newsml:newsroom:20250425:nNRAw6kvcg:0,NS:SPANEW,BKT.MC
2025-04-25 15:07:03.782,Solvency is not a major issue for Bankinter,urn:newsml:newsroom:20250425:nNRAw6jvch:0,NS:GLOROU,BKT.MC
2025-04-25 14:52:14.412,ADR Recap: Bankinter continues to outperform HSBC Holdings by 34.7% year to date,urn:newsml:newsroom:20250425:nNRAw6joss:0,NS:GLOROU,BKT.MC
2025-04-25 11:52:11.150,Bankinter surges 30% in past 3 months,urn:newsml:newsroom:20250425:nNRAw6gt3b:0,NS:GLOROU,BKT.MC
2025-04-25 10:19:09.732,CaixaBank continues to underperform Bankinter by 5.8% year to date,urn:newsml:newsroom:20250425:nNRAw6fglb:0,NS:SPANEW,BKT.MC
2025-04-25 09:12:14.637,Banco Santander continues to outperform Bankinter by 7.0% year to date,urn:newsml:newsroom:20250425:nNRAw6em9m:0,NS:SPANEW,BKT.MC
2025-04-25 08:12:55.327,Bankinter earns 34% more despite lower interest rates and mortgage signings soar,urn:newsml:newsroom:20250425:nNRAw6e0va:0,NS:NOTENG,BKT.MC
2025-04-25 07:51:56.656,Bankinter surges 30% in past 3 months,urn:newsml:newsroom:20250425:nNRAw6dqmj:0,NS:GLOROU,BKT.MC
2025-04-25 04:53:19.235,Avant loan book hits €4bn as profits reach €11m,urn:newsml:newsroom:20250425:nNRAw6b9gu:0,NS:IRITIM,BKT.MC
2025-04-25 04:07:39.401,Q1 2025 Bankinter SA Earnings Call Transcript,urn:newsml:newsroom:20250425:nNRAw6atns:0,NS:GURCOM,BKT.MC
2025-04-25 03:47:19.543,Bankinter surges 30% in past 3 months,urn:newsml:newsroom:20250425:nNRAw6aokm:0,NS:GLOROU,BKT.MC
2025-04-24 18:36:59.525,How Bankinter's dividend compares to Sumitomo Mitsui Financial,urn:newsml:newsroom:20250424:nNRAw651l6:0,NS:GLOROU,BKT.MC
2025-04-24 17:36:58.557,How Bankinter's dividend compares to ICICI Bank,urn:newsml:newsroom:20250424:nNRAw642nt:0,NS:GLOROU,BKT.MC
2025-04-24 16:52:11.385,How Bankinter's dividend compares to Sumitomo Mitsui Financial,urn:newsml:newsroom:20250424:nNRAw6369y:0,NS:GLOROU,BKT.MC
2025-04-24 16:37:00.409,How Bankinter's dividend compares to HDFC Bank,urn:newsml:newsroom:20250424:nNRAw62tx9:0,NS:GLOROU,BKT.MC
2025-04-24 16:17:22.981,"Bankinter (BKT: EUR10.17) offers dividend yield of 5.2%, hits 28-day high; +17c [+1.7%] Vol Index 2.9 [1 is avg]",urn:newsml:newsroom:20250424:nNRAw62jje:0,NS:SPANEW,BKT.MC
2025-04-24 15:52:14.154,How Bankinter's dividend compares to ICICI Bank,urn:newsml:newsroom:20250424:nNRAw6220i:0,NS:GLOROU,BKT.MC
2025-04-24 15:13:14.118,Why Bankinter may not do so well in the stock market despite its good results,urn:newsml:newsroom:20250424:nNRAw61hwd:0,NS:NOTENG,BKT.MC
2025-04-24 14:52:08.660,How Bankinter's dividend compares to HDFC Bank,urn:newsml:newsroom:20250424:nNRAw612ye:0,NS:GLOROU,BKT.MC
2025-04-24 14:15:50.538,"(EN) BANKINTER, S.A. Earnings (83156316)",urn:newsml:reuters.com:20250424:nGLF10DhFJ:2,NS:GLFILE,BKT.MC
2025-04-24 13:12:51.918,"Bankinter earns 270 million in the first quarter, up 34.5%.",urn:newsml:newsroom:20250424:nNRAw5zksu:0,NS:NOTENG,BKT.MC
2025-04-24 13:12:34.754,Bankinter has already used 10% of the state guarantees allocated to it to help young people buy a house,urn:newsml:newsroom:20250424:nNRAw5zkg0:0,NS:NOTENG,BKT.MC
2025-04-24 13:11:39.845,Bankinter Portugal with record growth in mortgage credit helped by state guarantee for young people,urn:newsml:newsroom:20250424:nNRAw5zidd:0,NS:NOTENG,BKT.MC
2025-04-24 12:12:43.345,"Bankinter's profit soars 34% but pays ""zero"" bank tax for taking a tax deduction",urn:newsml:newsroom:20250424:nNRAw5ywe3:0,NS:NOTENG,BKT.MC
2025-04-24 11:03:01.194,Bankinter (BKIMF) Achieves Record Profits and Integration Milestone,urn:newsml:newsroom:20250424:nNRAw5xzsu:0,NS:GURCOM,BKT.MC
2025-04-24 10:12:33.558,"Bankinter earns 270 million in the first quarter, up 34.5%.",urn:newsml:newsroom:20250424:nNRAw5xpce:0,NS:NOTENG,BKT.MC
2025-04-24 10:01:42.030,Bankinter's CEO Maintains Goal Of 2025 Net Profit At Around 1 Bln Euros,urn:newsml:reuters.com:20250424:nRSD9ktmMn:1,NS:SIGDEV,BKT.MC
2025-04-24 09:53:36.000,"UPDATE 2-Bankinter beats profit forecast, sees lending income holding up",urn:newsml:reuters.com:20250424:nL8N3R207A:2,NS:RTRS,BKT.MC
2025-04-24 09:45:41.000,BRIEF-Bankinter's CEO Maintains Goal Of 2025 Net Profit At Around 1 Bln Euros,urn:newsml:reuters.com:20250424:nS8N3OC0DR:1,NS:RTRS,BKT.MC
2025-04-24 09:14:02.463,"Bankinter leads gains in the Ibex 35 after earning 270 million, up 34%, in the first quarter",urn:newsml:newsroom:20250424:nNRAw5xg10:0,NS:NOTENG,BKT.MC
2025-04-24 09:13:31.931,Bankinter profits 270 million euros in the first quarter and Portugal contributes 56 million,urn:newsml:newsroom:20250424:nNRAw5xfng:0,NS:NOTENG,BKT.MC
2025-04-24 09:13:11.129,Bankinter: profits rise 35% to 270 million in the first quarter,urn:newsml:newsroom:20250424:nNRAw5xg01:0,NS:NOTENG,BKT.MC
2025-04-24 09:13:07.023,Bankinter's profit soars 34% and earns 270 million euros through March,urn:newsml:newsroom:20250424:nNRAw5xec9:0,NS:NOTENG,BKT.MC
2025-04-24 08:14:00.727,"Bankinter earns 270M up to March, 35% more, despite the fall in net interest income",urn:newsml:newsroom:20250424:nNRAw5wp3k:0,NS:NOTENG,BKT.MC
2025-04-24 08:13:47.670,Bankinter Portugal grows 19% in the first quarter and strengthens its weight in the group's accounts,urn:newsml:newsroom:20250424:nNRAw5wpef:0,NS:NOTENG,BKT.MC
2025-04-24 08:00:08.404,"Bankinter's CEO Expects Impact From Banking Tax To Be ""Around Zero Or Close To Zero"" Due To Some Tax Deductions",urn:newsml:reuters.com:20250424:nRSD2yv0vY:1,NS:SIGDEV,BKT.MC
2025-04-24 07:59:35.000,Bankinter SA - Financial Interim Report (Financial Summary 1Q25),urn:newsml:reuters.com:20250424:nNDL3syvX7:1,NS:PUBT,BKT.MC
2025-04-24 07:58:06.000,Bankinter SA - Results presentation (1Q25 Results presentation),urn:newsml:reuters.com:20250424:nNDLbyDwtb:1,NS:PUBT,BKT.MC
2025-04-24 07:49:46.000,"BRIEF-Bankinter's CEO Expects Impact From Banking Tax To Be ""Around Zero Or Close To Zero"" Due To Some Tax Deductions",urn:newsml:reuters.com:20250424:nS8N3OC0DQ:1,NS:RTRS,BKT.MC
2025-04-24 07:32:14.209,Bankinter's CFO Maintains Guidance of Flattish or Slightly Positive NII In 2025,urn:newsml:reuters.com:20250424:nRSD4n0Yt4:1,NS:SIGDEV,BKT.MC
2025-04-24 07:24:35.000,BUZZ-Bankinter rises as Q1 net profit come above expectations,urn:newsml:reuters.com:20250424:nL8N3R20IA:1,NS:RTRS,BKT.MC
2025-04-24 07:24:19.000,BRIEF-Bankinter's CFO Maintains Guidance of Flattish or Slightly Positive NII In 2025,urn:newsml:reuters.com:20250424:nS8N3OC0CR:1,NS:RTRS,BKT.MC
2025-04-24 07:13:45.964,"Bankinter earns 270 million up to March, 34.5% more, and decides not to include the tax yet.",urn:newsml:newsroom:20250424:nNRAw5vv2m:0,NS:NOTENG,BKT.MC
2025-04-24 07:00:00.000,Q1 2025 Bankinter SA Earnings Call,urn:newsml:reuters.com:20250424:nTRN6Spxqm:1,NS:TRANS,BKT.MC
2025-04-24 06:48:19.000,Spanish stocks - Factors to watch on April 24,urn:newsml:reuters.com:20250424:nL1N3R207I:1,NS:RTRS,BKT.MC
2025-04-24 06:13:37.475,Bankinter's first quarter profit rises 35% despite interest rate falls,urn:newsml:newsroom:20250424:nNRAw5v2pm:0,NS:NOTENG,BKT.MC
2025-04-24 05:30:55.707,Bankinter Q1 Net Profit At 270 Mln Euros,urn:newsml:reuters.com:20250424:nRSD5scjK9:1,NS:SIGDEV,BKT.MC
2025-04-24 05:19:04.000,BRIEF-Bankinter Q1 Net Profit At 270 Mln Euros,urn:newsml:reuters.com:20250424:nFWN3R11X1:1,NS:RTRS,BKT.MC
2025-04-24 05:16:55.000,Bankinter's Q1 net profit rises 35% from same period in 2024,urn:newsml:reuters.com:20250424:nL8N3R11ID:3,NS:RTRS,BKT.MC
2025-04-24 05:13:43.578,What the Bank of Spain does not count,urn:newsml:newsroom:20250424:nNRAw5ugjx:0,NS:NOTENG,BKT.MC
2025-04-23 19:36:59.270,How Bankinter's dividend compares to Mitsubishi UFJ Financial,urn:newsml:newsroom:20250423:nNRAw5ppwb:0,NS:GLOROU,BKT.MC
2025-04-23 18:36:56.601,How Bankinter's dividend compares to UBS,urn:newsml:newsroom:20250423:nNRAw5ousi:0,NS:GLOROU,BKT.MC
2025-04-23 17:52:01.429,How Bankinter's dividend compares to Mitsubishi UFJ Financial,urn:newsml:newsroom:20250423:nNRAw5oa4k:0,NS:GLOROU,BKT.MC
2025-04-23 17:37:00.560,How Bankinter's dividend compares to HSBC Holdings,urn:newsml:newsroom:20250423:nNRAw5o162:0,NS:GLOROU,BKT.MC
2025-04-23 16:52:01.966,How Bankinter's dividend compares to UBS,urn:newsml:newsroom:20250423:nNRAw5ncb0:0,NS:GLOROU,BKT.MC
2025-04-23 16:37:08.843,How Bankinter's dividend compares to Commonwealth Bank of Australia,urn:newsml:newsroom:20250423:nNRAw5n69p:0,NS:GLOROU,BKT.MC
2025-04-23 16:24:20.092,Bankinter (BKT: EUR10.0) shares rise after 3 days of declines; +28c [+2.9%],urn:newsml:newsroom:20250423:nNRAw5mx0n:0,NS:SPANEW,BKT.MC
2025-04-23 15:52:04.298,How Bankinter's dividend compares to HSBC Holdings,urn:newsml:newsroom:20250423:nNRAw5mcgo:0,NS:GLOROU,BKT.MC
2025-04-23 14:51:59.635,How Bankinter's dividend compares to Commonwealth Bank of Australia,urn:newsml:newsroom:20250423:nNRAw5lj78:0,NS:GLOROU,BKT.MC
2025-04-23 09:12:12.590,How CaixaBank's dividend compares to Bankinter,urn:newsml:newsroom:20250423:nNRAw5gaeg:0,NS:SPANEW,BKT.MC
2025-04-23 09:12:12.137,How Banco Santander's dividend compares to Bankinter,urn:newsml:newsroom:20250423:nNRAw5garj:0,NS:SPANEW,BKT.MC
2025-04-23 08:17:07.491,How Banco Bilbao Vizcaya Argentaria's dividend compares to Bankinter,urn:newsml:newsroom:20250423:nNRAw5fmxo:0,NS:SPANEW,BKT.MC
2025-04-23 08:17:05.705,How Banco de Sabadell's dividend compares to Bankinter,urn:newsml:newsroom:20250423:nNRAw5fnit:0,NS:SPANEW,BKT.MC
2025-04-22 16:37:01.168,ADR Recap: Bankinter continues to outperform UBS by 54.1% year to date,urn:newsml:newsroom:20250422:nNRAw568ln:0,NS:GLOROU,BKT.MC
2025-04-22 16:22:06.220,Bankinter (BKT: EUR9.72) offers earnings yield of 9.7%; -3c [-0.3%],urn:newsml:newsroom:20250422:nNRAw5633d:0,NS:SPANEW,BKT.MC
2025-04-22 14:52:13.723,ADR Recap: Bankinter continues to outperform UBS by 54.1% year to date,urn:newsml:newsroom:20250422:nNRAw54myr:0,NS:GLOROU,BKT.MC
2025-04-22 14:47:08.474,Bankinter surges 29% in past 3 months,urn:newsml:newsroom:20250422:nNRAw54j9y:0,NS:GLOROU,BKT.MC
2025-04-22 10:47:05.375,Bankinter surges 29% in past 3 months,urn:newsml:newsroom:20250422:nNRAw508cf:0,NS:GLOROU,BKT.MC
2025-04-22 08:47:24.684,Bankinter (OTCMKTS:BKNIY) Share Price Passes Above Two Hundred Day Moving Average – Here's Why,urn:newsml:newsroom:20250422:nNRAw4ysmk:0,NS:TRADAJ,BKT.MC
2025-04-22 06:48:02.789,Bankinter surges 29% in past 3 months,urn:newsml:newsroom:20250422:nNRAw4x9d8:0,NS:GLOROU,BKT.MC
2025-04-22 06:47:19.098,Bankinter surges 29% in past 3 months,urn:newsml:newsroom:20250422:nNRAw4x8vh:0,NS:GLOROU,BKT.MC
2025-04-21 21:56:59.529,Can Bankinter rebound after recent dip?,urn:newsml:newsroom:20250421:nNRAw4szn1:0,NS:GLOROU,BKT.MC
2025-04-21 20:57:07.553,Can Bankinter rebound after recent dip?,urn:newsml:newsroom:20250421:nNRAw4sl4d:0,NS:GLOROU,BKT.MC
2025-04-21 20:52:07.402,Can Bankinter rebound after recent dip?,urn:newsml:newsroom:20250421:nNRAw4si4g:0,NS:GLOROU,BKT.MC
2025-04-21 19:56:59.728,Can Bankinter rebound after recent dip?,urn:newsml:newsroom:20250421:nNRAw4s3rz:0,NS:GLOROU,BKT.MC
2025-04-21 19:52:10.488,Can Bankinter rebound after recent dip?,urn:newsml:newsroom:20250421:nNRAw4s2eu:0,NS:GLOROU,BKT.MC
2025-04-21 18:57:16.949,Can Bankinter rebound after recent dip?,urn:newsml:newsroom:20250421:nNRAw4ri87:0,NS:GLOROU,BKT.MC
2025-04-21 18:52:14.307,Can Bankinter rebound after recent dip?,urn:newsml:newsroom:20250421:nNRAw4rgh7:0,NS:GLOROU,BKT.MC
2025-04-21 17:57:23.172,Can Bankinter rebound after recent dip?,urn:newsml:newsroom:20250421:nNRAw4qzx6:0,NS:GLOROU,BKT.MC
2025-04-21 17:52:00.244,Can Bankinter rebound after recent dip?,urn:newsml:newsroom:20250421:nNRAw4qxz6:0,NS:GLOROU,BKT.MC
2025-04-21 16:57:22.761,Solvency is not a major issue for Bankinter,urn:newsml:newsroom:20250421:nNRAw4qbe5:0,NS:GLOWEE,BKT.MC
2025-04-21 16:57:11.944,Can Bankinter rebound after recent dip?,urn:newsml:newsroom:20250421:nNRAw4qat6:0,NS:GLOROU,BKT.MC
2025-04-21 16:52:16.315,Can Bankinter rebound after recent dip?,urn:newsml:newsroom:20250421:nNRAw4q7f6:0,NS:GLOROU,BKT.MC
2025-04-21 16:36:59.817,ADR Recap: Bankinter continues to outperform HSBC Holdings by 37.3% year to date,urn:newsml:newsroom:20250421:nNRAw4pzk5:0,NS:GLOROU,BKT.MC
2025-04-21 15:57:14.728,Can Bankinter rebound after recent dip?,urn:newsml:newsroom:20250421:nNRAw4pj5a:0,NS:GLOROU,BKT.MC
2025-04-21 15:52:13.678,Can Bankinter rebound after recent dip?,urn:newsml:newsroom:20250421:nNRAw4pfaj:0,NS:GLOROU,BKT.MC
2025-04-21 15:07:08.375,Solvency is not a major issue for Bankinter,urn:newsml:newsroom:20250421:nNRAw4oxcd:0,NS:GLOROU,BKT.MC
2025-04-21 14:52:13.206,ADR Recap: Bankinter continues to outperform HSBC Holdings by 37.3% year to date,urn:newsml:newsroom:20250421:nNRAw4or4w:0,NS:GLOROU,BKT.MC
2025-04-21 14:52:08.717,Can Bankinter rebound after recent dip?,urn:newsml:newsroom:20250421:nNRAw4opzg:0,NS:GLOROU,BKT.MC
2025-04-21 13:57:11.247,Can Bankinter rebound after recent dip?,urn:newsml:newsroom:20250421:nNRAw4o1cy:0,NS:GLOROU,BKT.MC
2025-04-21 13:52:39.403,Weekly: Bankinter ADR (BKNIY: OTC: $11.22) climbs 4.9% on strong volume; +52c [4.9%] Vol Index 3.1 [1 is avg],urn:newsml:newsroom:20250421:nNRAw4nxfp:0,NS:GLOROU,BKT.MC
2025-04-21 12:47:15.793,Can Bankinter rebound after recent dip?,urn:newsml:newsroom:20250421:nNRAw4mqhv:0,NS:GLOROU,BKT.MC
2025-04-21 12:37:08.895,Weekly: Bankinter ADR (BKNIY: OTC: $11.22) climbs 4.9% on strong volume; +52c [4.9%] Vol Index 3.1 [1 is avg],urn:newsml:newsroom:20250421:nNRAw4mk1e:0,NS:GLOROU,BKT.MC
2025-04-21 12:17:38.014,Weekly: Bankinter ADR (BKNIY: OTC: $11.22) climbs 4.9% on strong volume; +52c [4.9%] Vol Index 3.1 [1 is avg],urn:newsml:newsroom:20250421:nNRAw4m7cf:0,NS:GLOROU,BKT.MC
2025-04-21 11:01:59.091,Bankinter surges 34% in past 3 months,urn:newsml:newsroom:20250421:nNRAw4l0o3:0,NS:GLOROU,BKT.MC
2025-04-21 10:17:03.356,CaixaBank continues to outperform Bankinter by 0.6% year to date,urn:newsml:newsroom:20250421:nNRAw4kk09:0,NS:SPANEW,BKT.MC
2025-04-21 09:17:32.280,Banco Santander continues to outperform Bankinter by 5.6% year to date,urn:newsml:newsroom:20250421:nNRAw4jxs8:0,NS:SPANEW,BKT.MC
2025-04-21 07:02:56.474,Weekly: Bankinter ADR (BKNIY: OTC: $11.22) climbs 4.9% on strong volume; +52c [4.9%] Vol Index 3.1 [1 is avg],urn:newsml:newsroom:20250421:nNRAw4iiqg:0,NS:GLOROU,BKT.MC
2025-04-21 07:02:42.426,Bankinter surges 34% in past 3 months,urn:newsml:newsroom:20250421:nNRAw4iicj:0,NS:GLOROU,BKT.MC
2025-04-21 05:57:00.746,Can Bankinter rebound after recent dip?,urn:newsml:newsroom:20250421:nNRAw4hpxa:0,NS:GLOROU,BKT.MC
2025-04-20 21:06:58.886,Weekly: Bankinter ADR (BKNIY: OTC: $11.22) climbs 4.9% on strong volume; +52c [4.9%] Vol Index 3.1 [1 is avg],urn:newsml:newsroom:20250420:nNRAw4f9bg:0,NS:GLOROU,BKT.MC
2025-04-19 15:07:52.759,"Bankinter ADR continues uptrend, soars 43% and in top 6% of the market",urn:newsml:newsroom:20250419:nNRAw46liw:0,NS:GLOROU,BKT.MC
2025-04-19 07:57:37.740,"Bankinter ADR continues uptrend, soars 43% and in top 6% of the market",urn:newsml:newsroom:20250419:nNRAw42wv9:0,NS:GLOROU,BKT.MC
2025-04-19 05:27:36.611,"Bankinter ADR continues uptrend, soars 43% and in top 6% of the market",urn:newsml:newsroom:20250419:nNRAw41uws:0,NS:GLOROU,BKT.MC
2025-04-18 04:31:47.732,Weekly: Bankinter (BKT: EUR9.75) climbs 5% - outperforming 90% of stocks; +47c [5.1%],urn:newsml:newsroom:20250418:nNRAw3qus6:0,NS:GLOWEE,BKT.MC
2025-04-18 03:12:47.708,"Bankinter ADR continues uptrend, soars 43% and in top 6% of the market",urn:newsml:newsroom:20250418:nNRAw3qbnp:0,NS:GLOROU,BKT.MC
2025-04-18 03:03:51.798,"Weekly: Bankinter ADR (BKNIY: OTC: $11.22) climbs 4.9%, 3 weeks' volume in a week",urn:newsml:newsroom:20250418:nNRAw3q7bu:0,NS:GLOROU,BKT.MC
2025-04-18 03:02:23.632,Weekly: Bankinter ADR (BKNIY: OTC: $11.22) climbs 4.9% on strong volume; +52c [4.9%] Vol Index 3.1 [1 is avg],urn:newsml:newsroom:20250418:nNRAw3q66u:0,NS:GLOROU,BKT.MC
2025-04-18 02:59:12.067,Bankinter surges 34% in past 3 months,urn:newsml:newsroom:20250418:nNRAw3q4tf:0,NS:GLOROU,BKT.MC
2025-04-17 18:37:06.059,How Bankinter's dividend compares to Commonwealth Bank of Australia,urn:newsml:newsroom:20250417:nNRAw3lpum:0,NS:GLOROU,BKT.MC
2025-04-17 17:37:04.823,How Bankinter's dividend compares to Sumitomo Mitsui Financial,urn:newsml:newsroom:20250417:nNRAw3kvim:0,NS:GLOROU,BKT.MC
2025-04-17 16:52:31.312,How Bankinter's dividend compares to Commonwealth Bank of Australia,urn:newsml:newsroom:20250417:nNRAw3k452:0,NS:GLOROU,BKT.MC
2025-04-17 16:37:44.741,ADR Recap: Bankinter continues to outperform HDFC Bank by 18.7% in the past three months,urn:newsml:newsroom:20250417:nNRAw3jtbz:0,NS:GLOROU,BKT.MC
2025-04-17 16:37:05.298,How Bankinter's dividend compares to ICICI Bank,urn:newsml:newsroom:20250417:nNRAw3ju9v:0,NS:GLOROU,BKT.MC
2025-04-17 16:22:42.630,Weekly: Bankinter (BKT: EUR9.75) climbs 5% - outperforming 90% of stocks; +47c [5.1%],urn:newsml:newsroom:20250417:nNRAw3jocx:0,NS:GLOWEE,BKT.MC
2025-04-17 16:18:27.530,Bankinter (BKT: EUR9.75) in bottom 2% performers of IBEX 35 Index; -21c [-2.1%],urn:newsml:newsroom:20250417:nNRAw3jlat:0,NS:SPANEW,BKT.MC
2025-04-17 15:52:05.666,How Bankinter's dividend compares to Sumitomo Mitsui Financial,urn:newsml:newsroom:20250417:nNRAw3j4sw:0,NS:GLOROU,BKT.MC
2025-04-17 14:53:13.310,ADR Recap: Bankinter continues to outperform HDFC Bank by 18.7% in the past three months,urn:newsml:newsroom:20250417:nNRAw3hu60:0,NS:GLOROU,BKT.MC
2025-04-17 14:52:27.917,How Bankinter's dividend compares to ICICI Bank,urn:newsml:newsroom:20250417:nNRAw3htj0:0,NS:GLOROU,BKT.MC
2025-04-17 12:52:35.303,"Bankinter, S.A. (OTCMKTS:BKIMF) Short Interest Update",urn:newsml:newsroom:20250417:nNRAw3fzr3:0,NS:TRADAJ,BKT.MC
2025-04-17 11:03:41.410,Bankinter surges 37% in past 3 months,urn:newsml:newsroom:20250417:nNRAw3e2n0:0,NS:GLOROU,BKT.MC
2025-04-17 07:02:05.652,Bankinter surges 37% in past 3 months,urn:newsml:newsroom:20250417:nNRAw3aomv:0,NS:GLOROU,BKT.MC
2025-04-17 02:59:29.419,Bankinter surges 37% in past 3 months,urn:newsml:newsroom:20250417:nNRAw38fz8:0,NS:GLOROU,BKT.MC
2025-04-17 02:57:20.935,Bankinter surges 37% in past 3 months,urn:newsml:newsroom:20250417:nNRAw38eu5:0,NS:GLOROU,BKT.MC
2025-04-16 21:36:53.606,ADR Recap: Bankinter continues to outperform Mitsubishi UFJ Financial by 40.2% in the past three months,urn:newsml:newsroom:20250416:nNRAw35r97:0,NS:GLOROU,BKT.MC
2025-04-16 20:36:57.878,Bankinter Continues to Outperform its Peers,urn:newsml:newsroom:20250416:nNRAw355tn:0,NS:GLOROU,BKT.MC
2025-04-16 20:08:09.469,"Bankinter, S.A. (OTCMKTS:BKNIY) Short Interest Update",urn:link:webnews:20250416:nNRAw34wys:0,NS:MARBEA,BKT.MC
2025-04-16 19:52:24.876,ADR Recap: Bankinter continues to outperform Mitsubishi UFJ Financial by 40.2% in the past three months,urn:newsml:newsroom:20250416:nNRAw34r78:0,NS:GLOROU,BKT.MC
2025-04-16 19:37:02.097,How Bankinter's dividend compares to HDFC Bank,urn:newsml:newsroom:20250416:nNRAw34m45:0,NS:GLOROU,BKT.MC
2025-04-16 18:52:30.105,Bankinter Continues to Outperform its Peers,urn:newsml:newsroom:20250416:nNRAw33ycj:0,NS:GLOROU,BKT.MC
2025-04-16 18:37:02.130,How Bankinter's dividend compares to Mitsubishi UFJ Financial,urn:newsml:newsroom:20250416:nNRAw33qes:0,NS:GLOROU,BKT.MC
2025-04-16 18:30:13.563,"Bankinter, S.A. (OTCMKTS:BKIMF) Short Interest Update",urn:link:webnews:20250416:nNRAw33n57:0,NS:WKRNEW,BKT.MC
2025-04-16 17:52:32.447,How Bankinter's dividend compares to HDFC Bank,urn:newsml:newsroom:20250416:nNRAw334cg:0,NS:GLOROU,BKT.MC
2025-04-16 17:37:00.435,How Bankinter's dividend compares to UBS,urn:newsml:newsroom:20250416:nNRAw32y9c:0,NS:GLOROU,BKT.MC
2025-04-16 16:52:18.305,How Bankinter's dividend compares to Mitsubishi UFJ Financial,urn:newsml:newsroom:20250416:nNRAw328hy:0,NS:GLOROU,BKT.MC
2025-04-16 16:37:03.849,How Bankinter's dividend compares to HSBC Holdings,urn:newsml:newsroom:20250416:nNRAw31zny:0,NS:GLOROU,BKT.MC
2025-04-16 16:17:58.273,Bankinter (BKT: EUR9.96) offers dividend yield of 5.3%; -10c [-1.0%],urn:newsml:newsroom:20250416:nNRAw31qpw:0,NS:SPANEW,BKT.MC
2025-04-16 15:52:02.737,How Bankinter's dividend compares to UBS,urn:newsml:newsroom:20250416:nNRAw319tu:0,NS:GLOROU,BKT.MC
2025-04-16 14:52:15.651,How Bankinter's dividend compares to HSBC Holdings,urn:newsml:newsroom:20250416:nNRAw3086b:0,NS:GLOROU,BKT.MC
2025-04-16 11:57:21.066,Bankinter surges 37% in past 3 months,urn:newsml:newsroom:20250416:nNRAw2x47e:0,NS:GLOROU,BKT.MC
2025-04-16 09:17:45.474,How CaixaBank's dividend compares to Bankinter,urn:newsml:newsroom:20250416:nNRAw2ur2f:0,NS:SPANEW,BKT.MC
2025-04-16 08:17:24.105,How Banco de Sabadell's dividend compares to Bankinter,urn:newsml:newsroom:20250416:nNRAw2tzqi:0,NS:SPANEW,BKT.MC
2025-04-16 08:17:20.426,How Banco Santander's dividend compares to Bankinter,urn:newsml:newsroom:20250416:nNRAw2u01r:0,NS:SPANEW,BKT.MC
2025-04-16 08:17:20.178,How Banco Bilbao Vizcaya Argentaria's dividend compares to Bankinter,urn:newsml:newsroom:20250416:nNRAw2tzgn:0,NS:SPANEW,BKT.MC
2025-04-16 07:57:08.802,Bankinter surges 37% in past 3 months,urn:newsml:newsroom:20250416:nNRAw2tob6:0,NS:GLOROU,BKT.MC
2025-04-16 05:21:17.608,Bankinter (BKNIY) Projected to Post Earnings on Thursday,urn:link:webnews:20250416:nNRAw2rrn4:0,NS:WKRNEW,BKT.MC
2025-04-16 04:03:12.066,Bankinter surges 37% in past 3 months,urn:newsml:newsroom:20250416:nNRAw2r15o:0,NS:GLOROU,BKT.MC
2025-04-15 18:02:27.182,"Bankinter, S.A. (OTCMKTS:BKNIY) Short Interest Down 97.2% in March",urn:link:webnews:20250415:nNRAw2l5rt:0,NS:WKRNEW,BKT.MC
2025-04-15 17:37:18.523,"Bankinter, S.A. (OTCMKTS:BKNIY) Short Interest Down 97.2% in March",urn:newsml:newsroom:20250415:nNRAw2ktnf:0,NS:ZOLCOM,BKT.MC
2025-04-15 16:37:08.595,ADR Recap: Bankinter continues to outperform UBS by 43.2% in the past three months,urn:newsml:newsroom:20250415:nNRAw2jvso:0,NS:GLOROU,BKT.MC
2025-04-15 16:18:27.666,Bankinter (BKT: EUR10.06) in 4th consecutive rise; +EUR1.43 [+16.6%] Vol Index 1.7 [1 is avg],urn:newsml:newsroom:20250415:nNRAw2jmhq:0,NS:SPANEW,BKT.MC
2025-04-15 14:52:36.648,ADR Recap: Bankinter continues to outperform UBS by 43.2% in the past three months,urn:newsml:newsroom:20250415:nNRAw2i631:0,NS:GLOROU,BKT.MC
2025-04-15 11:02:22.240,Bankinter surges 33% in past 3 months,urn:newsml:newsroom:20250415:nNRAw2efxa:0,NS:GLOROU,BKT.MC
2025-04-15 07:02:16.304,Bankinter surges 33% in past 3 months,urn:newsml:newsroom:20250415:nNRAw2b5m0:0,NS:GLOROU,BKT.MC
2025-04-15 03:02:11.964,Bankinter surges 33% in past 3 months,urn:newsml:newsroom:20250415:nNRAw28q3g:0,NS:GLOROU,BKT.MC
2025-04-15 02:57:18.255,Bankinter surges 33% in past 3 months,urn:newsml:newsroom:20250415:nNRAw28ow3:0,NS:GLOROU,BKT.MC
2025-04-14 21:57:14.359,Traders look to see if Bankinter's recent rally will continue,urn:newsml:newsroom:20250414:nNRAw26fnx:0,NS:GLOROU,BKT.MC
2025-04-14 20:57:24.721,Traders look to see if Bankinter's recent rally will continue,urn:newsml:newsroom:20250414:nNRAw25y3k:0,NS:GLOROU,BKT.MC
2025-04-14 20:52:22.846,Can Bankinter continue its gains?,urn:newsml:newsroom:20250414:nNRAw25vpv:0,NS:GLOROU,BKT.MC
2025-04-14 19:57:27.878,Traders look to see if Bankinter's recent rally will continue,urn:newsml:newsroom:20250414:nNRAw25efe:0,NS:GLOROU,BKT.MC
2025-04-14 19:52:23.602,Can Bankinter continue its gains?,urn:newsml:newsroom:20250414:nNRAw25c4w:0,NS:GLOROU,BKT.MC
2025-04-14 19:47:37.709,"Bankinter, S.A. (OTCMKTS:BKNIY) Short Interest Update",urn:link:webnews:20250414:nNRAw25d24:0,NS:DAIPOL,BKT.MC
2025-04-14 19:47:31.557,"Bankinter, S.A. (OTCMKTS:BKNIY) Short Interest Update",urn:newsml:newsroom:20250414:nNRAw25d0q:0,NS:DAILYQ,BKT.MC
2025-04-14 19:47:31.043,"Short Interest in Bankinter, S.A. (OTCMKTS:BKNIY) Decreases By 97.2%",urn:newsml:newsroom:20250414:nNRAw25cdq:0,NS:TICREP,BKT.MC
2025-04-14 18:57:37.679,Traders look to see if Bankinter's recent rally will continue,urn:newsml:newsroom:20250414:nNRAw24qa9:0,NS:GLOROU,BKT.MC
2025-04-14 18:52:20.497,Can Bankinter continue its gains?,urn:newsml:newsroom:20250414:nNRAw24ip6:0,NS:GLOROU,BKT.MC
2025-04-14 18:47:54.797,Solvency is not a major issue for Bankinter,urn:newsml:newsroom:20250414:nNRAw24hrz:0,NS:GLOWEE,BKT.MC
2025-04-14 17:57:36.350,Traders look to see if Bankinter's recent rally will continue,urn:newsml:newsroom:20250414:nNRAw23dlw:0,NS:GLOROU,BKT.MC
2025-04-14 17:52:36.960,Can Bankinter continue its gains?,urn:newsml:newsroom:20250414:nNRAw23bwu:0,NS:GLOROU,BKT.MC
2025-04-14 17:00:37.455,Traders look to see if Bankinter's recent rally will continue,urn:newsml:newsroom:20250414:nNRAw22d0a:0,NS:GLOROU,BKT.MC
2025-04-14 16:52:20.134,Can Bankinter continue its gains?,urn:newsml:newsroom:20250414:nNRAw228gl:0,NS:GLOROU,BKT.MC
2025-04-14 16:37:01.223,ADR Recap: Bankinter continues to outperform HSBC Holdings by 25.9% in the past three months,urn:newsml:newsroom:20250414:nNRAw21zls:0,NS:GLOROU,BKT.MC
2025-04-14 16:18:08.491,Bankinter (BKT: EUR9.82) offers earnings yield of 9.6%; +42c [+4.5%] Vol Index 1.7 [1 is avg],urn:newsml:newsroom:20250414:nNRAw21pgj:0,NS:SPANEW,BKT.MC
2025-04-14 16:10:05.798,Can Bankinter continue its gains?,urn:newsml:newsroom:20250414:nNRAw21b2g:0,NS:GLOROU,BKT.MC
2025-04-14 16:08:01.585,Traders look to see if Bankinter's recent rally will continue,urn:newsml:newsroom:20250414:nNRAw21btg:0,NS:GLOROU,BKT.MC
2025-04-14 15:58:14.889,Can Bankinter continue its gains?,urn:newsml:newsroom:20250414:nNRAw20v9p:0,NS:GLOROU,BKT.MC
2025-04-14 15:07:08.986,Solvency is not a major issue for Bankinter,urn:newsml:newsroom:20250414:nNRAw1zupz:0,NS:GLOROU,BKT.MC
2025-04-14 14:59:40.124,"Weekly: Bankinter ADR (BKNIY: OTC: $11.02) surges 12.0%, 15 weeks' volume in a week; +$1.18 [12.0%] Vol Index 15.1 [1 is avg]",urn:newsml:newsroom:20250414:nNRAw1zpgu:0,NS:GLOROU,BKT.MC
2025-04-14 14:54:35.496,ADR Recap: Bankinter continues to outperform HSBC Holdings by 25.9% in the past three months,urn:newsml:newsroom:20250414:nNRAw1zjmk:0,NS:GLOROU,BKT.MC
2025-04-14 14:13:14.557,Traders look to see if Bankinter's recent rally will continue,urn:newsml:newsroom:20250414:nNRAw1ydvt:0,NS:GLOROU,BKT.MC
2025-04-14 13:26:36.562,"Weekly: Bankinter ADR (BKNIY: OTC: $11.02) surges 12.0%, 15 weeks' volume in a week; +$1.18 [12.0%] Vol Index 15.1 [1 is avg]",urn:newsml:newsroom:20250414:nNRAw1xjri:0,NS:GLOROU,BKT.MC
2025-04-14 13:26:31.380,"Weekly: Bankinter ADR (BKNIY: OTC: $11.02) surges 12.0%, 15 weeks' volume in a week; +$1.18 [12.0%] Vol Index 15.1 [1 is avg]",urn:newsml:newsroom:20250414:nNRAw1xhew:0,NS:GLOROU,BKT.MC
2025-04-14 12:53:03.918,Q1/2025: Monthly: Bankinter ADR (BKNIY: $11.36) in top 5% performers of market in past quarter,urn:newsml:newsroom:20250414:nNRAw1x3ek:0,NS:GLOROU,BKT.MC
2025-04-14 12:47:28.419,Can Bankinter continue its gains?,urn:newsml:newsroom:20250414:nNRAw1wxdf:0,NS:GLOROU,BKT.MC
2025-04-14 10:38:02.991,Q1/2025: Monthly: Bankinter ADR (BKNIY: $11.36) in top 5% performers of market in past quarter,urn:newsml:newsroom:20250414:nNRAw1v65u:0,NS:GLOROU,BKT.MC
2025-04-14 09:12:17.676,CaixaBank continues to underperform Bankinter by 3.5% in the past three months,urn:newsml:newsroom:20250414:nNRAw1u367:0,NS:SPANEW,BKT.MC
2025-04-14 08:17:24.909,Banco Santander continues to outperform Bankinter by 5.6% in the past three months,urn:newsml:newsroom:20250414:nNRAw1tgfd:0,NS:SPANEW,BKT.MC
2025-04-14 08:17:22.685,Banco Bilbao Vizcaya Argentaria continues to underperform Bankinter by 1.8% in the past three months,urn:newsml:newsroom:20250414:nNRAw1tdmt:0,NS:SPANEW,BKT.MC
2025-04-14 07:42:32.192,"Weekly: Bankinter ADR (BKNIY: OTC: $11.02) surges 12.0%, 15 weeks' volume in a week; +$1.18 [12.0%] Vol Index 15.1 [1 is avg]",urn:newsml:newsroom:20250414:nNRAw1t0k3:0,NS:GLOROU,BKT.MC
2025-04-14 05:57:19.066,Can Bankinter continue its gains?,urn:newsml:newsroom:20250414:nNRAw1rr3k:0,NS:GLOROU,BKT.MC
2025-04-13 21:07:07.501,"Weekly: Bankinter ADR (BKNIY: OTC: $11.02) surges 12.0%, 15 weeks' volume in a week; +$1.18 [12.0%] Vol Index 15.1 [1 is avg]",urn:newsml:newsroom:20250413:nNRAw1opz1:0,NS:GLOROU,BKT.MC
2025-04-13 12:07:47.041,Bankinter ADR soars 41% in 2025,urn:newsml:newsroom:20250413:nNRAw1lv2t:0,NS:GLOROU,BKT.MC
2025-04-13 06:07:33.082,Bankinter ADR soars 41% in 2025,urn:newsml:newsroom:20250413:nNRAw1jbvu:0,NS:GLOROU,BKT.MC
2025-04-12 19:40:12.806,Bankinter surges 31% in past 3 months,urn:newsml:newsroom:20250412:nNRAw1deon:0,NS:GLOROU,BKT.MC
2025-04-12 07:02:03.625,Bankinter surges 31% in past 3 months,urn:newsml:newsroom:20250412:nNRAw1ai21:0,NS:GLOROU,BKT.MC
2025-04-12 05:33:09.266,Bankinter (BKNIY) Expected to Announce Quarterly Earnings on Thursday,urn:link:webnews:20250412:nNRAw19stz:0,NS:MARBEA,BKT.MC
2025-04-12 04:27:32.846,Weekly: Bankinter (BKT: EUR9.40) in top 1% performers of IBEX 35 Index in past week; +54c [6.1%] Vol Index 1.4 [1 is avg],urn:newsml:newsroom:20250412:nNRAw19b5q:0,NS:GLOWEE,BKT.MC
2025-04-12 03:07:40.706,Bankinter ADR soars 41% in 2025,urn:newsml:newsroom:20250412:nNRAw18rao:0,NS:GLOROU,BKT.MC
2025-04-12 03:04:34.939,Weekly: Bankinter ADR (BKNIY: OTC: $11.02) posts best week in five weeks,urn:newsml:newsroom:20250412:nNRAw18qsn:0,NS:GLOROU,BKT.MC
2025-04-12 03:02:37.264,"Weekly: Bankinter ADR (BKNIY: OTC: $11.02) surges 12.0%, 15 weeks' volume in a week; +$1.18 [12.0%] Vol Index 15.1 [1 is avg]",urn:newsml:newsroom:20250412:nNRAw18otm:0,NS:GLOROU,BKT.MC
2025-04-12 02:59:15.041,Bankinter surges 31% in past 3 months,urn:newsml:newsroom:20250412:nNRAw18mre:0,NS:GLOROU,BKT.MC
2025-04-12 02:57:17.254,Bankinter surges 31% in past 3 months,urn:newsml:newsroom:20250412:nNRAw18lz8:0,NS:GLOROU,BKT.MC
2025-04-11 21:57:24.742,Traders look to see if Bankinter's recent rally will continue,urn:newsml:newsroom:20250411:nNRAw15yvi:0,NS:GLOROU,BKT.MC
2025-04-11 20:57:23.959,Traders look to see if Bankinter's recent rally will continue,urn:newsml:newsroom:20250411:nNRAw15ehq:0,NS:GLOROU,BKT.MC
2025-04-11 20:52:23.087,Can Bankinter continue its gains?,urn:newsml:newsroom:20250411:nNRAw15arw:0,NS:GLOROU,BKT.MC
2025-04-11 19:57:26.686,Traders look to see if Bankinter's recent rally will continue,urn:newsml:newsroom:20250411:nNRAw14tpi:0,NS:GLOROU,BKT.MC
2025-04-11 19:52:17.827,Can Bankinter continue its gains?,urn:newsml:newsroom:20250411:nNRAw14rt2:0,NS:GLOROU,BKT.MC
2025-04-11 18:57:42.254,Traders look to see if Bankinter's recent rally will continue,urn:newsml:newsroom:20250411:nNRAw147na:0,NS:GLOROU,BKT.MC
2025-04-11 18:52:19.359,Can Bankinter continue its gains?,urn:newsml:newsroom:20250411:nNRAw14533:0,NS:GLOROU,BKT.MC
2025-04-11 18:43:32.966,Solvency is not a major issue for Bankinter,urn:newsml:newsroom:20250411:nNRAw140e3:0,NS:GLOWEE,BKT.MC
2025-04-11 17:57:35.650,Traders look to see if Bankinter's recent rally will continue,urn:newsml:newsroom:20250411:nNRAw131cu:0,NS:GLOROU,BKT.MC
2025-04-11 17:52:09.251,Can Bankinter continue its gains?,urn:newsml:newsroom:20250411:nNRAw12yvm:0,NS:GLOROU,BKT.MC
2025-04-11 16:57:52.274,Traders look to see if Bankinter's recent rally will continue,urn:newsml:newsroom:20250411:nNRAw11wth:0,NS:GLOROU,BKT.MC
2025-04-11 16:52:21.185,Can Bankinter continue its gains?,urn:newsml:newsroom:20250411:nNRAw11pbk:0,NS:GLOROU,BKT.MC
2025-04-11 16:37:09.976,ADR Recap: Bankinter continues to underperform ICICI Bank by 13.9% in the past month,urn:newsml:newsroom:20250411:nNRAw11fm8:0,NS:GLOROU,BKT.MC
2025-04-11 16:22:48.968,Weekly: Bankinter (BKT: EUR9.40) in top 1% performers of IBEX 35 Index in past week; +54c [6.1%] Vol Index 1.4 [1 is avg],urn:newsml:newsroom:20250411:nNRAw1186n:0,NS:GLOWEE,BKT.MC
2025-04-11 16:18:25.172,Bankinter (BKT: EUR9.40) up 8.9% in 2 days; +77c [+8.9%] Vol Index 2.1 [1 is avg],urn:newsml:newsroom:20250411:nNRAw111xj:0,NS:SPANEW,BKT.MC
2025-04-11 15:58:08.062,Traders look to see if Bankinter's recent rally will continue,urn:newsml:newsroom:20250411:nNRAw10rm9:0,NS:GLOROU,BKT.MC
2025-04-11 15:57:40.288,Can Bankinter continue its gains?,urn:newsml:newsroom:20250411:nNRAw10p77:0,NS:GLOROU,BKT.MC
2025-04-11 15:07:05.793,Solvency is not a major issue for Bankinter,urn:newsml:newsroom:20250411:nNRAw0zrbu:0,NS:GLOROU,BKT.MC
2025-04-11 14:52:49.404,ADR Recap: Bankinter continues to underperform ICICI Bank by 13.9% in the past month,urn:newsml:newsroom:20250411:nNRAw0zj9y:0,NS:GLOROU,BKT.MC
2025-04-11 14:52:19.601,Can Bankinter continue its gains?,urn:newsml:newsroom:20250411:nNRAw0zhn8:0,NS:GLOROU,BKT.MC
2025-04-11 13:57:27.056,Traders look to see if Bankinter's recent rally will continue,urn:newsml:newsroom:20250411:nNRAw0ynau:0,NS:GLOROU,BKT.MC
2025-04-11 12:50:43.148,Can Bankinter continue its gains?,urn:newsml:newsroom:20250411:nNRAw0xc0v:0,NS:GLOROU,BKT.MC
2025-04-11 11:23:09.115,Bankinter surges 29% in past 3 months,urn:newsml:newsroom:20250411:nNRAw0veyx:0,NS:GLOROU,BKT.MC
2025-04-11 07:07:13.391,Bankinter surges 29% in past 3 months,urn:newsml:newsroom:20250411:nNRAw0s02z:0,NS:GLOROU,BKT.MC
2025-04-11 05:57:20.779,Can Bankinter continue its gains?,urn:newsml:newsroom:20250411:nNRAw0r8cw:0,NS:GLOROU,BKT.MC
2025-04-11 03:02:25.854,Bankinter surges 29% in past 3 months,urn:newsml:newsroom:20250411:nNRAw0puqy:0,NS:GLOROU,BKT.MC
2025-04-10 20:36:58.283,Bankinter's Earnings Growth Outperforms Sumitomo Mitsui Financial,urn:newsml:newsroom:20250410:nNRAw0msyj:0,NS:GLOROU,BKT.MC
2025-04-10 19:37:18.190,Bankinter's Earnings Growth Lags ICICI Bank,urn:newsml:newsroom:20250410:nNRAw0m3q3:0,NS:GLOROU,BKT.MC
2025-04-10 18:52:22.812,Bankinter's Earnings Growth Outperforms Sumitomo Mitsui Financial,urn:newsml:newsroom:20250410:nNRAw0lmgs:0,NS:GLOROU,BKT.MC
2025-04-10 18:37:17.996,Bankinter's Earnings Growth Lags HDFC Bank,urn:newsml:newsroom:20250410:nNRAw0ld56:0,NS:GLOROU,BKT.MC
2025-04-10 18:37:00.027,How Bankinter's dividend compares to Sumitomo Mitsui Financial,urn:newsml:newsroom:20250410:nNRAw0ldnt:0,NS:GLOROU,BKT.MC
2025-04-10 17:52:31.640,Bankinter's Earnings Growth Lags ICICI Bank,urn:newsml:newsroom:20250410:nNRAw0kuk3:0,NS:GLOROU,BKT.MC
2025-04-10 17:37:37.893,Bankinter's Earnings Growth Lags Mitsubishi UFJ Financial,urn:newsml:newsroom:20250410:nNRAw0kpvh:0,NS:GLOROU,BKT.MC
2025-04-10 17:37:10.316,How Bankinter's dividend compares to ICICI Bank,urn:newsml:newsroom:20250410:nNRAw0kps2:0,NS:GLOROU,BKT.MC
2025-04-10 16:53:20.645,Bankinter's Earnings Growth Lags HDFC Bank,urn:newsml:newsroom:20250410:nNRAw0k0vh:0,NS:GLOROU,BKT.MC
2025-04-10 16:52:34.631,How Bankinter's dividend compares to Sumitomo Mitsui Financial,urn:newsml:newsroom:20250410:nNRAw0jzje:0,NS:GLOROU,BKT.MC
2025-04-10 16:38:30.612,Bankinter's Earnings Growth Outperforms Commonwealth Bank of Australia,urn:newsml:newsroom:20250410:nNRAw0jpv6:0,NS:GLOROU,BKT.MC
2025-04-10 16:37:39.944,ADR Recap: Bankinter continues to underperform HDFC Bank by 25.6% in the past month,urn:newsml:newsroom:20250410:nNRAw0jnbv:0,NS:GLOROU,BKT.MC
2025-04-10 16:37:07.867,How Bankinter's dividend compares to HDFC Bank,urn:newsml:newsroom:20250410:nNRAw0jobj:0,NS:GLOROU,BKT.MC
2025-04-10 16:18:12.828,Bankinter (BKT: EUR9.28) offers dividend yield of 5.7%; +65c [+7.5%] Vol Index 2.6 [1 is avg],urn:newsml:newsroom:20250410:nNRAw0jexq:0,NS:SPANEW,BKT.MC
2025-04-10 15:52:55.594,Bankinter's Earnings Growth Lags Mitsubishi UFJ Financial,urn:newsml:newsroom:20250410:nNRAw0iyo4:0,NS:GLOROU,BKT.MC
2025-04-10 15:52:35.971,How Bankinter's dividend compares to ICICI Bank,urn:newsml:newsroom:20250410:nNRAw0iz7e:0,NS:GLOROU,BKT.MC
2025-04-10 14:54:24.214,Bankinter's Earnings Growth Outperforms Commonwealth Bank of Australia,urn:newsml:newsroom:20250410:nNRAw0i0zk:0,NS:GLOROU,BKT.MC
2025-04-10 14:53:18.059,ADR Recap: Bankinter continues to underperform HDFC Bank by 25.6% in the past month,urn:newsml:newsroom:20250410:nNRAw0hzsz:0,NS:GLOROU,BKT.MC
2025-04-10 14:52:34.712,How Bankinter's dividend compares to HDFC Bank,urn:newsml:newsroom:20250410:nNRAw0hy2j:0,NS:GLOROU,BKT.MC
2025-04-10 11:02:19.405,Bankinter climbs 14% in past 3 months,urn:newsml:newsroom:20250410:nNRAw0dhe7:0,NS:GLOROU,BKT.MC
2025-04-10 07:17:03.798,Banco Santander's Earnings Growth Outperforms Bankinter,urn:newsml:newsroom:20250410:nNRAw0aorh:0,NS:SPANEW,BKT.MC
2025-04-10 07:17:01.755,Banco de Sabadell's Earnings Growth Outperforms Bankinter,urn:newsml:newsroom:20250410:nNRAw0ap4n:0,NS:SPANEW,BKT.MC
2025-04-10 07:02:04.410,Bankinter climbs 14% in past 3 months,urn:newsml:newsroom:20250410:nNRAw0ae47:0,NS:GLOROU,BKT.MC
2025-04-10 02:57:23.213,Bankinter climbs 14% in past 3 months,urn:newsml:newsroom:20250410:nNRAw082yv:0,NS:GLOROU,BKT.MC
2025-04-10 02:57:12.966,Bankinter climbs 14% in past 3 months,urn:newsml:newsroom:20250410:nNRAw082yj:0,NS:GLOROU,BKT.MC
2025-04-09 21:36:53.022,ADR Recap: Bankinter continues to outperform Mitsubishi UFJ Financial by 1.1% in the past month,urn:newsml:newsroom:20250409:nNRAw05giq:0,NS:GLOROU,BKT.MC
2025-04-09 20:36:53.182,Bankinter Continues to Outperform its Peers,urn:newsml:newsroom:20250409:nNRAw04yok:0,NS:GLOROU,BKT.MC
2025-04-09 19:52:17.007,ADR Recap: Bankinter continues to outperform Mitsubishi UFJ Financial by 1.1% in the past month,urn:newsml:newsroom:20250409:nNRAw04kkm:0,NS:GLOROU,BKT.MC
2025-04-09 19:36:59.257,How Bankinter's dividend compares to Mitsubishi UFJ Financial,urn:newsml:newsroom:20250409:nNRAw04gc0:0,NS:GLOROU,BKT.MC
2025-04-09 18:52:15.587,Bankinter Continues to Outperform its Peers,urn:newsml:newsroom:20250409:nNRAw03ym3:0,NS:GLOROU,BKT.MC
2025-04-09 18:37:02.548,How Bankinter's dividend compares to UBS,urn:newsml:newsroom:20250409:nNRAw03smm:0,NS:GLOROU,BKT.MC
2025-04-09 17:52:22.050,How Bankinter's dividend compares to Mitsubishi UFJ Financial,urn:newsml:newsroom:20250409:nNRAw036ai:0,NS:GLOROU,BKT.MC
2025-04-09 17:37:05.384,How Bankinter's dividend compares to HSBC Holdings,urn:newsml:newsroom:20250409:nNRAw031v6:0,NS:GLOROU,BKT.MC
2025-04-09 16:52:14.759,How Bankinter's dividend compares to UBS,urn:newsml:newsroom:20250409:nNRAw02ae4:0,NS:GLOROU,BKT.MC
2025-04-09 16:37:05.739,How Bankinter's dividend compares to Commonwealth Bank of Australia,urn:newsml:newsroom:20250409:nNRAw022uv:0,NS:GLOROU,BKT.MC
2025-04-09 16:18:20.039,"Bankinter (BKT: EUR8.63) continues significant downtrend, drops 1.5%; -13c [-1.5%] Vol Index 1.4 [1 is avg]",urn:newsml:newsroom:20250409:nNRAw01s0q:0,NS:SPANEW,BKT.MC
2025-04-09 15:52:47.491,How Bankinter's dividend compares to HSBC Holdings,urn:newsml:newsroom:20250409:nNRAw01c9e:0,NS:GLOROU,BKT.MC
2025-04-09 14:52:29.955,How Bankinter's dividend compares to Commonwealth Bank of Australia,urn:newsml:newsroom:20250409:nNRAw00h3n:0,NS:GLOROU,BKT.MC
2025-04-09 11:44:13.000,BUZZ-European banks fall further after China's additional tariffs of 84% on US goods,urn:newsml:reuters.com:20250409:nL5N3QN0ZN:1,NS:RTRS,BKT.MC
2025-04-09 11:02:13.237,Bankinter advances 16% in past 3 months,urn:newsml:newsroom:20250409:nNRAvzw7n1:0,NS:GLOROU,BKT.MC
2025-04-09 10:57:19.073,Wednesday's Preview: Can Bankinter rebound after being down?,urn:newsml:newsroom:20250409:nNRAvzw63l:0,NS:GLOROU,BKT.MC
2025-04-09 09:12:07.790,How CaixaBank's dividend compares to Bankinter,urn:newsml:newsroom:20250409:nNRAvzv1f5:0,NS:SPANEW,BKT.MC
2025-04-09 08:17:33.879,How Banco Santander's dividend compares to Bankinter,urn:newsml:newsroom:20250409:nNRAvzuf7k:0,NS:SPANEW,BKT.MC
2025-04-09 08:17:33.731,How Banco Bilbao Vizcaya Argentaria's dividend compares to Bankinter,urn:newsml:newsroom:20250409:nNRAvzufw1:0,NS:SPANEW,BKT.MC
2025-04-09 08:17:32.459,How Banco de Sabadell's dividend compares to Bankinter,urn:newsml:newsroom:20250409:nNRAvzufw3:0,NS:SPANEW,BKT.MC
2025-04-09 07:02:32.846,Bankinter advances 16% in past 3 months,urn:newsml:newsroom:20250409:nNRAvztg3f:0,NS:GLOROU,BKT.MC
2025-04-09 05:57:08.037,Bankinter down in recent days,urn:newsml:newsroom:20250409:nNRAvzsm0c:0,NS:GLOROU,BKT.MC
2025-04-09 02:57:14.941,Bankinter advances 16% in past 3 months,urn:newsml:newsroom:20250409:nNRAvzr1ub:0,NS:GLOROU,BKT.MC
2025-04-08 16:37:04.411,ADR Recap: Bankinter continues to outperform UBS by 17.2% in the past month,urn:newsml:newsroom:20250408:nNRAvzkz82:0,NS:GLOROU,BKT.MC
2025-04-08 16:22:41.173,Bankinter (BKT: EUR8.76) offers earnings yield of 10.7%; +28c [+3.3%] Vol Index 1.7 [1 is avg],urn:newsml:newsroom:20250408:nNRAvzkqvw:0,NS:SPANEW,BKT.MC
2025-04-08 14:52:42.699,ADR Recap: Bankinter continues to outperform UBS by 17.2% in the past month,urn:newsml:newsroom:20250408:nNRAvzj3fx:0,NS:GLOROU,BKT.MC
2025-04-08 11:02:42.171,Bankinter surges 21% in past 3 months,urn:newsml:newsroom:20250408:nNRAvzfo2k:0,NS:GLOROU,BKT.MC
2025-04-08 07:02:13.183,Bankinter surges 21% in past 3 months,urn:newsml:newsroom:20250408:nNRAvzclfn:0,NS:GLOROU,BKT.MC
2025-04-08 02:57:45.492,Bankinter surges 21% in past 3 months,urn:newsml:newsroom:20250408:nNRAvzady6:0,NS:GLOROU,BKT.MC
2025-04-08 02:57:03.196,Bankinter surges 21% in past 3 months,urn:newsml:newsroom:20250408:nNRAvzac6f:0,NS:GLOROU,BKT.MC
2025-04-07 18:07:11.126,Solvency is not a major issue for Bankinter,urn:newsml:newsroom:20250407:nNRAvz5rhm:0,NS:GLOWEE,BKT.MC
2025-04-07 16:37:00.061,ADR Recap: Bankinter continues to outperform HSBC Holdings by 14.3% in the past month,urn:newsml:newsroom:20250407:nNRAvz4ff4:0,NS:GLOROU,BKT.MC
2025-04-07 16:17:31.593,"Bankinter (BKT: EUR8.48) price 16% below VWAP, hits 88-day low; -38c [-4.3%]",urn:newsml:newsroom:20250407:nNRAvz45wf:0,NS:SPANEW,BKT.MC
2025-04-07 15:07:01.435,Solvency is not a major issue for Bankinter,urn:newsml:newsroom:20250407:nNRAvz351m:0,NS:GLOROU,BKT.MC
2025-04-07 14:52:11.387,ADR Recap: Bankinter continues to outperform HSBC Holdings by 14.3% in the past month,urn:newsml:newsroom:20250407:nNRAvz2wck:0,NS:GLOROU,BKT.MC
2025-04-07 14:37:29.107,Q1/2025: Monthly: Bankinter ADR (BKNIY: $11.36) in top 5% performers of market in past quarter,urn:newsml:newsroom:20250407:nNRAvz2oyc:0,NS:GLOROU,BKT.MC
2025-04-07 13:37:53.693,Weekly: Bankinter ADR (BKNIY: OTC: $9.84) down 13% in 2 weeks; -$1.44 [-12.8%],urn:newsml:newsroom:20250407:nNRAvz1td3:0,NS:GLOROU,BKT.MC
2025-04-07 13:37:49.497,Q1/2025: Monthly: Bankinter ADR (BKNIY: $11.36) in top 5% performers of market in past quarter,urn:newsml:newsroom:20250407:nNRAvz1sdb:0,NS:GLOROU,BKT.MC
2025-04-07 12:38:05.113,Q1/2025: Monthly: Bankinter ADR (BKNIY: $11.36) in top 5% performers of market in past quarter,urn:newsml:newsroom:20250407:nNRAvz0sdr:0,NS:GLOROU,BKT.MC
2025-04-07 12:37:51.972,Weekly: Bankinter ADR (BKNIY: OTC: $9.84) down 13% in 2 weeks; -$1.44 [-12.8%],urn:newsml:newsroom:20250407:nNRAvz0t0v:0,NS:GLOROU,BKT.MC
2025-04-07 11:37:05.042,Weekly: Bankinter ADR (BKNIY: OTC: $9.84) down 13% in 2 weeks; -$1.44 [-12.8%],urn:newsml:newsroom:20250407:nNRAvyzlac:0,NS:GLOROU,BKT.MC
2025-04-07 09:12:08.578,CaixaBank continues to underperform Bankinter by 2.7% in the past month,urn:newsml:newsroom:20250407:nNRAvyxy4r:0,NS:SPANEW,BKT.MC
2025-04-07 08:12:10.704,Banco Bilbao Vizcaya Argentaria continues to underperform Bankinter by 7.6% in the past month,urn:newsml:newsroom:20250407:nNRAvywu4l:0,NS:SPANEW,BKT.MC
2025-04-07 08:12:10.564,Banco Santander continues to underperform Bankinter by 7.9% in the past month,urn:newsml:newsroom:20250407:nNRAvywvtk:0,NS:SPANEW,BKT.MC
2025-04-07 06:37:08.829,Weekly: Bankinter ADR (BKNIY: OTC: $9.84) down 13% in 2 weeks; -$1.44 [-12.8%],urn:newsml:newsroom:20250407:nNRAvyvqyw:0,NS:GLOROU,BKT.MC
2025-04-06 21:07:00.213,Weekly: Bankinter ADR (BKNIY: OTC: $9.84) down 13% in 2 weeks; -$1.44 [-12.8%],urn:newsml:newsroom:20250406:nNRAvysf7m:0,NS:GLOROU,BKT.MC
2025-04-05 14:23:49.347,Bankinter surges 24% in past 3 months,urn:newsml:newsroom:20250405:nNRAvyjb2c:0,NS:GLOROU,BKT.MC
2025-04-05 07:17:01.793,Bankinter surges 24% in past 3 months,urn:newsml:newsroom:20250405:nNRAvyfthq:0,NS:GLOROU,BKT.MC
2025-04-05 04:27:31.545,Weekly: Bankinter (BKT: EUR8.86) plunges 14% on firm volume; -EUR1.39 [13.5%],urn:newsml:newsroom:20250405:nNRAvyel6s:0,NS:GLOWEE,BKT.MC
2025-04-05 03:23:16.158,"Weekly: Bankinter ADR (BKNIY: OTC: $9.84) plunges 12.2%, 3 weeks' volume in a week",urn:newsml:newsroom:20250405:nNRAvye2qu:0,NS:GLOROU,BKT.MC
2025-04-05 03:22:21.103,Weekly: Bankinter ADR (BKNIY: OTC: $9.84) down 13% in 2 weeks; -$1.36 [12.2%] Vol Index 3.0 [1 is avg],urn:newsml:newsroom:20250405:nNRAvye1ly:0,NS:GLOROU,BKT.MC
2025-04-05 03:17:34.804,Bankinter surges 24% in past 3 months,urn:newsml:newsroom:20250405:nNRAvydzf9:0,NS:GLOROU,BKT.MC
2025-04-05 03:17:05.916,Bankinter surges 24% in past 3 months,urn:newsml:newsroom:20250405:nNRAvydyq3:0,NS:GLOROU,BKT.MC
2025-04-05 02:57:26.833,Bankinter (OTCMKTS:BKNIY) Stock Price Crosses Above 200-Day Moving Average – Time to Sell?,urn:newsml:newsroom:20250405:nNRAvyduzq:0,NS:DAILYQ,BKT.MC
2025-04-05 02:57:15.949,Bankinter (OTCMKTS:BKNIY) Shares Cross Above Two Hundred Day Moving Average – What's Next?,urn:newsml:newsroom:20250405:nNRAvyduzm:0,NS:TICREP,BKT.MC
2025-04-04 17:37:31.221,Solvency is not a major issue for Bankinter,urn:newsml:newsroom:20250404:nNRAvy9105:0,NS:GLOWEE,BKT.MC
2025-04-04 16:37:09.372,ADR Recap: Bankinter continues to outperform HDFC Bank by 34.1% year to date,urn:newsml:newsroom:20250404:nNRAvy7wlf:0,NS:GLOROU,BKT.MC
2025-04-04 16:22:52.976,Weekly: Bankinter (BKT: EUR8.86) plunges 14% on firm volume; -EUR1.39 [13.5%],urn:newsml:newsroom:20250404:nNRAvy7rbv:0,NS:GLOWEE,BKT.MC
2025-04-04 16:22:27.372,"Bankinter (BKT: EUR8.86) plunges 9.3% on strong volume, hits 50-day low; -91c [-9.3%] Vol Index 2.8 [1 is avg]",urn:newsml:newsroom:20250404:nNRAvy7qxx:0,NS:SPANEW,BKT.MC
2025-04-04 14:52:25.105,ADR Recap: Bankinter continues to outperform HDFC Bank by 34.1% year to date,urn:newsml:newsroom:20250404:nNRAvy6cjv:0,NS:GLOROU,BKT.MC
2025-04-04 14:07:04.003,Solvency is not a major issue for Bankinter,urn:newsml:newsroom:20250404:nNRAvy5ees:0,NS:GLOROU,BKT.MC
2025-04-04 12:47:06.537,Bankinter down in recent days,urn:newsml:newsroom:20250404:nNRAvy42zb:0,NS:GLOROU,BKT.MC
2025-04-04 11:37:45.553,Bankinter soars 42% in past 3 months,urn:newsml:newsroom:20250404:nNRAvy33ik:0,NS:GLOROU,BKT.MC
2025-04-04 10:39:39.000,BUZZ-European banks drop further after China's retaliation against US tariffs,urn:newsml:reuters.com:20250404:nL5N3QI0NL:1,NS:RTRS,BKT.MC
2025-04-04 09:07:06.040,Friday's Preview: Can Bankinter rebound after being down?,urn:newsml:newsroom:20250404:nNRAvy16yb:0,NS:GLOROU,BKT.MC
2025-04-04 07:32:08.000,"BUZZ-European banks extend losses on US tariffs, recession fears",urn:newsml:reuters.com:20250404:nL5N3QI0CO:1,NS:RTRS,BKT.MC
2025-04-04 07:22:07.815,Bankinter soars 42% in past 3 months,urn:newsml:newsroom:20250404:nNRAvy01lu:0,NS:GLOROU,BKT.MC
2025-04-04 03:17:32.276,Bankinter soars 42% in past 3 months,urn:newsml:newsroom:20250404:nNRAvxxmp8:0,NS:GLOROU,BKT.MC
2025-04-03 18:36:56.704,How Bankinter's dividend compares to Commonwealth Bank of Australia,urn:newsml:newsroom:20250403:nNRAvxs8k3:0,NS:GLOROU,BKT.MC
2025-04-03 17:37:00.277,How Bankinter's dividend compares to Sumitomo Mitsui Financial,urn:newsml:newsroom:20250403:nNRAvxri4z:0,NS:GLOROU,BKT.MC
2025-04-03 16:52:11.870,How Bankinter's dividend compares to Commonwealth Bank of Australia,urn:newsml:newsroom:20250403:nNRAvxqsrc:0,NS:GLOROU,BKT.MC
2025-04-03 16:37:15.041,ADR Recap: Bankinter continues to outperform Mitsubishi UFJ Financial by 29.4% year to date,urn:newsml:newsroom:20250403:nNRAvxqjgq:0,NS:GLOROU,BKT.MC
2025-04-03 16:36:59.170,How Bankinter's dividend compares to ICICI Bank,urn:newsml:newsroom:20250403:nNRAvxqios:0,NS:GLOROU,BKT.MC
2025-04-03 16:17:20.777,Bankinter (BKT: EUR9.77) offers dividend yield of 5.4%; -49c [-4.8%],urn:newsml:newsroom:20250403:nNRAvxq7d0:0,NS:SPANEW,BKT.MC
2025-04-03 15:52:12.825,How Bankinter's dividend compares to Sumitomo Mitsui Financial,urn:newsml:newsroom:20250403:nNRAvxpqgz:0,NS:GLOROU,BKT.MC
2025-04-03 14:52:35.764,ADR Recap: Bankinter continues to outperform Mitsubishi UFJ Financial by 29.4% year to date,urn:newsml:newsroom:20250403:nNRAvxomfd:0,NS:GLOROU,BKT.MC
2025-04-03 14:52:12.632,How Bankinter's dividend compares to ICICI Bank,urn:newsml:newsroom:20250403:nNRAvxol34:0,NS:GLOROU,BKT.MC
2025-04-03 12:47:36.855,Bankinter soars 44% in past 3 months,urn:newsml:newsroom:20250403:nNRAvxmhxe:0,NS:GLOROU,BKT.MC
2025-04-03 12:47:20.173,Can Bankinter continue its gains?,urn:newsml:newsroom:20250403:nNRAvxmict:0,NS:GLOROU,BKT.MC
2025-04-03 10:47:59.000,BUZZ-European banks slide on recession worries after sweeping US tariffs,urn:newsml:reuters.com:20250403:nL5N3QH0WC:1,NS:RTRS,BKT.MC
2025-04-03 09:07:02.530,Traders look to see if Bankinter's recent rally will continue,urn:newsml:newsroom:20250403:nNRAvxjgj4:0,NS:GLOROU,BKT.MC
2025-04-03 08:37:11.982,Bankinter soars 44% in past 3 months,urn:newsml:newsroom:20250403:nNRAvxj3i8:0,NS:GLOROU,BKT.MC
2025-04-03 04:22:24.860,Bankinter soars 44% in past 3 months,urn:newsml:newsroom:20250403:nNRAvxg7to:0,NS:GLOROU,BKT.MC
2025-04-02 21:36:54.217,ADR Recap: Bankinter continues to outperform UBS by 42.7% year to date,urn:newsml:newsroom:20250402:nNRAvxcwi7:0,NS:GLOROU,BKT.MC
2025-04-02 20:36:55.054,Bankinter Continues to Outperform its Peers,urn:newsml:newsroom:20250402:nNRAvxca04:0,NS:GLOROU,BKT.MC
2025-04-02 19:52:11.008,ADR Recap: Bankinter continues to outperform UBS by 42.7% year to date,urn:newsml:newsroom:20250402:nNRAvxbspm:0,NS:GLOROU,BKT.MC
2025-04-02 19:36:55.048,How Bankinter's dividend compares to HDFC Bank,urn:newsml:newsroom:20250402:nNRAvxbm8h:0,NS:GLOROU,BKT.MC
2025-04-02 18:52:09.071,Bankinter Continues to Outperform its Peers,urn:newsml:newsroom:20250402:nNRAvxb350:0,NS:GLOROU,BKT.MC
2025-04-02 18:36:55.982,How Bankinter's dividend compares to Mitsubishi UFJ Financial,urn:newsml:newsroom:20250402:nNRAvxav1q:0,NS:GLOROU,BKT.MC
2025-04-02 17:52:14.107,How Bankinter's dividend compares to HDFC Bank,urn:newsml:newsroom:20250402:nNRAvxa8ai:0,NS:GLOROU,BKT.MC
2025-04-02 17:37:00.449,How Bankinter's dividend compares to UBS,urn:newsml:newsroom:20250402:nNRAvxa133:0,NS:GLOROU,BKT.MC
2025-04-02 17:17:22.236,Bankinter (BKT: EUR10.26) offers earnings yield of 9.2%; +13.35c [+1.3%],urn:newsml:newsroom:20250402:nNRAvx9qyp:0,NS:SPANEW,BKT.MC
2025-04-02 16:52:14.173,How Bankinter's dividend compares to Mitsubishi UFJ Financial,urn:newsml:newsroom:20250402:nNRAvx980a:0,NS:GLOROU,BKT.MC
2025-04-02 16:36:59.896,How Bankinter's dividend compares to HSBC Holdings,urn:newsml:newsroom:20250402:nNRAvx8zom:0,NS:GLOROU,BKT.MC
2025-04-02 16:12:40.214,Banco Bilbao Vizcaya Argentaria continues to underperform Bankinter by 1.4% year to date,urn:newsml:newsroom:20250402:nNRAvx8pch:0,NS:SPANEW,BKT.MC
2025-04-02 16:12:40.113,Banco Santander continues to outperform Bankinter by 4.9% year to date,urn:newsml:newsroom:20250402:nNRAvx8pci:0,NS:SPANEW,BKT.MC
2025-04-02 16:12:38.305,CaixaBank continues to outperform Bankinter by 2.7% year to date,urn:newsml:newsroom:20250402:nNRAvx8q5g:0,NS:SPANEW,BKT.MC
2025-04-02 15:52:10.651,How Bankinter's dividend compares to UBS,urn:newsml:newsroom:20250402:nNRAvx8en9:0,NS:GLOROU,BKT.MC
2025-04-02 14:52:12.595,How Bankinter's dividend compares to HSBC Holdings,urn:newsml:newsroom:20250402:nNRAvx7j1z:0,NS:GLOROU,BKT.MC
2025-04-02 11:32:53.224,Bankinter soars 43% in past 3 months,urn:newsml:newsroom:20250402:nNRAvx4cep:0,NS:GLOROU,BKT.MC
2025-04-02 09:12:13.220,How CaixaBank's dividend compares to Bankinter,urn:newsml:newsroom:20250402:nNRAvx2nah:0,NS:SPANEW,BKT.MC
2025-04-02 08:12:47.529,How Banco Bilbao Vizcaya Argentaria's dividend compares to Bankinter,urn:newsml:newsroom:20250402:nNRAvx1z6b:0,NS:SPANEW,BKT.MC
2025-04-02 08:12:41.751,How Banco Santander's dividend compares to Bankinter,urn:newsml:newsroom:20250402:nNRAvx1z6d:0,NS:SPANEW,BKT.MC
2025-04-02 08:12:40.158,How Banco de Sabadell's dividend compares to Bankinter,urn:newsml:newsroom:20250402:nNRAvx1yju:0,NS:SPANEW,BKT.MC
2025-04-02 07:21:56.691,Bankinter soars 43% in past 3 months,urn:newsml:newsroom:20250402:nNRAvx1e1x:0,NS:GLOROU,BKT.MC
2025-04-02 06:07:15.333,Q1/2025: Monthly: Bankinter (BKT: EUR10.25) surges 35% in past quarter,urn:newsml:newsroom:20250402:nNRAvx0c3c:0,NS:SPANEW,BKT.MC
2025-04-02 06:07:12.444,"Bankinter Compendium - A Snapshot as of March 31, 2025 Monday March 31, 2025",urn:newsml:newsroom:20250402:nNRAvx0bof:0,NS:SPANEW,BKT.MC
2025-04-02 03:17:22.452,Bankinter soars 43% in past 3 months,urn:newsml:newsroom:20250402:nNRAvwytvq:0,NS:GLOROU,BKT.MC
2025-04-01 16:37:01.869,ADR Recap: Bankinter continues to outperform HSBC Holdings by 29.2% year to date,urn:newsml:newsroom:20250401:nNRAvwshgv:0,NS:GLOROU,BKT.MC
2025-04-01 14:52:17.707,ADR Recap: Bankinter continues to outperform HSBC Holdings by 29.2% year to date,urn:newsml:newsroom:20250401:nNRAvwr0vs:0,NS:GLOROU,BKT.MC
2025-04-01 11:49:32.338,Bankinter soars 44% in past 3 months,urn:newsml:newsroom:20250401:nNRAvwo5pf:0,NS:GLOROU,BKT.MC
2025-04-01 07:17:31.894,Bankinter soars 44% in past 3 months,urn:newsml:newsroom:20250401:nNRAvwkmt7:0,NS:GLOROU,BKT.MC
2025-04-01 03:27:43.670,Q1/2025: Monthly: Bankinter ADR (BKNIY: $11.36) in top 5% performers of market in past quarter,urn:newsml:newsroom:20250401:nNRAvwhl32:0,NS:GLOROU,BKT.MC
2025-04-01 03:12:31.735,Bankinter soars 44% in past 3 months,urn:newsml:newsroom:20250401:nNRAvwhdzj:0,NS:GLOROU,BKT.MC
2025-03-31 17:36:57.540,Bankinter's Earnings Growth Outperforms Commonwealth Bank of Australia,urn:newsml:newsroom:20250331:nNRAvwbglj:0,NS:GLOROU,BKT.MC
2025-03-31 17:31:59.363,End-of-Quarter Synopsis Q1/2025 : Monthly: Bankinter (BKT: EUR10.25) surges 35% in past quarter,urn:newsml:newsroom:20250331:nNRAvwbfzl:0,NS:SPANEW,BKT.MC
2025-03-31 17:17:26.936,Bankinter (BKT: EUR10.25) drops 1.2% on spectacular volume; -12c [-1.2%] Vol Index 8.5 [1 is avg],urn:newsml:newsroom:20250331:nNRAvwb8x2:0,NS:SPANEW,BKT.MC
2025-03-31 16:37:02.533,ADR Recap: Bankinter continues to outperform HSBC Holdings by 23.0% in the past three months,urn:newsml:newsroom:20250331:nNRAvwan6j:0,NS:GLOROU,BKT.MC
2025-03-31 15:52:07.946,Bankinter's Earnings Growth Outperforms Commonwealth Bank of Australia,urn:newsml:newsroom:20250331:nNRAvwa3go:0,NS:GLOROU,BKT.MC
2025-03-31 14:52:10.578,ADR Recap: Bankinter continues to outperform HSBC Holdings by 23.0% in the past three months,urn:newsml:newsroom:20250331:nNRAvw996o:0,NS:GLOROU,BKT.MC
2025-03-31 14:42:19.416,Weekly: Bankinter ADR (BKNIY: OTC: $11.34) decreases 0.7% on weak volume; -8c [-0.7%],urn:newsml:newsroom:20250331:nNRAvw9080:0,NS:GLOROU,BKT.MC
2025-03-31 14:07:12.653,Weekly: Bankinter ADR (BKNIY: OTC: $11.34) decreases 0.7% on weak volume; -8c [-0.7%],urn:newsml:newsroom:20250331:nNRAvw8k80:0,NS:GLOROU,BKT.MC
2025-03-31 12:37:08.051,Weekly: Bankinter ADR (BKNIY: OTC: $11.34) decreases 0.7% on weak volume; -8c [-0.7%],urn:newsml:newsroom:20250331:nNRAvw72fn:0,NS:GLOROU,BKT.MC
2025-03-31 09:12:00.919,CaixaBank continues to outperform Bankinter by 3.0% in the past three months,urn:newsml:newsroom:20250331:nNRAvw4z9i:0,NS:SPANEW,BKT.MC
2025-03-31 08:12:27.846,Banco Bilbao Vizcaya Argentaria continues to underperform Bankinter by 0.6% in the past three months,urn:newsml:newsroom:20250331:nNRAvw4h9x:0,NS:SPANEW,BKT.MC
2025-03-31 08:12:27.840,Banco Santander continues to outperform Bankinter by 7.3% in the past three months,urn:newsml:newsroom:20250331:nNRAvw4gwr:0,NS:SPANEW,BKT.MC
2025-03-31 06:52:04.415,Weekly: Bankinter ADR (BKNIY: OTC: $11.34) decreases 0.7% on weak volume; -8c [-0.7%],urn:newsml:newsroom:20250331:nNRAvw3gkk:0,NS:GLOROU,BKT.MC
2025-03-30 21:07:10.532,Weekly: Bankinter ADR (BKNIY: OTC: $11.34) decreases 0.7% on weak volume; -8c [-0.7%],urn:newsml:newsroom:20250330:nNRAvvzq6j:0,NS:GLOROU,BKT.MC
2025-03-30 12:07:18.963,"Bankinter ADR continues uptrend, soars 45% and in top 6% of the market",urn:newsml:newsroom:20250330:nNRAvvwu6c:0,NS:GLOROU,BKT.MC
2025-03-30 06:07:23.331,"Bankinter ADR continues uptrend, soars 45% and in top 6% of the market",urn:newsml:newsroom:20250330:nNRAvvu85k:0,NS:GLOROU,BKT.MC
2025-03-30 04:26:47.769,"Weekly: Bankinter (BKT: EUR10.37) decreases 0.6%, 7 weeks' volume in a week; -6c [0.6%] Vol Index 7.5 [1 is avg]",urn:newsml:newsroom:20250330:nNRAvvtmkh:0,NS:GLOWEE,BKT.MC
2025-03-29 14:31:37.507,Bankinter soars 43% in past 3 months,urn:newsml:newsroom:20250329:nNRAvvo832:0,NS:GLOROU,BKT.MC
2025-03-29 14:23:38.406,Bankinter soars 43% in past 3 months,urn:newsml:newsroom:20250329:nNRAvvo1ut:0,NS:GLOROU,BKT.MC
2025-03-29 07:17:03.011,Bankinter soars 43% in past 3 months,urn:newsml:newsroom:20250329:nNRAvvl4e6:0,NS:GLOROU,BKT.MC
2025-03-29 03:32:27.657,"Bankinter ADR continues uptrend, soars 45% and in top 6% of the market",urn:newsml:newsroom:20250329:nNRAvvjeob:0,NS:GLOROU,BKT.MC
2025-03-29 03:27:17.152,Weekly: Bankinter ADR (BKNIY: OTC: $11.34) decreases 0.7% on weak volume; -8c [0.7%],urn:newsml:newsroom:20250329:nNRAvvjcrg:0,NS:GLOROU,BKT.MC
2025-03-29 03:17:34.783,Bankinter soars 43% in past 3 months,urn:newsml:newsroom:20250329:nNRAvvja5x:0,NS:GLOROU,BKT.MC
2025-03-28 20:36:58.401,Bankinter's Earnings Growth Outperforms Sumitomo Mitsui Financial,urn:newsml:newsroom:20250328:nNRAvvfbbg:0,NS:GLOROU,BKT.MC
2025-03-28 19:36:50.199,Bankinter's Earnings Growth Lags ICICI Bank,urn:newsml:newsroom:20250328:nNRAvvepck:0,NS:GLOROU,BKT.MC
2025-03-28 18:52:08.460,Bankinter's Earnings Growth Outperforms Sumitomo Mitsui Financial,urn:newsml:newsroom:20250328:nNRAvve6ph:0,NS:GLOROU,BKT.MC
2025-03-28 18:36:57.264,Bankinter's Earnings Growth Lags HDFC Bank,urn:newsml:newsroom:20250328:nNRAvvdy69:0,NS:GLOROU,BKT.MC
2025-03-28 17:52:15.725,Bankinter's Earnings Growth Lags ICICI Bank,urn:newsml:newsroom:20250328:nNRAvvda1r:0,NS:GLOROU,BKT.MC
2025-03-28 17:37:07.946,Bankinter's Earnings Growth Lags Mitsubishi UFJ Financial,urn:newsml:newsroom:20250328:nNRAvvd36w:0,NS:GLOROU,BKT.MC
2025-03-28 17:23:04.179,"Weekly: Bankinter (BKT: EUR10.37) decreases 0.6%, 7 weeks' volume in a week; -6c [0.6%] Vol Index 7.5 [1 is avg]",urn:newsml:newsroom:20250328:nNRAvvcvow:0,NS:GLOWEE,BKT.MC
2025-03-28 17:17:31.455,"Bankinter (BKT: EUR10.37) drops 1.7%, 8 days' volume in a day; -18c [-1.7%] Vol Index 7.5 [1 is avg]",urn:newsml:newsroom:20250328:nNRAvvcrkb:0,NS:SPANEW,BKT.MC
2025-03-28 16:52:17.022,Bankinter's Earnings Growth Lags HDFC Bank,urn:newsml:newsroom:20250328:nNRAvvc8xc:0,NS:GLOROU,BKT.MC
2025-03-28 16:37:05.619,ADR Recap: Bankinter continues to outperform HDFC Bank by 4.3% in the past month,urn:newsml:newsroom:20250328:nNRAvvc1ok:0,NS:GLOROU,BKT.MC
2025-03-28 15:52:21.522,Bankinter's Earnings Growth Lags Mitsubishi UFJ Financial,urn:newsml:newsroom:20250328:nNRAvvbev4:0,NS:GLOROU,BKT.MC
2025-03-28 14:52:14.527,ADR Recap: Bankinter continues to outperform HDFC Bank by 4.3% in the past month,urn:newsml:newsroom:20250328:nNRAvvasww:0,NS:GLOROU,BKT.MC
2025-03-28 11:52:21.706,Bankinter soars 50% in past 3 months,urn:newsml:newsroom:20250328:nNRAvv8gou:0,NS:GLOROU,BKT.MC
2025-03-28 10:57:56.867,"Bankinter, S.A. (OTCMKTS:BKNIY) Short Interest Update",urn:newsml:newsroom:20250328:nNRAvv7ww2:0,NS:DAILYQ,BKT.MC
2025-03-28 08:42:07.038,"Bankinter, S.A. (OTCMKTS:BKNIY) Short Interest Update",urn:link:webnews:20250328:nNRAvv6txv:0,NS:MARBEA,BKT.MC
2025-03-28 07:12:23.882,Bankinter soars 50% in past 3 months,urn:newsml:newsroom:20250328:nNRAvv63ah:0,NS:GLOROU,BKT.MC
2025-03-28 03:07:25.756,Bankinter soars 50% in past 3 months,urn:newsml:newsroom:20250328:nNRAvv3xvx:0,NS:GLOROU,BKT.MC
2025-03-27 23:16:10.041,"Bankinter, S.A. (OTCMKTS:BKNIY) Short Interest Up 1,210.4% in March",urn:link:webnews:20250327:nNRAvv29ws:0,NS:WKRNEW,BKT.MC
2025-03-27 21:36:50.638,How Bankinter's dividend compares to Commonwealth Bank of Australia,urn:newsml:newsroom:20250327:nNRAvv1dvk:0,NS:GLOROU,BKT.MC
2025-03-27 20:41:56.165,Dancausa highlights Bankinter's strength and ability to grow independently,urn:newsml:newsroom:20250327:nNRAvv0r4r:0,NS:CENAFT,BKT.MC
2025-03-27 20:36:50.450,How Bankinter's dividend compares to Sumitomo Mitsui Financial,urn:newsml:newsroom:20250327:nNRAvv0q8l:0,NS:GLOROU,BKT.MC
2025-03-27 19:52:13.499,How Bankinter's dividend compares to Commonwealth Bank of Australia,urn:newsml:newsroom:20250327:nNRAvv0cxg:0,NS:GLOROU,BKT.MC
2025-03-27 19:36:56.830,How Bankinter's dividend compares to ICICI Bank,urn:newsml:newsroom:20250327:nNRAvv08hk:0,NS:GLOROU,BKT.MC
2025-03-27 18:52:12.730,How Bankinter's dividend compares to Sumitomo Mitsui Financial,urn:newsml:newsroom:20250327:nNRAvuzuko:0,NS:GLOROU,BKT.MC
2025-03-27 18:36:51.785,How Bankinter's dividend compares to HDFC Bank,urn:newsml:newsroom:20250327:nNRAvuzkha:0,NS:GLOROU,BKT.MC
2025-03-27 17:52:07.992,How Bankinter's dividend compares to ICICI Bank,urn:newsml:newsroom:20250327:nNRAvuyzd2:0,NS:GLOROU,BKT.MC
2025-03-27 17:36:59.564,How Bankinter's dividend compares to Mitsubishi UFJ Financial,urn:newsml:newsroom:20250327:nNRAvuyteb:0,NS:GLOROU,BKT.MC
2025-03-27 17:22:35.933,Bankinter (BKT: EUR10.55) offers dividend yield of 3.9%; -3c [-0.3%] Vol Index 6.4 [1 is avg],urn:newsml:newsroom:20250327:nNRAvuyogo:0,NS:SPANEW,BKT.MC
2025-03-27 16:52:13.142,How Bankinter's dividend compares to HDFC Bank,urn:newsml:newsroom:20250327:nNRAvuy9rp:0,NS:GLOROU,BKT.MC
2025-03-27 16:36:58.909,How Bankinter's dividend compares to UBS,urn:newsml:newsroom:20250327:nNRAvuxu6m:0,NS:GLOROU,BKT.MC
2025-03-27 15:52:12.795,How Bankinter's dividend compares to Mitsubishi UFJ Financial,urn:newsml:newsroom:20250327:nNRAvux1ec:0,NS:GLOROU,BKT.MC
2025-03-27 14:52:15.175,How Bankinter's dividend compares to UBS,urn:newsml:newsroom:20250327:nNRAvuw8rx:0,NS:GLOROU,BKT.MC
2025-03-27 14:14:11.070,Ortiz forecasts another record year for Bankinter and predicts a profit of 1 billion euros,urn:newsml:newsroom:20250327:nNRAvuvtqw:0,NS:NOTENG,BKT.MC
2025-03-27 11:47:22.334,Bankinter soars 49% in past 3 months,urn:newsml:newsroom:20250327:nNRAvutjc6:0,NS:GLOROU,BKT.MC
2025-03-27 08:12:15.613,Banco Santander's Earnings Growth Outperforms Bankinter,urn:newsml:newsroom:20250327:nNRAvurds9:0,NS:SPANEW,BKT.MC
2025-03-27 08:12:14.509,Banco de Sabadell's Earnings Growth Outperforms Bankinter,urn:newsml:newsroom:20250327:nNRAvurc56:0,NS:SPANEW,BKT.MC
2025-03-27 07:22:03.560,Bankinter soars 49% in past 3 months,urn:newsml:newsroom:20250327:nNRAvuqsoa:0,NS:GLOROU,BKT.MC
2025-03-27 03:17:33.707,Bankinter soars 49% in past 3 months,urn:newsml:newsroom:20250327:nNRAvuoq5j:0,NS:GLOROU,BKT.MC
2025-03-26 21:36:46.808,ADR Recap: Bankinter continues to underperform Mitsubishi UFJ Financial by 0.2% in the past month,urn:newsml:newsroom:20250326:nNRAvulw6r:0,NS:GLOROU,BKT.MC
2025-03-26 20:36:53.902,Bankinter Continues to Outperform its Peers,urn:newsml:newsroom:20250326:nNRAvulcoz:0,NS:GLOROU,BKT.MC
2025-03-26 19:53:00.486,ADR Recap: Bankinter continues to underperform Mitsubishi UFJ Financial by 0.2% in the past month,urn:newsml:newsroom:20250326:nNRAvukz8u:0,NS:GLOROU,BKT.MC
2025-03-26 19:37:03.971,How Bankinter's dividend compares to HSBC Holdings,urn:newsml:newsroom:20250326:nNRAvukst6:0,NS:GLOROU,BKT.MC
2025-03-26 18:52:11.486,Bankinter Continues to Outperform its Peers,urn:newsml:newsroom:20250326:nNRAvukcmm:0,NS:GLOROU,BKT.MC
2025-03-26 18:36:54.846,How Bankinter's dividend compares to Sumitomo Mitsui Financial,urn:newsml:newsroom:20250326:nNRAvuk4fa:0,NS:GLOROU,BKT.MC
2025-03-26 17:52:18.802,How Bankinter's dividend compares to HSBC Holdings,urn:newsml:newsroom:20250326:nNRAvujkk8:0,NS:GLOROU,BKT.MC
2025-03-26 17:36:59.962,How Bankinter's dividend compares to ICICI Bank,urn:newsml:newsroom:20250326:nNRAvujdog:0,NS:GLOROU,BKT.MC
2025-03-26 17:22:38.127,Bankinter (BKT: EUR10.58) offers earnings yield of 8.9%; Vol Index 14.8 [1 is avg],urn:newsml:newsroom:20250326:nNRAvuj7kv:0,NS:SPANEW,BKT.MC
2025-03-26 16:52:11.656,How Bankinter's dividend compares to Sumitomo Mitsui Financial,urn:newsml:newsroom:20250326:nNRAvuiqxo:0,NS:GLOROU,BKT.MC
2025-03-26 16:36:59.492,How Bankinter's dividend compares to HDFC Bank,urn:newsml:newsroom:20250326:nNRAvuie31:0,NS:GLOROU,BKT.MC
2025-03-26 15:52:12.547,How Bankinter's dividend compares to ICICI Bank,urn:newsml:newsroom:20250326:nNRAvuhrta:0,NS:GLOROU,BKT.MC
2025-03-26 14:52:08.972,How Bankinter's dividend compares to HDFC Bank,urn:newsml:newsroom:20250326:nNRAvugyoz:0,NS:GLOROU,BKT.MC
2025-03-26 11:37:33.890,Bankinter soars 49% in past 3 months,urn:newsml:newsroom:20250326:nNRAvudyl6:0,NS:GLOROU,BKT.MC
2025-03-26 10:12:18.806,How CaixaBank's dividend compares to Bankinter,urn:newsml:newsroom:20250326:nNRAvucq21:0,NS:SPANEW,BKT.MC
2025-03-26 09:12:51.712,How Banco Bilbao Vizcaya Argentaria's dividend compares to Bankinter,urn:newsml:newsroom:20250326:nNRAvubync:0,NS:SPANEW,BKT.MC
2025-03-26 09:12:51.595,How Banco Santander's dividend compares to Bankinter,urn:newsml:newsroom:20250326:nNRAvubyej:0,NS:SPANEW,BKT.MC
2025-03-26 09:12:50.227,How Banco de Sabadell's dividend compares to Bankinter,urn:newsml:newsroom:20250326:nNRAvubyei:0,NS:SPANEW,BKT.MC
2025-03-26 07:13:33.357,Bankinter soars 49% in past 3 months,urn:newsml:newsroom:20250326:nNRAvuado3:0,NS:GLOROU,BKT.MC
2025-03-26 03:07:45.828,Bankinter soars 49% in past 3 months,urn:newsml:newsroom:20250326:nNRAvu83h4:0,NS:GLOROU,BKT.MC
2025-03-25 20:37:07.717,ADR Recap: Bankinter continues to outperform UBS by 17.2% in the past month,urn:newsml:newsroom:20250325:nNRAvu511t:0,NS:GLOROU,BKT.MC
2025-03-25 19:36:53.563,How Bankinter's dividend compares to Mitsubishi UFJ Financial,urn:newsml:newsroom:20250325:nNRAvu4jfa:0,NS:GLOROU,BKT.MC
2025-03-25 18:52:13.853,ADR Recap: Bankinter continues to outperform UBS by 17.2% in the past month,urn:newsml:newsroom:20250325:nNRAvu43fp:0,NS:GLOROU,BKT.MC
2025-03-25 18:37:00.301,How Bankinter's dividend compares to UBS,urn:newsml:newsroom:20250325:nNRAvu3p18:0,NS:GLOROU,BKT.MC
2025-03-25 17:52:16.316,How Bankinter's dividend compares to Mitsubishi UFJ Financial,urn:newsml:newsroom:20250325:nNRAvu312i:0,NS:GLOROU,BKT.MC
2025-03-25 17:37:02.218,How Bankinter's dividend compares to HSBC Holdings,urn:newsml:newsroom:20250325:nNRAvu2tzn:0,NS:GLOROU,BKT.MC
2025-03-25 17:17:21.680,Bankinter (BKT: EUR10.58) shares rise after 3 days of declines; +22c [+2.1%] Vol Index 8.0 [1 is avg],urn:newsml:newsroom:20250325:nNRAvu2kj2:0,NS:SPANEW,BKT.MC
2025-03-25 16:52:16.409,How Bankinter's dividend compares to UBS,urn:newsml:newsroom:20250325:nNRAvu24fp:0,NS:GLOROU,BKT.MC
2025-03-25 16:37:05.998,How Bankinter's dividend compares to Commonwealth Bank of Australia,urn:newsml:newsroom:20250325:nNRAvu1u00:0,NS:GLOROU,BKT.MC
2025-03-25 15:52:12.027,How Bankinter's dividend compares to HSBC Holdings,urn:newsml:newsroom:20250325:nNRAvu171h:0,NS:GLOROU,BKT.MC
2025-03-25 14:52:12.602,How Bankinter's dividend compares to Commonwealth Bank of Australia,urn:newsml:newsroom:20250325:nNRAvu0d7m:0,NS:GLOROU,BKT.MC
2025-03-25 11:17:35.463,Bankinter soars 49% in past 3 months,urn:newsml:newsroom:20250325:nNRAvtwtvt:0,NS:GLOROU,BKT.MC
2025-03-25 10:28:00.114,"(EN) BANKINTER, S.A. Full Year (82735972)",urn:newsml:reuters.com:20250325:nGLF7ChjPF:3,NS:GLFILE,BKT.MC
2025-03-25 09:07:02.654,Tuesday's Preview: Can Bankinter rebound after being down?,urn:newsml:newsroom:20250325:nNRAvtuufs:0,NS:GLOROU,BKT.MC
2025-03-25 07:12:22.575,Bankinter soars 49% in past 3 months,urn:newsml:newsroom:20250325:nNRAvttg7o:0,NS:GLOROU,BKT.MC
2025-03-25 03:07:24.409,Bankinter soars 49% in past 3 months,urn:newsml:newsroom:20250325:nNRAvtr4yd:0,NS:GLOROU,BKT.MC
2025-03-24 18:07:02.506,CaixaBank continues to underperform Bankinter by 2.2% in the past month,urn:newsml:newsroom:20250324:nNRAvtmfbv:0,NS:SPANEW,BKT.MC
2025-03-24 17:22:29.074,"Bankinter (BKT: EUR10.36) keeps sliding, down 4.3% in 3 days; -46c [-4.3%] Vol Index 2.4 [1 is avg]",urn:newsml:newsroom:20250324:nNRAvtlv63:0,NS:SPANEW,BKT.MC
2025-03-24 17:07:14.545,Banco Santander continues to underperform Bankinter by 5.0% in the past month,urn:newsml:newsroom:20250324:nNRAvtll2i:0,NS:SPANEW,BKT.MC
2025-03-24 17:07:11.893,Banco Bilbao Vizcaya Argentaria continues to underperform Bankinter by 8.0% in the past month,urn:newsml:newsroom:20250324:nNRAvtlklg:0,NS:SPANEW,BKT.MC
2025-03-24 16:37:04.309,ADR Recap: Bankinter continues to outperform HSBC Holdings by 10.1% in the past month,urn:newsml:newsroom:20250324:nNRAvtl17d:0,NS:GLOROU,BKT.MC
2025-03-24 14:52:09.504,ADR Recap: Bankinter continues to outperform HSBC Holdings by 10.1% in the past month,urn:newsml:newsroom:20250324:nNRAvtjcwz:0,NS:GLOROU,BKT.MC
2025-03-24 14:13:09.993,How CaixaBank's dividend compares to Bankinter,urn:newsml:newsroom:20250324:nNRAvtiurc:0,NS:SPANEW,BKT.MC
2025-03-24 14:02:35.810,"Weekly: Bankinter ADR (BKNIY: OTC: $11.42) rises for a twelfth consecutive week, a twelve-week rise of 49%; +$3.77 [49.3%]",urn:newsml:newsroom:20250324:nNRAvtipxx:0,NS:GLOROU,BKT.MC
2025-03-24 12:52:11.864,"Weekly: Bankinter ADR (BKNIY: OTC: $11.42) rises for a twelfth consecutive week, a twelve-week rise of 49%; +$3.77 [49.3%]",urn:newsml:newsroom:20250324:nNRAvthu6c:0,NS:GLOROU,BKT.MC
2025-03-24 12:02:20.811,"Weekly: Bankinter ADR (BKNIY: OTC: $11.42) rises for a twelfth consecutive week, a twelve-week rise of 49%; +$3.77 [49.3%]",urn:newsml:newsroom:20250324:nNRAvtgu3e:0,NS:GLOROU,BKT.MC
2025-03-24 11:13:15.443,Last call to collect the Sabadell dividend,urn:newsml:newsroom:20250324:nNRAvtg9v3:0,NS:NOTENG,BKT.MC
2025-03-24 10:12:57.276,How Banco Bilbao Vizcaya Argentaria's dividend compares to Bankinter,urn:newsml:newsroom:20250324:nNRAvtfewm:0,NS:SPANEW,BKT.MC
2025-03-24 10:12:54.599,How Banco Santander's dividend compares to Bankinter,urn:newsml:newsroom:20250324:nNRAvtffwb:0,NS:SPANEW,BKT.MC
2025-03-24 10:12:53.241,How Banco de Sabadell's dividend compares to Bankinter,urn:newsml:newsroom:20250324:nNRAvtfewn:0,NS:SPANEW,BKT.MC
2025-03-24 06:52:10.004,"Weekly: Bankinter ADR (BKNIY: OTC: $11.42) rises for a twelfth consecutive week, a twelve-week rise of 49%; +$3.77 [49.3%]",urn:newsml:newsroom:20250324:nNRAvtczad:0,NS:GLOROU,BKT.MC
2025-03-24 04:42:57.552,"Bankinter ADR continues uptrend, soars 46% and in top 6% of the market",urn:newsml:newsroom:20250324:nNRAvtboyf:0,NS:GLOROU,BKT.MC
2025-03-24 04:42:15.395,"Bankinter ADR continues uptrend, soars 46% and in top 6% of the market",urn:newsml:newsroom:20250324:nNRAvtboei:0,NS:GLOROU,BKT.MC
2025-03-24 04:32:33.588,"Weekly: Bankinter ADR (BKNIY: OTC: $11.42) rises for a twelfth consecutive week, a twelve-week rise of 49%; +$3.77 [49.3%]",urn:newsml:newsroom:20250324:nNRAvtbkyb:0,NS:GLOROU,BKT.MC
2025-03-23 11:45:08.524,"Bankinter, S.A. (OTCMKTS:BKNIY) Plans $0.11 Dividend",urn:link:webnews:20250323:nNRAvt6w94:0,NS:WKRNEW,BKT.MC
2025-03-22 22:52:07.733,"Bankinter, S.A. Declares Dividend of $0.11 (OTCMKTS:BKNIY)",urn:link:webnews:20250322:nNRAvt2sku:0,NS:MARBEA,BKT.MC
2025-03-22 14:19:16.574,Bankinter announces dividend,urn:newsml:newsroom:20250322:nNRAvt0qwp:0,NS:NEWWIR,BKT.MC
2025-03-22 14:19:08.237,Bankinter soars 50% in past 3 months,urn:newsml:newsroom:20250322:nNRAvt0qiz:0,NS:GLOROU,BKT.MC
2025-03-22 12:17:13.322,"Bankinter, S.A. Announces Dividend of $0.11 (OTCMKTS:BKNIY)",urn:newsml:newsroom:20250322:nNRAvszzju:0,NS:TICREP,BKT.MC
2025-03-22 07:12:31.766,Bankinter soars 50% in past 3 months,urn:newsml:newsroom:20250322:nNRAvsxr52:0,NS:GLOROU,BKT.MC
2025-03-22 05:27:56.671,Weekly: Bankinter (BKT: EUR10.43) keeps rising: up 28% in 8 weeks; +11c [1.1%] Vol Index 2.8 [1 is avg],urn:newsml:newsroom:20250322:nNRAvswxbk:0,NS:GLOWEE,BKT.MC
2025-03-22 03:12:30.494,Bankinter soars 50% in past 3 months,urn:newsml:newsroom:20250322:nNRAvsw15q:0,NS:GLOROU,BKT.MC
2025-03-22 00:40:35.264,"Bankinter, S.A. (OTCMKTS:BKNIY) Announces $0.11 Dividend",urn:newsml:newsroom:20250322:nNRAvsv29q:0,NS:CERGEM,BKT.MC
2025-03-21 22:32:07.697,"Bankinter, S.A. Declares Dividend of $0.11 (OTCMKTS:BKNIY)",urn:newsml:newsroom:20250321:nNRAvsu5so:0,NS:WATNEW,BKT.MC
2025-03-21 17:22:46.435,Weekly: Bankinter (BKT: EUR10.43) keeps rising: up 28% in 8 weeks; +11c [1.1%] Vol Index 2.8 [1 is avg],urn:newsml:newsroom:20250321:nNRAvsrdqv:0,NS:GLOWEE,BKT.MC
2025-03-21 17:17:25.388,Bankinter (BKT: EUR10.43) offers dividend yield of 5%; -8c [-0.8%],urn:newsml:newsroom:20250321:nNRAvsrbbk:0,NS:SPANEW,BKT.MC
2025-03-21 16:36:59.749,ADR Recap: Bankinter continues to outperform ICICI Bank by 43.4% year to date,urn:newsml:newsroom:20250321:nNRAvsqlpb:0,NS:GLOROU,BKT.MC
2025-03-21 14:52:11.501,ADR Recap: Bankinter continues to outperform ICICI Bank by 43.4% year to date,urn:newsml:newsroom:20250321:nNRAvsp439:0,NS:GLOROU,BKT.MC
2025-03-21 11:52:53.014,Bankinter soars 49% in past 3 months,urn:newsml:newsroom:20250321:nNRAvsm60n:0,NS:GLOROU,BKT.MC
2025-03-21 09:22:18.014,"Bankinter, S.A. (OTCMKTS:BKNIY) Short Interest Up 18.4% in February",urn:newsml:newsroom:20250321:nNRAvsjxip:0,NS:TRADAJ,BKT.MC
2025-03-21 07:19:11.127,Bankinter soars 49% in past 3 months,urn:newsml:newsroom:20250321:nNRAvsig7m:0,NS:GLOROU,BKT.MC
2025-03-21 07:10:33.000,Bankinter SA - 2024 Consolidated Statement of Non-Financial Information and Sustainability Information,urn:newsml:reuters.com:20250321:nNDL6b0vSF:1,NS:PUBT,BKT.MC
2025-03-21 03:12:11.321,Bankinter soars 49% in past 3 months,urn:newsml:newsroom:20250321:nNRAvsg53w:0,NS:GLOROU,BKT.MC
2025-03-21 00:00:00.000,"Bankinter ADR continues uptrend, soars 46% and in top 6% of the market",urn:newsml:newsroom:20250324:nNRAvtbmtv:0,NS:GLOROU,BKT.MC
2025-03-21 00:00:00.000,Weekly: Bankinter ADR (BKNIY: OTC: $11.42) keeps rising: up 49% in 12 weeks,urn:newsml:newsroom:20250324:nNRAvtbhln:0,NS:GLOROU,BKT.MC
2025-03-21 00:00:00.000,"Weekly: Bankinter ADR (BKNIY: OTC: $11.42) rises for a twelfth consecutive week, a twelve-week rise of 49%; +7c [0.6%]",urn:newsml:newsroom:20250324:nNRAvtbhh8:0,NS:GLOROU,BKT.MC
2025-03-20 21:47:11.216,Bankinter (OTCMKTS:BKNIY) Hits New 52-Week High – Should You Buy?,urn:newsml:newsroom:20250320:nNRAvsdpy9:0,NS:TRADAJ,BKT.MC
2025-03-20 21:41:54.143,"CaixaBank, Bankinter, Unicaja, Santander, BBVA and Sabadell lead the Ibex in losses",urn:newsml:newsroom:20250320:nNRAvsdpon:0,NS:CENAFT,BKT.MC
2025-03-20 17:22:52.758,Bankinter (BKT: EUR10.51) offers earnings yield of 8.9%; -31c [-2.9%] Vol Index 6.6 [1 is avg],urn:newsml:newsroom:20250320:nNRAvsb3q3:0,NS:SPANEW,BKT.MC
2025-03-20 14:52:10.495,ADR Recap: Bankinter continues to outperform HDFC Bank by 52.0% year to date,urn:newsml:newsroom:20250320:nNRAvs8h1t:0,NS:GLOROU,BKT.MC
2025-03-20 12:41:09.963,"Bankinter, S.A. (OTCMKTS:BKNIY) Short Interest Up 18.4% in February",urn:link:webnews:20250320:nNRAvs6dwb:0,NS:MARBEA,BKT.MC
2025-03-20 11:23:25.803,Bankinter soars 55% in past 3 months,urn:newsml:newsroom:20250320:nNRAvs58dt:0,NS:GLOROU,BKT.MC
2025-03-20 07:07:30.676,Bankinter soars 55% in past 3 months,urn:newsml:newsroom:20250320:nNRAvs1yb9:0,NS:GLOROU,BKT.MC
2025-03-20 07:00:39.597,REG - European Smaller Co. - Results for the half-year to 31 December 2024,urn:newsml:newsroom:20250320:nRST3686Ba:0,NS:LSE,BKT.MC
2025-03-20 03:02:17.385,Bankinter soars 55% in past 3 months,urn:newsml:newsroom:20250320:nNRAvrzraq:0,NS:GLOROU,BKT.MC
2025-03-19 22:17:25.872,Bankinter (OTCMKTS:BKNIY) Reaches New 1-Year High - Should You Buy?,urn:link:webnews:20250319:nNRAvrx9kk:0,NS:MARBEA,BKT.MC
2025-03-19 17:36:58.600,ADR Recap: Bankinter continues to outperform Mitsubishi UFJ Financial by 28.8% year to date,urn:newsml:newsroom:20250319:nNRAvrv597:0,NS:GLOROU,BKT.MC
2025-03-19 17:17:23.951,Bankinter (BKT: EUR10.82) hits year-high 22nd time in three months; +8c [+0.7%],urn:newsml:newsroom:20250319:nNRAvrv0y3:0,NS:SPANEW,BKT.MC
2025-03-19 16:36:58.115,Bankinter Continues to Outperform its Peers,urn:newsml:newsroom:20250319:nNRAvruhht:0,NS:GLOROU,BKT.MC
2025-03-19 15:52:07.338,ADR Recap: Bankinter continues to outperform Mitsubishi UFJ Financial by 28.8% year to date,urn:newsml:newsroom:20250319:nNRAvru1s4:0,NS:GLOROU,BKT.MC
2025-03-19 14:52:09.343,Bankinter Continues to Outperform its Peers,urn:newsml:newsroom:20250319:nNRAvrsnir:0,NS:GLOROU,BKT.MC
2025-03-19 11:37:32.448,Bankinter soars 59% in past 3 months,urn:newsml:newsroom:20250319:nNRAvrpim1:0,NS:GLOROU,BKT.MC
2025-03-19 07:21:58.321,Bankinter soars 59% in past 3 months,urn:newsml:newsroom:20250319:nNRAvrmbtk:0,NS:GLOROU,BKT.MC
2025-03-19 03:17:16.476,Bankinter soars 59% in past 3 months,urn:newsml:newsroom:20250319:nNRAvrjvn6:0,NS:GLOROU,BKT.MC
2025-03-18 22:22:00.443,Bankinter (OTCMKTS:BKNIY) Reaches New 1-Year High – Should You Buy?,urn:newsml:newsroom:20250318:nNRAvrhfhr:0,NS:MARDAJ,BKT.MC
2025-03-18 22:20:06.787,Bankinter (OTCMKTS:BKNIY) Reaches New 1-Year High – Should You Buy?,urn:newsml:newsroom:20250318:nNRAvrhenx:0,NS:STOOBS,BKT.MC
2025-03-18 17:17:09.400,Bankinter (BKT: EUR10.74) in top 2% performers of IBEX 35 Index; +45c [+4.4%],urn:newsml:newsroom:20250318:nNRAvre1o8:0,NS:SPANEW,BKT.MC
2025-03-18 16:36:59.038,ADR Recap: Bankinter continues to outperform UBS by 35.8% year to date,urn:newsml:newsroom:20250318:nNRAvrdg99:0,NS:GLOROU,BKT.MC
2025-03-18 14:52:06.382,ADR Recap: Bankinter continues to outperform UBS by 35.8% year to date,urn:newsml:newsroom:20250318:nNRAvrbzne:0,NS:GLOROU,BKT.MC
2025-03-18 11:32:43.851,Bankinter surges 41% in past 3 months,urn:newsml:newsroom:20250318:nNRAvr92ye:0,NS:GLOROU,BKT.MC
2025-03-18 07:22:17.655,Bankinter surges 41% in past 3 months,urn:newsml:newsroom:20250318:nNRAvr5qex:0,NS:GLOROU,BKT.MC
2025-03-18 03:17:28.508,Bankinter surges 41% in past 3 months,urn:newsml:newsroom:20250318:nNRAvr2tyq:0,NS:GLOROU,BKT.MC
2025-03-17 18:16:51.676,CaixaBank continues to underperform Bankinter by 1.1% year to date,urn:newsml:newsroom:20250317:nNRAvqxgmf:0,NS:SPANEW,BKT.MC
2025-03-17 17:27:07.029,Bankinter (BKT: EUR10.29) offers dividend yield of 5%; -3c [-0.3%] Vol Index 6.0 [1 is avg],urn:newsml:newsroom:20250317:nNRAvqwucu:0,NS:SPANEW,BKT.MC
2025-03-17 17:16:43.089,Banco Bilbao Vizcaya Argentaria continues to outperform Bankinter by 4.4% year to date,urn:newsml:newsroom:20250317:nNRAvqwn59:0,NS:SPANEW,BKT.MC
2025-03-17 17:16:42.688,Banco Santander continues to outperform Bankinter by 4.2% year to date,urn:newsml:newsroom:20250317:nNRAvqwno3:0,NS:SPANEW,BKT.MC
2025-03-17 16:46:02.032,ADR Recap: Bankinter continues to outperform HSBC Holdings by 29.8% year to date,urn:newsml:newsroom:20250317:nNRAvqw6is:0,NS:GLOROU,BKT.MC
2025-03-17 14:52:08.337,ADR Recap: Bankinter continues to outperform HSBC Holdings by 29.8% year to date,urn:newsml:newsroom:20250317:nNRAvquldh:0,NS:GLOROU,BKT.MC
2025-03-17 14:13:21.662,How CaixaBank's dividend compares to Bankinter,urn:newsml:newsroom:20250317:nNRAvqu62h:0,NS:SPANEW,BKT.MC
2025-03-17 13:47:04.020,"Weekly: Bankinter ADR (BKNIY: OTC: $11.35) increases 1.3%, 3 weeks' volume in a week; +15c [1.3%] Vol Index 2.5 [1 is avg]",urn:newsml:newsroom:20250317:nNRAvqtrnw:0,NS:GLOROU,BKT.MC
2025-03-17 12:57:24.468,"Weekly: Bankinter ADR (BKNIY: OTC: $11.35) increases 1.3%, 3 weeks' volume in a week; +15c [1.3%] Vol Index 2.5 [1 is avg]",urn:newsml:newsroom:20250317:nNRAvqt5fq:0,NS:GLOROU,BKT.MC
2025-03-17 11:57:04.772,"Weekly: Bankinter ADR (BKNIY: OTC: $11.35) increases 1.3%, 3 weeks' volume in a week; +15c [1.3%] Vol Index 2.5 [1 is avg]",urn:newsml:newsroom:20250317:nNRAvqrv1o:0,NS:GLOROU,BKT.MC
2025-03-17 10:12:16.233,How Banco Santander's dividend compares to Bankinter,urn:newsml:newsroom:20250317:nNRAvqqjko:0,NS:SPANEW,BKT.MC
2025-03-17 10:12:11.772,How Banco Bilbao Vizcaya Argentaria's dividend compares to Bankinter,urn:newsml:newsroom:20250317:nNRAvqqig8:0,NS:SPANEW,BKT.MC
2025-03-17 10:12:09.521,How Banco de Sabadell's dividend compares to Bankinter,urn:newsml:newsroom:20250317:nNRAvqqig6:0,NS:SPANEW,BKT.MC
2025-03-17 06:47:18.620,"Weekly: Bankinter ADR (BKNIY: OTC: $11.35) increases 1.3%, 3 weeks' volume in a week; +15c [1.3%] Vol Index 2.5 [1 is avg]",urn:newsml:newsroom:20250317:nNRAvqnxhk:0,NS:GLOROU,BKT.MC
2025-03-17 00:51:58.569,Bankinter surges 40% in past 3 months,urn:newsml:newsroom:20250317:nNRAvql7jk:0,NS:GLOROU,BKT.MC
2025-03-16 21:07:12.627,"Weekly: Bankinter ADR (BKNIY: OTC: $11.35) increases 1.3%, 3 weeks' volume in a week; +15c [1.3%] Vol Index 2.5 [1 is avg]",urn:newsml:newsroom:20250316:nNRAvqk7vf:0,NS:GLOROU,BKT.MC
2025-03-16 20:51:57.851,Bankinter surges 40% in past 3 months,urn:newsml:newsroom:20250316:nNRAvqk6wq:0,NS:GLOROU,BKT.MC
2025-03-16 17:03:34.884,Bankinter ADR soars 45% in 2025,urn:newsml:newsroom:20250316:nNRAvqj9pb:0,NS:GLOROU,BKT.MC
2025-03-16 17:03:28.927,Bankinter ADR soars 45% in 2025,urn:newsml:newsroom:20250316:nNRAvqj9dw:0,NS:GLOROU,BKT.MC
2025-03-16 17:02:27.428,Bankinter ADR soars 45% in 2025,urn:newsml:newsroom:20250316:nNRAvqj8la:0,NS:GLOROU,BKT.MC
2025-03-16 16:52:57.809,"Weekly: Bankinter ADR (BKNIY: OTC: $11.35) rises for an eleventh consecutive week, an eleven-week rise of 48%",urn:newsml:newsroom:20250316:nNRAvqj6ns:0,NS:GLOROU,BKT.MC
2025-03-16 16:52:32.067,"Weekly: Bankinter ADR (BKNIY: OTC: $11.35) increases 1.3%, 3 weeks' volume in a week; +15c [1.3%] Vol Index 2.5 [1 is avg]",urn:newsml:newsroom:20250316:nNRAvqj5kd:0,NS:GLOROU,BKT.MC
2025-03-16 16:47:42.494,Bankinter surges 40% in past 3 months,urn:newsml:newsroom:20250316:nNRAvqj3da:0,NS:GLOROU,BKT.MC
2025-03-15 05:27:05.020,Weekly: Bankinter (BKT: EUR10.32) lifts 2.8% - outperforming 82% of stocks; +28c [2.8%] Vol Index 2.9 [1 is avg],urn:newsml:newsroom:20250315:nNRAvq7bhd:0,NS:GLOWEE,BKT.MC
2025-03-14 17:22:11.199,Weekly: Bankinter (BKT: EUR10.32) lifts 2.8% - outperforming 82% of stocks; +28c [2.8%] Vol Index 2.9 [1 is avg],urn:newsml:newsroom:20250314:nNRAvq2egn:0,NS:GLOWEE,BKT.MC
2025-03-14 17:17:36.475,Bankinter (BKT: EUR10.32) offers earnings yield of 9.1%; +29c [+2.9%],urn:newsml:newsroom:20250314:nNRAvq2cyc:0,NS:SPANEW,BKT.MC
2025-03-14 16:36:55.125,ADR Recap: Bankinter continues to outperform HDFC Bank by 45.5% in the past three months,urn:newsml:newsroom:20250314:nNRAvq1o46:0,NS:GLOROU,BKT.MC
2025-03-14 14:52:05.930,ADR Recap: Bankinter continues to outperform HDFC Bank by 45.5% in the past three months,urn:newsml:newsroom:20250314:nNRAvq0b5n:0,NS:GLOROU,BKT.MC
2025-03-14 12:02:14.980,Bankinter surges 35% in past 3 months,urn:newsml:newsroom:20250314:nNRAvpxdbi:0,NS:GLOROU,BKT.MC
2025-03-14 08:12:11.119,Banco Santander's Earnings Growth Outperforms Bankinter,urn:newsml:newsroom:20250314:nNRAvpu70h:0,NS:SPANEW,BKT.MC
2025-03-14 08:12:09.672,Banco de Sabadell's Earnings Growth Outperforms Bankinter,urn:newsml:newsroom:20250314:nNRAvpu6ho:0,NS:SPANEW,BKT.MC
2025-03-14 08:02:20.866,Bankinter surges 35% in past 3 months,urn:newsml:newsroom:20250314:nNRAvpu32y:0,NS:GLOROU,BKT.MC
2025-03-14 03:57:39.647,Bankinter surges 35% in past 3 months,urn:newsml:newsroom:20250314:nNRAvprn9o:0,NS:GLOROU,BKT.MC
2025-03-14 01:13:52.372,"Línea Directa expects 200,000 more policyholders this year and to recover what was lost during the crisis",urn:newsml:newsroom:20250314:nNRAvpq91v:0,NS:NOTENG,BKT.MC
2025-03-13 17:17:31.761,Bankinter (BKT: EUR10.03) falls 1.9% from 14-day high; -5c [-0.5%],urn:newsml:newsroom:20250313:nNRAvplslt:0,NS:SPANEW,BKT.MC
2025-03-13 16:36:59.984,ADR Recap: Bankinter continues to outperform Mitsubishi UFJ Financial by 30.8% in the past three months,urn:newsml:newsroom:20250313:nNRAvpl4p6:0,NS:GLOROU,BKT.MC
2025-03-13 14:51:58.342,ADR Recap: Bankinter continues to outperform Mitsubishi UFJ Financial by 30.8% in the past three months,urn:newsml:newsroom:20250313:nNRAvpjmyi:0,NS:GLOROU,BKT.MC
2025-03-13 13:42:02.952,Bankinter soars 38% in past 3 months,urn:newsml:newsroom:20250313:nNRAvpikys:0,NS:GLOROU,BKT.MC
2025-03-13 09:42:33.756,Bankinter soars 38% in past 3 months,urn:newsml:newsroom:20250313:nNRAvpf0gi:0,NS:GLOROU,BKT.MC
2025-03-13 06:13:19.698,Comsa hires Álvarez & Marsal and Cuatrecasas to renegotiate 350M of debt,urn:newsml:newsroom:20250313:nNRAvpcjyd:0,NS:NOTENG,BKT.MC
2025-03-13 05:37:37.277,Bankinter soars 38% in past 3 months,urn:newsml:newsroom:20250313:nNRAvpc5au:0,NS:GLOROU,BKT.MC
2025-03-13 04:18:06.168,Bankinter (OTCMKTS:BKNIY) Shares Cross Above 200-Day Moving Average – Time to Sell?,urn:newsml:newsroom:20250313:nNRAvpb7g9:0,NS:COMFIN,BKT.MC
2025-03-12 22:48:07.827,Bank of America Raises USD1.84 Billion in Public Offering of Floating Rate Senior Notes Due 2027,urn:newsml:reuters.com:20250312:nNRAvp91vj:1,NS:DATMTR,BKT.MC
2025-03-12 17:17:31.237,Bankinter (BKT: EUR10.08) in 2nd consecutive rise; +10c [+1.0%] Vol Index 4.3 [1 is avg],urn:newsml:newsroom:20250312:nNRAvp5urm:0,NS:SPANEW,BKT.MC
2025-03-12 06:17:44.939,Bankinter soars 37% in past 3 months,urn:newsml:newsroom:20250312:nNRAvox6lt:0,NS:GLOROU,BKT.MC
2025-03-11 17:17:27.600,Bankinter (BKT: EUR9.99) offers dividend yield of 5.2%; +1c [+0.1%] Vol Index 4.5 [1 is avg],urn:newsml:newsroom:20250311:nNRAvoqgs5:0,NS:SPANEW,BKT.MC
2025-03-11 16:36:59.535,ADR Recap: Bankinter continues to outperform UBS by 38.2% in the past three months,urn:newsml:newsroom:20250311:nNRAvopomb:0,NS:GLOROU,BKT.MC
2025-03-11 14:51:59.812,ADR Recap: Bankinter continues to outperform UBS by 38.2% in the past three months,urn:newsml:newsroom:20250311:nNRAvoo93n:0,NS:GLOROU,BKT.MC
2025-03-11 12:22:25.090,Bankinter soars 36% in past 3 months,urn:newsml:newsroom:20250311:nNRAvom54i:0,NS:GLOROU,BKT.MC
2025-03-11 08:17:23.726,Bankinter soars 36% in past 3 months,urn:newsml:newsroom:20250311:nNRAvoii6b:0,NS:GLOROU,BKT.MC
2025-03-11 04:07:38.566,Bankinter soars 36% in past 3 months,urn:newsml:newsroom:20250311:nNRAvofto5:0,NS:GLOROU,BKT.MC
2025-03-10 18:07:29.132,CaixaBank continues to outperform Bankinter by 1.0% in the past three months,urn:newsml:newsroom:20250310:nNRAvob2ml:0,NS:SPANEW,BKT.MC
2025-03-10 17:17:31.819,Bankinter (BKT: EUR9.98) offers earnings yield of 9.4%; -6c [-0.6%] Vol Index 5.2 [1 is avg],urn:newsml:newsroom:20250310:nNRAvoagq5:0,NS:SPANEW,BKT.MC
2025-03-10 17:07:06.710,Banco Bilbao Vizcaya Argentaria continues to outperform Bankinter by 6.3% in the past three months,urn:newsml:newsroom:20250310:nNRAvoac7r:0,NS:SPANEW,BKT.MC
2025-03-10 17:07:06.707,Banco Santander continues to outperform Bankinter by 3.3% in the past three months,urn:newsml:newsroom:20250310:nNRAvoac7s:0,NS:SPANEW,BKT.MC
2025-03-10 16:36:59.797,ADR Recap: Bankinter continues to outperform HSBC Holdings by 12.0% in the past three months,urn:newsml:newsroom:20250310:nNRAvo9ug7:0,NS:GLOROU,BKT.MC
2025-03-10 14:52:06.387,ADR Recap: Bankinter continues to outperform HSBC Holdings by 12.0% in the past three months,urn:newsml:newsroom:20250310:nNRAvo8dok:0,NS:GLOROU,BKT.MC
2025-03-10 14:13:15.634,How CaixaBank's dividend compares to Bankinter,urn:newsml:newsroom:20250310:nNRAvo82rj:0,NS:SPANEW,BKT.MC
2025-03-10 14:07:31.217,Weekly: Bankinter ADR (BKNIY: OTC: $11.20) accelerates rise: up 14% in 2 weeks; +$1.35 [13.7%],urn:newsml:newsroom:20250310:nNRAvo7ya9:0,NS:GLOROU,BKT.MC
2025-03-10 13:52:39.485,Weekly: Bankinter ADR (BKNIY: OTC: $11.20) accelerates rise: up 14% in 2 weeks; +$1.35 [13.7%],urn:newsml:newsroom:20250310:nNRAvo7r5h:0,NS:GLOROU,BKT.MC
2025-03-10 11:57:04.766,Weekly: Bankinter ADR (BKNIY: OTC: $11.20) accelerates rise: up 14% in 2 weeks; +$1.35 [13.7%],urn:newsml:newsroom:20250310:nNRAvo5yhr:0,NS:GLOROU,BKT.MC
2025-03-10 10:37:06.433,Monthly: Bankinter ADR (BKNIY: $9.95) gains 10% on weak volume in February 2025,urn:newsml:newsroom:20250310:nNRAvo4rhm:0,NS:GLOROU,BKT.MC
2025-03-10 10:12:13.777,How Banco Santander's dividend compares to Bankinter,urn:newsml:newsroom:20250310:nNRAvo4iqo:0,NS:SPANEW,BKT.MC
2025-03-10 10:12:13.369,How Banco Bilbao Vizcaya Argentaria's dividend compares to Bankinter,urn:newsml:newsroom:20250310:nNRAvo4hfb:0,NS:SPANEW,BKT.MC
2025-03-10 10:12:11.756,How Banco de Sabadell's dividend compares to Bankinter,urn:newsml:newsroom:20250310:nNRAvo4iaj:0,NS:SPANEW,BKT.MC
2025-03-10 06:47:04.319,Weekly: Bankinter ADR (BKNIY: OTC: $11.20) accelerates rise: up 14% in 2 weeks; +$1.35 [13.7%],urn:newsml:newsroom:20250310:nNRAvo22gc:0,NS:GLOROU,BKT.MC
2025-03-09 21:07:05.955,Weekly: Bankinter ADR (BKNIY: OTC: $11.20) accelerates rise: up 14% in 2 weeks; +$1.35 [13.7%],urn:newsml:newsroom:20250309:nNRAvnyq9s:0,NS:GLOROU,BKT.MC
2025-03-08 14:33:42.393,Bankinter soars 37% in past 3 months,urn:newsml:newsroom:20250308:nNRAvnpzlr:0,NS:GLOROU,BKT.MC
2025-03-08 09:12:01.649,Bankinter soars 37% in past 3 months,urn:newsml:newsroom:20250308:nNRAvnng26:0,NS:GLOROU,BKT.MC
2025-03-08 05:27:17.981,Weekly: Bankinter (BKT: EUR10.04) in top 3% performers of IBEX 35 Index in past week; +71c [7.6%] Vol Index 2.6 [1 is avg],urn:newsml:newsroom:20250308:nNRAvnlk7g:0,NS:GLOWEE,BKT.MC
2025-03-08 05:12:56.957,"Weekly: Bankinter ADR (BKNIY: OTC: $11.20) rises for a tenth consecutive week, a ten-week rise of 46%",urn:newsml:newsroom:20250308:nNRAvnlf9o:0,NS:GLOROU,BKT.MC
2025-03-08 05:12:16.263,Weekly: Bankinter ADR (BKNIY: OTC: $11.20) accelerates rise: up 14% in 2 weeks; +$1.25 [12.6%],urn:newsml:newsroom:20250308:nNRAvnle7x:0,NS:GLOROU,BKT.MC
2025-03-08 05:07:27.367,Bankinter soars 37% in past 3 months,urn:newsml:newsroom:20250308:nNRAvnlbzo:0,NS:GLOROU,BKT.MC
2025-03-07 17:36:59.863,ADR Recap: Bankinter continues to outperform ICICI Bank by 27.9% in the past month,urn:newsml:newsroom:20250307:nNRAvnfhto:0,NS:GLOROU,BKT.MC
2025-03-07 17:22:28.949,Weekly: Bankinter (BKT: EUR10.04) in top 3% performers of IBEX 35 Index in past week; +71c [7.6%] Vol Index 2.6 [1 is avg],urn:newsml:newsroom:20250307:nNRAvnf84c:0,NS:GLOWEE,BKT.MC
2025-03-07 17:17:31.402,"Bankinter (BKT: EUR10.04) keeps rising, up 7.4% in 3 days; +69c [+7.4%] Vol Index 1.7 [1 is avg]",urn:newsml:newsroom:20250307:nNRAvnf5z3:0,NS:SPANEW,BKT.MC
2025-03-07 15:52:10.023,ADR Recap: Bankinter continues to outperform ICICI Bank by 27.9% in the past month,urn:newsml:newsroom:20250307:nNRAvndt73:0,NS:GLOROU,BKT.MC
2025-03-07 12:02:25.563,Bankinter surges 32% in past 3 months,urn:newsml:newsroom:20250307:nNRAvnalcq:0,NS:GLOROU,BKT.MC
2025-03-07 08:12:01.875,Banco Santander's Earnings Growth Outperforms Bankinter,urn:newsml:newsroom:20250307:nNRAvn7glc:0,NS:SPANEW,BKT.MC
2025-03-07 08:12:00.508,Banco de Sabadell's Earnings Growth Outperforms Bankinter,urn:newsml:newsroom:20250307:nNRAvn7g65:0,NS:SPANEW,BKT.MC
2025-03-07 08:02:15.238,Bankinter surges 32% in past 3 months,urn:newsml:newsroom:20250307:nNRAvn78pe:0,NS:GLOROU,BKT.MC
2025-03-07 03:57:24.858,Bankinter surges 32% in past 3 months,urn:newsml:newsroom:20250307:nNRAvn4xhq:0,NS:GLOROU,BKT.MC
2025-03-06 17:37:08.077,The Short-Term Bullish Case For Bankinter,urn:newsml:newsroom:20250306:nNRAvmz2jo:0,NS:GLOROU,BKT.MC
2025-03-06 17:37:00.327,ADR Recap: Bankinter continues to outperform HDFC Bank by 21.0% in the past month,urn:newsml:newsroom:20250306:nNRAvmz2hf:0,NS:GLOROU,BKT.MC
2025-03-06 17:17:15.200,Bankinter (BKT: EUR10.01) hits year-high 18th time in three months; +11c [+1.1%] Vol Index 5.0 [1 is avg],urn:newsml:newsroom:20250306:nNRAvmyu3f:0,NS:SPANEW,BKT.MC
2025-03-06 15:52:25.181,The Short-Term Bullish Case For Bankinter,urn:newsml:newsroom:20250306:nNRAvmxhcs:0,NS:GLOROU,BKT.MC
2025-03-06 15:52:14.180,ADR Recap: Bankinter continues to outperform HDFC Bank by 21.0% in the past month,urn:newsml:newsroom:20250306:nNRAvmxg11:0,NS:GLOROU,BKT.MC
2025-03-06 12:02:18.262,Bankinter surges 33% in past 3 months,urn:newsml:newsroom:20250306:nNRAvmu2xf:0,NS:GLOROU,BKT.MC
2025-03-06 08:02:51.709,Bankinter surges 33% in past 3 months,urn:newsml:newsroom:20250306:nNRAvmqw8x:0,NS:GLOROU,BKT.MC
2025-03-06 04:02:15.669,Bankinter surges 33% in past 3 months,urn:newsml:newsroom:20250306:nNRAvmolh0:0,NS:GLOROU,BKT.MC
2025-03-05 18:36:59.161,ADR Recap: Bankinter continues to outperform Mitsubishi UFJ Financial by 11.7% in the past month,urn:newsml:newsroom:20250305:nNRAvmjq7s:0,NS:GLOROU,BKT.MC
2025-03-05 17:37:00.636,Bankinter Continues to Underperform its Peers,urn:newsml:newsroom:20250305:nNRAvmix65:0,NS:GLOROU,BKT.MC
2025-03-05 17:22:35.300,"SPANISH BANKS COMPANY TOP 1 DAILY: TOP MOMENTUM UP IN THE PAST WEEK End-of-day: Wednesday March 05, 2025 16:00 (EST: 10:00, GMT: 15:00)",urn:newsml:newsroom:20250305:nNRAvmiql8:0,NS:GLOUPM,BKT.MC
2025-03-05 17:17:32.857,Bankinter (BKT: EUR9.90) offers dividend yield of 5.2%; +55c [+5.9%],urn:newsml:newsroom:20250305:nNRAvmiobk:0,NS:SPANEW,BKT.MC
2025-03-05 16:52:07.701,ADR Recap: Bankinter continues to outperform Mitsubishi UFJ Financial by 11.7% in the past month,urn:newsml:newsroom:20250305:nNRAvmiaiu:0,NS:GLOROU,BKT.MC
2025-03-05 15:52:11.480,Bankinter Continues to Underperform its Peers,urn:newsml:newsroom:20250305:nNRAvmhdy2:0,NS:GLOROU,BKT.MC
2025-03-05 12:52:19.948,Bankinter surges 31% in past 3 months,urn:newsml:newsroom:20250305:nNRAvmeqfu:0,NS:GLOROU,BKT.MC
2025-03-05 08:52:03.420,Bankinter surges 31% in past 3 months,urn:newsml:newsroom:20250305:nNRAvmbr33:0,NS:GLOROU,BKT.MC
2025-03-05 04:47:15.084,Bankinter surges 31% in past 3 months,urn:newsml:newsroom:20250305:nNRAvm8ves:0,NS:GLOROU,BKT.MC
2025-03-04 17:37:03.345,ADR Recap: Bankinter continues to outperform UBS by 16.2% in the past month,urn:newsml:newsroom:20250304:nNRAvm2q1s:0,NS:GLOROU,BKT.MC
2025-03-04 17:17:33.574,Bankinter (BKT: EUR9.35) offers earnings yield of 10.1%; -16c [-1.7%] Vol Index 4.0 [1 is avg],urn:newsml:newsroom:20250304:nNRAvm2hbm:0,NS:SPANEW,BKT.MC
2025-03-04 15:52:11.195,ADR Recap: Bankinter continues to outperform UBS by 16.2% in the past month,urn:newsml:newsroom:20250304:nNRAvm17pb:0,NS:GLOROU,BKT.MC
2025-03-04 14:42:08.590,Monthly: Bankinter ADR (BKNIY: $9.95) gains 10% on weak volume in February 2025,urn:newsml:newsroom:20250304:nNRAvm04l1:0,NS:GLOROU,BKT.MC
2025-03-04 13:37:05.335,Monthly: Bankinter ADR (BKNIY: $9.95) gains 10% on weak volume in February 2025,urn:newsml:newsroom:20250304:nNRAvlz897:0,NS:GLOROU,BKT.MC
2025-03-04 12:02:02.439,Bankinter surges 35% in past 3 months,urn:newsml:newsroom:20250304:nNRAvlxz53:0,NS:GLOROU,BKT.MC
2025-03-04 09:37:08.552,"Short Interest in Bankinter, S.A. (OTCMKTS:BKNIY) Declines By 44.9%",urn:newsml:newsroom:20250304:nNRAvlw18c:0,NS:DAILYQ,BKT.MC
2025-03-04 08:02:17.450,Bankinter surges 35% in past 3 months,urn:newsml:newsroom:20250304:nNRAvlupqw:0,NS:GLOROU,BKT.MC
2025-03-04 03:57:13.369,Bankinter surges 35% in past 3 months,urn:newsml:newsroom:20250304:nNRAvls4it:0,NS:GLOROU,BKT.MC
2025-03-03 22:44:08.098,HSBC Holdings Prices USD1.5 Billion in Public Offering of 4.899% Notes Due 2029,urn:newsml:reuters.com:20250303:nNRAvlpswg:1,NS:DATMTR,BKT.MC
2025-03-03 18:07:29.930,CaixaBank continues to outperform Bankinter by 0.8% in the past month,urn:newsml:newsroom:20250303:nNRAvln7cs:0,NS:SPANEW,BKT.MC
2025-03-03 17:36:58.099,ADR Recap: Bankinter continues to underperform HSBC Holdings by 4.4% in the past month,urn:newsml:newsroom:20250303:nNRAvlmqo9:0,NS:GLOROU,BKT.MC
2025-03-03 17:17:29.353,"Bankinter (BKT: EUR9.51) lifts 1.9% strengthening above moving average price, announces dividend; +18c [+1.9%] Vol Index 3.5 [1 is avg]",urn:newsml:newsroom:20250303:nNRAvlmju1:0,NS:SPANEW,BKT.MC
2025-03-03 17:07:13.112,Banco Santander continues to outperform Bankinter by 12.3% in the past month,urn:newsml:newsroom:20250303:nNRAvlmdq4:0,NS:SPANEW,BKT.MC
2025-03-03 17:07:12.948,Banco Bilbao Vizcaya Argentaria continues to outperform Bankinter by 2.8% in the past month,urn:newsml:newsroom:20250303:nNRAvlmeg0:0,NS:SPANEW,BKT.MC
2025-03-03 15:52:09.198,ADR Recap: Bankinter continues to underperform HSBC Holdings by 4.4% in the past month,urn:newsml:newsroom:20250303:nNRAvllbr7:0,NS:GLOROU,BKT.MC
2025-03-03 15:17:19.483,Weekly: Bankinter ADR (BKNIY: OTC: $9.95) keeps rising: up 30% in 9 weeks; +$2.30 [30.1%],urn:newsml:newsroom:20250303:nNRAvlkrq4:0,NS:GLOROU,BKT.MC
2025-03-03 14:57:52.242,Weekly: Bankinter ADR (BKNIY: OTC: $9.95) keeps rising: up 30% in 9 weeks; +$2.30 [30.1%],urn:newsml:newsroom:20250303:nNRAvlkjp5:0,NS:GLOROU,BKT.MC
2025-03-03 14:02:03.680,Weekly: Bankinter ADR (BKNIY: OTC: $9.95) keeps rising: up 30% in 9 weeks; +$2.30 [30.1%],urn:newsml:newsroom:20250303:nNRAvljkym:0,NS:GLOROU,BKT.MC
2025-03-03 13:09:47.500,Monthly: Bankinter ADR (BKNIY: $9.95) gains 10% on weak volume in February 2025,urn:newsml:newsroom:20250303:nNRAvlitlc:0,NS:GLOROU,BKT.MC
2025-03-03 11:12:02.429,How CaixaBank's dividend compares to Bankinter,urn:newsml:newsroom:20250303:nNRAvlh2ky:0,NS:SPANEW,BKT.MC
2025-03-03 10:12:08.164,How Banco Bilbao Vizcaya Argentaria's dividend compares to Bankinter,urn:newsml:newsroom:20250303:nNRAvlgei0:0,NS:SPANEW,BKT.MC
2025-03-03 10:12:08.151,How Banco Santander's dividend compares to Bankinter,urn:newsml:newsroom:20250303:nNRAvlgf5v:0,NS:SPANEW,BKT.MC
2025-03-03 10:12:06.560,How Banco de Sabadell's dividend compares to Bankinter,urn:newsml:newsroom:20250303:nNRAvlge69:0,NS:SPANEW,BKT.MC
2025-03-03 08:47:03.449,"Short Interest in Bankinter, S.A. (OTCMKTS:BKNIY) Decreases By 44.9%",urn:newsml:newsroom:20250303:nNRAvlffd5:0,NS:TRADAJ,BKT.MC
2025-03-03 07:53:00.795,Weekly: Bankinter ADR (BKNIY: OTC: $9.95) keeps rising: up 30% in 9 weeks; +$2.30 [30.1%],urn:newsml:newsroom:20250303:nNRAvler48:0,NS:GLOROU,BKT.MC
2025-03-03 07:43:37.431,Monthly: Bankinter ADR (BKNIY: $9.95) gains 10% on weak volume in February 2025,urn:newsml:newsroom:20250303:nNRAvleku0:0,NS:GLOROU,BKT.MC
2025-03-03 07:27:33.715,"Monthly: Bankinter (BKT: EUR9.33) jumps 13%, 2 months' volume in a month",urn:newsml:newsroom:20250303:nNRAvle95w:0,NS:SPANEW,BKT.MC
2025-03-02 22:07:12.058,Weekly: Bankinter ADR (BKNIY: OTC: $9.95) keeps rising: up 30% in 9 weeks; +$2.30 [30.1%],urn:newsml:newsroom:20250302:nNRAvladvq:0,NS:GLOROU,BKT.MC
2025-03-02 13:07:19.665,"Bankinter ADR jumps 27% in 2025, beating 91% of the market",urn:newsml:newsroom:20250302:nNRAvl831s:0,NS:GLOROU,BKT.MC
2025-03-02 07:10:07.503,"Bankinter, S.A. (OTCMKTS:BKNIY) Short Interest Down 44.9% in February",urn:link:webnews:20250302:nNRAvl5lwf:0,NS:MARBEA,BKT.MC
2025-03-02 07:07:25.189,"Bankinter ADR jumps 27% in 2025, beating 91% of the market",urn:newsml:newsroom:20250302:nNRAvl5jue:0,NS:GLOROU,BKT.MC
2025-03-01 14:32:07.769,Bankinter surges 30% in past 3 months,urn:newsml:newsroom:20250301:nNRAvl1ess:0,NS:GLOROU,BKT.MC
2025-03-01 08:12:11.482,Bankinter surges 30% in past 3 months,urn:newsml:newsroom:20250301:nNRAvkydbd:0,NS:GLOROU,BKT.MC
2025-03-01 06:47:50.438,Bankinter announces dividend,urn:newsml:newsroom:20250301:nNRAvkxmn9:0,NS:NEWWIR,BKT.MC
2025-03-01 05:27:48.091,Weekly: Bankinter (BKT: EUR9.33) climbs 4.0%; +36c [4.0%] Vol Index 3.5 [1 is avg],urn:newsml:newsroom:20250301:nNRAvkwzxp:0,NS:GLOWEE,BKT.MC
2025-03-01 04:29:47.502,"Bankinter ADR jumps 27% in 2025, beating 91% of the market",urn:newsml:newsroom:20250301:nNRAvkwipt:0,NS:GLOROU,BKT.MC
2025-03-01 04:29:06.917,Monthly: Bankinter ADR (BKNIY: $9.95) gains 10% on weak volume in February 2025,urn:newsml:newsroom:20250301:nNRAvkwh16:0,NS:GLOROU,BKT.MC
2025-03-01 04:12:54.606,"Weekly: Bankinter ADR (BKNIY: OTC: $9.95) rises for a ninth consecutive week, a nine-week rise of 30%",urn:newsml:newsroom:20250301:nNRAvkwd2j:0,NS:GLOROU,BKT.MC
2025-03-01 04:12:20.018,Weekly: Bankinter ADR (BKNIY: OTC: $9.95) keeps rising: up 30% in 9 weeks; +10c [1.0%],urn:newsml:newsroom:20250301:nNRAvkwckz:0,NS:GLOROU,BKT.MC
2025-03-01 04:07:36.801,Bankinter surges 30% in past 3 months,urn:newsml:newsroom:20250301:nNRAvkwa58:0,NS:GLOROU,BKT.MC
2025-02-28 19:57:35.086,Bankinter (OTCMKTS:BKNIY) Stock Price Passes Above 200 Day Moving Average – Here's What Happened,urn:newsml:newsroom:20250228:nNRAvkshb1:0,NS:WATNEW,BKT.MC
2025-02-28 17:36:59.969,ADR Recap: Bankinter continues to outperform ICICI Bank by 11.1% in the past month,urn:newsml:newsroom:20250228:nNRAvkqni3:0,NS:GLOROU,BKT.MC
2025-02-28 17:22:39.810,Weekly: Bankinter (BKT: EUR9.33) climbs 4.0%; +36c [4.0%] Vol Index 3.5 [1 is avg],urn:newsml:newsroom:20250228:nNRAvkqgkj:0,NS:GLOWEE,BKT.MC
2025-02-28 17:22:16.205,Bankinter (BKT: EUR9.33) falls 0.4% from 14-day high; -1c [-0.1%] Vol Index 3.4 [1 is avg],urn:newsml:newsroom:20250228:nNRAvkqfpx:0,NS:SPANEW,BKT.MC
2025-02-28 15:52:10.038,ADR Recap: Bankinter continues to outperform ICICI Bank by 11.1% in the past month,urn:newsml:newsroom:20250228:nNRAvkp46d:0,NS:GLOROU,BKT.MC
2025-02-28 12:28:31.200,Bankinter surges 32% in past 3 months,urn:newsml:newsroom:20250228:nNRAvklusa:0,NS:GLOROU,BKT.MC
2025-02-28 08:12:24.690,Banco Santander's Earnings Growth Outperforms Bankinter,urn:newsml:newsroom:20250228:nNRAvkijfn:0,NS:SPANEW,BKT.MC
2025-02-28 08:12:23.471,Banco de Sabadell's Earnings Growth Outperforms Bankinter,urn:newsml:newsroom:20250228:nNRAvkijfm:0,NS:SPANEW,BKT.MC
2025-02-28 08:07:13.156,Bankinter surges 32% in past 3 months,urn:newsml:newsroom:20250228:nNRAvkievk:0,NS:GLOROU,BKT.MC
2025-02-28 04:07:18.083,Bankinter surges 32% in past 3 months,urn:newsml:newsroom:20250228:nNRAvkg1gs:0,NS:GLOROU,BKT.MC
2025-02-27 17:37:00.440,ADR Recap: Bankinter continues to outperform HDFC Bank by 4.5% in the past month,urn:newsml:newsroom:20250227:nNRAvkaa9u:0,NS:GLOROU,BKT.MC
2025-02-27 17:17:30.231,Bankinter (BKT: EUR9.34) offers dividend yield of 5.5%; +7c [+0.8%] Vol Index 3.9 [1 is avg],urn:newsml:newsroom:20250227:nNRAvk9zqf:0,NS:SPANEW,BKT.MC
2025-02-27 15:52:05.103,ADR Recap: Bankinter continues to outperform HDFC Bank by 4.5% in the past month,urn:newsml:newsroom:20250227:nNRAvk8tl2:0,NS:GLOROU,BKT.MC
2025-02-26 18:37:03.117,ADR Recap: Bankinter continues to outperform Mitsubishi UFJ Financial by 8.7% in the past month,urn:newsml:newsroom:20250226:nNRAvjuf0i:0,NS:GLOROU,BKT.MC
2025-02-26 17:37:03.299,Bankinter Continues to Underperform its Peers,urn:newsml:newsroom:20250226:nNRAvjtd2n:0,NS:GLOROU,BKT.MC
2025-02-26 17:17:33.981,Bankinter (BKT: EUR9.27) offers earnings yield of 10.1%; +17c [+1.9%] Vol Index 3.1 [1 is avg],urn:newsml:newsroom:20250226:nNRAvjt25x:0,NS:SPANEW,BKT.MC
2025-02-26 16:52:09.414,ADR Recap: Bankinter continues to outperform Mitsubishi UFJ Financial by 8.7% in the past month,urn:newsml:newsroom:20250226:nNRAvjsjp1:0,NS:GLOROU,BKT.MC
2025-02-26 15:52:09.729,Bankinter Continues to Underperform its Peers,urn:newsml:newsroom:20250226:nNRAvjrjq7:0,NS:GLOROU,BKT.MC
2025-02-26 12:12:42.040,Bankinter surges 30% in past 3 months,urn:newsml:newsroom:20250226:nNRAvjnuhe:0,NS:GLOROU,BKT.MC
2025-02-26 08:07:19.607,Bankinter surges 30% in past 3 months,urn:newsml:newsroom:20250226:nNRAvjl5v4:0,NS:GLOROU,BKT.MC
2025-02-26 04:02:11.313,Bankinter surges 30% in past 3 months,urn:newsml:newsroom:20250226:nNRAvjit48:0,NS:GLOROU,BKT.MC
2025-02-25 19:13:39.709,"Bankinter reaches 71,000 million high net worth customers",urn:newsml:newsroom:20250225:nNRAvjecdd:0,NS:NOTENG,BKT.MC
2025-02-25 17:36:59.831,ADR Recap: Bankinter continues to outperform UBS by 16.6% in the past month,urn:newsml:newsroom:20250225:nNRAvjcycx:0,NS:GLOROU,BKT.MC
2025-02-25 17:17:25.772,Bankinter (BKT: EUR9.10) in 3rd consecutive rise; +20c [+2.2%] Vol Index 3.6 [1 is avg],urn:newsml:newsroom:20250225:nNRAvjcnry:0,NS:SPANEW,BKT.MC
2025-02-25 17:13:24.280,"Bankinter's wealth management business reaches 65,000 million under management in Spain",urn:newsml:newsroom:20250225:nNRAvjcmv5:0,NS:NOTENG,BKT.MC
2025-02-25 15:52:08.940,ADR Recap: Bankinter continues to outperform UBS by 16.6% in the past month,urn:newsml:newsroom:20250225:nNRAvjbcuz:0,NS:GLOROU,BKT.MC
2025-02-25 12:02:09.482,Bankinter surges 32% in past 3 months,urn:newsml:newsroom:20250225:nNRAvj83jb:0,NS:GLOROU,BKT.MC
2025-02-25 08:02:25.171,Bankinter surges 32% in past 3 months,urn:newsml:newsroom:20250225:nNRAvj4fve:0,NS:GLOROU,BKT.MC
2025-02-25 04:02:23.274,Bankinter surges 32% in past 3 months,urn:newsml:newsroom:20250225:nNRAvj1zjn:0,NS:GLOROU,BKT.MC
2025-02-25 01:14:02.025,Bankinter's top management is gambling with a 4 million euro bonus,urn:newsml:newsroom:20250225:nNRAvj0ol8:0,NS:NOTENG,BKT.MC
2025-02-24 17:37:01.990,ADR Recap: Bankinter continues to outperform HSBC Holdings by 5.8% in the past month,urn:newsml:newsroom:20250224:nNRAviwcas:0,NS:GLOROU,BKT.MC
2025-02-24 17:22:18.059,Bankinter (BKT: EUR9.0) in 2nd consecutive rise; +10c [+1.1%] Vol Index 3.3 [1 is avg],urn:newsml:newsroom:20250224:nNRAviw3om:0,NS:SPANEW,BKT.MC
2025-02-24 17:07:00.514,Banco Bilbao Vizcaya Argentaria continues to outperform Bankinter by 9.2% in the past month,urn:newsml:newsroom:20250224:nNRAvivu77:0,NS:SPANEW,BKT.MC
2025-02-24 15:52:07.888,ADR Recap: Bankinter continues to outperform HSBC Holdings by 5.8% in the past month,urn:newsml:newsroom:20250224:nNRAviutqu:0,NS:GLOROU,BKT.MC
2025-02-24 14:37:06.490,"Weekly: Bankinter ADR (BKNIY: OTC: $9.85) rises for an eighth consecutive week, an eight-week rise of 29%; +$2.20 [28.8%]",urn:newsml:newsroom:20250224:nNRAvitwjr:0,NS:GLOROU,BKT.MC
2025-02-24 14:07:07.077,Solvency is not a major issue for Bankinter,urn:newsml:newsroom:20250224:nNRAvit8wq:0,NS:GLOROU,BKT.MC
2025-02-24 13:47:56.837,"Weekly: Bankinter ADR (BKNIY: OTC: $9.85) rises for an eighth consecutive week, an eight-week rise of 29%; +$2.20 [28.8%]",urn:newsml:newsroom:20250224:nNRAvisquz:0,NS:GLOROU,BKT.MC
2025-02-24 12:37:09.267,"Weekly: Bankinter ADR (BKNIY: OTC: $9.85) rises for an eighth consecutive week, an eight-week rise of 29%; +$2.20 [28.8%]",urn:newsml:newsroom:20250224:nNRAvirmsh:0,NS:GLOROU,BKT.MC
2025-02-24 10:12:05.626,How Banco Bilbao Vizcaya Argentaria's dividend compares to Bankinter,urn:newsml:newsroom:20250224:nNRAvipuxl:0,NS:SPANEW,BKT.MC
2025-02-24 07:37:09.982,"Weekly: Bankinter ADR (BKNIY: OTC: $9.85) rises for an eighth consecutive week, an eight-week rise of 29%; +$2.20 [28.8%]",urn:newsml:newsroom:20250224:nNRAvintyr:0,NS:GLOROU,BKT.MC
2025-02-23 22:07:12.685,"Weekly: Bankinter ADR (BKNIY: OTC: $9.85) rises for an eighth consecutive week, an eight-week rise of 29%; +$2.20 [28.8%]",urn:newsml:newsroom:20250223:nNRAvikfaa:0,NS:GLOROU,BKT.MC
2025-02-23 13:07:20.559,"Bankinter ADR jumps 26% in 2025, beating 90% of the market",urn:newsml:newsroom:20250223:nNRAvihwzi:0,NS:GLOROU,BKT.MC
2025-02-23 07:07:32.301,"Bankinter ADR jumps 26% in 2025, beating 90% of the market",urn:newsml:newsroom:20250223:nNRAvifmtc:0,NS:GLOROU,BKT.MC
2025-02-22 14:19:03.253,Bankinter surges 31% in past 3 months,urn:newsml:newsroom:20250222:nNRAviaz5f:0,NS:GLOROU,BKT.MC
2025-02-22 08:51:58.843,Bankinter surges 31% in past 3 months,urn:newsml:newsroom:20250222:nNRAvi8ebq:0,NS:GLOROU,BKT.MC
2025-02-22 05:21:49.795,Weekly: Bankinter (BKT: EUR8.97) increases 1.6%; +14c [1.6%] Vol Index 1.4 [1 is avg],urn:newsml:newsroom:20250222:nNRAvi6nvs:0,NS:GLOWEE,BKT.MC
2025-02-22 04:57:22.301,"Bankinter ADR jumps 26% in 2025, beating 90% of the market",urn:newsml:newsroom:20250222:nNRAvi6ez1:0,NS:GLOROU,BKT.MC
2025-02-22 04:53:03.183,Weekly: Bankinter ADR (BKNIY: OTC: $9.85) keeps rising: up 29% in 8 weeks,urn:newsml:newsroom:20250222:nNRAvi6fkm:0,NS:GLOROU,BKT.MC
2025-02-22 04:52:16.387,"Weekly: Bankinter ADR (BKNIY: OTC: $9.85) rises for an eighth consecutive week, an eight-week rise of 29%; +7c [0.7%]",urn:newsml:newsroom:20250222:nNRAvi6dew:0,NS:GLOROU,BKT.MC
2025-02-22 04:47:03.652,Bankinter surges 31% in past 3 months,urn:newsml:newsroom:20250222:nNRAvi6ak6:0,NS:GLOROU,BKT.MC
2025-02-22 01:13:34.838,Bankinter signs two directors and raises dividend 12% to a record figure,urn:newsml:newsroom:20250222:nNRAvi53pn:0,NS:NOTENG,BKT.MC
2025-02-22 00:12:54.341,Gloria Ortiz earns 1.2 million in 2024 as CEO of Bankinter,urn:newsml:newsroom:20250222:nNRAvi4qad:0,NS:NOTENG,BKT.MC
2025-02-21 17:37:03.999,ADR Recap: Bankinter continues to outperform HDFC Bank by 32.7% year to date,urn:newsml:newsroom:20250221:nNRAvi06gt:0,NS:GLOROU,BKT.MC
2025-02-21 17:22:42.432,Weekly: Bankinter (BKT: EUR8.97) increases 1.6%; +14c [1.6%] Vol Index 1.4 [1 is avg],urn:newsml:newsroom:20250221:nNRAvhzxng:0,NS:GLOWEE,BKT.MC
2025-02-21 17:18:16.911,Solvency is not a major issue for Bankinter,urn:newsml:newsroom:20250221:nNRAvhzvzk:0,NS:GLOWEE,BKT.MC
2025-02-21 17:18:03.711,Bankinter (BKT: EUR8.97) offers dividend yield of 5.8%; +7c [+0.8%] Vol Index 3.8 [1 is avg],urn:newsml:newsroom:20250221:nNRAvhzv28:0,NS:SPANEW,BKT.MC
2025-02-21 15:52:11.086,ADR Recap: Bankinter continues to outperform HDFC Bank by 32.7% year to date,urn:newsml:newsroom:20250221:nNRAvhyglf:0,NS:GLOROU,BKT.MC
2025-02-21 14:07:10.613,Solvency is not a major issue for Bankinter,urn:newsml:newsroom:20250221:nNRAvhwnpf:0,NS:GLOROU,BKT.MC
2025-02-21 12:12:47.347,Bankinter adds two technology experts from PayPal and IBM to its board of directors,urn:newsml:newsroom:20250221:nNRAvhuke8:0,NS:NOTENG,BKT.MC
2025-02-21 12:02:07.748,Bankinter surges 31% in past 3 months,urn:newsml:newsroom:20250221:nNRAvhudph:0,NS:GLOROU,BKT.MC
2025-02-21 08:58:20.000,BRIEF-Bankinter Proposes To Pay Gross 0.12 Eur/Shr On April 3,urn:newsml:reuters.com:20250221:nFWN3PB1WV:1,NS:RTRS,BKT.MC
2025-02-21 08:02:06.831,Bankinter surges 31% in past 3 months,urn:newsml:newsroom:20250221:nNRAvhrrii:0,NS:GLOROU,BKT.MC
2025-02-21 03:57:13.816,Bankinter surges 31% in past 3 months,urn:newsml:newsroom:20250221:nNRAvhp6kj:0,NS:GLOROU,BKT.MC
2025-02-20 17:37:15.711,ADR Recap: Bankinter continues to outperform Mitsubishi UFJ Financial by 15.2% year to date,urn:newsml:newsroom:20250220:nNRAvhi3mr:0,NS:GLOROU,BKT.MC
2025-02-20 17:37:04.107,Bankinter Continues to Underperform its Peers,urn:newsml:newsroom:20250220:nNRAvhi2sy:0,NS:GLOROU,BKT.MC
2025-02-20 17:22:34.018,Bankinter (BKT: EUR8.90) offers earnings yield of 10.6%; -10c [-1.1%],urn:newsml:newsroom:20250220:nNRAvhhvv1:0,NS:SPANEW,BKT.MC
2025-02-20 17:12:47.668,How Banco Bilbao Vizcaya Argentaria's dividend compares to Bankinter,urn:newsml:newsroom:20250220:nNRAvhhrjm:0,NS:SPANEW,BKT.MC
2025-02-20 15:52:21.885,ADR Recap: Bankinter continues to outperform Mitsubishi UFJ Financial by 15.2% year to date,urn:newsml:newsroom:20250220:nNRAvhgc3x:0,NS:GLOROU,BKT.MC
2025-02-20 15:52:08.578,Bankinter Continues to Underperform its Peers,urn:newsml:newsroom:20250220:nNRAvhgavt:0,NS:GLOROU,BKT.MC
2025-02-20 12:32:32.204,Bankinter surges 27% in past 3 months,urn:newsml:newsroom:20250220:nNRAvhdbr6:0,NS:GLOROU,BKT.MC
2025-02-20 10:17:31.948,Bankinter (OTCMKTS:BKNIY) Shares Cross Above 200-Day Moving Average – Should You Sell?,urn:newsml:newsroom:20250220:nNRAvhb9gq:0,NS:TRADAJ,BKT.MC
2025-02-20 08:27:03.919,Bankinter surges 27% in past 3 months,urn:newsml:newsroom:20250220:nNRAvh9kpx:0,NS:GLOROU,BKT.MC
2025-02-20 04:22:13.025,Bankinter surges 27% in past 3 months,urn:newsml:newsroom:20250220:nNRAvh6sp6:0,NS:GLOROU,BKT.MC
2025-02-20 04:22:09.125,Bankinter surges 27% in past 3 months,urn:newsml:newsroom:20250220:nNRAvh6r1v:0,NS:GLOROU,BKT.MC
2025-02-19 18:41:55.234,The Short-Term Bullish Case For Bankinter,urn:newsml:newsroom:20250219:nNRAvh2ahr:0,NS:GLOROU,BKT.MC
2025-02-19 17:42:03.759,ADR Recap: Bankinter continues to outperform UBS by 15.0% year to date,urn:newsml:newsroom:20250219:nNRAvh1l5x:0,NS:GLOROU,BKT.MC
2025-02-19 16:52:00.476,The Short-Term Bullish Case For Bankinter,urn:newsml:newsroom:20250219:nNRAvh0thf:0,NS:GLOROU,BKT.MC
2025-02-19 15:52:11.992,ADR Recap: Bankinter continues to outperform UBS by 15.0% year to date,urn:newsml:newsroom:20250219:nNRAvh00c1:0,NS:GLOROU,BKT.MC
2025-02-19 12:32:31.267,Bankinter surges 27% in past 3 months,urn:newsml:newsroom:20250219:nNRAvgwwwc:0,NS:GLOROU,BKT.MC
2025-02-19 08:27:04.234,Bankinter surges 27% in past 3 months,urn:newsml:newsroom:20250219:nNRAvgtfuy:0,NS:GLOROU,BKT.MC
2025-02-19 05:13:40.124,Bankinter's share price exceeds 9 euros with business booming,urn:newsml:newsroom:20250219:nNRAvgr4jc:0,NS:NOTENG,BKT.MC
2025-02-19 04:22:56.469,Bankinter surges 27% in past 3 months,urn:newsml:newsroom:20250219:nNRAvgqm68:0,NS:GLOROU,BKT.MC
2025-02-18 17:37:01.775,ADR Recap: Bankinter continues to outperform HSBC Holdings by 13.7% year to date,urn:newsml:newsroom:20250218:nNRAvgkh53:0,NS:GLOROU,BKT.MC
2025-02-18 16:47:21.907,"Bankinter (BKT: EUR9.09) keeps rising, up 4.0% in 3 days; +35c [+4.0%] Vol Index 2.0 [1 is avg]",urn:newsml:newsroom:20250218:nNRAvgju45:0,NS:SPANEW,BKT.MC
2025-02-18 15:55:33.372,ADR Recap: Bankinter continues to outperform HSBC Holdings by 13.7% year to date,urn:newsml:newsroom:20250218:nNRAvgixyb:0,NS:GLOROU,BKT.MC
2025-02-18 14:42:22.326,Weekly: Bankinter ADR (BKNIY: OTC: $9.78) accelerates rise: up 8% in 2 weeks; +72c [7.9%],urn:newsml:newsroom:20250218:nNRAvghp3q:0,NS:GLOROU,BKT.MC
2025-02-18 13:37:01.556,Weekly: Bankinter ADR (BKNIY: OTC: $9.78) accelerates rise: up 8% in 2 weeks; +72c [7.9%],urn:newsml:newsroom:20250218:nNRAvggr16:0,NS:GLOROU,BKT.MC
2025-02-18 12:52:05.917,Weekly: Bankinter ADR (BKNIY: OTC: $9.78) accelerates rise: up 8% in 2 weeks; +72c [7.9%],urn:newsml:newsroom:20250218:nNRAvgft73:0,NS:GLOROU,BKT.MC
2025-02-18 07:37:09.785,Weekly: Bankinter ADR (BKNIY: OTC: $9.78) accelerates rise: up 8% in 2 weeks; +72c [7.9%],urn:newsml:newsroom:20250218:nNRAvgb5kk:0,NS:GLOROU,BKT.MC
2025-02-17 22:42:06.971,JC Flowers Acquires Majority Stake in Heymondo (Smart Insurance Correduria de Seguros),urn:newsml:reuters.com:20250217:nNRAvg79js:1,NS:DATMTR,BKT.MC
2025-02-17 17:32:27.555,Solvency is not a major issue for Bankinter,urn:newsml:newsroom:20250217:nNRAvg4vbz:0,NS:GLOWEE,BKT.MC
2025-02-17 17:12:08.840,Bankinter (BKT: EUR8.96) offers dividend yield of 5.8%; +13c [+1.5%] Vol Index 1.9 [1 is avg],urn:newsml:newsroom:20250217:nNRAvg4n9c:0,NS:SPANEW,BKT.MC
2025-02-17 14:06:58.510,Solvency is not a major issue for Bankinter,urn:newsml:newsroom:20250217:nNRAvg2jco:0,NS:GLOROU,BKT.MC
2025-02-17 09:08:23.866,Banco Bilbao Vizcaya Argentaria continues to outperform Bankinter by 11.9% year to date,urn:newsml:newsroom:20250217:nNRAvfyugp:0,NS:SPANEW,BKT.MC
2025-02-16 22:07:11.231,Weekly: Bankinter ADR (BKNIY: OTC: $9.78) accelerates rise: up 8% in 2 weeks; +72c [7.9%],urn:newsml:newsroom:20250216:nNRAvfuhgq:0,NS:GLOROU,BKT.MC
2025-02-16 16:57:20.631,Bankinter ADR jumps 25% in 2025,urn:newsml:newsroom:20250216:nNRAvft9ky:0,NS:GLOROU,BKT.MC
2025-02-16 07:12:35.194,Bankinter ADR jumps 25% in 2025,urn:newsml:newsroom:20250216:nNRAvfpzqn:0,NS:GLOROU,BKT.MC
2025-02-15 14:19:38.540,Bankinter jumps 22% in past 3 months,urn:newsml:newsroom:20250215:nNRAvflpc6:0,NS:GLOROU,BKT.MC
2025-02-15 07:56:59.376,Bankinter jumps 22% in past 3 months,urn:newsml:newsroom:20250215:nNRAvfiomx:0,NS:GLOROU,BKT.MC
2025-02-15 05:56:49.751,Weekly: Bankinter (BKT: EUR8.83) accelerates rise: up 8% in 3 weeks; +41c [4.9%] Vol Index 2.2 [1 is avg],urn:newsml:newsroom:20250215:nNRAvfhr39:0,NS:GLOWEE,BKT.MC
2025-02-15 04:07:23.963,Bankinter ADR jumps 25% in 2025,urn:newsml:newsroom:20250215:nNRAvfh5af:0,NS:GLOROU,BKT.MC
2025-02-15 04:03:35.159,Weekly: Bankinter ADR (BKNIY: OTC: $9.78) posts best week in three weeks,urn:newsml:newsroom:20250215:nNRAvfh4vt:0,NS:GLOROU,BKT.MC
2025-02-15 04:02:22.293,Weekly: Bankinter ADR (BKNIY: OTC: $9.78) accelerates rise: up 8% in 2 weeks; +57c [6.2%],urn:newsml:newsroom:20250215:nNRAvfh0ia:0,NS:GLOROU,BKT.MC
2025-02-15 03:52:02.741,Bankinter jumps 22% in past 3 months,urn:newsml:newsroom:20250215:nNRAvfgxkm:0,NS:GLOROU,BKT.MC
2025-02-14 17:37:02.766,ADR Recap: Bankinter continues to outperform ICICI Bank by 28.8% in the past three months,urn:newsml:newsroom:20250214:nNRAvfbc15:0,NS:GLOROU,BKT.MC
2025-02-14 17:12:46.382,Solvency is not a major issue for Bankinter,urn:newsml:newsroom:20250214:nNRAvfavat:0,NS:GLOWEE,BKT.MC
2025-02-14 16:53:24.365,Weekly: Bankinter (BKT: EUR8.83) accelerates rise: up 8% in 3 weeks; +41c [4.9%] Vol Index 2.2 [1 is avg],urn:newsml:newsroom:20250214:nNRAvfajfz:0,NS:GLOWEE,BKT.MC
2025-02-14 16:48:51.462,Bankinter (BKT: EUR8.83) hits year-high 9th time in three months; +9c [+1.0%] Vol Index 2.4 [1 is avg],urn:newsml:newsroom:20250214:nNRAvfacbc:0,NS:SPANEW,BKT.MC
2025-02-14 15:52:10.730,ADR Recap: Bankinter continues to outperform ICICI Bank by 28.8% in the past three months,urn:newsml:newsroom:20250214:nNRAvf9cr1:0,NS:GLOROU,BKT.MC
2025-02-14 15:48:01.580,"Bankinter, S.A. (OTCMKTS:BKNIY) Short Interest Update",urn:newsml:newsroom:20250214:nNRAvf9ai9:0,NS:TRADAJ,BKT.MC
2025-02-14 14:07:06.646,Solvency is not a major issue for Bankinter,urn:newsml:newsroom:20250214:nNRAvf735c:0,NS:GLOROU,BKT.MC
2025-02-14 12:02:27.711,Bankinter surges 28% in past 3 months,urn:newsml:newsroom:20250214:nNRAvf4uuf:0,NS:GLOROU,BKT.MC
2025-02-14 09:53:39.000,"REFILE-In Europe, ordinary Russians are shunned by wary banks",urn:newsml:reuters.com:20250214:nL8N3OY19S:6,NS:RTRS,BKT.MC
2025-02-14 08:02:20.922,Bankinter surges 28% in past 3 months,urn:newsml:newsroom:20250214:nNRAvf190b:0,NS:GLOROU,BKT.MC
2025-02-14 04:02:47.595,Bankinter surges 28% in past 3 months,urn:newsml:newsroom:20250214:nNRAveynu4:0,NS:GLOROU,BKT.MC
2025-02-13 17:37:05.113,ADR Recap: Bankinter continues to outperform HDFC Bank by 28.4% in the past three months,urn:newsml:newsroom:20250213:nNRAvesoxo:0,NS:GLOROU,BKT.MC
2025-02-13 16:47:35.642,Bankinter (BKT: EUR8.74) offers earnings yield of 10.8%; Vol Index 2.5 [1 is avg],urn:newsml:newsroom:20250213:nNRAverwc4:0,NS:SPANEW,BKT.MC
2025-02-13 15:52:11.149,ADR Recap: Bankinter continues to outperform HDFC Bank by 28.4% in the past three months,urn:newsml:newsroom:20250213:nNRAveqxb9:0,NS:GLOROU,BKT.MC
2025-02-13 12:18:19.525,Bankinter surges 26% in past 3 months,urn:newsml:newsroom:20250213:nNRAvenr9t:0,NS:GLOROU,BKT.MC
2025-02-13 08:07:11.184,Bankinter surges 26% in past 3 months,urn:newsml:newsroom:20250213:nNRAvejty2:0,NS:GLOROU,BKT.MC
2025-02-13 04:02:53.313,Bankinter surges 26% in past 3 months,urn:newsml:newsroom:20250213:nNRAvehcha:0,NS:GLOROU,BKT.MC
2025-02-12 21:36:01.946,"Bankinter, S.A. (OTCMKTS:BKNIY) Short Interest Up 1,970.0% in January",urn:newsml:newsroom:20250212:nNRAvee640:0,NS:CERGEM,BKT.MC
2025-02-12 17:37:05.235,ADR Recap: Bankinter continues to outperform Mitsubishi UFJ Financial by 6.6% in the past three months,urn:newsml:newsroom:20250212:nNRAvebgv6:0,NS:GLOROU,BKT.MC
2025-02-12 16:47:38.957,Bankinter (BKT: EUR8.74) in top 1% performers of IBEX 35 Index; +29c [+3.4%] Vol Index 3.1 [1 is avg],urn:newsml:newsroom:20250212:nNRAveapw8:0,NS:SPANEW,BKT.MC
2025-02-12 15:52:10.567,ADR Recap: Bankinter continues to outperform Mitsubishi UFJ Financial by 6.6% in the past three months,urn:newsml:newsroom:20250212:nNRAve9rdv:0,NS:GLOROU,BKT.MC
2025-02-12 12:18:55.911,Bankinter advances 16% in past 3 months,urn:newsml:newsroom:20250212:nNRAve6e81:0,NS:GLOROU,BKT.MC
2025-02-12 09:07:49.806,Banco de Sabadell's Earnings Growth Outperforms Bankinter,urn:newsml:newsroom:20250212:nNRAve3i8p:0,NS:SPANEW,BKT.MC
2025-02-12 08:07:24.191,Bankinter advances 16% in past 3 months,urn:newsml:newsroom:20250212:nNRAve2m6b:0,NS:GLOROU,BKT.MC
2025-02-12 04:03:00.140,Bankinter advances 16% in past 3 months,urn:newsml:newsroom:20250212:nNRAve01gw:0,NS:GLOROU,BKT.MC
2025-02-11 18:37:00.441,ADR Recap: Bankinter continues to outperform UBS by 9.6% in the past three months,urn:newsml:newsroom:20250211:nNRAvduj36:0,NS:GLOROU,BKT.MC
2025-02-11 18:07:53.814,Banco Santander's Earnings Growth Outperforms Bankinter,urn:newsml:newsroom:20250211:nNRAvdu5l4:0,NS:SPANEW,BKT.MC
2025-02-11 17:37:01.886,Bankinter Continues to Underperform its Peers,urn:newsml:newsroom:20250211:nNRAvdtq9m:0,NS:GLOROU,BKT.MC
2025-02-11 16:52:11.701,ADR Recap: Bankinter continues to outperform UBS by 9.6% in the past three months,urn:newsml:newsroom:20250211:nNRAvdt0uz:0,NS:GLOROU,BKT.MC
2025-02-11 16:47:34.976,Bankinter (BKT: EUR8.45) offers dividend yield of 6.1%; +13c [+1.6%] Vol Index 1.3 [1 is avg],urn:newsml:newsroom:20250211:nNRAvdsww8:0,NS:SPANEW,BKT.MC
2025-02-11 15:52:11.319,Bankinter Continues to Underperform its Peers,urn:newsml:newsroom:20250211:nNRAvdrn7i:0,NS:GLOROU,BKT.MC
2025-02-11 11:57:16.791,Bankinter advances 14% in past 3 months,urn:newsml:newsroom:20250211:nNRAvdo9xw:0,NS:GLOROU,BKT.MC
2025-02-11 10:08:36.374,How Banco Bilbao Vizcaya Argentaria's dividend compares to Bankinter,urn:newsml:newsroom:20250211:nNRAvdmtou:0,NS:SPANEW,BKT.MC
2025-02-11 08:37:33.718,"(EN) BANKINTER, S.A. Final Terms (82251617)",urn:newsml:reuters.com:20250211:nGLFbxdbJR:2,NS:GLFILE,BKT.MC
2025-02-11 07:57:32.813,Bankinter advances 14% in past 3 months,urn:newsml:newsroom:20250211:nNRAvdl0sb:0,NS:GLOROU,BKT.MC
2025-02-11 03:52:18.810,Bankinter advances 14% in past 3 months,urn:newsml:newsroom:20250211:nNRAvdifxc:0,NS:GLOROU,BKT.MC
2025-02-10 17:37:03.365,ADR Recap: Bankinter continues to outperform HSBC Holdings by 5.3% in the past three months,urn:newsml:newsroom:20250210:nNRAvddbr4:0,NS:GLOROU,BKT.MC
2025-02-10 16:47:04.672,Bankinter (BKT: EUR8.32) drops 1.2% on robust volume; -10c [-1.2%] Vol Index 1.4 [1 is avg],urn:newsml:newsroom:20250210:nNRAvdcl72:0,NS:SPANEW,BKT.MC
2025-02-10 15:52:12.698,ADR Recap: Bankinter continues to outperform HSBC Holdings by 5.3% in the past three months,urn:newsml:newsroom:20250210:nNRAvdbrkm:0,NS:GLOROU,BKT.MC
2025-02-10 14:37:07.712,Weekly: Bankinter ADR (BKNIY: OTC: $9.21) keeps rising: up 20% in 6 weeks; +$1.56 [20.4%],urn:newsml:newsroom:20250210:nNRAvdavdp:0,NS:GLOROU,BKT.MC
2025-02-10 13:39:07.328,Weekly: Bankinter ADR (BKNIY: OTC: $9.21) keeps rising: up 20% in 6 weeks; +$1.56 [20.4%],urn:newsml:newsroom:20250210:nNRAvda3nd:0,NS:GLOROU,BKT.MC
2025-02-10 12:37:12.409,Weekly: Bankinter ADR (BKNIY: OTC: $9.21) keeps rising: up 20% in 6 weeks; +$1.56 [20.4%],urn:newsml:newsroom:20250210:nNRAvd8stj:0,NS:GLOROU,BKT.MC
2025-02-10 11:37:11.365,Monthly: Bankinter ADR (BKNIY: $9.06) rises 16% on high volatility in January 2025,urn:newsml:newsroom:20250210:nNRAvd7wp5:0,NS:GLOROU,BKT.MC
2025-02-10 09:06:50.873,Banco Bilbao Vizcaya Argentaria continues to outperform Bankinter by 9.9% in the past three months,urn:newsml:newsroom:20250210:nNRAvd5zc7:0,NS:SPANEW,BKT.MC
2025-02-10 07:37:05.218,Weekly: Bankinter ADR (BKNIY: OTC: $9.21) keeps rising: up 20% in 6 weeks; +$1.56 [20.4%],urn:newsml:newsroom:20250210:nNRAvd523v:0,NS:GLOROU,BKT.MC
2025-02-09 22:07:08.514,Weekly: Bankinter ADR (BKNIY: OTC: $9.21) keeps rising: up 20% in 6 weeks; +$1.56 [20.4%],urn:newsml:newsroom:20250209:nNRAvd1piu:0,NS:GLOROU,BKT.MC
2025-02-08 14:18:46.504,Bankinter jumps 19% in past 3 months,urn:newsml:newsroom:20250208:nNRAvct4be:0,NS:GLOROU,BKT.MC
2025-02-08 08:17:07.566,Bankinter jumps 19% in past 3 months,urn:newsml:newsroom:20250208:nNRAvcq55r:0,NS:GLOROU,BKT.MC
2025-02-08 05:51:53.715,"Weekly: Bankinter (BKT: EUR8.42) lifts 2.3%, 3 weeks' volume in a week; +19c [2.3%] Vol Index 2.9 [1 is avg]",urn:newsml:newsroom:20250208:nNRAvcp5o6:0,NS:GLOWEE,BKT.MC
2025-02-08 04:22:53.874,"Weekly: Bankinter ADR (BKNIY: OTC: $9.21) rises for a sixth consecutive week, a six-week rise of 20%",urn:newsml:newsroom:20250208:nNRAvcoih8:0,NS:GLOROU,BKT.MC
2025-02-08 04:22:20.016,Weekly: Bankinter ADR (BKNIY: OTC: $9.21) keeps rising: up 20% in 6 weeks; +15c [1.7%],urn:newsml:newsroom:20250208:nNRAvcogk7:0,NS:GLOROU,BKT.MC
2025-02-08 04:12:30.704,Bankinter jumps 19% in past 3 months,urn:newsml:newsroom:20250208:nNRAvcocxg:0,NS:GLOROU,BKT.MC
2025-02-07 19:13:05.013,Bankinter Portugal is already writing young housing loans with a public guarantee,urn:newsml:newsroom:20250207:nNRAvcjyv4:0,NS:NOTENG,BKT.MC
2025-02-07 17:37:00.701,ADR Recap: Bankinter continues to outperform ICICI Bank by 19.9% in the past month,urn:newsml:newsroom:20250207:nNRAvcimb7:0,NS:GLOROU,BKT.MC
2025-02-07 17:12:35.131,Solvency is not a major issue for Bankinter,urn:newsml:newsroom:20250207:nNRAvci83j:0,NS:GLOWEE,BKT.MC
2025-02-07 16:48:10.445,"Weekly: Bankinter (BKT: EUR8.42) lifts 2.3%, 3 weeks' volume in a week; +19c [2.3%] Vol Index 2.9 [1 is avg]",urn:newsml:newsroom:20250207:nNRAvchuup:0,NS:GLOWEE,BKT.MC
2025-02-07 16:47:19.899,Bankinter (BKT: EUR8.42) offers earnings yield of 11.2%; -1c [-0.1%] Vol Index 2.2 [1 is avg],urn:newsml:newsroom:20250207:nNRAvchulp:0,NS:SPANEW,BKT.MC
2025-02-07 15:52:10.993,ADR Recap: Bankinter continues to outperform ICICI Bank by 19.9% in the past month,urn:newsml:newsroom:20250207:nNRAvch1dh:0,NS:GLOROU,BKT.MC
2025-02-07 12:27:07.343,Bankinter jumps 17% in past 3 months,urn:newsml:newsroom:20250207:nNRAvce2z3:0,NS:GLOROU,BKT.MC
2025-02-07 10:47:04.763,Solvency is not a major issue for Bankinter,urn:newsml:newsroom:20250207:nNRAvccm2c:0,NS:GLOROU,BKT.MC
2025-02-07 10:12:44.526,Large Spanish banks close to 32 billion euros in profits in 2024 and set a new record,urn:newsml:newsroom:20250207:nNRAvcc7rg:0,NS:NOTENG,BKT.MC
2025-02-07 09:17:36.020,Bankinter jumps 17% in past 3 months,urn:newsml:newsroom:20250207:nNRAvcb4vp:0,NS:GLOROU,BKT.MC
2025-02-07 04:22:17.771,Bankinter jumps 17% in past 3 months,urn:newsml:newsroom:20250207:nNRAvc7tpx:0,NS:GLOROU,BKT.MC
2025-02-06 17:37:00.611,ADR Recap: Bankinter continues to outperform HDFC Bank by 14.9% in the past month,urn:newsml:newsroom:20250206:nNRAvc1k5k:0,NS:GLOROU,BKT.MC
2025-02-06 16:47:32.974,Bankinter (BKT: EUR8.43) gains 3.6% on rising relative strength; +29c [+3.6%] Vol Index 2.8 [1 is avg],urn:newsml:newsroom:20250206:nNRAvc0qox:0,NS:SPANEW,BKT.MC
2025-02-06 15:52:16.035,ADR Recap: Bankinter continues to outperform HDFC Bank by 14.9% in the past month,urn:newsml:newsroom:20250206:nNRAvbzz40:0,NS:GLOROU,BKT.MC
2025-02-06 12:33:41.551,Bankinter lifts 9% in past 3 months,urn:newsml:newsroom:20250206:nNRAvbx144:0,NS:GLOROU,BKT.MC
2025-02-06 08:37:19.705,Bankinter lifts 9% in past 3 months,urn:newsml:newsroom:20250206:nNRAvbtm7h:0,NS:GLOROU,BKT.MC
2025-02-06 04:27:11.003,Bankinter lifts 9% in past 3 months,urn:newsml:newsroom:20250206:nNRAvbqxy7:0,NS:GLOROU,BKT.MC
2025-02-05 17:37:01.823,ADR Recap: Bankinter continues to outperform Mitsubishi UFJ Financial by 7.6% in the past month,urn:newsml:newsroom:20250205:nNRAvbkqwf:0,NS:GLOROU,BKT.MC
2025-02-05 16:47:47.066,Bankinter (BKT: EUR8.14) offers dividend yield of 6.3%; -5c [-0.6%] Vol Index 1.8 [1 is avg],urn:newsml:newsroom:20250205:nNRAvbk1b1:0,NS:SPANEW,BKT.MC
2025-02-05 15:52:10.702,ADR Recap: Bankinter continues to outperform Mitsubishi UFJ Financial by 7.6% in the past month,urn:newsml:newsroom:20250205:nNRAvbj49h:0,NS:GLOROU,BKT.MC
2025-02-05 12:07:29.706,Bankinter climbs 12% in past 3 months,urn:newsml:newsroom:20250205:nNRAvbfx05:0,NS:GLOROU,BKT.MC
2025-02-05 09:07:54.602,Banco Santander's Earnings Growth Outperforms Bankinter,urn:newsml:newsroom:20250205:nNRAvbd5k3:0,NS:SPANEW,BKT.MC
2025-02-05 08:42:28.618,Bankinter climbs 12% in past 3 months,urn:newsml:newsroom:20250205:nNRAvbcsv6:0,NS:GLOROU,BKT.MC
2025-02-05 04:02:23.797,Bankinter climbs 12% in past 3 months,urn:newsml:newsroom:20250205:nNRAvb9gqg:0,NS:GLOROU,BKT.MC
2025-02-04 21:47:06.971,Monthly: Bankinter ADR (BKNIY: $9.06) rises 16% on high volatility in January 2025,urn:newsml:newsroom:20250204:nNRAvb65be:0,NS:GLOROU,BKT.MC
2025-02-04 18:07:49.472,Banco de Sabadell's Earnings Growth Outperforms Bankinter,urn:newsml:newsroom:20250204:nNRAvb3wrj:0,NS:SPANEW,BKT.MC
2025-02-04 17:11:13.941,"Bankinter Portugal structures TMG Automotive's ""green"" commercial paper issue",urn:newsml:newsroom:20250204:nNRAvb328i:0,NS:NOTENG,BKT.MC
2025-02-04 16:52:11.514,ADR Recap: Bankinter continues to underperform UBS by 1.6% in the past month,urn:newsml:newsroom:20250204:nNRAvb2qy5:0,NS:GLOROU,BKT.MC
2025-02-04 16:47:30.857,Bankinter (BKT: EUR8.19) increases on strong volume; +3c [+0.4%] Vol Index 2.6 [1 is avg],urn:newsml:newsroom:20250204:nNRAvb2ois:0,NS:SPANEW,BKT.MC
2025-02-04 15:52:12.357,Bankinter Continues to Underperform its Peers,urn:newsml:newsroom:20250204:nNRAvb1v4c:0,NS:GLOROU,BKT.MC
2025-02-04 15:43:43.516,Monthly: Bankinter (BKT: EUR8.23) keeps rising: up 15% in 3 months,urn:newsml:newsroom:20250204:nNRAvb1p9b:0,NS:GLOSTP,BKT.MC
2025-02-04 12:17:16.712,Bankinter climbs 11% in past 3 months,urn:newsml:newsroom:20250204:nNRAvayo7h:0,NS:GLOROU,BKT.MC
2025-02-04 10:08:54.702,How Banco Bilbao Vizcaya Argentaria's dividend compares to Bankinter,urn:newsml:newsroom:20250204:nNRAvawjum:0,NS:SPANEW,BKT.MC
2025-02-04 08:42:22.028,Bankinter climbs 11% in past 3 months,urn:newsml:newsroom:20250204:nNRAvavcyh:0,NS:GLOROU,BKT.MC
2025-02-04 04:12:09.863,Bankinter climbs 11% in past 3 months,urn:newsml:newsroom:20250204:nNRAvasds9:0,NS:GLOROU,BKT.MC
2025-02-03 19:27:26.959,Solvency is not a major issue for Bankinter,urn:newsml:newsroom:20250203:nNRAvans3s:0,NS:GLOWEE,BKT.MC
2025-02-03 16:53:25.109,Bankinter (BKT: EUR8.16) offers earnings yield of 11.5%; -7c [-0.9%] Vol Index 4.4 [1 is avg],urn:newsml:newsroom:20250203:nNRAvalv1g:0,NS:SPANEW,BKT.MC
2025-02-03 15:52:10.807,ADR Recap: Bankinter continues to outperform HSBC Holdings by 9.9% in the past month,urn:newsml:newsroom:20250203:nNRAvakxon:0,NS:GLOROU,BKT.MC
2025-02-03 13:36:59.109,Weekly: Bankinter ADR (BKNIY: OTC: $9.06) increases 0.9%; +8c [0.9%] Vol Index 1.3 [1 is avg],urn:newsml:newsroom:20250203:nNRAvaj7cr:0,NS:GLOROU,BKT.MC
2025-02-03 12:37:07.115,Weekly: Bankinter ADR (BKNIY: OTC: $9.06) increases 0.9%; +8c [0.9%] Vol Index 1.3 [1 is avg],urn:newsml:newsroom:20250203:nNRAvai9cs:0,NS:GLOROU,BKT.MC
2025-02-03 11:37:09.250,Monthly: Bankinter ADR (BKNIY: $9.06) rises 16% on high volatility in January 2025,urn:newsml:newsroom:20250203:nNRAvah96l:0,NS:GLOROU,BKT.MC
2025-02-03 10:47:01.323,Solvency is not a major issue for Bankinter,urn:newsml:newsroom:20250203:nNRAvagmfc:0,NS:GLOROU,BKT.MC
2025-02-03 09:07:18.325,Banco Bilbao Vizcaya Argentaria continues to outperform Bankinter by 9.1% in the past month,urn:newsml:newsroom:20250203:nNRAvaf5fe:0,NS:SPANEW,BKT.MC
2025-02-03 07:37:18.303,Weekly: Bankinter ADR (BKNIY: OTC: $9.06) increases 0.9%; +8c [0.9%] Vol Index 1.3 [1 is avg],urn:newsml:newsroom:20250203:nNRAvaea99:0,NS:GLOROU,BKT.MC
2025-02-03 07:17:53.203,Monthly: Bankinter ADR (BKNIY: $9.06) rises 16% on high volatility in January 2025,urn:newsml:newsroom:20250203:nNRAvae2by:0,NS:GLOROU,BKT.MC
2025-02-03 07:08:00.643,Monthly: Bankinter (BKT: EUR8.23) keeps rising: up 15% in 3 months,urn:newsml:newsroom:20250203:nNRAvadty7:0,NS:SPANEW,BKT.MC
2025-02-02 05:50:22.345,Bankinter (OTCMKTS:BKNIY) Shares Cross Above 200-Day Moving Average – What's Next?,urn:newsml:newsroom:20250202:nNRAva5hla:0,NS:CERGEM,BKT.MC
2025-02-01 22:07:10.065,Bankinter (OTCMKTS:BKNIY) Stock Price Crosses Above Two Hundred Day Moving Average – Here's What Happened,urn:newsml:newsroom:20250201:nNRAva3uw9:0,NS:WATNEW,BKT.MC
2025-02-01 21:45:13.164,Bankinter (OTCMKTS:BKNIY) Sets New 52-Week High - Time to Buy?,urn:link:webnews:20250201:nNRAva3s95:0,NS:MARBEA,BKT.MC
2025-02-01 14:34:05.456,Bankinter advances 16% in past 3 months,urn:newsml:newsroom:20250201:nNRAva1t7k:0,NS:GLOROU,BKT.MC
2025-02-01 08:02:04.540,Bankinter advances 16% in past 3 months,urn:newsml:newsroom:20250201:nNRAv9yrpa:0,NS:GLOROU,BKT.MC
2025-02-01 05:56:53.299,Weekly: Bankinter (BKT: EUR8.23) increases 0.6% on high volume; +5c [0.6%] Vol Index 2.4 [1 is avg],urn:newsml:newsroom:20250201:nNRAv9xtji:0,NS:GLOWEE,BKT.MC
2025-02-01 04:12:05.432,Monthly: Bankinter ADR (BKNIY: $9.06) rises 16% on high volatility in January 2025,urn:newsml:newsroom:20250201:nNRAv9x8he:0,NS:GLOROU,BKT.MC
2025-02-01 04:07:03.822,Weekly: Bankinter ADR (BKNIY: OTC: $9.06) keeps rising: up 18% in 5 weeks,urn:newsml:newsroom:20250201:nNRAv9x7n1:0,NS:GLOROU,BKT.MC
2025-02-01 04:02:24.260,Weekly: Bankinter ADR (BKNIY: OTC: $9.06) increases 0.9%; +8c [0.9%] Vol Index 1.3 [1 is avg],urn:newsml:newsroom:20250201:nNRAv9wv8k:0,NS:GLOROU,BKT.MC
2025-02-01 03:57:31.742,Bankinter advances 16% in past 3 months,urn:newsml:newsroom:20250201:nNRAv9wvsx:0,NS:GLOROU,BKT.MC
2025-01-31 23:02:20.371,Bankinter (OTCMKTS:BKNIY) Sets New 1-Year High – Here's What Happened,urn:newsml:newsroom:20250131:nNRAv9uz13:0,NS:COMFIN,BKT.MC
2025-01-31 17:12:34.612,Solvency is not a major issue for Bankinter,urn:newsml:newsroom:20250131:nNRAv9qvhg:0,NS:GLOWEE,BKT.MC
2025-01-31 16:57:44.858,Monthly: Bankinter (BKT: EUR8.23) keeps rising: up 15% in 3 months,urn:newsml:newsroom:20250131:nNRAv9qo5t:0,NS:GLOSTP,BKT.MC
2025-01-31 16:52:43.311,Weekly: Bankinter (BKT: EUR8.23) increases 0.6% on high volume; +5c [0.6%] Vol Index 2.4 [1 is avg],urn:newsml:newsroom:20250131:nNRAv9qmcw:0,NS:GLOWEE,BKT.MC
2025-01-31 16:48:46.980,Bankinter (BKT: EUR8.23) down 2.0% in 2 days; -17c [2.0%] Vol Index 2.2 [1 is avg],urn:newsml:newsroom:20250131:nNRAv9qfs8:0,NS:SPANEW,BKT.MC
2025-01-31 15:52:12.592,ADR Recap: Bankinter continues to outperform ICICI Bank by 24.3% in the past month,urn:newsml:newsroom:20250131:nNRAv9pe2c:0,NS:GLOROU,BKT.MC
2025-01-31 12:12:39.601,Bankinter soars 37% in past 3 months,urn:newsml:newsroom:20250131:nNRAv9mbh2:0,NS:GLOROU,BKT.MC
2025-01-31 10:47:07.907,Solvency is not a major issue for Bankinter,urn:newsml:newsroom:20250131:nNRAv9l4kd:0,NS:GLOROU,BKT.MC
2025-01-31 10:44:15.000,Kindred SNP trades show spread uniformity,urn:newsml:reuters.com:20250131:nIfp1xyC9r:1,NS:IFR,BKT.MC
2025-01-31 09:12:38.763,Bankinter soars 37% in past 3 months,urn:newsml:newsroom:20250131:nNRAv9jx40:0,NS:GLOROU,BKT.MC
2025-01-31 04:18:50.841,"Bankinter, S.A. (OTCMKTS:BKIMF) Sees Significant Decrease in Short Interest",urn:newsml:newsroom:20250131:nNRAv9gtx8:0,NS:MARDAJ,BKT.MC
2025-01-31 04:07:29.047,Bankinter soars 37% in past 3 months,urn:newsml:newsroom:20250131:nNRAv9gppj:0,NS:GLOROU,BKT.MC
2025-01-30 16:47:21.093,Bankinter (BKT: EUR8.32) offers dividend yield of 6.2%; -8c [1.0%] Vol Index 2.7 [1 is avg],urn:newsml:newsroom:20250130:nNRAv9afwu:0,NS:SPANEW,BKT.MC
2025-01-30 15:52:07.975,ADR Recap: Bankinter continues to outperform HDFC Bank by 26.3% in the past month,urn:newsml:newsroom:20250130:nNRAv99m3s:0,NS:GLOROU,BKT.MC
2025-01-30 12:07:11.050,Bankinter advances 18% in past 3 months,urn:newsml:newsroom:20250130:nNRAv966sq:0,NS:GLOROU,BKT.MC
2025-01-30 08:22:44.261,Bankinter advances 18% in past 3 months,urn:newsml:newsroom:20250130:nNRAv93hn4:0,NS:GLOROU,BKT.MC
2025-01-30 04:07:20.479,Bankinter advances 18% in past 3 months,urn:newsml:newsroom:20250130:nNRAv90zgm:0,NS:GLOROU,BKT.MC
2025-01-29 16:47:19.104,Bankinter (BKT: EUR8.40) climbs 2.2% strengthening above moving average price; +18c [2.2%] Vol Index 3.1 [1 is avg],urn:newsml:newsroom:20250129:nNRAv8ubf8:0,NS:GLOSTO,BKT.MC
2025-01-29 15:52:10.462,ADR Recap: Bankinter continues to outperform Mitsubishi UFJ Financial by 7.2% in the past month,urn:newsml:newsroom:20250129:nNRAv8ti18:0,NS:GLOROU,BKT.MC
2025-01-29 12:02:29.376,Bankinter advances 16% in past 3 months,urn:newsml:newsroom:20250129:nNRAv8pzcy:0,NS:GLOROU,BKT.MC
2025-01-29 09:07:20.051,Banco de Sabadell's Earnings Growth Outperforms Bankinter,urn:newsml:newsroom:20250129:nNRAv8nv5g:0,NS:SPANEW,BKT.MC
2025-01-29 08:09:07.907,Banco Santander's Earnings Growth Outperforms Bankinter,urn:newsml:newsroom:20250129:nNRAv8n8ma:0,NS:SPANEW,BKT.MC
2025-01-29 08:02:01.808,Bankinter advances 16% in past 3 months,urn:newsml:newsroom:20250129:nNRAv8n52u:0,NS:GLOROU,BKT.MC
2025-01-29 03:57:13.630,Bankinter advances 16% in past 3 months,urn:newsml:newsroom:20250129:nNRAv8kje3:0,NS:GLOROU,BKT.MC
2025-01-28 16:52:11.390,ADR Recap: Bankinter continues to underperform UBS by 1.5% in the past month,urn:newsml:newsroom:20250128:nNRAv8eizk:0,NS:GLOROU,BKT.MC
2025-01-28 16:47:42.827,Bankinter (BKT: EUR8.22) offers earnings yield of 11.4%; -3c [0.4%] Vol Index 1.6 [1 is avg],urn:newsml:newsroom:20250128:nNRAv8eg9r:0,NS:GLOSTO,BKT.MC
2025-01-28 16:20:47.000,Kindred SNP trades show resilience to equity volatility,urn:newsml:reuters.com:20250128:nIfp9fmWxn:1,NS:IFR,BKT.MC
2025-01-28 15:52:11.547,Bankinter Continues to Underperform its Peers,urn:newsml:newsroom:20250128:nNRAv8doib:0,NS:GLOROU,BKT.MC
2025-01-28 12:07:06.558,Bankinter jumps 18% in past 3 months,urn:newsml:newsroom:20250128:nNRAv8a5tu:0,NS:GLOROU,BKT.MC
2025-01-28 11:28:33.000,REFILE-PREVIEW-European banks may find it tough to repeat strong end-of-year performance,urn:newsml:reuters.com:20250128:nL5N3OK0QO:8,NS:RTRS,BKT.MC
2025-01-28 10:08:02.103,How Banco Bilbao Vizcaya Argentaria's dividend compares to Bankinter,urn:newsml:newsroom:20250128:nNRAv88nua:0,NS:SPANEW,BKT.MC
2025-01-28 08:22:50.997,Bankinter jumps 18% in past 3 months,urn:newsml:newsroom:20250128:nNRAv87857:0,NS:GLOROU,BKT.MC
2025-01-28 04:02:29.794,Bankinter jumps 18% in past 3 months,urn:newsml:newsroom:20250128:nNRAv84lv2:0,NS:GLOROU,BKT.MC
2025-01-27 21:17:55.843,Bankinter is trading -0.34 percent lower with a volume of EUR 27.8 mn on Monday 27th of January,urn:newsml:newsroom:20250127:nNRAv81ypz:0,NS:STOCKP,BKT.MC
2025-01-27 16:57:03.606,Solvency is not a major issue for Bankinter,urn:newsml:newsroom:20250127:nNRAv7z0vb:0,NS:GLOWEE,BKT.MC
2025-01-27 16:47:34.516,Bankinter (BKT: EUR8.25) increases on rising relative strength; +7c [0.9%] Vol Index 2.2 [1 is avg],urn:newsml:newsroom:20250127:nNRAv7yrcr:0,NS:GLOSTO,BKT.MC
2025-01-27 15:52:08.740,ADR Recap: Bankinter continues to outperform HSBC Holdings by 10.8% in the past month,urn:newsml:newsroom:20250127:nNRAv7y33s:0,NS:GLOROU,BKT.MC
2025-01-27 13:36:58.917,Weekly: Bankinter ADR (BKNIY: OTC: $8.98) gains 6%; +53c [6.3%] Vol Index 1.5 [1 is avg],urn:newsml:newsroom:20250127:nNRAv7wfzy:0,NS:GLOROU,BKT.MC
2025-01-27 12:37:03.303,Weekly: Bankinter ADR (BKNIY: OTC: $8.98) gains 6%; +53c [6.3%] Vol Index 1.5 [1 is avg],urn:newsml:newsroom:20250127:nNRAv7vg5l:0,NS:GLOROU,BKT.MC
2025-01-27 11:12:06.919,Bankinter climbs 12% in past 3 months,urn:newsml:newsroom:20250127:nNRAv7uap5:0,NS:GLOROU,BKT.MC
2025-01-27 10:47:03.174,Solvency is not a major issue for Bankinter,urn:newsml:newsroom:20250127:nNRAv7twlj:0,NS:GLOROU,BKT.MC
2025-01-27 09:08:06.622,Banco Bilbao Vizcaya Argentaria continues to outperform Bankinter by 4.0% in the past month,urn:newsml:newsroom:20250127:nNRAv7shxo:0,NS:SPANEW,BKT.MC
2025-01-27 07:37:06.135,Weekly: Bankinter ADR (BKNIY: OTC: $8.98) gains 6%; +53c [6.3%] Vol Index 1.5 [1 is avg],urn:newsml:newsroom:20250127:nNRAv7ro13:0,NS:GLOROU,BKT.MC
2025-01-27 07:12:07.296,Bankinter climbs 12% in past 3 months,urn:newsml:newsroom:20250127:nNRAv7rfsk:0,NS:GLOROU,BKT.MC
2025-01-27 03:27:42.249,"Bankinter ADR climbs 15% in 2025, outperforming 87% of the market",urn:newsml:newsroom:20250127:nNRAv7po35:0,NS:GLOROU,BKT.MC
2025-01-27 03:27:18.766,"Bankinter ADR climbs 15% in 2025, outperforming 87% of the market",urn:newsml:newsroom:20250127:nNRAv7po09:0,NS:GLOROU,BKT.MC
2025-01-25 12:57:15.354,Bankinter (OTCMKTS:BKNIY) Issues Quarterly Earnings Results,urn:newsml:newsroom:20250125:nNRAv7f259:0,NS:TRADAJ,BKT.MC
2025-01-25 05:52:03.825,Weekly: Bankinter (BKT: EUR8.18) unchanged on strong volume,urn:newsml:newsroom:20250125:nNRAv7bnr5:0,NS:GLOWEE,BKT.MC
2025-01-24 17:22:31.914,Solvency is not a major issue for Bankinter,urn:newsml:newsroom:20250124:nNRAv75lo5:0,NS:GLOWEE,BKT.MC
2025-01-24 16:53:27.147,Weekly: Bankinter (BKT: EUR8.18) unchanged on strong volume,urn:newsml:newsroom:20250124:nNRAv74wax:0,NS:GLOWEE,BKT.MC
2025-01-24 16:47:49.845,Bankinter (BKT: EUR8.18) offers dividend yield of 6.3%; Vol Index 3.2 [1 is avg],urn:newsml:newsroom:20250124:nNRAv74psy:0,NS:GLOSTO,BKT.MC
2025-01-24 15:52:11.756,ADR Recap: Bankinter continues to outperform HDFC Bank by 19.6% year to date,urn:newsml:newsroom:20250124:nNRAv73z8l:0,NS:GLOROU,BKT.MC
2025-01-24 15:12:44.593,Bankinter earns close to one billion in 2024,urn:newsml:newsroom:20250124:nNRAv73gpr:0,NS:NOTENG,BKT.MC
2025-01-24 13:07:43.965,Bankinter advances 15% in past 3 months,urn:newsml:newsroom:20250124:nNRAv71uyx:0,NS:GLOROU,BKT.MC
2025-01-24 10:47:03.058,Solvency is not a major issue for Bankinter,urn:newsml:newsroom:20250124:nNRAv6zuzt:0,NS:GLOROU,BKT.MC
2025-01-24 10:13:14.073,Bankinter: Gloria Ortiz wants market share in Portugal to grow to 5% to 6%,urn:newsml:newsroom:20250124:nNRAv6zdjm:0,NS:NOTENG,BKT.MC
2025-01-24 10:12:35.576,"Bankinter earns a record profit of 953 million euros in 2024, up 12.8%.",urn:newsml:newsroom:20250124:nNRAv6zawr:0,NS:NOTENG,BKT.MC
2025-01-24 09:27:33.252,Bankinter advances 15% in past 3 months,urn:newsml:newsroom:20250124:nNRAv6yi02:0,NS:GLOROU,BKT.MC
2025-01-24 09:12:13.808,Record profits of €953 million for Bankinter,urn:link:webnews:20250124:nNRAv6yark:0,NS:PORNEX,BKT.MC
2025-01-24 07:42:37.054,Bankinter SA (BKIMF) Q4 2024 Earnings Call Highlights: Record Net Income and Strategic Growth ...,urn:link:webnews:20250124:nNRAv6x9oz:0,NS:YAHNEX,BKT.MC
2025-01-24 07:07:59.857,Bankinter SA (BKIMF) Q4 2024 Earnings Call Highlights: Record Net Income and Strategic Growth ...,urn:newsml:newsroom:20250124:nNRAv6wmk7:0,NS:GURCOM,BKT.MC
2025-01-24 05:07:39.037,Q4 2024 Bankinter SA Earnings Call Transcript,urn:newsml:newsroom:20250124:nNRAv6vhu3:0,NS:GURCOM,BKT.MC
2025-01-24 05:02:09.253,Bankinter advances 15% in past 3 months,urn:newsml:newsroom:20250124:nNRAv6vc5d:0,NS:GLOROU,BKT.MC
2025-01-24 00:00:00.000,"Bankinter ADR climbs 15% in 2025, outperforming 87% of the market",urn:newsml:newsroom:20250127:nNRAv7pnjz:0,NS:GLOROU,BKT.MC
2025-01-24 00:00:00.000,Weekly: Bankinter ADR (BKNIY: OTC: $8.98) gains 6%; +53c [6.3%] Vol Index 1.5 [1 is avg],urn:newsml:newsroom:20250127:nNRAv7pm9m:0,NS:GLOROU,BKT.MC
2025-01-24 00:00:00.000,Weekly: Bankinter ADR (BKNIY: OTC: $8.98) gains 6%,urn:newsml:newsroom:20250127:nNRAv7pknz:0,NS:GLOROU,BKT.MC
2025-01-24 00:00:00.000,Bankinter climbs 12% in past 3 months,urn:newsml:newsroom:20250127:nNRAv7pk30:0,NS:GLOROU,BKT.MC
2025-01-23 18:12:09.329,"Bankinter: ""It is not good that the Government is not able to pass laws"".",urn:newsml:newsroom:20250123:nNRAv6prmk:0,NS:NOTENG,BKT.MC
2025-01-23 17:03:19.215,Bankinter (OTCMKTS:BKNIY) Issues Quarterly Earnings Results,urn:newsml:newsroom:20250123:nNRAv6ondh:0,NS:COMFIN,BKT.MC
2025-01-23 16:47:34.689,Bankinter (BKT: EUR8.18) down 2.0% in 2 days; -17c [2.0%] Vol Index 5.0 [1 is avg],urn:newsml:newsroom:20250123:nNRAv6odja:0,NS:GLOSTO,BKT.MC
2025-01-23 16:11:43.322,Bankinter expects another record profit this year and believes that 18% in profitability does not have to be a peak.,urn:newsml:newsroom:20250123:nNRAv6nu5u:0,NS:NOTENG,BKT.MC
2025-01-23 15:52:10.174,ADR Recap: Bankinter continues to outperform Mitsubishi UFJ Financial by 7.8% year to date,urn:newsml:newsroom:20250123:nNRAv6nh2q:0,NS:GLOROU,BKT.MC
2025-01-23 14:41:36.099,"Bankinter closes 2024 with record profit of 953 million, up 13%.",urn:newsml:newsroom:20250123:nNRAv6mhgg:0,NS:CENAFT,BKT.MC
2025-01-23 14:36:15.452,"Bankinter (OTCMKTS:BKNIY) Releases Earnings Results, Beats Expectations By $0.08 EPS",urn:link:webnews:20250123:nNRAv6mex8:0,NS:WKRNEW,BKT.MC
2025-01-23 14:13:33.754,"Gloria Ortiz (Bankinter), on the political fragmentation in Spain: ""It is not good that we are not able to pass laws and budgets"".",urn:newsml:newsroom:20250123:nNRAv6m5bs:0,NS:NOTENG,BKT.MC
2025-01-23 14:12:33.599,Bankinter rules out buying Novo Banco and wants to continue growing in Portugal,urn:newsml:newsroom:20250123:nNRAv6m2s0:0,NS:NOTENG,BKT.MC
2025-01-23 13:11:44.597,"Bankinter CEO: ""Portugal exceeds all expectations""",urn:newsml:newsroom:20250123:nNRAv6l5xm:0,NS:NOTENG,BKT.MC
2025-01-23 12:11:58.576,"Bankinter, S.A. (BKIMF) Q4 2024 Earnings Call Transcript",urn:newsml:newsroom:20250123:nNRAv6kfv0:0,NS:SEECOM,BKT.MC
2025-01-23 12:00:00.000,Q4 2024 Bankinter SA Earnings Call,urn:newsml:reuters.com:20250123:nTRNbJz6LS:1,NS:TRANS,BKT.MC
2025-01-23 11:57:09.719,Bankinter gains 6% in past 3 months,urn:newsml:newsroom:20250123:nNRAv6kcas:0,NS:GLOROU,BKT.MC
2025-01-23 11:27:27.415,"Bankinter Sees Lower Impact From Banking Tax Extension Than In Previous Levy, CEO Says",urn:newsml:reuters.com:20250123:nRSD2Qgzbx:1,NS:SIGDEV,BKT.MC
2025-01-23 11:16:38.000,"BRIEF-Bankinter Sees Lower Impact From Banking Tax Extension Than In Previous Levy, CEO Says",urn:newsml:reuters.com:20250123:nS0N3G0027:1,NS:RTRS,BKT.MC
2025-01-23 10:59:00.000,Q4 2024 Bankinter SA Earnings Call - Final,urn:newsml:newsroom:20250130:nNRAv9ct74:0,NS:FDFAIR,BKT.MC
2025-01-23 10:13:17.796,"Bankinter reaches record profit of €953 million, with earnings in Portugal growing by 18%",urn:newsml:newsroom:20250123:nNRAv6ja9q:0,NS:NOTENG,BKT.MC
2025-01-23 10:13:12.535,Bankinter Group with profits of 953 million. Portugal contributed 195 million,urn:newsml:newsroom:20250123:nNRAv6jbn5:0,NS:NOTENG,BKT.MC
2025-01-23 10:12:59.618,Bankinter closes 2024 with a record profit of 953 million euros,urn:newsml:newsroom:20250123:nNRAv6jav9:0,NS:NOTENG,BKT.MC
2025-01-23 09:55:05.000,UPDATE 3-Bankinter sees lending income unchanged or slightly positive for 2025,urn:newsml:reuters.com:20250123:nL5N3OJ0AD:1,NS:RTRS,BKT.MC
2025-01-23 09:13:44.198,Bankinter's profit soared 13% in 2024 to a record 953 million euros,urn:newsml:newsroom:20250123:nNRAv6id1l:0,NS:NOTENG,BKT.MC
2025-01-23 09:13:40.968,"Bankinter obtains a record profit of 953 million in 2024, up 12.8%.",urn:newsml:newsroom:20250123:nNRAv6ica2:0,NS:NOTENG,BKT.MC
2025-01-23 09:13:38.572,Bankinter closes 2024 with record profit of 953 million,urn:newsml:newsroom:20250123:nNRAv6ic9t:0,NS:NOTENG,BKT.MC
2025-01-23 09:07:03.664,"Bankinter Sees Growth Opportunities In All Markets Where It Is Present, CEO Says",urn:newsml:reuters.com:20250123:nRSD8z2qkg:1,NS:SIGDEV,BKT.MC
2025-01-23 08:51:31.000,"BRIEF-Bankinter Sees Growth Opportunities In All Markets Where It Is Present, CEO Says",urn:newsml:reuters.com:20250123:nS0N3G0025:1,NS:RTRS,BKT.MC
2025-01-23 08:51:24.468,"Bankinter Sees NII Flattish Or Slightly Positive In 2025, CFO says",urn:newsml:reuters.com:20250123:nRSD4HbBQP:1,NS:SIGDEV,BKT.MC
2025-01-23 08:35:16.000,"BRIEF-Bankinter Sees NII Flattish Or Slightly Positive In 2025, CFO says",urn:newsml:reuters.com:20250123:nS0N3G0012:1,NS:RTRS,BKT.MC
2025-01-23 08:14:00.754,Bankinter increases its profit by 13% in 2024 and pulverizes its record with 953 million euros,urn:newsml:newsroom:20250123:nNRAv6hise:0,NS:NOTENG,BKT.MC
2025-01-23 07:56:59.508,Bankinter gains 6% in past 3 months,urn:newsml:newsroom:20250123:nNRAv6hb0r:0,NS:GLOROU,BKT.MC
2025-01-23 07:34:03.000,Spanish stocks - Factors to watch on Jan 23,urn:newsml:reuters.com:20250123:nL5N3OJ089:1,NS:RTRS,BKT.MC
2025-01-23 07:18:03.515,Bankinter Q4 Net Profit At 222 Mln Euros,urn:newsml:reuters.com:20250123:nRSD1L2l2:1,NS:SIGDEV,BKT.MC
2025-01-23 07:09:57.000,Spain's Bankinter Q4 net profit rises 39% from same period in 2023,urn:newsml:reuters.com:20250123:nL5N3OI23W:1,NS:RTRS,BKT.MC
2025-01-23 07:06:32.000,BRIEF-Bankinter Q4 Net Profit At 222 Mln Euros,urn:newsml:reuters.com:20250123:nFWN3OJ0GP:1,NS:RTRS,BKT.MC
2025-01-23 03:57:31.059,Bankinter gains 6% in past 3 months,urn:newsml:newsroom:20250123:nNRAv6exgl:0,NS:GLOROU,BKT.MC
2025-01-22 16:52:01.667,The Short-Term Bullish Case For Bankinter,urn:newsml:newsroom:20250122:nNRAv68jbb:0,NS:GLOROU,BKT.MC
2025-01-22 16:47:36.415,Bankinter (BKT: EUR8.29) offers earnings yield of 11.3%; -6c [0.7%] Vol Index 1.9 [1 is avg],urn:newsml:newsroom:20250122:nNRAv68fvz:0,NS:GLOSTO,BKT.MC
2025-01-22 15:52:12.235,ADR Recap: Bankinter continues to underperform UBS by 1.6% year to date,urn:newsml:newsroom:20250122:nNRAv67kzy:0,NS:GLOROU,BKT.MC
2025-01-22 11:57:17.477,Bankinter climbs 13% in past 3 months,urn:newsml:newsroom:20250122:nNRAv645da:0,NS:GLOROU,BKT.MC
2025-01-22 07:57:03.413,Bankinter climbs 13% in past 3 months,urn:newsml:newsroom:20250122:nNRAv60q9k:0,NS:GLOROU,BKT.MC
2025-01-22 03:52:06.351,Bankinter climbs 13% in past 3 months,urn:newsml:newsroom:20250122:nNRAv5ye25:0,NS:GLOROU,BKT.MC
2025-01-21 16:47:27.193,Bankinter (BKT: EUR8.35) offers dividend yield of 6.2%; +3c [0.4%] Vol Index 1.6 [1 is avg],urn:newsml:newsroom:20250121:nNRAv5s1h8:0,NS:GLOSTO,BKT.MC
2025-01-21 15:52:13.736,ADR Recap: Bankinter continues to outperform HSBC Holdings by 5.7% year to date,urn:newsml:newsroom:20250121:nNRAv5r1oa:0,NS:GLOROU,BKT.MC
2025-01-21 13:37:12.961,Weekly: Bankinter ADR (BKNIY: OTC: $8.45) keeps rising: up 10% in 3 weeks; +80c [10.5%],urn:newsml:newsroom:20250121:nNRAv5p0vp:0,NS:GLOROU,BKT.MC
2025-01-21 12:37:11.977,Weekly: Bankinter ADR (BKNIY: OTC: $8.45) keeps rising: up 10% in 3 weeks; +80c [10.5%],urn:newsml:newsroom:20250121:nNRAv5nysz:0,NS:GLOROU,BKT.MC
2025-01-21 10:09:13.874,How Banco Bilbao Vizcaya Argentaria's dividend compares to Bankinter,urn:newsml:newsroom:20250121:nNRAv5m1x9:0,NS:GLOSTO,BKT.MC
2025-01-21 07:37:09.649,Weekly: Bankinter ADR (BKNIY: OTC: $8.45) keeps rising: up 10% in 3 weeks; +80c [10.5%],urn:newsml:newsroom:20250121:nNRAv5k7oe:0,NS:GLOROU,BKT.MC
2025-01-20 16:47:26.843,Solvency is not a major issue for Bankinter,urn:newsml:newsroom:20250120:nNRAv5cv6d:0,NS:GLOWEE,BKT.MC
2025-01-20 16:47:04.642,Bankinter (BKT: EUR8.32) lifts 1.7% on rising relative strength; +14c [1.7%] Vol Index 1.8 [1 is avg],urn:newsml:newsroom:20250120:nNRAv5cv2p:0,NS:GLOSTO,BKT.MC
2025-01-20 10:47:04.153,Solvency is not a major issue for Bankinter,urn:newsml:newsroom:20250120:nNRAv58zyy:0,NS:GLOROU,BKT.MC
2025-01-20 09:07:32.089,Banco Bilbao Vizcaya Argentaria continues to outperform Bankinter by 2.3% year to date,urn:newsml:newsroom:20250120:nNRAv57ok3:0,NS:GLOSTO,BKT.MC
2025-01-18 16:48:44.758,"Royal Bank of Canada Upgrades Bankinter (OTCMKTS:BKNIY) to ""Moderate Buy"" --",urn:link:webnews:20250118:nNRAv4ul8r:0,NS:ETFDAI,BKT.MC
2025-01-18 14:18:15.033,Bankinter increases 5% in past 3 months,urn:newsml:newsroom:20250118:nNRAv4tmed:0,NS:GLOROU,BKT.MC
2025-01-18 08:47:19.085,Bankinter increases 5% in past 3 months,urn:newsml:newsroom:20250118:nNRAv4r8ep:0,NS:GLOROU,BKT.MC
2025-01-18 05:56:47.696,"Weekly: Bankinter (BKT: EUR8.18) rises for a fourth consecutive week, a four-week rise of 11%; +9c [1.1%] Vol Index 2.1 [1 is avg]",urn:newsml:newsroom:20250118:nNRAv4px65:0,NS:GLOWEE,BKT.MC
2025-01-18 04:47:50.607,Weekly: Bankinter ADR (BKNIY: OTC: $8.45) increases 0.7%; +6c [0.7%],urn:newsml:newsroom:20250118:nNRAv4pjof:0,NS:GLOROU,BKT.MC
2025-01-18 04:47:09.108,Weekly: Bankinter ADR (BKNIY: OTC: $8.45) keeps rising: up 10% in 3 weeks; +6c [0.7%],urn:newsml:newsroom:20250118:nNRAv4pi0u:0,NS:GLOROU,BKT.MC
2025-01-18 04:42:33.546,Bankinter increases 5% in past 3 months,urn:newsml:newsroom:20250118:nNRAv4pg7x:0,NS:GLOROU,BKT.MC
2025-01-17 20:11:14.476,"Bankinter, S.A. (OTCMKTS:BKIMF) Short Interest Update --",urn:link:webnews:20250117:nNRAv4lljd:0,NS:WKRNEW,BKT.MC
2025-01-17 17:22:45.210,Solvency is not a major issue for Bankinter,urn:newsml:newsroom:20250117:nNRAv4jiwv:0,NS:GLOWEE,BKT.MC
2025-01-17 16:53:27.271,"Weekly: Bankinter (BKT: EUR8.18) rises for a fourth consecutive week, a four-week rise of 11%; +9c [1.1%] Vol Index 2.1 [1 is avg]",urn:newsml:newsroom:20250117:nNRAv4itrs:0,NS:GLOWEE,BKT.MC
2025-01-17 16:47:41.756,Bankinter (BKT: EUR8.18) in bottom 2% performers of IBEX 35 Index; -2c [0.2%] Vol Index 1.4 [1 is avg],urn:newsml:newsroom:20250117:nNRAv4inos:0,NS:GLOSTO,BKT.MC
2025-01-17 15:52:06.672,ADR Recap: Bankinter continues to outperform ICICI Bank by 8.8% in the past three months,urn:newsml:newsroom:20250117:nNRAv4hwib:0,NS:GLOROU,BKT.MC
2025-01-17 12:33:07.149,Bankinter (OTCMKTS:BKNIY) Rating Increased to Moderate Buy at Royal Bank of Canada,urn:newsml:newsroom:20250117:nNRAv4f65c:0,NS:COMFIN,BKT.MC
2025-01-17 11:57:28.500,Bankinter lifts 8% in past 3 months,urn:newsml:newsroom:20250117:nNRAv4el5t:0,NS:GLOROU,BKT.MC
2025-01-17 10:47:03.996,Solvency is not a major issue for Bankinter,urn:newsml:newsroom:20250117:nNRAv4dgl0:0,NS:GLOROU,BKT.MC
2025-01-17 07:56:59.222,Bankinter lifts 8% in past 3 months,urn:newsml:newsroom:20250117:nNRAv4aviy:0,NS:GLOROU,BKT.MC
2025-01-17 03:52:11.913,Bankinter lifts 8% in past 3 months,urn:newsml:newsroom:20250117:nNRAv485v5:0,NS:GLOROU,BKT.MC
2025-01-16 16:47:33.692,Bankinter (BKT: EUR8.20) offers earnings yield of 11.5%; -12c [1.4%] Vol Index 1.9 [1 is avg],urn:newsml:newsroom:20250116:nNRAv41yjh:0,NS:GLOSTO,BKT.MC
2025-01-16 15:52:11.563,ADR Recap: Bankinter continues to outperform HDFC Bank by 11.8% in the past three months,urn:newsml:newsroom:20250116:nNRAv410fw:0,NS:GLOROU,BKT.MC
2025-01-16 14:32:20.612,Bankinter climbs 10% in past 3 months,urn:newsml:newsroom:20250116:nNRAv3zyzc:0,NS:GLOROU,BKT.MC
2025-01-16 10:32:47.856,Bankinter climbs 10% in past 3 months,urn:newsml:newsroom:20250116:nNRAv3vye3:0,NS:GLOROU,BKT.MC
2025-01-16 07:45:37.197,Bankinter (BKNIY) Projected to Release Earnings on Thursday --,urn:link:webnews:20250116:nNRAv3tuaj:0,NS:MARBEA,BKT.MC
2025-01-16 07:42:16.426,Bankinter (BKNIY) to Release Earnings on Thursday,urn:newsml:newsroom:20250116:nNRAv3ttwt:0,NS:TICREP,BKT.MC
2025-01-16 06:27:14.922,Bankinter climbs 10% in past 3 months,urn:newsml:newsroom:20250116:nNRAv3t0su:0,NS:GLOROU,BKT.MC
2025-01-15 16:47:33.325,Bankinter (BKT: EUR8.32) offers dividend yield of 6.2%; -3c [0.4%] Vol Index 2.2 [1 is avg],urn:newsml:newsroom:20250115:nNRAv3l4bo:0,NS:GLOSTO,BKT.MC
2025-01-15 15:52:07.776,ADR Recap: Bankinter continues to underperform Mitsubishi UFJ Financial by 6.0% in the past three months,urn:newsml:newsroom:20250115:nNRAv3k7lb:0,NS:GLOROU,BKT.MC
2025-01-15 11:57:15.284,Bankinter lifts 7% in past 3 months,urn:newsml:newsroom:20250115:nNRAv3gb1g:0,NS:GLOROU,BKT.MC
2025-01-15 09:08:42.678,Banco Santander's Earnings Growth Outperforms Bankinter,urn:newsml:newsroom:20250115:nNRAv3e10n:0,NS:GLOSTO,BKT.MC
2025-01-15 09:08:34.754,Banco de Sabadell's Earnings Growth Outperforms Bankinter,urn:newsml:newsroom:20250115:nNRAv3e10m:0,NS:GLOSTO,BKT.MC
2025-01-15 07:57:04.435,Bankinter lifts 7% in past 3 months,urn:newsml:newsroom:20250115:nNRAv3d7mm:0,NS:GLOROU,BKT.MC
2025-01-15 03:52:16.385,Bankinter lifts 7% in past 3 months,urn:newsml:newsroom:20250115:nNRAv3aykx:0,NS:GLOROU,BKT.MC
2025-01-14 16:52:09.418,ADR Recap: Bankinter continues to outperform UBS by 4.7% in the past three months,urn:newsml:newsroom:20250114:nNRAv348yh:0,NS:GLOROU,BKT.MC
2025-01-14 16:47:35.837,Bankinter (BKT: EUR8.35) in top 2% performers of IBEX 35 Index; +18c [2.2%] Vol Index 3.2 [1 is avg],urn:newsml:newsroom:20250114:nNRAv3451l:0,NS:GLOSTO,BKT.MC
2025-01-14 15:52:09.278,Bankinter Continues to Underperform its Peers,urn:newsml:newsroom:20250114:nNRAv339y5:0,NS:GLOROU,BKT.MC
2025-01-14 13:37:02.070,Bankinter increases 3% in past 3 months,urn:newsml:newsroom:20250114:nNRAv31eq3:0,NS:GLOROU,BKT.MC
2025-01-14 10:27:39.000,"BUZZ-Exane bullish on Mediterranean banks, Caixabank remains top pick",urn:newsml:reuters.com:20250114:nL8N3OA0G5:1,NS:RTRS,BKT.MC
2025-01-14 10:08:19.400,How Banco Bilbao Vizcaya Argentaria's dividend compares to Bankinter,urn:newsml:newsroom:20250114:nNRAv2yg8z:0,NS:GLOSTO,BKT.MC
2025-01-14 09:37:19.600,Bankinter increases 3% in past 3 months,urn:newsml:newsroom:20250114:nNRAv2xthz:0,NS:GLOROU,BKT.MC
2025-01-14 05:33:10.357,Bankinter increases 3% in past 3 months,urn:newsml:newsroom:20250114:nNRAv2vm0n:0,NS:GLOROU,BKT.MC
2025-01-13 16:57:29.280,Solvency is not a major issue for Bankinter,urn:newsml:newsroom:20250113:nNRAv2oki9:0,NS:GLOWEE,BKT.MC
2025-01-13 16:47:15.062,"Bankinter (BKT: EUR8.17) keeps rising, up 8.5% in 7 days; +64c [8.5%] Vol Index 2.1 [1 is avg]",urn:newsml:newsroom:20250113:nNRAv2o87w:0,NS:GLOSTO,BKT.MC
2025-01-13 15:52:09.114,ADR Recap: Bankinter continues to underperform HSBC Holdings by 9.9% in the past three months,urn:newsml:newsroom:20250113:nNRAv2nhm5:0,NS:GLOROU,BKT.MC
2025-01-13 13:36:59.054,Weekly: Bankinter ADR (BKNIY: OTC: $8.39) up 10% in 2 weeks; +74c [9.7%],urn:newsml:newsroom:20250113:nNRAv2lop0:0,NS:GLOROU,BKT.MC
2025-01-13 12:37:07.713,Weekly: Bankinter ADR (BKNIY: OTC: $8.39) up 10% in 2 weeks; +74c [9.7%],urn:newsml:newsroom:20250113:nNRAv2kqzi:0,NS:GLOROU,BKT.MC
2025-01-13 11:37:11.841,Monthly: Bankinter ADR (BKNIY: $7.82) increases 2% on firm volume in December 2024,urn:newsml:newsroom:20250113:nNRAv2k37p:0,NS:GLOROU,BKT.MC
2025-01-13 10:47:07.312,Solvency is not a major issue for Bankinter,urn:newsml:newsroom:20250113:nNRAv2jgei:0,NS:GLOROU,BKT.MC
2025-01-13 09:07:33.597,Banco Bilbao Vizcaya Argentaria continues to underperform Bankinter by 3.6% in the past three months,urn:newsml:newsroom:20250113:nNRAv2iaj0:0,NS:GLOSTO,BKT.MC
2025-01-13 07:37:21.549,Weekly: Bankinter ADR (BKNIY: OTC: $8.39) up 10% in 2 weeks; +74c [9.7%],urn:newsml:newsroom:20250113:nNRAv2hgk0:0,NS:GLOROU,BKT.MC
2025-01-12 13:07:12.032,"Bankinter ADR increases 7.3% in 2025, outperforming 85% of the market",urn:newsml:newsroom:20250112:nNRAv2cqyu:0,NS:GLOROU,BKT.MC
2025-01-12 07:07:20.975,"Bankinter ADR increases 7.3% in 2025, outperforming 85% of the market",urn:newsml:newsroom:20250112:nNRAv2am6b:0,NS:GLOROU,BKT.MC
2025-01-11 14:18:46.055,Bankinter gains 4% in past 3 months,urn:newsml:newsroom:20250111:nNRAv2726t:0,NS:GLOROU,BKT.MC
2025-01-11 07:58:18.537,Bankinter gains 4% in past 3 months,urn:newsml:newsroom:20250111:nNRAv24iea:0,NS:GLOROU,BKT.MC
2025-01-11 07:46:08.543,Bankinter (OTCMKTS:BKNIY) Stock Passes Above 200-Day Moving Average - Here's What Happened --,urn:link:webnews:20250111:nNRAv24fg8:0,NS:MARBEA,BKT.MC
2025-01-11 05:57:01.083,Weekly: Bankinter (BKT: EUR8.09) accelerates rise: up 8% in 2 weeks; +53c [7.0%] Vol Index 2.5 [1 is avg],urn:newsml:newsroom:20250111:nNRAv23pw2:0,NS:GLOWEE,BKT.MC
2025-01-11 04:02:26.702,"Bankinter ADR increases 7.3% in 2025, outperforming 85% of the market",urn:newsml:newsroom:20250111:nNRAv232vv:0,NS:GLOROU,BKT.MC
2025-01-11 03:57:48.034,Weekly: Bankinter ADR (BKNIY: OTC: $8.39) in top 4% performers of market in past week,urn:newsml:newsroom:20250111:nNRAv232ej:0,NS:GLOROU,BKT.MC
2025-01-11 03:57:17.720,Weekly: Bankinter ADR (BKNIY: OTC: $8.39) up 10% in 2 weeks; +63c [8.1%],urn:newsml:newsroom:20250111:nNRAv231am:0,NS:GLOROU,BKT.MC
2025-01-11 03:52:41.787,Bankinter gains 4% in past 3 months,urn:newsml:newsroom:20250111:nNRAv22zvg:0,NS:GLOROU,BKT.MC
2025-01-10 17:17:24.373,Solvency is not a major issue for Bankinter,urn:newsml:newsroom:20250110:nNRAv1yir2:0,NS:GLOWEE,BKT.MC
2025-01-10 16:52:58.747,Weekly: Bankinter (BKT: EUR8.09) accelerates rise: up 8% in 2 weeks; +53c [7.0%] Vol Index 2.5 [1 is avg],urn:newsml:newsroom:20250110:nNRAv1y4n8:0,NS:GLOWEE,BKT.MC
2025-01-10 16:47:16.437,Bankinter (BKT: EUR8.09) offers earnings yield of 11.6%; +6c [0.7%] Vol Index 2.7 [1 is avg],urn:newsml:newsroom:20250110:nNRAv1xy0b:0,NS:GLOSTO,BKT.MC
2025-01-10 10:52:00.415,Solvency is not a major issue for Bankinter,urn:newsml:newsroom:20250110:nNRAv1tbvk:0,NS:GLOROU,BKT.MC
2025-01-09 16:47:31.787,Bankinter (BKT: EUR8.03) offers dividend yield of 6.4%; +26c [3.3%] Vol Index 3.9 [1 is avg],urn:newsml:newsroom:20250109:nNRAv1ke1r:0,NS:GLOSTO,BKT.MC
2025-01-09 15:52:12.073,ADR Recap: Bankinter continues to outperform HDFC Bank by 6.4% in the past month,urn:newsml:newsroom:20250109:nNRAv1jfkc:0,NS:GLOROU,BKT.MC
2025-01-09 11:57:07.115,Bankinter strengthens 1% in past 3 months,urn:newsml:newsroom:20250109:nNRAv1gbpm:0,NS:GLOROU,BKT.MC
2025-01-09 07:57:03.404,Bankinter strengthens 1% in past 3 months,urn:newsml:newsroom:20250109:nNRAv1dmay:0,NS:GLOROU,BKT.MC
2025-01-09 03:52:23.170,Bankinter strengthens 1% in past 3 months,urn:newsml:newsroom:20250109:nNRAv1bjo8:0,NS:GLOROU,BKT.MC
2025-01-08 16:47:32.849,Bankinter (BKT: EUR7.77) in 4th consecutive rise; +24c [3.2%] Vol Index 1.6 [1 is avg],urn:newsml:newsroom:20250108:nNRAv15oo4:0,NS:GLOSTO,BKT.MC
2025-01-08 15:52:09.971,ADR Recap: Bankinter continues to underperform Mitsubishi UFJ Financial by 2.3% in the past month,urn:newsml:newsroom:20250108:nNRAv150xt:0,NS:GLOROU,BKT.MC
2025-01-08 15:08:12.219,Banco Santander's Earnings Growth Outperforms Bankinter,urn:newsml:newsroom:20250108:nNRAv14g38:0,NS:GLOSTO,BKT.MC
2025-01-08 13:47:06.214,Wednesday's Preview: Can Bankinter rebound after being down?,urn:newsml:newsroom:20250108:nNRAv138iu:0,NS:GLOROU,BKT.MC
2025-01-08 11:57:17.019,Bankinter drops 6% in past 3 months,urn:newsml:newsroom:20250108:nNRAv11rxq:0,NS:GLOROU,BKT.MC
2025-01-08 10:07:07.543,Can Bankinter rebound after recent dip?,urn:newsml:newsroom:20250108:nNRAv10i2x:0,NS:GLOROU,BKT.MC
2025-01-08 08:08:01.607,Banco de Sabadell's Earnings Growth Outperforms Bankinter,urn:newsml:newsroom:20250108:nNRAv0z9c6:0,NS:GLOSTO,BKT.MC
2025-01-08 07:57:02.287,Bankinter drops 6% in past 3 months,urn:newsml:newsroom:20250108:nNRAv0z4rk:0,NS:GLOROU,BKT.MC
2025-01-08 03:52:17.203,Bankinter drops 6% in past 3 months,urn:newsml:newsroom:20250108:nNRAv0x9zu:0,NS:GLOROU,BKT.MC
2025-01-07 18:07:40.265,Banco Santander continues to outperform Bankinter by 0.6% in the past month,urn:newsml:newsroom:20250107:nNRAv0sch9:0,NS:GLOSTO,BKT.MC
2025-01-07 16:52:10.428,ADR Recap: Bankinter continues to outperform UBS by 6.2% in the past month,urn:newsml:newsroom:20250107:nNRAv0r7vs:0,NS:GLOROU,BKT.MC
2025-01-07 16:47:16.340,Bankinter (BKT: EUR7.69) in 3rd consecutive rise; +16c [2.1%],urn:newsml:newsroom:20250107:nNRAv0r6vy:0,NS:GLOSTO,BKT.MC
2025-01-07 15:52:15.529,Bankinter Continues to Underperform its Peers,urn:newsml:newsroom:20250107:nNRAv0qhgg:0,NS:GLOROU,BKT.MC
2025-01-07 13:47:05.160,Traders look to see if Bankinter's recent rally will continue,urn:newsml:newsroom:20250107:nNRAv0osad:0,NS:GLOROU,BKT.MC
2025-01-07 11:57:08.167,Bankinter drops 6% in past 3 months,urn:newsml:newsroom:20250107:nNRAv0ndx4:0,NS:GLOROU,BKT.MC
2025-01-07 10:08:39.924,How Banco Bilbao Vizcaya Argentaria's dividend compares to Bankinter,urn:newsml:newsroom:20250107:nNRAv0m5hf:0,NS:GLOSTO,BKT.MC
2025-01-07 10:07:12.260,Tuesday's Preview: Can Bankinter continue its recent gains?,urn:newsml:newsroom:20250107:nNRAv0m48p:0,NS:GLOROU,BKT.MC
2025-01-07 07:57:04.561,Bankinter drops 6% in past 3 months,urn:newsml:newsroom:20250107:nNRAv0ksnu:0,NS:GLOROU,BKT.MC
2025-01-07 03:57:01.311,Bankinter drops 6% in past 3 months,urn:newsml:newsroom:20250107:nNRAv0i3yu:0,NS:GLOROU,BKT.MC
2025-01-07 03:52:35.176,Bankinter drops 6% in past 3 months,urn:newsml:newsroom:20250107:nNRAv0i3tj:0,NS:GLOROU,BKT.MC
2025-01-06 21:47:11.134,Monthly: Bankinter ADR (BKNIY: $7.82) increases 2% on firm volume in December 2024,urn:newsml:newsroom:20250106:nNRAv0fabv:0,NS:GLOROU,BKT.MC
2025-01-06 16:57:19.071,Solvency is not a major issue for Bankinter,urn:newsml:newsroom:20250106:nNRAv0ca5g:0,NS:GLOWEE,BKT.MC
2025-01-06 16:47:22.018,"Bankinter (BKT: EUR7.68) offers earnings yield of 12.2%, hits 28-day high; +12c [1.6%] Vol Index 1.6 [1 is avg]",urn:newsml:newsroom:20250106:nNRAv0c2fl:0,NS:GLOSTO,BKT.MC
2025-01-06 15:52:12.292,ADR Recap: Bankinter continues to underperform HSBC Holdings by 3.4% in the past month,urn:newsml:newsroom:20250106:nNRAv0bdnd:0,NS:GLOROU,BKT.MC
2025-01-06 15:44:04.480,"Monthly: Bankinter (BKT: EUR7.64) rises for a second consecutive month, a two-month rise of 7%",urn:newsml:newsroom:20250106:nNRAv0b9zd:0,NS:GLOSTP,BKT.MC
2025-01-06 13:37:00.569,Weekly: Bankinter ADR (BKNIY: OTC: $7.76) increases 1.4% on robust volume; +11c [1.4%] Vol Index 1.5 [1 is avg],urn:newsml:newsroom:20250106:nNRAv09lpv:0,NS:GLOROU,BKT.MC
2025-01-06 12:37:08.180,Weekly: Bankinter ADR (BKNIY: OTC: $7.76) increases 1.4% on robust volume; +11c [1.4%] Vol Index 1.5 [1 is avg],urn:newsml:newsroom:20250106:nNRAv08kye:0,NS:GLOROU,BKT.MC
2025-01-06 11:17:27.317,Bankinter drops 8% in past 3 months,urn:newsml:newsroom:20250106:nNRAv07rfh:0,NS:GLOROU,BKT.MC
2025-01-06 10:47:01.606,Solvency is not a major issue for Bankinter,urn:newsml:newsroom:20250106:nNRAv07bte:0,NS:GLOROU,BKT.MC
2025-01-06 08:08:23.448,Banco Bilbao Vizcaya Argentaria continues to outperform Bankinter by 2.8% in the past month,urn:newsml:newsroom:20250106:nNRAv05ih8:0,NS:GLOSTO,BKT.MC
2025-01-06 07:37:06.578,Weekly: Bankinter ADR (BKNIY: OTC: $7.76) increases 1.4% on robust volume; +11c [1.4%] Vol Index 1.5 [1 is avg],urn:newsml:newsroom:20250106:nNRAv0538i:0,NS:GLOROU,BKT.MC
2025-01-06 07:17:02.708,Bankinter drops 8% in past 3 months,urn:newsml:newsroom:20250106:nNRAv04xbb:0,NS:GLOROU,BKT.MC
2025-01-04 05:51:49.655,"Weekly: Bankinter (BKT: EUR7.56) rises for a second consecutive week, a two-week rise of 2.9%; +9c [1.2%] Vol Index 1.4 [1 is avg]",urn:newsml:newsroom:20250104:nNRAuzrdys:0,NS:GLOWEE,BKT.MC
2025-01-03 17:07:15.262,Solvency is not a major issue for Bankinter,urn:newsml:newsroom:20250103:nNRAuzljd9:0,NS:GLOWEE,BKT.MC
2025-01-03 16:49:12.381,"Weekly: Bankinter (BKT: EUR7.56) rises for a second consecutive week, a two-week rise of 2.9%; +9c [1.2%] Vol Index 1.4 [1 is avg]",urn:newsml:newsroom:20250103:nNRAuzl84c:0,NS:GLOWEE,BKT.MC
2025-01-03 16:48:58.391,Bankinter (BKT: EUR7.56) offers dividend yield of 6.8%; +3c [0.4%],urn:newsml:newsroom:20250103:nNRAuzl7a3:0,NS:GLOSTO,BKT.MC
2025-01-03 15:52:09.428,ADR Recap: Bankinter continues to outperform UBS by 29.6% year to date,urn:newsml:newsroom:20250103:nNRAuzke4t:0,NS:GLOROU,BKT.MC
2025-01-03 11:57:13.198,Bankinter dips 4% in past 3 months,urn:newsml:newsroom:20250103:nNRAuzhpu4:0,NS:GLOROU,BKT.MC
2025-01-03 10:52:04.664,Solvency is not a major issue for Bankinter,urn:newsml:newsroom:20250103:nNRAuzgz0r:0,NS:GLOROU,BKT.MC
2025-01-03 07:57:16.268,Bankinter dips 4% in past 3 months,urn:newsml:newsroom:20250103:nNRAuzf34n:0,NS:GLOROU,BKT.MC
2025-01-03 03:52:20.146,Bankinter dips 4% in past 3 months,urn:newsml:newsroom:20250103:nNRAuzd913:0,NS:GLOROU,BKT.MC
2025-01-03 00:00:00.000,Weekly: Bankinter ADR (BKNIY: OTC: $7.76) increases 1.4% on robust volume; +11c [1.4%] Vol Index 1.5 [1 is avg],urn:newsml:newsroom:20250106:nNRAv0335u:0,NS:GLOROU,BKT.MC
2025-01-03 00:00:00.000,Weekly: Bankinter ADR (BKNIY: OTC: $7.76) increases 1.4% on robust volume; +11c [1.4%] Vol Index 1.5 [1 is avg],urn:newsml:newsroom:20250106:nNRAv031vf:0,NS:GLOROU,BKT.MC
2025-01-03 00:00:00.000,Bankinter drops 8% in past 3 months,urn:newsml:newsroom:20250106:nNRAv02z0d:0,NS:GLOROU,BKT.MC
2025-01-03 00:00:00.000,Bankinter drops 8% in past 3 months,urn:newsml:newsroom:20250106:nNRAv02yvw:0,NS:GLOROU,BKT.MC
2025-01-02 16:47:02.892,"Bankinter (BKT: EUR7.53) drops 1.4%, 3 days' volume in a day; -11c [1.4%] Vol Index 2.5 [1 is avg]",urn:newsml:newsroom:20250102:nNRAuz80ai:0,NS:GLOSTO,BKT.MC
2025-01-02 15:52:14.898,ADR Recap: Bankinter continues to underperform HSBC Holdings by 5.5% year to date,urn:newsml:newsroom:20250102:nNRAuz7ema:0,NS:GLOROU,BKT.MC
2025-01-02 12:18:14.495,Bankinter dips 3% in past 3 months,urn:newsml:newsroom:20250102:nNRAuz4lqz:0,NS:GLOROU,BKT.MC
2025-01-02 11:37:08.136,Monthly: Bankinter ADR (BKNIY: $7.82) increases 2% on firm volume in December 2024,urn:newsml:newsroom:20250102:nNRAuz41hl:0,NS:GLOROU,BKT.MC
2025-01-02 09:07:24.395,Banco Bilbao Vizcaya Argentaria continues to underperform Bankinter by 18.6% year to date,urn:newsml:newsroom:20250102:nNRAuz2mj0:0,NS:GLOSTO,BKT.MC
2025-01-02 09:07:23.673,Banco Santander continues to underperform Bankinter by 18.1% year to date,urn:newsml:newsroom:20250102:nNRAuz2naf:0,NS:GLOSTO,BKT.MC
2025-01-02 08:08:22.269,Banco de Sabadell's Earnings Growth Outperforms Bankinter,urn:newsml:newsroom:20250102:nNRAuz239n:0,NS:GLOSTO,BKT.MC
2025-01-02 07:57:01.589,Bankinter dips 3% in past 3 months,urn:newsml:newsroom:20250102:nNRAuz1z9e:0,NS:GLOROU,BKT.MC
2025-01-02 07:22:35.376,Monthly: Bankinter ADR (BKNIY: $7.82) increases 2% on firm volume in December 2024,urn:newsml:newsroom:20250102:nNRAuz1ore:0,NS:GLOROU,BKT.MC
2025-01-02 07:17:49.035,"Monthly: Bankinter (BKT: EUR7.64) rises for a second consecutive month, a two-month rise of 7%",urn:newsml:newsroom:20250102:nNRAuz1kxk:0,NS:GLOSTO,BKT.MC
2025-01-02 07:17:37.854,"Bankinter jumps 41% in 2024, outperforming 87% of the market Tuesday December 31, 2024",urn:newsml:newsroom:20250102:nNRAuz1jlb:0,NS:GLOSTO,BKT.MC
2025-01-01 04:07:14.203,Monthly: Bankinter ADR (BKNIY: $7.82) increases 2% on firm volume in December 2024,urn:newsml:newsroom:20250101:nNRAuyrskc:0,NS:GLOROU,BKT.MC
2025-01-01 03:57:14.703,"End-of-Quarter Synopsis Monthly : Bankinter (BKT: EUR7.64) rises for a second consecutive month, a two-month rise of 7%",urn:newsml:newsroom:20250101:nNRAuyrs2d:0,NS:GLOSTO,BKT.MC
2025-01-01 03:53:42.766,"Monthly: Bankinter (BKT: EUR7.64) rises for a second consecutive month, a two-month rise of 7%",urn:newsml:newsroom:20250101:nNRAuyrqiy:0,NS:GLOSTP,BKT.MC
2025-01-01 03:53:04.557,Bankinter dips 3% in past 3 months,urn:newsml:newsroom:20250101:nNRAuyroqc:0,NS:GLOROU,BKT.MC
2025-01-01 03:47:15.690,Bankinter (BKT: EUR7.64) up 2.3% in 2 days; +17c [2.3%] Vol Index 1.3 [1 is avg],urn:newsml:newsroom:20250101:nNRAuyrjnr:0,NS:GLOSTO,BKT.MC
2024-12-31 18:07:20.078,Banco Santander's Earnings Growth Outperforms Bankinter,urn:newsml:newsroom:20241231:nNRAuynzew:0,NS:GLOSTO,BKT.MC
2024-12-31 16:52:18.382,ADR Recap: Bankinter continues to outperform UBS by 7.3% in the past month,urn:newsml:newsroom:20241231:nNRAuyn3vc:0,NS:GLOROU,BKT.MC
2024-12-31 15:52:14.842,Bankinter Continues to Underperform its Peers,urn:newsml:newsroom:20241231:nNRAuymib4:0,NS:GLOROU,BKT.MC
2024-12-31 11:57:10.807,Bankinter dips 3% in past 3 months,urn:newsml:newsroom:20241231:nNRAuyjqum:0,NS:GLOROU,BKT.MC
2024-12-31 10:08:20.455,How Banco Bilbao Vizcaya Argentaria's dividend compares to Bankinter,urn:newsml:newsroom:20241231:nNRAuyily1:0,NS:GLOSTO,BKT.MC
2024-12-31 07:57:02.431,Bankinter dips 3% in past 3 months,urn:newsml:newsroom:20241231:nNRAuyh7kc:0,NS:GLOROU,BKT.MC
2024-12-31 03:52:36.709,Bankinter dips 3% in past 3 months,urn:newsml:newsroom:20241231:nNRAuyfbym:0,NS:GLOROU,BKT.MC
2024-12-30 17:22:30.220,Solvency is not a major issue for Bankinter,urn:newsml:newsroom:20241230:nNRAuyaieg:0,NS:GLOWEE,BKT.MC
2024-12-30 16:52:18.602,Bankinter (BKT: EUR7.59) offers earnings yield of 12.4%; +12c [1.6%],urn:newsml:newsroom:20241230:nNRAuya3c9:0,NS:GLOSTO,BKT.MC
2024-12-30 15:52:10.008,ADR Recap: Bankinter continues to underperform HSBC Holdings by 6.4% in the past month,urn:newsml:newsroom:20241230:nNRAuy9c7i:0,NS:GLOROU,BKT.MC
2024-12-30 13:37:01.779,Weekly: Bankinter ADR (BKNIY: OTC: $7.65) keeps sliding: down 8% in 3 weeks; -71c [-8.5%],urn:newsml:newsroom:20241230:nNRAuy7rgd:0,NS:GLOROU,BKT.MC
2024-12-30 12:37:11.865,Weekly: Bankinter ADR (BKNIY: OTC: $7.65) keeps sliding: down 8% in 3 weeks; -71c [-8.5%],urn:newsml:newsroom:20241230:nNRAuy6rf4:0,NS:GLOROU,BKT.MC
2024-12-30 10:51:59.364,Solvency is not a major issue for Bankinter,urn:newsml:newsroom:20241230:nNRAuy5r2i:0,NS:GLOROU,BKT.MC
2024-12-30 09:07:54.351,Banco Santander continues to underperform Bankinter by 3.2% in the past month,urn:newsml:newsroom:20241230:nNRAuy4p4k:0,NS:GLOSTO,BKT.MC
2024-12-30 09:07:49.645,Banco Bilbao Vizcaya Argentaria continues to underperform Bankinter by 0.9% in the past month,urn:newsml:newsroom:20241230:nNRAuy4p4h:0,NS:GLOSTO,BKT.MC
2024-12-30 07:37:13.373,Weekly: Bankinter ADR (BKNIY: OTC: $7.65) keeps sliding: down 8% in 3 weeks; -71c [-8.5%],urn:newsml:newsroom:20241230:nNRAuy3rm7:0,NS:GLOROU,BKT.MC
2024-12-29 13:07:15.858,Bankinter ADR jumps 26% in 2024,urn:newsml:newsroom:20241229:nNRAuxyov4:0,NS:GLOROU,BKT.MC
2024-12-29 07:07:14.606,Bankinter ADR jumps 26% in 2024,urn:newsml:newsroom:20241229:nNRAuxwjsl:0,NS:GLOROU,BKT.MC
2024-12-28 14:18:44.204,Bankinter decreases 5% in past 3 months,urn:newsml:newsroom:20241228:nNRAuxsi0v:0,NS:GLOROU,BKT.MC
2024-12-28 07:57:04.752,Bankinter decreases 5% in past 3 months,urn:newsml:newsroom:20241228:nNRAuxq7g0:0,NS:GLOROU,BKT.MC
2024-12-28 05:51:52.248,Weekly: Bankinter (BKT: EUR7.47) increases 0.7% on thin volume; +5c [0.7%],urn:newsml:newsroom:20241228:nNRAuxp4m3:0,NS:GLOWEE,BKT.MC
2024-12-28 04:02:22.061,Bankinter ADR jumps 26% in 2024,urn:newsml:newsroom:20241228:nNRAuxojfd:0,NS:GLOROU,BKT.MC
2024-12-28 03:57:55.769,"Weekly: Bankinter ADR (BKNIY: OTC: $7.65) decreases 0.3%, 2 weeks' volume in a week",urn:newsml:newsroom:20241228:nNRAuxohqn:0,NS:GLOROU,BKT.MC
2024-12-28 03:57:13.668,Weekly: Bankinter ADR (BKNIY: OTC: $7.65) keeps sliding: down 8% in 3 weeks; -2c [0.3%] Vol Index 1.5 [1 is avg],urn:newsml:newsroom:20241228:nNRAuxogvm:0,NS:GLOROU,BKT.MC
2024-12-28 03:52:24.557,Bankinter decreases 5% in past 3 months,urn:newsml:newsroom:20241228:nNRAuxogbk:0,NS:GLOROU,BKT.MC
2024-12-28 03:52:16.735,Bankinter decreases 5% in past 3 months,urn:newsml:newsroom:20241228:nNRAuxog03:0,NS:GLOROU,BKT.MC
2024-12-27 17:52:24.133,Solvency is not a major issue for Bankinter,urn:newsml:newsroom:20241227:nNRAuxkf15:0,NS:GLOWEE,BKT.MC
2024-12-27 16:52:31.760,Weekly: Bankinter (BKT: EUR7.47) increases 0.7% on thin volume; +5c [0.7%],urn:newsml:newsroom:20241227:nNRAuxjm5e:0,NS:GLOWEE,BKT.MC
2024-12-27 16:47:23.960,Bankinter (BKT: EUR7.47) offers dividend yield of 6.9%; -1c [0.1%],urn:newsml:newsroom:20241227:nNRAuxjicd:0,NS:GLOSTO,BKT.MC
2024-12-27 15:52:09.453,ADR Recap: Bankinter continues to outperform HDFC Bank by 27.2% year to date,urn:newsml:newsroom:20241227:nNRAuxhvu0:0,NS:GLOROU,BKT.MC
2024-12-27 11:57:06.796,Bankinter tumbles 11% in past 3 months,urn:newsml:newsroom:20241227:nNRAuxexql:0,NS:GLOROU,BKT.MC
2024-12-27 10:47:02.163,Solvency is not a major issue for Bankinter,urn:newsml:newsroom:20241227:nNRAuxe2fp:0,NS:GLOROU,BKT.MC
2024-12-27 07:56:53.148,Bankinter tumbles 11% in past 3 months,urn:newsml:newsroom:20241227:nNRAuxc492:0,NS:GLOROU,BKT.MC
2024-12-27 03:52:30.625,Bankinter tumbles 11% in past 3 months,urn:newsml:newsroom:20241227:nNRAuxa53n:0,NS:GLOROU,BKT.MC
2024-12-26 18:35:48.084,"Bankinter, S.A. (OTCMKTS:BKNIY) Sees Significant Decrease in Short Interest",urn:newsml:newsroom:20241226:nNRAux6q3c:0,NS:MARDAJ,BKT.MC
2024-12-26 18:34:01.505,"Bankinter, S.A. (OTCMKTS:BKNIY) Sees Significant Decrease in Short Interest",urn:newsml:newsroom:20241226:nNRAux6q9u:0,NS:STOOBS,BKT.MC
2024-12-26 15:52:11.477,ADR Recap: Bankinter continues to underperform Mitsubishi UFJ Financial by 9.7% year to date,urn:newsml:newsroom:20241226:nNRAux4r21:0,NS:GLOROU,BKT.MC
2024-12-26 11:57:19.524,Bankinter tumbles 11% in past 3 months,urn:newsml:newsroom:20241226:nNRAux26fd:0,NS:GLOROU,BKT.MC
2024-12-26 07:57:15.902,Bankinter tumbles 11% in past 3 months,urn:newsml:newsroom:20241226:nNRAux02hv:0,NS:GLOROU,BKT.MC
2024-12-25 03:57:12.013,Bankinter tumbles 11% in past 3 months,urn:newsml:newsroom:20241225:nNRAuwpwk6:0,NS:GLOROU,BKT.MC
2024-12-24 22:13:34.205,JPMorgan raises more than 3% in Bankinter,urn:newsml:newsroom:20241224:nNRAuwo3oc:0,NS:NOTENG,BKT.MC
2024-12-24 16:52:09.404,ADR Recap: Bankinter continues to outperform UBS by 26.6% year to date,urn:newsml:newsroom:20241224:nNRAuwliml:0,NS:GLOROU,BKT.MC
2024-12-24 15:52:13.001,Bankinter Continues to Underperform its Peers,urn:newsml:newsroom:20241224:nNRAuwkynp:0,NS:GLOROU,BKT.MC
2024-12-24 11:57:18.830,Bankinter decreases 5% in past 3 months,urn:newsml:newsroom:20241224:nNRAuwi2ek:0,NS:GLOROU,BKT.MC
2024-12-24 10:07:50.278,How Banco Bilbao Vizcaya Argentaria's dividend compares to Bankinter,urn:newsml:newsroom:20241224:nNRAuwh17i:0,NS:GLOSTO,BKT.MC
2024-12-24 07:57:27.340,Bankinter decreases 5% in past 3 months,urn:newsml:newsroom:20241224:nNRAuwfkqv:0,NS:GLOROU,BKT.MC
2024-12-24 03:57:09.178,Bankinter decreases 5% in past 3 months,urn:newsml:newsroom:20241224:nNRAuwdel1:0,NS:GLOROU,BKT.MC
2024-12-24 03:52:26.096,Bankinter decreases 5% in past 3 months,urn:newsml:newsroom:20241224:nNRAuwdeb5:0,NS:GLOROU,BKT.MC
2024-12-23 17:37:44.435,Solvency is not a major issue for Bankinter,urn:newsml:newsroom:20241223:nNRAuw8lnk:0,NS:GLOWEE,BKT.MC
2024-12-23 16:52:19.832,Bankinter (BKT: EUR7.38) increases; +3c [0.4%],urn:newsml:newsroom:20241223:nNRAuw80zn:0,NS:GLOSTO,BKT.MC
2024-12-23 15:52:11.629,ADR Recap: Bankinter continues to underperform HSBC Holdings by 4.7% year to date,urn:newsml:newsroom:20241223:nNRAuw78rz:0,NS:GLOROU,BKT.MC
2024-12-23 13:37:00.351,Weekly: Bankinter ADR (BKNIY: OTC: $7.67) down 8% in 2 weeks; -69c [-8.3%],urn:newsml:newsroom:20241223:nNRAuw5ni9:0,NS:GLOROU,BKT.MC
2024-12-23 12:37:13.768,Weekly: Bankinter ADR (BKNIY: OTC: $7.67) down 8% in 2 weeks; -69c [-8.3%],urn:newsml:newsroom:20241223:nNRAuw4r02:0,NS:GLOROU,BKT.MC
2024-12-23 10:52:00.276,Solvency is not a major issue for Bankinter,urn:newsml:newsroom:20241223:nNRAuw3lck:0,NS:GLOROU,BKT.MC
2024-12-23 09:07:42.845,Banco Bilbao Vizcaya Argentaria continues to underperform Bankinter by 13.7% year to date,urn:newsml:newsroom:20241223:nNRAuw28rz:0,NS:GLOSTO,BKT.MC
2024-12-23 09:07:40.833,Banco Santander continues to underperform Bankinter by 10.9% year to date,urn:newsml:newsroom:20241223:nNRAuw292b:0,NS:GLOSTO,BKT.MC
2024-12-23 07:37:17.955,Weekly: Bankinter ADR (BKNIY: OTC: $7.67) down 8% in 2 weeks; -69c [-8.3%],urn:newsml:newsroom:20241223:nNRAuw1e9n:0,NS:GLOROU,BKT.MC
2024-12-21 14:14:06.433,Bankinter tumbles 11% in past 3 months,urn:newsml:newsroom:20241221:nNRAuvpi4r:0,NS:GLOROU,BKT.MC
2024-12-21 07:57:01.311,Bankinter tumbles 11% in past 3 months,urn:newsml:newsroom:20241221:nNRAuvn693:0,NS:GLOROU,BKT.MC
2024-12-21 05:56:54.505,Weekly: Bankinter (BKT: EUR7.35) down 5% in 2 weeks; -13c [1.7%],urn:newsml:newsroom:20241221:nNRAuvm9kl:0,NS:GLOWEE,BKT.MC
2024-12-21 04:02:39.586,Weekly: Bankinter ADR (BKNIY: OTC: $7.67) falls 4.8% on firm volume,urn:newsml:newsroom:20241221:nNRAuvlfcq:0,NS:GLOROU,BKT.MC
2024-12-21 04:02:16.915,Weekly: Bankinter ADR (BKNIY: OTC: $7.67) down 8% in 2 weeks; -39c [4.8%] Vol Index 1.3 [1 is avg],urn:newsml:newsroom:20241221:nNRAuvlebn:0,NS:GLOROU,BKT.MC
2024-12-21 03:57:27.146,Bankinter tumbles 11% in past 3 months,urn:newsml:newsroom:20241221:nNRAuvldj6:0,NS:GLOROU,BKT.MC
2024-12-21 03:57:18.056,Bankinter tumbles 11% in past 3 months,urn:newsml:newsroom:20241221:nNRAuvlcus:0,NS:GLOROU,BKT.MC
2024-12-20 18:07:23.131,Solvency is not a major issue for Bankinter,urn:newsml:newsroom:20241220:nNRAuvgd7b:0,NS:GLOWEE,BKT.MC
2024-12-20 17:32:49.907,Bankinter ADR (BKNIY: $7.53) falls 1.3% on average volume; -10c [-1.3%],urn:newsml:newsroom:20241220:nNRAuvfrfy:0,NS:GLOROU,BKT.MC
2024-12-20 16:52:37.363,Weekly: Bankinter (BKT: EUR7.35) down 5% in 2 weeks; -13c [1.7%],urn:newsml:newsroom:20241220:nNRAuvfadj:0,NS:GLOWEE,BKT.MC
2024-12-20 16:47:23.922,"Bankinter (BKT: EUR7.35) in bottom 1% performers of IBEX 35 Index, hits 28-day low; -13c [1.7%]",urn:newsml:newsroom:20241220:nNRAuvf4tf:0,NS:GLOSTO,BKT.MC
2024-12-20 15:52:30.680,ADR Recap: Bankinter continues to underperform ICICI Bank by 7.9% in the past three months,urn:newsml:newsroom:20241220:nNRAuvei67:0,NS:GLOROU,BKT.MC
2024-12-20 11:57:30.057,Bankinter falls 9% in past 3 months,urn:newsml:newsroom:20241220:nNRAuvb8zk:0,NS:GLOROU,BKT.MC
2024-12-20 10:47:07.608,Solvency is not a major issue for Bankinter,urn:newsml:newsroom:20241220:nNRAuvadv1:0,NS:GLOROU,BKT.MC
2024-12-20 07:57:16.554,Bankinter falls 9% in past 3 months,urn:newsml:newsroom:20241220:nNRAuv891o:0,NS:GLOROU,BKT.MC
2024-12-20 03:52:08.632,Bankinter falls 9% in past 3 months,urn:newsml:newsroom:20241220:nNRAuv5xk7:0,NS:GLOROU,BKT.MC
2024-12-19 16:48:07.282,Bankinter (BKT: EUR7.48) offers earnings yield of 12.6%; +6c [0.8%],urn:newsml:newsroom:20241219:nNRAuv01do:0,NS:GLOSTO,BKT.MC
2024-12-19 15:52:19.146,ADR Recap: Bankinter continues to underperform HDFC Bank by 14.2% in the past three months,urn:newsml:newsroom:20241219:nNRAuuz6pz:0,NS:GLOROU,BKT.MC
2024-12-19 11:57:33.290,Bankinter falls 8% in past 3 months,urn:newsml:newsroom:20241219:nNRAuuvl34:0,NS:GLOROU,BKT.MC
2024-12-19 07:57:07.618,Bankinter falls 8% in past 3 months,urn:newsml:newsroom:20241219:nNRAuusqm7:0,NS:GLOROU,BKT.MC
2024-12-19 03:57:09.783,Bankinter falls 8% in past 3 months,urn:newsml:newsroom:20241219:nNRAuuqda2:0,NS:GLOROU,BKT.MC
2024-12-19 03:57:08.211,Bankinter falls 8% in past 3 months,urn:newsml:newsroom:20241219:nNRAuuqcxr:0,NS:GLOROU,BKT.MC
2024-12-18 16:47:26.048,Bankinter (BKT: EUR7.42) offers dividend yield of 8.9%; +8c [1.1%],urn:newsml:newsroom:20241218:nNRAuuk6ys:0,NS:GLOSTO,BKT.MC
2024-12-18 15:52:13.216,ADR Recap: Bankinter continues to underperform Mitsubishi UFJ Financial by 25.6% in the past three months,urn:newsml:newsroom:20241218:nNRAuujfvo:0,NS:GLOROU,BKT.MC
2024-12-18 12:02:44.349,Bankinter tumbles 10% in past 3 months,urn:newsml:newsroom:20241218:nNRAuufvti:0,NS:GLOROU,BKT.MC
2024-12-18 09:07:27.031,Banco de Sabadell's Earnings Growth Outperforms Bankinter,urn:newsml:newsroom:20241218:nNRAuuduwx:0,NS:GLOSTO,BKT.MC
2024-12-18 08:07:58.159,Banco Santander's Earnings Growth Outperforms Bankinter,urn:newsml:newsroom:20241218:nNRAuud9o0:0,NS:GLOSTO,BKT.MC
2024-12-18 08:02:21.555,Bankinter tumbles 10% in past 3 months,urn:newsml:newsroom:20241218:nNRAuud716:0,NS:GLOROU,BKT.MC
2024-12-18 03:57:24.987,Bankinter tumbles 10% in past 3 months,urn:newsml:newsroom:20241218:nNRAuuaenu:0,NS:GLOROU,BKT.MC
2024-12-17 16:52:11.818,ADR Recap: Bankinter continues to underperform UBS by 9.8% in the past three months,urn:newsml:newsroom:20241217:nNRAuu465h:0,NS:GLOROU,BKT.MC
2024-12-17 16:47:35.471,Bankinter (BKT: EUR7.34) drops 2.4% on increasing volatility; -18c [2.4%],urn:newsml:newsroom:20241217:nNRAuu44np:0,NS:GLOSTO,BKT.MC
2024-12-17 15:52:10.786,Bankinter Continues to Underperform its Peers,urn:newsml:newsroom:20241217:nNRAuu3hnc:0,NS:GLOROU,BKT.MC
2024-12-17 12:02:23.609,Bankinter dips 2% in past 3 months,urn:newsml:newsroom:20241217:nNRAuu00wu:0,NS:GLOROU,BKT.MC
2024-12-17 10:08:12.960,How Banco Bilbao Vizcaya Argentaria's dividend compares to Bankinter,urn:newsml:newsroom:20241217:nNRAutyls8:0,NS:GLOSTO,BKT.MC
2024-12-17 08:02:07.926,Bankinter dips 2% in past 3 months,urn:newsml:newsroom:20241217:nNRAutwywv:0,NS:GLOROU,BKT.MC
2024-12-17 03:57:10.775,Bankinter dips 2% in past 3 months,urn:newsml:newsroom:20241217:nNRAutumzu:0,NS:GLOROU,BKT.MC
2024-12-17 03:57:05.738,Bankinter dips 2% in past 3 months,urn:newsml:newsroom:20241217:nNRAutulxq:0,NS:GLOROU,BKT.MC
2024-12-16 18:22:18.877,Bankinter ADR (BKNIY: $8.09) increases on average volume; +3c [0.4%],urn:newsml:newsroom:20241216:nNRAutpzjf:0,NS:GLOROU,BKT.MC
2024-12-16 17:37:50.901,Solvency is not a major issue for Bankinter,urn:newsml:newsroom:20241216:nNRAutpdp7:0,NS:GLOWEE,BKT.MC
2024-12-16 17:22:20.149,Bankinter ADR (BKNIY: $8.08) in 2nd consecutive rise; +2c [0.2%],urn:newsml:newsroom:20241216:nNRAutp434:0,NS:GLOROU,BKT.MC
2024-12-16 16:52:36.590,Bankinter (BKT: EUR7.52) offers dividend yield of 8.8%; +4c [0.5%],urn:newsml:newsroom:20241216:nNRAutot58:0,NS:GLOSTO,BKT.MC
2024-12-16 15:52:09.817,ADR Recap: Bankinter continues to underperform HSBC Holdings by 18.4% in the past three months,urn:newsml:newsroom:20241216:nNRAuto0c6:0,NS:GLOROU,BKT.MC
2024-12-16 11:12:18.095,"Bankinter Group CEO: ""If we see growth opportunities in the eurozone, we'll seize them""",urn:newsml:newsroom:20241216:nNRAutkaq6:0,NS:NOTENG,BKT.MC
2024-12-16 10:47:02.279,Solvency is not a major issue for Bankinter,urn:newsml:newsroom:20241216:nNRAutjyrd:0,NS:GLOROU,BKT.MC
2024-12-16 09:07:25.398,Banco Bilbao Vizcaya Argentaria continues to outperform Bankinter by 10.3% in the past three months,urn:newsml:newsroom:20241216:nNRAutixve:0,NS:GLOSTO,BKT.MC
2024-12-16 07:08:40.696,"Bankinter Compendium - A Snapshot as of December 13, 2024",urn:newsml:newsroom:20241216:nNRAuthrg7:0,NS:GLOSTO,BKT.MC
2024-12-15 13:07:23.376,"Bankinter ADR jumps 33% in 2024, outperforming 84% of the market",urn:newsml:newsroom:20241215:nNRAutc59g:0,NS:GLOROU,BKT.MC
2024-12-15 07:07:16.802,"Bankinter ADR jumps 33% in 2024, outperforming 84% of the market",urn:newsml:newsroom:20241215:nNRAuta0t7:0,NS:GLOROU,BKT.MC
2024-12-15 02:57:40.104,Bankinter (OTCMKTS:BKNIY) versus Fuchs (OTCMKTS:FUPBY) Critical Analysis --,urn:link:webnews:20241215:nNRAut8q35:0,NS:WKRNEW,BKT.MC
2024-12-14 14:18:23.436,Bankinter decreases 5% in past 3 months,urn:newsml:newsroom:20241214:nNRAut4exv:0,NS:GLOROU,BKT.MC
2024-12-14 07:56:54.458,Bankinter decreases 5% in past 3 months,urn:newsml:newsroom:20241214:nNRAut1qfw:0,NS:GLOROU,BKT.MC
2024-12-14 05:51:52.570,Weekly: Bankinter (BKT: EUR7.48) drops 3.5% on low volume; -27c [3.5%],urn:newsml:newsroom:20241214:nNRAut0vs1:0,NS:GLOWEE,BKT.MC
2024-12-14 04:07:34.468,"Bankinter ADR jumps 33% in 2024, outperforming 84% of the market",urn:newsml:newsroom:20241214:nNRAut0984:0,NS:GLOROU,BKT.MC
2024-12-14 03:57:23.461,Bankinter decreases 5% in past 3 months,urn:newsml:newsroom:20241214:nNRAut03os:0,NS:GLOROU,BKT.MC
2024-12-14 03:57:14.839,Weekly: Bankinter ADR (BKNIY: OTC: $8.06) drops 3.6% on average volume; -30c [3.6%],urn:newsml:newsroom:20241214:nNRAut042j:0,NS:GLOROU,BKT.MC
2024-12-14 03:52:04.876,Bankinter decreases 5% in past 3 months,urn:newsml:newsroom:20241214:nNRAut03fs:0,NS:GLOROU,BKT.MC
2024-12-14 03:24:38.169,Bankinter (OTCMKTS:BKIMF) Trading Up 0.4% – Should You Buy? --,urn:link:webnews:20241214:nNRAuszzyi:0,NS:WKRNEW,BKT.MC
2024-12-13 17:49:44.274,Solvency is not a major issue for Bankinter,urn:newsml:newsroom:20241213:nNRAusv6aw:0,NS:GLOWEE,BKT.MC
2024-12-13 16:47:54.291,Weekly: Bankinter (BKT: EUR7.48) drops 3.5% on low volume; -27c [3.5%],urn:newsml:newsroom:20241213:nNRAusu25m:0,NS:GLOWEE,BKT.MC
2024-12-13 16:47:39.436,Bankinter (BKT: EUR7.48) offers earnings yield of 12.6%; +3c [0.4%],urn:newsml:newsroom:20241213:nNRAusu18x:0,NS:GLOSTO,BKT.MC
2024-12-13 15:52:12.658,ADR Recap: Bankinter continues to underperform ICICI Bank by 5.8% in the past month,urn:newsml:newsroom:20241213:nNRAustbps:0,NS:GLOROU,BKT.MC
2024-12-13 14:12:59.000,LIVE MARKETS-What could trigger a re-rating of cheap European banks?,urn:newsml:reuters.com:20241213:nL4N3NE0RZ:3,NS:RTRS,BKT.MC
2024-12-13 11:57:18.915,Bankinter drops 6% in past 3 months,urn:newsml:newsroom:20241213:nNRAusq2gt:0,NS:GLOROU,BKT.MC
2024-12-13 10:47:02.895,Solvency is not a major issue for Bankinter,urn:newsml:newsroom:20241213:nNRAusp3tv:0,NS:GLOROU,BKT.MC
2024-12-13 07:57:21.393,Bankinter drops 6% in past 3 months,urn:newsml:newsroom:20241213:nNRAusn5ro:0,NS:GLOROU,BKT.MC
2024-12-13 03:57:12.897,Bankinter drops 6% in past 3 months,urn:newsml:newsroom:20241213:nNRAusky97:0,NS:GLOROU,BKT.MC
2024-12-12 16:47:34.757,Bankinter (BKT: EUR7.45) in 5th consecutive fall; -31c [4.0%],urn:newsml:newsroom:20241212:nNRAusf3p6:0,NS:GLOSTO,BKT.MC
2024-12-12 15:52:15.399,ADR Recap: Bankinter continues to underperform HDFC Bank by 4.6% in the past month,urn:newsml:newsroom:20241212:nNRAusebvh:0,NS:GLOROU,BKT.MC
2024-12-12 11:57:17.651,Bankinter decreases 3% in past 3 months,urn:newsml:newsroom:20241212:nNRAusb1z7:0,NS:GLOROU,BKT.MC
2024-12-12 07:57:05.271,Bankinter decreases 3% in past 3 months,urn:newsml:newsroom:20241212:nNRAus87vf:0,NS:GLOROU,BKT.MC
2024-12-12 06:13:25.403,The ECB asks for more capital to all Spanish banks except Unicaja (in case there are bends in the road),urn:newsml:newsroom:20241212:nNRAus73mz:0,NS:NOTENG,BKT.MC
2024-12-12 03:57:35.333,Bankinter decreases 3% in past 3 months,urn:newsml:newsroom:20241212:nNRAus5zf5:0,NS:GLOROU,BKT.MC
2024-12-12 03:57:10.260,Bankinter decreases 3% in past 3 months,urn:newsml:newsroom:20241212:nNRAus5xv2:0,NS:GLOROU,BKT.MC
2024-12-11 16:47:27.664,Bankinter (BKT: EUR7.54) in 4th consecutive fall; -22c [2.8%],urn:newsml:newsroom:20241211:nNRAurzvgs:0,NS:GLOSTO,BKT.MC
2024-12-11 15:52:20.076,ADR Recap: Bankinter continues to underperform Mitsubishi UFJ Financial by 1.6% in the past month,urn:newsml:newsroom:20241211:nNRAurz564:0,NS:GLOROU,BKT.MC
2024-12-11 15:11:09.784,Zara owner records 'massimo' profit at $1.77 bn for third quarter --,urn:link:webnews:20241211:nNRAurykrn:0,NS:FIRSTP,BKT.MC
2024-12-11 12:02:10.365,Bankinter falls 6% in past 3 months,urn:newsml:newsroom:20241211:nNRAurvphe:0,NS:GLOROU,BKT.MC
2024-12-11 08:02:19.618,Bankinter falls 6% in past 3 months,urn:newsml:newsroom:20241211:nNRAursq0x:0,NS:GLOROU,BKT.MC
2024-12-11 03:57:42.112,Bankinter falls 6% in past 3 months,urn:newsml:newsroom:20241211:nNRAurq9w0:0,NS:GLOROU,BKT.MC
2024-12-10 16:52:15.292,ADR Recap: Bankinter continues to underperform UBS by 2.2% in the past month,urn:newsml:newsroom:20241210:nNRAurkbag:0,NS:GLOROU,BKT.MC
2024-12-10 16:47:32.406,Bankinter (BKT: EUR7.59) offers dividend yield of 8.7%; -7c [0.9%],urn:newsml:newsroom:20241210:nNRAurk7wl:0,NS:GLOSTO,BKT.MC
2024-12-10 15:52:13.966,Bankinter Continues to Underperform its Peers,urn:newsml:newsroom:20241210:nNRAurjiui:0,NS:GLOROU,BKT.MC
2024-12-10 14:41:34.225,Bankinter sees Nvidia's fall as a buying opportunity,urn:newsml:newsroom:20241210:nNRAuric09:0,NS:CENAFT,BKT.MC
2024-12-10 11:57:14.311,Bankinter dips 3% in past 3 months,urn:newsml:newsroom:20241210:nNRAurg16n:0,NS:GLOROU,BKT.MC
2024-12-10 07:57:10.506,Bankinter dips 3% in past 3 months,urn:newsml:newsroom:20241210:nNRAurd7c6:0,NS:GLOROU,BKT.MC
2024-12-10 03:57:05.076,Bankinter dips 3% in past 3 months,urn:newsml:newsroom:20241210:nNRAurb5pd:0,NS:GLOROU,BKT.MC
2024-12-10 03:52:16.081,Bankinter dips 3% in past 3 months,urn:newsml:newsroom:20241210:nNRAurb3ia:0,NS:GLOROU,BKT.MC
2024-12-09 17:27:26.473,Solvency is not a major issue for Bankinter,urn:newsml:newsroom:20241209:nNRAur5dvt:0,NS:GLOWEE,BKT.MC
2024-12-09 16:47:30.723,Bankinter (BKT: EUR7.66) offers earnings yield of 12.3%; -9c [1.2%],urn:newsml:newsroom:20241209:nNRAur4uhw:0,NS:GLOSTO,BKT.MC
2024-12-09 15:52:22.442,ADR Recap: Bankinter continues to outperform HSBC Holdings by 2.4% in the past month,urn:newsml:newsroom:20241209:nNRAur45nr:0,NS:GLOROU,BKT.MC
2024-12-09 11:37:32.130,Monthly: Bankinter ADR (BKNIY: $7.98) drops on high volatility in November 2024,urn:newsml:newsroom:20241209:nNRAur0u5g:0,NS:GLOROU,BKT.MC
2024-12-09 10:47:05.943,Solvency is not a major issue for Bankinter,urn:newsml:newsroom:20241209:nNRAuqzuzh:0,NS:GLOROU,BKT.MC
2024-12-09 09:07:49.538,Banco Bilbao Vizcaya Argentaria continues to underperform Bankinter by 4.5% in the past month,urn:newsml:newsroom:20241209:nNRAuqyvqz:0,NS:GLOSTO,BKT.MC
2024-12-07 14:14:04.335,Bankinter dips 4% in past 3 months,urn:newsml:newsroom:20241207:nNRAuqmz4x:0,NS:GLOROU,BKT.MC
2024-12-07 08:22:02.479,"Shionogi & Co., Ltd. (OTCMKTS:SGIOY) versus Bankinter (OTCMKTS:BKNIY) Financial Survey",urn:newsml:newsroom:20241207:nNRAuqkmz0:0,NS:WATNEW,BKT.MC
2024-12-07 07:56:59.086,Bankinter dips 4% in past 3 months,urn:newsml:newsroom:20241207:nNRAuqkcqz:0,NS:GLOROU,BKT.MC
2024-12-07 05:56:52.371,Weekly: Bankinter (BKT: EUR7.75) up 7% in 2 weeks; +26c [3.5%],urn:newsml:newsroom:20241207:nNRAuqjdzz:0,NS:GLOWEE,BKT.MC
2024-12-07 04:02:40.018,Weekly: Bankinter ADR (BKNIY: OTC: $8.36) up 14% in 2 weeks,urn:newsml:newsroom:20241207:nNRAuqiic5:0,NS:GLOROU,BKT.MC
2024-12-07 04:02:15.954,Weekly: Bankinter ADR (BKNIY: OTC: $8.36) jumps 9% on robust volume; +69.275c [9.0%] Vol Index 1.5 [1 is avg],urn:newsml:newsroom:20241207:nNRAuqiii1:0,NS:GLOROU,BKT.MC
2024-12-07 03:57:06.440,Bankinter dips 4% in past 3 months,urn:newsml:newsroom:20241207:nNRAuqih5t:0,NS:GLOROU,BKT.MC
2024-12-07 03:52:13.880,Bankinter dips 4% in past 3 months,urn:newsml:newsroom:20241207:nNRAuqieya:0,NS:GLOROU,BKT.MC
2024-12-06 18:22:12.738,Bankinter ADR (BKNIY: $8.15) in 2nd consecutive rise; +2c [0.2%],urn:newsml:newsroom:20241206:nNRAuqdaml:0,NS:GLOROU,BKT.MC
2024-12-06 17:47:14.825,Solvency is not a major issue for Bankinter,urn:newsml:newsroom:20241206:nNRAuqcr9y:0,NS:GLOWEE,BKT.MC
2024-12-06 17:23:13.972,Bankinter ADR (BKNIY: $8.30) up 6.7% in 2 days; +17c [2.1%],urn:newsml:newsroom:20241206:nNRAuqc9mk:0,NS:GLOROU,BKT.MC
2024-12-06 16:52:55.470,Weekly: Bankinter (BKT: EUR7.75) up 7% in 2 weeks; +26c [3.5%],urn:newsml:newsroom:20241206:nNRAuqbz58:0,NS:GLOWEE,BKT.MC
2024-12-06 16:52:14.335,"Bankinter (BKT: EUR7.75) offers dividend yield of 8.5%, hits 134-day high; -1c [0.1%]",urn:newsml:newsroom:20241206:nNRAuqbxbt:0,NS:GLOSTO,BKT.MC
2024-12-06 15:52:21.766,ADR Recap: Bankinter continues to underperform ICICI Bank by 1.1% year to date,urn:newsml:newsroom:20241206:nNRAuqb6uc:0,NS:GLOROU,BKT.MC
2024-12-06 12:08:36.496,Bankinter falls 7% in past 3 months,urn:newsml:newsroom:20241206:nNRAuq8gx4:0,NS:GLOROU,BKT.MC
2024-12-06 10:48:33.292,Solvency is not a major issue for Bankinter,urn:newsml:newsroom:20241206:nNRAuq7hp8:0,NS:GLOROU,BKT.MC
2024-12-06 09:17:20.215,Bankinter falls 7% in past 3 months,urn:newsml:newsroom:20241206:nNRAuq6gyl:0,NS:GLOROU,BKT.MC
2024-12-06 04:07:25.876,Bankinter falls 7% in past 3 months,urn:newsml:newsroom:20241206:nNRAuq422l:0,NS:GLOROU,BKT.MC
2024-12-05 16:47:29.691,Bankinter (BKT: EUR7.76) hits three-month high; +16c [2.1%],urn:newsml:newsroom:20241205:nNRAupzkxg:0,NS:GLOSTO,BKT.MC
2024-12-05 15:52:09.394,ADR Recap: Bankinter continues to outperform HDFC Bank by 25.0% year to date,urn:newsml:newsroom:20241205:nNRAupyu9n:0,NS:GLOROU,BKT.MC
2024-12-05 14:22:14.687,On Thursday 5th of December Bankinter trades 2.09 percent higher,urn:newsml:newsroom:20241205:nNRAupxm9o:0,NS:STOCKP,BKT.MC
2024-12-05 07:12:14.330,"Critical Analysis: Bankinter (OTCMKTS:BKNIY) vs. Shionogi & Co., Ltd. (OTCMKTS:SGIOY)",urn:newsml:newsroom:20241205:nNRAuprknd:0,NS:TICREP,BKT.MC
2024-12-05 03:52:46.476,Bankinter tumbles 8% in past 3 months,urn:newsml:newsroom:20241205:nNRAuppqfp:0,NS:GLOROU,BKT.MC
2024-12-05 03:52:14.058,Bankinter tumbles 8% in past 3 months,urn:newsml:newsroom:20241205:nNRAuppqrc:0,NS:GLOROU,BKT.MC
2024-12-04 20:13:29.694,ECB maintains asset risk capital requirements for Bankinter for 2025,urn:newsml:newsroom:20241204:nNRAupmhlg:0,NS:NOTENG,BKT.MC
2024-12-04 16:47:24.461,Bankinter (BKT: EUR7.60) decreases; -4c [0.5%],urn:newsml:newsroom:20241204:nNRAupkbo6:0,NS:GLOSTO,BKT.MC
2024-12-04 15:52:13.558,ADR Recap: Bankinter continues to underperform Mitsubishi UFJ Financial by 23.4% year to date,urn:newsml:newsroom:20241204:nNRAupjofo:0,NS:GLOROU,BKT.MC
2024-12-04 11:57:30.548,Bankinter slumps 12% in past 3 months,urn:newsml:newsroom:20241204:nNRAupgu0a:0,NS:GLOROU,BKT.MC
2024-12-04 10:13:46.126,Bankinter already meets the ECB's minimum capital requirements for 2025,urn:newsml:newsroom:20241204:nNRAupflky:0,NS:NOTENG,BKT.MC
2024-12-04 07:57:23.901,Bankinter slumps 12% in past 3 months,urn:newsml:newsroom:20241204:nNRAupduat:0,NS:GLOROU,BKT.MC
2024-12-04 03:53:00.118,Bankinter slumps 12% in past 3 months,urn:newsml:newsroom:20241204:nNRAupbd40:0,NS:GLOROU,BKT.MC
2024-12-03 21:52:32.218,Monthly: Bankinter ADR (BKNIY: $7.98) drops on high volatility in November 2024,urn:newsml:newsroom:20241203:nNRAup8cko:0,NS:GLOROU,BKT.MC
2024-12-03 16:47:30.574,"Bankinter (BKT: EUR7.64) offers earnings yield of 12.3%, hits 64-day high; +19c [2.6%]",urn:newsml:newsroom:20241203:nNRAup4oeh:0,NS:GLOSTO,BKT.MC
2024-12-03 15:52:20.657,ADR Recap: Bankinter continues to outperform UBS by 15.5% year to date,urn:newsml:newsroom:20241203:nNRAup3yi5:0,NS:GLOROU,BKT.MC
2024-12-03 15:43:24.128,Monthly: Bankinter (BKT: EUR7.49) increases on low volume in November 2024,urn:newsml:newsroom:20241203:nNRAup3rcj:0,NS:GLOSTP,BKT.MC
2024-12-03 13:47:17.169,Can Bankinter rebound after recent dip?,urn:newsml:newsroom:20241203:nNRAup23ik:0,NS:GLOROU,BKT.MC
2024-12-03 11:57:28.994,"Monday December 02, 2024 Bankinter ADR Compendium - A Snapshot as of December 02",urn:newsml:newsroom:20241203:nNRAup0gsi:0,NS:GLOROU,BKT.MC
2024-12-03 10:08:17.417,How Banco Bilbao Vizcaya Argentaria's dividend compares to Bankinter,urn:newsml:newsroom:20241203:nNRAuoz5tv:0,NS:GLOSTO,BKT.MC
2024-12-03 10:07:17.771,Bankinter down in recent days,urn:newsml:newsroom:20241203:nNRAuoz2ai:0,NS:GLOROU,BKT.MC
2024-12-03 03:52:33.240,"Monday December 02, 2024 Bankinter ADR Compendium - A Snapshot as of December 02",urn:newsml:newsroom:20241203:nNRAuoki1v:0,NS:GLOROU,BKT.MC
2024-12-02 18:23:42.520,Bankinter ADR (BKNIY: $7.88) drops 1.3% on average volume; -10c [-1.3%],urn:newsml:newsroom:20241202:nNRAunxzot:0,NS:GLOROU,BKT.MC
2024-12-02 17:53:01.527,Solvency is not a major issue for Bankinter,urn:newsml:newsroom:20241202:nNRAunwl20:0,NS:GLOWEE,BKT.MC
2024-12-02 17:27:08.656,Bankinter ADR (BKNIY: $7.91) decreases on average volume; -7c [-0.9%],urn:newsml:newsroom:20241202:nNRAunvfbb:0,NS:GLOROU,BKT.MC
2024-12-02 16:58:36.089,Bankinter ADR (BKNIY: $7.83) drops 1.9% on firm volume; -15c [-1.9%],urn:newsml:newsroom:20241202:nNRAuntla6:0,NS:GLOROU,BKT.MC
2024-12-02 16:57:39.301,Bankinter (BKT: EUR7.45) offers dividend yield of 8.8%; -4c [0.5%],urn:newsml:newsroom:20241202:nNRAuntgam:0,NS:GLOSTO,BKT.MC
2024-12-02 15:54:20.223,ADR Recap: Bankinter continues to underperform HSBC Holdings by 3.5% year to date,urn:newsml:newsroom:20241202:nNRAunqzk3:0,NS:GLOROU,BKT.MC
2024-12-02 11:37:27.742,Monthly: Bankinter ADR (BKNIY: $7.98) drops on high volatility in November 2024,urn:newsml:newsroom:20241202:nNRAuneuca:0,NS:GLOROU,BKT.MC
2024-12-02 10:47:07.062,Solvency is not a major issue for Bankinter,urn:newsml:newsroom:20241202:nNRAundkhk:0,NS:GLOROU,BKT.MC
2024-12-02 07:19:04.323,Monthly: Bankinter ADR (BKNIY: $7.98) drops on high volatility in November 2024,urn:newsml:newsroom:20241202:nNRAun53gs:0,NS:GLOROU,BKT.MC
2024-12-02 07:08:32.978,Monthly: Bankinter (BKT: EUR7.49) increases on low volume in November 2024,urn:newsml:newsroom:20241202:nNRAun4c0i:0,NS:GLOSTO,BKT.MC
2024-12-01 16:12:21.352,Bankinter to distribute tomorrow 265 million among its shareholders,urn:newsml:newsroom:20241201:nNRAumycme:0,NS:NOTENG,BKT.MC
2024-11-30 18:07:37.809,"Reviewing Shionogi & Co., Ltd. (OTCMKTS:SGIOY) and Bankinter (OTCMKTS:BKNIY) --",urn:link:webnews:20241130:nNRAums85m:0,NS:WKRNEW,BKT.MC
2024-11-30 16:47:30.576,Monthly: Bankinter ADR (BKNIY: $7.98) drops on high volatility in November 2024,urn:newsml:newsroom:20241130:nNRAumrqlj:0,NS:GLOROU,BKT.MC
2024-11-30 16:32:15.569,Weekly: Bankinter ADR (BKNIY: OTC: $7.98) decreases; -3c [0.4%] Vol Index 1.3 [1 is avg],urn:newsml:newsroom:20241130:nNRAumrmuh:0,NS:GLOROU,BKT.MC
2024-11-30 14:32:11.017,Bankinter announces dividend,urn:newsml:newsroom:20241130:nNRAumr34k:0,NS:NEWWIR,BKT.MC
2024-11-30 14:24:05.955,Bankinter tumbles 10% in past 3 months,urn:newsml:newsroom:20241130:nNRAumqymp:0,NS:GLOROU,BKT.MC
2024-11-30 09:27:14.195,Bankinter tumbles 10% in past 3 months,urn:newsml:newsroom:20241130:nNRAump9ok:0,NS:GLOROU,BKT.MC
2024-11-30 05:56:51.080,Weekly: Bankinter (BKT: EUR7.49) down 2.6% in 2 weeks; -2c [0.3%],urn:newsml:newsroom:20241130:nNRAumnk0v:0,NS:GLOWEE,BKT.MC
2024-11-30 05:27:18.562,Bankinter tumbles 10% in past 3 months,urn:newsml:newsroom:20241130:nNRAumnei8:0,NS:GLOROU,BKT.MC
2024-11-30 05:22:16.241,Bankinter tumbles 10% in past 3 months,urn:newsml:newsroom:20241130:nNRAumnbmm:0,NS:GLOROU,BKT.MC
2024-11-29 19:22:40.185,Bankinter plummets 14% in past 3 months,urn:newsml:newsroom:20241129:nNRAumjbwn:0,NS:GLOROU,BKT.MC
2024-11-29 18:36:58.845,Solvency is not a major issue for Bankinter,urn:newsml:newsroom:20241129:nNRAumiyph:0,NS:GLOWEE,BKT.MC
2024-11-29 16:57:33.534,Weekly: Bankinter (BKT: EUR7.49) down 2.6% in 2 weeks; -2c [0.3%],urn:newsml:newsroom:20241129:nNRAumhdps:0,NS:GLOWEE,BKT.MC
2024-11-29 16:57:31.332,Monthly: Bankinter (BKT: EUR7.49) increases on low volume in November 2024,urn:newsml:newsroom:20241129:nNRAumhcjn:0,NS:GLOSTP,BKT.MC
2024-11-29 16:52:20.420,"Bankinter (BKT: EUR7.49) inches higher, resistance at 12-day EMA; +7c [0.9%]",urn:newsml:newsroom:20241129:nNRAumhbmk:0,NS:GLOSTO,BKT.MC
2024-11-29 15:52:20.495,ADR Recap: Bankinter continues to underperform HDFC Bank by 7.9% in the past month,urn:newsml:newsroom:20241129:nNRAumgcnl:0,NS:GLOROU,BKT.MC
2024-11-29 15:27:10.710,Bankinter plummets 14% in past 3 months,urn:newsml:newsroom:20241129:nNRAumg0wp:0,NS:GLOROU,BKT.MC
2024-11-29 10:47:03.485,Solvency is not a major issue for Bankinter,urn:newsml:newsroom:20241129:nNRAumbo52:0,NS:GLOROU,BKT.MC
2024-11-28 16:47:17.202,Bankinter (BKT: EUR7.42) in bottom 2% performers of IBEX 35 Index; -25c [3.3%],urn:newsml:newsroom:20241128:nNRAum36ra:0,NS:GLOSTO,BKT.MC
2024-11-28 12:57:17.962,"(EN) BANKINTER, S.A. ESG Web-based Reporting (81365197)",urn:newsml:reuters.com:20241128:nGLF2yRhZK:2,NS:GLFILE,BKT.MC
2024-11-28 11:22:17.340,Bankinter plummets 14% in past 3 months,urn:newsml:newsroom:20241128:nNRAulztik:0,NS:GLOROU,BKT.MC
2024-11-28 11:17:44.567,Bankinter plummets 14% in past 3 months,urn:newsml:newsroom:20241128:nNRAulzs4y:0,NS:GLOROU,BKT.MC
2024-11-27 16:47:32.256,Bankinter (BKT: EUR7.67) offers earnings yield of 12.3%; +6c [0.8%],urn:newsml:newsroom:20241127:nNRAuloq9m:0,NS:GLOSTO,BKT.MC
2024-11-27 15:52:06.388,ADR Recap: Bankinter continues to underperform Mitsubishi UFJ Financial by 18.1% in the past month,urn:newsml:newsroom:20241127:nNRAulnxcs:0,NS:GLOROU,BKT.MC
2024-11-27 12:17:27.281,Bankinter plummets 15% in past 3 months,urn:newsml:newsroom:20241127:nNRAulksny:0,NS:GLOROU,BKT.MC
2024-11-27 08:27:14.385,Bankinter plummets 15% in past 3 months,urn:newsml:newsroom:20241127:nNRAuli3uo:0,NS:GLOROU,BKT.MC
2024-11-27 04:12:29.969,Bankinter plummets 15% in past 3 months,urn:newsml:newsroom:20241127:nNRAulf475:0,NS:GLOROU,BKT.MC
2024-11-26 18:07:42.177,Banco de Sabadell's Earnings Growth Outperforms Bankinter,urn:newsml:newsroom:20241126:nNRAul82vp:0,NS:GLOSTO,BKT.MC
2024-11-26 16:52:23.288,ADR Recap: Bankinter continues to underperform UBS by 1.1% in the past month,urn:newsml:newsroom:20241126:nNRAul70cw:0,NS:GLOROU,BKT.MC
2024-11-26 16:47:30.712,Bankinter (BKT: EUR7.61) offers dividend yield of 4.8%; -3c [0.4%],urn:newsml:newsroom:20241126:nNRAul6wyy:0,NS:GLOSTO,BKT.MC
2024-11-26 15:52:28.698,Bankinter Continues to Underperform its Peers,urn:newsml:newsroom:20241126:nNRAul64xy:0,NS:GLOROU,BKT.MC
2024-11-26 13:41:48.000,Wiener Börse AG - Bankinter: dividend on the global market - ex date 11/28/2024,urn:newsml:reuters.com:20241126:nNDL2L5QRj:1,NS:PUBT,BKT.MC
2024-11-26 11:57:07.384,Bankinter tumbles 9% in past 3 months,urn:newsml:newsroom:20241126:nNRAul2cn3:0,NS:GLOROU,BKT.MC
2024-11-26 11:08:03.156,How CaixaBank's dividend compares to Bankinter,urn:newsml:newsroom:20241126:nNRAul1s6z:0,NS:GLOSTO,BKT.MC
2024-11-26 10:08:02.169,How Banco Bilbao Vizcaya Argentaria's dividend compares to Bankinter,urn:newsml:newsroom:20241126:nNRAul1421:0,NS:GLOSTO,BKT.MC
2024-11-26 07:58:54.048,Bankinter tumbles 9% in past 3 months,urn:newsml:newsroom:20241126:nNRAukzdmp:0,NS:GLOROU,BKT.MC
2024-11-26 03:52:19.264,Bankinter tumbles 9% in past 3 months,urn:newsml:newsroom:20241126:nNRAukwh5q:0,NS:GLOROU,BKT.MC
2024-11-26 03:52:03.208,Bankinter tumbles 9% in past 3 months,urn:newsml:newsroom:20241126:nNRAukwg06:0,NS:GLOROU,BKT.MC
2024-11-25 19:31:59.385,Solvency is not a major issue for Bankinter,urn:newsml:newsroom:20241125:nNRAuksjjb:0,NS:GLOWEE,BKT.MC
2024-11-25 16:57:45.365,Bankinter (BKT: EUR7.64) lifts 1.7% strengthening above moving average price; +13c [1.7%],urn:newsml:newsroom:20241125:nNRAukqnwd:0,NS:GLOSTO,BKT.MC
2024-11-25 15:57:08.661,ADR Recap: Bankinter continues to underperform HSBC Holdings by 10.0% in the past month,urn:newsml:newsroom:20241125:nNRAukpu9t:0,NS:GLOROU,BKT.MC
2024-11-25 13:52:11.619,Can Bankinter rebound after recent dip?,urn:newsml:newsroom:20241125:nNRAuko31a:0,NS:GLOROU,BKT.MC
2024-11-25 10:47:11.429,Solvency is not a major issue for Bankinter,urn:newsml:newsroom:20241125:nNRAuklunc:0,NS:GLOROU,BKT.MC
2024-11-25 10:07:23.413,Bankinter down in recent days,urn:newsml:newsroom:20241125:nNRAuklcdk:0,NS:GLOROU,BKT.MC
2024-11-24 13:07:30.055,Bankinter ADR climbs 17% in 2024,urn:newsml:newsroom:20241124:nNRAuke5dl:0,NS:GLOROU,BKT.MC
2024-11-24 07:07:12.055,Bankinter ADR climbs 17% in 2024,urn:newsml:newsroom:20241124:nNRAukbt0c:0,NS:GLOROU,BKT.MC
2024-11-23 14:18:54.908,Bankinter plummets 14% in past 3 months,urn:newsml:newsroom:20241123:nNRAuk75r6:0,NS:GLOROU,BKT.MC
2024-11-23 08:27:06.390,Bankinter plummets 14% in past 3 months,urn:newsml:newsroom:20241123:nNRAuk4zp9:0,NS:GLOROU,BKT.MC
2024-11-23 05:56:49.345,Weekly: Bankinter (BKT: EUR7.51) shares post worst week in four weeks; -18c [2.3%],urn:newsml:newsroom:20241123:nNRAuk3u8e:0,NS:GLOWEE,BKT.MC
2024-11-23 04:37:25.104,Bankinter ADR climbs 17% in 2024,urn:newsml:newsroom:20241123:nNRAuk38th:0,NS:GLOROU,BKT.MC
2024-11-23 04:33:37.051,Weekly: Bankinter ADR (BKNIY: OTC: $7.64) posts worst week in twenty-three weeks,urn:newsml:newsroom:20241123:nNRAuk3986:0,NS:GLOROU,BKT.MC
2024-11-23 04:32:12.336,Weekly: Bankinter ADR (BKNIY: OTC: $7.64) slides 6% on thin volume; -51.5c [6.3%],urn:newsml:newsroom:20241123:nNRAuk37dm:0,NS:GLOROU,BKT.MC
2024-11-23 04:27:09.241,Bankinter plummets 14% in past 3 months,urn:newsml:newsroom:20241123:nNRAuk365r:0,NS:GLOROU,BKT.MC
2024-11-23 04:22:17.968,Bankinter plummets 14% in past 3 months,urn:newsml:newsroom:20241123:nNRAuk32my:0,NS:GLOROU,BKT.MC
2024-11-22 16:52:21.687,Weekly: Bankinter (BKT: EUR7.51) shares post worst week in four weeks; -18c [2.3%],urn:newsml:newsroom:20241122:nNRAujx0ya:0,NS:GLOWEE,BKT.MC
2024-11-22 16:47:41.534,Bankinter (BKT: EUR7.51) drops 2.3% on increasing volatility; -18c [2.3%],urn:newsml:newsroom:20241122:nNRAujwxs4:0,NS:GLOSTO,BKT.MC
2024-11-22 15:52:20.311,ADR Recap: Bankinter continues to underperform ICICI Bank by 3.1% year to date,urn:newsml:newsroom:20241122:nNRAujw8xe:0,NS:GLOROU,BKT.MC
2024-11-22 13:47:10.619,Traders look to see if Bankinter's recent rally will continue,urn:newsml:newsroom:20241122:nNRAujugdi:0,NS:GLOROU,BKT.MC
2024-11-22 11:57:07.517,Bankinter slumps 12% in past 3 months,urn:newsml:newsroom:20241122:nNRAujt0ez:0,NS:GLOROU,BKT.MC
2024-11-22 11:12:07.720,"""Sectarianism must be avoided in the sustainable economy.""",urn:newsml:newsroom:20241122:nNRAujs5u3:0,NS:NOTENG,BKT.MC
2024-11-22 10:47:13.511,Solvency is not a major issue for Bankinter,urn:newsml:newsroom:20241122:nNRAujrsqr:0,NS:GLOROU,BKT.MC
2024-11-22 10:07:17.680,Friday's Preview: Can Bankinter continue its recent gains?,urn:newsml:newsroom:20241122:nNRAujr98p:0,NS:GLOROU,BKT.MC
2024-11-22 08:13:01.226,"Banks reinforce their efficiency, with Bankinter, CaixaBank and BBVA leading the way",urn:newsml:newsroom:20241122:nNRAujpt5u:0,NS:NOTENG,BKT.MC
2024-11-22 07:56:54.318,Bankinter slumps 12% in past 3 months,urn:newsml:newsroom:20241122:nNRAujpk4z:0,NS:GLOROU,BKT.MC
2024-11-22 03:57:26.608,Bankinter slumps 12% in past 3 months,urn:newsml:newsroom:20241122:nNRAujmwel:0,NS:GLOROU,BKT.MC
2024-11-21 16:47:28.496,Bankinter (BKT: EUR7.69) offers earnings yield of 12.2%; +5c [0.7%],urn:newsml:newsroom:20241121:nNRAujgun9:0,NS:GLOSTO,BKT.MC
2024-11-21 15:53:00.231,ADR Recap: Bankinter continues to outperform HDFC Bank by 23.8% year to date,urn:newsml:newsroom:20241121:nNRAujg2be:0,NS:GLOROU,BKT.MC
2024-11-21 12:02:27.847,Bankinter tumbles 10% in past 3 months,urn:newsml:newsroom:20241121:nNRAujcico:0,NS:GLOROU,BKT.MC
2024-11-21 08:02:19.771,Bankinter tumbles 10% in past 3 months,urn:newsml:newsroom:20241121:nNRAuj9h4u:0,NS:GLOROU,BKT.MC
2024-11-21 03:57:42.817,Bankinter tumbles 10% in past 3 months,urn:newsml:newsroom:20241121:nNRAuj6tny:0,NS:GLOROU,BKT.MC
2024-11-21 03:57:21.688,Bankinter tumbles 10% in past 3 months,urn:newsml:newsroom:20241121:nNRAuj6tkz:0,NS:GLOROU,BKT.MC
2024-11-20 16:47:33.856,Bankinter (BKT: EUR7.64) offers dividend yield of 4.8%; +1c [0.1%],urn:newsml:newsroom:20241120:nNRAuj0wqx:0,NS:GLOSTO,BKT.MC
2024-11-20 15:52:16.143,ADR Recap: Bankinter continues to underperform Mitsubishi UFJ Financial by 14.2% year to date,urn:newsml:newsroom:20241120:nNRAuj04h9:0,NS:GLOROU,BKT.MC
2024-11-20 13:25:18.416,Bankinter To Pay Second Interim Net Dividend Of 0.24 Eur/Shr On Dec 2,urn:newsml:reuters.com:20241120:nRSD5f95qg:1,NS:SIGDEV,BKT.MC
2024-11-20 13:10:57.000,BRIEF-Bankinter To Pay Second Interim Net Dividend Of 0.24 Eur/Shr On Dec 2,urn:newsml:reuters.com:20241120:nFWN3MR0AB:1,NS:RTRS,BKT.MC
2024-11-20 11:57:18.375,Bankinter drops 6% in past 3 months,urn:newsml:newsroom:20241120:nNRAuiwjyc:0,NS:GLOROU,BKT.MC
2024-11-20 07:57:12.844,Bankinter drops 6% in past 3 months,urn:newsml:newsroom:20241120:nNRAuitt2z:0,NS:GLOROU,BKT.MC
2024-11-20 03:52:16.825,Bankinter drops 6% in past 3 months,urn:newsml:newsroom:20241120:nNRAuiqzmu:0,NS:GLOROU,BKT.MC
2024-11-19 16:52:28.719,ADR Recap: Bankinter continues to outperform UBS by 22.5% year to date,urn:newsml:newsroom:20241119:nNRAuil4t5:0,NS:GLOROU,BKT.MC
2024-11-19 16:47:31.182,Bankinter (BKT: EUR7.63) shares fall after 3 days of rises; -22c [2.8%],urn:newsml:newsroom:20241119:nNRAuil225:0,NS:GLOSTO,BKT.MC
2024-11-19 15:52:23.861,Bankinter Continues to Underperform its Peers,urn:newsml:newsroom:20241119:nNRAuik8wu:0,NS:GLOROU,BKT.MC
2024-11-19 11:57:18.234,Bankinter decreases 4% in past 3 months,urn:newsml:newsroom:20241119:nNRAuigpae:0,NS:GLOROU,BKT.MC
2024-11-19 11:08:29.049,How CaixaBank's dividend compares to Bankinter,urn:newsml:newsroom:20241119:nNRAuifzz2:0,NS:GLOSTO,BKT.MC
2024-11-19 10:08:04.797,How Banco Bilbao Vizcaya Argentaria's dividend compares to Bankinter,urn:newsml:newsroom:20241119:nNRAuif735:0,NS:GLOSTO,BKT.MC
2024-11-19 03:57:32.810,Bankinter decreases 4% in past 3 months,urn:newsml:newsroom:20241119:nNRAuiaxap:0,NS:GLOROU,BKT.MC
2024-11-19 03:57:10.250,Bankinter decreases 4% in past 3 months,urn:newsml:newsroom:20241119:nNRAuiav86:0,NS:GLOROU,BKT.MC
2024-11-19 03:10:57.285,124 candidates for the Sustainable Economy Awards,urn:newsml:newsroom:20241119:nNRAuiam1i:0,NS:NOTENG,BKT.MC
2024-11-18 19:22:20.802,Solvency is not a major issue for Bankinter,urn:newsml:newsroom:20241118:nNRAui6qcw:0,NS:GLOWEE,BKT.MC
2024-11-18 16:47:25.855,Bankinter (BKT: EUR7.85) in top 1% performers of IBEX 35 Index; +16c [2.1%],urn:newsml:newsroom:20241118:nNRAui4rwz:0,NS:GLOSTO,BKT.MC
2024-11-18 15:52:26.735,ADR Recap: Bankinter continues to outperform HSBC Holdings by 2.3% year to date,urn:newsml:newsroom:20241118:nNRAui46mp:0,NS:GLOROU,BKT.MC
2024-11-18 13:57:20.309,Can Bankinter rebound after recent dip?,urn:newsml:newsroom:20241118:nNRAui2ujf:0,NS:GLOROU,BKT.MC
2024-11-18 10:49:11.766,Solvency is not a major issue for Bankinter,urn:newsml:newsroom:20241118:nNRAui0b1g:0,NS:GLOROU,BKT.MC
2024-11-18 10:11:15.975,Bankinter down in recent days,urn:newsml:newsroom:20241118:nNRAuhzok5:0,NS:GLOROU,BKT.MC
2024-11-16 14:17:54.079,Bankinter dips 4% in past 3 months,urn:newsml:newsroom:20241116:nNRAuhlkro:0,NS:GLOROU,BKT.MC
2024-11-16 09:53:55.840,Bankinter dips 4% in past 3 months,urn:newsml:newsroom:20241116:nNRAuhjwoz:0,NS:GLOROU,BKT.MC
2024-11-16 06:47:30.425,Weekly: Bankinter (BKT: EUR7.69) lifts 2.1% on low volume; +16c [2.1%],urn:newsml:newsroom:20241116:nNRAuhip41:0,NS:GLOWEE,BKT.MC
2024-11-16 04:07:32.883,Weekly: Bankinter ADR (BKNIY: OTC: $8.16) drops 2.7% on weak volume; -23c [2.7%],urn:newsml:newsroom:20241116:nNRAuhhhu7:0,NS:GLOROU,BKT.MC
2024-11-16 04:07:18.668,Weekly: Bankinter ADR (BKNIY: OTC: $8.16) posts worst week in sixteen weeks; -23c [2.7%],urn:newsml:newsroom:20241116:nNRAuhhgua:0,NS:GLOROU,BKT.MC
2024-11-16 04:02:11.739,Bankinter dips 4% in past 3 months,urn:newsml:newsroom:20241116:nNRAuhhe88:0,NS:GLOROU,BKT.MC
2024-11-16 03:57:07.689,Bankinter dips 4% in past 3 months,urn:newsml:newsroom:20241116:nNRAuhhef4:0,NS:GLOROU,BKT.MC
2024-11-16 03:41:26.911,Bankinter trades 1.93 percent higher on Saturday 16th of November,urn:newsml:newsroom:20241116:nNRAuhhbrt:0,NS:STOCKP,BKT.MC
2024-11-15 21:07:01.443,Solvency is not a major issue for Bankinter,urn:newsml:newsroom:20241115:nNRAuhefhq:0,NS:GLOWEE,BKT.MC
2024-11-15 16:53:01.951,Weekly: Bankinter (BKT: EUR7.69) lifts 2.1% on low volume; +16c [2.1%],urn:newsml:newsroom:20241115:nNRAuhbibz:0,NS:GLOWEE,BKT.MC
2024-11-15 16:47:41.972,Bankinter (BKT: EUR7.69) offers earnings yield of 12.2%; +17c [2.3%],urn:newsml:newsroom:20241115:nNRAuhbedz:0,NS:GLOSTO,BKT.MC
2024-11-15 15:52:19.409,ADR Recap: Bankinter continues to underperform ICICI Bank by 7.6% in the past three months,urn:newsml:newsroom:20241115:nNRAuhao5p:0,NS:GLOROU,BKT.MC
2024-11-15 12:12:35.455,Bankinter dips 2% in past 3 months,urn:newsml:newsroom:20241115:nNRAuh7pbv:0,NS:GLOROU,BKT.MC
2024-11-15 10:47:17.718,Solvency is not a major issue for Bankinter,urn:newsml:newsroom:20241115:nNRAuh6jmu:0,NS:GLOROU,BKT.MC
2024-11-15 09:52:17.423,Bankinter dips 2% in past 3 months,urn:newsml:newsroom:20241115:nNRAuh5o8r:0,NS:GLOROU,BKT.MC
2024-11-15 04:07:27.935,Bankinter dips 2% in past 3 months,urn:newsml:newsroom:20241115:nNRAuh2a9v:0,NS:GLOROU,BKT.MC
2024-11-14 17:33:16.151,"Bankinter, S.A. (OTCMKTS:BKNIY) Short Interest Up 625.0% in October --",urn:link:webnews:20241114:nNRAugwcfj:0,NS:WKRNEW,BKT.MC
2024-11-14 16:48:15.141,Bankinter (BKT: EUR7.52) offers dividend yield of 4.8%; +15c [2.0%],urn:newsml:newsroom:20241114:nNRAugvqw0:0,NS:GLOSTO,BKT.MC
2024-11-14 15:52:26.615,ADR Recap: Bankinter continues to underperform HDFC Bank by 7.2% in the past three months,urn:newsml:newsroom:20241114:nNRAugurwx:0,NS:GLOROU,BKT.MC
2024-11-14 12:08:05.363,Bankinter dips 0.3% in past 3 months,urn:newsml:newsroom:20241114:nNRAugria9:0,NS:GLOROU,BKT.MC
2024-11-14 09:53:14.784,"Bankinter, S.A. (OTCMKTS:BKIMF) Short Interest Up 2,269.4% in October --",urn:link:webnews:20241114:nNRAugpp08:0,NS:ETFDAI,BKT.MC
2024-11-14 08:22:50.415,Bankinter dips 0.3% in past 3 months,urn:newsml:newsroom:20241114:nNRAugop97:0,NS:GLOROU,BKT.MC
2024-11-14 04:02:47.255,Bankinter dips 0.3% in past 3 months,urn:newsml:newsroom:20241114:nNRAuglors:0,NS:GLOROU,BKT.MC
2024-11-14 04:02:25.841,Bankinter dips 0.3% in past 3 months,urn:newsml:newsroom:20241114:nNRAuglo0k:0,NS:GLOROU,BKT.MC
2024-11-13 16:47:26.561,Bankinter (BKT: EUR7.37) in 4th consecutive fall; -32c [4.2%],urn:newsml:newsroom:20241113:nNRAugfkx7:0,NS:GLOSTO,BKT.MC
2024-11-13 15:52:13.281,ADR Recap: Bankinter continues to underperform Mitsubishi UFJ Financial by 20.5% in the past three months,urn:newsml:newsroom:20241113:nNRAuget6g:0,NS:GLOROU,BKT.MC
2024-11-13 14:41:36.329,Colonial and Merlin present results under threat of the end of their tax regime,urn:newsml:newsroom:20241113:nNRAugdth2:0,NS:CENAFT,BKT.MC
2024-11-13 12:02:25.487,Bankinter dips 0.1% in past 3 months,urn:newsml:newsroom:20241113:nNRAugbf1d:0,NS:GLOROU,BKT.MC
2024-11-13 09:07:42.246,Banco de Sabadell's Earnings Growth Outperforms Bankinter,urn:newsml:newsroom:20241113:nNRAug9coq:0,NS:GLOSTO,BKT.MC
2024-11-13 08:02:22.247,Bankinter dips 0.1% in past 3 months,urn:newsml:newsroom:20241113:nNRAug8knn:0,NS:GLOROU,BKT.MC
2024-11-13 04:02:33.886,Bankinter dips 0.1% in past 3 months,urn:newsml:newsroom:20241113:nNRAug5e8y:0,NS:GLOROU,BKT.MC
2024-11-13 02:33:04.032,"Short Interest in Bankinter, S.A. (OTCMKTS:BKNIY) Expands By 625.0%",urn:newsml:newsroom:20241113:nNRAug4s2j:0,NS:CERGEM,BKT.MC
2024-11-12 16:52:13.052,ADR Recap: Bankinter continues to underperform UBS by 7.1% in the past three months,urn:newsml:newsroom:20241112:nNRAufzgbg:0,NS:GLOROU,BKT.MC
2024-11-12 16:47:30.534,"Bankinter (BKT: EUR7.44) keeps sliding, down 3.3% in 3 days; -25c [3.3%]",urn:newsml:newsroom:20241112:nNRAufzdgw:0,NS:GLOSTO,BKT.MC
2024-11-12 15:52:21.646,Bankinter Continues to Underperform its Peers,urn:newsml:newsroom:20241112:nNRAufyi1e:0,NS:GLOROU,BKT.MC
2024-11-12 12:27:22.967,Bankinter adds 6% in past 3 months,urn:newsml:newsroom:20241112:nNRAufv656:0,NS:GLOROU,BKT.MC
2024-11-12 11:08:01.388,How CaixaBank's dividend compares to Bankinter,urn:newsml:newsroom:20241112:nNRAufuam5:0,NS:GLOSTO,BKT.MC
2024-11-12 10:08:00.211,How Banco Bilbao Vizcaya Argentaria's dividend compares to Bankinter,urn:newsml:newsroom:20241112:nNRAuftppc:0,NS:GLOSTO,BKT.MC
2024-11-12 08:37:16.574,Bankinter adds 6% in past 3 months,urn:newsml:newsroom:20241112:nNRAufssog:0,NS:GLOROU,BKT.MC
2024-11-12 04:17:52.831,Bankinter adds 6% in past 3 months,urn:newsml:newsroom:20241112:nNRAufqf0o:0,NS:GLOROU,BKT.MC
2024-11-12 04:17:21.294,Bankinter adds 6% in past 3 months,urn:newsml:newsroom:20241112:nNRAufqdu7:0,NS:GLOROU,BKT.MC
2024-11-11 21:16:47.805,Solvency is not a major issue for Bankinter,urn:newsml:newsroom:20241111:nNRAufndmn:0,NS:GLOWEE,BKT.MC
2024-11-11 16:52:17.254,Bankinter (BKT: EUR7.51) offers earnings yield of 12.5%; -2c [0.3%],urn:newsml:newsroom:20241111:nNRAufkm9j:0,NS:GLOSTO,BKT.MC
2024-11-11 15:52:07.877,ADR Recap: Bankinter continues to underperform HSBC Holdings by 3.9% in the past three months,urn:newsml:newsroom:20241111:nNRAufjtll:0,NS:GLOROU,BKT.MC
2024-11-11 11:37:06.339,"Monthly: Bankinter ADR (BKNIY: $8.05) plunges 11%, 9 months' volume in a month",urn:newsml:newsroom:20241111:nNRAufgc9h:0,NS:GLOROU,BKT.MC
2024-11-11 10:47:18.227,Solvency is not a major issue for Bankinter,urn:newsml:newsroom:20241111:nNRAuffvit:0,NS:GLOROU,BKT.MC
2024-11-11 07:13:52.441,"Bankinter Compendium - A Snapshot as of November 08, 2024",urn:newsml:newsroom:20241111:nNRAufdnn0:0,NS:GLOSTO,BKT.MC
2024-11-10 13:07:26.080,Bankinter ADR jumps 29% in 2024,urn:newsml:newsroom:20241110:nNRAuezz2u:0,NS:GLOROU,BKT.MC
2024-11-10 07:07:31.290,Bankinter ADR jumps 29% in 2024,urn:newsml:newsroom:20241110:nNRAuext63:0,NS:GLOROU,BKT.MC
2024-11-09 14:18:12.235,Bankinter gains 7% in past 3 months,urn:newsml:newsroom:20241109:nNRAuetuad:0,NS:GLOROU,BKT.MC
2024-11-09 09:18:58.955,Bankinter gains 7% in past 3 months,urn:newsml:newsroom:20241109:nNRAues62w:0,NS:GLOROU,BKT.MC
2024-11-09 09:07:45.577,Weekly: Bankinter (BKT: EUR7.53) decreases 1.1% on weak volume; -8c [1.1%],urn:newsml:newsroom:20241109:nNRAuerzdu:0,NS:GLOWEE,BKT.MC
2024-11-09 04:17:23.268,Bankinter ADR jumps 29% in 2024,urn:newsml:newsroom:20241109:nNRAueq2hm:0,NS:GLOROU,BKT.MC
2024-11-09 04:12:20.987,Weekly: Bankinter ADR (BKNIY: OTC: $8.39) up 4.9% in 2 weeks; +39c [4.9%],urn:newsml:newsroom:20241109:nNRAueq10p:0,NS:GLOROU,BKT.MC
2024-11-09 04:07:08.986,Weekly: Bankinter ADR (BKNIY: OTC: $8.39) increases 0.8% on low volume; +7c [0.8%],urn:newsml:newsroom:20241109:nNRAuepzr2:0,NS:GLOROU,BKT.MC
2024-11-09 04:02:29.798,Bankinter gains 7% in past 3 months,urn:newsml:newsroom:20241109:nNRAuepykt:0,NS:GLOROU,BKT.MC
2024-11-08 21:32:05.286,Solvency is not a major issue for Bankinter,urn:newsml:newsroom:20241108:nNRAuendch:0,NS:GLOWEE,BKT.MC
2024-11-08 16:53:02.997,Weekly: Bankinter (BKT: EUR7.53) decreases 1.1% on weak volume; -8c [1.1%],urn:newsml:newsroom:20241108:nNRAuekerc:0,NS:GLOWEE,BKT.MC
2024-11-08 16:47:44.871,Bankinter (BKT: EUR7.53) offers dividend yield of 4.8%; -16c [2.1%],urn:newsml:newsroom:20241108:nNRAuek7nk:0,NS:GLOSTO,BKT.MC
2024-11-08 15:52:31.190,ADR Recap: Bankinter continues to underperform ICICI Bank by 5.7% in the past month,urn:newsml:newsroom:20241108:nNRAuejdqc:0,NS:GLOROU,BKT.MC
2024-11-08 12:07:40.846,Bankinter adds 6% in past 3 months,urn:newsml:newsroom:20241108:nNRAuefj7z:0,NS:GLOROU,BKT.MC
2024-11-08 10:47:18.022,Solvency is not a major issue for Bankinter,urn:newsml:newsroom:20241108:nNRAueei7m:0,NS:GLOROU,BKT.MC
2024-11-08 09:32:35.449,Bankinter adds 6% in past 3 months,urn:newsml:newsroom:20241108:nNRAuediun:0,NS:GLOROU,BKT.MC
2024-11-08 05:09:43.557,On Friday 8th of November Bankinter trades -3.84 percent lower,urn:newsml:newsroom:20241108:nNRAueamc6:0,NS:STOCKP,BKT.MC
2024-11-08 04:07:30.458,Bankinter adds 6% in past 3 months,urn:newsml:newsroom:20241108:nNRAuea5l1:0,NS:GLOROU,BKT.MC
2024-11-07 16:47:20.298,Bankinter (BKT: EUR7.69) lifts 1.3% strengthening above moving average price; +10c [1.3%],urn:newsml:newsroom:20241107:nNRAue3koj:0,NS:GLOSTO,BKT.MC
2024-11-07 15:52:11.938,ADR Recap: Bankinter continues to underperform HDFC Bank by 11.1% in the past month,urn:newsml:newsroom:20241107:nNRAue2u6h:0,NS:GLOROU,BKT.MC
2024-11-07 12:12:40.292,Bankinter increases 5% in past 3 months,urn:newsml:newsroom:20241107:nNRAudz3tw:0,NS:GLOROU,BKT.MC
2024-11-07 08:32:18.973,Bankinter increases 5% in past 3 months,urn:newsml:newsroom:20241107:nNRAudwk9e:0,NS:GLOROU,BKT.MC
2024-11-07 04:07:15.303,Bankinter increases 5% in past 3 months,urn:newsml:newsroom:20241107:nNRAudto6f:0,NS:GLOROU,BKT.MC
2024-11-06 16:47:19.799,Bankinter (BKT: EUR7.59) shares fall after 5 days of rises; -25c [3.2%],urn:newsml:newsroom:20241106:nNRAudnhvs:0,NS:GLOSTO,BKT.MC
2024-11-06 15:52:11.447,ADR Recap: Bankinter continues to underperform Mitsubishi UFJ Financial by 7.9% in the past month,urn:newsml:newsroom:20241106:nNRAudmqk0:0,NS:GLOROU,BKT.MC
2024-11-06 11:12:10.467,Bankinter climbs 15% in past 3 months,urn:newsml:newsroom:20241106:nNRAudigsj:0,NS:GLOROU,BKT.MC
2024-11-06 08:08:03.520,Banco de Sabadell's Earnings Growth Outperforms Bankinter,urn:newsml:newsroom:20241106:nNRAudga8k:0,NS:GLOSTO,BKT.MC
2024-11-06 07:12:26.646,Bankinter climbs 15% in past 3 months,urn:newsml:newsroom:20241106:nNRAudfo6j:0,NS:GLOROU,BKT.MC
2024-11-06 03:07:41.476,Bankinter climbs 15% in past 3 months,urn:newsml:newsroom:20241106:nNRAuddkxk:0,NS:GLOROU,BKT.MC
2024-11-05 18:07:51.312,Banco Santander's Earnings Growth Outperforms Bankinter,urn:newsml:newsroom:20241105:nNRAud8pjd:0,NS:GLOSTO,BKT.MC
2024-11-05 16:52:35.839,"Bankinter (BKT: EUR7.84) offers earnings yield of 12%, hits 35-day high; +12c [1.6%]",urn:newsml:newsroom:20241105:nNRAud7pnp:0,NS:GLOSTO,BKT.MC
2024-11-05 15:52:16.374,ADR Recap: Bankinter continues to underperform UBS by 9.4% in the past month,urn:newsml:newsroom:20241105:nNRAud70is:0,NS:GLOROU,BKT.MC
2024-11-05 11:27:18.688,Bankinter lifts 9% in past 3 months,urn:newsml:newsroom:20241105:nNRAud3duq:0,NS:GLOROU,BKT.MC
2024-11-05 11:08:05.600,How CaixaBank's dividend compares to Bankinter,urn:newsml:newsroom:20241105:nNRAud33tm:0,NS:GLOSTO,BKT.MC
2024-11-05 10:08:13.075,How Banco Santander's dividend compares to Bankinter,urn:newsml:newsroom:20241105:nNRAud2cb1:0,NS:GLOSTO,BKT.MC
2024-11-05 10:08:12.461,How Banco Bilbao Vizcaya Argentaria's dividend compares to Bankinter,urn:newsml:newsroom:20241105:nNRAud2axy:0,NS:GLOSTO,BKT.MC
2024-11-05 07:27:58.193,Bankinter lifts 9% in past 3 months,urn:newsml:newsroom:20241105:nNRAud0a9z:0,NS:GLOROU,BKT.MC
2024-11-05 03:22:14.790,Bankinter lifts 9% in past 3 months,urn:newsml:newsroom:20241105:nNRAucxyu3:0,NS:GLOROU,BKT.MC
2024-11-04 21:47:04.533,"Monthly: Bankinter ADR (BKNIY: $8.05) plunges 11%, 9 months' volume in a month",urn:newsml:newsroom:20241104:nNRAucvhlu:0,NS:GLOROU,BKT.MC
2024-11-04 21:01:40.285,Solvency is not a major issue for Bankinter,urn:newsml:newsroom:20241104:nNRAucv744:0,NS:GLOWEE,BKT.MC
2024-11-04 16:52:53.821,"Bankinter (BKT: EUR7.72) offers dividend yield of 4.7%, hits 28-day high; +11c [1.4%]",urn:newsml:newsroom:20241104:nNRAucsk9e:0,NS:GLOSTO,BKT.MC
2024-11-04 15:57:11.302,ADR Recap: Bankinter continues to underperform HSBC Holdings by 9.5% in the past month,urn:newsml:newsroom:20241104:nNRAucrwvn:0,NS:GLOROU,BKT.MC
2024-11-04 15:42:52.641,Monthly: Bankinter (BKT: EUR7.46) down 7% in 2 months,urn:newsml:newsroom:20241104:nNRAucrq3q:0,NS:GLOSTP,BKT.MC
2024-11-04 13:37:01.925,"Weekly: Bankinter ADR (BKNIY: OTC: $8.32) climbs 4.0%, 4 weeks' volume in a week; +32c [4.0%] Vol Index 4.1 [1 is avg]",urn:newsml:newsroom:20241104:nNRAucqa3a:0,NS:GLOROU,BKT.MC
2024-11-04 12:37:08.907,"Weekly: Bankinter ADR (BKNIY: OTC: $8.32) climbs 4.0%, 4 weeks' volume in a week; +32c [4.0%] Vol Index 4.1 [1 is avg]",urn:newsml:newsroom:20241104:nNRAucpa5j:0,NS:GLOROU,BKT.MC
2024-11-04 10:47:10.678,Solvency is not a major issue for Bankinter,urn:newsml:newsroom:20241104:nNRAucnzcl:0,NS:GLOROU,BKT.MC
2024-11-04 09:08:07.523,Banco Santander continues to outperform Bankinter by 6.5% in the past month,urn:newsml:newsroom:20241104:nNRAucmvvu:0,NS:GLOSTO,BKT.MC
2024-11-04 07:37:16.042,"Weekly: Bankinter ADR (BKNIY: OTC: $8.32) climbs 4.0%, 4 weeks' volume in a week; +32c [4.0%] Vol Index 4.1 [1 is avg]",urn:newsml:newsroom:20241104:nNRAuclvi5:0,NS:GLOROU,BKT.MC
2024-11-02 14:23:15.319,Bankinter dips 1% in past 3 months,urn:newsml:newsroom:20241102:nNRAucanli:0,NS:GLOROU,BKT.MC
2024-11-02 07:12:23.336,Bankinter dips 1% in past 3 months,urn:newsml:newsroom:20241102:nNRAuc7tp4:0,NS:GLOROU,BKT.MC
2024-11-02 05:51:48.641,Weekly: Bankinter (BKT: EUR7.61) shares post best week in eleven weeks; +26c [3.5%],urn:newsml:newsroom:20241102:nNRAuc7d1u:0,NS:GLOWEE,BKT.MC
2024-11-02 03:17:33.618,Weekly: Bankinter ADR (BKNIY: OTC: $8.32) posts best week in eleven weeks,urn:newsml:newsroom:20241102:nNRAuc6bsi:0,NS:GLOROU,BKT.MC
2024-11-02 03:17:14.836,"Weekly: Bankinter ADR (BKNIY: OTC: $8.32) climbs 4.0%, 4 weeks' volume in a week; +32c [4.0%] Vol Index 4.1 [1 is avg]",urn:newsml:newsroom:20241102:nNRAuc6az3:0,NS:GLOROU,BKT.MC
2024-11-02 03:12:37.738,Bankinter dips 1% in past 3 months,urn:newsml:newsroom:20241102:nNRAuc6agb:0,NS:GLOROU,BKT.MC
2024-11-01 21:02:47.962,Solvency is not a major issue for Bankinter,urn:newsml:newsroom:20241101:nNRAuc40i8:0,NS:GLOWEE,BKT.MC
2024-11-01 19:41:31.456,Bankinter reiterates 'sell' Repsol and sets a target price of 11.90 euros per share,urn:newsml:newsroom:20241101:nNRAuc36gl:0,NS:CENAFT,BKT.MC
2024-11-01 16:52:46.919,Weekly: Bankinter (BKT: EUR7.61) shares post best week in eleven weeks; +26c [3.5%],urn:newsml:newsroom:20241101:nNRAuc1h8q:0,NS:GLOWEE,BKT.MC
2024-11-01 16:47:19.094,Bankinter (BKT: EUR7.61) in 3rd consecutive rise; +22c [3.0%],urn:newsml:newsroom:20241101:nNRAuc1ddk:0,NS:GLOSTO,BKT.MC
2024-11-01 14:52:10.295,ADR Recap: Bankinter continues to underperform HSBC Holdings by 0.4% year to date,urn:newsml:newsroom:20241101:nNRAubzqy3:0,NS:GLOROU,BKT.MC
2024-11-01 11:12:40.609,Bankinter falls 7% in past 3 months,urn:newsml:newsroom:20241101:nNRAubx5o3:0,NS:GLOROU,BKT.MC
2024-11-01 10:52:07.702,Solvency is not a major issue for Bankinter,urn:newsml:newsroom:20241101:nNRAubwp9r:0,NS:GLOROU,BKT.MC
2024-11-01 10:37:39.229,"Monthly: Bankinter ADR (BKNIY: $8.05) slides 11%, 9 months' volume in a month",urn:newsml:newsroom:20241101:nNRAubwihf:0,NS:GLOROU,BKT.MC
2024-11-01 09:07:25.408,Banco Santander continues to underperform Bankinter by 9.6% year to date,urn:newsml:newsroom:20241101:nNRAubvfx6:0,NS:GLOSTO,BKT.MC
2024-11-01 08:27:22.387,Monthly: Bankinter (BKT: EUR7.46) down 7% in 2 months,urn:newsml:newsroom:20241101:nNRAubuzux:0,NS:GLOSTO,BKT.MC
2024-11-01 07:53:25.633,Bankinter falls 7% in past 3 months,urn:newsml:newsroom:20241101:nNRAubul5l:0,NS:GLOROU,BKT.MC
2024-11-01 06:22:43.160,"Monthly: Bankinter ADR (BKNIY: $8.05) slides 11%, 9 months' volume in a month",urn:newsml:newsroom:20241101:nNRAubtll6:0,NS:GLOROU,BKT.MC
2024-11-01 03:32:14.697,"Monthly: Bankinter ADR (BKNIY: $8.05) plunges 11%, 9 months' volume in a month",urn:newsml:newsroom:20241101:nNRAubsc89:0,NS:GLOROU,BKT.MC
2024-11-01 03:07:19.262,Bankinter falls 7% in past 3 months,urn:newsml:newsroom:20241101:nNRAubs76q:0,NS:GLOROU,BKT.MC
2024-10-31 16:57:52.035,Monthly: Bankinter (BKT: EUR7.46) down 7% in 2 months,urn:newsml:newsroom:20241031:nNRAubn0rl:0,NS:GLOSTP,BKT.MC
2024-10-31 16:52:20.940,Bankinter (BKT: EUR7.46) in 2nd consecutive rise; +7c [0.9%],urn:newsml:newsroom:20241031:nNRAubmxng:0,NS:GLOSTO,BKT.MC
2024-10-31 14:52:10.403,ADR Recap: Bankinter continues to underperform HDFC Bank by 10.5% in the past month,urn:newsml:newsroom:20241031:nNRAublcz3:0,NS:GLOROU,BKT.MC
2024-10-31 11:07:28.478,Bankinter tumbles 7% in past 3 months,urn:newsml:newsroom:20241031:nNRAubhd4d:0,NS:GLOROU,BKT.MC
2024-10-31 07:28:12.182,Bankinter tumbles 7% in past 3 months,urn:newsml:newsroom:20241031:nNRAubezbj:0,NS:GLOROU,BKT.MC
2024-10-31 03:02:39.580,Bankinter tumbles 7% in past 3 months,urn:newsml:newsroom:20241031:nNRAubcn6q:0,NS:GLOROU,BKT.MC
2024-10-30 16:47:23.191,Bankinter (BKT: EUR7.45) offers earnings yield of 12.6%; +6c [0.8%],urn:newsml:newsroom:20241030:nNRAub73ld:0,NS:GLOSTO,BKT.MC
2024-10-30 14:52:10.813,ADR Recap: Bankinter continues to underperform Mitsubishi UFJ Financial by 15.8% in the past month,urn:newsml:newsroom:20241030:nNRAub5k0g:0,NS:GLOROU,BKT.MC
2024-10-30 11:37:04.469,Bankinter tumbles 6% in past 3 months,urn:newsml:newsroom:20241030:nNRAub2pdo:0,NS:GLOROU,BKT.MC
2024-10-30 08:08:28.028,Banco Santander's Earnings Growth Outperforms Bankinter,urn:newsml:newsroom:20241030:nNRAub00j5:0,NS:GLOSTO,BKT.MC
2024-10-30 08:08:24.711,Banco de Sabadell's Earnings Growth Outperforms Bankinter,urn:newsml:newsroom:20241030:nNRAub017d:0,NS:GLOSTO,BKT.MC
2024-10-30 07:27:16.300,Bankinter tumbles 6% in past 3 months,urn:newsml:newsroom:20241030:nNRAuazk0f:0,NS:GLOROU,BKT.MC
2024-10-30 05:13:45.955,Bankinter slashes deposit fees for its funds,urn:newsml:newsroom:20241030:nNRAuaxzi3:0,NS:NOTENG,BKT.MC
2024-10-30 03:22:46.676,Bankinter tumbles 6% in past 3 months,urn:newsml:newsroom:20241030:nNRAuax9cd:0,NS:GLOROU,BKT.MC
2024-10-29 16:47:18.057,Bankinter (BKT: EUR7.39) offers dividend yield of 4.9%; -1c [0.1%],urn:newsml:newsroom:20241029:nNRAuaru0q:0,NS:GLOSTO,BKT.MC
2024-10-29 15:52:17.212,ADR Recap: Bankinter continues to underperform UBS by 15.6% in the past month,urn:newsml:newsroom:20241029:nNRAuar3la:0,NS:GLOROU,BKT.MC
2024-10-29 14:52:23.168,Bankinter Continues to Underperform its Peers,urn:newsml:newsroom:20241029:nNRAuaqaqu:0,NS:GLOROU,BKT.MC
2024-10-29 14:07:52.844,How CaixaBank's dividend compares to Bankinter,urn:newsml:newsroom:20241029:nNRAuapp8u:0,NS:GLOSTO,BKT.MC
2024-10-29 11:07:26.768,Bankinter decreases 4% in past 3 months,urn:newsml:newsroom:20241029:nNRAuamz11:0,NS:GLOROU,BKT.MC
2024-10-29 10:07:37.641,How Banco Santander's dividend compares to Bankinter,urn:newsml:newsroom:20241029:nNRAuall0d:0,NS:GLOSTO,BKT.MC
2024-10-29 10:07:37.580,How Banco Bilbao Vizcaya Argentaria's dividend compares to Bankinter,urn:newsml:newsroom:20241029:nNRAualmq9:0,NS:GLOSTO,BKT.MC
2024-10-29 07:37:39.429,Bankinter decreases 4% in past 3 months,urn:newsml:newsroom:20241029:nNRAuajp6b:0,NS:GLOROU,BKT.MC
2024-10-29 06:08:02.622,"Short Interest in Bankinter, S.A. (OTCMKTS:BKNIY) Drops By 33.3%",urn:newsml:newsroom:20241029:nNRAuaijup:0,NS:STOOBS,BKT.MC
2024-10-29 03:02:24.468,Bankinter decreases 4% in past 3 months,urn:newsml:newsroom:20241029:nNRAuah82j:0,NS:GLOROU,BKT.MC
2024-10-29 01:22:06.435,"Bankinter, S.A. (OTCMKTS:BKNIY) Short Interest Update",urn:newsml:newsroom:20241029:nNRAuaghbj:0,NS:TRADAJ,BKT.MC
2024-10-28 21:31:42.535,Solvency is not a major issue for Bankinter,urn:newsml:newsroom:20241028:nNRAuaeysk:0,NS:GLOWEE,BKT.MC
2024-10-28 16:47:14.738,Bankinter (BKT: EUR7.40) offers dividend yield of 4.9%; +5c [0.7%],urn:newsml:newsroom:20241028:nNRAuac9kr:0,NS:GLOSTO,BKT.MC
2024-10-28 14:52:13.002,ADR Recap: Bankinter continues to underperform HSBC Holdings by 4.5% in the past month,urn:newsml:newsroom:20241028:nNRAuaarqh:0,NS:GLOROU,BKT.MC
2024-10-28 12:58:12.162,Can Bankinter rebound after recent dip?,urn:newsml:newsroom:20241028:nNRAua99iu:0,NS:GLOROU,BKT.MC
2024-10-28 12:37:08.495,"Weekly: Bankinter ADR (BKNIY: $8.0) decreases 1.8%, 39 weeks' volume in a week; -15c [1.8%] Vol Index 39.0 [1 is avg]",urn:newsml:newsroom:20241028:nNRAua8yz8:0,NS:GLOROU,BKT.MC
2024-10-28 11:38:35.413,"Weekly: Bankinter ADR (BKNIY: $8.0) decreases 1.8%, 39 weeks' volume in a week; -15c [1.8%] Vol Index 39.0 [1 is avg]",urn:newsml:newsroom:20241028:nNRAua82z8:0,NS:GLOROU,BKT.MC
2024-10-28 10:47:10.313,Solvency is not a major issue for Bankinter,urn:newsml:newsroom:20241028:nNRAua7g6h:0,NS:GLOROU,BKT.MC
2024-10-28 09:07:49.806,Banco Santander continues to outperform Bankinter by 9.6% in the past month,urn:newsml:newsroom:20241028:nNRAua6eat:0,NS:GLOSTO,BKT.MC
2024-10-28 09:07:06.787,Bankinter down in recent days,urn:newsml:newsroom:20241028:nNRAua6dwc:0,NS:GLOROU,BKT.MC
2024-10-28 06:37:10.860,"Weekly: Bankinter ADR (BKNIY: $8.0) decreases 1.8%, 39 weeks' volume in a week; -15c [1.8%] Vol Index 39.0 [1 is avg]",urn:newsml:newsroom:20241028:nNRAua4y49:0,NS:GLOROU,BKT.MC
2024-10-27 12:33:10.575,"Bankinter, S.A. (OTCMKTS:BKNIY) Short Interest Down 33.3% in October --",urn:link:webnews:20241027:nNRAu9zk3h:0,NS:MARBEA,BKT.MC
2024-10-27 12:07:40.326,"Bankinter ADR jumps 23% in 2024, outperforming 81% of the market",urn:newsml:newsroom:20241027:nNRAu9ze67:0,NS:GLOROU,BKT.MC
2024-10-27 06:07:19.662,"Bankinter ADR jumps 23% in 2024, outperforming 81% of the market",urn:newsml:newsroom:20241027:nNRAu9x3xm:0,NS:GLOROU,BKT.MC
2024-10-26 17:07:17.936,"Bankinter, S.A. (BKIMF) Q3 2024 Earnings Call Transcript",urn:newsml:newsroom:20241026:nNRAu9ueo8:0,NS:SEECOM,BKT.MC
2024-10-26 14:22:47.151,Bankinter dips 2% in past 3 months,urn:newsml:newsroom:20241026:nNRAu9t7kh:0,NS:GLOROU,BKT.MC
2024-10-26 07:12:07.672,Bankinter dips 2% in past 3 months,urn:newsml:newsroom:20241026:nNRAu9q66q:0,NS:GLOROU,BKT.MC
2024-10-26 04:32:24.419,Weekly: Bankinter (BKT: EUR7.35) drops 3.5% on average volume; -27c [3.5%],urn:newsml:newsroom:20241026:nNRAu9p3a7:0,NS:GLOWEE,BKT.MC
2024-10-26 03:17:40.357,Weekly: Bankinter ADR (BKNIY: $8.0) posts worst week in thirteen weeks,urn:newsml:newsroom:20241026:nNRAu9onz3:0,NS:GLOROU,BKT.MC
2024-10-26 03:17:17.320,"Weekly: Bankinter ADR (BKNIY: $8.0) decreases 1.8%, 39 weeks' volume in a week; -15c [1.8%] Vol Index 39.0 [1 is avg]",urn:newsml:newsroom:20241026:nNRAu9olx1:0,NS:GLOROU,BKT.MC
2024-10-26 03:07:21.656,Bankinter dips 2% in past 3 months,urn:newsml:newsroom:20241026:nNRAu9oisu:0,NS:GLOROU,BKT.MC
2024-10-25 22:17:26.006,Solvency is not a major issue for Bankinter,urn:newsml:newsroom:20241025:nNRAu9mvud:0,NS:GLOWEE,BKT.MC
2024-10-25 16:33:06.068,"(EN) BANKINTER, S.A. Quarterly Presentation (80940365)",urn:newsml:reuters.com:20241025:nGLFHfB3y:3,NS:GLFILE,BKT.MC
2024-10-25 16:27:39.842,Weekly: Bankinter (BKT: EUR7.35) drops 3.5% on average volume; -27c [3.5%],urn:newsml:newsroom:20241025:nNRAu9j1bi:0,NS:GLOWEE,BKT.MC
2024-10-25 16:22:18.633,Bankinter (BKT: EUR7.35) down 3.2% in 2 days; -24c [3.2%] Vol Index 1.3 [1 is avg],urn:newsml:newsroom:20241025:nNRAu9izxq:0,NS:GLOSTO,BKT.MC
2024-10-25 14:53:45.691,ADR Recap: Bankinter continues to outperform HDFC Bank by 28.7% year to date,urn:newsml:newsroom:20241025:nNRAu9hwzi:0,NS:GLOROU,BKT.MC
2024-10-25 13:47:25.234,Bankinter falls 7% in past 3 months,urn:newsml:newsroom:20241025:nNRAu9h4lf:0,NS:GLOROU,BKT.MC
2024-10-25 10:47:16.931,Solvency is not a major issue for Bankinter,urn:newsml:newsroom:20241025:nNRAu9e4yu:0,NS:GLOROU,BKT.MC
2024-10-25 09:42:35.023,Bankinter falls 7% in past 3 months,urn:newsml:newsroom:20241025:nNRAu9d7ad:0,NS:GLOROU,BKT.MC
2024-10-25 06:07:34.953,Bankinter SA (BKIMF) Q3 2024 Earnings Call Highlights: Strong Profit Growth Amid Interest Rate ...,urn:newsml:newsroom:20241025:nNRAu9ak9c:0,NS:GURCOM,BKT.MC
2024-10-25 05:37:51.874,Bankinter falls 7% in past 3 months,urn:newsml:newsroom:20241025:nNRAu9a9qx:0,NS:GLOROU,BKT.MC
2024-10-25 05:12:48.699,"Bankinter earns 731 million up to September, 6.8% more, despite the drop in interest rates",urn:newsml:newsroom:20241025:nNRAu9a0mh:0,NS:NOTENG,BKT.MC
2024-10-24 16:33:43.062,"(EN) BANKINTER, S.A. Interim 9M (80915337)",urn:newsml:reuters.com:20241024:nGLF7jLdPr:3,NS:GLFILE,BKT.MC
2024-10-24 16:22:19.609,Bankinter (BKT: EUR7.37) offers earnings yield of 12.8%; -22c [2.9%] Vol Index 1.8 [1 is avg],urn:newsml:newsroom:20241024:nNRAu93p5g:0,NS:GLOSTO,BKT.MC
2024-10-24 15:41:44.920,"Bankinter earns 731 million euros through September, up 6.8%.",urn:newsml:newsroom:20241024:nNRAu935gm:0,NS:CENAFT,BKT.MC
2024-10-24 15:41:43.521,The Ibex maintains its good tone with most stocks in the green... except Rovi and Bankinter,urn:newsml:newsroom:20241024:nNRAu935gk:0,NS:CENAFT,BKT.MC
2024-10-24 13:47:26.251,"Bankinter, S.A. reports Q3 results",urn:newsml:newsroom:20241024:nNRAu91ne2:0,NS:SEECOM,BKT.MC
2024-10-24 13:12:33.085,"Bankinter rises profits in the first nine months of the year, Portugal contributed 154 million",urn:newsml:newsroom:20241024:nNRAu91a69:0,NS:NOTENG,BKT.MC
2024-10-24 10:15:36.652,"Bankinter Could Appeal Extension Of Banking Tax, CEO Says",urn:newsml:reuters.com:20241024:nRSDbJftx9:1,NS:SIGDEV,BKT.MC
2024-10-24 10:01:08.000,"BRIEF-Bankinter Could Appeal Extension Of Banking Tax, CEO Says",urn:newsml:reuters.com:20241024:nS0N3G0011:1,NS:RTRS,BKT.MC
2024-10-24 09:13:09.103,"Bankinter earns 731 million, almost 7% more up to September",urn:newsml:newsroom:20241024:nNRAu8xx9c:0,NS:NOTENG,BKT.MC
2024-10-24 09:13:05.637,"Bankinter once again surpasses its profit record by earning 731 million, up 6.8%.",urn:newsml:newsroom:20241024:nNRAu8xwuc:0,NS:NOTENG,BKT.MC
2024-10-24 08:32:21.000,UPDATE 3-Bankinter's Q3 lending income squeezed by lower rates,urn:newsml:reuters.com:20241024:nL8N3M00QG:1,NS:RTRS,BKT.MC
2024-10-24 08:14:01.016,"Bankinter earns 731 million, up 6.8%, boosted by its commercial activity",urn:newsml:newsroom:20241024:nNRAu8x8xy:0,NS:NOTENG,BKT.MC
2024-10-24 08:13:38.511,Bankinter's profits up 6.8% to 731 million euros in September,urn:newsml:newsroom:20241024:nNRAu8x9xo:0,NS:NOTENG,BKT.MC
2024-10-24 08:13:09.860,"Bankinter earns 731 million up to September, up 6.8%.",urn:newsml:newsroom:20241024:nNRAu8x8wi:0,NS:NOTENG,BKT.MC
2024-10-24 07:41:29.606,"Bankinter Sees NII At Lower End Of Outlook for 2024, CFO says",urn:newsml:reuters.com:20241024:nRSD8SrRKQ:1,NS:SIGDEV,BKT.MC
2024-10-24 07:33:11.000,"BRIEF-Bankinter Sees NII At Lower End Of Outlook for 2024, CFO says",urn:newsml:reuters.com:20241024:nS0N3G0004:1,NS:RTRS,BKT.MC
2024-10-24 07:13:51.677,"Bankinter earns 731 million up to September, 7% more than a year earlier",urn:newsml:newsroom:20241024:nNRAu8wk8e:0,NS:NOTENG,BKT.MC
2024-10-24 07:00:00.000,Q3 2024 Bankinter SA Earnings Call,urn:newsml:reuters.com:20241024:nTRN1ML2bM:1,NS:TRANS,BKT.MC
2024-10-24 06:38:32.000,"Bankinter SA - Bankinter announces profit to September of 731 million euros, up 6.8%, driven by commercial activity and greater business diversification",urn:newsml:reuters.com:20241024:nNDL9pZrym:1,NS:PUBT,BKT.MC
2024-10-24 06:19:16.917,Bankinter Q3 Net Profit At 258 Mln Euros,urn:newsml:reuters.com:20241024:nRSD3Mr2SQ:1,NS:SIGDEV,BKT.MC
2024-10-24 06:08:09.000,BRIEF-Bankinter Q3 Net Profit At 258 Mln Euros,urn:newsml:reuters.com:20241024:nFWN3LZ1O0:1,NS:RTRS,BKT.MC
2024-10-24 06:06:13.000,Spain's Bankinter Q3 net profit falls 3% from same period in 2023,urn:newsml:reuters.com:20241024:nL8N3LZ2PB:2,NS:RTRS,BKT.MC
2024-10-24 06:00:00.000,Q3 2024 Bankinter SA Earnings Call - Final,urn:newsml:newsroom:20241113:nNRAugcohj:0,NS:FDFAIR,BKT.MC
2024-10-24 06:00:00.000,Q3 2024 Bankinter SA Earnings Call - Final,urn:newsml:newsroom:20241031:nNRAubngd6:0,NS:FDFAIR,BKT.MC
2024-10-23 17:07:30.000,LIVE MARKETS-Spanish banks Q3 earnings season ready to kick off,urn:newsml:reuters.com:20241023:nL1N3LZ12D:2,NS:RTRS,BKT.MC
2024-10-23 16:22:19.171,Bankinter (BKT: EUR7.59) offers dividend yield of 4.8%; +8c [1.1%],urn:newsml:newsroom:20241023:nNRAu8p21x:0,NS:GLOSTO,BKT.MC
2024-10-23 14:52:10.524,ADR Recap: Bankinter continues to outperform Mitsubishi UFJ Financial by 5.8% year to date,urn:newsml:newsroom:20241023:nNRAu8ntb7:0,NS:GLOROU,BKT.MC
2024-10-23 12:47:19.172,Wednesday's Preview: Can Bankinter continue its recent gains?,urn:newsml:newsroom:20241023:nNRAu8lrgw:0,NS:GLOROU,BKT.MC
2024-10-23 11:17:24.554,Bankinter falls 6% in past 3 months,urn:newsml:newsroom:20241023:nNRAu8kfrb:0,NS:GLOROU,BKT.MC
2024-10-23 07:27:10.424,Bankinter falls 6% in past 3 months,urn:newsml:newsroom:20241023:nNRAu8ho2v:0,NS:GLOROU,BKT.MC
2024-10-23 03:18:05.524,Bankinter falls 6% in past 3 months,urn:newsml:newsroom:20241023:nNRAu8fhrl:0,NS:GLOROU,BKT.MC
2024-10-22 16:22:22.385,Bankinter (BKT: EUR7.51) strengthens above moving average price; +6c [0.8%],urn:newsml:newsroom:20241022:nNRAu89i27:0,NS:GLOSTO,BKT.MC
2024-10-22 15:52:15.445,ADR Recap: Bankinter continues to outperform UBS by 19.3% year to date,urn:newsml:newsroom:20241022:nNRAu8927g:0,NS:GLOROU,BKT.MC
2024-10-22 14:52:28.029,Bankinter Continues to Underperform its Peers,urn:newsml:newsroom:20241022:nNRAu888si:0,NS:GLOROU,BKT.MC
2024-10-22 11:27:21.847,Bankinter tumbles 7% in past 3 months,urn:newsml:newsroom:20241022:nNRAu856di:0,NS:GLOROU,BKT.MC
2024-10-22 10:08:01.805,How CaixaBank's dividend compares to Bankinter,urn:newsml:newsroom:20241022:nNRAu8490n:0,NS:GLOSTO,BKT.MC
2024-10-22 09:08:15.795,How Banco Bilbao Vizcaya Argentaria's dividend compares to Bankinter,urn:newsml:newsroom:20241022:nNRAu83iei:0,NS:GLOSTO,BKT.MC
2024-10-22 07:37:19.271,Bankinter tumbles 7% in past 3 months,urn:newsml:newsroom:20241022:nNRAu82aow:0,NS:GLOROU,BKT.MC
2024-10-22 03:17:44.341,Bankinter tumbles 7% in past 3 months,urn:newsml:newsroom:20241022:nNRAu804yf:0,NS:GLOROU,BKT.MC
2024-10-21 21:26:47.849,Solvency is not a major issue for Bankinter,urn:newsml:newsroom:20241021:nNRAu7y6v5:0,NS:GLOWEE,BKT.MC
2024-10-21 16:17:19.216,"Bankinter (BKT: EUR7.45) falls in 4 out of last 5 days, 5-day fall of 2.6%; -17c [2.2%]",urn:newsml:newsroom:20241021:nNRAu7uyk4:0,NS:GLOSTO,BKT.MC
2024-10-21 14:52:02.455,ADR Recap: Bankinter continues to outperform HSBC Holdings by 4.9% year to date,urn:newsml:newsroom:20241021:nNRAu7tv3d:0,NS:GLOROU,BKT.MC
2024-10-21 12:58:48.142,Can Bankinter rebound after recent dip?,urn:newsml:newsroom:20241021:nNRAu7ssaf:0,NS:GLOROU,BKT.MC
2024-10-21 10:49:05.912,Solvency is not a major issue for Bankinter,urn:newsml:newsroom:20241021:nNRAu7qytu:0,NS:GLOROU,BKT.MC
2024-10-21 06:54:16.000,BUZZ-Barclays cuts Caixabank and Bankinter on rate sensitivity,urn:newsml:reuters.com:20241021:nL8N3LX09V:1,NS:RTRS,BKT.MC
2024-10-19 14:22:45.482,Bankinter tumbles 9% in past 3 months,urn:newsml:newsroom:20241019:nNRAu7cxty:0,NS:GLOROU,BKT.MC
2024-10-19 07:47:08.134,Bankinter tumbles 9% in past 3 months,urn:newsml:newsroom:20241019:nNRAu7a4nt:0,NS:GLOROU,BKT.MC
2024-10-19 04:32:16.692,Weekly: Bankinter (BKT: EUR7.62) shares post best week in seven weeks; +9c [1.2%],urn:newsml:newsroom:20241019:nNRAu78qpe:0,NS:GLOWEE,BKT.MC
2024-10-19 03:42:32.276,Bankinter tumbles 9% in past 3 months,urn:newsml:newsroom:20241019:nNRAu78cf8:0,NS:GLOROU,BKT.MC
2024-10-18 22:17:19.803,Solvency is not a major issue for Bankinter,urn:newsml:newsroom:20241018:nNRAu76mm7:0,NS:GLOWEE,BKT.MC
2024-10-18 16:27:38.067,Weekly: Bankinter (BKT: EUR7.62) shares post best week in seven weeks; +9c [1.2%],urn:newsml:newsroom:20241018:nNRAu7349v:0,NS:GLOWEE,BKT.MC
2024-10-18 16:22:19.368,Bankinter (BKT: EUR7.62) offers earnings yield of 12.3%; +10c [1.3%],urn:newsml:newsroom:20241018:nNRAu72zwn:0,NS:GLOSTO,BKT.MC
2024-10-18 14:52:25.182,ADR Recap: Bankinter continues to underperform HDFC Bank by 3.6% in the past three months,urn:newsml:newsroom:20241018:nNRAu71vq7:0,NS:GLOROU,BKT.MC
2024-10-18 11:42:21.200,Bankinter dips 2% in past 3 months,urn:newsml:newsroom:20241018:nNRAu6ynw9:0,NS:GLOROU,BKT.MC
2024-10-18 11:37:19.535,Bankinter dips 2% in past 3 months,urn:newsml:newsroom:20241018:nNRAu6ylu3:0,NS:GLOROU,BKT.MC
2024-10-18 10:46:40.328,Solvency is not a major issue for Bankinter,urn:newsml:newsroom:20241018:nNRAu6xxhm:0,NS:GLOROU,BKT.MC
2024-10-18 08:52:54.799,Bankinter dips 2% in past 3 months,urn:newsml:newsroom:20241018:nNRAu6w7ue:0,NS:GLOROU,BKT.MC
2024-10-18 08:52:45.241,Bankinter dips 2% in past 3 months,urn:newsml:newsroom:20241018:nNRAu6w8ir:0,NS:GLOROU,BKT.MC
2024-10-18 03:37:50.487,Bankinter dips 2% in past 3 months,urn:newsml:newsroom:20241018:nNRAu6tdls:0,NS:GLOROU,BKT.MC
2024-10-18 03:37:39.431,Bankinter dips 2% in past 3 months,urn:newsml:newsroom:20241018:nNRAu6tcea:0,NS:GLOROU,BKT.MC
2024-10-17 16:22:18.610,Bankinter (BKT: EUR7.52) offers dividend yield of 4.8%; -4c [0.5%],urn:newsml:newsroom:20241017:nNRAu6nlkb:0,NS:GLOSTO,BKT.MC
2024-10-17 14:52:09.954,ADR Recap: Bankinter continues to outperform Mitsubishi UFJ Financial by 1.7% in the past three months,urn:newsml:newsroom:20241017:nNRAu6mbr3:0,NS:GLOROU,BKT.MC
2024-10-17 12:47:21.972,Can Bankinter continue its gains?,urn:newsml:newsroom:20241017:nNRAu6k8r2:0,NS:GLOROU,BKT.MC
2024-10-17 12:02:23.436,Bankinter decreases 4% in past 3 months,urn:newsml:newsroom:20241017:nNRAu6ji98:0,NS:GLOROU,BKT.MC
2024-10-17 08:02:21.997,Bankinter decreases 4% in past 3 months,urn:newsml:newsroom:20241017:nNRAu6gr2u:0,NS:GLOROU,BKT.MC
2024-10-17 04:03:05.388,Bankinter decreases 4% in past 3 months,urn:newsml:newsroom:20241017:nNRAu6dylh:0,NS:GLOROU,BKT.MC
2024-10-17 04:02:23.814,Bankinter decreases 4% in past 3 months,urn:newsml:newsroom:20241017:nNRAu6dx0y:0,NS:GLOROU,BKT.MC
2024-10-16 16:22:22.713,Bankinter (BKT: EUR7.56) decreases on slipping relative strength; -7c [0.9%],urn:newsml:newsroom:20241016:nNRAu68bfa:0,NS:GLOSTO,BKT.MC
2024-10-16 14:52:23.837,ADR Recap: Bankinter continues to underperform UBS by 8.1% in the past three months,urn:newsml:newsroom:20241016:nNRAu675dc:0,NS:GLOROU,BKT.MC
2024-10-16 12:42:28.945,Bankinter dips 0.5% in past 3 months,urn:newsml:newsroom:20241016:nNRAu65edt:0,NS:GLOROU,BKT.MC
2024-10-16 11:28:15.292,"Short Interest in Bankinter, S.A. (OTCMKTS:BKIMF) Declines By 10.4% --",urn:link:webnews:20241016:nNRAu646o3:0,NS:WKRNEW,BKT.MC
2024-10-16 09:34:54.679,"(EN) BANKINTER, S.A. Full Year Disclosure Document (80843115)",urn:newsml:reuters.com:20241016:nGLF5jHF8Q:3,NS:GLFILE,BKT.MC
2024-10-16 09:18:43.932,"(EN) BANKINTER, S.A. Full Year Disclosure Document (80843120)",urn:newsml:reuters.com:20241016:nGLF3p587c:3,NS:GLFILE,BKT.MC
2024-10-16 08:42:31.793,Bankinter dips 0.5% in past 3 months,urn:newsml:newsroom:20241016:nNRAu62goh:0,NS:GLOROU,BKT.MC
2024-10-16 08:08:10.005,Banco de Sabadell's Earnings Growth Outperforms Bankinter,urn:newsml:newsroom:20241016:nNRAu62372:0,NS:GLOSTO,BKT.MC
2024-10-16 04:37:10.418,Bankinter dips 0.5% in past 3 months,urn:newsml:newsroom:20241016:nNRAu5zv4e:0,NS:GLOROU,BKT.MC
2024-10-15 16:22:22.227,Bankinter (BKT: EUR7.63) offers dividend yield of 4.8%; -2c [0.3%],urn:newsml:newsroom:20241015:nNRAu5t2ej:0,NS:GLOSTO,BKT.MC
2024-10-15 14:52:15.833,ADR Recap: Bankinter continues to underperform HSBC Holdings by 2.0% in the past three months,urn:newsml:newsroom:20241015:nNRAu5rsib:0,NS:GLOROU,BKT.MC
2024-10-15 11:12:34.087,Bankinter strengthens 0.5% in past 3 months,urn:newsml:newsroom:20241015:nNRAu5o6gq:0,NS:GLOROU,BKT.MC
2024-10-15 10:07:40.791,How CaixaBank's dividend compares to Bankinter,urn:newsml:newsroom:20241015:nNRAu5ndu4:0,NS:GLOSTO,BKT.MC
2024-10-15 09:08:15.042,How Banco Bilbao Vizcaya Argentaria's dividend compares to Bankinter,urn:newsml:newsroom:20241015:nNRAu5mo31:0,NS:GLOSTO,BKT.MC
2024-10-15 07:47:22.998,Bankinter strengthens 0.5% in past 3 months,urn:newsml:newsroom:20241015:nNRAu5lnnl:0,NS:GLOROU,BKT.MC
2024-10-15 03:07:24.716,Bankinter strengthens 0.5% in past 3 months,urn:newsml:newsroom:20241015:nNRAu5im7n:0,NS:GLOROU,BKT.MC
2024-10-14 17:31:47.654,Interim Report (Half Year) Analysis H1 2024: Bankinter reports 13% rise in Half-Yearly Net Profit Corporate Wire Date: 14 October 2024 17:49 CEST R...,urn:newsml:newsroom:20241014:nNRAu5exfb:0,NS:GLOUPF,BKT.MC
2024-10-14 16:22:19.403,Bankinter (BKT: EUR7.65) offers earnings yield of 12.3%; +12c [1.6%],urn:newsml:newsroom:20241014:nNRAu5dzce:0,NS:GLOSTO,BKT.MC
2024-10-14 15:52:00.743,"Interim Report (Half Year) Analysis H1 2024: Bankinter reports 13% rise in Half-Yearly Net Profit Tuesday October 15, 2024 17:49 CEST",urn:newsml:newsroom:20241014:nNRAu5dnag:0,NS:NEWWIR,BKT.MC
2024-10-14 10:52:07.120,Solvency is not a major issue for Bankinter,urn:newsml:newsroom:20241014:nNRAu59l4r:0,NS:GLOROU,BKT.MC
2024-10-14 06:22:22.412,"Bankinter Compendium - A Snapshot as of October 11, 2024",urn:newsml:newsroom:20241014:nNRAu56r0t:0,NS:GLOSTO,BKT.MC
2024-10-14 06:22:19.081,"Weekly: Bankinter (BKT: EUR7.53) falls for a second consecutive week, a two-week fall of 5%; -40c [5.0%]",urn:newsml:newsroom:20241014:nNRAu56rd5:0,NS:GLOSTO,BKT.MC
2024-10-13 02:41:37.227,Change Indra for Enagás and other investment advice from Bankinter's experts,urn:newsml:newsroom:20241013:nNRAu4z25d:0,NS:CENAFT,BKT.MC
2024-10-12 04:27:16.032,"Weekly: Bankinter (BKT: EUR7.53) falls for a second consecutive week, a two-week fall of 5%; -17c [2.2%]",urn:newsml:newsroom:20241012:nNRAu4snj2:0,NS:GLOWEE,BKT.MC
2024-10-11 16:22:20.826,"Weekly: Bankinter (BKT: EUR7.53) falls for a second consecutive week, a two-week fall of 5%; -17c [2.2%]",urn:newsml:newsroom:20241011:nNRAu4nclq:0,NS:GLOWEE,BKT.MC
2024-10-11 16:22:19.781,Bankinter (BKT: EUR7.53) offers dividend yield of 4.8%; -2c [0.3%],urn:newsml:newsroom:20241011:nNRAu4ncld:0,NS:GLOSTO,BKT.MC
2024-10-11 16:22:17.976,"Weekly: Bankinter (BKT: EUR7.53) falls for a second consecutive week, a two-week fall of 5%; -40c [5.0%]",urn:newsml:newsroom:20241011:nNRAu4nc0l:0,NS:GLOSTO,BKT.MC
2024-10-10 16:22:24.119,Bankinter (BKT: EUR7.55) in top 1% performers of IBEX 35 Index; +6c [0.8%],urn:newsml:newsroom:20241010:nNRAu48hyq:0,NS:GLOSTO,BKT.MC
2024-10-09 16:22:13.909,"Bankinter (BKT: EUR7.49) in bottom 1% performers of IBEX 35 Index, hits 56-day low; -9c [1.2%]",urn:newsml:newsroom:20241009:nNRAu3tydo:0,NS:GLOSTO,BKT.MC
2024-10-09 12:42:20.987,Bankinter strengthens 0.1% in past 3 months,urn:newsml:newsroom:20241009:nNRAu3qww7:0,NS:GLOROU,BKT.MC
2024-10-09 10:07:48.256,Banco Santander's Earnings Growth Outperforms Bankinter,urn:newsml:newsroom:20241009:nNRAu3ou0e:0,NS:GLOSTO,BKT.MC
2024-10-09 08:42:53.452,Bankinter strengthens 0.1% in past 3 months,urn:newsml:newsroom:20241009:nNRAu3nx8b:0,NS:GLOROU,BKT.MC
2024-10-09 08:09:18.738,Banco de Sabadell's Earnings Growth Outperforms Bankinter,urn:newsml:newsroom:20241009:nNRAu3nl6f:0,NS:GLOSTO,BKT.MC
2024-10-09 04:37:15.348,Bankinter strengthens 0.1% in past 3 months,urn:newsml:newsroom:20241009:nNRAu3lod3:0,NS:GLOROU,BKT.MC
2024-10-08 16:22:14.314,Bankinter (BKT: EUR7.58) offers earnings yield of 12.4%; -12c [1.6%],urn:newsml:newsroom:20241008:nNRAu3g17m:0,NS:GLOSTO,BKT.MC
2024-10-08 14:52:16.876,ADR Recap: Bankinter continues to underperform HSBC Holdings by 5.6% in the past month,urn:newsml:newsroom:20241008:nNRAu3euc6:0,NS:GLOROU,BKT.MC
2024-10-08 11:37:23.759,Bankinter adds 6% in past 3 months,urn:newsml:newsroom:20241008:nNRAu3bzxi:0,NS:GLOROU,BKT.MC
2024-10-08 10:08:07.039,How CaixaBank's dividend compares to Bankinter,urn:newsml:newsroom:20241008:nNRAu3b0m8:0,NS:GLOSTO,BKT.MC
2024-10-08 09:08:17.227,How Banco Bilbao Vizcaya Argentaria's dividend compares to Bankinter,urn:newsml:newsroom:20241008:nNRAu39w6x:0,NS:GLOSTO,BKT.MC
2024-10-08 07:42:39.764,Bankinter adds 6% in past 3 months,urn:newsml:newsroom:20241008:nNRAu38zd4:0,NS:GLOROU,BKT.MC
2024-10-08 04:13:18.365,"Atom, Bankinter's hotel socimi, reactivates divestments and puts its sixth asset up for sale",urn:newsml:newsroom:20241008:nNRAu371gr:0,NS:NOTENG,BKT.MC
2024-10-08 03:27:30.055,Bankinter adds 6% in past 3 months,urn:newsml:newsroom:20241008:nNRAu36lij:0,NS:GLOROU,BKT.MC
2024-10-07 14:43:45.264,Monthly: Bankinter (BKT: EUR7.93) falls on weak volume in September 2024,urn:newsml:newsroom:20241007:nNRAu3003l:0,NS:GLOSTP,BKT.MC
2024-10-07 14:14:01.901,"Ortiz (Bankinter): ""My experience is that more consolidation does not mean less competition"".",urn:newsml:newsroom:20241007:nNRAu2zmq0:0,NS:NOTENG,BKT.MC
2024-10-06 10:11:05.318,Markets head into the quarter with moderate gains and attentive to geopolitical risks,urn:newsml:newsroom:20241006:nNRAu2nsf6:0,NS:NOTENG,BKT.MC
2024-10-05 04:27:38.312,Weekly: Bankinter (BKT: EUR7.70) drops 2.9% on thin volume; -23c [2.9%],urn:newsml:newsroom:20241005:nNRAu2eymi:0,NS:GLOWEE,BKT.MC
2024-10-04 16:39:42.184,Bankinter (BKT.MC) is trading 0.37 percent higher on Friday 4th of October and has a trading volume of EUR 11.1 mn,urn:newsml:newsroom:20241004:nNRAu29k0t:0,NS:STOCKP,BKT.MC
2024-10-04 16:22:49.748,Weekly: Bankinter (BKT: EUR7.70) drops 2.9% on thin volume; -23c [2.9%],urn:newsml:newsroom:20241004:nNRAu298px:0,NS:GLOWEE,BKT.MC
2024-10-04 16:22:16.471,Bankinter (BKT: EUR7.70) offers dividend yield of 4.7%; +11c [1.4%],urn:newsml:newsroom:20241004:nNRAu29897:0,NS:GLOSTO,BKT.MC
2024-10-04 06:27:23.000,Spanish stocks - Factors to watch on Oct 4,urn:newsml:reuters.com:20241004:nL8N3LG03T:1,NS:RTRS,BKT.MC
2024-10-03 23:15:30.212,Bankinter is trading 0.19 percent higher with a volume of EUR 12.7 mn on Friday 4th of October,urn:newsml:newsroom:20241003:nNRAu1xkhv:0,NS:STOCKP,BKT.MC
2024-10-03 16:22:17.286,Bankinter (BKT: EUR7.59) in 2nd consecutive rise; +4c [0.5%],urn:newsml:newsroom:20241003:nNRAu1u69a:0,NS:GLOSTO,BKT.MC
2024-10-02 16:17:49.253,Bankinter (BKT: EUR7.56) offers earnings yield of 12.4%; +1c [0.1%],urn:newsml:newsroom:20241002:nNRAu1gte0:0,NS:GLOSTO,BKT.MC
2024-10-02 14:55:36.198,ADR Recap: Bankinter continues to outperform HSBC Holdings by 9.0% year to date,urn:newsml:newsroom:20241002:nNRAu1fla1:0,NS:GLOROU,BKT.MC
2024-10-02 12:37:11.907,Bankinter strengthens 1.0% in past 3 months,urn:newsml:newsroom:20241002:nNRAu1ddiq:0,NS:GLOROU,BKT.MC
2024-10-02 08:37:44.759,Bankinter strengthens 1.0% in past 3 months,urn:newsml:newsroom:20241002:nNRAu1a3ci:0,NS:GLOROU,BKT.MC
2024-10-02 04:41:16.774,Bankinter strengthens 1.0% in past 3 months,urn:newsml:newsroom:20241002:nNRAu17iaz:0,NS:GLOROU,BKT.MC
2024-10-01 16:22:16.093,Bankinter (BKT: EUR7.55) drops to two-month low on firm volume; -38c [4.8%] Vol Index 1.2 [1 is avg],urn:newsml:newsroom:20241001:nNRAu0zxhf:0,NS:GLOSTO,BKT.MC
2024-10-01 10:07:50.249,How CaixaBank's dividend compares to Bankinter,urn:newsml:newsroom:20241001:nNRAu0udx2:0,NS:GLOSTO,BKT.MC
2024-10-01 06:19:47.490,Monthly: Bankinter (BKT: EUR7.93) decreases on weak volume in September 2024,urn:newsml:newsroom:20241001:nNRAu0rbjn:0,NS:GLOSTO,BKT.MC
2024-09-30 16:27:42.419,Monthly: Bankinter (BKT: EUR7.93) falls on weak volume in September 2024,urn:newsml:newsroom:20240930:nNRAu0ijux:0,NS:GLOSTP,BKT.MC
2024-09-28 18:31:30.916,"Short Interest in Bankinter, S.A. (OTCMKTS:BKIMF) Drops By 18.6% --",urn:link:webnews:20240928:nNRAtzxek2:0,NS:ETFDAI,BKT.MC
2024-09-28 04:27:45.767,Weekly: Bankinter (BKT: EUR7.93) increases 0.5% on weak volume; +4c [0.5%],urn:newsml:newsroom:20240928:nNRAtzoocc:0,NS:GLOWEE,BKT.MC
2024-09-28 04:00:31.472,"Bankinter, S.A. (OTCMKTS:BKNIY) Short Interest Up 600.0% in September",urn:newsml:newsroom:20240928:nNRAtzohg9:0,NS:COMFIN,BKT.MC
2024-09-27 16:23:03.514,Weekly: Bankinter (BKT: EUR7.93) increases 0.5% on weak volume; +4c [0.5%],urn:newsml:newsroom:20240927:nNRAtzho1j:0,NS:GLOWEE,BKT.MC
2024-09-27 16:22:15.964,Bankinter (BKT: EUR7.93) falls 2.6% on slipping relative strength; -21c [2.6%],urn:newsml:newsroom:20240927:nNRAtzhok6:0,NS:GLOSTO,BKT.MC
2024-09-27 05:01:11.891,Bankinter (BKT.MC) is trading 0.88 percent higher on Friday 27th of September and has a trading volume of EUR 14.6 mn,urn:newsml:newsroom:20240927:nNRAtz7i0u:0,NS:STOCKP,BKT.MC
2024-09-26 16:31:01.630,"Bankinter (BKT: EUR8.14) offers earnings yield of 11.6%, hits 63-day high; +15c [1.9%]",urn:newsml:newsroom:20240926:nNRAtyzy7l:0,NS:GLOSTO,BKT.MC
2024-09-26 14:59:28.811,ADR Recap: Bankinter continues to outperform HDFC Bank by 38.5% year to date,urn:newsml:newsroom:20240926:nNRAtyys4b:0,NS:GLOROU,BKT.MC
2024-09-26 14:17:21.000,Bankinter International Notes SARL - Interim Report,urn:newsml:reuters.com:20240926:nNDL6FBpSP:1,NS:PUBT,BKT.MC
2024-09-26 11:52:07.271,Bankinter lifts 11% in past 3 months,urn:newsml:newsroom:20240926:nNRAtyviso:0,NS:GLOROU,BKT.MC
2024-09-26 07:52:00.783,Bankinter lifts 11% in past 3 months,urn:newsml:newsroom:20240926:nNRAtyrtev:0,NS:GLOROU,BKT.MC
2024-09-26 06:18:43.203,"Bankinter Compendium - A Snapshot as of September 25, 2024",urn:newsml:newsroom:20240926:nNRAtyqk3y:0,NS:GLOSTO,BKT.MC
2024-09-26 03:47:25.462,Bankinter lifts 11% in past 3 months,urn:newsml:newsroom:20240926:nNRAtyowqh:0,NS:GLOROU,BKT.MC
2024-09-25 16:22:18.881,Bankinter (BKT: EUR7.99) strengthens above moving average price; +7c [0.9%],urn:newsml:newsroom:20240925:nNRAtyho8e:0,NS:GLOSTO,BKT.MC
2024-09-25 14:51:39.069,ADR Recap: Bankinter continues to outperform Mitsubishi UFJ Financial by 14.7% year to date,urn:newsml:newsroom:20240925:nNRAtyg4t8:0,NS:GLOROU,BKT.MC
2024-09-25 11:42:16.020,Bankinter gains 9% in past 3 months,urn:newsml:newsroom:20240925:nNRAtyd54a:0,NS:GLOROU,BKT.MC
2024-09-25 07:42:13.483,Bankinter gains 9% in past 3 months,urn:newsml:newsroom:20240925:nNRAty9u15:0,NS:GLOROU,BKT.MC
2024-09-25 03:42:50.625,Bankinter gains 9% in past 3 months,urn:newsml:newsroom:20240925:nNRAty75r6:0,NS:GLOROU,BKT.MC
2024-09-24 18:41:22.860,With a trading volume of EUR 17 mn BKT.MC trades 0.74 percent higher today,urn:newsml:newsroom:20240924:nNRAty2gf8:0,NS:STOCKP,BKT.MC
2024-09-24 16:25:10.502,Bankinter (BKT: EUR7.92) offers dividend yield of 6.2%; -3c [0.4%],urn:newsml:newsroom:20240924:nNRAty0oqj:0,NS:GLOSTO,BKT.MC
2024-09-24 15:52:17.641,ADR Recap: Bankinter continues to outperform UBS by 31.9% year to date,urn:newsml:newsroom:20240924:nNRAty02qg:0,NS:GLOROU,BKT.MC
2024-09-24 14:52:09.382,Bankinter Continues to Underperform its Peers,urn:newsml:newsroom:20240924:nNRAtxz4hv:0,NS:GLOROU,BKT.MC
2024-09-24 11:47:34.657,Bankinter strengthens 4% in past 3 months,urn:newsml:newsroom:20240924:nNRAtxvyd4:0,NS:GLOROU,BKT.MC
2024-09-24 10:07:40.702,How CaixaBank's dividend compares to Bankinter,urn:newsml:newsroom:20240924:nNRAtxusdc:0,NS:GLOSTO,BKT.MC
2024-09-24 07:47:34.554,Bankinter strengthens 4% in past 3 months,urn:newsml:newsroom:20240924:nNRAtxsobe:0,NS:GLOROU,BKT.MC
2024-09-23 16:22:31.403,Bankinter (BKT: EUR7.95) rises on increasing volatility; +6c [0.8%],urn:newsml:newsroom:20240923:nNRAtxj53t:0,NS:GLOSTO,BKT.MC
2024-09-23 14:52:14.921,ADR Recap: Bankinter continues to outperform HSBC Holdings by 19.3% year to date,urn:newsml:newsroom:20240923:nNRAtxi0cs:0,NS:GLOROU,BKT.MC
2024-09-23 12:37:10.999,Weekly: Bankinter ADR (BKNIY: $8.99) increases 0.9% on low volume; +8c [0.9%],urn:newsml:newsroom:20240923:nNRAtxg6dq:0,NS:GLOROU,BKT.MC
2024-09-23 11:37:56.929,Weekly: Bankinter ADR (BKNIY: $8.99) increases 0.9% on low volume; +8c [0.9%],urn:newsml:newsroom:20240923:nNRAtxf48c:0,NS:GLOROU,BKT.MC
2024-09-23 10:37:05.473,Weekly: Bankinter ADR (BKNIY: $8.99) increases 0.9% on low volume; +8c [0.9%],urn:newsml:newsroom:20240923:nNRAtxe8ec:0,NS:GLOROU,BKT.MC
2024-09-23 09:46:10.940,On Monday 23rd of September Bankinter trades -0.73 percent lower,urn:newsml:newsroom:20240923:nNRAtxdruh:0,NS:STOCKP,BKT.MC
2024-09-23 06:37:07.549,Weekly: Bankinter ADR (BKNIY: $8.99) increases 0.9% on low volume; +8c [0.9%],urn:newsml:newsroom:20240923:nNRAtxbyai:0,NS:GLOROU,BKT.MC
2024-09-23 00:00:00.000,Bankinter strengthens 4% in past 3 months,urn:newsml:newsroom:20240924:nNRAtxpkvh:0,NS:GLOROU,BKT.MC
2024-09-22 18:37:17.115,Bankinter adds 6% in past quarter,urn:newsml:newsroom:20240922:nNRAtx89uy:0,NS:GLOROU,BKT.MC
2024-09-22 14:37:17.843,Bankinter adds 6% in past quarter,urn:newsml:newsroom:20240922:nNRAtx77lh:0,NS:GLOROU,BKT.MC
2024-09-21 17:55:08.010,Bankinter (OTCMKTS:BKNIY) Stock Crosses Above 200-Day Moving Average of $8.15 --,urn:link:webnews:20240921:nNRAtx1vs6:0,NS:ETFDAI,BKT.MC
2024-09-21 04:27:13.268,Weekly: Bankinter (BKT: EUR7.89) decreases 0.8% on below average volume; -6c [0.8%],urn:newsml:newsroom:20240921:nNRAtww055:0,NS:GLOWEE,BKT.MC
2024-09-20 23:05:41.580,Bankinter (OTCMKTS:BKIMF) Trading Up 9.2% --,urn:link:webnews:20240920:nNRAtwtxli:0,NS:ETFDAI,BKT.MC
2024-09-20 16:22:32.898,Weekly: Bankinter (BKT: EUR7.89) decreases 0.8% on below average volume; -6c [0.8%],urn:newsml:newsroom:20240920:nNRAtwptnw:0,NS:GLOWEE,BKT.MC
2024-09-20 16:22:13.413,Bankinter (BKT: EUR7.89) offers earnings yield of 11.9%; -6c [0.8%] Vol Index 1.7 [1 is avg],urn:newsml:newsroom:20240920:nNRAtwprv5:0,NS:GLOSTO,BKT.MC
2024-09-20 14:52:29.327,ADR Recap: Bankinter continues to underperform Mitsubishi UFJ Financial by 1.2% in the past three months,urn:newsml:newsroom:20240920:nNRAtwojv2:0,NS:GLOROU,BKT.MC
2024-09-20 11:54:57.378,With a trading volume of EUR 11.1 mn BKT.MC trades 0.74 percent higher today,urn:newsml:newsroom:20240920:nNRAtwly15:0,NS:STOCKP,BKT.MC
2024-09-20 11:42:15.232,Bankinter strengthens 4% in past quarter,urn:newsml:newsroom:20240920:nNRAtwlmog:0,NS:GLOROU,BKT.MC
2024-09-20 08:32:37.000,Bankinter strengthens 4% in past quarter,urn:newsml:newsroom:20240920:nNRAtwje7i:0,NS:GLOROU,BKT.MC
2024-09-20 06:59:09.622,Bankinter (OTCMKTS:BKNIY) Stock Price Passes Above 200-Day Moving Average of $8.15 --,urn:link:webnews:20240920:nNRAtwi955:0,NS:MARBEA,BKT.MC
2024-09-20 00:00:00.000,Weekly: Bankinter ADR (BKNIY: $8.99) increases 0.9% on low volume; +8c [0.9%],urn:newsml:newsroom:20240922:nNRAtx61ac:0,NS:GLOROU,BKT.MC
2024-09-20 00:00:00.000,Bankinter adds 6% in past quarter,urn:newsml:newsroom:20240922:nNRAtx5zqf:0,NS:GLOROU,BKT.MC
2024-09-20 00:00:00.000,Bankinter adds 6% in past quarter,urn:newsml:newsroom:20240922:nNRAtx5wmc:0,NS:GLOROU,BKT.MC
2024-09-19 16:22:21.587,Bankinter (BKT: EUR7.95) strengthens above moving average price; +6c [0.8%],urn:newsml:newsroom:20240919:nNRAtwaije:0,NS:GLOSTO,BKT.MC
2024-09-19 13:16:55.389,With a trading volume of EUR 10.8 mn BKT.MC trades 0 percent unchanged today,urn:newsml:newsroom:20240919:nNRAtw7xqn:0,NS:STOCKP,BKT.MC
2024-09-19 00:00:00.000,Bankinter strengthens 4% in past quarter,urn:newsml:newsroom:20240920:nNRAtwgnqn:0,NS:GLOROU,BKT.MC
2024-09-18 09:47:42.582,With a trading volume of EUR 20.3 mn BKT.MC trades -0.53 percent lower today,urn:newsml:newsroom:20240918:nNRAtvqia4:0,NS:STOCKP,BKT.MC
2024-09-17 16:17:20.816,Bankinter (BKT: EUR7.89) decreases; -4c [0.5%],urn:newsml:newsroom:20240917:nNRAtvhaih:0,NS:GLOSTO,BKT.MC
2024-09-17 14:52:09.680,ADR Recap: Bankinter continues to outperform UBS by 10.2% in the past three months,urn:newsml:newsroom:20240917:nNRAtvg7pj:0,NS:GLOROU,BKT.MC
2024-09-17 14:41:30.474,Bankinter's top 10 global stocks for designing a winning stock market portfolio,urn:newsml:newsroom:20240917:nNRAtvg05f:0,NS:CENAFT,BKT.MC
2024-09-17 11:32:11.984,"Monday September 16, 2024 Bankinter ADR Compendium - A Snapshot as of September 16",urn:newsml:newsroom:20240917:nNRAtvdja3:0,NS:GLOROU,BKT.MC
2024-09-17 07:27:05.348,"Monday September 16, 2024 Bankinter ADR Compendium - A Snapshot as of September 16",urn:newsml:newsroom:20240917:nNRAtvb5jc:0,NS:GLOROU,BKT.MC
2024-09-16 16:17:12.017,Bankinter (BKT: EUR7.93) offers earnings yield of 11.8%; -2c [0.3%],urn:newsml:newsroom:20240916:nNRAtv2zde:0,NS:GLOSTO,BKT.MC
2024-09-16 15:52:07.310,ADR Recap: Bankinter continues to outperform HSBC Holdings by 8.9% in the past three months,urn:newsml:newsroom:20240916:nNRAtv2ohz:0,NS:GLOROU,BKT.MC
2024-09-16 14:52:07.708,Bankinter Continues to Outperform its Peers,urn:newsml:newsroom:20240916:nNRAtv1ux9:0,NS:GLOROU,BKT.MC
2024-09-16 12:46:57.256,Bankinter is trading -0.9 percent lower with a volume of EUR 10.6 mn on Monday 16th of September,urn:newsml:newsroom:20240916:nNRAtv06n2:0,NS:STOCKP,BKT.MC
2024-09-16 10:08:08.387,How CaixaBank's dividend compares to Bankinter,urn:newsml:newsroom:20240916:nNRAtuy956:0,NS:GLOSTO,BKT.MC
2024-09-16 00:00:00.000,"Monday September 16, 2024 Bankinter ADR Compendium - A Snapshot as of September 16",urn:newsml:newsroom:20240917:nNRAtv921p:0,NS:GLOROU,BKT.MC
2024-09-15 12:07:30.589,"Bankinter ADR jumps 37% in 2024, beating 91% of the market",urn:newsml:newsroom:20240915:nNRAturt0x:0,NS:GLOROU,BKT.MC
2024-09-15 06:07:20.203,"Bankinter ADR jumps 37% in 2024, beating 91% of the market",urn:newsml:newsroom:20240915:nNRAtupu01:0,NS:GLOROU,BKT.MC
2024-09-14 15:32:35.735,"Friday September 13, 2024 What Happened Today to the Bankinter ADR",urn:newsml:newsroom:20240914:nNRAtums7f:0,NS:GLOROU,BKT.MC
2024-09-14 08:12:21.887,"Friday September 13, 2024 What Happened Today to the Bankinter ADR",urn:newsml:newsroom:20240914:nNRAtujrtw:0,NS:GLOROU,BKT.MC
2024-09-14 04:21:54.049,Weekly: Bankinter (BKT: EUR7.95) increases on weak volume; +2c [0.3%],urn:newsml:newsroom:20240914:nNRAtuiboe:0,NS:GLOWEE,BKT.MC
2024-09-13 22:08:28.780,Bankinter is trading 0.93 percent higher with a volume of EUR 22.2 mn on Friday 13th of September,urn:newsml:newsroom:20240913:nNRAtufscy:0,NS:STOCKP,BKT.MC
2024-09-13 17:47:07.338,"German trading: Bankinter (BAKA: EUR7.97) decreases, 2 days' volume in a day; -4c [0.5%] Vol Index 1.6 [1 is avg]",urn:newsml:newsroom:20240913:nNRAtuddwz:0,NS:GERCOM,BKT.MC
2024-09-13 16:22:37.930,Weekly: Bankinter (BKT: EUR7.95) increases on weak volume; +2c [0.3%],urn:newsml:newsroom:20240913:nNRAtuc6mb:0,NS:GLOWEE,BKT.MC
2024-09-13 16:17:26.643,Bankinter (BKT: EUR7.95) offers dividend yield of 6.2%; -7c [0.9%],urn:newsml:newsroom:20240913:nNRAtuc1ko:0,NS:GLOSTO,BKT.MC
2024-09-13 00:00:00.000,"Bankinter ADR jumps 37% in 2024, beating 91% of the market",urn:newsml:newsroom:20240914:nNRAtui9v0:0,NS:GLOROU,BKT.MC
2024-09-13 00:00:00.000,"Friday September 13, 2024 What Happened Today to the Bankinter ADR",urn:newsml:newsroom:20240914:nNRAtui4wt:0,NS:GLOROU,BKT.MC
2024-09-12 16:17:17.219,Bankinter (BKT: EUR8.02) in 2nd consecutive rise; +10c [1.3%],urn:newsml:newsroom:20240912:nNRAttvwa5:0,NS:GLOSTO,BKT.MC
2024-09-12 14:13:40.422,Bankinter launches an alternative fund in global real estate assets,urn:newsml:newsroom:20240912:nNRAtttrc1:0,NS:NOTENG,BKT.MC
2024-09-12 11:32:23.422,"Wednesday September 11, 2024 All You Need to Know About the Bankinter ADR Today",urn:newsml:newsroom:20240912:nNRAttrd5o:0,NS:GLOROU,BKT.MC
2024-09-12 10:00:50.269,On Thursday 12th of September Bankinter trades 0.38 percent higher,urn:newsml:newsroom:20240912:nNRAttqama:0,NS:STOCKP,BKT.MC
2024-09-12 07:32:19.874,"Wednesday September 11, 2024 All You Need to Know About the Bankinter ADR Today",urn:newsml:newsroom:20240912:nNRAttotfb:0,NS:GLOROU,BKT.MC
2024-09-11 20:15:22.903,Bankinter is trading -0.5 percent lower with a volume of EUR 0 on Wednesday 11th of September,urn:newsml:newsroom:20240911:nNRAttj13k:0,NS:STOCKP,BKT.MC
2024-09-11 16:17:42.106,Bankinter (BKT: EUR7.95) strengthens above moving average price; +3c [0.4%],urn:newsml:newsroom:20240911:nNRAttg9l9:0,NS:GLOSTO,BKT.MC
2024-09-11 11:32:46.241,"Tuesday September 10, 2024 What Happened Today to the Bankinter ADR",urn:newsml:newsroom:20240911:nNRAttcgtq:0,NS:GLOROU,BKT.MC
2024-09-11 07:27:12.820,"Tuesday September 10, 2024 What Happened Today to the Bankinter ADR",urn:newsml:newsroom:20240911:nNRAtt9hrt:0,NS:GLOROU,BKT.MC
2024-09-11 00:00:00.000,"Wednesday September 11, 2024 All You Need to Know About the Bankinter ADR Today",urn:newsml:newsroom:20240912:nNRAttmqgr:0,NS:GLOROU,BKT.MC
2024-09-10 16:17:15.228,Bankinter (BKT: EUR7.92) offers earnings yield of 11.9%; -4c [0.5%],urn:newsml:newsroom:20240910:nNRAtt1cuu:0,NS:GLOSTO,BKT.MC
2024-09-10 11:32:14.698,"Monday September 09, 2024 Bankinter ADR Compendium - A Snapshot as of September 09",urn:newsml:newsroom:20240910:nNRAtsxfig:0,NS:GLOROU,BKT.MC
2024-09-10 07:37:18.802,"Monday September 09, 2024 Bankinter ADR Compendium - A Snapshot as of September 09",urn:newsml:newsroom:20240910:nNRAtsuwj6:0,NS:GLOROU,BKT.MC
2024-09-10 00:00:00.000,"Tuesday September 10, 2024 What Happened Today to the Bankinter ADR",urn:newsml:newsroom:20240911:nNRAtt78za:0,NS:GLOROU,BKT.MC
2024-09-09 16:17:13.510,Bankinter (BKT: EUR7.96) offers dividend yield of 6.2%; +3c [0.4%],urn:newsml:newsroom:20240909:nNRAtsm2wc:0,NS:GLOSTO,BKT.MC
2024-09-09 00:00:00.000,"Monday September 09, 2024 Bankinter ADR Compendium - A Snapshot as of September 09",urn:newsml:newsroom:20240910:nNRAtssblh:0,NS:GLOROU,BKT.MC
2024-09-07 04:57:02.217,Weekly: Bankinter (BKT: EUR7.93) decreases 0.9% on weak volume; -7c [0.9%],urn:newsml:newsroom:20240907:nNRAts016w:0,NS:GLOWEE,BKT.MC
2024-09-06 17:12:38.000,Issuers embark on senior funding spree,urn:newsml:reuters.com:20240906:nIfp34xTg9:1,NS:IFR,BKT.MC
2024-09-06 14:20:56.000,CORRECTED-UPDATE 4-Jean Paul Gaultier owner Puig reports 26% drop in profit on IPO costs,urn:newsml:reuters.com:20240906:nL8N3KO08B:2,NS:RTRS,BKT.MC
2024-09-06 00:00:00.000,Weekly: Bankinter (BKT: EUR7.93) decreases 0.9% on weak volume; -7c [0.9%],urn:newsml:newsroom:20240907:nNRAts011b:0,NS:GLOWEE,BKT.MC
2024-09-06 00:00:00.000,Bankinter (BKT: EUR7.93) offers dividend yield of 6.2%; -10c [1.2%],urn:newsml:newsroom:20240907:nNRAtrzzli:0,NS:GLOSTO,BKT.MC
2024-09-05 16:17:20.478,Bankinter (BKT: EUR8.03) lifts 1.3% strengthening above moving average price; +10c [1.3%],urn:newsml:newsroom:20240905:nNRAtrg3m2:0,NS:GLOSTO,BKT.MC
2024-09-04 16:17:30.147,Bankinter (BKT: EUR7.93) offers earnings yield of 11.8%; -13c [1.6%],urn:newsml:newsroom:20240904:nNRAtqswhn:0,NS:GLOSTO,BKT.MC
2024-09-03 16:42:03.000,AT1 market catches fire,urn:newsml:reuters.com:20240903:nIfp2t5FHP:1,NS:IFR,BKT.MC
2024-09-03 14:43:13.490,"Monthly: Bankinter (BKT: EUR8.0) up 1% in August, highest gainer amongst Banks company",urn:newsml:newsroom:20240903:nNRAtq9j1o:0,NS:GLOSTP,BKT.MC
2024-09-03 06:47:11.045,Bankinter (OTCMKTS:BKNIY) & Green Organic Dutchman (OTCMKTS:TGODF) Critical Analysis,urn:newsml:newsroom:20240903:nNRAtq313m:0,NS:DAILYQ,BKT.MC
2024-09-03 06:45:34.949,Comparing Bankinter (OTCMKTS:BKNIY) and Green Organic Dutchman (OTCMKTS:TGODF) --,urn:link:webnews:20240903:nNRAtq300p:0,NS:WKRNEW,BKT.MC
2024-09-02 16:16:53.161,"Bankinter (BKT: EUR8.06) offers dividend yield of 6.1%, hits 39-day high; +6c [0.8%]",urn:newsml:newsroom:20240902:nNRAtpwnps:0,NS:GLOSTO,BKT.MC
2024-09-02 06:38:29.728,"Monthly: Bankinter (BKT: EUR8.0) up 1% in August, highest gainer amongst Banks company",urn:newsml:newsroom:20240902:nNRAtpqff1:0,NS:GLOSTO,BKT.MC
2024-09-01 05:47:29.879,Critical Analysis: Green Organic Dutchman (OTCMKTS:TGODF) and Bankinter (OTCMKTS:BKNIY),urn:newsml:newsroom:20240901:nNRAtpirw1:0,NS:ZOLCOM,BKT.MC
2024-08-31 04:29:03.035,"Weekly: Bankinter (BKT: EUR8.0) rises for a fourth consecutive week, a four-week rise of 11%; +10c [1.3%]",urn:newsml:newsroom:20240831:nNRAtpb7fz:0,NS:GLOWEE,BKT.MC
2024-08-30 16:22:26.552,"Weekly: Bankinter (BKT: EUR8.0) rises for a fourth consecutive week, a four-week rise of 11%; +10c [1.3%]",urn:newsml:newsroom:20240830:nNRAtp5r70:0,NS:GLOWEE,BKT.MC
2024-08-30 16:22:10.596,"Monthly: Bankinter (BKT: EUR8.0) up 1% in August, highest gainer amongst Banks company",urn:newsml:newsroom:20240830:nNRAtp5pjo:0,NS:GLOSTP,BKT.MC
2024-08-30 16:17:10.263,"Bankinter (BKT: EUR8.0) rises in 4 out of last 5 days, 5-day rise of 1.3%; +5c [0.6%]",urn:newsml:newsroom:20240830:nNRAtp5nnz:0,NS:GLOSTO,BKT.MC
2024-08-30 05:17:32.035,Bankinter (OTCMKTS:BKNIY) versus Green Organic Dutchman (OTCMKTS:TGODF) Critical Survey,urn:newsml:newsroom:20240830:nNRAtoxweg:0,NS:TICREP,BKT.MC
2024-08-29 16:17:02.317,Bankinter (BKT: EUR7.95) decreases on slipping relative strength; -7c [0.9%],urn:newsml:newsroom:20240829:nNRAtosl4z:0,NS:GLOSTO,BKT.MC
2024-08-29 11:32:22.593,"Wednesday August 28, 2024 All You Need to Know About the Bankinter ADR Today",urn:newsml:newsroom:20240829:nNRAtop5s7:0,NS:GLOROU,BKT.MC
2024-08-29 07:32:05.273,"Wednesday August 28, 2024 All You Need to Know About the Bankinter ADR Today",urn:newsml:newsroom:20240829:nNRAtomj7a:0,NS:GLOROU,BKT.MC
2024-08-28 16:22:14.484,"Bankinter (BKT: EUR8.02) offers earnings yield of 11.7%, hits 30-day high; +1c [0.1%]",urn:newsml:newsroom:20240828:nNRAtoes4i:0,NS:GLOSTO,BKT.MC
2024-08-28 12:17:32.343,"Tuesday August 27, 2024 What Happened Today to the Bankinter ADR",urn:newsml:newsroom:20240828:nNRAtobf9a:0,NS:GLOROU,BKT.MC
2024-08-28 08:17:12.262,"Tuesday August 27, 2024 What Happened Today to the Bankinter ADR",urn:newsml:newsroom:20240828:nNRAto8e73:0,NS:GLOROU,BKT.MC
2024-08-28 00:45:08.396,Bankinter (OTCMKTS:BKNIY) Reaches New 12-Month High at $9.25 --,urn:link:webnews:20240828:nNRAto46wz:0,NS:MARBEA,BKT.MC
2024-08-28 00:00:00.000,"Wednesday August 28, 2024 All You Need to Know About the Bankinter ADR Today",urn:newsml:newsroom:20240829:nNRAtok2oo:0,NS:GLOROU,BKT.MC
2024-08-27 16:17:19.694,"Bankinter (BKT: EUR8.01) offers dividend yield of 6.1%, hits 27-day high; +10c [1.3%]",urn:newsml:newsroom:20240827:nNRAtnzmxg:0,NS:GLOSTO,BKT.MC
2024-08-27 14:07:17.558,Banco Santander's Earnings Growth Outperforms Bankinter,urn:newsml:newsroom:20240827:nNRAtny2c1:0,NS:GLOSTO,BKT.MC
2024-08-27 00:00:00.000,"Tuesday August 27, 2024 What Happened Today to the Bankinter ADR",urn:newsml:newsroom:20240828:nNRAto5rho:0,NS:GLOROU,BKT.MC
2024-08-26 16:17:21.527,Bankinter (BKT: EUR7.91) in 2nd consecutive rise; +6c [0.8%],urn:newsml:newsroom:20240826:nNRAtnl6ze:0,NS:GLOSTO,BKT.MC
2024-08-25 12:07:19.278,Bankinter ADR jumps 38% in 2024,urn:newsml:newsroom:20240825:nNRAtn9eax:0,NS:GLOROU,BKT.MC
2024-08-25 06:07:11.847,Bankinter ADR jumps 38% in 2024,urn:newsml:newsroom:20240825:nNRAtn7c1t:0,NS:GLOROU,BKT.MC
2024-08-24 15:22:22.732,"Friday August 23, 2024 What Happened Today to the Bankinter ADR",urn:newsml:newsroom:20240824:nNRAtn4h60:0,NS:GLOROU,BKT.MC
2024-08-24 08:32:02.400,"Friday August 23, 2024 What Happened Today to the Bankinter ADR",urn:newsml:newsroom:20240824:nNRAtn2bda:0,NS:GLOROU,BKT.MC
2024-08-24 04:21:51.045,Weekly: Bankinter (BKT: EUR7.90) lifts 3.0%; +23c [3.0%],urn:newsml:newsroom:20240824:nNRAtn0s23:0,NS:GLOWEE,BKT.MC
2024-08-23 16:22:22.485,Weekly: Bankinter (BKT: EUR7.90) lifts 3.0%; +23c [3.0%],urn:newsml:newsroom:20240823:nNRAtmuxp2:0,NS:GLOWEE,BKT.MC
2024-08-23 16:17:17.015,"Bankinter (BKT: EUR7.90) rises in 4 out of last 5 days, 5-day rise of 3.0%; +5c [0.6%]",urn:newsml:newsroom:20240823:nNRAtmuu6l:0,NS:GLOSTO,BKT.MC
2024-08-23 00:00:00.000,Bankinter ADR jumps 38% in 2024,urn:newsml:newsroom:20240824:nNRAtn0wux:0,NS:GLOROU,BKT.MC
2024-08-23 00:00:00.000,"Friday August 23, 2024 What Happened Today to the Bankinter ADR",urn:newsml:newsroom:20240824:nNRAtn0tnc:0,NS:GLOROU,BKT.MC
2024-08-21 16:17:15.079,Bankinter (BKT: EUR7.85) offers dividend yield of 6.3%; +3c [0.4%],urn:newsml:newsroom:20240821:nNRAtm1r28:0,NS:GLOSTO,BKT.MC
2024-08-21 11:42:27.056,"Tuesday August 20, 2024 What Happened Today to the Bankinter ADR",urn:newsml:newsroom:20240821:nNRAtly2eg:0,NS:GLOROU,BKT.MC
2024-08-21 07:42:38.683,"Tuesday August 20, 2024 What Happened Today to the Bankinter ADR",urn:newsml:newsroom:20240821:nNRAtlveg0:0,NS:GLOROU,BKT.MC
2024-08-21 05:13:05.204,"Santander leads the decline in customer spreads, while only Sabadell and Bankinter grow",urn:newsml:newsroom:20240821:nNRAtltzou:0,NS:NOTENG,BKT.MC
2024-08-20 16:17:15.436,"Bankinter (BKT: EUR7.82) keeps rising, up 7.4% in 7 days; +54c [7.4%]",urn:newsml:newsroom:20240820:nNRAtlnnyq:0,NS:GLOSTO,BKT.MC
2024-08-20 11:36:56.548,"Monday August 19, 2024 Bankinter ADR Compendium - A Snapshot as of August 19",urn:newsml:newsroom:20240820:nNRAtljk45:0,NS:GLOROU,BKT.MC
2024-08-20 08:29:31.863,Bankinter (OTCMKTS:BKNIY) Stock Price Passes Above 200-Day Moving Average of $7.72,urn:newsml:newsroom:20240820:nNRAtlhhss:0,NS:ZOLCOM,BKT.MC
2024-08-20 07:37:22.828,"Monday August 19, 2024 Bankinter ADR Compendium - A Snapshot as of August 19",urn:newsml:newsroom:20240820:nNRAtlh0t7:0,NS:GLOROU,BKT.MC
2024-08-20 00:00:00.000,"Tuesday August 20, 2024 What Happened Today to the Bankinter ADR",urn:newsml:newsroom:20240821:nNRAtltd33:0,NS:GLOROU,BKT.MC
2024-08-19 00:00:00.000,"Bankinter (BKT: EUR7.81) keeps rising, up 7.3% in 6 days; +53c [7.3%]",urn:newsml:newsroom:20240820:nNRAtlegxj:0,NS:GLOSTO,BKT.MC
2024-08-19 00:00:00.000,"Monday August 19, 2024 Bankinter ADR Compendium - A Snapshot as of August 19",urn:newsml:newsroom:20240820:nNRAtlegsh:0,NS:GLOROU,BKT.MC
2024-08-17 04:27:57.694,Weekly: Bankinter (BKT: EUR7.67) in top 3% performers of IBEX 35 Index in past week; +39c [5.4%],urn:newsml:newsroom:20240817:nNRAtkobrr:0,NS:GLOWEE,BKT.MC
2024-08-16 16:22:17.603,Weekly: Bankinter (BKT: EUR7.67) in top 3% performers of IBEX 35 Index in past week; +39c [5.4%],urn:newsml:newsroom:20240816:nNRAtkih17:0,NS:GLOWEE,BKT.MC
2024-08-16 16:17:17.195,Bankinter (BKT: EUR7.67) offers earnings yield of 12.3%; +5c [0.7%],urn:newsml:newsroom:20240816:nNRAtkif6z:0,NS:GLOSTO,BKT.MC
2024-08-16 11:37:26.550,"Thursday August 15, 2024 Bankinter ADR Compendium - A Snapshot as of August 15",urn:newsml:newsroom:20240816:nNRAtkeo1b:0,NS:GLOROU,BKT.MC
2024-08-16 07:53:42.741,"Thursday August 15, 2024 Bankinter ADR Compendium - A Snapshot as of August 15",urn:newsml:newsroom:20240816:nNRAtkc2tf:0,NS:GLOROU,BKT.MC
2024-08-16 05:13:45.548,"Jaime Botín, the banker who denied that more scale means more profitability and won at Santander",urn:newsml:newsroom:20240816:nNRAtkaieq:0,NS:NOTENG,BKT.MC
2024-08-15 16:17:09.143,Bankinter (BKT: EUR7.62) offers dividend yield of 6.5%; +20c [2.7%],urn:newsml:newsroom:20240815:nNRAtk4r3y:0,NS:GLOSTO,BKT.MC
2024-08-15 15:12:40.784,Former Chairman and founder of Bankinter Jaime Botín dies,urn:newsml:newsroom:20240815:nNRAtk41wb:0,NS:NOTENG,BKT.MC
2024-08-15 00:00:00.000,"Thursday August 15, 2024 Bankinter ADR Compendium - A Snapshot as of August 15",urn:newsml:newsroom:20240816:nNRAtk9x4j:0,NS:GLOROU,BKT.MC
2024-08-14 16:18:46.299,Bankinter (BKT: EUR7.42) in 3rd consecutive rise; +14c [1.9%],urn:newsml:newsroom:20240814:nNRAtjr26m:0,NS:GLOSTO,BKT.MC
2024-08-14 11:17:45.396,"Tuesday August 13, 2024 What Happened Today to the Bankinter ADR",urn:newsml:newsroom:20240814:nNRAtjmlao:0,NS:GLOROU,BKT.MC
2024-08-14 08:14:21.727,"Tuesday August 13, 2024 What Happened Today to the Bankinter ADR",urn:newsml:newsroom:20240814:nNRAtjk7cm:0,NS:GLOROU,BKT.MC
2024-08-13 20:02:10.008,"Bankinter, S.A. (OTCMKTS:BKIMF) Short Interest Update --",urn:link:webnews:20240813:nNRAtjebe8:0,NS:WKRNEW,BKT.MC
2024-08-13 16:17:21.700,Bankinter (BKT: EUR7.35) in 2nd consecutive rise; +7c [1.0%],urn:newsml:newsroom:20240813:nNRAtjbtws:0,NS:GLOSTO,BKT.MC
2024-08-13 14:09:54.514,"Bankinter, S.A. (OTCMKTS:BKNIY) Short Interest Up 257.1% in July",urn:newsml:newsroom:20240813:nNRAtja916:0,NS:WATNEW,BKT.MC
2024-08-13 11:32:05.753,"Monday August 12, 2024 Bankinter ADR Compendium - A Snapshot as of August 12",urn:newsml:newsroom:20240813:nNRAtj87x2:0,NS:GLOROU,BKT.MC
2024-08-13 07:47:22.697,"Monday August 12, 2024 Bankinter ADR Compendium - A Snapshot as of August 12",urn:newsml:newsroom:20240813:nNRAtj60aa:0,NS:GLOROU,BKT.MC
2024-08-13 04:19:00.108,"Bankinter, S.A. (OTCMKTS:BKNIY) Sees Significant Growth in Short Interest --",urn:link:webnews:20240813:nNRAtj3xni:0,NS:MARBEA,BKT.MC
2024-08-13 00:00:00.000,"Tuesday August 13, 2024 What Happened Today to the Bankinter ADR",urn:newsml:newsroom:20240814:nNRAtjhp0z:0,NS:GLOROU,BKT.MC
2024-08-12 16:17:17.348,Bankinter (BKT: EUR7.29) offers earnings yield of 12.9%; +1c [0.1%],urn:newsml:newsroom:20240812:nNRAtixk3a:0,NS:GLOSTO,BKT.MC
2024-08-12 10:37:51.861,"Monthly: Bankinter ADR (BKNIY: $8.65) surges 6%, beating 93% of ADRs",urn:newsml:newsroom:20240812:nNRAtiskqy:0,NS:GLOROU,BKT.MC
2024-08-12 00:00:00.000,"Monday August 12, 2024 Bankinter ADR Compendium - A Snapshot as of August 12",urn:newsml:newsroom:20240813:nNRAtj3mxy:0,NS:GLOROU,BKT.MC
2024-08-11 13:26:50.836,Bankinter (OTCMKTS:BKNIY) Stock Price Crosses Above Two Hundred Day Moving Average of $7.64,urn:newsml:newsroom:20240811:nNRAtim38e:0,NS:ZOLCOM,BKT.MC
2024-08-11 12:07:15.754,"Bankinter ADR climbs 20% in 2024, outperforming 85% of the market",urn:newsml:newsroom:20240811:nNRAtils01:0,NS:GLOROU,BKT.MC
2024-08-10 16:08:41.681,"Friday August 09, 2024 What Happened Today to the Bankinter ADR",urn:newsml:newsroom:20240810:nNRAtig2ti:0,NS:GLOROU,BKT.MC
2024-08-10 15:16:25.770,Bankinter (OTCMKTS:BKNIY) Stock Crosses Above 200-Day Moving Average of $7.64 --,urn:link:webnews:20240810:nNRAtifh5f:0,NS:ETFDAI,BKT.MC
2024-08-10 08:47:43.490,"Friday August 09, 2024 What Happened Today to the Bankinter ADR",urn:newsml:newsroom:20240810:nNRAticd42:0,NS:GLOROU,BKT.MC
2024-08-10 04:27:46.682,Weekly: Bankinter (BKT: EUR7.28) increases 1.0% on thin volume; +7c [1.0%],urn:newsml:newsroom:20240810:nNRAtia2uf:0,NS:GLOWEE,BKT.MC
2024-08-09 16:44:44.817,Weekly: Bankinter (BKT: EUR7.28) increases 1.0% on thin volume; +7c [1.0%],urn:newsml:newsroom:20240809:nNRAti34dt:0,NS:GLOWEE,BKT.MC
2024-08-09 16:40:46.499,Bankinter (BKT: EUR7.28) offers dividend yield of 6.8%; -1c [0.1%],urn:newsml:newsroom:20240809:nNRAti2yp4:0,NS:GLOSTO,BKT.MC
2024-08-09 00:00:00.000,"Bankinter ADR climbs 20% in 2024, outperforming 85% of the market",urn:newsml:newsroom:20240810:nNRAtialyo:0,NS:GLOROU,BKT.MC
2024-08-08 16:17:22.361,Bankinter (BKT: EUR7.29) up 2.5% in 2 days; +18c [2.5%],urn:newsml:newsroom:20240808:nNRAthm0sv:0,NS:GLOSTO,BKT.MC
2024-08-07 16:17:49.825,Bankinter (BKT: EUR7.27) climbs 2.3% strengthening above moving average price; +16c [2.3%],urn:newsml:newsroom:20240807:nNRAth78ky:0,NS:GLOSTO,BKT.MC
2024-08-06 14:41:30.345,"Bankinter's International Corporate Business reaches 10,000 million in assets under management",urn:newsml:newsroom:20240806:nNRAtgqn85:0,NS:CENAFT,BKT.MC
2024-08-06 14:07:17.122,Banco Santander's Earnings Growth Outperforms Bankinter,urn:newsml:newsroom:20240806:nNRAtgq7jh:0,NS:GLOSTO,BKT.MC
2024-08-06 12:11:45.459,Bankinter's international corporate banking business sets a record with 10 billion in assets under management,urn:newsml:newsroom:20240806:nNRAtgorc9:0,NS:NOTENG,BKT.MC
2024-08-05 20:43:14.145,"Monthly: Bankinter ADR (BKNIY: $8.65) surges 6%, beating 93% of ADRs",urn:newsml:newsroom:20240805:nNRAtgg6rk:0,NS:GLOROU,BKT.MC
2024-08-05 16:17:19.470,Bankinter (BKT: EUR7.11) offers dividend yield of 6.9%; -10c [1.4%] Vol Index 1.3 [1 is avg],urn:newsml:newsroom:20240805:nNRAtgd4z1:0,NS:GLOSTO,BKT.MC
2024-08-05 14:43:45.994,"Monthly: Bankinter (BKT: EUR7.89) climbs 3%, beating 91% of stocks",urn:newsml:newsroom:20240805:nNRAtgbv4g:0,NS:GLOSTP,BKT.MC
2024-08-03 20:41:49.978,Bankinter (OTCMKTS:BKNIY) Shares Cross Above 200-Day Moving Average of $7.57,urn:newsml:newsroom:20240803:nNRAtfx3i3:0,NS:TRADAJ,BKT.MC
2024-08-03 04:22:00.651,Weekly: Bankinter (BKT: EUR7.21) tumbles 11% on below average volume; -86c [10.7%],urn:newsml:newsroom:20240803:nNRAtfrxmh:0,NS:GLOWEE,BKT.MC
2024-08-02 16:22:36.352,Weekly: Bankinter (BKT: EUR7.21) tumbles 11% on below average volume; -86c [10.7%],urn:newsml:newsroom:20240802:nNRAtfml6p:0,NS:GLOWEE,BKT.MC
2024-08-02 16:17:18.340,"Bankinter (BKT: EUR7.21) continues significant downtrend, tumbles 5.5%; -42c [5.5%]",urn:newsml:newsroom:20240802:nNRAtfmjmr:0,NS:GLOSTO,BKT.MC
2024-08-02 08:57:43.173,"Thursday August 01, 2024 Bankinter ADR Compendium - A Snapshot as of August 01",urn:newsml:newsroom:20240802:nNRAtfgwof:0,NS:GLOROU,BKT.MC
2024-08-02 08:07:20.274,Bankinter (OTCMKTS:BKNIY) Stock Price Crosses Above 200-Day Moving Average of $7.57,urn:newsml:newsroom:20240802:nNRAtfgdp5:0,NS:TICREP,BKT.MC
2024-08-02 08:06:45.960,Bankinter (OTCMKTS:BKNIY) Shares Pass Above 200-Day Moving Average of $7.57 --,urn:link:webnews:20240802:nNRAtfge12:0,NS:ETFDAI,BKT.MC
2024-08-02 04:57:16.649,"Thursday August 01, 2024 Bankinter ADR Compendium - A Snapshot as of August 01",urn:newsml:newsroom:20240802:nNRAtfeghw:0,NS:GLOROU,BKT.MC
2024-08-01 16:17:19.897,"Bankinter (BKT: EUR7.63) accelerates decline, down 3.9% in 2 days; -31c [3.9%]",urn:newsml:newsroom:20240801:nNRAtf7c9k:0,NS:GLOSTO,BKT.MC
2024-08-01 10:38:00.853,"Monthly: Bankinter ADR (BKNIY: $8.65) climbs 6%, beating 93% of ADRs",urn:newsml:newsroom:20240801:nNRAtf2ccd:0,NS:GLOROU,BKT.MC
2024-08-01 09:02:29.397,"Wednesday July 31, 2024 All You Need to Know About the Bankinter ADR Today",urn:newsml:newsroom:20240801:nNRAtf1dj9:0,NS:GLOROU,BKT.MC
2024-08-01 06:38:41.769,"Monthly: Bankinter ADR (BKNIY: $8.65) climbs 6%, beating 93% of ADRs",urn:newsml:newsroom:20240801:nNRAtezu00:0,NS:GLOROU,BKT.MC
2024-08-01 06:23:31.751,"Monthly: Bankinter (BKT: EUR7.89) lifts 3%, beating 91% of stocks",urn:newsml:newsroom:20240801:nNRAtezig7:0,NS:GLOSTO,BKT.MC
2024-08-01 05:02:06.506,"Wednesday July 31, 2024 All You Need to Know About the Bankinter ADR Today",urn:newsml:newsroom:20240801:nNRAteyhlg:0,NS:GLOROU,BKT.MC
2024-08-01 00:00:00.000,"Thursday August 01, 2024 Bankinter ADR Compendium - A Snapshot as of August 01",urn:newsml:newsroom:20240802:nNRAtfco09:0,NS:GLOROU,BKT.MC
2024-07-31 13:51:52.318,"(EN) BANKINTER, S.A. Interim H1 (80007340)",urn:newsml:reuters.com:20240731:nGLF697QlG:8,NS:GLFILE,BKT.MC
2024-07-30 20:43:36.809,"(EN) BANKINTER, S.A. Social /Corporate Responsibility (79993460)",urn:newsml:reuters.com:20240730:nGLF8qZlLM:5,NS:GLFILE,BKT.MC
2024-07-29 16:17:16.265,Bankinter (BKT: EUR7.96) offers dividend yield of 6.2%; -11c [1.4%],urn:newsml:newsroom:20240729:nNRAtdx3eh:0,NS:GLOSTO,BKT.MC
2024-07-29 06:02:26.747,"Bankinter, S.A. (OTCMKTS:BKIMF) Sees Large Growth in Short Interest",urn:newsml:newsroom:20240729:nNRAtdpi1i:0,NS:MARDAJ,BKT.MC
2024-07-27 13:06:47.805,"Bankinter, S.A. (OTCMKTS:BKIMF) Short Interest Up 79.5% in July",urn:newsml:newsroom:20240727:nNRAtdfcls:0,NS:TRADAJ,BKT.MC
2024-07-27 04:21:54.309,Weekly: Bankinter (BKT: EUR8.07) in bottom 2% performers of IBEX 35 Index in past week; -22c [2.7%],urn:newsml:newsroom:20240727:nNRAtdcce1:0,NS:GLOWEE,BKT.MC
2024-07-26 16:22:27.273,Weekly: Bankinter (BKT: EUR8.07) in bottom 2% performers of IBEX 35 Index in past week; -22c [2.7%],urn:newsml:newsroom:20240726:nNRAtd6rk6:0,NS:GLOWEE,BKT.MC
2024-07-26 16:17:17.583,Bankinter (BKT: EUR8.07) increases; +1c [0.1%],urn:newsml:newsroom:20240726:nNRAtd6pdn:0,NS:GLOSTO,BKT.MC
2024-07-26 09:03:31.004,"Short Interest in Bankinter, S.A. (OTCMKTS:BKNIY) Rises By 250.0%",urn:newsml:newsroom:20240726:nNRAtd0l2w:0,NS:AMEBAN,BKT.MC
2024-07-26 09:02:40.930,"Thursday July 25, 2024 Bankinter ADR Compendium - A Snapshot as of July 25",urn:newsml:newsroom:20240726:nNRAtd0lrm:0,NS:GLOROU,BKT.MC
2024-07-26 05:02:31.614,"Thursday July 25, 2024 Bankinter ADR Compendium - A Snapshot as of July 25",urn:newsml:newsroom:20240726:nNRAtcy8dg:0,NS:GLOROU,BKT.MC
2024-07-25 16:17:22.081,Bankinter (BKT: EUR8.06) down 2.5% in 2 days; -21c [2.5%],urn:newsml:newsroom:20240725:nNRAtcrobz:0,NS:GLOSTO,BKT.MC
2024-07-25 09:02:26.822,"Wednesday July 24, 2024 All You Need to Know About the Bankinter ADR Today",urn:newsml:newsroom:20240725:nNRAtcllu1:0,NS:GLOROU,BKT.MC
2024-07-25 05:02:20.194,"Wednesday July 24, 2024 All You Need to Know About the Bankinter ADR Today",urn:newsml:newsroom:20240725:nNRAtcj266:0,NS:GLOROU,BKT.MC
2024-07-25 00:00:00.000,"Thursday July 25, 2024 Bankinter ADR Compendium - A Snapshot as of July 25",urn:newsml:newsroom:20240726:nNRAtcw8z0:0,NS:GLOROU,BKT.MC
2024-07-24 16:17:18.530,Bankinter (BKT: EUR8.23) offers earnings yield of 11.4%; -4c [0.5%],urn:newsml:newsroom:20240724:nNRAtcd62q:0,NS:GLOSTO,BKT.MC
2024-07-24 00:00:00.000,"Wednesday July 24, 2024 All You Need to Know About the Bankinter ADR Today",urn:newsml:newsroom:20240725:nNRAtchc83:0,NS:GLOROU,BKT.MC
2024-07-23 16:17:09.708,Bankinter (BKT: EUR8.27) offers dividend yield of 6%; +2c [0.2%],urn:newsml:newsroom:20240723:nNRAtbywas:0,NS:GLOSTO,BKT.MC
2024-07-23 16:08:09.000,"Spanish banks, unions agree on 11% wage increase over three years",urn:newsml:reuters.com:20240723:nL8N3JF2D1:4,NS:RTRS,BKT.MC
2024-07-22 20:14:05.788,Bankinter Announces Net Profit for H1,urn:newsml:reuters.com:20240722:nNRAtbners:1,NS:DATMTR,BKT.MC
2024-07-22 16:17:06.290,Bankinter (BKT: EUR8.25) falls 0.6% from 14-day high; -4c [0.5%] Vol Index 1.7 [1 is avg],urn:newsml:newsroom:20240722:nNRAtbl2pf:0,NS:GLOSTO,BKT.MC
2024-07-22 12:37:00.897,Weekly: Bankinter ADR (BKNIY: $8.81) climbs 4.4%; +36.77c [4.4%],urn:newsml:newsroom:20240722:nNRAtbhv32:0,NS:GLOROU,BKT.MC
2024-07-22 11:37:05.025,Weekly: Bankinter ADR (BKNIY: $8.81) climbs 4.4%; +36.77c [4.4%],urn:newsml:newsroom:20240722:nNRAtbgw3e:0,NS:GLOROU,BKT.MC
2024-07-22 10:37:06.916,Weekly: Bankinter ADR (BKNIY: $8.81) climbs 4.4%; +36.77c [4.4%],urn:newsml:newsroom:20240722:nNRAtbgf1u:0,NS:GLOROU,BKT.MC
2024-07-22 06:37:04.978,Weekly: Bankinter ADR (BKNIY: $8.81) climbs 4.4%; +36.77c [4.4%],urn:newsml:newsroom:20240722:nNRAtbec5h:0,NS:GLOROU,BKT.MC
2024-07-22 06:17:44.285,Weekly: Bankinter (BKT: EUR8.29) in top 1% performers of IBEX 35 Index in past week; +59c [7.7%],urn:newsml:newsroom:20240722:nNRAtbe8zt:0,NS:GLOSTO,BKT.MC
2024-07-22 05:00:00.000,PREVIEW-European banks' earnings in spotlight after big share price gains,urn:newsml:reuters.com:20240722:nL8N3J80HE:1,NS:RTRS,BKT.MC
2024-07-21 12:22:12.102,Bankinter (OTCMKTS:BKNIY) Shares Pass Above 200 Day Moving Average of $7.43,urn:newsml:newsroom:20240721:nNRAtb9jt0:0,NS:ZOLCOM,BKT.MC
2024-07-20 08:57:24.373,"Friday July 19, 2024 What Happened Today to the Bankinter ADR",urn:newsml:newsroom:20240720:nNRAtb2nwz:0,NS:GLOROU,BKT.MC
2024-07-20 04:57:02.042,"Friday July 19, 2024 What Happened Today to the Bankinter ADR",urn:newsml:newsroom:20240720:nNRAtb1cmb:0,NS:GLOROU,BKT.MC
2024-07-20 04:27:10.958,Weekly: Bankinter (BKT: EUR8.29) in top 1% performers of IBEX 35 Index in past week; +59c [7.7%],urn:newsml:newsroom:20240720:nNRAtb1h34:0,NS:GLOWEE,BKT.MC
2024-07-19 16:22:52.849,Weekly: Bankinter (BKT: EUR8.29) in top 1% performers of IBEX 35 Index in past week; +59c [7.7%],urn:newsml:newsroom:20240719:nNRAtav8j1:0,NS:GLOWEE,BKT.MC
2024-07-19 16:17:26.794,Bankinter (BKT: EUR8.29) hits year-high 22nd time in three months; +10c [1.2%],urn:newsml:newsroom:20240719:nNRAtav6wv:0,NS:GLOSTO,BKT.MC
2024-07-19 09:02:22.170,"Thursday July 18, 2024 Bankinter ADR Compendium - A Snapshot as of July 18",urn:newsml:newsroom:20240719:nNRAtaorzk:0,NS:GLOROU,BKT.MC
2024-07-19 06:07:30.434,Bankinter SA (BKIMF) Q2 2024 Earnings Call Transcript Highlights: Strong Profit Growth and ...,urn:newsml:newsroom:20240719:nNRAtamnox:0,NS:GURCOM,BKT.MC
2024-07-19 05:13:05.623,Bankinter prepares for the risk of an increase in banking delinquencies,urn:newsml:newsroom:20240719:nNRAtalrr7:0,NS:NOTENG,BKT.MC
2024-07-19 05:02:12.369,"Thursday July 18, 2024 Bankinter ADR Compendium - A Snapshot as of July 18",urn:newsml:newsroom:20240719:nNRAtalgpk:0,NS:GLOROU,BKT.MC
2024-07-19 00:00:00.000,"Friday July 19, 2024 What Happened Today to the Bankinter ADR",urn:newsml:newsroom:20240720:nNRAtb024h:0,NS:GLOROU,BKT.MC
2024-07-19 00:00:00.000,Weekly: Bankinter ADR (BKNIY: $8.81) climbs 4.4%; +36.77c [4.4%],urn:newsml:newsroom:20240720:nNRAtazz65:0,NS:GLOROU,BKT.MC
2024-07-18 21:11:52.795,"(EN) BANKINTER, S.A. Full Year (79873562)",urn:newsml:reuters.com:20240718:nGLF6lgrnL:7,NS:GLFILE,BKT.MC
2024-07-18 20:55:55.533,"(EN) BANKINTER, S.A. Social /Corporate Responsibility (79873519)",urn:newsml:reuters.com:20240718:nGLF1Jvkcb:4,NS:GLFILE,BKT.MC
2024-07-18 16:47:03.510,"Bankinter, S.A. reports 1H results",urn:newsml:newsroom:20240718:nNRAtaff8s:0,NS:SEECOM,BKT.MC
2024-07-18 16:17:19.782,Bankinter (BKT: EUR8.19) offers earnings yield of 11.5%; +37c [4.7%] Vol Index 1.5 [1 is avg],urn:newsml:newsroom:20240718:nNRAtaf4h8:0,NS:GLOSTO,BKT.MC
2024-07-18 14:41:35.742,"Bankinter earns 473.5 million euros in the first half of the year, up 13.3%.",urn:newsml:newsroom:20240718:nNRAtadk60:0,NS:CENAFT,BKT.MC
2024-07-18 14:13:20.195,"Gloria Ortiz (Bankinter), on BBVA's takeover bid for Sabadell: ""All corporate operations are an opportunity for the rest"".",urn:newsml:newsroom:20240718:nNRAtadcdi:0,NS:NOTENG,BKT.MC
2024-07-18 13:12:58.945,"Bankinter earns 473.5 million euros up to June, up 13.3%.",urn:newsml:newsroom:20240718:nNRAtad2m8:0,NS:NOTENG,BKT.MC
2024-07-18 13:12:50.466,Bankinter wants to continue to grow profitably in Portugal and considers a public guarantee for housing loans for young people to be positive,urn:newsml:newsroom:20240718:nNRAtacsq7:0,NS:NOTENG,BKT.MC
2024-07-18 12:12:54.137,"Bankinter's business in Portugal was ""great"" until June, says Spanish CEO",urn:newsml:newsroom:20240718:nNRAtabz27:0,NS:NOTENG,BKT.MC
2024-07-18 10:29:43.656,First half profits at Bankinter's Irish arm Avant rise 20% to €20m --,urn:link:webnews:20240718:nNRAtaa4do:0,NS:WNCOMA,BKT.MC
2024-07-18 10:13:31.484,"Bankinter earns 473 million euros in the first half of the year, up 13.3%.",urn:newsml:newsroom:20240718:nNRAtaakrd:0,NS:NOTENG,BKT.MC
2024-07-18 10:05:20.603,First half profits at Bankinter's Irish arm Avant rise 20% to €20m --,urn:link:webnews:20240718:nNRAtaa5t7:0,NS:RTECOM,BKT.MC
2024-07-18 09:13:02.268,"Bankinter earns 473.5 million euros up to June, up 13%.",urn:newsml:newsroom:20240718:nNRAta9tcl:0,NS:NOTENG,BKT.MC
2024-07-18 09:02:22.530,"Wednesday July 17, 2024 All You Need to Know About the Bankinter ADR Today",urn:newsml:newsroom:20240718:nNRAta9tq6:0,NS:GLOROU,BKT.MC
2024-07-18 08:48:57.000,"LIVE MARKETS-Autos help STOXX steady, tech struggles",urn:newsml:reuters.com:20240718:nL8N3JA0K2:1,NS:RTRS,BKT.MC
2024-07-18 08:47:50.000,UPDATE 3-Bankinter lifts 2024 lending income outlook after Q2 beat,urn:newsml:reuters.com:20240718:nL8N3JA09T:1,NS:RTRS,BKT.MC
2024-07-18 08:24:21.267,Bankinter Sees Cost Savings Of 15 To 20 Mln Euros From Evo Integration By End 2025 Or 2026,urn:newsml:reuters.com:20240718:nRSDFxpLy:1,NS:SIGDEV,BKT.MC
2024-07-18 08:13:51.877,Bankinter's profits rise 13.3% to 473.5 million. Portuguese contribution up 20%,urn:newsml:newsroom:20240718:nNRAta93nz:0,NS:NOTENG,BKT.MC
2024-07-18 08:13:43.703,Bankinter's profits rise 13.3% to 473.5 million euros in the first half of the year,urn:newsml:newsroom:20240718:nNRAta9eay:0,NS:NOTENG,BKT.MC
2024-07-18 08:13:34.897,"Bankinter earns 473.5 million euros up to June, up 13.3%.",urn:newsml:newsroom:20240718:nNRAta9ctr:0,NS:NOTENG,BKT.MC
2024-07-18 08:13:24.351,"Bankinter earns 473.5 M to June, up 13.3%, and increases market share in lending",urn:newsml:newsroom:20240718:nNRAta9ezi:0,NS:NOTENG,BKT.MC
2024-07-18 08:11:46.000,BRIEF-Bankinter Sees Cost Savings Of 15 To 20 Mln Euros From Evo Integration By End 2025 Or 2026,urn:newsml:reuters.com:20240718:nS0N3G0003:1,NS:RTRS,BKT.MC
2024-07-18 07:47:58.796,"Bankinter Raises NII Growth Guidance To Mid-Single Digit In 2024, CFO Says",urn:newsml:reuters.com:20240718:nRSDc38kwr:1,NS:SIGDEV,BKT.MC
2024-07-18 07:42:36.000,BUZZ-Bankinter outperforms European peers after NII grows q/q,urn:newsml:reuters.com:20240718:nL8N3JA0EM:1,NS:RTRS,BKT.MC
2024-07-18 07:37:32.000,"BRIEF-Bankinter Raises NII Growth Guidance To Mid-Single Digit In 2024, CFO Says",urn:newsml:reuters.com:20240718:nS0N3BV01N:1,NS:RTRS,BKT.MC
2024-07-18 07:13:51.290,"Bankinter breaks its own record and earns 473 million in the first half of the year, up 13%.",urn:newsml:newsroom:20240718:nNRAta88fk:0,NS:NOTENG,BKT.MC
2024-07-18 07:00:00.000,Q2 2024 Bankinter SA Earnings Call,urn:newsml:reuters.com:20240718:nTRN9V6nGf:1,NS:TRANS,BKT.MC
2024-07-18 06:20:56.789,Bankinter Q2 Net Profit 273 Mln Euros,urn:newsml:reuters.com:20240718:nRSD13pF3H:1,NS:SIGDEV,BKT.MC
2024-07-18 06:19:18.000,Spanish stocks - Factors to watch on July 18,urn:newsml:reuters.com:20240718:nL8N3JA0AQ:1,NS:RTRS,BKT.MC
2024-07-18 06:07:19.000,Bankinter's Q2 net profit rises 17% from same period in 2023,urn:newsml:reuters.com:20240718:nL8N3J80TM:3,NS:RTRS,BKT.MC
2024-07-18 06:05:25.000,BRIEF-Bankinter Q2 Net Profit 273 Mln Euros,urn:newsml:reuters.com:20240718:nFWN3JA0E1:1,NS:RTRS,BKT.MC
2024-07-18 06:00:00.000,Q2 2024 Bankinter SA Earnings Call - Final,urn:newsml:newsroom:20240725:nNRAtcv49a:0,NS:FDFAIR,BKT.MC
2024-07-18 05:02:17.864,"Wednesday July 17, 2024 All You Need to Know About the Bankinter ADR Today",urn:newsml:newsroom:20240718:nNRAta78ux:0,NS:GLOROU,BKT.MC
2024-07-18 00:00:00.000,"Thursday July 18, 2024 Bankinter ADR Compendium - A Snapshot as of July 18",urn:newsml:newsroom:20240719:nNRAtajmry:0,NS:GLOROU,BKT.MC
2024-07-17 16:17:20.102,Bankinter (BKT: EUR7.82) offers dividend yield of 6.3%; -1c [0.1%],urn:newsml:newsroom:20240717:nNRAta11jr:0,NS:GLOSTO,BKT.MC
2024-07-17 07:07:12.000,BUZZ-Spanish Banks to see supportive NII dynamics in Q2 - Jefferies,urn:newsml:reuters.com:20240717:nL8N3J90AZ:1,NS:RTRS,BKT.MC
2024-07-17 00:00:00.000,"Wednesday July 17, 2024 All You Need to Know About the Bankinter ADR Today",urn:newsml:newsroom:20240718:nNRAta5kzg:0,NS:GLOROU,BKT.MC
2024-07-16 16:17:27.677,"Bankinter (BKT: EUR7.83) in top 2% performers of IBEX 35 Index, hits 35-day high; +17c [2.2%]",urn:newsml:newsroom:20240716:nNRAt9moum:0,NS:GLOSTO,BKT.MC
2024-07-15 16:17:04.553,Bankinter (BKT: EUR7.66) offers dividend yield of 6.4%; -4c [0.5%] Vol Index 1.3 [1 is avg],urn:newsml:newsroom:20240715:nNRAt97vw4:0,NS:GLOSTO,BKT.MC
2024-07-15 15:43:16.044,Is Bankinter (BKNIY) Stock Outpacing Its Finance Peers This Year? --,urn:link:webnews:20240715:nNRAt97fef:0,NS:YAHNEX,BKT.MC
2024-07-15 12:37:05.601,"Weekly: Bankinter ADR (BKNIY: $8.44) rises for a second consecutive week, a two-week rise of 3.4%; +27.94c [3.4%]",urn:newsml:newsroom:20240715:nNRAt94mi1:0,NS:GLOROU,BKT.MC
2024-07-15 11:38:50.085,"Weekly: Bankinter ADR (BKNIY: $8.44) rises for a second consecutive week, a two-week rise of 3.4%; +27.94c [3.4%]",urn:newsml:newsroom:20240715:nNRAt940no:0,NS:GLOROU,BKT.MC
2024-07-15 10:37:16.715,"Weekly: Bankinter ADR (BKNIY: $8.44) rises for a second consecutive week, a two-week rise of 3.4%; +27.94c [3.4%]",urn:newsml:newsroom:20240715:nNRAt9355g:0,NS:GLOROU,BKT.MC
2024-07-15 06:37:05.077,"Weekly: Bankinter ADR (BKNIY: $8.44) rises for a second consecutive week, a two-week rise of 3.4%; +27.94c [3.4%]",urn:newsml:newsroom:20240715:nNRAt91de4:0,NS:GLOROU,BKT.MC
2024-07-14 15:47:06.721,"Bankinter, S.A. (OTCMKTS:BKIMF) Sees Significant Increase in Short Interest",urn:newsml:newsroom:20240714:nNRAt8x6bf:0,NS:TRADAJ,BKT.MC
2024-07-14 12:07:17.361,Bankinter ADR jumps 30% in 2024,urn:newsml:newsroom:20240714:nNRAt8w5nr:0,NS:GLOROU,BKT.MC
2024-07-14 06:07:16.093,Bankinter ADR jumps 30% in 2024,urn:newsml:newsroom:20240714:nNRAt8v0lm:0,NS:GLOROU,BKT.MC
2024-07-13 22:04:08.212,"Bankinter, S.A. (OTCMKTS:BKIMF) Short Interest Up 93.7% in June --",urn:link:webnews:20240713:nNRAt8t7hn:0,NS:WKRNEW,BKT.MC
2024-07-13 08:57:17.249,"Friday July 12, 2024 What Happened Today to the Bankinter ADR",urn:newsml:newsroom:20240713:nNRAt8pok3:0,NS:GLOROU,BKT.MC
2024-07-13 04:57:09.026,"Friday July 12, 2024 What Happened Today to the Bankinter ADR",urn:newsml:newsroom:20240713:nNRAt8o8qp:0,NS:GLOROU,BKT.MC
2024-07-13 04:21:54.067,"Weekly: Bankinter (BKT: EUR7.70) rises for a fourth consecutive week, a four-week rise of 3.5%; +6c [0.8%]",urn:newsml:newsroom:20240713:nNRAt8ni05:0,NS:GLOWEE,BKT.MC
2024-07-12 16:22:24.069,"Weekly: Bankinter (BKT: EUR7.70) rises for a fourth consecutive week, a four-week rise of 3.5%; +6c [0.8%]",urn:newsml:newsroom:20240712:nNRAt8hrhm:0,NS:GLOWEE,BKT.MC
2024-07-12 16:17:13.197,Bankinter (BKT: EUR7.70) offers earnings yield of 12.2%; +19c [2.5%],urn:newsml:newsroom:20240712:nNRAt8hu7i:0,NS:GLOSTO,BKT.MC
2024-07-12 13:09:33.219,Reviewing Raiffeisen Bank International (OTCMKTS:RAIFY) and Bankinter (OTCMKTS:BKNIY),urn:newsml:newsroom:20240712:nNRAt8eciy:0,NS:COMFIN,BKT.MC
2024-07-12 12:10:03.736,Reviewing Raiffeisen Bank International (OTCMKTS:RAIFY) and Bankinter (OTCMKTS:BKNIY),urn:newsml:newsroom:20240712:nNRAt8dvm7:0,NS:CERGEM,BKT.MC
2024-07-12 09:03:13.504,"Thursday July 11, 2024 Bankinter ADR Compendium - A Snapshot as of July 11",urn:newsml:newsroom:20240712:nNRAt8ar1w:0,NS:GLOROU,BKT.MC
2024-07-12 05:02:19.170,"Thursday July 11, 2024 Bankinter ADR Compendium - A Snapshot as of July 11",urn:newsml:newsroom:20240712:nNRAt898ki:0,NS:GLOROU,BKT.MC
2024-07-12 00:00:00.000,"Weekly: Bankinter ADR (BKNIY: $8.44) rises for a second consecutive week, a two-week rise of 3.4%; +13c [1.6%]",urn:newsml:newsroom:20240713:nNRAt8n5bo:0,NS:GLOROU,BKT.MC
2024-07-12 00:00:00.000,"Friday July 12, 2024 What Happened Today to the Bankinter ADR",urn:newsml:newsroom:20240713:nNRAt8n0pl:0,NS:GLOROU,BKT.MC
2024-07-12 00:00:00.000,Bankinter ADR jumps 30% in 2024,urn:newsml:newsroom:20240713:nNRAt8mix8:0,NS:GLOROU,BKT.MC
2024-07-11 22:12:25.005,DBRS maintains all of Bankinter's credit ratings,urn:newsml:newsroom:20240711:nNRAt86tqm:0,NS:NOTENG,BKT.MC
2024-07-11 16:17:27.281,Bankinter (BKT: EUR7.51) in 5th consecutive fall; -27c [3.5%],urn:newsml:newsroom:20240711:nNRAt83tc6:0,NS:GLOSTO,BKT.MC
2024-07-11 00:00:00.000,"Thursday July 11, 2024 Bankinter ADR Compendium - A Snapshot as of July 11",urn:newsml:newsroom:20240712:nNRAt873qb:0,NS:GLOROU,BKT.MC
2024-07-10 16:17:08.512,Bankinter (BKT: EUR7.54) in 4th consecutive fall; -24c [3.1%],urn:newsml:newsroom:20240710:nNRAt7nmxz:0,NS:GLOSTO,BKT.MC
2024-07-10 09:03:25.096,"Tuesday July 09, 2024 What Happened Today to the Bankinter ADR",urn:newsml:newsroom:20240710:nNRAt7h7pv:0,NS:GLOROU,BKT.MC
2024-07-10 05:02:08.895,"Tuesday July 09, 2024 What Happened Today to the Bankinter ADR",urn:newsml:newsroom:20240710:nNRAt7e9ys:0,NS:GLOROU,BKT.MC
2024-07-09 16:16:59.214,Bankinter (BKT: EUR7.56) offers dividend yield of 6.5%; -2c [0.3%],urn:newsml:newsroom:20240709:nNRAt77upt:0,NS:GLOSTO,BKT.MC
2024-07-09 12:02:02.301,"Monday July 08, 2024 Bankinter ADR Compendium - A Snapshot as of July 08",urn:newsml:newsroom:20240709:nNRAt74m0s:0,NS:GLOROU,BKT.MC
2024-07-09 08:02:20.302,"Monday July 08, 2024 Bankinter ADR Compendium - A Snapshot as of July 08",urn:newsml:newsroom:20240709:nNRAt72tnd:0,NS:GLOROU,BKT.MC
2024-07-09 00:00:00.000,Bankinter takes advantage of Evo Banco's last months as an independent bank to attract young customers,urn:newsml:newsroom:20240710:nNRAt7dcm1:0,NS:NOTENG,BKT.MC
2024-07-09 00:00:00.000,"Tuesday July 09, 2024 What Happened Today to the Bankinter ADR",urn:newsml:newsroom:20240710:nNRAt7c938:0,NS:GLOROU,BKT.MC
2024-07-08 16:16:57.387,Bankinter (BKT: EUR7.58) offers earnings yield of 12.4%; -6c [0.8%],urn:newsml:newsroom:20240708:nNRAt6uca5:0,NS:GLOSTO,BKT.MC
2024-07-08 12:37:05.788,Weekly: Bankinter ADR (BKNIY: $8.31) increases 1.8% on low volume; +14.94c [1.8%],urn:newsml:newsroom:20240708:nNRAt6sljb:0,NS:GLOROU,BKT.MC
2024-07-08 11:37:08.964,Weekly: Bankinter ADR (BKNIY: $8.31) increases 1.8% on low volume; +14.94c [1.8%],urn:newsml:newsroom:20240708:nNRAt6qnw0:0,NS:GLOROU,BKT.MC
2024-07-08 10:37:33.008,Weekly: Bankinter ADR (BKNIY: $8.31) increases 1.8% on low volume; +14.94c [1.8%],urn:newsml:newsroom:20240708:nNRAt6pz3s:0,NS:GLOROU,BKT.MC
2024-07-08 06:37:17.938,Weekly: Bankinter ADR (BKNIY: $8.31) increases 1.8% on low volume; +14.94c [1.8%],urn:newsml:newsroom:20240708:nNRAt6o0j7:0,NS:GLOROU,BKT.MC
2024-07-08 06:17:27.123,Weekly: Bankinter (BKT: EUR7.64) keeps rising: up 2.7% in 3 weeks; +20.012c [2.7%],urn:newsml:newsroom:20240708:nNRAt6o1xa:0,NS:GLOSTO,BKT.MC
2024-07-08 00:00:00.000,"Monday July 08, 2024 Bankinter ADR: How it compares to other IDRs and ADRs",urn:newsml:newsroom:20240709:nNRAt70de3:0,NS:GLOROU,BKT.MC
2024-07-08 00:00:00.000,"Monday July 08, 2024 Bankinter ADR Compendium - A Snapshot as of July 08",urn:newsml:newsroom:20240709:nNRAt709zt:0,NS:GLOROU,BKT.MC
2024-07-06 08:57:44.639,"Friday July 05, 2024 What Happened Today to the Bankinter ADR",urn:newsml:newsroom:20240706:nNRAt6c5ot:0,NS:GLOROU,BKT.MC
2024-07-06 04:57:14.459,"Friday July 05, 2024 What Happened Today to the Bankinter ADR",urn:newsml:newsroom:20240706:nNRAt6b75c:0,NS:GLOROU,BKT.MC
2024-07-06 04:22:31.037,Weekly: Bankinter (BKT: EUR7.64) keeps rising: up 2.7% in 3 weeks; +1c [0.1%],urn:newsml:newsroom:20240706:nNRAt6aji3:0,NS:GLOWEE,BKT.MC
2024-07-05 16:22:26.732,Weekly: Bankinter (BKT: EUR7.64) keeps rising: up 2.7% in 3 weeks; +1c [0.1%],urn:newsml:newsroom:20240705:nNRAt65ykr:0,NS:GLOWEE,BKT.MC
2024-07-05 16:17:08.445,Bankinter (BKT: EUR7.64) in bottom 2% performers of IBEX 35 Index; -14c [1.8%] Vol Index 1.4 [1 is avg],urn:newsml:newsroom:20240705:nNRAt666f7:0,NS:GLOSTO,BKT.MC
2024-07-05 07:54:08.221,Analyzing Raiffeisen Bank International (OTCMKTS:RAIFY) & Bankinter (OTCMKTS:BKNIY),urn:newsml:newsroom:20240705:nNRAt5zv22:0,NS:ZOLCOM,BKT.MC
2024-07-05 00:00:00.000,Weekly: Bankinter ADR (BKNIY: $8.31) increases 1.8% on low volume; +14.94c [1.8%],urn:newsml:newsroom:20240706:nNRAt69fw2:0,NS:GLOROU,BKT.MC
2024-07-05 00:00:00.000,"Friday July 05, 2024 What Happened Today to the Bankinter ADR",urn:newsml:newsroom:20240706:nNRAt69dx4:0,NS:GLOROU,BKT.MC
2024-07-04 16:16:57.633,Bankinter (BKT: EUR7.78) in top 1% performers of IBEX 35 Index; +19c [2.5%],urn:newsml:newsroom:20240704:nNRAt5s8ge:0,NS:GLOSTO,BKT.MC
2024-07-03 16:17:10.951,Bankinter (BKT: EUR7.59) offers dividend yield of 6.5%; -5c [0.7%],urn:newsml:newsroom:20240703:nNRAt5eqlt:0,NS:GLOSTO,BKT.MC
2024-07-03 15:13:33.950,Bankinter's hotel socimi increases its turnover by 13% and earns 18.9 million euros,urn:newsml:newsroom:20240703:nNRAt5dxj7:0,NS:NOTENG,BKT.MC
2024-07-02 16:17:08.056,Bankinter (BKT: EUR7.64) offers earnings yield of 12.3%; -5c [0.7%],urn:newsml:newsroom:20240702:nNRAt51viz:0,NS:GLOSTO,BKT.MC
2024-07-02 14:43:33.946,Monthly: Bankinter (BKT: EUR7.63) drops 5% on high volatility in June 2024,urn:newsml:newsroom:20240702:nNRAt50rvk:0,NS:GLOSTP,BKT.MC
2024-07-01 16:17:13.776,Bankinter (BKT: EUR7.69) in 2nd consecutive rise; +9c [1.2%],urn:newsml:newsroom:20240701:nNRAt4n4eo:0,NS:GLOSTO,BKT.MC
2024-07-01 06:53:41.151,Monthly: Bankinter (BKT: EUR7.63) drops 5% on high volatility in June 2024,urn:newsml:newsroom:20240701:nNRAt4fog2:0,NS:GLOSTO,BKT.MC
2024-07-01 06:53:29.150,"Bankinter Compendium - A Snapshot as of June 30, 2024",urn:newsml:newsroom:20240701:nNRAt4f5sy:0,NS:GLOSTO,BKT.MC
2024-07-01 06:53:04.610,"Weekly: Bankinter (BKT: EUR7.63) rises for a second consecutive week, a two-week rise of 2.6%; +19.012c [2.6%]",urn:newsml:newsroom:20240701:nNRAt4fnon:0,NS:GLOSTO,BKT.MC
2024-06-30 12:24:45.420,"Bankinter, S.A. (OTCMKTS:BKNIY) Announces Dividend of $0.10",urn:newsml:newsroom:20240630:nNRAt4apda:0,NS:DAILYQ,BKT.MC
2024-06-29 17:01:25.491,Bankinter announces dividend,urn:newsml:newsroom:20240629:nNRAt46lpb:0,NS:NEWWIR,BKT.MC
2024-06-29 12:38:51.537,"Bankinter, S.A. (BKNIY) to Issue Dividend of $0.10 on  July 8th",urn:newsml:newsroom:20240629:nNRAt45f66:0,NS:STOOBS,BKT.MC
2024-06-29 12:23:13.605,"Bankinter, S.A. (OTCMKTS:BKNIY) Announces Dividend Increase – $0.10 Per Share",urn:newsml:newsroom:20240629:nNRAt45cvj:0,NS:TRADAJ,BKT.MC
2024-06-29 10:39:08.797,"Bankinter, S.A. (OTCMKTS:BKNIY) Short Interest Down 95.5% in June",urn:newsml:newsroom:20240629:nNRAt44n25:0,NS:AMEBAN,BKT.MC
2024-06-29 04:27:17.737,"Weekly: Bankinter (BKT: EUR7.63) rises for a second consecutive week, a two-week rise of 2.6%; +8.172c [1.1%]",urn:newsml:newsroom:20240629:nNRAt41yem:0,NS:GLOWEE,BKT.MC
2024-06-28 16:27:27.111,Monthly: Bankinter (BKT: EUR7.63) drops 5% on high volatility in June 2024,urn:newsml:newsroom:20240628:nNRAt3uik7:0,NS:GLOSTP,BKT.MC
2024-06-28 16:22:19.190,"Weekly: Bankinter (BKT: EUR7.63) rises for a second consecutive week, a two-week rise of 2.6%; +8.172c [1.1%]",urn:newsml:newsroom:20240628:nNRAt3ugle:0,NS:GLOWEE,BKT.MC
2024-06-28 16:17:19.576,"Bankinter (BKT: EUR7.63) inches higher, resistance at 12-day EMA; +3c [0.4%]",urn:newsml:newsroom:20240628:nNRAt3u6ty:0,NS:GLOSTO,BKT.MC
2024-06-28 16:16:59.066,"Bankinter, S.A. goes ex dividend Monday",urn:newsml:newsroom:20240628:nNRAt3udvv:0,NS:SEECOM,BKT.MC
2024-06-28 14:07:10.804,"Bankinter, S.A. (OTCMKTS:BKIMF) Short Interest Update --",urn:link:webnews:20240628:nNRAt3skpb:0,NS:WKRNEW,BKT.MC
2024-06-28 09:07:48.968,"Thursday June 27, 2024 Bankinter ADR Compendium - A Snapshot as of June 27",urn:newsml:newsroom:20240628:nNRAt3mx64:0,NS:GLOROU,BKT.MC
2024-06-28 05:02:14.400,"Thursday June 27, 2024 Bankinter ADR Compendium - A Snapshot as of June 27",urn:newsml:newsroom:20240628:nNRAt3kpa8:0,NS:GLOROU,BKT.MC
2024-06-27 21:38:06.952,"Short Interest in Bankinter, S.A. (OTCMKTS:BKNIY) Decreases By 95.5%",urn:newsml:newsroom:20240627:nNRAt3he6x:0,NS:CERGEM,BKT.MC
2024-06-27 21:23:34.368,"Short Interest in Bankinter, S.A. (OTCMKTS:BKNIY) Decreases By 95.5%",urn:newsml:newsroom:20240627:nNRAt3iole:0,NS:COMFIN,BKT.MC
2024-06-27 00:00:00.000,"Thursday June 27, 2024 Bankinter ADR Compendium - A Snapshot as of June 27",urn:newsml:newsroom:20240628:nNRAt3imjw:0,NS:GLOROU,BKT.MC
2024-06-26 16:17:17.076,Bankinter (BKT: EUR7.60) offers earnings yield of 12.4%; -11c [1.4%],urn:newsml:newsroom:20240626:nNRAt2zye7:0,NS:GLOSTO,BKT.MC
2024-06-25 16:17:18.770,Bankinter (BKT: EUR7.71) in 2nd consecutive rise; Net Profit up 51%; +5c [0.7%],urn:newsml:newsroom:20240625:nNRAt2lln2:0,NS:GLOSTO,BKT.MC
2024-06-25 14:41:36.443,Airbus crashes on the stock market after lowering its delivery forecast and guidance for 2024,urn:newsml:newsroom:20240625:nNRAt2k97u:0,NS:CENAFT,BKT.MC
2024-06-25 11:38:37.847,"Bankinter, S.A. (BKNIY) To Go Ex-Dividend on July 1st",urn:newsml:newsroom:20240625:nNRAt2fkjx:0,NS:AMEBAN,BKT.MC
2024-06-25 10:32:20.298,"FY2023 Annual Report: Bankinter Net Profit up 51% Corporate Wire Date: 25 June 2024 10:34 CEST Release Date: June 13, 2024",urn:newsml:newsroom:20240625:nNRAt2esov:0,NS:GLOUPF,BKT.MC
2024-06-24 21:52:21.348,Bankinter's Earnings Growth Lags Commonwealth Bank of Australia,urn:newsml:newsroom:20240624:nNRAt29ob1:0,NS:GLOROU,BKT.MC
2024-06-24 18:52:17.885,Bankinter's Earnings Growth Lags Mitsubishi UFJ Financial,urn:newsml:newsroom:20240624:nNRAt282y4:0,NS:GLOROU,BKT.MC
2024-06-24 16:17:19.839,Bankinter (BKT: EUR7.70) offers dividend yield of 6.1%; +4c [0.5%],urn:newsml:newsroom:20240624:nNRAt25tfn:0,NS:GLOSTO,BKT.MC
2024-06-24 11:56:30.919,"Bankinter, S.A. (OTCMKTS:BKNIY) Announces Dividend of $0.10 --",urn:link:webnews:20240624:nNRAt22eqi:0,NS:ETFDAI,BKT.MC
2024-06-22 16:27:06.609,Bankinter (OTCMKTS:BKNIY) Stock Price Crosses Above 200 Day Moving Average of $7.18 --,urn:link:webnews:20240622:nNRAt1q7ew:0,NS:WKRNEW,BKT.MC
2024-06-22 04:21:59.564,"Weekly: Bankinter (BKT: EUR7.66) increases 1.5%, 3 weeks' volume in a week; +11c [1.5%] Vol Index 3.3 [1 is avg]",urn:newsml:newsroom:20240622:nNRAt1mv1l:0,NS:GLOWEE,BKT.MC
2024-06-21 16:23:20.101,"Weekly: Bankinter (BKT: EUR7.66) increases 1.5%, 3 weeks' volume in a week; +11c [1.5%] Vol Index 3.3 [1 is avg]",urn:newsml:newsroom:20240621:nNRAt1f0tu:0,NS:GLOWEE,BKT.MC
2024-06-21 16:17:09.398,Bankinter (BKT: EUR7.66) offers dividend yield of 6.2%; -25c [3.2%] Vol Index 7.0 [1 is avg],urn:newsml:newsroom:20240621:nNRAt1ek88:0,NS:GLOSTO,BKT.MC
2024-06-21 12:47:37.130,Investors look to see if Bankinter's recent rally will continue,urn:newsml:newsroom:20240621:nNRAt1bkq1:0,NS:GLOROU,BKT.MC
2024-06-21 09:07:43.611,"Thursday June 20, 2024 Bankinter ADR Compendium - A Snapshot as of June 20",urn:newsml:newsroom:20240621:nNRAt18nio:0,NS:GLOROU,BKT.MC
2024-06-21 09:07:08.644,Friday's Preview: Can Bankinter continue its recent gains?,urn:newsml:newsroom:20240621:nNRAt1951u:0,NS:GLOROU,BKT.MC
2024-06-21 07:22:08.731,Bankinter (OTCMKTS:BKNIY) Share Price Crosses Above 200-Day Moving Average of $7.18 --,urn:link:webnews:20240621:nNRAt1831f:0,NS:ETFDAI,BKT.MC
2024-06-21 05:08:12.364,"Thursday June 20, 2024 Bankinter ADR Compendium - A Snapshot as of June 20",urn:newsml:newsroom:20240621:nNRAt15bc1:0,NS:GLOROU,BKT.MC
2024-06-21 04:13:45.291,CaixaBank boosts its wealth management business and expects to exceed $10 billion this year,urn:newsml:newsroom:20240621:nNRAt149oy:0,NS:NOTENG,BKT.MC
2024-06-20 16:17:05.441,Bankinter (BKT: EUR7.91) offers earnings yield of 7.5%; +7c [0.9%] Vol Index 5.0 [1 is avg],urn:newsml:newsroom:20240620:nNRAt0xayz:0,NS:GLOSTO,BKT.MC
2024-06-20 05:07:08.093,"Tuesday June 18, 2024 What Happened Today to the Bankinter ADR",urn:newsml:newsroom:20240620:nNRAt0p53e:0,NS:GLOROU,BKT.MC
2024-06-20 00:00:00.000,"Thursday June 20, 2024 Bankinter ADR Compendium - A Snapshot as of June 20",urn:newsml:newsroom:20240621:nNRAt13q3f:0,NS:GLOROU,BKT.MC
2024-06-19 16:17:05.600,Bankinter (BKT: EUR7.84) in top 1% performers of IBEX 35 Index; +14c [1.8%] Vol Index 2.2 [1 is avg],urn:newsml:newsroom:20240619:nNRAt0jaod:0,NS:GLOSTO,BKT.MC
2024-06-19 15:21:07.133,Bankinter absorbs EVO Banco to improve profitability and integrate its customers and employees,urn:newsml:newsroom:20240619:nNRAt0iyuw:0,NS:NOTENG,BKT.MC
2024-06-19 15:20:40.959,Bankinter absorbs Evo Banco to improve profitability and efficiency,urn:newsml:newsroom:20240619:nNRAt0i9jw:0,NS:NOTENG,BKT.MC
2024-06-19 12:13:19.388,"Last days to collect Bankinter's dividend, which distributes 100 million euros among shareholders",urn:newsml:newsroom:20240619:nNRAt0g5nd:0,NS:NOTENG,BKT.MC
2024-06-19 11:21:17.086,Bankinter To Pay Gross Dividend Of 0.11 Eur/Shr,urn:newsml:reuters.com:20240619:nRSD8tg38w:1,NS:SIGDEV,BKT.MC
2024-06-19 11:12:29.000,BRIEF-Bankinter To Pay Gross Dividend Of 0.11 Eur/Shr,urn:newsml:reuters.com:20240619:nFWN3IG187:1,NS:RTRS,BKT.MC
2024-06-19 00:00:00.000,How does the absorption of EVO banco by Bankinter affect you if you are a customer?,urn:newsml:newsroom:20240620:nNRAt0o5op:0,NS:NOTENG,BKT.MC
2024-06-19 00:00:00.000,"Bankinter absorbs its subsidiary Evo Banco to ""improve the profitability and efficiency of the group"".",urn:newsml:newsroom:20240620:nNRAt0nep1:0,NS:NOTENG,BKT.MC
2024-06-18 21:52:08.236,Bankinter's Earnings Growth Outperforms Commonwealth Bank of Australia,urn:newsml:newsroom:20240618:nNRAt08lrs:0,NS:GLOROU,BKT.MC
2024-06-18 16:17:05.370,Bankinter (BKT: EUR7.70) in 2nd consecutive rise; +15c [2.0%] Vol Index 1.4 [1 is avg],urn:newsml:newsroom:20240618:nNRAt05adp:0,NS:GLOSTO,BKT.MC
2024-06-18 09:07:41.962,"Monday June 17, 2024 Bankinter ADR Compendium - A Snapshot as of June 17",urn:newsml:newsroom:20240618:nNRAt005sj:0,NS:GLOROU,BKT.MC
2024-06-18 05:07:39.048,"Monday June 17, 2024 Bankinter ADR Compendium - A Snapshot as of June 17",urn:newsml:newsroom:20240618:nNRAszwln7:0,NS:GLOROU,BKT.MC
2024-06-18 00:00:00.000,"Tuesday June 18, 2024 What Happened Today to the Bankinter ADR",urn:newsml:newsroom:20240619:nNRAt09hzl:0,NS:GLOROU,BKT.MC
2024-06-17 16:16:59.392,Bankinter (BKT: EUR7.63) offers dividend yield of 6.2%; +8c [1.1%] Vol Index 2.4 [1 is avg],urn:newsml:newsroom:20240617:nNRAszpmw5:0,NS:GLOSTO,BKT.MC
2024-06-17 12:47:09.543,Monday's Preview: Can Bankinter rebound after being down?,urn:newsml:newsroom:20240617:nNRAszn2mg:0,NS:GLOROU,BKT.MC
2024-06-17 09:07:14.778,Can Bankinter rebound after recent dip?,urn:newsml:newsroom:20240617:nNRAszkwc1:0,NS:GLOROU,BKT.MC
2024-06-17 00:00:00.000,"Monday June 17, 2024 Bankinter ADR: How it compares to other IDRs and ADRs",urn:newsml:newsroom:20240618:nNRAszu3t8:0,NS:GLOROU,BKT.MC
2024-06-17 00:00:00.000,"Monday June 17, 2024 Bankinter ADR Compendium - A Snapshot as of June 17",urn:newsml:newsroom:20240618:nNRAsztwio:0,NS:GLOROU,BKT.MC
2024-06-16 12:07:15.962,"Bankinter ADR jumps 25% in 2024, outperforming 88% of the market",urn:newsml:newsroom:20240616:nNRAszeyu9:0,NS:GLOROU,BKT.MC
2024-06-16 06:07:13.070,"Bankinter ADR jumps 25% in 2024, outperforming 88% of the market",urn:newsml:newsroom:20240616:nNRAszdeu3:0,NS:GLOROU,BKT.MC
2024-06-15 09:02:15.550,"Friday June 14, 2024 What Happened Today to the Bankinter ADR",urn:newsml:newsroom:20240615:nNRAsz8j63:0,NS:GLOROU,BKT.MC
2024-06-15 05:02:10.529,"Friday June 14, 2024 What Happened Today to the Bankinter ADR",urn:newsml:newsroom:20240615:nNRAsz70hc:0,NS:GLOROU,BKT.MC
2024-06-15 04:21:55.231,Weekly: Bankinter (BKT: EUR7.55) falls 4.8% on average volume; -38c [4.8%],urn:newsml:newsroom:20240615:nNRAsz6q1h:0,NS:GLOWEE,BKT.MC
2024-06-15 04:08:18.772,"Bankinter, S.A. (OTCMKTS:BKNIY) Short Interest Update",urn:newsml:newsroom:20240615:nNRAsz7fe6:0,NS:COMFIN,BKT.MC
2024-06-15 03:54:05.941,"Bankinter, S.A. (OTCMKTS:BKNIY) Short Interest Update",urn:newsml:newsroom:20240615:nNRAsz6dei:0,NS:CERGEM,BKT.MC
2024-06-15 01:23:33.317,"Bankinter, S.A. (OTCMKTS:BKIMF) Short Interest Update",urn:newsml:newsroom:20240615:nNRAsz5lze:0,NS:STOOBS,BKT.MC
2024-06-15 01:22:58.555,"Bankinter, S.A. (OTCMKTS:BKIMF) Short Interest Update",urn:newsml:newsroom:20240615:nNRAsz6gsm:0,NS:MARDAJ,BKT.MC
2024-06-14 16:22:19.445,Weekly: Bankinter (BKT: EUR7.55) falls 4.8% on average volume; -38c [4.8%],urn:newsml:newsroom:20240614:nNRAsz0s0n:0,NS:GLOWEE,BKT.MC
2024-06-14 16:17:15.649,Bankinter (BKT: EUR7.55) offers earnings yield of 7.8%; -10c [1.3%],urn:newsml:newsroom:20240614:nNRAsz0kr5:0,NS:GLOSTO,BKT.MC
2024-06-14 00:00:00.000,Weekly: Bankinter ADR (BKNIY: $8.13) tumbles 10% on low volume; -93.5c [10.3%],urn:newsml:newsroom:20240615:nNRAsz5l3h:0,NS:GLOROU,BKT.MC
2024-06-14 00:00:00.000,"Bankinter ADR jumps 25% in 2024, outperforming 88% of the market",urn:newsml:newsroom:20240615:nNRAsz5eog:0,NS:GLOROU,BKT.MC
2024-06-14 00:00:00.000,"Friday June 14, 2024 What Happened Today to the Bankinter ADR",urn:newsml:newsroom:20240615:nNRAsz5ekr:0,NS:GLOROU,BKT.MC
2024-06-13 16:17:17.452,"Bankinter (BKT: EUR7.65) keeps sliding, down 3.9% in 3 days; -31c [3.9%]",urn:newsml:newsroom:20240613:nNRAsykz6m:0,NS:GLOSTO,BKT.MC
2024-06-13 12:47:10.258,Thursday's Preview: Can Bankinter rebound after being down?,urn:newsml:newsroom:20240613:nNRAsyi5os:0,NS:GLOROU,BKT.MC
2024-06-13 12:32:09.395,"Bankinter, S.A. (OTCMKTS:BKIMF) Sees Significant Increase in Short Interest --",urn:link:webnews:20240613:nNRAsyhsbb:0,NS:ETFDAI,BKT.MC
2024-06-13 12:32:00.658,"Bankinter, S.A. (OTCMKTS:BKNIY) Sees Large Growth in Short Interest --",urn:link:webnews:20240613:nNRAsyhsoj:0,NS:ETFDAI,BKT.MC
2024-06-13 09:07:34.570,"Wednesday June 12, 2024 All You Need to Know About the Bankinter ADR Today",urn:newsml:newsroom:20240613:nNRAsyexh9:0,NS:GLOROU,BKT.MC
2024-06-13 09:07:10.395,Can Bankinter rebound after recent dip?,urn:newsml:newsroom:20240613:nNRAsyf03z:0,NS:GLOROU,BKT.MC
2024-06-13 08:51:51.000,BREAKINGVIEWS-Euro zone banks’ periphery premium is here to stay,urn:newsml:reuters.com:20240613:nL8N3IA1U6:6,NS:RTRS,BKT.MC
2024-06-13 05:07:28.569,"Wednesday June 12, 2024 All You Need to Know About the Bankinter ADR Today",urn:newsml:newsroom:20240613:nNRAsycxft:0,NS:GLOROU,BKT.MC
2024-06-12 16:17:16.580,Bankinter (BKT: EUR7.77) down 2.4% in 2 days; -19c [2.4%],urn:newsml:newsroom:20240612:nNRAsy74jj:0,NS:GLOSTO,BKT.MC
2024-06-12 15:29:29.969,"Bankinter, S.A. (OTCMKTS:BKIMF) Sees Significant Increase in Short Interest --",urn:link:webnews:20240612:nNRAsy78ui:0,NS:WKRNEW,BKT.MC
2024-06-12 12:47:09.077,Wednesday's Preview: Can Bankinter rebound after being down?,urn:newsml:newsroom:20240612:nNRAsy4fjq:0,NS:GLOROU,BKT.MC
2024-06-12 09:07:30.885,"Tuesday June 11, 2024 What Happened Today to the Bankinter ADR",urn:newsml:newsroom:20240612:nNRAsy1x7v:0,NS:GLOROU,BKT.MC
2024-06-12 09:07:08.142,Can Bankinter rebound after recent dip?,urn:newsml:newsroom:20240612:nNRAsy1lj6:0,NS:GLOROU,BKT.MC
2024-06-12 05:07:27.691,"Tuesday June 11, 2024 What Happened Today to the Bankinter ADR",urn:newsml:newsroom:20240612:nNRAsxzq98:0,NS:GLOROU,BKT.MC
2024-06-12 00:00:00.000,"Wednesday June 12, 2024 All You Need to Know About the Bankinter ADR Today",urn:newsml:newsroom:20240613:nNRAsyan76:0,NS:GLOROU,BKT.MC
2024-06-11 16:17:08.644,Bankinter (BKT: EUR7.78) offers dividend yield of 6.1%; -18c [2.3%],urn:newsml:newsroom:20240611:nNRAsxtuu7:0,NS:GLOSTO,BKT.MC
2024-06-11 12:47:11.245,Tuesday's Preview: Can Bankinter rebound after being down?,urn:newsml:newsroom:20240611:nNRAsxrkvp:0,NS:GLOROU,BKT.MC
2024-06-11 09:07:29.544,"Monday June 10, 2024 Bankinter ADR Compendium - A Snapshot as of June 10",urn:newsml:newsroom:20240611:nNRAsxoqb2:0,NS:GLOROU,BKT.MC
2024-06-11 09:07:11.003,Can Bankinter rebound after recent dip?,urn:newsml:newsroom:20240611:nNRAsxorti:0,NS:GLOROU,BKT.MC
2024-06-11 05:07:22.223,"Monday June 10, 2024 Bankinter ADR Compendium - A Snapshot as of June 10",urn:newsml:newsroom:20240611:nNRAsxldf1:0,NS:GLOROU,BKT.MC
2024-06-11 00:00:00.000,"Tuesday June 11, 2024 What Happened Today to the Bankinter ADR",urn:newsml:newsroom:20240612:nNRAsxypiy:0,NS:GLOROU,BKT.MC
2024-06-10 16:17:14.471,Bankinter (BKT: EUR7.96) offers earnings yield of 7.4%; +3c [0.4%],urn:newsml:newsroom:20240610:nNRAsxfocv:0,NS:GLOSTO,BKT.MC
2024-06-10 11:57:50.449,"Monthly: Bankinter ADR (BKNIY: $8.82) up 16%, beating 86% of ADRs",urn:newsml:newsroom:20240610:nNRAsxbvbs:0,NS:GLOROU,BKT.MC
2024-06-10 00:00:00.000,"Monday June 10, 2024 Bankinter ADR: How it compares to other IDRs and ADRs",urn:newsml:newsroom:20240611:nNRAsxk75i:0,NS:GLOROU,BKT.MC
2024-06-10 00:00:00.000,"Monday June 10, 2024 Bankinter ADR Compendium - A Snapshot as of June 10",urn:newsml:newsroom:20240611:nNRAsxk1tc:0,NS:GLOROU,BKT.MC
2024-06-08 09:02:05.096,"Friday June 07, 2024 What Happened Today to the Bankinter ADR",urn:newsml:newsroom:20240608:nNRAswu724:0,NS:GLOROU,BKT.MC
2024-06-08 07:22:52.461,Bankinter (OTCMKTS:BKNIY) Share Price Passes Above 200 Day Moving Average of $7.10,urn:newsml:newsroom:20240608:nNRAswtvug:0,NS:TICREP,BKT.MC
2024-06-08 05:02:00.471,"Friday June 07, 2024 What Happened Today to the Bankinter ADR",urn:newsml:newsroom:20240608:nNRAswtjyt:0,NS:GLOROU,BKT.MC
2024-06-08 00:00:00.000,Weekly: Bankinter (BKT: EUR7.93) drops 2.3% on average volume; -19c [2.3%],urn:newsml:newsroom:20240610:nNRAsxb5wj:0,NS:GLOWEE,BKT.MC
2024-06-07 16:22:19.720,Weekly: Bankinter (BKT: EUR7.93) drops 2.3% on average volume; -19c [2.3%],urn:newsml:newsroom:20240607:nNRAswoc5c:0,NS:GLOWEE,BKT.MC
2024-06-07 16:17:22.410,Bankinter (BKT: EUR7.93) in top 1% performers of IBEX 35 Index; +10c [1.3%],urn:newsml:newsroom:20240607:nNRAswoama:0,NS:GLOSTO,BKT.MC
2024-06-07 09:07:26.064,"Thursday June 06, 2024 Bankinter ADR Compendium - A Snapshot as of June 06",urn:newsml:newsroom:20240607:nNRAswioc5:0,NS:GLOROU,BKT.MC
2024-06-07 00:00:00.000,Weekly: Bankinter ADR (BKNIY: $9.07) lifts 2.8% on weak volume; +25c [2.8%],urn:newsml:newsroom:20240608:nNRAswsuda:0,NS:GLOROU,BKT.MC
2024-06-07 00:00:00.000,"Friday June 07, 2024 What Happened Today to the Bankinter ADR",urn:newsml:newsroom:20240608:nNRAswrtcx:0,NS:GLOROU,BKT.MC
2024-06-06 16:19:51.279,Bankinter (BKT: EUR7.83) climbs 2.9% strengthening above moving average price; +22c [2.9%],urn:newsml:newsroom:20240606:nNRAswaq2x:0,NS:GLOSTO,BKT.MC
2024-06-06 00:00:00.000,"Thursday June 06, 2024 Bankinter ADR Compendium - A Snapshot as of June 06",urn:newsml:newsroom:20240607:nNRAswezye:0,NS:GLOROU,BKT.MC
2024-06-05 09:07:26.967,"Tuesday June 04, 2024 What Happened Today to the Bankinter ADR",urn:newsml:newsroom:20240605:nNRAsvpew7:0,NS:GLOROU,BKT.MC
2024-06-05 05:07:17.401,"Tuesday June 04, 2024 What Happened Today to the Bankinter ADR",urn:newsml:newsroom:20240605:nNRAsvmwrn:0,NS:GLOROU,BKT.MC
2024-06-04 23:59:53.007,Ellomay closes Bankinter PF,urn:newsml:reuters.com:20240604:nIfp9VDgCv:1,NS:PFIE,BKT.MC
2024-06-04 20:42:17.114,"Monthly: Bankinter ADR (BKNIY: $8.82) up 16%, beating 86% of ADRs",urn:newsml:newsroom:20240604:nNRAsvjdhq:0,NS:GLOROU,BKT.MC
2024-06-04 16:29:51.000,Spain - Ellomay closes Bankinter PF,urn:newsml:reuters.com:20240604:nIfp4rcyWS:1,NS:PFIE,BKT.MC
2024-06-04 16:17:14.790,Bankinter (BKT: EUR7.81) offers earnings yield of 7.5%; -35c [4.3%] Vol Index 1.3 [1 is avg],urn:newsml:newsroom:20240604:nNRAsvhbd5:0,NS:GLOSTO,BKT.MC
2024-06-04 14:43:53.652,"Monthly: Bankinter (BKT: EUR8.12) gains 9%, beating 81% of stocks",urn:newsml:newsroom:20240604:nNRAsvgd8a:0,NS:GLOSTP,BKT.MC
2024-06-04 13:12:59.249,Bankinter and Nuveen Natural Capital launch a fund focused on Spanish and Portuguese agricultural sector,urn:newsml:newsroom:20240604:nNRAsveuou:0,NS:NOTENG,BKT.MC
2024-06-04 09:07:27.543,"Monday June 03, 2024 Bankinter ADR Compendium - A Snapshot as of June 03",urn:newsml:newsroom:20240604:nNRAsvbtd9:0,NS:GLOROU,BKT.MC
2024-06-04 05:07:29.664,"Monday June 03, 2024 Bankinter ADR Compendium - A Snapshot as of June 03",urn:newsml:newsroom:20240604:nNRAsv9ikq:0,NS:GLOROU,BKT.MC
2024-06-04 00:00:00.000,"Tuesday June 04, 2024 What Happened Today to the Bankinter ADR",urn:newsml:newsroom:20240605:nNRAsvlhm3:0,NS:GLOROU,BKT.MC
2024-06-03 18:48:09.789,"Monthly: Bankinter ADR (BKNIY: $8.82) surges 16%, beating 86% of ADRs",urn:newsml:newsroom:20240603:nNRAsv28gf:0,NS:GLOROU,BKT.MC
2024-06-03 17:17:58.139,"Monthly: Bankinter (BKT: EUR8.12) gains 9%, beating 81% of stocks",urn:newsml:newsroom:20240603:nNRAsv0vb5:0,NS:GLOSTO,BKT.MC
2024-06-03 16:37:53.480,Bankinter (BKT: EUR8.16) closes at 5.2% above VWAP; +4c [0.5%],urn:newsml:newsroom:20240603:nNRAsuz2qu:0,NS:GLOSTO,BKT.MC
2024-06-03 06:07:51.090,"Monthly: Bankinter ADR (BKNIY: $8.82) surges 16%, beating 86% of ADRs",urn:newsml:newsroom:20240603:nNRAsuqtpa:0,NS:GLOROU,BKT.MC
2024-06-03 00:00:00.000,"Monday June 03, 2024 Bankinter ADR Compendium - A Snapshot as of June 03",urn:newsml:newsroom:20240604:nNRAsv7gv4:0,NS:GLOROU,BKT.MC
2024-06-02 11:28:41.456,"Bankinter, S.A. (OTCMKTS:BKNIY) Sees Large Drop in Short Interest",urn:newsml:newsroom:20240602:nNRAsummu1:0,NS:ZOLCOM,BKT.MC
2024-06-02 11:28:18.864,"Bankinter, S.A. (OTCMKTS:BKNIY) Sees Large Drop in Short Interest",urn:newsml:newsroom:20240602:nNRAsumhs7:0,NS:TICREP,BKT.MC
2024-06-01 09:30:07.231,"Bankinter, S.A. (OTCMKTS:BKNIY) Sees Significant Decline in Short Interest --",urn:link:webnews:20240601:nNRAsug92t:0,NS:ETFDAI,BKT.MC
2024-06-01 08:57:14.333,"Friday May 31, 2024 What Happened Today to the Bankinter ADR",urn:newsml:newsroom:20240601:nNRAsug7th:0,NS:GLOROU,BKT.MC
2024-06-01 04:56:39.284,"Friday May 31, 2024 What Happened Today to the Bankinter ADR",urn:newsml:newsroom:20240601:nNRAsudw1w:0,NS:GLOROU,BKT.MC
2024-06-01 00:00:00.000,Weekly: Bankinter (BKT: EUR8.12) keeps rising: up 19% in 7 weeks; +19c [2.4%],urn:newsml:newsroom:20240603:nNRAsv1hiz:0,NS:GLOWEE,BKT.MC
2024-05-31 16:22:52.781,"Monthly: Bankinter (BKT: EUR8.12) gains 9%, beating 81% of stocks",urn:newsml:newsroom:20240531:nNRAsu5iig:0,NS:GLOSTP,BKT.MC
2024-05-31 16:22:50.281,Weekly: Bankinter (BKT: EUR8.12) keeps rising: up 19% in 7 weeks; +19c [2.4%],urn:newsml:newsroom:20240531:nNRAsu5n4x:0,NS:GLOWEE,BKT.MC
2024-05-31 16:17:11.397,Bankinter (BKT: EUR8.12) falls 0.5% from 14-day high; -2c [0.2%],urn:newsml:newsroom:20240531:nNRAsu6g0x:0,NS:GLOSTO,BKT.MC
2024-05-31 09:02:10.813,"Thursday May 30, 2024 Bankinter ADR Compendium - A Snapshot as of May 30",urn:newsml:newsroom:20240531:nNRAstzaj5:0,NS:GLOROU,BKT.MC
2024-05-31 05:02:10.414,"Thursday May 30, 2024 Bankinter ADR Compendium - A Snapshot as of May 30",urn:newsml:newsroom:20240531:nNRAstxmtw:0,NS:GLOROU,BKT.MC
2024-05-31 00:00:00.000,"Monthly: Bankinter ADR (BKNIY: $8.82) up 16%, beating 86% of ADRs",urn:newsml:newsroom:20240601:nNRAsue6qx:0,NS:GLOROU,BKT.MC
2024-05-31 00:00:00.000,"Friday May 31, 2024 What Happened Today to the Bankinter ADR",urn:newsml:newsroom:20240601:nNRAsucxks:0,NS:GLOROU,BKT.MC
2024-05-30 16:17:14.732,Bankinter (BKT: EUR8.14) offers dividend yield of 5.8%; +22c [2.8%],urn:newsml:newsroom:20240530:nNRAstrxnc:0,NS:GLOSTO,BKT.MC
2024-05-30 09:02:42.327,"Wednesday May 29, 2024 All You Need to Know About the Bankinter ADR Today",urn:newsml:newsroom:20240530:nNRAstmo4z:0,NS:GLOROU,BKT.MC
2024-05-30 05:02:26.371,"Wednesday May 29, 2024 All You Need to Know About the Bankinter ADR Today",urn:newsml:newsroom:20240530:nNRAstkca7:0,NS:GLOROU,BKT.MC
2024-05-30 00:00:00.000,"Thursday May 30, 2024 Bankinter ADR Compendium - A Snapshot as of May 30",urn:newsml:newsroom:20240531:nNRAstvn93:0,NS:GLOROU,BKT.MC
2024-05-29 16:23:33.179,Bankinter (BKT: EUR7.92) offers earnings yield of 7.5%; -5c [0.6%],urn:newsml:newsroom:20240529:nNRAste8ow:0,NS:GLOSTO,BKT.MC
2024-05-29 00:00:00.000,"Wednesday May 29, 2024 All You Need to Know About the Bankinter ADR Today",urn:newsml:newsroom:20240530:nNRAstiqnp:0,NS:GLOROU,BKT.MC
2024-05-28 16:17:11.997,Bankinter (BKT: EUR7.97) hits year-high 33rd time in three months; +5c [0.6%],urn:newsml:newsroom:20240528:nNRAst0mjm:0,NS:GLOSTO,BKT.MC
2024-05-27 16:16:55.812,Bankinter (BKT: EUR7.92) falls 0.5% from 14-day high; -1c [0.1%],urn:newsml:newsroom:20240527:nNRAsso7q3:0,NS:GLOSTO,BKT.MC
2024-05-24 16:22:18.331,Weekly: Bankinter (BKT: EUR7.93) in top 3% performers of IBEX 35 Index in past week; +24c [3.1%],urn:newsml:newsroom:20240524:nNRAsrwi7q:0,NS:GLOWEE,BKT.MC
2024-05-23 16:17:03.872,Bankinter (BKT: EUR7.93) offers earnings yield of 7.4%; +2c [0.3%],urn:newsml:newsroom:20240523:nNRAsrg5g2:0,NS:GLOSTO,BKT.MC
2024-05-23 09:02:24.995,"Wednesday May 22, 2024 All You Need to Know About the Bankinter ADR Today",urn:newsml:newsroom:20240523:nNRAsr7yug:0,NS:GLOROU,BKT.MC
2024-05-23 05:02:34.042,"Wednesday May 22, 2024 All You Need to Know About the Bankinter ADR Today",urn:newsml:newsroom:20240523:nNRAsr37gr:0,NS:GLOROU,BKT.MC
2024-05-23 04:13:09.147,Bankinter (OTCMKTS:BKNIY) Stock Price Passes Above Two Hundred Day Moving Average of $6.87,urn:newsml:newsroom:20240523:nNRAsr0kn8:0,NS:WATNEW,BKT.MC
2024-05-23 04:10:53.988,Bankinter (OTCMKTS:BKNIY) Stock Price Passes Above Two Hundred Day Moving Average of $6.87,urn:newsml:newsroom:20240523:nNRAsr0g2o:0,NS:COMFIN,BKT.MC
2024-05-22 16:17:11.393,Bankinter (BKT: EUR7.91) offers dividend yield of 6%; +5c [0.6%],urn:newsml:newsroom:20240522:nNRAsqv1io:0,NS:GLOSTO,BKT.MC
2024-05-22 00:00:00.000,"Wednesday May 22, 2024 All You Need to Know About the Bankinter ADR Today",urn:newsml:newsroom:20240523:nNRAsqytrm:0,NS:GLOROU,BKT.MC
2024-05-21 16:17:22.018,"Bankinter (BKT: EUR7.86) keeps rising, up 4.7% in 3 days; +35c [4.7%]",urn:newsml:newsroom:20240521:nNRAsqdyr0:0,NS:GLOSTO,BKT.MC
2024-05-21 12:27:34.000,LIVE MARKETS-More to come from Spanish banks - DB,urn:newsml:reuters.com:20240521:nL8N3HO3LY:1,NS:RTRS,BKT.MC
2024-05-21 08:56:59.617,"Monday May 20, 2024 Bankinter ADR Compendium - A Snapshot as of May 20",urn:newsml:newsroom:20240521:nNRAsq6zii:0,NS:GLOROU,BKT.MC
2024-05-21 04:57:01.574,"Monday May 20, 2024 Bankinter ADR Compendium - A Snapshot as of May 20",urn:newsml:newsroom:20240521:nNRAsq3s7f:0,NS:GLOROU,BKT.MC
2024-05-20 16:16:57.332,Bankinter (BKT: EUR7.80) hits year-high 29th time in three months; +11c [1.4%],urn:newsml:newsroom:20240520:nNRAspx6yv:0,NS:GLOSTO,BKT.MC
2024-05-20 00:00:00.000,"Monday May 20, 2024 Bankinter ADR Compendium - A Snapshot as of May 20",urn:newsml:newsroom:20240521:nNRAsq1r0r:0,NS:GLOROU,BKT.MC
2024-05-18 08:57:08.272,"Friday May 17, 2024 What Happened Today to the Bankinter ADR",urn:newsml:newsroom:20240518:nNRAspcjoi:0,NS:GLOROU,BKT.MC
2024-05-18 04:56:54.814,"Friday May 17, 2024 What Happened Today to the Bankinter ADR",urn:newsml:newsroom:20240518:nNRAspaycx:0,NS:GLOROU,BKT.MC
2024-05-18 04:21:51.431,Weekly: Bankinter (BKT: EUR7.69) keeps rising: up 12% in 5 weeks; +12c [1.6%],urn:newsml:newsroom:20240518:nNRAspbb6m:0,NS:GLOWEE,BKT.MC
2024-05-17 16:39:29.853,Bankinter (BKT: EUR7.69) offers earnings yield of 7.7%; +18c [2.4%],urn:newsml:newsroom:20240517:nNRAsp5jm4:0,NS:GLOSTO,BKT.MC
2024-05-17 00:00:00.000,"Friday May 17, 2024 What Happened Today to the Bankinter ADR",urn:newsml:newsroom:20240518:nNRAsp9h24:0,NS:GLOROU,BKT.MC
2024-05-16 16:17:19.397,Bankinter (BKT: EUR7.51) offers dividend yield of 6.3%; -10c [1.3%],urn:newsml:newsroom:20240516:nNRAsomo4o:0,NS:GLOSTO,BKT.MC
2024-05-16 13:09:36.620,"Wednesday May 15, 2024 All You Need to Know About the Bankinter ADR Today",urn:newsml:newsroom:20240516:nNRAsoi2my:0,NS:GLOROU,BKT.MC
2024-05-16 08:12:29.540,"Wednesday May 15, 2024 All You Need to Know About the Bankinter ADR Today",urn:newsml:newsroom:20240516:nNRAsog1tf:0,NS:GLOROU,BKT.MC
2024-05-15 00:00:00.000,"Wednesday May 15, 2024 All You Need to Know About the Bankinter ADR Today",urn:newsml:newsroom:20240516:nNRAsoeipg:0,NS:GLOROU,BKT.MC
2024-05-14 16:19:13.193,Bankinter (BKT: EUR7.61) increases on firm volume; +7c [0.9%],urn:newsml:newsroom:20240514:nNRAsnqtxs:0,NS:GLOSTO,BKT.MC
2024-05-14 15:39:37.317,"(EN) BANKINTER, S.A. Interim Q1 (78995048)",urn:newsml:reuters.com:20240514:nGLF9DKKbx:23,NS:GLFILE,BKT.MC
2024-05-14 13:49:57.051,"Monday May 13, 2024 Bankinter ADR Compendium - A Snapshot as of May 13",urn:newsml:newsroom:20240514:nNRAsnowxn:0,NS:GLOROU,BKT.MC
2024-05-14 12:33:52.926,"(EN) BANKINTER, S.A. Full Year (78994916)",urn:newsml:reuters.com:20240514:nGLF8zqCzP:5,NS:GLFILE,BKT.MC
2024-05-14 09:14:16.213,"Bankinter, S.A. (OTCMKTS:BKNIY) Short Interest Up 66.7% in April",urn:newsml:newsroom:20240514:nNRAsnluif:0,NS:TRADAJ,BKT.MC
2024-05-14 08:37:19.963,"Monday May 13, 2024 Bankinter ADR Compendium - A Snapshot as of May 13",urn:newsml:newsroom:20240514:nNRAsnlqwl:0,NS:GLOROU,BKT.MC
2024-05-13 10:37:26.846,Monthly: Bankinter ADR (BKNIY: $7.60) up 21% in 2 months,urn:newsml:newsroom:20240513:nNRAsn69wc:0,NS:GLOROU,BKT.MC
2024-05-13 00:00:00.000,Bankinter (BKT: EUR7.54) offers earnings yield of 7.8%; -3c [0.4%],urn:newsml:newsroom:20240514:nNRAsnjti8:0,NS:GLOSTO,BKT.MC
2024-05-13 00:00:00.000,"Monday May 13, 2024 Bankinter ADR Compendium - A Snapshot as of May 13",urn:newsml:newsroom:20240514:nNRAsnjleq:0,NS:GLOROU,BKT.MC
2024-05-12 10:09:20.289,"Short Interest in Bankinter, S.A. (OTCMKTS:BKNIY) Rises By 66.7%",urn:newsml:newsroom:20240512:nNRAsmylbj:0,NS:ZOLCOM,BKT.MC
2024-05-11 04:21:54.955,Weekly: Bankinter (BKT: EUR7.57) shares post best week in three weeks; +18c [2.4%],urn:newsml:newsroom:20240511:nNRAsmqoz6:0,NS:GLOWEE,BKT.MC
2024-05-10 19:06:49.000,"Bankinter, S.A. (OTCMKTS:BKIMF) Sees Significant Drop in Short Interest",urn:newsml:newsroom:20240513:nNRAsn5fwd:0,NS:CERGEM,BKT.MC
2024-05-10 16:22:28.261,Weekly: Bankinter (BKT: EUR7.57) shares post best week in three weeks; +18c [2.4%],urn:newsml:newsroom:20240510:nNRAsmloxp:0,NS:GLOWEE,BKT.MC
2024-05-10 16:17:15.128,Bankinter (BKT: EUR7.57) lifts 1.7% strengthening above moving average price; +13c [1.7%],urn:newsml:newsroom:20240510:nNRAsmlig7:0,NS:GLOSTO,BKT.MC
2024-05-10 09:02:35.245,"Thursday May 09, 2024 Bankinter ADR Compendium - A Snapshot as of May 09",urn:newsml:newsroom:20240510:nNRAsmgd7y:0,NS:GLOROU,BKT.MC
2024-05-10 04:56:58.516,"Thursday May 09, 2024 Bankinter ADR Compendium - A Snapshot as of May 09",urn:newsml:newsroom:20240510:nNRAsmdxdg:0,NS:GLOROU,BKT.MC
2024-05-09 16:17:18.296,Bankinter (BKT: EUR7.44) offers dividend yield of 6.3%; -8c [1.1%],urn:newsml:newsroom:20240509:nNRAsm7km2:0,NS:GLOSTO,BKT.MC
2024-05-09 09:02:55.847,"Wednesday May 08, 2024 All You Need to Know About the Bankinter ADR Today",urn:newsml:newsroom:20240509:nNRAsm22ab:0,NS:GLOROU,BKT.MC
2024-05-09 04:57:06.622,"Wednesday May 08, 2024 All You Need to Know About the Bankinter ADR Today",urn:newsml:newsroom:20240509:nNRAslymg8:0,NS:GLOROU,BKT.MC
2024-05-09 00:00:00.000,"Thursday May 09, 2024 Bankinter ADR Compendium - A Snapshot as of May 09",urn:newsml:newsroom:20240510:nNRAsmc4mh:0,NS:GLOROU,BKT.MC
2024-05-08 16:17:22.762,Bankinter (BKT: EUR7.52) offers dividend yield of 6.3%; -4c [0.5%],urn:newsml:newsroom:20240508:nNRAslqztl:0,NS:GLOSTO,BKT.MC
2024-05-08 05:12:09.708,Bankinter studies taking its high net worth family office to Portugal,urn:newsml:newsroom:20240508:nNRAslka95:0,NS:NOTENG,BKT.MC
2024-05-08 00:00:00.000,"Wednesday May 08, 2024 All You Need to Know About the Bankinter ADR Today",urn:newsml:newsroom:20240509:nNRAslxsoo:0,NS:GLOROU,BKT.MC
2024-05-07 16:32:24.000,UPDATE 3-BBVA's Spanish expansion plans hit after Sabadell rejects takeover offer,urn:newsml:reuters.com:20240507:nL1N3HA0ZE:2,NS:RTRS,BKT.MC
2024-05-07 16:17:18.524,Bankinter (BKT: EUR7.56) offers earnings yield of 7.8%; +17c [2.3%],urn:newsml:newsroom:20240507:nNRAslbhwu:0,NS:GLOSTO,BKT.MC
2024-05-07 07:14:04.377,Bankinter brings forward the harvest of its logistics subsidiary and studies first asset sales,urn:newsml:newsroom:20240507:nNRAsl39qh:0,NS:NOTENG,BKT.MC
2024-05-07 06:13:21.878,Montepino invests 200 million in the development of logistics warehouses and will pay out a dividend of 26.5 million,urn:newsml:newsroom:20240507:nNRAsl2uhu:0,NS:NOTENG,BKT.MC
2024-05-06 20:42:09.080,Monthly: Bankinter ADR (BKNIY: $7.60) up 21% in 2 months,urn:newsml:newsroom:20240506:nNRAsky1z1:0,NS:GLOROU,BKT.MC
2024-05-06 15:08:33.748,Monthly: Bankinter (BKT: EUR7.42) up 28% in 2 months,urn:newsml:newsroom:20240506:nNRAsku3n4:0,NS:GLOSTP,BKT.MC
2024-05-04 04:21:56.168,Weekly: Bankinter (BKT: EUR7.39) keeps rising: up 8% in 3 weeks; +6c [0.8%],urn:newsml:newsroom:20240504:nNRAsk5ki3:0,NS:GLOWEE,BKT.MC
2024-05-03 16:22:16.269,Weekly: Bankinter (BKT: EUR7.39) keeps rising: up 8% in 3 weeks; +6c [0.8%],urn:newsml:newsroom:20240503:nNRAsjzrie:0,NS:GLOWEE,BKT.MC
2024-05-03 16:17:24.755,Bankinter (BKT: EUR7.39) drops 2.0% on increasing volatility; -15c [2.0%],urn:newsml:newsroom:20240503:nNRAsjzcmu:0,NS:GLOSTO,BKT.MC
2024-05-02 16:17:24.007,Bankinter (BKT: EUR7.54) offers dividend yield of 6.3%; +12c [1.6%] Vol Index 1.5 [1 is avg],urn:newsml:newsroom:20240502:nNRAsjgwo6:0,NS:GLOSTO,BKT.MC
2024-05-02 06:18:52.561,Monthly: Bankinter (BKT: EUR7.42) up 28% in 2 months,urn:newsml:newsroom:20240502:nNRAsjacwv:0,NS:GLOSTO,BKT.MC
2024-05-02 05:11:47.796,"(EN) BANKINTER, S.A. Quarterly Presentation (78861198)",urn:newsml:reuters.com:20240502:nGLF1sFVZH:3,NS:GLFILE,BKT.MC
2024-05-02 00:00:00.000,CaixaBank chooses to stay in Spain while the sector looks for new markets,urn:newsml:newsroom:20240503:nNRAsjorxj:0,NS:NOTENG,BKT.MC
2024-05-01 10:37:15.477,Monthly: Bankinter ADR (BKNIY: $7.60) up 21% in 2 months,urn:newsml:newsroom:20240501:nNRAsiz8wi:0,NS:GLOROU,BKT.MC
2024-05-01 08:57:09.400,"Tuesday April 30, 2024 What Happened Today to the Bankinter ADR",urn:newsml:newsroom:20240501:nNRAsiypx3:0,NS:GLOROU,BKT.MC
2024-05-01 06:13:32.446,"Spanish banking sector closes a historic quarter in profits, while a new phase of mergers begins",urn:newsml:newsroom:20240501:nNRAsiwbim:0,NS:NOTENG,BKT.MC
2024-05-01 06:08:14.675,Monthly: Bankinter ADR (BKNIY: $7.60) up 21% in 2 months,urn:newsml:newsroom:20240501:nNRAsiw299:0,NS:GLOROU,BKT.MC
2024-05-01 04:56:53.476,"Tuesday April 30, 2024 What Happened Today to the Bankinter ADR",urn:newsml:newsroom:20240501:nNRAsivz0c:0,NS:GLOROU,BKT.MC
2024-04-30 16:22:37.028,Monthly: Bankinter (BKT: EUR7.42) up 28% in 2 months,urn:newsml:newsroom:20240430:nNRAsiopuv:0,NS:GLOSTP,BKT.MC
2024-04-30 16:17:14.604,Bankinter (BKT: EUR7.42) offers earnings yield of 8%; +5c [0.7%],urn:newsml:newsroom:20240430:nNRAsiotlu:0,NS:GLOSTO,BKT.MC
2024-04-30 13:13:26.634,Large Spanish banks increased their profit by 17.2% in the first quarter to 6.6 billion euros,urn:newsml:newsroom:20240430:nNRAsimlfn:0,NS:NOTENG,BKT.MC
2024-04-30 10:12:19.072,Large banks boost profit 17% in the first quarter to almost 6.7 billion euros,urn:newsml:newsroom:20240430:nNRAsik7ud:0,NS:NOTENG,BKT.MC
2024-04-30 09:13:35.821,"Large banks obtain 6.6 billion euros in profits in the first quarter, up 17.2%.",urn:newsml:newsroom:20240430:nNRAsij9jj:0,NS:NOTENG,BKT.MC
2024-04-30 09:13:17.741,"Large banks once again shoot up their profits, earning 6.6 billion in the first quarter of 2024",urn:newsml:newsroom:20240430:nNRAsij64s:0,NS:NOTENG,BKT.MC
2024-04-30 08:57:02.218,"Monday April 29, 2024 Bankinter ADR Compendium - A Snapshot as of April 29",urn:newsml:newsroom:20240430:nNRAsijda0:0,NS:GLOROU,BKT.MC
2024-04-30 08:13:29.429,"Big banks earn 6,566 million in the first quarter and pay almost 1,500 million for the banking tax",urn:newsml:newsroom:20240430:nNRAsij9oi:0,NS:NOTENG,BKT.MC
2024-04-30 04:56:56.666,"Monday April 29, 2024 Bankinter ADR Compendium - A Snapshot as of April 29",urn:newsml:newsroom:20240430:nNRAsih5hy:0,NS:GLOROU,BKT.MC
2024-04-30 00:00:00.000,"Tuesday April 30, 2024 What Happened Today to the Bankinter ADR",urn:newsml:newsroom:20240501:nNRAsiuua8:0,NS:GLOROU,BKT.MC
2024-04-30 00:00:00.000,Monthly: Bankinter ADR (BKNIY: $7.60) up 21% in 2 months,urn:newsml:newsroom:20240501:nNRAsiun4k:0,NS:GLOROU,BKT.MC
2024-04-29 16:16:52.769,Bankinter (BKT: EUR7.37) hits year-high 21st time in three months; +4c [0.5%],urn:newsml:newsroom:20240429:nNRAsi9a34:0,NS:GLOSTO,BKT.MC
2024-04-29 12:13:08.170,"Short Interest in Bankinter, S.A. (OTCMKTS:BKNIY) Drops By 33.3%",urn:newsml:newsroom:20240429:nNRAsi68dx:0,NS:MARDAJ,BKT.MC
2024-04-29 00:00:00.000,"Monday April 29, 2024 Bankinter ADR Compendium - A Snapshot as of April 29",urn:newsml:newsroom:20240430:nNRAsieu40:0,NS:GLOROU,BKT.MC
2024-04-28 16:18:30.812,"Bankinter, S.A. (OTCMKTS:BKNIY) Sees Significant Drop in Short Interest",urn:newsml:newsroom:20240428:nNRAshxiqf:0,NS:DAILYQ,BKT.MC
2024-04-28 16:17:46.884,"Bankinter, S.A. (OTCMKTS:BKNIY) Sees Significant Decline in Short Interest",urn:newsml:newsroom:20240428:nNRAshxlhe:0,NS:TICREP,BKT.MC
2024-04-27 18:08:59.909,"Bankinter, S.A. (OTCMKTS:BKNIY) Short Interest Down 33.3% in April",urn:newsml:newsroom:20240427:nNRAshpjef:0,NS:STOOBS,BKT.MC
2024-04-27 17:47:47.315,"Bankinter, S.A. (OTCMKTS:BKNIY) Short Interest Down 33.3% in April",urn:newsml:newsroom:20240427:nNRAshrkdm:0,NS:WATNEW,BKT.MC
2024-04-27 04:21:54.450,Weekly: Bankinter (BKT: EUR7.33) up 7% in 2 weeks; +8c [1.1%],urn:newsml:newsroom:20240427:nNRAshl6oh:0,NS:GLOWEE,BKT.MC
2024-04-26 16:22:15.651,Weekly: Bankinter (BKT: EUR7.33) up 7% in 2 weeks; +8c [1.1%],urn:newsml:newsroom:20240426:nNRAshewo3:0,NS:GLOWEE,BKT.MC
2024-04-26 16:17:21.158,Bankinter (BKT: EUR7.33) in 3rd consecutive rise; +7c [1.0%],urn:newsml:newsroom:20240426:nNRAshfece:0,NS:GLOSTO,BKT.MC
2024-04-26 10:56:53.000,Spain's Bankinter takes on Irish banks with deposit move,urn:newsml:reuters.com:20240426:nL2N3GZ0SK:1,NS:RTRS,BKT.MC
2024-04-25 16:17:12.513,Bankinter (BKT: EUR7.31) offers dividend yield of 6.5%; +4c [0.6%] Vol Index 1.2 [1 is avg],urn:newsml:newsroom:20240425:nNRAsh0qg1:0,NS:GLOSTO,BKT.MC
2024-04-25 09:05:56.800,"Wednesday April 24, 2024 All You Need to Know About the Bankinter ADR Today",urn:newsml:newsroom:20240425:nNRAsgutn9:0,NS:GLOROU,BKT.MC
2024-04-25 04:56:57.100,"Wednesday April 24, 2024 All You Need to Know About the Bankinter ADR Today",urn:newsml:newsroom:20240425:nNRAsgsym2:0,NS:GLOROU,BKT.MC
2024-04-24 16:17:19.587,Bankinter (BKT: EUR7.27) offers earnings yield of 8.1%; +1c [0.1%],urn:newsml:newsroom:20240424:nNRAsgm6jn:0,NS:GLOSTO,BKT.MC
2024-04-24 08:56:57.456,"Tuesday April 23, 2024 What Happened Today to the Bankinter ADR",urn:newsml:newsroom:20240424:nNRAsgfzig:0,NS:GLOROU,BKT.MC
2024-04-24 04:56:54.742,"Tuesday April 23, 2024 What Happened Today to the Bankinter ADR",urn:newsml:newsroom:20240424:nNRAsgcsr5:0,NS:GLOROU,BKT.MC
2024-04-24 00:00:00.000,"Wednesday April 24, 2024 All You Need to Know About the Bankinter ADR Today",urn:newsml:newsroom:20240425:nNRAsgp7up:0,NS:GLOROU,BKT.MC
2024-04-23 16:17:14.912,Bankinter (BKT: EUR7.26) decreases on firm volume; -1c [0.1%],urn:newsml:newsroom:20240423:nNRAsg5nrg:0,NS:GLOSTO,BKT.MC
2024-04-23 08:57:15.315,"Monday April 22, 2024 Bankinter ADR Compendium - A Snapshot as of April 22",urn:newsml:newsroom:20240423:nNRAsg0zgo:0,NS:GLOROU,BKT.MC
2024-04-23 07:07:14.047,Banco de Sabadell's Earnings Growth Outperforms Bankinter,urn:newsml:newsroom:20240423:nNRAsfzuqn:0,NS:GLOSTO,BKT.MC
2024-04-23 05:12:21.694,Bankinter faces the sale of its socimi Atom for close to 900 million to provide an exit for its private banking clients,urn:newsml:newsroom:20240423:nNRAsfz1ut:0,NS:NOTENG,BKT.MC
2024-04-23 04:56:53.929,"Monday April 22, 2024 Bankinter ADR Compendium - A Snapshot as of April 22",urn:newsml:newsroom:20240423:nNRAsfz011:0,NS:GLOROU,BKT.MC
2024-04-23 00:00:00.000,"Tuesday April 23, 2024 What Happened Today to the Bankinter ADR",urn:newsml:newsroom:20240424:nNRAsgb641:0,NS:GLOROU,BKT.MC
2024-04-22 16:17:02.607,Bankinter (BKT: EUR7.27) hits year-high 18th time in three months; +2c [0.3%] Vol Index 1.3 [1 is avg],urn:newsml:newsroom:20240422:nNRAsfqqq1:0,NS:GLOSTO,BKT.MC
2024-04-22 06:17:16.465,Weekly: Bankinter (BKT: EUR7.25) in top 2% performers of IBEX 35 Index in past week; +41c [6.0%],urn:newsml:newsroom:20240422:nNRAsflk95:0,NS:GLOSTO,BKT.MC
2024-04-22 05:00:00.000,PREVIEW-Europe's bank earnings to offer interest rate reality check,urn:newsml:reuters.com:20240422:nL5N3GS26G:7,NS:RTRS,BKT.MC
2024-04-22 00:00:00.000,Bankinter lowers the price of its fixed mortgage after selling less in the first quarter,urn:newsml:newsroom:20240423:nNRAsfxh8b:0,NS:NOTENG,BKT.MC
2024-04-22 00:00:00.000,"Monday April 22, 2024 Bankinter ADR Compendium - A Snapshot as of April 22",urn:newsml:newsroom:20240423:nNRAsfwpt8:0,NS:GLOROU,BKT.MC
2024-04-20 04:26:57.893,Weekly: Bankinter (BKT: EUR7.25) in top 2% performers of IBEX 35 Index in past week; +41c [6.0%],urn:newsml:newsroom:20240420:nNRAsf6dmz:0,NS:GLOWEE,BKT.MC
2024-04-19 16:22:33.230,Weekly: Bankinter (BKT: EUR7.25) in top 2% performers of IBEX 35 Index in past week; +41c [6.0%],urn:newsml:newsroom:20240419:nNRAsf1kam:0,NS:GLOWEE,BKT.MC
2024-04-19 16:17:19.540,Bankinter (BKT: EUR7.25) offers dividend yield of 6.5%; -3c [0.4%],urn:newsml:newsroom:20240419:nNRAsf1fb3:0,NS:GLOSTO,BKT.MC
2024-04-19 05:12:04.333,"Bankinter earns 201 million euros through March, up 9%, after paying 95 million euros for the banking tax",urn:newsml:newsroom:20240419:nNRAsesla4:0,NS:NOTENG,BKT.MC
2024-04-19 04:58:03.142,European shares rise on strong earnings,urn:newsml:newsroom:20240419:nNRAseri2y:0,NS:IRITIM,BKT.MC
2024-04-19 00:07:37.546,Bankinter (OTCMKTS:BKIMF) Trading Down 1.7%,urn:newsml:newsroom:20240419:nNRAsep4rr:0,NS:COMFIN,BKT.MC
2024-04-18 20:41:50.030,"Bankinter earns 200.8 million euros in the first quarter, up 8.7%.",urn:newsml:newsroom:20240418:nNRAsenixr:0,NS:CENAFT,BKT.MC
2024-04-18 17:11:35.938,Bankinter's new CEO stresses that she begins her term with business challenges and regulatory demands,urn:newsml:newsroom:20240418:nNRAseldfg:0,NS:NOTENG,BKT.MC
2024-04-18 17:11:28.639,"Bankinter earns 201 million euros through March, up 9%, after paying 95 million euros for the tax",urn:newsml:newsroom:20240418:nNRAsel9z5:0,NS:NOTENG,BKT.MC
2024-04-18 16:25:35.347,Bankinter (BKT: EUR7.28) offers earnings yield of 8.1%; +37c [5.4%] Vol Index 2.3 [1 is avg],urn:newsml:newsroom:20240418:nNRAsekkez:0,NS:GLOSTO,BKT.MC
2024-04-18 14:13:15.045,"Gloria Ortiz (Bankinter) asks for a concrete tax proposal: ""I am not talking about trial balloons"".",urn:newsml:newsroom:20240418:nNRAsej4pg:0,NS:NOTENG,BKT.MC
2024-04-18 13:12:43.487,"""Portugal has seen impressive growth"" in corporate credit, says Gloria Ortiz, CEO of Bankinter",urn:newsml:newsroom:20240418:nNRAseheec:0,NS:NOTENG,BKT.MC
2024-04-18 13:11:36.273,"""New bank? Our preference is organic growth,"" says Bankinter's new CEO",urn:newsml:newsroom:20240418:nNRAsehr5t:0,NS:NOTENG,BKT.MC
2024-04-18 11:36:40.000,UPDATE 3-Bankinter 'optimistic' on lending income after Q1 net profit beat,urn:newsml:reuters.com:20240418:nL5N3GR19Z:2,NS:RTRS,BKT.MC
2024-04-18 10:49:07.427,"Bankinter Is Not Looking At Potentially Buying Portuguese Novo Banco, CEO Says",urn:newsml:reuters.com:20240418:nRSD9jM3HG:1,NS:SIGDEV,BKT.MC
2024-04-18 10:39:29.000,"BRIEF-Bankinter Is Not Looking At Potentially Buying Portuguese Novo Banco, CEO Says",urn:newsml:reuters.com:20240418:nS0N3BV01M:1,NS:RTRS,BKT.MC
2024-04-18 10:27:17.745,Bankinter's CEO Says There Is No Process To Sell Its REIT Atom,urn:newsml:reuters.com:20240418:nRSD2TvXmj:1,NS:SIGDEV,BKT.MC
2024-04-18 10:17:12.000,BRIEF-Bankinter's CEO Says There Is No Process To Sell Its REIT Atom,urn:newsml:reuters.com:20240418:nS0N3BV01L:1,NS:RTRS,BKT.MC
2024-04-18 10:13:22.549,"Bankinter earns 200.8 M up to March, 8.7% more than a year earlier",urn:newsml:newsroom:20240418:nNRAsef7uk:0,NS:NOTENG,BKT.MC
2024-04-18 10:13:18.921,"Bankinter earns 200 million euros, 8.7% more, despite the tax on banks",urn:newsml:newsroom:20240418:nNRAsedxvk:0,NS:NOTENG,BKT.MC
2024-04-18 10:13:10.586,Bankinter's profits grow 8.7% in the first quarter to 200.8 million euros,urn:newsml:newsroom:20240418:nNRAseeyiu:0,NS:NOTENG,BKT.MC
2024-04-18 09:18:13.428,Bankinter earns 9% more despite raising the payment for the bank tax to 95 million euros,urn:newsml:newsroom:20240418:nNRAseeif3:0,NS:NOTENG,BKT.MC
2024-04-18 09:16:27.924,"Bankinter with profits of 200.8 million in the quarter, up 8.7%",urn:newsml:newsroom:20240418:nNRAsedqq0:0,NS:NOTENG,BKT.MC
2024-04-18 09:16:17.154,"Bankinter earns 201 million up to March, up 8.7%.",urn:newsml:newsroom:20240418:nNRAseeebn:0,NS:NOTENG,BKT.MC
2024-04-18 09:15:45.801,"Bankinter earns 200.8 million up to March, an 8.7% increase, and raises profitability to 18.4%.",urn:newsml:newsroom:20240418:nNRAseddtd:0,NS:NOTENG,BKT.MC
2024-04-18 09:14:57.554,"Bankinter profits over 200 million euros in the first quarter, Portugal contributes 47 million",urn:newsml:newsroom:20240418:nNRAsedxjq:0,NS:NOTENG,BKT.MC
2024-04-18 08:56:22.788,"Wednesday April 17, 2024 All You Need to Know About the Bankinter ADR Today",urn:newsml:newsroom:20240418:nNRAsedcl8:0,NS:GLOROU,BKT.MC
2024-04-18 08:13:34.888,"Bankinter earns 201 million euros through March, up 9%, after paying 95 million euros for the tax",urn:newsml:newsroom:20240418:nNRAsedzjp:0,NS:NOTENG,BKT.MC
2024-04-18 07:54:30.815,"Bankinter Might Wait Until June To Update NII Guidance, CFO says",urn:newsml:reuters.com:20240418:nRSDbvqPN9:1,NS:SIGDEV,BKT.MC
2024-04-18 07:48:15.962,"Bankinter Is Optimistic Regarding Future Evolution Of NII, CEO Says",urn:newsml:reuters.com:20240418:nRSD1llQHX:1,NS:SIGDEV,BKT.MC
2024-04-18 07:44:32.000,"BRIEF-Bankinter Might Wait Until June To Update NII Guidance, CFO says",urn:newsml:reuters.com:20240418:nS0N3BV01K:1,NS:RTRS,BKT.MC
2024-04-18 07:35:32.000,"BRIEF-Bankinter Is Optimistic Regarding Future Evolution Of NII, CEO Says",urn:newsml:reuters.com:20240418:nS0N35V02Q:1,NS:RTRS,BKT.MC
2024-04-18 07:00:00.000,Q1 2024 Bankinter SA Earnings Call,urn:newsml:reuters.com:20240418:nTRN6HGPL3:1,NS:TRANS,BKT.MC
2024-04-18 06:18:18.301,Bankinter Q1 Net Interest Income At 578 Mln Euros,urn:newsml:reuters.com:20240418:nRSDb94YZN:1,NS:SIGDEV,BKT.MC
2024-04-18 06:05:35.000,BRIEF-Bankinter Q1 Net Interest Income At 578 Mln Euros,urn:newsml:reuters.com:20240418:nFWN3GQ22J:1,NS:RTRS,BKT.MC
2024-04-18 06:04:25.000,Bankinter's Q1 net profit rises 9% from same period in 2023,urn:newsml:reuters.com:20240418:nL5N3GQ6BY:2,NS:RTRS,BKT.MC
2024-04-18 06:00:00.000,Q1 2024 Bankinter SA Earnings Call - Final,urn:newsml:newsroom:20240515:nNRAso5mwc:0,NS:FDFAIR,BKT.MC
2024-04-18 04:56:09.193,"Wednesday April 17, 2024 All You Need to Know About the Bankinter ADR Today",urn:newsml:newsroom:20240418:nNRAseb9ns:0,NS:GLOROU,BKT.MC
2024-04-18 00:00:00.000,"Ortiz makes his debut as CEO of Bankinter: ""We have to reorganize the rapid growth we have experienced in recent years"".",urn:newsml:newsroom:20240419:nNRAseyeeg:0,NS:NOTENG,BKT.MC
2024-04-18 00:00:00.000,"Ortiz: inheritance and continuity, but without policy",urn:newsml:newsroom:20240419:nNRAsesnz3:0,NS:NOTENG,BKT.MC
2024-04-17 16:16:14.091,Bankinter (BKT: EUR6.91) lifts 1.5% strengthening above moving average price; +10c [1.5%],urn:newsml:newsroom:20240417:nNRAse5vhx:0,NS:GLOSTO,BKT.MC
2024-04-17 14:41:00.206,"Jefferies reiterates 'hold' Bankinter, with a valuation of 6.80 euros, prior to its results",urn:newsml:newsroom:20240417:nNRAse4q0t:0,NS:CENAFT,BKT.MC
2024-04-17 11:12:43.694,"Bankinter earns 193 million up to March, 4.5% more, according to analysts",urn:newsml:newsroom:20240417:nNRAse1j55:0,NS:NOTENG,BKT.MC
2024-04-17 09:13:51.286,Bankinter has doubts about the takeover bid for Naturgy: the government's permission may delay and complicate the operation.,urn:newsml:newsroom:20240417:nNRAse0q5i:0,NS:NOTENG,BKT.MC
2024-04-17 00:00:00.000,"Wednesday April 17, 2024 All You Need to Know About the Bankinter ADR Today",urn:newsml:newsroom:20240418:nNRAse9adq:0,NS:GLOROU,BKT.MC
2024-04-16 16:17:12.182,Bankinter (BKT: EUR6.81) offers dividend yield of 6.9%; -8c [1.2%],urn:newsml:newsroom:20240416:nNRAsdrohs:0,NS:GLOSTO,BKT.MC
2024-04-16 08:57:13.793,"Monday April 15, 2024 Bankinter ADR Compendium - A Snapshot as of April 15",urn:newsml:newsroom:20240416:nNRAsdnkce:0,NS:GLOROU,BKT.MC
2024-04-16 04:56:54.507,"Monday April 15, 2024 Bankinter ADR Compendium - A Snapshot as of April 15",urn:newsml:newsroom:20240416:nNRAsdlm9q:0,NS:GLOROU,BKT.MC
2024-04-15 16:17:11.636,Bankinter (BKT: EUR6.89) offers dividend yield of 6.8%; +5c [0.7%],urn:newsml:newsroom:20240415:nNRAsdfhat:0,NS:GLOSTO,BKT.MC
2024-04-15 12:37:54.507,"Bankinter, S.A. (OTCMKTS:BKNIY) Sees Large Growth in Short Interest",urn:newsml:newsroom:20240415:nNRAsddh1u:0,NS:TRADAJ,BKT.MC
2024-04-15 06:27:19.804,Weekly: Bankinter (BKT: EUR6.84) shares post worst week in ten weeks; -14c [2.0%],urn:newsml:newsroom:20240415:nNRAsd99tl:0,NS:GLOSTO,BKT.MC
2024-04-15 00:00:00.000,"Monday April 15, 2024 Bankinter ADR Compendium - A Snapshot as of April 15",urn:newsml:newsroom:20240416:nNRAsdjcxf:0,NS:GLOROU,BKT.MC
2024-04-14 08:47:37.743,"Bankinter, S.A. (OTCMKTS:BKNIY) Short Interest Up 28.6% in March",urn:newsml:newsroom:20240414:nNRAsd327n:0,NS:ZOLCOM,BKT.MC
2024-04-13 19:07:54.568,"Bankinter, S.A. (OTCMKTS:BKNIY) Sees Significant Increase in Short Interest",urn:newsml:newsroom:20240413:nNRAsd094i:0,NS:CERGEM,BKT.MC
2024-04-13 04:27:33.223,Weekly: Bankinter (BKT: EUR6.84) shares post worst week in ten weeks; -14c [2.0%],urn:newsml:newsroom:20240413:nNRAscwa9x:0,NS:GLOWEE,BKT.MC
2024-04-12 16:22:23.789,Weekly: Bankinter (BKT: EUR6.84) shares post worst week in ten weeks; -14c [2.0%],urn:newsml:newsroom:20240412:nNRAscq31r:0,NS:GLOWEE,BKT.MC
2024-04-12 16:17:13.751,Bankinter (BKT: EUR6.84) offers earnings yield of 8.6%; -7c [1.0%],urn:newsml:newsroom:20240412:nNRAscr5dy:0,NS:GLOSTO,BKT.MC
2024-04-11 16:17:15.580,Bankinter (BKT: EUR6.91) drops 1.8% on increasing volatility; -13c [1.8%],urn:newsml:newsroom:20240411:nNRAscbzfv:0,NS:GLOSTO,BKT.MC
2024-04-11 13:57:22.869,Bankinter (OTCMKTS:BKNIY) Reaches New 12-Month High at $7.80,urn:newsml:newsroom:20240411:nNRAscaq8s:0,NS:DAILYQ,BKT.MC
2024-04-11 13:53:26.310,Bankinter (OTCMKTS:BKNIY) Reaches New 12-Month High at $7.80,urn:newsml:newsroom:20240411:nNRAscbrna:0,NS:TICREP,BKT.MC
2024-04-11 10:07:45.781,"(EN) BANKINTER, S.A. ESG (78347930)",urn:newsml:reuters.com:20240411:nGLF27vxcc:5,NS:GLFILE,BKT.MC
2024-04-11 09:52:59.386,"(EN) BANKINTER, S.A. Annual General Meeting (78347895)",urn:newsml:reuters.com:20240411:nGLF1wgfCD:5,NS:GLFILE,BKT.MC
2024-04-11 09:51:37.112,"(EN) BANKINTER, S.A. Full Year (78347518)",urn:newsml:reuters.com:20240411:nGLF9pH118:6,NS:GLFILE,BKT.MC
2024-04-11 09:45:13.803,"(EN) BANKINTER, S.A. Full Year (78347517)",urn:newsml:reuters.com:20240411:nGLFrbX5Z:6,NS:GLFILE,BKT.MC
2024-04-11 09:42:40.204,"(EN) BANKINTER, S.A. Annual General Meeting (78347730)",urn:newsml:reuters.com:20240411:nGLF1ZfvgV:3,NS:GLFILE,BKT.MC
2024-04-10 22:32:31.145,"(EN) BANKINTER, S.A. Full Year (78339677)",urn:newsml:reuters.com:20240410:nGLF8dykSK:3,NS:GLFILE,BKT.MC
2024-04-10 16:17:21.048,Bankinter (BKT: EUR7.04) increases on rising relative strength; +4c [0.6%],urn:newsml:newsroom:20240410:nNRAsbv2kj:0,NS:GLOSTO,BKT.MC
2024-04-10 04:13:23.348,Bankinter (OTCMKTS:BKNIY) Reaches New 12-Month High at $7.80,urn:newsml:newsroom:20240410:nNRAsbmdzo:0,NS:STOOBS,BKT.MC
2024-04-09 16:16:56.238,Bankinter (BKT: EUR7.0) offers dividend yield of 6.8%; -6c [0.8%],urn:newsml:newsroom:20240409:nNRAsbdvqq:0,NS:GLOSTO,BKT.MC
2024-04-08 16:16:52.033,Bankinter (BKT: EUR7.06) offers earnings yield of 8.4%; +8c [1.1%],urn:newsml:newsroom:20240408:nNRAsaybuw:0,NS:GLOSTO,BKT.MC
2024-04-08 06:17:22.336,"Weekly: Bankinter (BKT: EUR6.98) rises for a third consecutive week, a three-week rise of 8%; +51.707c [8.0%]",urn:newsml:newsroom:20240408:nNRAsaqk7i:0,NS:GLOSTO,BKT.MC
2024-04-06 04:26:53.868,"Weekly: Bankinter (BKT: EUR6.98) rises for a third consecutive week, a three-week rise of 8%; +20c [2.9%]",urn:newsml:newsroom:20240406:nNRAsaduc4:0,NS:GLOWEE,BKT.MC
2024-04-05 16:22:25.365,"Weekly: Bankinter (BKT: EUR6.98) rises for a third consecutive week, a three-week rise of 8%; +20c [2.9%]",urn:newsml:newsroom:20240405:nNRAsa7yse:0,NS:GLOWEE,BKT.MC
2024-04-05 16:18:47.739,Bankinter (BKT: EUR6.98) drops on increasing volatility; -2c [0.3%],urn:newsml:newsroom:20240405:nNRAsa8568:0,NS:GLOSTO,BKT.MC
2024-04-05 00:00:00.000,Weekly: Bankinter ADR (BKNIY: $7.80) accelerates rise: up 12% in 2 weeks; +60c [8.3%],urn:newsml:newsroom:20240406:nNRAsadcno:0,NS:GLOROU,BKT.MC
2024-04-05 00:00:00.000,"Friday April 05, 2024 What Happened Today to the Bankinter ADR",urn:newsml:newsroom:20240406:nNRAsad6vk:0,NS:GLOROU,BKT.MC
2024-04-04 16:17:13.812,Bankinter (BKT: EUR7.0) in 8th consecutive rise; +33c [4.9%],urn:newsml:newsroom:20240404:nNRAs9t5bk:0,NS:GLOSTO,BKT.MC
2024-04-04 00:00:00.000,"Thursday April 04, 2024 Bankinter ADR Compendium - A Snapshot as of April 04",urn:newsml:newsroom:20240405:nNRAs9xc8e:0,NS:GLOROU,BKT.MC
2024-04-03 17:17:20.430,Bankinter (BKT: EUR6.92) offers dividend yield of 6.8%; +3c [0.4%],urn:newsml:newsroom:20240403:nNRAs9gqs8:0,NS:GLOSTO,BKT.MC
2024-04-03 00:00:00.000,"Wednesday April 03, 2024 All You Need to Know About the Bankinter ADR Today",urn:newsml:newsroom:20240404:nNRAs9k20q:0,NS:GLOROU,BKT.MC
2024-04-02 17:17:15.943,Bankinter (BKT: EUR6.89) offers earnings yield of 8.6%; +11c [1.6%],urn:newsml:newsroom:20240402:nNRAs91fm5:0,NS:GLOSTO,BKT.MC
2024-04-02 14:43:35.241,Monthly: Bankinter (BKT: EUR6.78) up 19% in 2 months,urn:newsml:newsroom:20240402:nNRAs8z9n2:0,NS:GLOSTP,BKT.MC
2024-04-02 06:18:33.645,"Weekly: Bankinter (BKT: EUR6.78) rises for a second consecutive week, a two-week rise of 8%; +47.446c [7.5%]",urn:newsml:newsroom:20240402:nNRAs8thvc:0,NS:GLOSTO,BKT.MC
2024-04-02 06:17:52.528,Monthly: Bankinter (BKT: EUR6.78) up 19% in 2 months,urn:newsml:newsroom:20240402:nNRAs8syj9:0,NS:GLOSTO,BKT.MC
2024-04-02 06:17:33.195,"Bankinter Compendium - A Snapshot as of March 31, 2024",urn:newsml:newsroom:20240402:nNRAs8sywt:0,NS:GLOSTO,BKT.MC
2024-04-02 04:27:38.331,"Weekly: Bankinter (BKT: EUR6.78) rises for a second consecutive week, a two-week rise of 8%; +21.87c [3.3%]",urn:newsml:newsroom:20240402:nNRAs8rvyh:0,NS:GLOWEE,BKT.MC
2024-04-02 00:00:00.000,"Tuesday April 02, 2024 What Happened Today to the Bankinter ADR",urn:newsml:newsroom:20240403:nNRAs96mjn:0,NS:GLOROU,BKT.MC
2024-04-01 20:42:21.162,Monthly: Bankinter ADR (BKNIY: $7.20) rises 16% on high volatility in March 2024,urn:newsml:newsroom:20240401:nNRAs8pgti:0,NS:GLOROU,BKT.MC
2024-04-01 10:37:49.092,Monthly: Bankinter ADR (BKNIY: $7.20) rises 16% on high volatility in March 2024,urn:newsml:newsroom:20240401:nNRAs8hzb2:0,NS:GLOROU,BKT.MC
2024-04-01 00:00:00.000,"Monday April 01, 2024 Bankinter ADR Compendium - A Snapshot as of April 01",urn:newsml:newsroom:20240402:nNRAs8qhrd:0,NS:GLOROU,BKT.MC
2024-03-29 22:08:49.299,"Bankinter, S.A. (OTCMKTS:BKNIY) Short Interest Update",urn:newsml:newsroom:20240329:nNRAs82fu2:0,NS:STOOBS,BKT.MC
2024-03-29 20:58:41.984,"Bankinter, S.A. (OTCMKTS:BKNIY) Short Interest Update",urn:newsml:newsroom:20240329:nNRAs82guz:0,NS:WATNEW,BKT.MC
2024-03-28 17:37:02.397,End-of-Quarter Synopsis Monthly : Bankinter (BKT: EUR6.78) up 19% in 2 months,urn:newsml:newsroom:20240328:nNRAs7k73q:0,NS:GLOSTO,BKT.MC
2024-03-28 17:22:42.617,Monthly: Bankinter (BKT: EUR6.78) up 19% in 2 months,urn:newsml:newsroom:20240328:nNRAs7k1cf:0,NS:GLOSTP,BKT.MC
2024-03-28 17:22:35.444,"Weekly: Bankinter (BKT: EUR6.78) rises for a second consecutive week, a two-week rise of 8%; +21.87c [3.3%]",urn:newsml:newsroom:20240328:nNRAs7jt3e:0,NS:GLOWEE,BKT.MC
2024-03-28 17:17:29.316,Bankinter (BKT: EUR6.78) in 5th consecutive rise; +11c [1.6%],urn:newsml:newsroom:20240328:nNRAs7jhxf:0,NS:GLOSTO,BKT.MC
2024-03-28 13:14:02.832,Bankinter distributes today 96.8 million euros as dividend to its shareholders,urn:newsml:newsroom:20240328:nNRAs7i0el:0,NS:NOTENG,BKT.MC
2024-03-28 00:00:00.000,"Thursday March 28, 2024 Bankinter ADR Compendium - A Snapshot as of March 28",urn:newsml:newsroom:20240329:nNRAs7rmux:0,NS:GLOROU,BKT.MC
2024-03-28 00:00:00.000,Weekly: Bankinter ADR (BKNIY: $7.20) up 7% in 2 weeks; +23.543c [3.4%],urn:newsml:newsroom:20240329:nNRAs7ql9c:0,NS:GLOROU,BKT.MC
2024-03-27 17:17:18.186,Bankinter (BKT: EUR6.76) hits year-high 9th time in one month; +4c [0.6%],urn:newsml:newsroom:20240327:nNRAs74djl:0,NS:GLOSTO,BKT.MC
2024-03-27 09:02:28.397,"Tuesday March 26, 2024 What Happened Today to the Bankinter ADR",urn:newsml:newsroom:20240327:nNRAs6ysat:0,NS:GLOROU,BKT.MC
2024-03-27 06:13:47.042,Bankinter recovers the figure of the coordinating director with the change of top management,urn:newsml:newsroom:20240327:nNRAs6wx4t:0,NS:NOTENG,BKT.MC
2024-03-26 17:17:17.242,Bankinter (BKT: EUR6.72) offers dividend yield of 8.4%; ex-Dividend; +8c [1.2%] Vol Index 1.3 [1 is avg],urn:newsml:newsroom:20240326:nNRAs6qxo3:0,NS:GLOSTO,BKT.MC
2024-03-26 08:57:20.549,"Monday March 25, 2024 Bankinter ADR Compendium - A Snapshot as of March 25",urn:newsml:newsroom:20240326:nNRAs6iy9i:0,NS:GLOROU,BKT.MC
2024-03-26 00:00:00.000,"Tuesday March 26, 2024 What Happened Today to the Bankinter ADR",urn:newsml:newsroom:20240327:nNRAs6tibz:0,NS:GLOROU,BKT.MC
2024-03-25 19:11:16.494,Ortiz reshuffles part of Bankinter's top management and gives more weight to the CFO,urn:newsml:newsroom:20240325:nNRAs6dgmf:0,NS:NOTENG,BKT.MC
2024-03-25 17:17:28.297,Bankinter (BKT: EUR6.75) offers earnings yield of 8.7%; +5c [0.7%],urn:newsml:newsroom:20240325:nNRAs6c9ty:0,NS:GLOSTO,BKT.MC
2024-03-25 15:12:12.034,Bankinter's new CEO reshuffles its management committee,urn:newsml:newsroom:20240325:nNRAs6b5nk:0,NS:NOTENG,BKT.MC
2024-03-25 14:12:54.941,"Bankinter, S.A. (OTCMKTS:BKNIY) Plans $0.09 Dividend",urn:newsml:newsroom:20240325:nNRAs6b7k9:0,NS:MARDAJ,BKT.MC
2024-03-25 12:37:07.596,Weekly: Bankinter ADR (BKNIY: $7.08) posts worst week in eight weeks; -18c [2.5%],urn:newsml:newsroom:20240325:nNRAs65oh7:0,NS:GLOROU,BKT.MC
2024-03-25 10:37:10.518,Weekly: Bankinter ADR (BKNIY: $7.08) posts worst week in eight weeks; -18c [2.5%],urn:newsml:newsroom:20240325:nNRAs643ul:0,NS:GLOROU,BKT.MC
2024-03-25 10:07:48.678,Bankinter SA's Dividend Analysis,urn:newsml:newsroom:20240325:nNRAs63w0l:0,NS:GURCOM,BKT.MC
2024-03-25 09:07:26.270,Investors concerned as Bankinter down in recent days,urn:newsml:newsroom:20240325:nNRAs636sx:0,NS:GLOROU,BKT.MC
2024-03-25 07:43:00.000,Spanish stocks - Factors to watch on March 25,urn:newsml:reuters.com:20240325:nL5N3G30V7:1,NS:RTRS,BKT.MC
2024-03-25 06:37:07.338,Weekly: Bankinter ADR (BKNIY: $7.08) posts worst week in eight weeks; -18c [2.5%],urn:newsml:newsroom:20240325:nNRAs61y45:0,NS:GLOROU,BKT.MC
2024-03-25 00:00:00.000,"Bankinter sees Ibex likely to reach 12,000 points this year",urn:newsml:newsroom:20240326:nNRAs6iemc:0,NS:NOTENG,BKT.MC
2024-03-25 00:00:00.000,"Monday March 25, 2024 Bankinter ADR: How it compares to other IDRs and ADRs",urn:newsml:newsroom:20240326:nNRAs6fvbs:0,NS:GLOROU,BKT.MC
2024-03-25 00:00:00.000,"Monday March 25, 2024 Bankinter ADR Compendium - A Snapshot as of March 25",urn:newsml:newsroom:20240326:nNRAs6ftfz:0,NS:GLOROU,BKT.MC
2024-03-24 11:09:05.192,"Bankinter, S.A. (BKNIY) to Issue Dividend of $0.09 on  April 8th",urn:newsml:newsroom:20240324:nNRAs5x1vi:0,NS:ZOLCOM,BKT.MC
2024-03-23 08:57:18.889,"Friday March 22, 2024 What Happened Today to the Bankinter ADR",urn:newsml:newsroom:20240323:nNRAs5px9b:0,NS:GLOROU,BKT.MC
2024-03-23 05:27:47.830,"Weekly: Bankinter (BKT: EUR6.70) rises for a sixth consecutive week, a six-week rise of 20%; +13c [2.0%] Vol Index 1.3 [1 is avg]",urn:newsml:newsroom:20240323:nNRAs5ou8u:0,NS:GLOWEE,BKT.MC
2024-03-22 17:22:46.252,"Weekly: Bankinter (BKT: EUR6.70) rises for a sixth consecutive week, a six-week rise of 20%; +13c [2.0%] Vol Index 1.3 [1 is avg]",urn:newsml:newsroom:20240322:nNRAs5jfz0:0,NS:GLOWEE,BKT.MC
2024-03-22 17:17:16.376,"Bankinter (BKT: EUR6.70) rises in 4 out of last 5 days, 5-day rise of 2.0%; +3c [0.4%] Vol Index 1.2 [1 is avg]",urn:newsml:newsroom:20240322:nNRAs5jdv9:0,NS:GLOSTO,BKT.MC
2024-03-22 15:23:35.000,"REFILE-UPDATE 1-Thousands of Spanish bank staff strike to demand pay rise, union says",urn:newsml:reuters.com:20240322:nL2N3G01IS:2,NS:RTRS,BKT.MC
2024-03-22 11:03:52.000,"Thousands of Spanish bank staff strike to demand pay rise, union says",urn:newsml:reuters.com:20240322:nL5N3FZ6F7:3,NS:RTRS,BKT.MC
2024-03-22 00:00:00.000,"Friday March 22, 2024 What Happened Today to the Bankinter ADR",urn:newsml:newsroom:20240323:nNRAs5myop:0,NS:GLOROU,BKT.MC
2024-03-22 00:00:00.000,Weekly: Bankinter ADR (BKNIY: $7.08) posts worst week in eight weeks; -18c [2.5%],urn:newsml:newsroom:20240323:nNRAs5mxbn:0,NS:GLOROU,BKT.MC
2024-03-22 00:00:00.000,"Friday March 22, 2024 Bankinter ADR: How it compares to other IDRs and ADRs",urn:newsml:newsroom:20240323:nNRAs5mwd3:0,NS:GLOROU,BKT.MC
2024-03-21 17:37:29.286,Bankinter's Board Agrees To Appoint Gloria Ortiz Portero As CEO,urn:newsml:reuters.com:20240321:nRSDX4c0V:1,NS:SIGDEV,BKT.MC
2024-03-21 17:28:34.000,BRIEF-Bankinter's Board Agrees To Appoint Gloria Ortiz Portero As CEO,urn:newsml:reuters.com:20240321:nFWN3FZ2AZ:1,NS:RTRS,BKT.MC
2024-03-21 17:17:14.671,Bankinter (BKT: EUR6.67) in bottom 1% performers of IBEX 35 Index; -14c [2.1%],urn:newsml:newsroom:20240321:nNRAs54xkp:0,NS:GLOSTO,BKT.MC
2024-03-21 16:12:56.539,"Dancausa boasts about the results of her time as CEO: ""Bankinter has multiplied its profits by 5.6 times"".",urn:newsml:newsroom:20240321:nNRAs544hz:0,NS:NOTENG,BKT.MC
2024-03-21 16:11:25.844,"Dancusa bids farewell as Bankinter's chief executive and makes way for Ortiz: ""It is in the best hands"".",urn:newsml:newsroom:20240321:nNRAs542l6:0,NS:NOTENG,BKT.MC
2024-03-21 09:08:00.062,CaixaBank's Earnings Growth Lags Bankinter,urn:newsml:newsroom:20240321:nNRAs4yb5w:0,NS:GLOSTO,BKT.MC
2024-03-21 00:00:00.000,Bankinter shareholders approve the appointment of Gloria Ortiz as new Chief Executive Officer,urn:newsml:newsroom:20240322:nNRAs5km01:0,NS:NOTENG,BKT.MC
2024-03-20 17:17:17.284,Bankinter (BKT: EUR6.81) offers dividend yield of 6.6%; +7c [1.0%],urn:newsml:newsroom:20240320:nNRAs4qe9b:0,NS:GLOSTO,BKT.MC
2024-03-20 14:08:17.757,"Bankinter, S.A. (OTCMKTS:BKIMF) Short Interest Up 5.4% in February",urn:newsml:newsroom:20240320:nNRAs4nwsd:0,NS:CERGEM,BKT.MC
2024-03-20 09:02:16.546,"Tuesday March 19, 2024 What Happened Today to the Bankinter ADR",urn:newsml:newsroom:20240320:nNRAs4jqiy:0,NS:GLOROU,BKT.MC
2024-03-19 20:11:31.148,BofA raises a 5.485% stake in Bankinter's capital,urn:newsml:newsroom:20240319:nNRAs4do3r:0,NS:NOTENG,BKT.MC
2024-03-19 17:17:19.579,Bankinter (BKT: EUR6.74) offers earnings yield of 8.8%; +14c [2.1%] Vol Index 1.6 [1 is avg],urn:newsml:newsroom:20240319:nNRAs4bsqa:0,NS:GLOSTO,BKT.MC
2024-03-19 08:57:11.879,"Monday March 18, 2024 Bankinter ADR Compendium - A Snapshot as of March 18",urn:newsml:newsroom:20240319:nNRAs45q6x:0,NS:GLOROU,BKT.MC
2024-03-19 04:00:00.000,Bankinter order book suggests appetite for periphery banks 'has taken a bit of a breather',urn:newsml:newsroom:20240619:nNRAt0h28q:0,NS:GLOBAL,BKT.MC
2024-03-19 00:00:00.000,"Tuesday March 19, 2024 What Happened Today to the Bankinter ADR",urn:newsml:newsroom:20240320:nNRAs4fa2y:0,NS:GLOROU,BKT.MC
2024-03-18 17:17:17.279,Bankinter (BKT: EUR6.60) hits year-high 5th time in one month; +3c [0.5%],urn:newsml:newsroom:20240318:nNRAs3ws99:0,NS:GLOSTO,BKT.MC
2024-03-18 00:00:00.000,"Monday March 18, 2024 Bankinter ADR Compendium - A Snapshot as of March 18",urn:newsml:newsroom:20240319:nNRAs40hwt:0,NS:GLOROU,BKT.MC
