versionCreated,headline,storyId,sourceCode,cRIC
2025-05-21 22:32:25.614,CaixaBank surges 26% in past 3 months,urn:newsml:newsroom:20250521:nNRAwfxijw:0,NS:GLOROU,CABK.MC
2025-05-21 16:17:31.598,CaixaBank (CABK: EUR7.64) offers dividend yield of 5.7%; -4c [-0.5%],urn:newsml:newsroom:20250521:nNRAwft2t9:0,NS:SPANEW,CABK.MC
2025-05-21 09:12:15.904,How Banco Bilbao Vizcaya Argentaria's dividend compares to CaixaBank,urn:newsml:newsroom:20250521:nNRAwfmme9:0,NS:SPANEW,CABK.MC
2025-05-21 09:12:14.636,How Banco de Sabadell's dividend compares to CaixaBank,urn:newsml:newsroom:20250521:nNRAwfmn61:0,NS:SPANEW,CABK.MC
2025-05-21 09:12:14.446,How CaixaBank's dividend compares to Bankinter,urn:newsml:newsroom:20250521:nNRAwfmnek:0,NS:SPANEW,CABK.MC
2025-05-21 08:17:22.714,How CaixaBank's dividend compares to Banco Santander,urn:newsml:newsroom:20250521:nNRAwflsgq:0,NS:SPANEW,CABK.MC
2025-05-21 07:17:48.982,How CaixaBank's dividend compares to Banco de Sabadell,urn:newsml:newsroom:20250521:nNRAwfkx3e:0,NS:SPANEW,CABK.MC
2025-05-21 06:45:56.581,CaixaBank surges 28% in past 3 months,urn:newsml:newsroom:20250521:nNRAwfkgoy:0,NS:GLOROU,CABK.MC
2025-05-21 06:18:19.895,How Banco Santander's dividend compares to CaixaBank,urn:newsml:newsroom:20250521:nNRAwfk1gg:0,NS:SPANEW,CABK.MC
2025-05-21 06:18:18.725,How CaixaBank's dividend compares to Banco Bilbao Vizcaya Argentaria,urn:newsml:newsroom:20250521:nNRAwfk1tz:0,NS:SPANEW,CABK.MC
2025-05-21 03:02:38.277,CaixaBank surges 28% in past 3 months,urn:newsml:newsroom:20250521:nNRAwfi1wu:0,NS:GLOROU,CABK.MC
2025-05-20 22:33:08.139,CaixaBank surges 28% in past 3 months,urn:newsml:newsroom:20250520:nNRAwffoh4:0,NS:GLOROU,CABK.MC
2025-05-20 16:22:49.147,CaixaBank ADR (CAIXY: $2.84) in 5th consecutive rise; +3.4c [1.2%],urn:newsml:newsroom:20250520:nNRAwfbfdw:0,NS:GLOROU,CABK.MC
2025-05-20 16:17:37.864,CaixaBank (CABK: EUR7.68) climbs 2.8% strengthening above moving average price; +21c [+2.8%] Vol Index 1.5 [1 is avg],urn:newsml:newsroom:20250520:nNRAwfbb7y:0,NS:SPANEW,CABK.MC
2025-05-20 12:46:59.566,Tuesday's Preview: Can CaixaBank continue its recent gains?,urn:newsml:newsroom:20250520:nNRAwf81d3:0,NS:GLOROU,CABK.MC
2025-05-20 12:12:37.720,CaixaBank hires Deloitte to evaluate Novobanco purchase,urn:newsml:newsroom:20250520:nNRAwf7n99:0,NS:NOTENG,CABK.MC
2025-05-20 09:06:58.741,Tuesday's Preview: Can CaixaBank continue its recent gains?,urn:newsml:newsroom:20250520:nNRAwf4ugb:0,NS:GLOROU,CABK.MC
2025-05-20 07:17:28.052,CaixaBank- 5 Reasons Investors Remain Bullish,urn:newsml:newsroom:20250520:nNRAwf3g40:0,NS:SPANEW,CABK.MC
2025-05-20 06:47:21.391,CaixaBank jumps 23% in past 3 months,urn:newsml:newsroom:20250520:nNRAwf30ld:0,NS:GLOROU,CABK.MC
2025-05-20 06:30:04.000,Spanish stocks - Factors to watch on May 20,urn:newsml:reuters.com:20250520:nL1N3RS05O:1,NS:RTRS,CABK.MC
2025-05-20 06:18:41.171,CaixaBank continues to underperform Unicaja Banco by 13.2% year to date,urn:newsml:newsroom:20250520:nNRAwf2joy:0,NS:SPANEW,CABK.MC
2025-05-20 02:47:28.707,CaixaBank jumps 23% in past 3 months,urn:newsml:newsroom:20250520:nNRAwf0kqu:0,NS:GLOROU,CABK.MC
2025-05-19 22:47:22.299,CaixaBank jumps 23% in past 3 months,urn:newsml:newsroom:20250519:nNRAweynb7:0,NS:GLOROU,CABK.MC
2025-05-19 16:17:53.278,CaixaBank (CABK: EUR7.47) drops on increasing volatility; -3c [-0.4%],urn:newsml:newsroom:20250519:nNRAweu0oe:0,NS:SPANEW,CABK.MC
2025-05-19 09:12:08.107,Banco Bilbao Vizcaya Argentaria continues to underperform CaixaBank by 1.3% year to date,urn:newsml:newsroom:20250519:nNRAwenuef:0,NS:SPANEW,CABK.MC
2025-05-19 09:12:07.663,Banco Santander continues to outperform CaixaBank by 11.8% year to date,urn:newsml:newsroom:20250519:nNRAwentc5:0,NS:SPANEW,CABK.MC
2025-05-19 09:12:06.599,CaixaBank continues to underperform Bankinter by 6.0% year to date,urn:newsml:newsroom:20250519:nNRAwenu2h:0,NS:SPANEW,CABK.MC
2025-05-19 08:17:22.020,CaixaBank continues to underperform Banco Santander by 11.8% year to date,urn:newsml:newsroom:20250519:nNRAwennxb:0,NS:SPANEW,CABK.MC
2025-05-19 07:17:53.229,CaixaBank continues to underperform Banco de Sabadell by 2.1% year to date,urn:newsml:newsroom:20250519:nNRAwen2du:0,NS:SPANEW,CABK.MC
2025-05-19 06:18:10.766,CaixaBank continues to outperform Banco Bilbao Vizcaya Argentaria by 1.3% year to date,urn:newsml:newsroom:20250519:nNRAwemaps:0,NS:SPANEW,CABK.MC
2025-05-18 12:07:29.719,"CaixaBank ADR continues uptrend, soars 55% and in top 6% of the market",urn:newsml:newsroom:20250518:nNRAweg9sw:0,NS:GLOROU,CABK.MC
2025-05-18 06:07:20.804,"CaixaBank ADR continues uptrend, soars 55% and in top 6% of the market",urn:newsml:newsroom:20250518:nNRAwedz5y:0,NS:GLOROU,CABK.MC
2025-05-17 09:35:35.322,CaixaBank (OTCMKTS:CAIXY) Reaches New 52-Week High – Time to Buy?,urn:newsml:newsroom:20250517:nNRAwe6ocm:0,NS:CERGEM,CABK.MC
2025-05-17 09:02:17.683,CaixaBank (OTCMKTS:CAIXY) Reaches New 52-Week High – Time to Buy?,urn:newsml:newsroom:20250517:nNRAwe6ckw:0,NS:TRADAJ,CABK.MC
2025-05-17 04:27:49.621,"Weekly: CaixaBank (CABK: EUR7.50) rises for a third consecutive week, a three-week rise of 10%; +23c [3.2%]",urn:newsml:newsroom:20250517:nNRAwe4c3i:0,NS:GLOWEE,CABK.MC
2025-05-17 03:03:12.469,"CaixaBank ADR continues uptrend, soars 55% and in top 6% of the market",urn:newsml:newsroom:20250517:nNRAwe3qb5:0,NS:GLOROU,CABK.MC
2025-05-17 03:02:14.259,Weekly: CaixaBank ADR (CAIXY: OTC: $2.79) lifts 3.1%; +8.5c [3.1%],urn:newsml:newsroom:20250517:nNRAwe3ptl:0,NS:GLOROU,CABK.MC
2025-05-16 17:22:16.147,CaixaBank ADR (CAIXY: $2.75) strengthens above moving average price; +1c [0.4%],urn:newsml:newsroom:20250516:nNRAwdy9yb:0,NS:GLOROU,CABK.MC
2025-05-16 16:23:36.702,"Weekly: CaixaBank (CABK: EUR7.50) rises for a third consecutive week, a three-week rise of 10%; +23c [3.2%]",urn:newsml:newsroom:20250516:nNRAwdxfk6:0,NS:GLOWEE,CABK.MC
2025-05-16 16:17:21.257,CaixaBank (CABK: EUR7.50) increases on rising relative strength; +7c [+0.9%],urn:newsml:newsroom:20250516:nNRAwdxagz:0,NS:SPANEW,CABK.MC
2025-05-16 06:19:09.449,How CaixaBank's dividend compares to Its Peers,urn:newsml:newsroom:20250516:nNRAwdo5tv:0,NS:SPANEW,CABK.MC
2025-05-15 16:17:17.140,CaixaBank (CABK: EUR7.43) offers dividend yield of 5.9%; -2c [-0.3%],urn:newsml:newsroom:20250515:nNRAwdg10w:0,NS:SPANEW,CABK.MC
2025-05-15 06:57:37.044,CaixaBank surges 22% in past 3 months,urn:newsml:newsroom:20250515:nNRAwd77bs:0,NS:GLOROU,CABK.MC
2025-05-15 06:18:48.689,How CaixaBank's dividend compares to Unicaja Banco,urn:newsml:newsroom:20250515:nNRAwd6qpo:0,NS:SPANEW,CABK.MC
2025-05-15 02:42:41.361,CaixaBank surges 22% in past 3 months,urn:newsml:newsroom:20250515:nNRAwd50h1:0,NS:GLOROU,CABK.MC
2025-05-14 22:37:02.182,CaixaBank surges 22% in past 3 months,urn:newsml:newsroom:20250514:nNRAwd2yry:0,NS:GLOROU,CABK.MC
2025-05-14 22:32:45.096,CaixaBank surges 22% in past 3 months,urn:newsml:newsroom:20250514:nNRAwd2wox:0,NS:GLOROU,CABK.MC
2025-05-14 16:17:17.242,CaixaBank (CABK: EUR7.45) lifts 1.4% strengthening above moving average price; +10c [+1.4%],urn:newsml:newsroom:20250514:nNRAwcy7od:0,NS:SPANEW,CABK.MC
2025-05-14 10:17:31.993,CaixaBank Continues to Underperform its Peers,urn:newsml:newsroom:20250514:nNRAwctyv3:0,NS:SPANEW,CABK.MC
2025-05-14 09:12:15.937,How Banco Bilbao Vizcaya Argentaria's dividend compares to CaixaBank,urn:newsml:newsroom:20250514:nNRAwctdgj:0,NS:SPANEW,CABK.MC
2025-05-14 09:12:14.027,How Banco de Sabadell's dividend compares to CaixaBank,urn:newsml:newsroom:20250514:nNRAwctf43:0,NS:SPANEW,CABK.MC
2025-05-14 09:12:13.972,How CaixaBank's dividend compares to Bankinter,urn:newsml:newsroom:20250514:nNRAwctf46:0,NS:SPANEW,CABK.MC
2025-05-14 08:17:32.579,How CaixaBank's dividend compares to Banco Santander,urn:newsml:newsroom:20250514:nNRAwct0wq:0,NS:SPANEW,CABK.MC
2025-05-14 07:17:13.412,How CaixaBank's dividend compares to Banco de Sabadell,urn:newsml:newsroom:20250514:nNRAwcsgab:0,NS:SPANEW,CABK.MC
2025-05-14 06:37:50.738,CaixaBank surges 23% in past 3 months,urn:newsml:newsroom:20250514:nNRAwcs3gz:0,NS:GLOROU,CABK.MC
2025-05-14 06:18:38.578,How Banco Santander's dividend compares to CaixaBank,urn:newsml:newsroom:20250514:nNRAwcrzu4:0,NS:SPANEW,CABK.MC
2025-05-14 06:18:37.038,How CaixaBank's dividend compares to Banco Bilbao Vizcaya Argentaria,urn:newsml:newsroom:20250514:nNRAwcryf2:0,NS:SPANEW,CABK.MC
2025-05-14 05:13:15.950,CaixaBank takes SME market share from Sabadell in Catalonia with the BBVA takeover bid,urn:newsml:newsroom:20250514:nNRAwcrjap:0,NS:NOTENG,CABK.MC
2025-05-14 02:57:46.702,CaixaBank surges 23% in past 3 months,urn:newsml:newsroom:20250514:nNRAwcqs42:0,NS:GLOROU,CABK.MC
2025-05-13 22:32:47.423,CaixaBank surges 23% in past 3 months,urn:newsml:newsroom:20250513:nNRAwcowxd:0,NS:GLOROU,CABK.MC
2025-05-13 16:22:34.234,CaixaBank (CABK: EUR7.35) offers dividend yield of 5.9%; -2c [-0.3%] Vol Index 2.0 [1 is avg],urn:newsml:newsroom:20250513:nNRAwcl8tw:0,NS:SPANEW,CABK.MC
2025-05-13 14:59:48.000,Spain's antitrust watchdog says BBVA-Sabadell deal won't make market uncompetitive,urn:newsml:reuters.com:20250513:nL8N3RL1IP:2,NS:RTRS,CABK.MC
2025-05-13 14:13:18.978,Villarejo convicted and Repsol and CaixaBank executives acquitted of espionage charges,urn:newsml:newsroom:20250513:nNRAwcj3n3:0,NS:NOTENG,CABK.MC
2025-05-13 14:13:14.745,NA convicts Villarejo and acquits Repsol and CaixaBank executives,urn:newsml:newsroom:20250513:nNRAwcj4be:0,NS:NOTENG,CABK.MC
2025-05-13 13:38:22.000,Grifols SA - Conference call transcript (ac59a972 e0a1 3edb df9f 8e7db542ef78t1747143133113),urn:newsml:reuters.com:20250513:nNDL5kx8vT:1,NS:PUBT,CABK.MC
2025-05-13 13:13:02.268,Villarejo convicted and Repsol and CaixaBank executives acquitted of espionage charges,urn:newsml:newsroom:20250513:nNRAwcibfg:0,NS:NOTENG,CABK.MC
2025-05-13 11:29:23.060,CaixaBank surges 32% in past 3 months,urn:newsml:newsroom:20250513:nNRAwcgqnp:0,NS:GLOROU,CABK.MC
2025-05-13 07:17:11.131,CaixaBank- 5 Reasons Investors Remain Bullish,urn:newsml:newsroom:20250513:nNRAwcegwn:0,NS:SPANEW,CABK.MC
2025-05-13 07:07:31.607,CaixaBank surges 32% in past 3 months,urn:newsml:newsroom:20250513:nNRAwce8xy:0,NS:GLOROU,CABK.MC
2025-05-13 06:20:08.183,CaixaBank continues to underperform Unicaja Banco by 1.8% in the past three months,urn:newsml:newsroom:20250513:nNRAwcdtbi:0,NS:SPANEW,CABK.MC
2025-05-13 03:07:32.535,CaixaBank surges 32% in past 3 months,urn:newsml:newsroom:20250513:nNRAwccgsf:0,NS:GLOROU,CABK.MC
2025-05-12 16:17:42.594,CaixaBank (CABK: EUR7.37) in 4th consecutive rise; +52c [+7.6%],urn:newsml:newsroom:20250512:nNRAwc6yyb:0,NS:SPANEW,CABK.MC
2025-05-12 13:27:33.441,"Monthly: CaixaBank ADR (CAIXY: $2.46) sinks 5%, 2 months' volume in a month",urn:newsml:newsroom:20250512:nNRAwc4mto:0,NS:GLOROU,CABK.MC
2025-05-12 10:37:33.468,"Monthly: CaixaBank ADR (CAIXY: $2.46) sinks 5%, 2 months' volume in a month",urn:newsml:newsroom:20250512:nNRAwc2qso:0,NS:GLOROU,CABK.MC
2025-05-12 09:17:18.844,Banco Bilbao Vizcaya Argentaria continues to underperform CaixaBank by 10.0% in the past three months,urn:newsml:newsroom:20250512:nNRAwc20ay:0,NS:SPANEW,CABK.MC
2025-05-12 09:17:18.427,Banco Santander continues to underperform CaixaBank by 2.5% in the past three months,urn:newsml:newsroom:20250512:nNRAwc1zmn:0,NS:SPANEW,CABK.MC
2025-05-12 09:17:17.276,CaixaBank continues to underperform Bankinter by 7.5% in the past three months,urn:newsml:newsroom:20250512:nNRAwc20ax:0,NS:SPANEW,CABK.MC
2025-05-12 08:18:23.148,CaixaBank continues to outperform Banco Santander by 2.5% in the past three months,urn:newsml:newsroom:20250512:nNRAwc1jam:0,NS:SPANEW,CABK.MC
2025-05-12 07:17:44.459,CaixaBank continues to outperform Banco de Sabadell by 9.3% in the past three months,urn:newsml:newsroom:20250512:nNRAwc136w:0,NS:SPANEW,CABK.MC
2025-05-12 07:12:03.357,CaixaBank doubles the endowment of its debt fund and extends the investment term to 2027,urn:newsml:newsroom:20250512:nNRAwc107b:0,NS:NOTENG,CABK.MC
2025-05-12 06:45:06.000,Spanish stocks - Factors to watch on May 12,urn:newsml:reuters.com:20250512:nL1N3RK04J:1,NS:RTRS,CABK.MC
2025-05-12 06:28:32.505,Weekly: CaixaBank (CABK: EUR7.27) in top 3% performers of IBEX 35 Index in past week; +39c [5.7%],urn:newsml:newsroom:20250512:nNRAwc0krj:0,NS:SPANEW,CABK.MC
2025-05-12 06:18:11.372,CaixaBank continues to outperform Banco Bilbao Vizcaya Argentaria by 10.0% in the past three months,urn:newsml:newsroom:20250512:nNRAwc0jkj:0,NS:SPANEW,CABK.MC
2025-05-11 12:11:53.170,Large banks reduced net interest income in the first quarter for the first time since 2021,urn:newsml:newsroom:20250511:nNRAwbw2gu:0,NS:NOTENG,CABK.MC
2025-05-11 12:07:17.023,"CaixaBank ADR continues uptrend, soars 50% and in top 6% of the market",urn:newsml:newsroom:20250511:nNRAwbw023:0,NS:GLOROU,CABK.MC
2025-05-11 06:07:32.636,"CaixaBank ADR continues uptrend, soars 50% and in top 6% of the market",urn:newsml:newsroom:20250511:nNRAwbtpgu:0,NS:GLOROU,CABK.MC
2025-05-10 06:36:59.729,CaixaBank surges 31% in past 3 months,urn:newsml:newsroom:20250510:nNRAwbn1zd:0,NS:GLOROU,CABK.MC
2025-05-10 04:27:34.201,Weekly: CaixaBank (CABK: EUR7.27) in top 3% performers of IBEX 35 Index in past week; +39c [5.7%],urn:newsml:newsroom:20250510:nNRAwbm8lx:0,NS:GLOWEE,CABK.MC
2025-05-10 03:07:25.615,"CaixaBank ADR continues uptrend, soars 50% and in top 6% of the market",urn:newsml:newsroom:20250510:nNRAwblwqu:0,NS:GLOROU,CABK.MC
2025-05-10 03:02:56.598,CaixaBank surges 31% in past 3 months,urn:newsml:newsroom:20250510:nNRAwblugr:0,NS:GLOROU,CABK.MC
2025-05-10 03:02:36.706,Weekly: CaixaBank ADR (CAIXY: OTC: $2.71) accelerates rise: up 7% in 2 weeks; +12c [4.6%],urn:newsml:newsroom:20250510:nNRAwblsr5:0,NS:GLOROU,CABK.MC
2025-05-09 22:33:00.512,CaixaBank surges 31% in past 3 months,urn:newsml:newsroom:20250509:nNRAwbka1p:0,NS:GLOROU,CABK.MC
2025-05-09 22:32:05.703,CaixaBank surges 31% in past 3 months,urn:newsml:newsroom:20250509:nNRAwbk92a:0,NS:GLOROU,CABK.MC
2025-05-09 21:12:29.545,BPI's owner is exploring the possible purchase of Novo Banco: CaixaBank has been negotiating with Lone Star,urn:newsml:newsroom:20250509:nNRAwbjoyw:0,NS:NOTENG,CABK.MC
2025-05-09 16:22:54.363,Weekly: CaixaBank (CABK: EUR7.27) in top 3% performers of IBEX 35 Index in past week; +39c [5.7%],urn:newsml:newsroom:20250509:nNRAwbgn5g:0,NS:GLOWEE,CABK.MC
2025-05-09 16:22:41.382,Weekly: CaixaBank (CABK: EUR7.27) in top 3% performers of IBEX 35 Index in past week; +39c [5.7%],urn:newsml:newsroom:20250509:nNRAwbgmne:0,NS:SPANEW,CABK.MC
2025-05-09 16:17:19.358,"CaixaBank (CABK: EUR7.27) keeps rising, up 6.1% in 3 days; +42c [+6.1%] Vol Index 1.2 [1 is avg]",urn:newsml:newsroom:20250509:nNRAwbgiua:0,NS:SPANEW,CABK.MC
2025-05-09 15:12:29.958,Criteria completes its executive restructuring and appoints Méndez as CEO,urn:newsml:newsroom:20250509:nNRAwbfkb9:0,NS:NOTENG,CABK.MC
2025-05-09 12:46:59.489,Friday's Preview: Can CaixaBank continue its recent gains?,urn:newsml:newsroom:20250509:nNRAwbdedb:0,NS:GLOROU,CABK.MC
2025-05-09 09:06:59.611,Friday's Preview: Can CaixaBank continue its recent gains?,urn:newsml:newsroom:20250509:nNRAwbao5g:0,NS:GLOROU,CABK.MC
2025-05-09 06:47:23.772,CaixaBank surges 28% in past 3 months,urn:newsml:newsroom:20250509:nNRAwb9iju:0,NS:GLOROU,CABK.MC
2025-05-09 06:19:03.550,How CaixaBank's dividend compares to Its Peers,urn:newsml:newsroom:20250509:nNRAwb9ai3:0,NS:SPANEW,CABK.MC
2025-05-09 03:07:24.104,CaixaBank surges 28% in past 3 months,urn:newsml:newsroom:20250509:nNRAwb822i:0,NS:GLOROU,CABK.MC
2025-05-08 22:43:14.003,CaixaBank surges 28% in past 3 months,urn:newsml:newsroom:20250508:nNRAwb6dp8:0,NS:GLOROU,CABK.MC
2025-05-08 18:02:07.801,CaixaBank ADR (CAIXY: $2.65) climbs 2.3%; +6c [2.3%],urn:newsml:newsroom:20250508:nNRAwb3ffo:0,NS:GLOROU,CABK.MC
2025-05-08 17:22:20.495,CaixaBank ADR (CAIXY: $2.68) jumps 3.5% on average volume; +9c [3.5%],urn:newsml:newsroom:20250508:nNRAwb30zp:0,NS:GLOROU,CABK.MC
2025-05-08 16:22:31.803,Past Week: CaixaBank (CABK: EUR7.17) shares post best week in nine weeks; +29c [4.2%],urn:newsml:newsroom:20250508:nNRAwb1zbn:0,NS:SPANEW,CABK.MC
2025-05-08 16:17:06.704,CaixaBank (CABK: EUR7.17) in 2nd consecutive rise; +32c [+4.7%] Vol Index 1.2 [1 is avg],urn:newsml:newsroom:20250508:nNRAwb1vr5:0,NS:SPANEW,CABK.MC
2025-05-08 15:42:18.206,CaixaBank ADR (CAIXY: $2.67) jumps 3.1% strengthening above moving average price; +8c [3.1%],urn:newsml:newsroom:20250508:nNRAwb1dic:0,NS:GLOROU,CABK.MC
2025-05-08 13:13:21.856,Large banks close to 8.5 billion in first quarter profit,urn:newsml:newsroom:20250508:nNRAwazg6e:0,NS:NOTENG,CABK.MC
2025-05-08 06:47:36.272,CaixaBank surges 28% in past 3 months,urn:newsml:newsroom:20250508:nNRAwavsvd:0,NS:GLOROU,CABK.MC
2025-05-08 06:18:07.998,How CaixaBank's Tax Rate compares to Its Peers,urn:newsml:newsroom:20250508:nNRAwavkrn:0,NS:SPANEW,CABK.MC
2025-05-08 06:18:06.476,How CaixaBank's dividend compares to Unicaja Banco,urn:newsml:newsroom:20250508:nNRAwavkri:0,NS:SPANEW,CABK.MC
2025-05-08 02:47:13.642,CaixaBank surges 28% in past 3 months,urn:newsml:newsroom:20250508:nNRAwau90d:0,NS:GLOROU,CABK.MC
2025-05-08 00:17:30.794,Can CaixaBank continue its gains?,urn:newsml:newsroom:20250508:nNRAwat59p:0,NS:GLOSTO,CABK.MC
2025-05-07 23:01:00.000,Britain's National Wealth Fund to lend Iberdrola $800 mln for UK power grid upgrades,urn:newsml:reuters.com:20250507:nL8N3RF1QE:4,NS:RTRS,CABK.MC
2025-05-07 22:42:01.847,CaixaBank surges 28% in past 3 months,urn:newsml:newsroom:20250507:nNRAwasjyv:0,NS:GLOROU,CABK.MC
2025-05-07 16:22:30.019,"CaixaBank (CABK: EUR7.04) offers dividend yield of 6.2%, hits 41-day high; +19c [+2.8%]",urn:newsml:newsroom:20250507:nNRAwaoybe:0,NS:SPANEW,CABK.MC
2025-05-07 12:46:56.746,Wednesday's Preview: Can CaixaBank continue its recent gains?,urn:newsml:newsroom:20250507:nNRAwamfug:0,NS:GLOROU,CABK.MC
2025-05-07 09:12:16.039,How Banco Bilbao Vizcaya Argentaria's dividend compares to CaixaBank,urn:newsml:newsroom:20250507:nNRAwak7yy:0,NS:SPANEW,CABK.MC
2025-05-07 09:12:14.753,How CaixaBank's dividend compares to Bankinter,urn:newsml:newsroom:20250507:nNRAwak6qr:0,NS:SPANEW,CABK.MC
2025-05-07 09:12:14.445,How Banco de Sabadell's dividend compares to CaixaBank,urn:newsml:newsroom:20250507:nNRAwak89t:0,NS:SPANEW,CABK.MC
2025-05-07 09:06:58.475,Wednesday's Preview: Can CaixaBank continue its recent gains?,urn:newsml:newsroom:20250507:nNRAwak3qe:0,NS:GLOROU,CABK.MC
2025-05-07 08:17:13.429,How CaixaBank's dividend compares to Banco Santander,urn:newsml:newsroom:20250507:nNRAwajk55:0,NS:SPANEW,CABK.MC
2025-05-07 07:47:10.787,CaixaBank jumps 26% in past 3 months,urn:newsml:newsroom:20250507:nNRAwajaqk:0,NS:GLOROU,CABK.MC
2025-05-07 07:17:23.010,How CaixaBank's dividend compares to Banco de Sabadell,urn:newsml:newsroom:20250507:nNRAwaj1ja:0,NS:SPANEW,CABK.MC
2025-05-07 06:19:51.044,How Banco Santander's dividend compares to CaixaBank,urn:newsml:newsroom:20250507:nNRAwaijta:0,NS:SPANEW,CABK.MC
2025-05-07 06:19:49.584,How CaixaBank's dividend compares to Banco Bilbao Vizcaya Argentaria,urn:newsml:newsroom:20250507:nNRAwaij4w:0,NS:SPANEW,CABK.MC
2025-05-07 03:47:06.564,CaixaBank jumps 26% in past 3 months,urn:newsml:newsroom:20250507:nNRAwahlpt:0,NS:GLOROU,CABK.MC
2025-05-06 23:42:02.197,CaixaBank jumps 26% in past 3 months,urn:newsml:newsroom:20250506:nNRAwag4ak:0,NS:GLOROU,CABK.MC
2025-05-06 18:13:16.243,"Blackout ""wiped out"" 400 million euros from the Spanish economy",urn:newsml:newsroom:20250506:nNRAwae0bn:0,NS:NOTENG,CABK.MC
2025-05-06 12:47:03.609,Tuesday's Preview: Can CaixaBank rebound after being down?,urn:newsml:newsroom:20250506:nNRAwaani3:0,NS:GLOROU,CABK.MC
2025-05-06 09:17:22.746,Banco Santander continues to outperform CaixaBank by 9.1% in the past month,urn:newsml:newsroom:20250506:nNRAwa8o85:0,NS:SPANEW,CABK.MC
2025-05-06 08:17:42.498,CaixaBank- 5 Reasons Investors Remain Bullish,urn:newsml:newsroom:20250506:nNRAwa84s0:0,NS:SPANEW,CABK.MC
2025-05-06 07:17:44.245,CaixaBank continues to underperform Unicaja Banco by 6.8% in the past month,urn:newsml:newsroom:20250506:nNRAwa7m1e:0,NS:SPANEW,CABK.MC
2025-05-06 06:59:45.023,CaixaBank surges 29% in past 3 months,urn:newsml:newsroom:20250506:nNRAwa7dav:0,NS:GLOROU,CABK.MC
2025-05-06 06:17:41.732,CaixaBank continues to underperform Banco Santander by 9.1% in the past month,urn:newsml:newsroom:20250506:nNRAwa7003:0,NS:SPANEW,CABK.MC
2025-05-06 03:02:26.758,CaixaBank surges 29% in past 3 months,urn:newsml:newsroom:20250506:nNRAwa5v7b:0,NS:GLOROU,CABK.MC
2025-05-05 22:38:28.252,CaixaBank surges 29% in past 3 months,urn:newsml:newsroom:20250505:nNRAwa3p0w:0,NS:GLOROU,CABK.MC
2025-05-05 16:22:28.601,"Past Week: CaixaBank (CABK: EUR6.85) decreases 0.7%, 4 weeks' volume in a week; -5c [-0.7%] Vol Index 3.6 [1 is avg]",urn:newsml:newsroom:20250505:nNRAwa01ol:0,NS:SPANEW,CABK.MC
2025-05-05 16:17:33.895,"CaixaBank (CABK: EUR6.85) decreases, 2 days' volume in a day; -3c [-0.4%] Vol Index 2.3 [1 is avg]",urn:newsml:newsroom:20250505:nNRAw9zygg:0,NS:SPANEW,CABK.MC
2025-05-05 14:37:27.497,"Monthly: CaixaBank ADR (CAIXY: $2.46) sinks 5%, 2 months' volume in a month",urn:newsml:newsroom:20250505:nNRAw9yre9:0,NS:GLOROU,CABK.MC
2025-05-05 14:03:03.621,"Monthly: CaixaBank ADR (CAIXY: $2.46) sinks 5%, 2 months' volume in a month",urn:newsml:newsroom:20250505:nNRAw9yeir:0,NS:GLOROU,CABK.MC
2025-05-05 12:47:49.705,"Monthly: CaixaBank ADR (CAIXY: $2.46) sinks 5%, 2 months' volume in a month",urn:newsml:newsroom:20250505:nNRAw9xied:0,NS:GLOROU,CABK.MC
2025-05-05 10:43:26.001,BPI Q1 Consolidated Net Profit At 136.6 Mln Euros,urn:newsml:reuters.com:20250505:nRSD5yqZZ0:1,NS:SIGDEV,CABK.MC
2025-05-05 10:32:59.000,BRIEF-BPI Q1 Consolidated Net Profit At 136.6 Mln Euros,urn:newsml:reuters.com:20250505:nL8N3RD0GF:1,NS:RTRS,CABK.MC
2025-05-05 09:17:32.073,CaixaBank continues to underperform Bankinter by 7.4% in the past month,urn:newsml:newsroom:20250505:nNRAw9vp3t:0,NS:SPANEW,CABK.MC
2025-05-05 08:17:40.040,CaixaBank continues to underperform Banco de Sabadell by 2.9% in the past month,urn:newsml:newsroom:20250505:nNRAw9v4gb:0,NS:SPANEW,CABK.MC
2025-05-05 07:17:57.124,CaixaBank- 5 Reasons Traders Remain Bullish (and 1 Reason Why Bearish),urn:newsml:newsroom:20250505:nNRAw9upve:0,NS:SPANEW,CABK.MC
2025-05-05 06:19:17.058,CaixaBank continues to underperform Banco Bilbao Vizcaya Argentaria by 5.0% in the past month,urn:newsml:newsroom:20250505:nNRAw9ua2x:0,NS:SPANEW,CABK.MC
2025-05-05 06:12:38.362,Weekly: CaixaBank (CABK: EUR6.88) lifts 3.1%; +21c [3.1%] Vol Index 2.9 [1 is avg],urn:newsml:newsroom:20250505:nNRAw9u7vt:0,NS:SPANEW,CABK.MC
2025-05-03 08:27:07.557,CaixaBank surges 31% in past 3 months,urn:newsml:newsroom:20250503:nNRAw9jt1r:0,NS:GLOROU,CABK.MC
2025-05-03 05:32:27.593,Weekly: CaixaBank ADR (CAIXY: OTC: $2.58) posts best week in two weeks; +5.5c [2.2%],urn:newsml:newsroom:20250503:nNRAw9i8zp:0,NS:GLOROU,CABK.MC
2025-05-03 04:46:49.750,Weekly: CaixaBank (CABK: EUR6.88) lifts 3.1%; +21c [3.1%] Vol Index 2.9 [1 is avg],urn:newsml:newsroom:20250503:nNRAw9hxxd:0,NS:GLOWEE,CABK.MC
2025-05-03 04:26:56.209,CaixaBank surges 31% in past 3 months,urn:newsml:newsroom:20250503:nNRAw9hvkm:0,NS:GLOROU,CABK.MC
2025-05-03 00:22:10.191,CaixaBank surges 31% in past 3 months,urn:newsml:newsroom:20250503:nNRAw9gyck:0,NS:GLOROU,CABK.MC
2025-05-02 16:42:38.025,Weekly: CaixaBank (CABK: EUR6.88) lifts 3.1%; +21c [3.1%] Vol Index 2.9 [1 is avg],urn:newsml:newsroom:20250502:nNRAw9dlyf:0,NS:GLOWEE,CABK.MC
2025-05-02 16:42:10.659,Weekly: CaixaBank (CABK: EUR6.88) lifts 3.1%; +21c [3.1%] Vol Index 2.9 [1 is avg],urn:newsml:newsroom:20250502:nNRAw9dkru:0,NS:SPANEW,CABK.MC
2025-05-02 16:27:08.484,CaixaBank (CABK: EUR6.88) climbs 2.2% strengthening above moving average price; +15c [+2.2%],urn:newsml:newsroom:20250502:nNRAw9dc3m:0,NS:SPANEW,CABK.MC
2025-05-02 07:21:50.682,CaixaBank surges 29% in past 3 months,urn:newsml:newsroom:20250502:nNRAw95zly:0,NS:GLOROU,CABK.MC
2025-05-02 06:53:59.000,Spanish stocks - Factors to watch on May 2,urn:newsml:reuters.com:20250502:nL8N3RA0S7:1,NS:RTRS,CABK.MC
2025-05-02 06:24:37.760,How CaixaBank's dividend compares to Its Peers,urn:newsml:newsroom:20250502:nNRAw957dr:0,NS:SPANEW,CABK.MC
2025-05-02 03:21:59.486,CaixaBank surges 29% in past 3 months,urn:newsml:newsroom:20250502:nNRAw93nl2:0,NS:GLOROU,CABK.MC
2025-05-01 23:17:08.680,CaixaBank surges 29% in past 3 months,urn:newsml:newsroom:20250501:nNRAw9235r:0,NS:GLOROU,CABK.MC
2025-05-01 10:37:46.205,"Monthly: CaixaBank ADR (CAIXY: $2.46) drops 5%, 2 months' volume in a month",urn:newsml:newsroom:20250501:nNRAw8soru:0,NS:GLOROU,CABK.MC
2025-05-01 06:46:53.125,CaixaBank jumps 21% in past 3 months,urn:newsml:newsroom:20250501:nNRAw8q750:0,NS:GLOROU,CABK.MC
2025-05-01 06:30:51.676,"Monthly: CaixaBank ADR (CAIXY: $2.46) drops 5%, 2 months' volume in a month",urn:newsml:newsroom:20250501:nNRAw8pz95:0,NS:GLOROU,CABK.MC
2025-05-01 06:22:09.814,Monthly: CaixaBank (CABK: EUR6.73) shares post worst month in ten months,urn:newsml:newsroom:20250501:nNRAw8ps3p:0,NS:SPANEW,CABK.MC
2025-05-01 06:19:39.527,How CaixaBank's dividend compares to Unicaja Banco,urn:newsml:newsroom:20250501:nNRAw8ps76:0,NS:SPANEW,CABK.MC
2025-05-01 06:18:57.119,CaixaBank continues to underperform Unicaja Banco by 3.8% year to date,urn:newsml:newsroom:20250501:nNRAw8ppdi:0,NS:SPANEW,CABK.MC
2025-05-01 06:18:57.047,How CaixaBank's Tax Rate compares to Its Peers,urn:newsml:newsroom:20250501:nNRAw8pqgn:0,NS:SPANEW,CABK.MC
2025-05-01 06:07:42.016,CaixaBank SA (CAIXY) Q1 2025 Earnings Call Highlights: Strong Net Income Growth and Robust ...,urn:newsml:newsroom:20250501:nNRAw8pk16:0,NS:GURCOM,CABK.MC
2025-05-01 03:27:33.744,"Monthly: CaixaBank ADR (CAIXY: $2.46) sinks 5%, 2 months' volume in a month",urn:newsml:newsroom:20250501:nNRAw8o7m7:0,NS:GLOROU,CABK.MC
2025-05-01 03:12:20.033,CaixaBank jumps 21% in past 3 months,urn:newsml:newsroom:20250501:nNRAw8o42s:0,NS:GLOROU,CABK.MC
2025-04-30 22:44:34.948,CaixaBank jumps 21% in past 3 months,urn:newsml:newsroom:20250430:nNRAw8lvg7:0,NS:GLOROU,CABK.MC
2025-04-30 16:22:08.776,Past Week: CaixaBank (CABK: EUR6.73) shares post worst week in three weeks; -7c [-1.0%] Vol Index 3.0 [1 is avg],urn:newsml:newsroom:20250430:nNRAw8gva6:0,NS:SPANEW,CABK.MC
2025-04-30 16:17:21.582,CaixaBank (CABK: EUR6.73) shares fall after 3 days of rises; -24c [-3.4%] Vol Index 7.5 [1 is avg],urn:newsml:newsroom:20250430:nNRAw8gt3w:0,NS:SPANEW,CABK.MC
2025-04-30 15:12:57.364,BPI contributed 94 million to CaixaBank's profits in the 1st quarter,urn:newsml:newsroom:20250430:nNRAw8fr7s:0,NS:NOTENG,CABK.MC
2025-04-30 14:41:35.812,CaixaBank falls 5% after presenting results: what do analysts think?,urn:newsml:newsroom:20250430:nNRAw8f71u:0,NS:CENAFT,CABK.MC
2025-04-30 14:13:28.063,"Santander obtains a record profit of 3,402 million in the first quarter, up 19%, but falls more than 5% in the stock market",urn:newsml:newsroom:20250430:nNRAw8erg3:0,NS:NOTENG,CABK.MC
2025-04-30 12:13:05.973,"The Supreme Court sentences Santander and CaixaBank to pay 8 million to three schools for ""swaps"".",urn:newsml:newsroom:20250430:nNRAw8cmh1:0,NS:NOTENG,CABK.MC
2025-04-30 12:12:53.334,"CaixaBank earns 1,470 million up to March 2025, up 46.2%, thanks to commercial activity",urn:newsml:newsroom:20250430:nNRAw8cmg8:0,NS:NOTENG,CABK.MC
2025-04-30 11:17:11.687,"CaixaBank posts €1.47 billion Q1 profit, boosted by change in bank tax accounting",urn:link:webnews:20250430:nNRAw8bo1p:0,NS:WNCOMA,CABK.MC
2025-04-30 10:17:27.593,CaixaBank Continues to Underperform its Peers,urn:newsml:newsroom:20250430:nNRAw8asxs:0,NS:SPANEW,CABK.MC
2025-04-30 10:13:58.436,"CaixaBank earns 1,470 million up to March, up 6.9%.",urn:newsml:newsroom:20250430:nNRAw8aqpo:0,NS:NOTENG,CABK.MC
2025-04-30 09:30:00.000,Q1 2025 CaixaBank SA Earnings Call,urn:newsml:reuters.com:20250430:nTRN8pl9qY:1,NS:TRANS,CABK.MC
2025-04-30 09:14:02.776,"CaixaBank increased profits by 46.2% in the first quarter to 1,470 million",urn:newsml:newsroom:20250430:nNRAw89yf0:0,NS:NOTENG,CABK.MC
2025-04-30 09:13:48.011,"The good performance of commercial activity boosts CaixaBank's profit to 1,470 million up to March, up 46%.",urn:newsml:newsroom:20250430:nNRAw89xqd:0,NS:NOTENG,CABK.MC
2025-04-30 09:13:24.457,"CaixaBank increased profits by 46.2% in the first quarter to 1,470 million",urn:newsml:newsroom:20250430:nNRAw89xpw:0,NS:NOTENG,CABK.MC
2025-04-30 09:12:59.017,"CaixaBank earns 1,470 million euros in the first quarter",urn:newsml:newsroom:20250430:nNRAw89wrn:0,NS:NOTENG,CABK.MC
2025-04-30 09:12:15.070,How CaixaBank's dividend compares to Bankinter,urn:newsml:newsroom:20250430:nNRAw89v7i:0,NS:SPANEW,CABK.MC
2025-04-30 09:12:11.202,How Banco Bilbao Vizcaya Argentaria's dividend compares to CaixaBank,urn:newsml:newsroom:20250430:nNRAw89wux:0,NS:SPANEW,CABK.MC
2025-04-30 09:12:09.481,How Banco de Sabadell's dividend compares to CaixaBank,urn:newsml:newsroom:20250430:nNRAw89wuw:0,NS:SPANEW,CABK.MC
2025-04-30 08:23:31.363,Caixabank Sees Limited Impact On Spanish Economy From Power Outage In Spain,urn:newsml:reuters.com:20250430:nRSD7kLLsG:1,NS:SIGDEV,CABK.MC
2025-04-30 08:17:11.762,How CaixaBank's dividend compares to Banco Santander,urn:newsml:newsroom:20250430:nNRAw896iu:0,NS:SPANEW,CABK.MC
2025-04-30 08:14:46.437,"CaixaBank earns 1,470 million euros through March, up 6.9% in comparable terms",urn:newsml:newsroom:20250430:nNRAw896qb:0,NS:NOTENG,CABK.MC
2025-04-30 08:14:31.000,LIVE MARKETS-STOXX inches higher on heavy earnings day,urn:newsml:reuters.com:20250430:nL8N3R80U8:1,NS:RTRS,CABK.MC
2025-04-30 08:14:12.502,"CaixaBank earns 1,470M in the first quarter (+6.9%), boosted by mortgages",urn:newsml:newsroom:20250430:nNRAw896of:0,NS:NOTENG,CABK.MC
2025-04-30 08:12:29.000,BRIEF-Caixabank Sees Limited Impact On Spanish Economy From Power Outage In Spain,urn:newsml:reuters.com:20250430:nS8N3OC0C7:1,NS:RTRS,CABK.MC
2025-04-30 07:31:49.000,UPDATE 3-Spain's Caixabank sees lower lending income in 2025,urn:newsml:reuters.com:20250430:nL8N3R806B:7,NS:RTRS,CABK.MC
2025-04-30 07:25:59.000,"BUZZ-Caixabank falls after Q1 NII miss, lower 2025 outlook",urn:newsml:reuters.com:20250430:nL8N3R80NX:1,NS:RTRS,CABK.MC
2025-04-30 07:19:48.852,Spain's Caixabank net profit in Q1 rises 46% on lower banking tax impact,urn:link:webnews:20250430:nNRAw88h8f:0,NS:GLOREV,CABK.MC
2025-04-30 07:17:13.504,How CaixaBank's dividend compares to Banco de Sabadell,urn:newsml:newsroom:20250430:nNRAw88fr2:0,NS:SPANEW,CABK.MC
2025-04-30 06:49:53.860,CaixaBank surges 32% in past 3 months,urn:newsml:newsroom:20250430:nNRAw87zn9:0,NS:GLOROU,CABK.MC
2025-04-30 06:35:17.372,"CaixaBank earns 1.47 billion until March, 46.2% more",urn:link:webnews:20250430:nNRAw87soa:0,NS:ARADOC,CABK.MC
2025-04-30 06:30:00.000,"CaixaBank earns €1.47 billion in the first quarter, up 6.9% in comparable terms",urn:newsml:newsroom:20250506:nNRAwa9sd7:0,NS:INDBAN,CABK.MC
2025-04-30 06:30:00.000,"CaixaBank posted €1.47 billion in first quarter earnings, up 6.9% on a like-for-like basis",urn:newsml:newsroom:20250503:nNRAw9kvm7:0,NS:INDBAN,CABK.MC
2025-04-30 06:19:30.865,How Banco Santander's dividend compares to CaixaBank,urn:newsml:newsroom:20250430:nNRAw87ldv:0,NS:SPANEW,CABK.MC
2025-04-30 06:19:29.975,How CaixaBank's dividend compares to Banco Bilbao Vizcaya Argentaria,urn:newsml:newsroom:20250430:nNRAw87lqy:0,NS:SPANEW,CABK.MC
2025-04-30 06:14:14.310,"CaixaBank earns 1,470 in the first quarter, up 46%.",urn:newsml:newsroom:20250430:nNRAw87jdb:0,NS:NOTENG,CABK.MC
2025-04-30 05:28:14.736,Caixabank Sees 2025 NII Down Mid-Single-Digit,urn:newsml:reuters.com:20250430:nRSDbkc0ML:1,NS:SIGDEV,CABK.MC
2025-04-30 05:16:45.000,BRIEF-Caixabank Sees 2025 NII Down Mid-Single-Digit,urn:newsml:reuters.com:20250430:nFWN3R72G8:1,NS:RTRS,CABK.MC
2025-04-30 04:53:54.920,Caixabank Reiterates FY2025 Guidance And Capital Targets,urn:newsml:reuters.com:20250430:nRSD1pKCDZ:1,NS:SIGDEV,CABK.MC
2025-04-30 04:53:54.785,Caixabank Q1 Net Profit 1.47 Bln Euros,urn:newsml:reuters.com:20250430:nRSD4s8LNY:1,NS:SIGDEV,CABK.MC
2025-04-30 04:48:40.000,"CaixaBank SA - CaixaBank earns €1.47 billion in the first quarter, up 6.9% in comparable terms",urn:newsml:reuters.com:20250430:nNDL6DzN9y:1,NS:PUBT,CABK.MC
2025-04-30 04:44:54.000,BRIEF-Caixabank Q1 Net Profit 1.47 Bln Euros,urn:newsml:reuters.com:20250430:nS8N3NV01W:1,NS:RTRS,CABK.MC
2025-04-30 04:44:26.000,BRIEF-Caixabank Reiterates FY2025 Guidance And Capital Targets,urn:newsml:reuters.com:20250430:nFWN3R72FV:1,NS:RTRS,CABK.MC
2025-04-30 04:35:12.000,Caixabank's first quarter net profit rises 46% from same period in 2024,urn:newsml:reuters.com:20250430:nL8N3R502M:1,NS:RTRS,CABK.MC
2025-04-30 03:07:32.050,CaixaBank surges 32% in past 3 months,urn:newsml:newsroom:20250430:nNRAw85q19:0,NS:GLOROU,CABK.MC
2025-04-29 22:44:18.970,CaixaBank surges 32% in past 3 months,urn:newsml:newsroom:20250429:nNRAw83cdu:0,NS:GLOROU,CABK.MC
2025-04-29 16:17:28.633,CaixaBank (CABK: EUR6.97) offers dividend yield of 6.2%; +7c [+1.0%] Vol Index 4.1 [1 is avg],urn:newsml:newsroom:20250429:nNRAw7z2b8:0,NS:SPANEW,CABK.MC
2025-04-29 12:33:08.831,La Caixa dismisses Àngel Simón as CEO of Criteria and is replaced by Francisco Reynés.,urn:link:webnews:20250429:nNRAw7vfcq:0,NS:ARADOC,CABK.MC
2025-04-29 11:24:02.646,CriteriaCaixa Accepts Exit Of CEO Angel Simon Grimaldos,urn:newsml:reuters.com:20250429:nRSD3SZJNS:1,NS:SIGDEV,CABK.MC
2025-04-29 11:22:10.000,REFILE-BRIEF-Naturgy Says Francisco Reynes Has Convened A Meeting Of Naturgy's Board Today To Request Authorization To Accept His Appointment In CriteriaCaixa,urn:newsml:reuters.com:20250429:nFWN3R714G:2,NS:RTRS,CABK.MC
2025-04-29 11:10:58.000,BRIEF-CriteriaCaixa Accepts Exit Of CEO Angel Simon Grimaldos,urn:newsml:reuters.com:20250429:nFWN3R70OP:1,NS:RTRS,CABK.MC
2025-04-29 07:17:44.293,CaixaBank- 5 Reasons Investors Remain Bullish,urn:newsml:newsroom:20250429:nNRAw7qw8r:0,NS:SPANEW,CABK.MC
2025-04-29 06:56:54.373,CaixaBank surges 31% in past 3 months,urn:newsml:newsroom:20250429:nNRAw7qk9t:0,NS:GLOROU,CABK.MC
2025-04-29 06:30:00.000,EDEM and CaixaBank renew their commitment to boost self-employed and small businesses through Superpymes,urn:newsml:newsroom:20250506:nNRAwa752l:0,NS:INDBAN,CABK.MC
2025-04-29 06:20:12.266,CaixaBank continues to underperform Unicaja Banco by 4.3% in the past month,urn:newsml:newsroom:20250429:nNRAw7q48n:0,NS:SPANEW,CABK.MC
2025-04-29 03:02:20.955,CaixaBank surges 31% in past 3 months,urn:newsml:newsroom:20250429:nNRAw7o9k1:0,NS:GLOROU,CABK.MC
2025-04-28 22:48:43.199,CaixaBank surges 31% in past 3 months,urn:newsml:newsroom:20250428:nNRAw7m80l:0,NS:GLOROU,CABK.MC
2025-04-28 16:17:26.229,CaixaBank (CABK: EUR6.90) in 2nd consecutive rise; +23c [+3.4%],urn:newsml:newsroom:20250428:nNRAw7huas:0,NS:SPANEW,CABK.MC
2025-04-28 09:12:04.707,Banco Santander continues to outperform CaixaBank by 7.0% in the past month,urn:newsml:newsroom:20250428:nNRAw7bqxd:0,NS:SPANEW,CABK.MC
2025-04-28 09:12:03.557,CaixaBank continues to underperform Bankinter by 6.9% in the past month,urn:newsml:newsroom:20250428:nNRAw7bqxc:0,NS:SPANEW,CABK.MC
2025-04-28 08:17:18.205,CaixaBank continues to underperform Banco Santander by 7.0% in the past month,urn:newsml:newsroom:20250428:nNRAw7azse:0,NS:SPANEW,CABK.MC
2025-04-28 07:19:06.399,CaixaBank continues to underperform Banco de Sabadell by 6.0% in the past month,urn:newsml:newsroom:20250428:nNRAw7aa9k:0,NS:SPANEW,CABK.MC
2025-04-28 06:34:02.889,"Weekly: CaixaBank (CABK: EUR6.80) rises for a second consecutive week, a two-week rise of 6%; +36c [5.6%]",urn:newsml:newsroom:20250428:nNRAw79r20:0,NS:SPANEW,CABK.MC
2025-04-28 06:17:25.519,CaixaBank continues to underperform Banco Bilbao Vizcaya Argentaria by 6.4% in the past month,urn:newsml:newsroom:20250428:nNRAw79j3k:0,NS:SPANEW,CABK.MC
2025-04-26 06:57:11.160,CaixaBank surges 28% in past 3 months,urn:newsml:newsroom:20250426:nNRAw6s68i:0,NS:GLOROU,CABK.MC
2025-04-26 04:27:09.126,"Weekly: CaixaBank (CABK: EUR6.80) rises for a second consecutive week, a two-week rise of 6%; +8c [1.2%] Vol Index 1.7 [1 is avg]",urn:newsml:newsroom:20250426:nNRAw6qtgv:0,NS:GLOWEE,CABK.MC
2025-04-26 03:52:23.229,CaixaBank ADR soars 41% in 2025,urn:newsml:newsroom:20250426:nNRAw6qluk:0,NS:GLOROU,CABK.MC
2025-04-26 03:47:21.508,Weekly: CaixaBank ADR (CAIXY: OTC: $2.53) increases on weak volume; +1c [0.4%],urn:newsml:newsroom:20250426:nNRAw6qj74:0,NS:GLOROU,CABK.MC
2025-04-26 03:02:15.191,CaixaBank surges 28% in past 3 months,urn:newsml:newsroom:20250426:nNRAw6q8e9:0,NS:GLOROU,CABK.MC
2025-04-25 22:53:45.664,CaixaBank surges 28% in past 3 months,urn:newsml:newsroom:20250425:nNRAw6ol1x:0,NS:GLOROU,CABK.MC
2025-04-25 16:22:43.150,"Weekly: CaixaBank (CABK: EUR6.80) rises for a second consecutive week, a two-week rise of 6%; +8c [1.2%] Vol Index 1.7 [1 is avg]",urn:newsml:newsroom:20250425:nNRAw6kxkb:0,NS:GLOWEE,CABK.MC
2025-04-25 16:22:28.268,"Weekly: CaixaBank (CABK: EUR6.80) rises for a second consecutive week, a two-week rise of 6%; +36c [5.6%]",urn:newsml:newsroom:20250425:nNRAw6kxia:0,NS:SPANEW,CABK.MC
2025-04-25 16:17:26.384,CaixaBank (CABK: EUR6.80) lifts 1.9% strengthening above moving average price; +13c [+1.9%],urn:newsml:newsroom:20250425:nNRAw6kvcn:0,NS:SPANEW,CABK.MC
2025-04-25 12:46:58.723,Friday's Preview: Can CaixaBank rebound after being down?,urn:newsml:newsroom:20250425:nNRAw6hmj5:0,NS:GLOROU,CABK.MC
2025-04-25 10:19:09.732,CaixaBank continues to underperform Bankinter by 5.8% year to date,urn:newsml:newsroom:20250425:nNRAw6fglb:0,NS:SPANEW,CABK.MC
2025-04-25 10:19:06.067,Banco Santander continues to outperform CaixaBank by 12.8% year to date,urn:newsml:newsroom:20250425:nNRAw6fhbd:0,NS:SPANEW,CABK.MC
2025-04-25 09:12:13.216,CaixaBank continues to underperform Banco Santander by 12.8% year to date,urn:newsml:newsroom:20250425:nNRAw6emw8:0,NS:SPANEW,CABK.MC
2025-04-25 09:06:56.405,Friday's Preview: Can CaixaBank rebound after being down?,urn:newsml:newsroom:20250425:nNRAw6ekiq:0,NS:GLOROU,CABK.MC
2025-04-25 08:16:57.547,CaixaBank continues to underperform Banco de Sabadell by 9.4% year to date,urn:newsml:newsroom:20250425:nNRAw6e2ut:0,NS:SPANEW,CABK.MC
2025-04-25 07:17:02.490,CaixaBank continues to underperform Banco Bilbao Vizcaya Argentaria by 2.3% year to date,urn:newsml:newsroom:20250425:nNRAw6daet:0,NS:SPANEW,CABK.MC
2025-04-25 07:07:14.420,CaixaBank jumps 23% in past 3 months,urn:newsml:newsroom:20250425:nNRAw6d5lv:0,NS:GLOROU,CABK.MC
2025-04-25 06:18:35.398,How CaixaBank's dividend compares to Its Peers,urn:newsml:newsroom:20250425:nNRAw6c3at:0,NS:SPANEW,CABK.MC
2025-04-25 03:06:56.369,CaixaBank jumps 23% in past 3 months,urn:newsml:newsroom:20250425:nNRAw6adai:0,NS:GLOROU,CABK.MC
2025-04-24 23:02:06.838,CaixaBank jumps 23% in past 3 months,urn:newsml:newsroom:20250424:nNRAw68dsa:0,NS:GLOROU,CABK.MC
2025-04-24 16:22:28.644,"Past Week: CaixaBank (CABK: EUR6.67) decreases 0.7%, 2 weeks' volume in a week; -5c [-0.7%] Vol Index 2.2 [1 is avg]",urn:newsml:newsroom:20250424:nNRAw62nbs:0,NS:SPANEW,CABK.MC
2025-04-24 16:17:24.572,CaixaBank (CABK: EUR6.67) in bottom 1% performers of IBEX 35 Index; -13c [-1.9%] Vol Index 3.3 [1 is avg],urn:newsml:newsroom:20250424:nNRAw62juk:0,NS:SPANEW,CABK.MC
2025-04-24 07:42:13.954,CaixaBank surges 27% in past 3 months,urn:newsml:newsroom:20250424:nNRAw5wap1:0,NS:GLOROU,CABK.MC
2025-04-24 06:22:04.773,How CaixaBank's Tax Rate compares to Its Peers,urn:newsml:newsroom:20250424:nNRAw5v3t5:0,NS:SPANEW,CABK.MC
2025-04-24 06:22:04.721,How CaixaBank's dividend compares to Unicaja Banco,urn:newsml:newsroom:20250424:nNRAw5v4kw:0,NS:SPANEW,CABK.MC
2025-04-24 03:42:22.997,CaixaBank surges 27% in past 3 months,urn:newsml:newsroom:20250424:nNRAw5tleq:0,NS:GLOROU,CABK.MC
2025-04-23 23:37:07.840,CaixaBank surges 27% in past 3 months,urn:newsml:newsroom:20250423:nNRAw5rubi:0,NS:GLOROU,CABK.MC
2025-04-23 16:24:18.686,CaixaBank (CABK: EUR6.80) offers dividend yield of 6.4%; ex-Dividend; +27c [+4.1%],urn:newsml:newsroom:20250423:nNRAw5mxkd:0,NS:SPANEW,CABK.MC
2025-04-23 14:18:10.909,CaixaBank continues to outperform Unicaja Banco by 0.2% year to date,urn:newsml:newsroom:20250423:nNRAw5l2gp:0,NS:SPANEW,CABK.MC
2025-04-23 12:12:48.571,"Spring shower of dividends: CaixaBank, Aena and Unicaja distribute 3.8 billion euros this Thursday",urn:newsml:newsroom:20250423:nNRAw5imy0:0,NS:NOTENG,CABK.MC
2025-04-23 10:17:17.489,CaixaBank Continues to Underperform its Peers,urn:newsml:newsroom:20250423:nNRAw5h1jb:0,NS:SPANEW,CABK.MC
2025-04-23 09:12:12.937,How Banco Bilbao Vizcaya Argentaria's dividend compares to CaixaBank,urn:newsml:newsroom:20250423:nNRAw5g99m:0,NS:SPANEW,CABK.MC
2025-04-23 09:12:12.590,How CaixaBank's dividend compares to Bankinter,urn:newsml:newsroom:20250423:nNRAw5gaeg:0,NS:SPANEW,CABK.MC
2025-04-23 09:12:11.587,How Banco de Sabadell's dividend compares to CaixaBank,urn:newsml:newsroom:20250423:nNRAw5gaef:0,NS:SPANEW,CABK.MC
2025-04-23 08:17:05.660,How CaixaBank's dividend compares to Banco Santander,urn:newsml:newsroom:20250423:nNRAw5fmxn:0,NS:SPANEW,CABK.MC
2025-04-23 07:41:55.577,CaixaBank soars 34% in past 3 months,urn:newsml:newsroom:20250423:nNRAw5f7d3:0,NS:GLOROU,CABK.MC
2025-04-23 07:17:31.145,How CaixaBank's dividend compares to Banco de Sabadell,urn:newsml:newsroom:20250423:nNRAw5evww:0,NS:SPANEW,CABK.MC
2025-04-23 06:17:18.185,How Banco Santander's dividend compares to CaixaBank,urn:newsml:newsroom:20250423:nNRAw5e25i:0,NS:SPANEW,CABK.MC
2025-04-23 06:17:16.569,How CaixaBank's dividend compares to Banco Bilbao Vizcaya Argentaria,urn:newsml:newsroom:20250423:nNRAw5e1s7:0,NS:SPANEW,CABK.MC
2025-04-23 03:42:27.812,CaixaBank soars 34% in past 3 months,urn:newsml:newsroom:20250423:nNRAw5chy1:0,NS:GLOROU,CABK.MC
2025-04-22 23:42:12.784,CaixaBank soars 34% in past 3 months,urn:newsml:newsroom:20250422:nNRAw5aoe0:0,NS:GLOROU,CABK.MC
2025-04-22 17:12:51.610,CaixaBank BPI fuels pessimism about Galp and cuts target price by three euros,urn:newsml:newsroom:20250422:nNRAw56tfb:0,NS:NOTENG,CABK.MC
2025-04-22 16:22:09.482,CaixaBank (CABK: EUR6.53) accelerates decline; ex-Dividend; -32c [-4.7%] Vol Index 3.6 [1 is avg],urn:newsml:newsroom:20250422:nNRAw5629m:0,NS:SPANEW,CABK.MC
2025-04-22 09:06:09.000,"CaixaBank SA - Tomás Muniesa, new Chairman of CaixaBank Dualiza",urn:newsml:reuters.com:20250422:nNDL4rJml0:1,NS:PUBT,CABK.MC
2025-04-22 08:08:17.595,"Short Interest in CaixaBank, S.A. (OTCMKTS:CAIXY) Drops By 17.3%",urn:link:webnews:20250422:nNRAw4ybvs:0,NS:MARBEA,CABK.MC
2025-04-22 06:52:00.545,CaixaBank surges 30% in past 3 months,urn:newsml:newsroom:20250422:nNRAw4xbvu:0,NS:GLOROU,CABK.MC
2025-04-22 02:52:09.518,CaixaBank surges 30% in past 3 months,urn:newsml:newsroom:20250422:nNRAw4v3ku:0,NS:GLOROU,CABK.MC
2025-04-21 22:47:27.134,CaixaBank surges 30% in past 3 months,urn:newsml:newsroom:20250421:nNRAw4tdvm:0,NS:GLOROU,CABK.MC
2025-04-21 18:57:46.446,CaixaBank ADR (CAIXY: $2.47) falls 2.0%; -5c [-2.0%],urn:newsml:newsroom:20250421:nNRAw4rlzf:0,NS:GLOROU,CABK.MC
2025-04-21 18:53:50.984,On Monday 21st of April Caixabank trades -1.84 percent lower,urn:newsml:newsroom:20250421:nNRAw4rgmy:0,NS:STOCKP,CABK.MC
2025-04-21 18:07:06.965,CaixaBank ADR (CAIXY: $2.47) down 3.5% in 2 days; -5c [-2.0%],urn:newsml:newsroom:20250421:nNRAw4r2te:0,NS:GLOROU,CABK.MC
2025-04-21 16:27:00.461,CaixaBank ADR (CAIXY: $2.49) down 2.7% in 2 days; -3c [-1.2%],urn:newsml:newsroom:20250421:nNRAw4pwfz:0,NS:GLOROU,CABK.MC
2025-04-21 10:17:07.362,Banco Santander continues to outperform CaixaBank by 4.9% year to date,urn:newsml:newsroom:20250421:nNRAw4kjqm:0,NS:SPANEW,CABK.MC
2025-04-21 10:17:03.356,CaixaBank continues to outperform Bankinter by 0.6% year to date,urn:newsml:newsroom:20250421:nNRAw4kk09:0,NS:SPANEW,CABK.MC
2025-04-21 09:17:33.986,CaixaBank continues to underperform Banco Santander by 4.9% year to date,urn:newsml:newsroom:20250421:nNRAw4jywr:0,NS:SPANEW,CABK.MC
2025-04-21 08:16:51.572,CaixaBank continues to underperform Banco de Sabadell by 3.7% year to date,urn:newsml:newsroom:20250421:nNRAw4jbo4:0,NS:SPANEW,CABK.MC
2025-04-21 07:17:02.619,CaixaBank continues to outperform Banco Bilbao Vizcaya Argentaria by 2.6% year to date,urn:newsml:newsroom:20250421:nNRAw4iqui:0,NS:SPANEW,CABK.MC
2025-04-21 06:59:11.673,CaixaBank soars 35% in past 3 months,urn:newsml:newsroom:20250421:nNRAw4ifd6:0,NS:GLOROU,CABK.MC
2025-04-21 06:29:00.780,Weekly: CaixaBank (CABK: EUR6.72) lifts 3.7% on strong volume; +24c [3.7%] Vol Index 3.1 [1 is avg],urn:newsml:newsroom:20250421:nNRAw4i0wu:0,NS:SPANEW,CABK.MC
2025-04-21 06:18:55.298,How CaixaBank's dividend compares to Its Peers,urn:newsml:newsroom:20250421:nNRAw4hy1g:0,NS:SPANEW,CABK.MC
2025-04-20 11:17:47.362,"CaixaBank, S.A. (CAIXY) To Go Ex-Dividend on April 22nd",urn:newsml:newsroom:20250420:nNRAw4cn7d:0,NS:TICREP,CABK.MC
2025-04-20 08:07:18.675,"Short Interest in CaixaBank, S.A. (OTCMKTS:CAIXY) Drops By 17.3%",urn:newsml:newsroom:20250420:nNRAw4b8zn:0,NS:TRADAJ,CABK.MC
2025-04-19 15:07:49.118,"CaixaBank ADR soars 40% in 2025, beating 94% of the market",urn:newsml:newsroom:20250419:nNRAw46kc1:0,NS:GLOROU,CABK.MC
2025-04-19 07:58:05.644,"CaixaBank ADR soars 40% in 2025, beating 94% of the market",urn:newsml:newsroom:20250419:nNRAw42wxc:0,NS:GLOROU,CABK.MC
2025-04-18 04:31:51.495,Weekly: CaixaBank (CABK: EUR6.72) lifts 3.7% on strong volume; +24c [3.7%] Vol Index 3.1 [1 is avg],urn:newsml:newsroom:20250418:nNRAw3qusa:0,NS:GLOWEE,CABK.MC
2025-04-18 03:13:15.263,"CaixaBank ADR soars 40% in 2025, beating 94% of the market",urn:newsml:newsroom:20250418:nNRAw3qbbf:0,NS:GLOROU,CABK.MC
2025-04-18 03:07:28.186,CaixaBank soars 35% in past 3 months,urn:newsml:newsroom:20250418:nNRAw3q80h:0,NS:GLOROU,CABK.MC
2025-04-18 03:03:06.620,Weekly: CaixaBank ADR (CAIXY: OTC: $2.52) gains 8% on high volume; +18c [7.7%] Vol Index 1.9 [1 is avg],urn:newsml:newsroom:20250418:nNRAw3q70p:0,NS:GLOROU,CABK.MC
2025-04-17 22:32:14.647,CaixaBank soars 35% in past 3 months,urn:newsml:newsroom:20250417:nNRAw3o46r:0,NS:GLOROU,CABK.MC
2025-04-17 16:22:44.065,Weekly: CaixaBank (CABK: EUR6.72) lifts 3.7% on strong volume; +24c [3.7%] Vol Index 3.1 [1 is avg],urn:newsml:newsroom:20250417:nNRAw3jod5:0,NS:GLOWEE,CABK.MC
2025-04-17 16:22:07.275,Weekly: CaixaBank (CABK: EUR6.72) lifts 3.7% on strong volume; +24c [3.7%] Vol Index 3.1 [1 is avg],urn:newsml:newsroom:20250417:nNRAw3jliy:0,NS:SPANEW,CABK.MC
2025-04-17 16:18:07.760,"CaixaBank (CABK: EUR6.72) drops 1.9%, 4 days' volume in a day; -13c [-1.9%] Vol Index 3.9 [1 is avg]",urn:newsml:newsroom:20250417:nNRAw3jkc1:0,NS:SPANEW,CABK.MC
2025-04-17 06:42:01.023,CaixaBank soars 36% in past 3 months,urn:newsml:newsroom:20250417:nNRAw3afdd:0,NS:GLOROU,CABK.MC
2025-04-17 06:20:04.102,How CaixaBank's dividend compares to Unicaja Banco,urn:newsml:newsroom:20250417:nNRAw3a61f:0,NS:SPANEW,CABK.MC
2025-04-17 03:07:26.921,CaixaBank soars 36% in past 3 months,urn:newsml:newsroom:20250417:nNRAw38kq0:0,NS:GLOROU,CABK.MC
2025-04-16 22:32:07.251,CaixaBank soars 36% in past 3 months,urn:newsml:newsroom:20250416:nNRAw366ty:0,NS:GLOROU,CABK.MC
2025-04-16 16:22:05.124,Past Week: CaixaBank (CABK: EUR6.85) surges 12% - outperforming 84% of stocks; +76c [12.5%] Vol Index 4.4 [1 is avg],urn:newsml:newsroom:20250416:nNRAw31rxy:0,NS:SPANEW,CABK.MC
2025-04-16 16:17:58.232,"CaixaBank (CABK: EUR6.85) unchanged on extraordinary volume, 4.6 times average; Vol Index 4.6 [1 is avg]",urn:newsml:newsroom:20250416:nNRAw31qzw:0,NS:SPANEW,CABK.MC
2025-04-16 10:17:21.348,CaixaBank Continues to Underperform its Peers,urn:newsml:newsroom:20250416:nNRAw2vfjy:0,NS:SPANEW,CABK.MC
2025-04-16 09:17:47.352,How Banco Bilbao Vizcaya Argentaria's dividend compares to CaixaBank,urn:newsml:newsroom:20250416:nNRAw2urfn:0,NS:SPANEW,CABK.MC
2025-04-16 09:17:46.779,How Banco Santander's dividend compares to CaixaBank,urn:newsml:newsroom:20250416:nNRAw2ur2j:0,NS:SPANEW,CABK.MC
2025-04-16 09:17:45.474,How CaixaBank's dividend compares to Bankinter,urn:newsml:newsroom:20250416:nNRAw2ur2f:0,NS:SPANEW,CABK.MC
2025-04-16 09:17:40.455,How Banco de Sabadell's dividend compares to CaixaBank,urn:newsml:newsroom:20250416:nNRAw2uq3x:0,NS:SPANEW,CABK.MC
2025-04-16 08:17:16.986,How CaixaBank's dividend compares to Banco de Sabadell,urn:newsml:newsroom:20250416:nNRAw2u01p:0,NS:SPANEW,CABK.MC
2025-04-16 07:17:12.347,How CaixaBank's dividend compares to Banco Bilbao Vizcaya Argentaria,urn:newsml:newsroom:20250416:nNRAw2t6ad:0,NS:SPANEW,CABK.MC
2025-04-16 06:38:22.227,CaixaBank soars 31% in past 3 months,urn:newsml:newsroom:20250416:nNRAw2snsw:0,NS:GLOROU,CABK.MC
2025-04-16 06:17:41.850,How CaixaBank's dividend compares to Banco Santander,urn:newsml:newsroom:20250416:nNRAw2sc3l:0,NS:SPANEW,CABK.MC
2025-04-16 02:47:25.497,CaixaBank soars 31% in past 3 months,urn:newsml:newsroom:20250416:nNRAw2qekt:0,NS:GLOROU,CABK.MC
2025-04-15 22:33:10.960,CaixaBank soars 31% in past 3 months,urn:newsml:newsroom:20250415:nNRAw2ocgw:0,NS:GLOROU,CABK.MC
2025-04-15 16:22:09.066,Past Week: CaixaBank (CABK: EUR6.85) in top 2% performers of IBEX 35 Index in past week; +70c [11.4%] Vol Index 4.3 [1 is avg],urn:newsml:newsroom:20250415:nNRAw2jonf:0,NS:SPANEW,CABK.MC
2025-04-15 16:18:34.712,"CaixaBank (CABK: EUR6.85) climbs 2.4%, 5 days' volume in a day; +16c [+2.4%] Vol Index 4.6 [1 is avg]",urn:newsml:newsroom:20250415:nNRAw2jmhx:0,NS:SPANEW,CABK.MC
2025-04-15 07:17:00.587,CaixaBank- 5 Reasons Investors Remain Bullish,urn:newsml:newsroom:20250415:nNRAw2bg9o:0,NS:SPANEW,CABK.MC
2025-04-15 06:38:29.082,CaixaBank surges 28% in past 3 months,urn:newsml:newsroom:20250415:nNRAw2av5d:0,NS:GLOROU,CABK.MC
2025-04-15 06:17:49.691,CaixaBank continues to underperform Unicaja Banco by 2.6% in the past three months,urn:newsml:newsroom:20250415:nNRAw2alh5:0,NS:SPANEW,CABK.MC
2025-04-15 02:37:15.761,CaixaBank surges 28% in past 3 months,urn:newsml:newsroom:20250415:nNRAw28eh2:0,NS:GLOROU,CABK.MC
2025-04-14 22:32:16.729,CaixaBank surges 28% in past 3 months,urn:newsml:newsroom:20250414:nNRAw26q27:0,NS:GLOROU,CABK.MC
2025-04-14 16:17:51.752,"CaixaBank (CABK: EUR6.69) gains 3.9%, outperforming 83% of the market; +25c [+3.9%]",urn:newsml:newsroom:20250414:nNRAw21o5x:0,NS:SPANEW,CABK.MC
2025-04-14 12:52:51.788,Q1/2025: Monthly: CaixaBank ADR (CAIXY: $2.58) in top 4% performers of market in past quarter,urn:newsml:newsroom:20250414:nNRAw1x3do:0,NS:GLOROU,CABK.MC
2025-04-14 12:47:11.692,Can CaixaBank continue its gains?,urn:newsml:newsroom:20250414:nNRAw1ww77:0,NS:GLOROU,CABK.MC
2025-04-14 10:37:47.182,Q1/2025: Monthly: CaixaBank ADR (CAIXY: $2.58) in top 4% performers of market in past quarter,urn:newsml:newsroom:20250414:nNRAw1v57t:0,NS:GLOROU,CABK.MC
2025-04-14 09:12:31.334,Banco Bilbao Vizcaya Argentaria continues to outperform CaixaBank by 1.6% in the past three months,urn:newsml:newsroom:20250414:nNRAw1u1l6:0,NS:SPANEW,CABK.MC
2025-04-14 09:12:24.451,Banco Santander continues to outperform CaixaBank by 9.1% in the past three months,urn:newsml:newsroom:20250414:nNRAw1u368:0,NS:SPANEW,CABK.MC
2025-04-14 09:12:17.676,CaixaBank continues to underperform Bankinter by 3.5% in the past three months,urn:newsml:newsroom:20250414:nNRAw1u367:0,NS:SPANEW,CABK.MC
2025-04-14 09:07:00.433,Traders look to see if CaixaBank's recent rally will continue,urn:newsml:newsroom:20250414:nNRAw1tyfr:0,NS:GLOROU,CABK.MC
2025-04-14 08:17:19.010,CaixaBank continues to underperform Banco Santander by 9.1% in the past three months,urn:newsml:newsroom:20250414:nNRAw1tgfb:0,NS:SPANEW,CABK.MC
2025-04-14 07:19:25.466,CaixaBank continues to underperform Banco de Sabadell by 6.9% in the past three months,urn:newsml:newsroom:20250414:nNRAw1sq4o:0,NS:SPANEW,CABK.MC
2025-04-14 06:49:15.172,Weekly: CaixaBank (CABK: EUR6.44) lifts 3.0% - outperforming 85% of stocks; +19c [3.0%] Vol Index 4.4 [1 is avg],urn:newsml:newsroom:20250414:nNRAw1se6x:0,NS:SPANEW,CABK.MC
2025-04-14 06:19:21.443,CaixaBank continues to underperform Banco Bilbao Vizcaya Argentaria by 1.6% in the past three months,urn:newsml:newsroom:20250414:nNRAw1rz0y:0,NS:SPANEW,CABK.MC
2025-04-14 00:16:47.570,CaixaBank down in recent days,urn:newsml:newsroom:20250414:nNRAw1pjth:0,NS:GLOSTO,CABK.MC
2025-04-13 12:07:58.989,"CaixaBank ADR continues uptrend, soars 38% and in top 6% of the market",urn:newsml:newsroom:20250413:nNRAw1lvpc:0,NS:GLOROU,CABK.MC
2025-04-13 06:08:01.120,"CaixaBank ADR continues uptrend, soars 38% and in top 6% of the market",urn:newsml:newsroom:20250413:nNRAw1jbr0:0,NS:GLOROU,CABK.MC
2025-04-12 22:13:05.465,"(EN) CaixaBank, S.A. Board of Directors (83003252)",urn:newsml:reuters.com:20250412:nGLF2twNJ3:2,NS:GLFILE,CABK.MC
2025-04-12 06:37:52.252,CaixaBank surges 28% in past 3 months,urn:newsml:newsroom:20250412:nNRAw1a9qb:0,NS:GLOROU,CABK.MC
2025-04-12 04:27:26.151,Weekly: CaixaBank (CABK: EUR6.44) lifts 3.0% - outperforming 85% of stocks; +19c [3.0%] Vol Index 4.4 [1 is avg],urn:newsml:newsroom:20250412:nNRAw19aiz:0,NS:GLOWEE,CABK.MC
2025-04-12 03:08:36.605,CaixaBank surges 28% in past 3 months,urn:newsml:newsroom:20250412:nNRAw18s1a:0,NS:GLOROU,CABK.MC
2025-04-12 03:08:02.955,"CaixaBank ADR continues uptrend, soars 38% and in top 6% of the market",urn:newsml:newsroom:20250412:nNRAw18t1w:0,NS:GLOROU,CABK.MC
2025-04-12 03:03:13.535,Weekly: CaixaBank ADR (CAIXY: OTC: $2.49) surges 11% on strong volume; +24c [10.7%] Vol Index 3.4 [1 is avg],urn:newsml:newsroom:20250412:nNRAw18pvh:0,NS:GLOROU,CABK.MC
2025-04-11 22:32:15.100,CaixaBank surges 28% in past 3 months,urn:newsml:newsroom:20250411:nNRAw16e70:0,NS:GLOROU,CABK.MC
2025-04-11 21:41:45.297,CaixaBank's Shareholders' Meeting approves the distribution of a dividend of 0.2864 euros,urn:newsml:newsroom:20250411:nNRAw15u2x:0,NS:CENAFT,CABK.MC
2025-04-11 18:12:56.650,"CaixaBank shareholders approve supplementary dividend of 2,028 million euros",urn:newsml:newsroom:20250411:nNRAw13hlv:0,NS:NOTENG,CABK.MC
2025-04-11 17:13:01.738,"CaixaBank raises 2024 shareholder dividend to 3,096 million euros",urn:newsml:newsroom:20250411:nNRAw12a9z:0,NS:NOTENG,CABK.MC
2025-04-11 16:22:42.616,Weekly: CaixaBank (CABK: EUR6.44) lifts 3.0% - outperforming 85% of stocks; +19c [3.0%] Vol Index 4.4 [1 is avg],urn:newsml:newsroom:20250411:nNRAw116lw:0,NS:GLOWEE,CABK.MC
2025-04-11 16:22:01.210,Weekly: CaixaBank (CABK: EUR6.44) lifts 3.0% - outperforming 85% of stocks; +19c [3.0%] Vol Index 4.4 [1 is avg],urn:newsml:newsroom:20250411:nNRAw1159m:0,NS:SPANEW,CABK.MC
2025-04-11 16:18:16.826,CaixaBank (CABK: EUR6.44) decreases on high volume; -4c [-0.6%] Vol Index 2.4 [1 is avg],urn:newsml:newsroom:20250411:nNRAw113kp:0,NS:SPANEW,CABK.MC
2025-04-11 14:58:44.000,CaixaBank SA - Resolutions passed by Annual General Meeting (Acuerdos aprobados EN),urn:newsml:reuters.com:20250411:nNDL1VZbwL:1,NS:PUBT,CABK.MC
2025-04-11 13:44:57.000,"CaixaBank SA - The CaixaBank General Shareholders’ Meeting approves a final dividend of €2.03 billion, bringing the total annual dividend to around €3.1 billion",urn:newsml:reuters.com:20250411:nNDL1S1Qnn:1,NS:PUBT,CABK.MC
2025-04-11 13:12:53.548,CaixaBank closes the Bankia phase at today's Shareholders' Meeting with the departure of its last three directors.,urn:newsml:newsroom:20250411:nNRAw0xsoh:0,NS:NOTENG,CABK.MC
2025-04-11 12:50:07.381,Friday's Preview: Can CaixaBank rebound after being down?,urn:newsml:newsroom:20250411:nNRAw0xbwc:0,NS:GLOROU,CABK.MC
2025-04-11 11:14:07.503,Muniesa confirms that CaixaBank maintains its headquarters in Valencia despite the Foundation's move to Barcelona,urn:newsml:newsroom:20250411:nNRAw0vcvh:0,NS:NOTENG,CABK.MC
2025-04-11 09:16:11.435,Can CaixaBank rebound after recent dip?,urn:newsml:newsroom:20250411:nNRAw0tpvr:0,NS:GLOROU,CABK.MC
2025-04-11 06:38:27.256,CaixaBank surges 23% in past 3 months,urn:newsml:newsroom:20250411:nNRAw0rptv:0,NS:GLOROU,CABK.MC
2025-04-11 06:17:14.822,How CaixaBank's dividend compares to Its Peers,urn:newsml:newsroom:20250411:nNRAw0rgmn:0,NS:SPANEW,CABK.MC
2025-04-11 02:42:16.446,CaixaBank surges 23% in past 3 months,urn:newsml:newsroom:20250411:nNRAw0pprg:0,NS:GLOROU,CABK.MC
2025-04-10 22:33:26.320,CaixaBank surges 23% in past 3 months,urn:newsml:newsroom:20250410:nNRAw0nu64:0,NS:GLOROU,CABK.MC
2025-04-10 17:23:18.319,CaixaBank ADR (CAIXY: $2.34) drops 1.3% on average volume; -3c [-1.3%],urn:newsml:newsroom:20250410:nNRAw0kkax:0,NS:GLOROU,CABK.MC
2025-04-10 16:22:16.950,"Past Week: CaixaBank (CABK: EUR6.48) falls for a second consecutive week, a two-week fall of 12%; -88c [-12.0%]",urn:newsml:newsroom:20250410:nNRAw0jh3t:0,NS:SPANEW,CABK.MC
2025-04-10 16:18:28.190,CaixaBank (CABK: EUR6.48) jumps 6.4% strengthening above moving average price; +39c [+6.4%] Vol Index 9.9 [1 is avg],urn:newsml:newsroom:20250410:nNRAw0jfr4:0,NS:SPANEW,CABK.MC
2025-04-10 14:34:01.051,CaixaBank ADR (CAIXY: $2.36) decreases on spectacular volume; -1c [-0.4%] Vol Index 8.5 [1 is avg],urn:newsml:newsroom:20250410:nNRAw0hn2e:0,NS:GLOROU,CABK.MC
2025-04-10 06:40:48.051,CaixaBank surges 25% in past 3 months,urn:newsml:newsroom:20250410:nNRAw0a6no:0,NS:GLOROU,CABK.MC
2025-04-10 06:17:46.611,How CaixaBank's Tax Rate compares to Its Peers,urn:newsml:newsroom:20250410:nNRAw09twq:0,NS:SPANEW,CABK.MC
2025-04-10 06:17:45.680,How CaixaBank's dividend compares to Unicaja Banco,urn:newsml:newsroom:20250410:nNRAw09ub7:0,NS:SPANEW,CABK.MC
2025-04-10 04:13:35.636,Veolia reaffirms its commitment to Spain after Criteria's takeover and rules out the sale of Agbar,urn:newsml:newsroom:20250410:nNRAw08okx:0,NS:NOTENG,CABK.MC
2025-04-10 02:37:04.663,CaixaBank surges 25% in past 3 months,urn:newsml:newsroom:20250410:nNRAw07rgp:0,NS:GLOROU,CABK.MC
2025-04-09 22:33:12.191,CaixaBank surges 25% in past 3 months,urn:newsml:newsroom:20250409:nNRAw05yae:0,NS:GLOROU,CABK.MC
2025-04-09 16:22:02.993,Past Week: CaixaBank (CABK: EUR6.09) accelerates decline: down 18% in 2 weeks; -EUR1.32 [-17.8%],urn:newsml:newsroom:20250409:nNRAw01tle:0,NS:SPANEW,CABK.MC
2025-04-09 16:18:36.287,CaixaBank (CABK: EUR6.09) closes at 13% below VWAP on strong volume; -6c [-1.0%] Vol Index 4.0 [1 is avg],urn:newsml:newsroom:20250409:nNRAw01shz:0,NS:SPANEW,CABK.MC
2025-04-09 11:44:13.000,BUZZ-European banks fall further after China's additional tariffs of 84% on US goods,urn:newsml:reuters.com:20250409:nL5N3QN0ZN:1,NS:RTRS,CABK.MC
2025-04-09 10:17:18.332,CaixaBank Continues to Underperform its Peers,urn:newsml:newsroom:20250409:nNRAvzvp4s:0,NS:SPANEW,CABK.MC
2025-04-09 09:12:13.742,How Banco Bilbao Vizcaya Argentaria's dividend compares to CaixaBank,urn:newsml:newsroom:20250409:nNRAvzv0f9:0,NS:SPANEW,CABK.MC
2025-04-09 09:12:13.645,How Banco Santander's dividend compares to CaixaBank,urn:newsml:newsroom:20250409:nNRAvzv02f:0,NS:SPANEW,CABK.MC
2025-04-09 09:12:12.515,How Banco de Sabadell's dividend compares to CaixaBank,urn:newsml:newsroom:20250409:nNRAvzv02e:0,NS:SPANEW,CABK.MC
2025-04-09 09:12:07.790,How CaixaBank's dividend compares to Bankinter,urn:newsml:newsroom:20250409:nNRAvzv1f5:0,NS:SPANEW,CABK.MC
2025-04-09 08:17:32.246,How CaixaBank's dividend compares to Banco de Sabadell,urn:newsml:newsroom:20250409:nNRAvzufw4:0,NS:SPANEW,CABK.MC
2025-04-09 08:12:46.931,"Cox closes 85 million in financing with backing from Santander, CAF, ICO and Caixabank",urn:newsml:newsroom:20250409:nNRAvzudwa:0,NS:NOTENG,CABK.MC
2025-04-09 07:17:07.452,How CaixaBank's dividend compares to Banco Bilbao Vizcaya Argentaria,urn:newsml:newsroom:20250409:nNRAvztnva:0,NS:SPANEW,CABK.MC
2025-04-09 06:47:28.405,CaixaBank surges 18% in past 3 months,urn:newsml:newsroom:20250409:nNRAvztbac:0,NS:GLOROU,CABK.MC
2025-04-09 06:18:17.436,How CaixaBank's dividend compares to Banco Santander,urn:newsml:newsroom:20250409:nNRAvzswz5:0,NS:SPANEW,CABK.MC
2025-04-09 02:47:39.919,CaixaBank surges 18% in past 3 months,urn:newsml:newsroom:20250409:nNRAvzqxt0:0,NS:GLOROU,CABK.MC
2025-04-09 02:14:00.436,CaixaBank avoids the impact of Basel III and converts it into a capital reinforcement,urn:newsml:newsroom:20250409:nNRAvzqmch:0,NS:NOTENG,CABK.MC
2025-04-08 22:44:04.138,CaixaBank surges 18% in past 3 months,urn:newsml:newsroom:20250408:nNRAvzoz2z:0,NS:GLOROU,CABK.MC
2025-04-08 18:02:47.342,CaixaBank ADR (CAIXY: $2.19) in 4th consecutive fall; -0.5c [-0.2%] Vol Index 2.2 [1 is avg],urn:newsml:newsroom:20250408:nNRAvzmcfe:0,NS:GLOROU,CABK.MC
2025-04-08 16:23:04.359,Past Week: CaixaBank (CABK: EUR6.15) in bottom 3% performers of IBEX 35 Index in past week; -EUR1.15 [-15.8%] Vol Index 2.0 [1 is avg],urn:newsml:newsroom:20250408:nNRAvzkri2:0,NS:SPANEW,CABK.MC
2025-04-08 16:22:59.913,"CaixaBank (CABK: EUR6.15) gains 3.0%, outperforming 81% of the market; +18c [+3.0%] Vol Index 5.2 [1 is avg]",urn:newsml:newsroom:20250408:nNRAvzkskm:0,NS:SPANEW,CABK.MC
2025-04-08 07:17:31.368,CaixaBank- 5 Reasons Investors Remain Bullish,urn:newsml:newsroom:20250408:nNRAvzcwa1:0,NS:SPANEW,CABK.MC
2025-04-08 06:38:52.881,CaixaBank surges 21% in past 3 months,urn:newsml:newsroom:20250408:nNRAvzcf7b:0,NS:GLOROU,CABK.MC
2025-04-08 06:17:33.135,CaixaBank continues to outperform Unicaja Banco by 0.5% in the past month,urn:newsml:newsroom:20250408:nNRAvzc4lv:0,NS:SPANEW,CABK.MC
2025-04-08 02:37:03.175,CaixaBank surges 21% in past 3 months,urn:newsml:newsroom:20250408:nNRAvza6tj:0,NS:GLOROU,CABK.MC
2025-04-07 22:37:01.110,CaixaBank surges 21% in past 3 months,urn:newsml:newsroom:20250407:nNRAvz8cs0:0,NS:GLOROU,CABK.MC
2025-04-07 16:22:11.922,Past Week: CaixaBank (CABK: EUR5.97) in bottom 3% performers of IBEX 35 Index in past week; -EUR1.20 [-16.7%],urn:newsml:newsroom:20250407:nNRAvz482i:0,NS:SPANEW,CABK.MC
2025-04-07 16:17:31.959,"CaixaBank (CABK: EUR5.97) continues significant downtrend, sinks 4.5%; -28c [-4.5%]",urn:newsml:newsroom:20250407:nNRAvz46vn:0,NS:SPANEW,CABK.MC
2025-04-07 14:37:19.771,Q1/2025: Monthly: CaixaBank ADR (CAIXY: $2.58) in top 4% performers of market in past quarter,urn:newsml:newsroom:20250407:nNRAvz2olm:0,NS:GLOROU,CABK.MC
2025-04-07 13:37:33.174,Q1/2025: Monthly: CaixaBank ADR (CAIXY: $2.58) in top 4% performers of market in past quarter,urn:newsml:newsroom:20250407:nNRAvz1rm8:0,NS:GLOROU,CABK.MC
2025-04-07 12:37:38.605,Q1/2025: Monthly: CaixaBank ADR (CAIXY: $2.58) in top 4% performers of market in past quarter,urn:newsml:newsroom:20250407:nNRAvz0rcp:0,NS:GLOROU,CABK.MC
2025-04-07 09:12:10.268,Banco Bilbao Vizcaya Argentaria continues to underperform CaixaBank by 4.9% in the past month,urn:newsml:newsroom:20250407:nNRAvyxyd5:0,NS:SPANEW,CABK.MC
2025-04-07 09:12:09.983,Banco Santander continues to underperform CaixaBank by 5.2% in the past month,urn:newsml:newsroom:20250407:nNRAvyxx4l:0,NS:SPANEW,CABK.MC
2025-04-07 09:12:08.578,CaixaBank continues to underperform Bankinter by 2.7% in the past month,urn:newsml:newsroom:20250407:nNRAvyxy4r:0,NS:SPANEW,CABK.MC
2025-04-07 08:12:09.353,CaixaBank continues to outperform Banco Santander by 5.2% in the past month,urn:newsml:newsroom:20250407:nNRAvywu4o:0,NS:SPANEW,CABK.MC
2025-04-07 07:12:11.867,CaixaBank continues to outperform Banco de Sabadell by 2.6% in the past month,urn:newsml:newsroom:20250407:nNRAvyw5w4:0,NS:SPANEW,CABK.MC
2025-04-07 06:12:20.299,CaixaBank continues to outperform Banco Bilbao Vizcaya Argentaria by 4.9% in the past month,urn:newsml:newsroom:20250407:nNRAvyvjvp:0,NS:SPANEW,CABK.MC
2025-04-05 06:36:57.722,CaixaBank surges 22% in past 3 months,urn:newsml:newsroom:20250405:nNRAvyfgck:0,NS:GLOROU,CABK.MC
2025-04-05 04:27:30.071,Weekly: CaixaBank (CABK: EUR6.25) plunges 14% on firm volume; -EUR1.01 [13.9%],urn:newsml:newsroom:20250405:nNRAvyejl4:0,NS:GLOWEE,CABK.MC
2025-04-05 03:22:43.409,Weekly: CaixaBank ADR (CAIXY: OTC: $2.25) plunges 13% on robust volume; -35c [13.5%] Vol Index 1.7 [1 is avg],urn:newsml:newsroom:20250405:nNRAvye1nb:0,NS:GLOROU,CABK.MC
2025-04-05 02:47:07.937,CaixaBank surges 22% in past 3 months,urn:newsml:newsroom:20250405:nNRAvydqwb:0,NS:GLOROU,CABK.MC
2025-04-04 22:32:09.937,CaixaBank surges 22% in past 3 months,urn:newsml:newsroom:20250404:nNRAvyc07k:0,NS:GLOROU,CABK.MC
2025-04-04 16:23:05.452,Weekly: CaixaBank (CABK: EUR6.25) plunges 14% on firm volume; -EUR1.01 [13.9%],urn:newsml:newsroom:20250404:nNRAvy7s23:0,NS:GLOWEE,CABK.MC
2025-04-04 16:22:23.740,"CaixaBank (CABK: EUR6.25) drops 10% on increasing volatility, hits 52-day low; -72c [-10.3%]",urn:newsml:newsroom:20250404:nNRAvy7qy4:0,NS:SPANEW,CABK.MC
2025-04-04 13:15:45.436,"CaixaBank foresees ""potentially moderate impact"" of tariffs on European economies",urn:newsml:newsroom:20250404:nNRAvy4pge:0,NS:NOTENG,CABK.MC
2025-04-04 12:46:59.443,Can CaixaBank rebound after recent dip?,urn:newsml:newsroom:20250404:nNRAvy42iv:0,NS:GLOROU,CABK.MC
2025-04-04 09:06:57.568,CaixaBank down in recent days,urn:newsml:newsroom:20250404:nNRAvy16x2:0,NS:GLOROU,CABK.MC
2025-04-04 06:47:15.291,CaixaBank soars 42% in past 3 months,urn:newsml:newsroom:20250404:nNRAvxzlye:0,NS:GLOROU,CABK.MC
2025-04-04 06:12:40.532,How CaixaBank's dividend compares to Its Peers,urn:newsml:newsroom:20250404:nNRAvxz6g2:0,NS:SPANEW,CABK.MC
2025-04-04 02:47:15.177,CaixaBank soars 42% in past 3 months,urn:newsml:newsroom:20250404:nNRAvxxdm5:0,NS:GLOROU,CABK.MC
2025-04-03 22:46:59.380,CaixaBank soars 42% in past 3 months,urn:newsml:newsroom:20250403:nNRAvxuz5q:0,NS:GLOROU,CABK.MC
2025-04-03 16:22:18.466,Past Week: CaixaBank (CABK: EUR6.97) shares post worst week in eighteen weeks; -39c [-5.3%],urn:newsml:newsroom:20250403:nNRAvxqa8s:0,NS:SPANEW,CABK.MC
2025-04-03 16:17:21.778,"CaixaBank (CABK: EUR6.97) sinks 4.5% on extraordinary volume, announces dividend; -33c [-4.5%] Vol Index 4.5 [1 is avg]",urn:newsml:newsroom:20250403:nNRAvxq6yy:0,NS:SPANEW,CABK.MC
2025-04-03 14:42:37.885,With a trading volume of EUR 41.3 mn CABK.MC trades 0.27 percent higher today,urn:newsml:newsroom:20250403:nNRAvxoiz1:0,NS:STOCKP,CABK.MC
2025-04-03 12:47:11.619,Can CaixaBank continue its gains?,urn:newsml:newsroom:20250403:nNRAvxmi07:0,NS:GLOROU,CABK.MC
2025-04-03 10:47:59.000,BUZZ-European banks slide on recession worries after sweeping US tariffs,urn:newsml:reuters.com:20250403:nL5N3QH0WC:1,NS:RTRS,CABK.MC
2025-04-03 10:37:22.777,"Short Interest in CaixaBank, S.A. (OTCMKTS:CAIXY) Expands By 20.2%",urn:newsml:newsroom:20250403:nNRAvxkkih:0,NS:TRADAJ,CABK.MC
2025-04-03 09:46:23.167,"CaixaBank, S.A. (OTCMKTS:CAIXY) Sees Large Increase in Short Interest",urn:link:webnews:20250403:nNRAvxjvst:0,NS:MARBEA,CABK.MC
2025-04-03 09:06:58.039,Traders look to see if CaixaBank's recent rally will continue,urn:newsml:newsroom:20250403:nNRAvxjft3:0,NS:GLOROU,CABK.MC
2025-04-03 06:37:19.167,CaixaBank soars 50% in past 3 months,urn:newsml:newsroom:20250403:nNRAvxhk1t:0,NS:GLOROU,CABK.MC
2025-04-03 06:13:03.090,The Short-Term Bullish Case For CaixaBank,urn:newsml:newsroom:20250403:nNRAvxh847:0,NS:SPANEW,CABK.MC
2025-04-03 06:13:01.790,CaixaBank continues to outperform Unicaja Banco by 0.7% year to date,urn:newsml:newsroom:20250403:nNRAvxh8yu:0,NS:SPANEW,CABK.MC
2025-04-03 06:13:00.703,How CaixaBank's dividend compares to Unicaja Banco,urn:newsml:newsroom:20250403:nNRAvxh7pv:0,NS:SPANEW,CABK.MC
2025-04-03 02:37:13.036,CaixaBank soars 50% in past 3 months,urn:newsml:newsroom:20250403:nNRAvxfavi:0,NS:GLOROU,CABK.MC
2025-04-02 22:32:59.091,CaixaBank soars 50% in past 3 months,urn:newsml:newsroom:20250402:nNRAvxdecc:0,NS:GLOROU,CABK.MC
2025-04-02 17:22:34.313,Past Week: CaixaBank (CABK: EUR7.30) down 2.7% in 2 weeks; -20c [-2.7%],urn:newsml:newsroom:20250402:nNRAvx9tyh:0,NS:SPANEW,CABK.MC
2025-04-02 17:17:21.587,"CaixaBank (CABK: EUR7.30) lifts 1.8% strengthening above moving average price, announces dividend; +13c [+1.8%]",urn:newsml:newsroom:20250402:nNRAvx9q86:0,NS:SPANEW,CABK.MC
2025-04-02 17:07:54.966,Banco Bilbao Vizcaya Argentaria continues to underperform CaixaBank by 4.0% year to date,urn:newsml:newsroom:20250402:nNRAvx9im8:0,NS:SPANEW,CABK.MC
2025-04-02 16:12:38.305,CaixaBank continues to outperform Bankinter by 2.7% year to date,urn:newsml:newsroom:20250402:nNRAvx8q5g:0,NS:SPANEW,CABK.MC
2025-04-02 14:12:57.523,CaixaBank continues to underperform Banco de Sabadell by 0.4% year to date,urn:newsml:newsroom:20250402:nNRAvx6zbo:0,NS:SPANEW,CABK.MC
2025-04-02 12:47:08.315,Can CaixaBank continue its gains?,urn:newsml:newsroom:20250402:nNRAvx5j5c:0,NS:GLOROU,CABK.MC
2025-04-02 09:12:15.394,How Banco Bilbao Vizcaya Argentaria's dividend compares to CaixaBank,urn:newsml:newsroom:20250402:nNRAvx2nag:0,NS:SPANEW,CABK.MC
2025-04-02 09:12:14.967,How Banco Santander's dividend compares to CaixaBank,urn:newsml:newsroom:20250402:nNRAvx2naf:0,NS:SPANEW,CABK.MC
2025-04-02 09:12:13.527,How Banco de Sabadell's dividend compares to CaixaBank,urn:newsml:newsroom:20250402:nNRAvx2ngt:0,NS:SPANEW,CABK.MC
2025-04-02 09:12:13.220,How CaixaBank's dividend compares to Bankinter,urn:newsml:newsroom:20250402:nNRAvx2nah:0,NS:SPANEW,CABK.MC
2025-04-02 09:06:58.481,Traders look to see if CaixaBank's recent rally will continue,urn:newsml:newsroom:20250402:nNRAvx2ive:0,NS:GLOROU,CABK.MC
2025-04-02 08:12:39.816,How CaixaBank's dividend compares to Banco de Sabadell,urn:newsml:newsroom:20250402:nNRAvx1y8i:0,NS:SPANEW,CABK.MC
2025-04-02 07:13:21.737,How CaixaBank's dividend compares to Banco Bilbao Vizcaya Argentaria,urn:newsml:newsroom:20250402:nNRAvx19bx:0,NS:SPANEW,CABK.MC
2025-04-02 06:36:59.227,CaixaBank soars 49% in past 3 months,urn:newsml:newsroom:20250402:nNRAvx0rbm:0,NS:GLOROU,CABK.MC
2025-04-02 06:12:00.712,How CaixaBank's dividend compares to Banco Santander,urn:newsml:newsroom:20250402:nNRAvx0g42:0,NS:SPANEW,CABK.MC
2025-04-02 02:57:13.599,CaixaBank soars 49% in past 3 months,urn:newsml:newsroom:20250402:nNRAvwyo14:0,NS:GLOROU,CABK.MC
2025-04-01 22:32:38.523,CaixaBank soars 49% in past 3 months,urn:newsml:newsroom:20250401:nNRAvwwjeu:0,NS:GLOROU,CABK.MC
2025-04-01 15:13:39.704,Judge reminds Ábalos that there are indications that the kickbacks were not limited to mask contracts,urn:newsml:newsroom:20250401:nNRAvwr9kd:0,NS:NOTENG,CABK.MC
2025-04-01 12:56:57.758,Can CaixaBank rebound after recent dip?,urn:newsml:newsroom:20250401:nNRAvwpbvj:0,NS:GLOROU,CABK.MC
2025-04-01 09:06:58.242,CaixaBank down in recent days,urn:newsml:newsroom:20250401:nNRAvwlx2c:0,NS:GLOROU,CABK.MC
2025-04-01 07:47:24.657,CaixaBank announces dividend,urn:newsml:newsroom:20250401:nNRAvwl03v:0,NS:NEWWIR,CABK.MC
2025-04-01 07:08:57.379,CaixaBank soars 46% in past 3 months,urn:newsml:newsroom:20250401:nNRAvwkdkh:0,NS:GLOROU,CABK.MC
2025-04-01 06:30:00.000,CaixaBank and the FER renew their commitment to promoting the growth and development of La Rioja,urn:newsml:newsroom:20250404:nNRAvy2z9g:0,NS:INDBAN,CABK.MC
2025-04-01 06:14:03.488,"CaixaBank grows in corporate banking: startup division reaches 5,000 customers",urn:newsml:newsroom:20250401:nNRAvwj92g:0,NS:NOTENG,CABK.MC
2025-04-01 03:27:22.305,Q1/2025: Monthly: CaixaBank ADR (CAIXY: $2.58) in top 4% performers of market in past quarter,urn:newsml:newsroom:20250401:nNRAvwhjfa:0,NS:GLOROU,CABK.MC
2025-04-01 02:37:22.363,CaixaBank soars 46% in past 3 months,urn:newsml:newsroom:20250401:nNRAvwgtq3:0,NS:GLOROU,CABK.MC
2025-03-31 22:32:10.417,CaixaBank soars 46% in past 3 months,urn:newsml:newsroom:20250331:nNRAvwez7f:0,NS:GLOROU,CABK.MC
2025-03-31 18:22:00.959,"Apollo, KKR still in running for CaixaBank loans - report",urn:newsml:newsroom:20250331:nNRAvwc182:0,NS:SEECOM,CABK.MC
2025-03-31 17:31:56.938,"End-of-Quarter Synopsis Monthly : CaixaBank (CABK: EUR7.17) climbs 7%, 2 months' volume in a month",urn:newsml:newsroom:20250331:nNRAvwbgol:0,NS:SPANEW,CABK.MC
2025-03-31 17:22:15.934,Past Week: CaixaBank (CABK: EUR7.17) shares post worst week in fourteen weeks; -13c [-1.8%] Vol Index 1.6 [1 is avg],urn:newsml:newsroom:20250331:nNRAvwbbsr:0,NS:SPANEW,CABK.MC
2025-03-31 12:51:59.149,Can CaixaBank rebound after recent dip?,urn:newsml:newsroom:20250331:nNRAvw7af8:0,NS:GLOROU,CABK.MC
2025-03-31 09:12:03.177,Banco Bilbao Vizcaya Argentaria continues to underperform CaixaBank by 3.6% in the past three months,urn:newsml:newsroom:20250331:nNRAvw509w:0,NS:SPANEW,CABK.MC
2025-03-31 09:12:00.919,CaixaBank continues to outperform Bankinter by 3.0% in the past three months,urn:newsml:newsroom:20250331:nNRAvw4z9i:0,NS:SPANEW,CABK.MC
2025-03-31 09:11:37.986,Criteria buys 20% of Europastry and replaces MCH fund,urn:newsml:newsroom:20250331:nNRAvw4z8d:0,NS:NOTENG,CABK.MC
2025-03-31 09:06:58.513,CaixaBank down in recent days,urn:newsml:newsroom:20250331:nNRAvw4xll:0,NS:GLOROU,CABK.MC
2025-03-31 07:12:31.101,CaixaBank continues to underperform Banco de Sabadell by 5.3% in the past three months,urn:newsml:newsroom:20250331:nNRAvw3prm:0,NS:SPANEW,CABK.MC
2025-03-30 13:12:23.954,"CaixaBank contributed 18,872 million to the Spanish economy last year, 1.18% of GDP.",urn:newsml:newsroom:20250330:nNRAvvxacd:0,NS:NOTENG,CABK.MC
2025-03-30 12:07:23.597,CaixaBank ADR soars 44% in 2025,urn:newsml:newsroom:20250330:nNRAvvwujg:0,NS:GLOROU,CABK.MC
2025-03-30 11:12:25.759,"CaixaBank contributed 18,872 million to the Spanish economy in 2024, 1.18% of GDP",urn:newsml:newsroom:20250330:nNRAvvwjfj:0,NS:NOTENG,CABK.MC
2025-03-30 06:07:29.025,CaixaBank ADR soars 44% in 2025,urn:newsml:newsroom:20250330:nNRAvvu9gt:0,NS:GLOROU,CABK.MC
2025-03-30 01:12:16.032,"""We want to open centers of excellence in AI in Spain.""",urn:newsml:newsroom:20250330:nNRAvvsjiu:0,NS:NOTENG,CABK.MC
2025-03-29 06:42:14.546,CaixaBank soars 47% in past 3 months,urn:newsml:newsroom:20250329:nNRAvvkurr:0,NS:GLOROU,CABK.MC
2025-03-29 03:32:28.406,CaixaBank ADR soars 44% in 2025,urn:newsml:newsroom:20250329:nNRAvvjf2t:0,NS:GLOROU,CABK.MC
2025-03-29 03:28:03.615,Weekly: CaixaBank ADR (CAIXY: OTC: $2.60) unchanged on high volume,urn:newsml:newsroom:20250329:nNRAvvjcjm:0,NS:GLOROU,CABK.MC
2025-03-29 03:27:47.038,Weekly: CaixaBank ADR (CAIXY: OTC: $2.60) unchanged on high volume,urn:newsml:newsroom:20250329:nNRAvvjc1j:0,NS:GLOROU,CABK.MC
2025-03-29 02:47:18.689,CaixaBank soars 47% in past 3 months,urn:newsml:newsroom:20250329:nNRAvvj3kx:0,NS:GLOROU,CABK.MC
2025-03-28 22:37:45.446,CaixaBank soars 47% in past 3 months,urn:newsml:newsroom:20250328:nNRAvvgner:0,NS:GLOROU,CABK.MC
2025-03-28 21:12:09.897,CaixaBank receives 446 million in dividends from BPI,urn:newsml:newsroom:20250328:nNRAvvfsib:0,NS:NOTENG,CABK.MC
2025-03-28 18:13:16.703,"Criteria earns 1,061 million in 2024, up 30%, and exceeds 30 billion in assets",urn:newsml:newsroom:20250328:nNRAvvdp7u:0,NS:NOTENG,CABK.MC
2025-03-28 18:13:14.714,"Criteria earns 1,061 million in 2024, up 30%.",urn:newsml:newsroom:20250328:nNRAvvdosk:0,NS:NOTENG,CABK.MC
2025-03-28 17:13:36.133,CriteriaCaixa's individual net profit rises 30% to 1.061 billion euros,urn:newsml:newsroom:20250328:nNRAvvcnve:0,NS:NOTENG,CABK.MC
2025-03-28 13:32:02.207,CaixaBank's Board of Directors appoints Amparo Moraleda as Vice President,urn:newsml:newsroom:20250328:nNRAvv9w03:0,NS:INDBAN,CABK.MC
2025-03-28 12:47:07.669,Can CaixaBank continue its gains?,urn:newsml:newsroom:20250328:nNRAvv95fb:0,NS:GLOROU,CABK.MC
2025-03-28 12:11:26.831,CaixaBank appoints Amparo Moraleda as vice-president,urn:newsml:newsroom:20250328:nNRAvv8rvc:0,NS:NOTENG,CABK.MC
2025-03-28 09:06:58.695,Traders look to see if CaixaBank's recent rally will continue,urn:newsml:newsroom:20250328:nNRAvv6zrr:0,NS:GLOROU,CABK.MC
2025-03-28 07:32:01.728,CaixaBank's Board of Directors appoints Amparo Moraleda as Deputy Chairwoman,urn:newsml:newsroom:20250328:nNRAvv6dkc:0,NS:INDBAN,CABK.MC
2025-03-28 06:42:38.906,CaixaBank soars 49% in past 3 months,urn:newsml:newsroom:20250328:nNRAvv5v6z:0,NS:GLOROU,CABK.MC
2025-03-28 02:57:06.120,CaixaBank soars 49% in past 3 months,urn:newsml:newsroom:20250328:nNRAvv3udg:0,NS:GLOROU,CABK.MC
2025-03-27 22:38:32.560,CaixaBank soars 49% in past 3 months,urn:newsml:newsroom:20250327:nNRAvv1wya:0,NS:GLOROU,CABK.MC
2025-03-27 22:13:01.573,CaixaBank appoints Amparo Moraleda as vice-president,urn:newsml:newsroom:20250327:nNRAvv1ogx:0,NS:NOTENG,CABK.MC
2025-03-27 21:12:15.970,CaixaBank appoints independent director Amparo Moraleda as vice chairman,urn:newsml:newsroom:20250327:nNRAvv16sw:0,NS:NOTENG,CABK.MC
2025-03-27 20:13:18.215,CaixaBank appoints Amparo Moraleda as new vice-president,urn:newsml:newsroom:20250327:nNRAvv0hot:0,NS:NOTENG,CABK.MC
2025-03-27 20:12:03.403,CaixaBank appoints Amparo Moraleda as vice-chairwoman and completes board changes,urn:newsml:newsroom:20250327:nNRAvv0j2f:0,NS:NOTENG,CABK.MC
2025-03-27 19:13:32.677,CaixaBank appoints Amparo Moraleda Martínez as its new Vice President,urn:newsml:newsroom:20250327:nNRAvv03a2:0,NS:NOTENG,CABK.MC
2025-03-27 18:13:43.698,CaixaBank appoints Amparo Moraleda as vice chairman and completes the renewal of its board of directors,urn:newsml:newsroom:20250327:nNRAvuzd2y:0,NS:NOTENG,CABK.MC
2025-03-27 17:26:44.000,CaixaBank SA - CaixaBank’s Board of Directors appoints Amparo Moraleda as Vice-chairwoman,urn:newsml:reuters.com:20250327:nNDL4xzNK2:1,NS:PUBT,CABK.MC
2025-03-27 17:22:36.302,Past Week: CaixaBank (CABK: EUR7.36) up 6% in 2 weeks; +40c [5.7%],urn:newsml:newsroom:20250327:nNRAvuyoji:0,NS:SPANEW,CABK.MC
2025-03-27 15:02:00.000,UPDATE 1-Spain's Criteria says no current talks on stake in Naturgy,urn:newsml:reuters.com:20250327:nL5N3QA1G9:2,NS:RTRS,CABK.MC
2025-03-27 14:33:29.000,Spain's Criteria denies talks with investor on stake in Naturgy,urn:newsml:reuters.com:20250327:nL5N3QA1FC:1,NS:RTRS,CABK.MC
2025-03-27 12:47:01.252,Can CaixaBank rebound after recent dip?,urn:newsml:newsroom:20250327:nNRAvuulb7:0,NS:GLOROU,CABK.MC
2025-03-27 11:07:45.786,"CaixaBank, S.A. (CAIXY) To Go Ex-Dividend on April 22nd",urn:newsml:newsroom:20250327:nNRAvut6z2:0,NS:WATNEW,CABK.MC
2025-03-27 09:07:05.386,Thursday's Preview: Can CaixaBank rebound after being down?,urn:newsml:newsroom:20250327:nNRAvurv3l:0,NS:GLOROU,CABK.MC
2025-03-27 08:31:49.220,CaixaBank's executive committee appoints Gonzalo Gortázar as VidaCaixa's Non-Executive Chairman,urn:newsml:newsroom:20250327:nNRAvurk0g:0,NS:INDBAN,CABK.MC
2025-03-27 07:12:28.452,How CaixaBank's Tax Rate compares to Its Peers,urn:newsml:newsroom:20250327:nNRAvuqp3l:0,NS:SPANEW,CABK.MC
2025-03-27 06:42:01.147,CaixaBank soars 47% in past 3 months,urn:newsml:newsroom:20250327:nNRAvuqcyw:0,NS:GLOROU,CABK.MC
2025-03-27 02:42:10.764,CaixaBank soars 47% in past 3 months,urn:newsml:newsroom:20250327:nNRAvuoh23:0,NS:GLOROU,CABK.MC
2025-03-27 00:13:54.883,CaixaBank and BBVA endorse Naturgy's self-option,urn:newsml:newsroom:20250327:nNRAvunb6b:0,NS:NOTENG,CABK.MC
2025-03-26 23:38:10.917,"CaixaBank, S.A. (OTCMKTS:CAIXY) Announces Dividend of $0.06",urn:link:webnews:20250326:nNRAvun1vn:0,NS:MARBEA,CABK.MC
2025-03-26 22:37:57.140,CaixaBank soars 47% in past 3 months,urn:newsml:newsroom:20250326:nNRAvumnnm:0,NS:GLOROU,CABK.MC
2025-03-26 22:13:00.634,Criteria appoints Jordi Ros as CEO of its private equity management company,urn:newsml:newsroom:20250326:nNRAvumfft:0,NS:NOTENG,CABK.MC
2025-03-26 17:28:01.175,"IBEX 35 SPANISH TOP 9 DAILY: PRICE RISES ON STRONG VOLUMES IN THE PAST MONTH End-of-day: Wednesday March 26, 2025 16:00 (EST: 11:00, GMT: 15:00)",urn:newsml:newsroom:20250326:nNRAvuj96p:0,NS:GLOUPM,CABK.MC
2025-03-26 16:38:43.000,CaixaBank SA - CaixaBank’s executive committee appoints Gonzalo Gortázar as VidaCaixa’s Non-Executive Chairman,urn:newsml:reuters.com:20250326:nNDL6KzHBP:1,NS:PUBT,CABK.MC
2025-03-26 14:17:27.309,"CaixaBank, S.A. (OTCMKTS:CAIXY) Declares Dividend Increase – $0.06 Per Share",urn:newsml:newsroom:20250326:nNRAvugj1k:0,NS:ZOLCOM,CABK.MC
2025-03-26 14:02:16.002,"CaixaBank, S.A. (OTCMKTS:CAIXY) Increases Dividend to $0.06 Per Share",urn:newsml:newsroom:20250326:nNRAvugar4:0,NS:DAILYQ,CABK.MC
2025-03-26 10:12:22.761,How Banco Bilbao Vizcaya Argentaria's dividend compares to CaixaBank,urn:newsml:newsroom:20250326:nNRAvucp1m:0,NS:SPANEW,CABK.MC
2025-03-26 10:12:19.431,How Banco de Sabadell's dividend compares to CaixaBank,urn:newsml:newsroom:20250326:nNRAvucope:0,NS:SPANEW,CABK.MC
2025-03-26 10:12:18.806,How CaixaBank's dividend compares to Bankinter,urn:newsml:newsroom:20250326:nNRAvucq21:0,NS:SPANEW,CABK.MC
2025-03-26 09:12:49.761,How CaixaBank's dividend compares to Banco de Sabadell,urn:newsml:newsroom:20250326:nNRAvuby3n:0,NS:SPANEW,CABK.MC
2025-03-26 07:31:47.639,CaixaBank's executive committee appoints Gonzalo Gortázar as non-executive chairman of VidaCaixa,urn:newsml:newsroom:20250326:nNRAvuao9x:0,NS:INDBAN,CABK.MC
2025-03-26 06:46:53.366,CaixaBank soars 50% in past 3 months,urn:newsml:newsroom:20250326:nNRAvua19v:0,NS:GLOROU,CABK.MC
2025-03-26 02:47:48.465,CaixaBank soars 50% in past 3 months,urn:newsml:newsroom:20250326:nNRAvu7yqi:0,NS:GLOROU,CABK.MC
2025-03-25 22:46:57.948,CaixaBank soars 50% in past 3 months,urn:newsml:newsroom:20250325:nNRAvu65zz:0,NS:GLOROU,CABK.MC
2025-03-25 22:12:52.492,CaixaBank appoints Gonzalo Gortázar as chairman of its insurance subsidiary to replace Jordi Gual,urn:newsml:newsroom:20250325:nNRAvu5sqr:0,NS:NOTENG,CABK.MC
2025-03-25 21:12:24.321,"Gonzalo Gortázar, VidaCaixa's new non-executive chairman",urn:newsml:newsroom:20250325:nNRAvu5d8r:0,NS:NOTENG,CABK.MC
2025-03-25 20:11:45.500,Gortázar relieves Gual as VidaCaixa's non-executive president,urn:newsml:newsroom:20250325:nNRAvu4to5:0,NS:NOTENG,CABK.MC
2025-03-25 19:14:00.691,CaixaBank appoints Gonzalo Gortázar as VidaCaixa's non-executive chairman,urn:newsml:newsroom:20250325:nNRAvu4ax9:0,NS:NOTENG,CABK.MC
2025-03-25 18:12:59.416,CaixaBank appoints Gortázar as Chairman of VidaCaixa to replace Jordi Gual,urn:newsml:newsroom:20250325:nNRAvu3hwq:0,NS:NOTENG,CABK.MC
2025-03-25 17:49:30.167,"Gonzalo Gortázar, new non-executive chairman of VidaCaixa",urn:link:webnews:20250325:nNRAvu30em:0,NS:ARADOC,CABK.MC
2025-03-25 17:22:22.501,"IBEX 35 SPANISH TOP 10 DAILY: PRICE RISES ON STRONG VOLUMES IN THE PAST MONTH End-of-day: Tuesday March 25, 2025 16:00 (EST: 11:00, GMT: 15:00)",urn:newsml:newsroom:20250325:nNRAvu2obn:0,NS:GLOUPM,CABK.MC
2025-03-25 12:47:03.816,CaixaBank down in recent days,urn:newsml:newsroom:20250325:nNRAvtyawe:0,NS:GLOROU,CABK.MC
2025-03-25 09:07:02.898,Tuesday's Preview: Can CaixaBank rebound after being down?,urn:newsml:newsroom:20250325:nNRAvtuudk:0,NS:GLOROU,CABK.MC
2025-03-25 06:43:33.000,"UPDATE 1-UAE's TAQA revives Naturgy stake talks with Criteria, Bloomberg News reports",urn:newsml:reuters.com:20250325:nL3N3Q80CQ:1,NS:RTRS,CABK.MC
2025-03-25 06:42:15.808,CaixaBank soars 48% in past 3 months,urn:newsml:newsroom:20250325:nNRAvtt4r8:0,NS:GLOROU,CABK.MC
2025-03-25 02:42:13.670,CaixaBank soars 48% in past 3 months,urn:newsml:newsroom:20250325:nNRAvtr0sw:0,NS:GLOROU,CABK.MC
2025-03-24 22:37:13.020,CaixaBank soars 48% in past 3 months,urn:newsml:newsroom:20250324:nNRAvtp67d:0,NS:GLOROU,CABK.MC
2025-03-24 19:38:58.000,"UAE's TAQA revives Naturgy stake talks with Criteria, Bloomberg News reports",urn:newsml:reuters.com:20250324:nL3N3Q71DJ:4,NS:RTRS,CABK.MC
2025-03-24 18:07:04.641,Banco Bilbao Vizcaya Argentaria continues to underperform CaixaBank by 5.8% in the past month,urn:newsml:newsroom:20250324:nNRAvtmfbs:0,NS:SPANEW,CABK.MC
2025-03-24 18:07:02.506,CaixaBank continues to underperform Bankinter by 2.2% in the past month,urn:newsml:newsroom:20250324:nNRAvtmfbv:0,NS:SPANEW,CABK.MC
2025-03-24 17:22:30.487,Past Week: CaixaBank (CABK: EUR7.30) lifts 2.8% - outperforming 85% of stocks; +20c [2.8%] Vol Index 1.5 [1 is avg],urn:newsml:newsroom:20250324:nNRAvtlupd:0,NS:SPANEW,CABK.MC
2025-03-24 16:12:29.864,CaixaBank continues to outperform Banco de Sabadell by 1.7% in the past month,urn:newsml:newsroom:20250324:nNRAvtkodf:0,NS:SPANEW,CABK.MC
2025-03-24 14:13:44.331,Santander analysts show their confidence in Hotelbeds and give it a potential of up to 96% in the stock market.,urn:newsml:newsroom:20250324:nNRAvtivvj:0,NS:NOTENG,CABK.MC
2025-03-24 14:13:10.871,How Banco Bilbao Vizcaya Argentaria's dividend compares to CaixaBank,urn:newsml:newsroom:20250324:nNRAvtiura:0,NS:SPANEW,CABK.MC
2025-03-24 14:13:10.547,How Banco de Sabadell's dividend compares to CaixaBank,urn:newsml:newsroom:20250324:nNRAvtiw5z:0,NS:SPANEW,CABK.MC
2025-03-24 14:13:09.993,How CaixaBank's dividend compares to Bankinter,urn:newsml:newsroom:20250324:nNRAvtiurc:0,NS:SPANEW,CABK.MC
2025-03-24 14:02:38.149,"Weekly: CaixaBank ADR (CAIXY: OTC: $2.60) lifts 2.8%, 3 weeks' volume in a week; +7c [2.8%] Vol Index 2.9 [1 is avg]",urn:newsml:newsroom:20250324:nNRAvtiqmi:0,NS:GLOROU,CABK.MC
2025-03-24 12:52:17.122,"Weekly: CaixaBank ADR (CAIXY: OTC: $2.60) lifts 2.8%, 3 weeks' volume in a week; +7c [2.8%] Vol Index 2.9 [1 is avg]",urn:newsml:newsroom:20250324:nNRAvthum1:0,NS:GLOROU,CABK.MC
2025-03-24 12:02:21.281,"Weekly: CaixaBank ADR (CAIXY: OTC: $2.60) lifts 2.8%, 3 weeks' volume in a week; +7c [2.8%] Vol Index 2.9 [1 is avg]",urn:newsml:newsroom:20250324:nNRAvtgupw:0,NS:GLOROU,CABK.MC
2025-03-24 10:12:52.619,How CaixaBank's dividend compares to Banco de Sabadell,urn:newsml:newsroom:20250324:nNRAvtfg8k:0,NS:SPANEW,CABK.MC
2025-03-24 06:52:15.176,"Weekly: CaixaBank ADR (CAIXY: OTC: $2.60) lifts 2.8%, 3 weeks' volume in a week; +7c [2.8%] Vol Index 2.9 [1 is avg]",urn:newsml:newsroom:20250324:nNRAvtczbu:0,NS:GLOROU,CABK.MC
2025-03-24 04:42:30.736,"CaixaBank ADR soars 44% in 2025, beating 94% of the market",urn:newsml:newsroom:20250324:nNRAvtbogt:0,NS:GLOROU,CABK.MC
2025-03-24 04:42:17.396,"CaixaBank ADR soars 44% in 2025, beating 94% of the market",urn:newsml:newsroom:20250324:nNRAvtbq86:0,NS:GLOROU,CABK.MC
2025-03-24 04:32:41.156,"Weekly: CaixaBank ADR (CAIXY: OTC: $2.60) lifts 2.8%, 3 weeks' volume in a week; +7c [2.8%] Vol Index 2.9 [1 is avg]",urn:newsml:newsroom:20250324:nNRAvtblbp:0,NS:GLOROU,CABK.MC
2025-03-24 04:12:20.265,"Government supports Murtra earning 5.6 million at Telefónica, but opposes Gortázar earning five million at CaixaBank as excessive",urn:newsml:newsroom:20250324:nNRAvtbdmw:0,NS:NOTENG,CABK.MC
2025-03-22 06:37:07.681,CaixaBank soars 49% in past 3 months,urn:newsml:newsroom:20250322:nNRAvsxis9:0,NS:GLOROU,CABK.MC
2025-03-22 06:31:51.293,CaixaBank allocates more than 441 million euros to finance companies in Extremadura in 2024,urn:newsml:newsroom:20250322:nNRAvsxey4:0,NS:INDBAN,CABK.MC
2025-03-22 02:52:11.870,CaixaBank soars 49% in past 3 months,urn:newsml:newsroom:20250322:nNRAvsvwjo:0,NS:GLOROU,CABK.MC
2025-03-21 22:34:02.505,CaixaBank soars 49% in past 3 months,urn:newsml:newsroom:20250321:nNRAvsu6n2:0,NS:GLOROU,CABK.MC
2025-03-21 14:32:29.163,"CaixaBank allocates €3.532 billion to finance companies in the Valencian Community in 2024, a 10% increase",urn:newsml:newsroom:20250321:nNRAvsop4m:0,NS:INDBAN,CABK.MC
2025-03-21 06:37:35.873,CaixaBank soars 49% in past 3 months,urn:newsml:newsroom:20250321:nNRAvshwp4:0,NS:GLOROU,CABK.MC
2025-03-21 06:30:00.000,"CaixaBank allocates 3.7 billion euros to finance Andalusian companies in 2024, up 11% from the previous year",urn:newsml:newsroom:20250325:nNRAvtrpoy:0,NS:INDBAN,CABK.MC
2025-03-21 02:42:04.995,CaixaBank soars 49% in past 3 months,urn:newsml:newsroom:20250321:nNRAvsfyyb:0,NS:GLOROU,CABK.MC
2025-03-21 00:00:00.000,"CaixaBank ADR soars 44% in 2025, beating 94% of the market",urn:newsml:newsroom:20250324:nNRAvtbnir:0,NS:GLOROU,CABK.MC
2025-03-21 00:00:00.000,"Weekly: CaixaBank ADR (CAIXY: OTC: $2.60) lifts 2.8%, 3 weeks' volume in a week; +7c [2.8%] Vol Index 2.9 [1 is avg]",urn:newsml:newsroom:20250324:nNRAvtbiz5:0,NS:GLOROU,CABK.MC
2025-03-21 00:00:00.000,Weekly: CaixaBank ADR (CAIXY: OTC: $2.60) lifts 2.8% on strong volume,urn:newsml:newsroom:20250324:nNRAvtbhmh:0,NS:GLOROU,CABK.MC
2025-03-20 22:32:37.900,CaixaBank soars 49% in past 3 months,urn:newsml:newsroom:20250320:nNRAvse1yg:0,NS:GLOROU,CABK.MC
2025-03-20 21:41:54.143,"CaixaBank, Bankinter, Unicaja, Santander, BBVA and Sabadell lead the Ibex in losses",urn:newsml:newsroom:20250320:nNRAvsdpon:0,NS:CENAFT,CABK.MC
2025-03-20 20:12:18.644,HBX (Hotelbeds) offers 46% potential on first analyst endorsement,urn:newsml:newsroom:20250320:nNRAvscwfl:0,NS:NOTENG,CABK.MC
2025-03-20 17:28:16.393,"IBEX 35 SPANISH TOP 8 DAILY: PRICE RISES ON STRONG VOLUMES IN THE PAST MONTH End-of-day: Thursday March 20, 2025 16:00 (EST: 11:00, GMT: 15:00)",urn:newsml:newsroom:20250320:nNRAvsb72p:0,NS:GLOUPM,CABK.MC
2025-03-20 17:22:54.460,Past Week: CaixaBank (CABK: EUR7.24) climbs 4.0% - outperforming 83% of stocks; +28c [4.0%] Vol Index 2.4 [1 is avg],urn:newsml:newsroom:20250320:nNRAvsb2r1:0,NS:SPANEW,CABK.MC
2025-03-20 14:31:53.102,"CaixaBank allocates €1.881 billion to finance Canary Islands companies in 2024, a 19% increase",urn:newsml:newsroom:20250320:nNRAvs85fc:0,NS:INDBAN,CABK.MC
2025-03-20 14:31:53.100,"CaixaBank allocates more than 7.2 billion euros to finance Barcelona companies in 2024, a 19% increase",urn:newsml:newsroom:20250320:nNRAvs85fe:0,NS:INDBAN,CABK.MC
2025-03-20 14:31:52.944,"CaixaBank allocates more than €1.127 billion to finance companies in Aragon in 2024, a 12% increase",urn:newsml:newsroom:20250320:nNRAvs863f:0,NS:INDBAN,CABK.MC
2025-03-20 13:31:55.791,"CaixaBank allocates €250 million to finance companies in La Rioja in 2024, a 57% increase",urn:newsml:newsroom:20250320:nNRAvs7bql:0,NS:INDBAN,CABK.MC
2025-03-20 06:37:11.555,CaixaBank soars 55% in past 3 months,urn:newsml:newsroom:20250320:nNRAvs1mfg:0,NS:GLOROU,CABK.MC
2025-03-20 02:42:11.166,CaixaBank soars 55% in past 3 months,urn:newsml:newsroom:20250320:nNRAvrzo18:0,NS:GLOROU,CABK.MC
2025-03-19 22:32:57.629,CaixaBank soars 55% in past 3 months,urn:newsml:newsroom:20250319:nNRAvrxfsw:0,NS:GLOROU,CABK.MC
2025-03-19 17:22:41.757,"IBEX 35 SPANISH TOP 10 DAILY: PRICE RISES ON STRONG VOLUMES IN THE PAST MONTH End-of-day: Wednesday March 19, 2025 16:00 (EST: 11:00, GMT: 15:00)",urn:newsml:newsroom:20250319:nNRAvrv27o:0,NS:GLOUPM,CABK.MC
2025-03-19 14:32:38.121,"CaixaBank ADR (CAIXY: $2.70) keeps rising, up 9.3% in 4 days; +1c [0.4%]",urn:newsml:newsroom:20250319:nNRAvrsdwr:0,NS:GLOROU,CABK.MC
2025-03-19 10:12:19.224,Criteria closes the purchase of 5% of Veolia for approximately 1 billion euros,urn:newsml:newsroom:20250319:nNRAvrobxf:0,NS:NOTENG,CABK.MC
2025-03-19 07:13:15.508,How CaixaBank's Tax Rate compares to Its Peers,urn:newsml:newsroom:20250319:nNRAvrm6t3:0,NS:SPANEW,CABK.MC
2025-03-19 06:37:19.411,CaixaBank soars 56% in past 3 months,urn:newsml:newsroom:20250319:nNRAvrlsr7:0,NS:GLOROU,CABK.MC
2025-03-19 02:42:06.887,CaixaBank soars 56% in past 3 months,urn:newsml:newsroom:20250319:nNRAvrjm3k:0,NS:GLOROU,CABK.MC
2025-03-18 22:32:52.281,CaixaBank soars 56% in past 3 months,urn:newsml:newsroom:20250318:nNRAvrhj89:0,NS:GLOROU,CABK.MC
2025-03-18 06:37:33.389,CaixaBank soars 42% in past 3 months,urn:newsml:newsroom:20250318:nNRAvr50t1:0,NS:GLOROU,CABK.MC
2025-03-18 06:30:00.000,CaixaBank and CEOE Aragón have launched the Impulsa Aragon 2025 plan,urn:newsml:newsroom:20250325:nNRAvu0tc4:0,NS:INDBAN,CABK.MC
2025-03-18 02:37:13.532,CaixaBank soars 42% in past 3 months,urn:newsml:newsroom:20250318:nNRAvr2erm:0,NS:GLOROU,CABK.MC
2025-03-17 22:32:12.470,CaixaBank soars 42% in past 3 months,urn:newsml:newsroom:20250317:nNRAvr07zn:0,NS:GLOROU,CABK.MC
2025-03-17 18:16:53.583,Banco Bilbao Vizcaya Argentaria continues to outperform CaixaBank by 5.5% year to date,urn:newsml:newsroom:20250317:nNRAvqxhcw:0,NS:SPANEW,CABK.MC
2025-03-17 18:16:51.676,CaixaBank continues to underperform Bankinter by 1.1% year to date,urn:newsml:newsroom:20250317:nNRAvqxgmf:0,NS:SPANEW,CABK.MC
2025-03-17 17:32:26.720,"Past Week: CaixaBank (CABK: EUR7.10) rises for an eighth consecutive week, an eight-week rise of 27%; +EUR1.49 [26.6%]",urn:newsml:newsroom:20250317:nNRAvqwwri:0,NS:SPANEW,CABK.MC
2025-03-17 16:42:09.342,CaixaBank ADR (CAIXY: $2.55) strengthens above moving average price; +2c [0.8%],urn:newsml:newsroom:20250317:nNRAvqw5dd:0,NS:GLOROU,CABK.MC
2025-03-17 16:22:27.409,CaixaBank continues to underperform Banco de Sabadell by 10.2% year to date,urn:newsml:newsroom:20250317:nNRAvqvuyx:0,NS:SPANEW,CABK.MC
2025-03-17 15:47:28.078,CaixaBank ADR (CAIXY: $2.55) in 2nd consecutive rise; +2c [0.8%],urn:newsml:newsroom:20250317:nNRAvqvf2v:0,NS:GLOROU,CABK.MC
2025-03-17 14:13:23.493,How Banco Bilbao Vizcaya Argentaria's dividend compares to CaixaBank,urn:newsml:newsroom:20250317:nNRAvqu5bn:0,NS:SPANEW,CABK.MC
2025-03-17 14:13:22.101,How Banco de Sabadell's dividend compares to CaixaBank,urn:newsml:newsroom:20250317:nNRAvqu5bm:0,NS:SPANEW,CABK.MC
2025-03-17 14:13:21.662,How CaixaBank's dividend compares to Bankinter,urn:newsml:newsroom:20250317:nNRAvqu62h:0,NS:SPANEW,CABK.MC
2025-03-17 13:47:07.754,"Weekly: CaixaBank ADR (CAIXY: OTC: $2.53) decreases 1.6%, 3 weeks' volume in a week; -4c [-1.6%] Vol Index 2.5 [1 is avg]",urn:newsml:newsroom:20250317:nNRAvqtsdt:0,NS:GLOROU,CABK.MC
2025-03-17 12:57:27.875,"Weekly: CaixaBank ADR (CAIXY: OTC: $2.53) decreases 1.6%, 3 weeks' volume in a week; -4c [-1.6%] Vol Index 2.5 [1 is avg]",urn:newsml:newsroom:20250317:nNRAvqt5go:0,NS:GLOROU,CABK.MC
2025-03-17 12:16:39.555,"Housing will rise more than 10% in more than half of Spain by 2025, according to CaixaBank",urn:newsml:newsroom:20250317:nNRAvqsf8h:0,NS:NOTENG,CABK.MC
2025-03-17 11:57:09.544,"Weekly: CaixaBank ADR (CAIXY: OTC: $2.53) decreases 1.6%, 3 weeks' volume in a week; -4c [-1.6%] Vol Index 2.5 [1 is avg]",urn:newsml:newsroom:20250317:nNRAvqrvfi:0,NS:GLOROU,CABK.MC
2025-03-17 10:12:14.565,How CaixaBank's dividend compares to Banco de Sabadell,urn:newsml:newsroom:20250317:nNRAvqqj5d:0,NS:SPANEW,CABK.MC
2025-03-17 07:07:36.224,Weekly: CaixaBank (CABK: EUR7.02) decreases 1.0% on high volume; -7c [-1.0%] Vol Index 1.9 [1 is avg],urn:newsml:newsroom:20250317:nNRAvqo5s7:0,NS:SPANEW,CABK.MC
2025-03-17 06:47:27.315,"Weekly: CaixaBank ADR (CAIXY: OTC: $2.53) decreases 1.6%, 3 weeks' volume in a week; -4c [-1.6%] Vol Index 2.5 [1 is avg]",urn:newsml:newsroom:20250317:nNRAvqnz4j:0,NS:GLOROU,CABK.MC
2025-03-17 00:51:59.054,CaixaBank surges 41% in past 3 months,urn:newsml:newsroom:20250317:nNRAvql6la:0,NS:GLOROU,CABK.MC
2025-03-16 21:07:14.090,"Weekly: CaixaBank ADR (CAIXY: OTC: $2.53) decreases 1.6%, 3 weeks' volume in a week; -4c [-1.6%] Vol Index 2.5 [1 is avg]",urn:newsml:newsroom:20250316:nNRAvqk7n1:0,NS:GLOROU,CABK.MC
2025-03-16 20:52:01.548,CaixaBank surges 41% in past 3 months,urn:newsml:newsroom:20250316:nNRAvqk5wg:0,NS:GLOROU,CABK.MC
2025-03-16 17:03:38.183,"CaixaBank ADR soars 41% in 2025, beating 94% of the market",urn:newsml:newsroom:20250316:nNRAvqj96h:0,NS:GLOROU,CABK.MC
2025-03-16 17:03:28.452,"CaixaBank ADR soars 41% in 2025, beating 94% of the market",urn:newsml:newsroom:20250316:nNRAvqj851:0,NS:GLOROU,CABK.MC
2025-03-16 17:02:32.666,"CaixaBank ADR soars 41% in 2025, beating 94% of the market",urn:newsml:newsroom:20250316:nNRAvqj8cn:0,NS:GLOROU,CABK.MC
2025-03-16 16:52:59.807,Weekly: CaixaBank ADR (CAIXY: OTC: $2.53) decreases 1.6% on strong volume,urn:newsml:newsroom:20250316:nNRAvqj5c3:0,NS:GLOROU,CABK.MC
2025-03-16 16:52:38.603,"Weekly: CaixaBank ADR (CAIXY: OTC: $2.53) decreases 1.6%, 3 weeks' volume in a week; -4c [1.6%] Vol Index 2.5 [1 is avg]",urn:newsml:newsroom:20250316:nNRAvqj58n:0,NS:GLOROU,CABK.MC
2025-03-16 16:47:16.660,CaixaBank surges 41% in past 3 months,urn:newsml:newsroom:20250316:nNRAvqj4os:0,NS:GLOROU,CABK.MC
2025-03-14 21:32:35.059,"CaixaBank, S.A. (OTCMKTS:CAIXY) Short Interest Down 65.4% in February",urn:newsml:newsroom:20250314:nNRAvq4u3h:0,NS:COMFIN,CABK.MC
2025-03-14 17:22:03.976,Weekly: CaixaBank (CABK: EUR7.02) decreases 1.0% on high volume; -7c [-1.0%] Vol Index 1.9 [1 is avg],urn:newsml:newsroom:20250314:nNRAvq2d6f:0,NS:SPANEW,CABK.MC
2025-03-14 12:02:00.476,CaixaBank soars 38% in past 3 months,urn:newsml:newsroom:20250314:nNRAvpxcjq:0,NS:GLOROU,CABK.MC
2025-03-14 08:02:10.327,CaixaBank soars 38% in past 3 months,urn:newsml:newsroom:20250314:nNRAvpu2po:0,NS:GLOROU,CABK.MC
2025-03-14 03:57:16.571,CaixaBank soars 38% in past 3 months,urn:newsml:newsroom:20250314:nNRAvprn7j:0,NS:GLOROU,CABK.MC
2025-03-13 17:22:17.630,"Past Week: CaixaBank (CABK: EUR6.96) decreases 1.7%, 2 weeks' volume in a week; -12c [-1.7%] Vol Index 1.8 [1 is avg]",urn:newsml:newsroom:20250313:nNRAvpluw2:0,NS:SPANEW,CABK.MC
2025-03-13 13:42:02.412,CaixaBank soars 43% in past 3 months,urn:newsml:newsroom:20250313:nNRAvpikyo:0,NS:GLOROU,CABK.MC
2025-03-13 09:42:36.203,CaixaBank soars 43% in past 3 months,urn:newsml:newsroom:20250313:nNRAvpf05o:0,NS:GLOROU,CABK.MC
2025-03-13 05:37:37.295,CaixaBank soars 43% in past 3 months,urn:newsml:newsroom:20250313:nNRAvpc3zs:0,NS:GLOROU,CABK.MC
2025-03-13 04:12:20.030,"CaixaBank, Santander and BBVA lead venture capital financing in Spain",urn:newsml:newsroom:20250313:nNRAvpb3sl:0,NS:NOTENG,CABK.MC
2025-03-12 07:12:22.324,How CaixaBank's Tax Rate compares to Its Peers,urn:newsml:newsroom:20250312:nNRAvoxtn1:0,NS:SPANEW,CABK.MC
2025-03-12 06:17:28.556,CaixaBank soars 39% in past 3 months,urn:newsml:newsroom:20250312:nNRAvox7x5:0,NS:GLOROU,CABK.MC
2025-03-11 17:22:05.069,Past Week: CaixaBank (CABK: EUR6.93) accelerates rise: up 5% in 2 weeks; +36c [5.5%],urn:newsml:newsroom:20250311:nNRAvoqi11:0,NS:SPANEW,CABK.MC
2025-03-11 12:22:14.327,CaixaBank soars 34% in past 3 months,urn:newsml:newsroom:20250311:nNRAvom4az:0,NS:GLOROU,CABK.MC
2025-03-11 10:12:53.295,VidaCaixa shoots up 80% of Bankia's life insurance savings customers,urn:newsml:newsroom:20250311:nNRAvokaho:0,NS:NOTENG,CABK.MC
2025-03-11 08:17:18.592,CaixaBank soars 34% in past 3 months,urn:newsml:newsroom:20250311:nNRAvoii5f:0,NS:GLOROU,CABK.MC
2025-03-11 07:31:44.734,CaixaBank: New economic scenario: - cautious optimism in the face of uncertainty,urn:newsml:newsroom:20250311:nNRAvohwu0:0,NS:INDBAN,CABK.MC
2025-03-11 04:07:43.017,CaixaBank soars 34% in past 3 months,urn:newsml:newsroom:20250311:nNRAvofrb1:0,NS:GLOROU,CABK.MC
2025-03-10 18:07:30.906,Banco Bilbao Vizcaya Argentaria continues to outperform CaixaBank by 5.3% in the past three months,urn:newsml:newsroom:20250310:nNRAvob2mn:0,NS:SPANEW,CABK.MC
2025-03-10 18:07:29.132,CaixaBank continues to outperform Bankinter by 1.0% in the past three months,urn:newsml:newsroom:20250310:nNRAvob2ml:0,NS:SPANEW,CABK.MC
2025-03-10 17:22:11.504,Two-bagger CaixaBank (CABK: EUR7.01) increases 1.9%; +13c [1.9%] Vol Index 2.5 [1 is avg],urn:newsml:newsroom:20250310:nNRAvoaj4n:0,NS:SPANEW,CABK.MC
2025-03-10 16:12:20.722,CaixaBank continues to underperform Banco de Sabadell by 10.9% in the past three months,urn:newsml:newsroom:20250310:nNRAvo9fr7:0,NS:SPANEW,CABK.MC
2025-03-10 14:13:17.696,How Banco Bilbao Vizcaya Argentaria's dividend compares to CaixaBank,urn:newsml:newsroom:20250310:nNRAvo82rd:0,NS:SPANEW,CABK.MC
2025-03-10 14:13:15.978,How Banco de Sabadell's dividend compares to CaixaBank,urn:newsml:newsroom:20250310:nNRAvo82fu:0,NS:SPANEW,CABK.MC
2025-03-10 14:13:15.634,How CaixaBank's dividend compares to Bankinter,urn:newsml:newsroom:20250310:nNRAvo82rj:0,NS:SPANEW,CABK.MC
2025-03-10 14:07:33.838,Weekly: CaixaBank ADR (CAIXY: OTC: $2.57) accelerates rise: up 15% in 2 weeks; +33c [14.7%],urn:newsml:newsroom:20250310:nNRAvo7yk2:0,NS:GLOROU,CABK.MC
2025-03-10 13:52:40.247,Weekly: CaixaBank ADR (CAIXY: OTC: $2.57) accelerates rise: up 15% in 2 weeks; +33c [14.7%],urn:newsml:newsroom:20250310:nNRAvo7q6s:0,NS:GLOROU,CABK.MC
2025-03-10 11:57:13.828,Weekly: CaixaBank ADR (CAIXY: OTC: $2.57) accelerates rise: up 15% in 2 weeks; +33c [14.7%],urn:newsml:newsroom:20250310:nNRAvo5x5t:0,NS:GLOROU,CABK.MC
2025-03-10 10:37:21.564,"Monthly: CaixaBank ADR (CAIXY: $2.30) up 16%, 2 months' volume in a month",urn:newsml:newsroom:20250310:nNRAvo4tgf:0,NS:GLOROU,CABK.MC
2025-03-10 10:12:11.255,How CaixaBank's dividend compares to Banco de Sabadell,urn:newsml:newsroom:20250310:nNRAvo4j2n:0,NS:SPANEW,CABK.MC
2025-03-10 06:47:08.439,Weekly: CaixaBank ADR (CAIXY: OTC: $2.57) accelerates rise: up 15% in 2 weeks; +33c [14.7%],urn:newsml:newsroom:20250310:nNRAvo21tn:0,NS:GLOROU,CABK.MC
2025-03-10 00:12:44.677,"Bank of Spain, CaixaBank and BBVA revise upward their economic forecasts",urn:newsml:newsroom:20250310:nNRAvnzlad:0,NS:NOTENG,CABK.MC
2025-03-09 21:07:10.852,Weekly: CaixaBank ADR (CAIXY: OTC: $2.57) accelerates rise: up 15% in 2 weeks; +33c [14.7%],urn:newsml:newsroom:20250309:nNRAvnyrvo:0,NS:GLOROU,CABK.MC
2025-03-08 07:42:01.747,CaixaBank soars 37% in past 3 months,urn:newsml:newsroom:20250308:nNRAvnmn6u:0,NS:GLOROU,CABK.MC
2025-03-08 05:12:58.863,Weekly: CaixaBank ADR (CAIXY: OTC: $2.57) surges 12% on robust volume,urn:newsml:newsroom:20250308:nNRAvnlfac:0,NS:GLOROU,CABK.MC
2025-03-08 05:12:23.185,Weekly: CaixaBank ADR (CAIXY: OTC: $2.57) accelerates rise: up 15% in 2 weeks; +27c [11.7%] Vol Index 1.8 [1 is avg],urn:newsml:newsroom:20250308:nNRAvnlelt:0,NS:GLOROU,CABK.MC
2025-03-08 03:42:14.077,CaixaBank soars 37% in past 3 months,urn:newsml:newsroom:20250308:nNRAvnkt1i:0,NS:GLOROU,CABK.MC
2025-03-07 23:32:18.871,CaixaBank soars 37% in past 3 months,urn:newsml:newsroom:20250307:nNRAvnj8hq:0,NS:GLOROU,CABK.MC
2025-03-07 15:27:03.714,CaixaBank ADR (CAIXY: $2.52) lifts 1.2% strengthening above moving average price; +3c [1.2%] Vol Index 1.8 [1 is avg],urn:newsml:newsroom:20250307:nNRAvndfn8:0,NS:GLOROU,CABK.MC
2025-03-07 07:37:01.190,CaixaBank soars 35% in past 3 months,urn:newsml:newsroom:20250307:nNRAvn70p3:0,NS:GLOROU,CABK.MC
2025-03-07 03:47:15.667,CaixaBank soars 35% in past 3 months,urn:newsml:newsroom:20250307:nNRAvn4u16:0,NS:GLOROU,CABK.MC
2025-03-06 23:33:01.280,CaixaBank soars 35% in past 3 months,urn:newsml:newsroom:20250306:nNRAvn2ttl:0,NS:GLOROU,CABK.MC
2025-03-06 07:37:08.316,CaixaBank soars 32% in past 3 months,urn:newsml:newsroom:20250306:nNRAvmqnow:0,NS:GLOROU,CABK.MC
2025-03-06 07:18:15.114,"CaixaBank, S.A. (OTCMKTS:CAIXY) Short Interest Update",urn:link:webnews:20250306:nNRAvmqdz2:0,NS:ETFDAI,CABK.MC
2025-03-06 03:42:20.286,CaixaBank soars 32% in past 3 months,urn:newsml:newsroom:20250306:nNRAvmogtm:0,NS:GLOROU,CABK.MC
2025-03-05 23:32:59.092,CaixaBank soars 32% in past 3 months,urn:newsml:newsroom:20250305:nNRAvmmmfl:0,NS:GLOROU,CABK.MC
2025-03-05 17:22:36.049,"IBEX 35 SPANISH TOP 6 DAILY: PRICE RISES ON STRONG VOLUMES IN THE PAST MONTH End-of-day: Wednesday March 05, 2025 16:00 (EST: 10:00, GMT: 15:00)",urn:newsml:newsroom:20250305:nNRAvmiqbq:0,NS:GLOUPM,CABK.MC
2025-03-05 15:43:34.000,Grifols SA - Conference call transcript (e5d630f2 399c cb70 78b3 2819ba648a9at1741187817117),urn:newsml:reuters.com:20250305:nNDL9yKvHt:1,NS:PUBT,CABK.MC
2025-03-05 12:52:11.784,CaixaBank surges 33% in past 3 months,urn:newsml:newsroom:20250305:nNRAvmeqf4:0,NS:GLOROU,CABK.MC
2025-03-05 10:44:18.278,"CaixaBank, S.A. (OTCMKTS:CAIXY) Sees Large Growth in Short Interest",urn:link:webnews:20250305:nNRAvmd5il:0,NS:WKRNEW,CABK.MC
2025-03-05 08:51:59.315,CaixaBank surges 33% in past 3 months,urn:newsml:newsroom:20250305:nNRAvmbskr:0,NS:GLOROU,CABK.MC
2025-03-05 08:12:19.320,How CaixaBank's Tax Rate compares to Its Peers,urn:newsml:newsroom:20250305:nNRAvmbb7q:0,NS:SPANEW,CABK.MC
2025-03-05 04:47:42.322,CaixaBank surges 33% in past 3 months,urn:newsml:newsroom:20250305:nNRAvm8xg5:0,NS:GLOROU,CABK.MC
2025-03-05 03:13:37.897,CaixaBank launches fingerprint verification for its customers,urn:newsml:newsroom:20250305:nNRAvm88kv:0,NS:NOTENG,CABK.MC
2025-03-04 17:22:30.859,"Past Week: CaixaBank (CABK: EUR6.63) rises for a sixth consecutive week, a six-week rise of 18%; +EUR1.02 [18.2%]",urn:newsml:newsroom:20250304:nNRAvm2jhe:0,NS:SPANEW,CABK.MC
2025-03-04 14:42:23.896,"Monthly: CaixaBank ADR (CAIXY: $2.30) up 16%, 2 months' volume in a month",urn:newsml:newsroom:20250304:nNRAvm05uo:0,NS:GLOROU,CABK.MC
2025-03-04 13:37:17.225,"Monthly: CaixaBank ADR (CAIXY: $2.30) up 16%, 2 months' volume in a month",urn:newsml:newsroom:20250304:nNRAvlz6lj:0,NS:GLOROU,CABK.MC
2025-03-04 10:12:05.420,"Criteria will acquire 5% of Veolia, owner of Agbar, for approximately 1 billion euros.",urn:newsml:newsroom:20250304:nNRAvlwj8y:0,NS:NOTENG,CABK.MC
2025-03-04 09:12:22.447,Criteria buys 5% of Veolia for approximately 1 billion after disagreements over Agbar,urn:newsml:newsroom:20250304:nNRAvlvroy:0,NS:NOTENG,CABK.MC
2025-03-04 07:37:07.573,CaixaBank soars 34% in past 3 months,urn:newsml:newsroom:20250304:nNRAvluczu:0,NS:GLOROU,CABK.MC
2025-03-04 03:37:27.585,CaixaBank soars 34% in past 3 months,urn:newsml:newsroom:20250304:nNRAvlry6i:0,NS:GLOROU,CABK.MC
2025-03-03 23:32:09.740,CaixaBank soars 34% in past 3 months,urn:newsml:newsroom:20250303:nNRAvlq57i:0,NS:GLOROU,CABK.MC
2025-03-03 22:44:08.098,HSBC Holdings Prices USD1.5 Billion in Public Offering of 4.899% Notes Due 2029,urn:newsml:reuters.com:20250303:nNRAvlpswg:1,NS:DATMTR,CABK.MC
2025-03-03 18:07:29.930,CaixaBank continues to outperform Bankinter by 0.8% in the past month,urn:newsml:newsroom:20250303:nNRAvln7cs:0,NS:SPANEW,CABK.MC
2025-03-03 18:07:28.262,Banco Bilbao Vizcaya Argentaria continues to outperform CaixaBank by 2.0% in the past month,urn:newsml:newsroom:20250303:nNRAvln849:0,NS:SPANEW,CABK.MC
2025-03-03 17:22:46.400,Past Week: CaixaBank (CABK: EUR6.88) gains 7% - outperforming 80% of stocks; +43c [6.7%] Vol Index 2.5 [1 is avg],urn:newsml:newsroom:20250303:nNRAvlml7s:0,NS:SPANEW,CABK.MC
2025-03-03 16:12:05.015,CaixaBank continues to underperform Banco de Sabadell by 2.5% in the past month,urn:newsml:newsroom:20250303:nNRAvllki8:0,NS:SPANEW,CABK.MC
2025-03-03 15:17:28.914,Weekly: CaixaBank ADR (CAIXY: OTC: $2.30) lifts 2.7% on high volume; +6c [2.7%] Vol Index 2.4 [1 is avg],urn:newsml:newsroom:20250303:nNRAvlkt74:0,NS:GLOROU,CABK.MC
2025-03-03 14:57:57.306,Weekly: CaixaBank ADR (CAIXY: OTC: $2.30) lifts 2.7% on high volume; +6c [2.7%] Vol Index 2.4 [1 is avg],urn:newsml:newsroom:20250303:nNRAvlkjqe:0,NS:GLOROU,CABK.MC
2025-03-03 14:02:07.216,Weekly: CaixaBank ADR (CAIXY: OTC: $2.30) lifts 2.7% on high volume; +6c [2.7%] Vol Index 2.4 [1 is avg],urn:newsml:newsroom:20250303:nNRAvljkzg:0,NS:GLOROU,CABK.MC
2025-03-03 13:09:56.756,"Monthly: CaixaBank ADR (CAIXY: $2.30) surges 16%, 2 months' volume in a month",urn:newsml:newsroom:20250303:nNRAvlit1q:0,NS:GLOROU,CABK.MC
2025-03-03 11:12:04.892,How Banco Bilbao Vizcaya Argentaria's dividend compares to CaixaBank,urn:newsml:newsroom:20250303:nNRAvlh29z:0,NS:SPANEW,CABK.MC
2025-03-03 11:12:02.848,How Banco de Sabadell's dividend compares to CaixaBank,urn:newsml:newsroom:20250303:nNRAvlh2kz:0,NS:SPANEW,CABK.MC
2025-03-03 11:12:02.429,How CaixaBank's dividend compares to Bankinter,urn:newsml:newsroom:20250303:nNRAvlh2ky:0,NS:SPANEW,CABK.MC
2025-03-03 10:12:06.206,How CaixaBank's dividend compares to Banco de Sabadell,urn:newsml:newsroom:20250303:nNRAvlge6b:0,NS:SPANEW,CABK.MC
2025-03-03 07:53:14.788,Weekly: CaixaBank ADR (CAIXY: OTC: $2.30) lifts 2.7% on high volume; +6c [2.7%] Vol Index 2.4 [1 is avg],urn:newsml:newsroom:20250303:nNRAvleqdu:0,NS:GLOROU,CABK.MC
2025-03-03 07:43:32.323,"Monthly: CaixaBank ADR (CAIXY: $2.30) surges 16%, 2 months' volume in a month",urn:newsml:newsroom:20250303:nNRAvlekgm:0,NS:GLOROU,CABK.MC
2025-03-03 07:27:35.259,"Weekly: CaixaBank (CABK: EUR6.69) rises for a sixth consecutive week, a six-week rise of 21%; +EUR1.15 [20.8%]",urn:newsml:newsroom:20250303:nNRAvle96l:0,NS:SPANEW,CABK.MC
2025-03-02 22:07:17.826,Weekly: CaixaBank ADR (CAIXY: OTC: $2.30) lifts 2.7% on high volume; +6c [2.7%] Vol Index 2.4 [1 is avg],urn:newsml:newsroom:20250302:nNRAvlafis:0,NS:GLOROU,CABK.MC
2025-03-02 14:13:04.598,"Home purchases will reach record highs in 2025 with 650,000 transactions",urn:newsml:newsroom:20250302:nNRAvl8d7n:0,NS:NOTENG,CABK.MC
2025-03-02 13:11:34.398,"Home sales and purchases will total 650,000 transactions in 2025 and the price will increase by 7.2%.",urn:newsml:newsroom:20250302:nNRAvl83sd:0,NS:NOTENG,CABK.MC
2025-03-02 13:07:30.534,CaixaBank ADR jumps 28% in 2025,urn:newsml:newsroom:20250302:nNRAvl82ax:0,NS:GLOROU,CABK.MC
2025-03-02 12:12:36.992,"Home sales and purchases will total 650,000 transactions in 2025 and the price will increase by 7.2%, according to CaixaBank.",urn:newsml:newsroom:20250302:nNRAvl7rd3:0,NS:NOTENG,CABK.MC
2025-03-02 07:07:27.181,CaixaBank ADR jumps 28% in 2025,urn:newsml:newsroom:20250302:nNRAvl5k7z:0,NS:GLOROU,CABK.MC
2025-03-01 07:37:07.780,CaixaBank surges 29% in past 3 months,urn:newsml:newsroom:20250301:nNRAvky1h8:0,NS:GLOROU,CABK.MC
2025-03-01 04:30:01.181,"Monthly: CaixaBank ADR (CAIXY: $2.30) up 16%, 2 months' volume in a month",urn:newsml:newsroom:20250301:nNRAvkwisd:0,NS:GLOROU,CABK.MC
2025-03-01 04:29:51.035,CaixaBank ADR jumps 28% in 2025,urn:newsml:newsroom:20250301:nNRAvkwiqm:0,NS:GLOROU,CABK.MC
2025-03-01 04:13:06.857,"Weekly: CaixaBank ADR (CAIXY: OTC: $2.30) lifts 2.7%, 2 weeks' volume in a week",urn:newsml:newsroom:20250301:nNRAvkwcfy:0,NS:GLOROU,CABK.MC
2025-03-01 04:12:40.740,Weekly: CaixaBank ADR (CAIXY: OTC: $2.30) lifts 2.7% on high volume; +6c [2.7%] Vol Index 2.4 [1 is avg],urn:newsml:newsroom:20250301:nNRAvkwbyo:0,NS:GLOROU,CABK.MC
2025-03-01 03:54:25.096,CaixaBank surges 29% in past 3 months,urn:newsml:newsroom:20250301:nNRAvkw1l5:0,NS:GLOROU,CABK.MC
2025-02-28 23:34:13.558,CaixaBank surges 29% in past 3 months,urn:newsml:newsroom:20250228:nNRAvkubru:0,NS:GLOROU,CABK.MC
2025-02-28 19:10:04.273,"NOS, S.G.P.S., S.A (ZONNF) Full Year 2024 Results Earnings Call Transcript",urn:newsml:newsroom:20250228:nNRAvkrxpt:0,NS:SEECOM,CABK.MC
2025-02-28 18:25:11.933,"VidaCaixa earns 1,238 million in 2024, 8% more than a year ago",urn:link:webnews:20250228:nNRAvkrdbq:0,NS:ARADOC,CABK.MC
2025-02-28 17:53:40.000,Issuers navigate increased investor sensitivity,urn:newsml:reuters.com:20250228:nIfpbcWnkX:1,NS:IFR,CABK.MC
2025-02-28 17:22:20.160,"Weekly: CaixaBank (CABK: EUR6.69) rises for a sixth consecutive week, a six-week rise of 21%; +EUR1.15 [20.8%]",urn:newsml:newsroom:20250228:nNRAvkqg4u:0,NS:SPANEW,CABK.MC
2025-02-28 13:11:43.094,"VidaCaixa pays 5.7 billion to one million customers in 2024, 80% of whom are over 65 years of age",urn:newsml:newsroom:20250228:nNRAvkmowp:0,NS:NOTENG,CABK.MC
2025-02-28 12:13:49.110,VidaCaixa paid 5.7 billion in benefits to its policyholders in 2024,urn:newsml:newsroom:20250228:nNRAvklp90:0,NS:NOTENG,CABK.MC
2025-02-28 07:39:20.348,CaixaBank surges 30% in past 3 months,urn:newsml:newsroom:20250228:nNRAvki3o8:0,NS:GLOROU,CABK.MC
2025-02-28 03:47:11.003,CaixaBank surges 30% in past 3 months,urn:newsml:newsroom:20250228:nNRAvkfp8u:0,NS:GLOROU,CABK.MC
2025-02-27 23:34:01.667,CaixaBank surges 30% in past 3 months,urn:newsml:newsroom:20250227:nNRAvkduzw:0,NS:GLOROU,CABK.MC
2025-02-27 17:17:32.580,"CaixaBank (CABK: EUR6.64) loses EUR525 million ($552 million) (1.0%) in MCap, steepest heavyweight fall in Banks company; -7c [-1.0%] Vol Index 1.9...",urn:newsml:newsroom:20250227:nNRAvka18b:0,NS:SPANEW,CABK.MC
2025-02-27 16:40:47.000,FIG issuers navigate increased investor sensitivity,urn:newsml:reuters.com:20250227:nIfp99BsyX:1,NS:IFR,CABK.MC
2025-02-27 07:37:22.115,CaixaBank soars 34% in past 3 months,urn:newsml:newsroom:20250227:nNRAvk1s4p:0,NS:GLOROU,CABK.MC
2025-02-27 06:30:00.000,"CaixaBank successfully places €1 billion in a new Tier 2 subordinated bond, with demand exceeding €4 billion",urn:newsml:newsroom:20250308:nNRAvnn318:0,NS:INDBAN,CABK.MC
2025-02-27 03:42:18.223,CaixaBank soars 34% in past 3 months,urn:newsml:newsroom:20250227:nNRAvjzgva:0,NS:GLOROU,CABK.MC
2025-02-26 23:32:35.564,CaixaBank soars 34% in past 3 months,urn:newsml:newsroom:20250226:nNRAvjxa5k:0,NS:GLOROU,CABK.MC
2025-02-26 14:15:16.477,"CaixaBank (OTCMKTS:CAIXY) Downgraded to Hold Rating by Keefe, Bruyette & Woods",urn:link:webnews:20250226:nNRAvjq3mu:0,NS:MARBEA,CABK.MC
2025-02-26 10:12:29.397,CaixaBank shareholders to vote on five new directors and a dividend of 28.6 cents on April 11,urn:newsml:newsroom:20250226:nNRAvjm56a:0,NS:NOTENG,CABK.MC
2025-02-26 08:12:20.123,How CaixaBank's Tax Rate compares to Its Peers,urn:newsml:newsroom:20250226:nNRAvjl76a:0,NS:SPANEW,CABK.MC
2025-02-26 08:06:00.000,Spanish government extends by two years deadline to sell stake in Caixabank,urn:newsml:reuters.com:20250226:nL5N3PH0J9:4,NS:RTRS,CABK.MC
2025-02-26 07:42:05.751,CaixaBank soars 31% in past 3 months,urn:newsml:newsroom:20250226:nNRAvjl18j:0,NS:GLOROU,CABK.MC
2025-02-26 07:27:50.000,Spanish stocks - Factors to watch on Feb 26,urn:newsml:reuters.com:20250226:nL5N3PH0HR:1,NS:RTRS,CABK.MC
2025-02-26 03:42:06.646,CaixaBank soars 31% in past 3 months,urn:newsml:newsroom:20250226:nNRAvjioel:0,NS:GLOROU,CABK.MC
2025-02-26 01:14:04.391,"Santander raises its dividend by 19% and CaixaBank by 11%, in a record year",urn:newsml:newsroom:20250226:nNRAvjhhgo:0,NS:NOTENG,CABK.MC
2025-02-25 23:37:02.587,CaixaBank soars 31% in past 3 months,urn:newsml:newsroom:20250225:nNRAvjgshr:0,NS:GLOROU,CABK.MC
2025-02-25 10:13:36.119,"The new scam that can empty CaixaBank customers' accounts: ""Even if it appears in..."".",urn:newsml:newsroom:20250225:nNRAvj6h5t:0,NS:NOTENG,CABK.MC
2025-02-25 09:13:46.529,CaixaBank will vote a dividend of 0.2864 euros and the appointment of five directors at its April 11 meeting.,urn:newsml:newsroom:20250225:nNRAvj5fvl:0,NS:NOTENG,CABK.MC
2025-02-25 07:37:02.725,CaixaBank surges 23% in past 3 months,urn:newsml:newsroom:20250225:nNRAvj47q4:0,NS:GLOROU,CABK.MC
2025-02-25 03:36:53.774,CaixaBank surges 23% in past 3 months,urn:newsml:newsroom:20250225:nNRAvj1t2r:0,NS:GLOROU,CABK.MC
2025-02-24 23:32:06.795,CaixaBank surges 23% in past 3 months,urn:newsml:newsroom:20250224:nNRAvizvha:0,NS:GLOROU,CABK.MC
2025-02-24 18:07:27.315,Banco Bilbao Vizcaya Argentaria continues to outperform CaixaBank by 1.5% in the past month,urn:newsml:newsroom:20250224:nNRAviwyd4:0,NS:SPANEW,CABK.MC
2025-02-24 17:22:22.184,Past Week: CaixaBank (CABK: EUR6.45) keeps rising: up 15% in 5 weeks; +84c [15.0%],urn:newsml:newsroom:20250224:nNRAviw291:0,NS:SPANEW,CABK.MC
2025-02-24 14:37:10.453,Weekly: CaixaBank ADR (CAIXY: OTC: $2.24) unchanged on robust volume,urn:newsml:newsroom:20250224:nNRAvitws0:0,NS:GLOROU,CABK.MC
2025-02-24 13:48:00.828,Weekly: CaixaBank ADR (CAIXY: OTC: $2.24) unchanged on robust volume,urn:newsml:newsroom:20250224:nNRAvisscj:0,NS:GLOROU,CABK.MC
2025-02-24 12:37:10.800,Weekly: CaixaBank ADR (CAIXY: OTC: $2.24) unchanged on robust volume,urn:newsml:newsroom:20250224:nNRAvirm5s:0,NS:GLOROU,CABK.MC
2025-02-24 11:12:08.038,How Banco Bilbao Vizcaya Argentaria's dividend compares to CaixaBank,urn:newsml:newsroom:20250224:nNRAviqhs5:0,NS:SPANEW,CABK.MC
2025-02-24 07:37:12.064,Weekly: CaixaBank ADR (CAIXY: OTC: $2.24) unchanged on robust volume,urn:newsml:newsroom:20250224:nNRAvinwbf:0,NS:GLOROU,CABK.MC
2025-02-23 22:07:15.610,Weekly: CaixaBank ADR (CAIXY: OTC: $2.24) unchanged on robust volume,urn:newsml:newsroom:20250223:nNRAvikgwz:0,NS:GLOROU,CABK.MC
2025-02-23 13:07:19.774,"CaixaBank ADR jumps 24% in 2025, outperforming 88% of the market",urn:newsml:newsroom:20250223:nNRAvihxlk:0,NS:GLOROU,CABK.MC
2025-02-23 08:30:46.347,"(EN) CaixaBank, S.A. Governance Principles / Guidelines (82402623)",urn:newsml:reuters.com:20250223:nGLF9Xb58K:3,NS:GLFILE,CABK.MC
2025-02-23 07:07:16.962,"CaixaBank ADR jumps 24% in 2025, outperforming 88% of the market",urn:newsml:newsroom:20250223:nNRAvifme5:0,NS:GLOROU,CABK.MC
2025-02-22 07:37:07.755,CaixaBank advances 18% in past 3 months,urn:newsml:newsroom:20250222:nNRAvi7rba:0,NS:GLOROU,CABK.MC
2025-02-22 04:57:36.959,"CaixaBank ADR jumps 24% in 2025, outperforming 88% of the market",urn:newsml:newsroom:20250222:nNRAvi6fc8:0,NS:GLOROU,CABK.MC
2025-02-22 04:52:35.953,Weekly: CaixaBank ADR (CAIXY: OTC: $2.24) unchanged on robust volume,urn:newsml:newsroom:20250222:nNRAvi6dhp:0,NS:GLOROU,CABK.MC
2025-02-22 04:52:28.709,Weekly: CaixaBank ADR (CAIXY: OTC: $2.24) unchanged on robust volume,urn:newsml:newsroom:20250222:nNRAvi6eaj:0,NS:GLOROU,CABK.MC
2025-02-22 03:37:04.185,CaixaBank advances 18% in past 3 months,urn:newsml:newsroom:20250222:nNRAvi5ykh:0,NS:GLOROU,CABK.MC
2025-02-22 00:12:55.661,Gonzalo Gortázar earned 4.5 million as CEO of CaixaBank in 2024,urn:newsml:newsroom:20250222:nNRAvi4ppk:0,NS:NOTENG,CABK.MC
2025-02-21 23:32:25.164,CaixaBank advances 18% in past 3 months,urn:newsml:newsroom:20250221:nNRAvi4d5x:0,NS:GLOROU,CABK.MC
2025-02-21 19:13:40.414,Gortázar received 4.5 million as CEO of CaixaBank in 2024,urn:newsml:newsroom:20250221:nNRAvi1oul:0,NS:NOTENG,CABK.MC
2025-02-21 19:13:18.633,"Gortázar's total remuneration as CEO of CaixaBank grew by 8.7% in 2024, to 4.5 million",urn:newsml:newsroom:20250221:nNRAvi1ou4:0,NS:NOTENG,CABK.MC
2025-02-21 18:34:46.906,"(EN) CaixaBank, S.A. Full Year (82398441)",urn:newsml:reuters.com:20250221:nGLF9cMfNB:1,NS:GLFILE,CABK.MC
2025-02-21 09:31:56.568,The CaixaBank Board of Directors proposes the appointment of five new directors,urn:newsml:newsroom:20250221:nNRAvhshaz:0,NS:INDBAN,CABK.MC
2025-02-21 07:37:04.771,CaixaBank advances 16% in past 3 months,urn:newsml:newsroom:20250221:nNRAvhrhin:0,NS:GLOROU,CABK.MC
2025-02-21 04:12:21.089,CaixaBank renews one third of its board and Bankia's three independents leave the board,urn:newsml:newsroom:20250221:nNRAvhpc17:0,NS:NOTENG,CABK.MC
2025-02-21 03:36:54.899,CaixaBank advances 16% in past 3 months,urn:newsml:newsroom:20250221:nNRAvhoyw2:0,NS:GLOROU,CABK.MC
2025-02-20 23:32:20.116,CaixaBank advances 16% in past 3 months,urn:newsml:newsroom:20250220:nNRAvhnlrx:0,NS:GLOROU,CABK.MC
2025-02-20 22:11:58.078,CaixaBank leaves the Bankia phase behind with the renewal of its Board of Directors,urn:newsml:newsroom:20250220:nNRAvhmr1c:0,NS:NOTENG,CABK.MC
2025-02-20 19:13:44.241,CaixaBank ends the 'Bankia era' with the departure of three board members and the appointment of five new ones,urn:newsml:newsroom:20250220:nNRAvhjdvk:0,NS:NOTENG,CABK.MC
2025-02-20 18:07:30.954,How Banco Bilbao Vizcaya Argentaria's dividend compares to CaixaBank,urn:newsml:newsroom:20250220:nNRAvhimmm:0,NS:SPANEW,CABK.MC
2025-02-20 07:38:40.805,CaixaBank advances 17% in past 3 months,urn:newsml:newsroom:20250220:nNRAvh8vcw:0,NS:GLOROU,CABK.MC
2025-02-20 06:30:00.000,CaixaBank's Board of Directors proposes the appointment of five new directors,urn:newsml:newsroom:20250225:nNRAvj43oy:0,NS:INDBAN,CABK.MC
2025-02-20 03:36:54.549,CaixaBank advances 17% in past 3 months,urn:newsml:newsroom:20250220:nNRAvh6cc8:0,NS:GLOROU,CABK.MC
2025-02-19 23:32:35.371,CaixaBank advances 17% in past 3 months,urn:newsml:newsroom:20250219:nNRAvh4rwe:0,NS:GLOROU,CABK.MC
2025-02-19 09:31:48.977,Gortázar presents the 2024 results and dividend plan to the CaixaBank Shareholders Advisory Committee,urn:newsml:newsroom:20250219:nNRAvgu9nk:0,NS:INDBAN,CABK.MC
2025-02-19 07:37:09.626,CaixaBank advances 16% in past 3 months,urn:newsml:newsroom:20250219:nNRAvgsswt:0,NS:GLOROU,CABK.MC
2025-02-19 03:36:59.605,CaixaBank advances 16% in past 3 months,urn:newsml:newsroom:20250219:nNRAvgq3f7:0,NS:GLOROU,CABK.MC
2025-02-19 00:05:12.814,CaixaBank sets out €5 billion technology roadmap,urn:link:webnews:20250219:nNRAvgo9yx:0,NS:FINEXT,CABK.MC
2025-02-18 23:32:06.197,CaixaBank advances 16% in past 3 months,urn:newsml:newsroom:20250218:nNRAvgo1he:0,NS:GLOROU,CABK.MC
2025-02-18 14:42:25.141,"Weekly: CaixaBank ADR (CAIXY: OTC: $2.24) surges 10.3%, 3 weeks' volume in a week; +21c [10.3%] Vol Index 3.3 [1 is avg]",urn:newsml:newsroom:20250218:nNRAvghrgv:0,NS:GLOROU,CABK.MC
2025-02-18 14:32:00.974,"Impact Bridge announces the launch of its sustainable agri-food fund of 150 million with the support of CDTI Innovación, FEI, CaixaBank and Tikehau...",urn:newsml:newsroom:20250218:nNRAvghn0l:0,NS:INDBAN,CABK.MC
2025-02-18 13:37:04.593,"Weekly: CaixaBank ADR (CAIXY: OTC: $2.24) surges 10.3%, 3 weeks' volume in a week; +21c [10.3%] Vol Index 3.3 [1 is avg]",urn:newsml:newsroom:20250218:nNRAvggsqh:0,NS:GLOROU,CABK.MC
2025-02-18 12:52:10.529,"Weekly: CaixaBank ADR (CAIXY: OTC: $2.24) surges 10.3%, 3 weeks' volume in a week; +21c [10.3%] Vol Index 3.3 [1 is avg]",urn:newsml:newsroom:20250218:nNRAvgfuka:0,NS:GLOROU,CABK.MC
2025-02-18 07:37:10.439,"Weekly: CaixaBank ADR (CAIXY: OTC: $2.24) surges 10.3%, 3 weeks' volume in a week; +21c [10.3%] Vol Index 3.3 [1 is avg]",urn:newsml:newsroom:20250218:nNRAvgb6dd:0,NS:GLOROU,CABK.MC
2025-02-17 10:07:00.884,Banco Bilbao Vizcaya Argentaria continues to outperform CaixaBank by 6.9% year to date,urn:newsml:newsroom:20250217:nNRAvfzsve:0,NS:SPANEW,CABK.MC
2025-02-16 22:07:13.227,"Weekly: CaixaBank ADR (CAIXY: OTC: $2.24) surges 10.3%, 3 weeks' volume in a week; +21c [10.3%] Vol Index 3.3 [1 is avg]",urn:newsml:newsroom:20250216:nNRAvfug9i:0,NS:GLOROU,CABK.MC
2025-02-16 19:11:57.198,CaixaBank ends the Bankia phase with a board reshuffle,urn:newsml:newsroom:20250216:nNRAvftuk3:0,NS:NOTENG,CABK.MC
2025-02-16 16:57:38.528,"CaixaBank ADR jumps 24% in 2025, outperforming 89% of the market",urn:newsml:newsroom:20250216:nNRAvft9az:0,NS:GLOROU,CABK.MC
2025-02-16 07:12:34.129,"CaixaBank ADR jumps 24% in 2025, outperforming 89% of the market",urn:newsml:newsroom:20250216:nNRAvfq0o9:0,NS:GLOROU,CABK.MC
2025-02-15 07:37:01.525,CaixaBank advances 17% in past 3 months,urn:newsml:newsroom:20250215:nNRAvfija9:0,NS:GLOROU,CABK.MC
2025-02-15 04:07:33.292,"CaixaBank ADR jumps 24% in 2025, outperforming 89% of the market",urn:newsml:newsroom:20250215:nNRAvfh5bc:0,NS:GLOROU,CABK.MC
2025-02-15 04:03:26.928,Weekly: CaixaBank ADR (CAIXY: OTC: $2.24) posts best week in fifteen weeks,urn:newsml:newsroom:20250215:nNRAvfh4jw:0,NS:GLOROU,CABK.MC
2025-02-15 04:02:35.891,"Weekly: CaixaBank ADR (CAIXY: OTC: $2.24) surges 10.3%, 3 weeks' volume in a week; +21c [10.3%] Vol Index 3.3 [1 is avg]",urn:newsml:newsroom:20250215:nNRAvfh09q:0,NS:GLOROU,CABK.MC
2025-02-15 03:37:10.732,CaixaBank advances 17% in past 3 months,urn:newsml:newsroom:20250215:nNRAvfgtma:0,NS:GLOROU,CABK.MC
2025-02-14 23:32:18.228,CaixaBank advances 17% in past 3 months,urn:newsml:newsroom:20250214:nNRAvfeudw:0,NS:GLOROU,CABK.MC
2025-02-14 20:13:22.218,CaixaBank prepares to close the Bankia phase in a thorough reshuffle of the board of directors,urn:newsml:newsroom:20250214:nNRAvfdb2k:0,NS:NOTENG,CABK.MC
2025-02-14 17:22:16.291,CaixaBank ADR (CAIXY: $2.20) in 5th consecutive rise; +1c [0.5%] Vol Index 3.0 [1 is avg],urn:newsml:newsroom:20250214:nNRAvfb1kc:0,NS:GLOROU,CABK.MC
2025-02-14 16:43:29.064,"CaixaBank ADR (CAIXY: $2.20) keeps rising, up 8.4% in 5 days; +1c [0.5%] Vol Index 2.8 [1 is avg]",urn:newsml:newsroom:20250214:nNRAvfa62l:0,NS:GLOROU,CABK.MC
2025-02-14 09:31:48.532,CaixaBank and Amundé unveil a new range of ETFs Lifecycle to help savers through the different stages of their lives,urn:newsml:newsroom:20250214:nNRAvf2ccw:0,NS:INDBAN,CABK.MC
2025-02-14 07:37:14.784,CaixaBank lifts 11% in past 3 months,urn:newsml:newsroom:20250214:nNRAvf0vbb:0,NS:GLOROU,CABK.MC
2025-02-14 06:30:00.000,CaixaBank granted more than 5.700 billion euros of financing to private clients in Catalonia in 2024,urn:newsml:newsroom:20250217:nNRAvg0pv3:0,NS:INDBAN,CABK.MC
2025-02-14 03:37:12.473,CaixaBank lifts 11% in past 3 months,urn:newsml:newsroom:20250214:nNRAveyjh9:0,NS:GLOROU,CABK.MC
2025-02-13 23:32:23.298,CaixaBank lifts 11% in past 3 months,urn:newsml:newsroom:20250213:nNRAvewr4w:0,NS:GLOROU,CABK.MC
2025-02-13 17:13:35.008,"CaixaBank and Amundi launch life-cycle ETFs, an alternative to pension plans with minimal commissions",urn:newsml:newsroom:20250213:nNRAvesak9:0,NS:NOTENG,CABK.MC
2025-02-13 15:27:18.019,"Short Interest in CaixaBank, S.A. (OTCMKTS:CAIXY) Increases By 321.4%",urn:newsml:newsroom:20250213:nNRAveqjgu:0,NS:TRADAJ,CABK.MC
2025-02-13 10:49:52.000,Amundi SA - CaixaBank and Amundi unveil innovative Lifecycle ETFs to help savers align investments with life goals,urn:newsml:reuters.com:20250213:nNDL32gyCp:1,NS:PUBT,CABK.MC
2025-02-13 07:37:14.782,CaixaBank climbs 11% in past 3 months,urn:newsml:newsroom:20250213:nNRAvejhrc:0,NS:GLOROU,CABK.MC
2025-02-13 03:37:02.420,CaixaBank climbs 11% in past 3 months,urn:newsml:newsroom:20250213:nNRAveh6te:0,NS:GLOROU,CABK.MC
2025-02-12 23:32:27.203,CaixaBank climbs 11% in past 3 months,urn:newsml:newsroom:20250212:nNRAvefaw1:0,NS:GLOROU,CABK.MC
2025-02-12 20:47:29.083,"CaixaBank, S.A. (OTCMKTS:CAIXY) Short Interest Update",urn:newsml:newsroom:20250212:nNRAvedqfh:0,NS:DAILYQ,CABK.MC
2025-02-12 16:52:28.973,Past Week: CaixaBank (CABK: EUR6.28) gains 6% - outperforming 81% of stocks; +38c [6.4%] Vol Index 2.0 [1 is avg],urn:newsml:newsroom:20250212:nNRAveaudx:0,NS:SPANEW,CABK.MC
2025-02-12 08:13:28.156,"Spain, a stronghold for large banks",urn:newsml:newsroom:20250212:nNRAve2q2t:0,NS:NOTENG,CABK.MC
2025-02-12 07:37:22.654,CaixaBank adds 5% in past 3 months,urn:newsml:newsroom:20250212:nNRAve2bcx:0,NS:GLOROU,CABK.MC
2025-02-12 06:12:44.466,CaixaBank and Sabadell toughen banking war to grow in mortgages,urn:newsml:newsroom:20250212:nNRAve18lv:0,NS:NOTENG,CABK.MC
2025-02-12 03:37:07.813,CaixaBank adds 5% in past 3 months,urn:newsml:newsroom:20250212:nNRAvdztx7:0,NS:GLOROU,CABK.MC
2025-02-11 23:32:08.233,CaixaBank adds 5% in past 3 months,urn:newsml:newsroom:20250211:nNRAvdxc5l:0,NS:GLOROU,CABK.MC
2025-02-11 22:47:07.752,R.Power Completes Project Financing of USD39.92 Million for Portfolio of Solar PV Plants in Portugal,urn:newsml:reuters.com:20250211:nNRAvdx0d0:1,NS:DATMTR,CABK.MC
2025-02-11 17:08:06.149,How CaixaBank's Tax Rate compares to Its Peers,urn:newsml:newsroom:20250211:nNRAvdtaui:0,NS:SPANEW,CABK.MC
2025-02-11 16:52:57.476,CaixaBank (MA:CABK EUR6.11) in today's trading buy signal: Bullish Candlestick chart pattern,urn:newsml:newsroom:20250211:nNRAvdt1gb:0,NS:GLOBUL,CABK.MC
2025-02-11 11:08:23.322,How Banco Bilbao Vizcaya Argentaria's dividend compares to CaixaBank,urn:newsml:newsroom:20250211:nNRAvdnocs:0,NS:SPANEW,CABK.MC
2025-02-11 07:57:19.979,CaixaBank strengthens 3% in past 3 months,urn:newsml:newsroom:20250211:nNRAvdl054:0,NS:GLOROU,CABK.MC
2025-02-11 03:57:16.439,CaixaBank strengthens 3% in past 3 months,urn:newsml:newsroom:20250211:nNRAvdihws:0,NS:GLOROU,CABK.MC
2025-02-10 23:52:06.234,CaixaBank strengthens 3% in past 3 months,urn:newsml:newsroom:20250210:nNRAvdgx9w:0,NS:GLOROU,CABK.MC
2025-02-10 19:47:19.000,Portugal court spares big banks from paying millions in fines for mortgage collusion,urn:newsml:reuters.com:20250210:nL8N3P121P:5,NS:RTRS,CABK.MC
2025-02-10 18:22:18.570,"CaixaBank ADR (CAIXY: $2.07) lifts 2.0%, climbs 5.1% for week; +4c [2.0%]",urn:newsml:newsroom:20250210:nNRAvde33g:0,NS:GLOROU,CABK.MC
2025-02-10 16:42:46.618,"CaixaBank ADR (CAIXY: $2.07) lifts 2.0%, climbs 5.1% for week; +4c [2.0%]",urn:newsml:newsroom:20250210:nNRAvdcjh2:0,NS:GLOROU,CABK.MC
2025-02-10 15:32:03.496,CaixaBank ADR (CAIXY: $2.04) strengthens above moving average price; +1c [0.5%],urn:newsml:newsroom:20250210:nNRAvdbilg:0,NS:GLOROU,CABK.MC
2025-02-10 15:05:14.127,Caixabank is trading -0.59 percent lower with a volume of EUR 51.8 mn on Monday 10th of February,urn:newsml:newsroom:20250210:nNRAvdb5u9:0,NS:STOCKP,CABK.MC
2025-02-10 12:12:02.461,CaixaBank increases financing to individuals in Aragón by more than 33%.,urn:newsml:newsroom:20250210:nNRAvd8gqg:0,NS:NOTENG,CABK.MC
2025-02-10 11:37:45.348,"Monthly: CaixaBank ADR (CAIXY: $1.98) up 10%, 2 months' volume in a month",urn:newsml:newsroom:20250210:nNRAvd7x22:0,NS:GLOROU,CABK.MC
2025-02-10 10:07:26.094,Banco Bilbao Vizcaya Argentaria continues to outperform CaixaBank by 16.5% in the past three months,urn:newsml:newsroom:20250210:nNRAvd6xwn:0,NS:SPANEW,CABK.MC
2025-02-10 06:30:00.000,CaixaBank granted a total of 884 million euros of financing to private clients in the Canary Islands in 2024,urn:newsml:newsroom:20250217:nNRAvg3gll:0,NS:INDBAN,CABK.MC
2025-02-08 07:37:12.802,CaixaBank decreases 5% in past 3 months,urn:newsml:newsroom:20250208:nNRAvcpvvj:0,NS:GLOROU,CABK.MC
2025-02-08 04:22:40.000,"Weekly: CaixaBank ADR (CAIXY: OTC: $2.03) lifts 2.5%, 2 weeks' volume in a week; +5c [2.5%] Vol Index 2.4 [1 is avg]",urn:newsml:newsroom:20250208:nNRAvcog40:0,NS:GLOROU,CABK.MC
2025-02-08 03:36:58.611,CaixaBank decreases 5% in past 3 months,urn:newsml:newsroom:20250208:nNRAvco3xk:0,NS:GLOROU,CABK.MC
2025-02-07 23:32:09.290,CaixaBank decreases 5% in past 3 months,urn:newsml:newsroom:20250207:nNRAvcmlru:0,NS:GLOROU,CABK.MC
2025-02-07 16:43:34.403,CaixaBank ADR (CAIXY: $2.12) climbs 2.9% strengthening above moving average price; +6c [2.9%],urn:newsml:newsroom:20250207:nNRAvchrtg:0,NS:GLOROU,CABK.MC
2025-02-07 15:54:10.455,Santander's Portugal CEO rules out buying Novo Banco,urn:link:webnews:20250207:nNRAvch2n1:0,NS:GLOREV,CABK.MC
2025-02-07 15:12:02.822,"Banco de Sabadell, S.A. (BNDSF) Q4 2024 Earnings Call Transcript",urn:newsml:newsroom:20250207:nNRAvcgitd:0,NS:SEECOM,CABK.MC
2025-02-07 14:54:49.000,Santander's Portugal CEO rules out buying Novo Banco,urn:newsml:reuters.com:20250207:nL8N3OY1H8:1,NS:RTRS,CABK.MC
2025-02-07 07:35:03.705,CaixaBank decreases 4% in past 3 months,urn:newsml:newsroom:20250207:nNRAvc9xtk:0,NS:GLOROU,CABK.MC
2025-02-07 03:32:06.070,CaixaBank decreases 4% in past 3 months,urn:newsml:newsroom:20250207:nNRAvc7kvp:0,NS:GLOROU,CABK.MC
2025-02-06 23:31:59.779,CaixaBank decreases 4% in past 3 months,urn:newsml:newsroom:20250206:nNRAvc5qif:0,NS:GLOROU,CABK.MC
2025-02-06 16:52:04.099,"(EN) CaixaBank, S.A. ESG Web-based Reporting (82205269)",urn:newsml:reuters.com:20250206:nGLF53GW3r:2,NS:GLFILE,CABK.MC
2025-02-06 16:47:34.628,Past Week: CaixaBank (CABK: EUR6.07) accelerates rise: up 7% in 2 weeks; +41c [7.2%],urn:newsml:newsroom:20250206:nNRAvc0rod:0,NS:SPANEW,CABK.MC
2025-02-06 07:37:15.985,CaixaBank plunges 18% in past 3 months,urn:newsml:newsroom:20250206:nNRAvbsr7l:0,NS:GLOROU,CABK.MC
2025-02-06 04:12:37.674,Aragon's economy expected to grow 2.5% in 2025,urn:newsml:newsroom:20250206:nNRAvbqrt5:0,NS:NOTENG,CABK.MC
2025-02-06 03:36:57.687,CaixaBank plunges 18% in past 3 months,urn:newsml:newsroom:20250206:nNRAvbqg73:0,NS:GLOROU,CABK.MC
2025-02-05 23:32:10.995,CaixaBank plunges 18% in past 3 months,urn:newsml:newsroom:20250205:nNRAvboclk:0,NS:GLOROU,CABK.MC
2025-02-05 17:07:15.329,"Banco Santander, S.A. (SAN) Q4 2024 Earnings Call Transcript",urn:newsml:newsroom:20250205:nNRAvbk94z:0,NS:SEECOM,CABK.MC
2025-02-05 16:34:50.000,"Portugal's central bank chief positive on Novo Banco IPO, urges caution on M&A",urn:newsml:reuters.com:20250205:nL8N3OW27N:2,NS:RTRS,CABK.MC
2025-02-05 14:33:47.742,Caixbank's imagin captures 48% market share of 18-34 years olds from competing neobanks and fintechs,urn:link:webnews:20250205:nNRAvbi8gu:0,NS:FINEXT,CABK.MC
2025-02-05 07:37:04.408,CaixaBank crashes 19% in past 3 months,urn:newsml:newsroom:20250205:nNRAvbbxmy:0,NS:GLOROU,CABK.MC
2025-02-05 03:36:51.130,CaixaBank crashes 19% in past 3 months,urn:newsml:newsroom:20250205:nNRAvb9d3i:0,NS:GLOROU,CABK.MC
2025-02-04 23:32:08.790,CaixaBank crashes 19% in past 3 months,urn:newsml:newsroom:20250204:nNRAvb77b8:0,NS:GLOROU,CABK.MC
2025-02-04 21:52:27.638,"Monthly: CaixaBank ADR (CAIXY: $1.98) up 10%, 2 months' volume in a month",urn:newsml:newsroom:20250204:nNRAvb67bd:0,NS:GLOROU,CABK.MC
2025-02-04 17:07:26.694,How CaixaBank's Tax Rate compares to Its Peers,urn:newsml:newsroom:20250204:nNRAvb31ih:0,NS:SPANEW,CABK.MC
2025-02-04 11:08:25.295,How Banco Bilbao Vizcaya Argentaria's dividend compares to CaixaBank,urn:newsml:newsroom:20250204:nNRAvaxtm3:0,NS:SPANEW,CABK.MC
2025-02-04 07:37:20.900,CaixaBank slumps 10% in past 3 months,urn:newsml:newsroom:20250204:nNRAvaud3f:0,NS:GLOROU,CABK.MC
2025-02-04 03:37:02.823,CaixaBank slumps 10% in past 3 months,urn:newsml:newsroom:20250204:nNRAvas487:0,NS:GLOROU,CABK.MC
2025-02-04 02:31:49.688,On Monday 3rd of February Caixabank trades 0.34 percent higher,urn:newsml:newsroom:20250204:nNRAvareui:0,NS:STOCKP,CABK.MC
2025-02-03 23:32:22.365,CaixaBank slumps 10% in past 3 months,urn:newsml:newsroom:20250203:nNRAvapxhd:0,NS:GLOROU,CABK.MC
2025-02-03 15:32:18.148,"CaixaBank ADR (CAIXY: $1.93) accelerates decline, down 4.9% in 2 days; -5c [-2.5%]",urn:newsml:newsroom:20250203:nNRAvakptx:0,NS:GLOROU,CABK.MC
2025-02-03 11:37:42.482,"Monthly: CaixaBank ADR (CAIXY: $1.98) gains 10%, 2 months' volume in a month",urn:newsml:newsroom:20250203:nNRAvah8yw:0,NS:GLOROU,CABK.MC
2025-02-03 10:06:32.534,Banco Bilbao Vizcaya Argentaria continues to outperform CaixaBank by 5.0% in the past month,urn:newsml:newsroom:20250203:nNRAvag6bq:0,NS:SPANEW,CABK.MC
2025-02-03 07:17:57.087,"Monthly: CaixaBank ADR (CAIXY: $1.98) gains 10%, 2 months' volume in a month",urn:newsml:newsroom:20250203:nNRAvae31m:0,NS:GLOROU,CABK.MC
2025-02-03 07:07:50.577,Weekly: CaixaBank (CABK: EUR5.86) lifts 2.3% on strong volume; +13c [2.3%] Vol Index 3.0 [1 is avg],urn:newsml:newsroom:20250203:nNRAvadsqx:0,NS:SPANEW,CABK.MC
2025-02-03 03:12:35.996,CaixaBank expects the fall in net interest income due to lower interest rates to last until the second half of the year.,urn:newsml:newsroom:20250203:nNRAvabt3r:0,NS:NOTENG,CABK.MC
2025-02-01 07:37:04.214,CaixaBank increases 4% in past 3 months,urn:newsml:newsroom:20250201:nNRAv9ylti:0,NS:GLOROU,CABK.MC
2025-02-01 04:12:33.874,"Monthly: CaixaBank ADR (CAIXY: $1.98) up 10%, 2 months' volume in a month",urn:newsml:newsroom:20250201:nNRAv9x8ld:0,NS:GLOROU,CABK.MC
2025-02-01 04:07:07.194,"Weekly: CaixaBank ADR (CAIXY: OTC: $1.98) decreases 0.4%, 2 weeks' volume in a week",urn:newsml:newsroom:20250201:nNRAv9x6a6:0,NS:GLOROU,CABK.MC
2025-02-01 04:02:39.815,Weekly: CaixaBank ADR (CAIXY: OTC: $1.98) decreases on robust volume; -0.8c [0.4%] Vol Index 1.7 [1 is avg],urn:newsml:newsroom:20250201:nNRAv9wwdk:0,NS:GLOROU,CABK.MC
2025-02-01 03:37:04.110,CaixaBank increases 4% in past 3 months,urn:newsml:newsroom:20250201:nNRAv9wqua:0,NS:GLOROU,CABK.MC
2025-01-31 23:32:06.871,CaixaBank increases 4% in past 3 months,urn:newsml:newsroom:20250131:nNRAv9v912:0,NS:GLOROU,CABK.MC
2025-01-31 19:13:47.937,"Muniesa, before CaixaBank executives: ""As president, my obligation is to guarantee that we have a long-term project"".",urn:newsml:newsroom:20250131:nNRAv9si0t:0,NS:NOTENG,CABK.MC
2025-01-31 17:42:31.384,German trading: CaixaBank (48CA: EUR5.90) strengthens above moving average price; +2c [0.3%],urn:newsml:newsroom:20250131:nNRAv9rfeu:0,NS:GERCOM,CABK.MC
2025-01-31 16:57:19.969,"IBEX 35 SPANISH TOP 6 DAILY: PRICE RISES ON STRONG VOLUMES IN THE PAST MONTH End-of-day: Friday January 31, 2025 16:00 (EST: 10:00, GMT: 15:00)",urn:newsml:newsroom:20250131:nNRAv9qo14:0,NS:GLOUPM,CABK.MC
2025-01-31 16:52:21.351,Weekly: CaixaBank (CABK: EUR5.86) lifts 2.3% on strong volume; +13c [2.3%] Vol Index 3.0 [1 is avg],urn:newsml:newsroom:20250131:nNRAv9qkca:0,NS:SPANEW,CABK.MC
2025-01-31 16:49:48.118,CaixaBank (CABK: EUR5.86) strengthens above moving average price,urn:newsml:newsroom:20250131:nNRAv9qjbt:0,NS:SPANEW,CABK.MC
2025-01-31 16:11:52.208,"CaixaBank brings together more than 2,300 executives in Barcelona to discuss its strategic priorities",urn:newsml:newsroom:20250131:nNRAv9prsd:0,NS:NOTENG,CABK.MC
2025-01-31 16:02:05.000,Portugal says Novo Banco IPO likely to be for stake of up to 30%,urn:newsml:reuters.com:20250131:nL5N3OR1P7:4,NS:RTRS,CABK.MC
2025-01-31 13:07:32.254,CaixaBank SA (CAIXY) Q4 2024 Earnings Call Highlights: Strong Net Income Growth and Strategic ...,urn:newsml:newsroom:20250131:nNRAv9n7sn:0,NS:GURCOM,CABK.MC
2025-01-31 12:12:13.809,Q4 2024 CaixaBank SA Earnings Call Transcript,urn:newsml:newsroom:20250131:nNRAv9mbe6:0,NS:GURCOM,CABK.MC
2025-01-31 10:30:00.000,Q4 2024 CaixaBank SA Earnings Call,urn:newsml:reuters.com:20250131:nTRN6SGfrG:1,NS:TRANS,CABK.MC
2025-01-31 09:11:42.601,"CaixaBank guanya 5.787 milions d'euros el 2024, un 20,2% més",urn:newsml:newsroom:20250131:nNRAv9jwlg:0,NS:NOTENG,CABK.MC
2025-01-31 08:00:00.000,Q4 2024 CaixaBank SA Earnings Presentation,urn:newsml:reuters.com:20250131:nTRN5FCzng:1,NS:TRANS,CABK.MC
2025-01-31 07:37:18.813,CaixaBank increases 4% in past 3 months,urn:newsml:newsroom:20250131:nNRAv9is06:0,NS:GLOROU,CABK.MC
2025-01-31 03:37:02.528,CaixaBank increases 4% in past 3 months,urn:newsml:newsroom:20250131:nNRAv9gjdt:0,NS:GLOROU,CABK.MC
2025-01-31 01:42:24.636,"CaixaBank, S.A. (OTCMKTS:CAIXY) Short Interest Update",urn:newsml:newsroom:20250131:nNRAv9fk9y:0,NS:WATNEW,CABK.MC
2025-01-30 23:32:19.096,CaixaBank increases 4% in past 3 months,urn:newsml:newsroom:20250130:nNRAv9en5e:0,NS:GLOROU,CABK.MC
2025-01-30 18:12:37.691,BPI records historic profit of €588 million and admits to going shopping if CaixaBank wants to,urn:newsml:newsroom:20250130:nNRAv9bqce:0,NS:NOTENG,CABK.MC
2025-01-30 18:07:05.099,"Banco Bilbao Vizcaya Argentaria, S.A. (BBVA) Q4 2024 Earnings Call Transcript",urn:newsml:newsroom:20250130:nNRAv9bjxp:0,NS:SEECOM,CABK.MC
2025-01-30 18:07:00.744,"CaixaBank, S.A. (CAIXY) Q4 2024 Earnings Call Transcript",urn:newsml:newsroom:20250130:nNRAv9bj3z:0,NS:SEECOM,CABK.MC
2025-01-30 17:36:50.071,CaixaBank announces €500M share buyback with 2025 NII expected to decline by mid-single digits,urn:newsml:newsroom:20250130:nNRAv9b6ib:0,NS:SEECOM,CABK.MC
2025-01-30 16:32:06.551,"CaixaBank earns 5.787 million euros in 2024, 20.2% more, and it exceeds by far all the objectives of the Strategic Plan 2022-2024",urn:newsml:newsroom:20250130:nNRAv9a3cu:0,NS:INDBAN,CABK.MC
2025-01-30 14:12:30.381,"Consolidation? ""If the shareholder finds a meaningful operation, he will decide""",urn:newsml:newsroom:20250130:nNRAv982iv:0,NS:NOTENG,CABK.MC
2025-01-30 13:42:05.000,GLOBAL MARKETS-Stocks cheer megacap earnings; euro dips after ECB rate cut,urn:newsml:reuters.com:20250130:nL2N3OQ0I4:4,NS:RTRS,CABK.MC
2025-01-30 11:38:44.114,BPI FY Consolidated Net Profit Up 12% At 588.2 Mln Euros YoY,urn:newsml:reuters.com:20250130:nRSD9RRyjz:1,NS:SIGDEV,CABK.MC
2025-01-30 11:25:09.000,BRIEF-BPI FY Consolidated Net Profit Up 12% At 588.2 Mln Euros YoY,urn:newsml:reuters.com:20250130:nL5N3OQ12Y:1,NS:RTRS,CABK.MC
2025-01-30 11:13:28.866,Gortázar appeals to Bankia's legacy to keep CaixaBank's headquarters in Valencia,urn:newsml:newsroom:20250130:nNRAv95j7n:0,NS:NOTENG,CABK.MC
2025-01-30 11:13:22.815,"CaixaBank's 2024 profit soars 20.2% to an all-time high of 5,787 million euros",urn:newsml:newsroom:20250130:nNRAv95it3:0,NS:NOTENG,CABK.MC
2025-01-30 11:07:51.247,Caixabank's profits surge over 20% in 2024 reaching €5.8bn,urn:link:webnews:20250130:nNRAv95h8v:0,NS:WNCOMA,CABK.MC
2025-01-30 10:30:00.000,Q4 2024 CaixaBank SA Earnings Call - Final,urn:newsml:newsroom:20250207:nNRAvce2gx:0,NS:FDFAIR,CABK.MC
2025-01-30 10:30:00.000,Q4 2024 CaixaBank SA Earnings Call,urn:newsml:reuters.com:20250130:nTRN6SGfrG:1,NS:TRANS,CABK.MC
2025-01-30 10:13:39.326,BPI owner increases profits by 20% in 2024 to 5.8 billion,urn:newsml:newsroom:20250130:nNRAv94tol:0,NS:NOTENG,CABK.MC
2025-01-30 10:13:12.424,"CaixaBank earns 5,787 million, up 20% despite the change in interest rate trends",urn:newsml:newsroom:20250130:nNRAv94rn8:0,NS:NOTENG,CABK.MC
2025-01-30 10:13:06.178,CaixaBank increased annual profit by 20% to €5787 million,urn:newsml:newsroom:20250130:nNRAv94s98:0,NS:NOTENG,CABK.MC
2025-01-30 10:12:45.546,"CaixaBank increased profits by 20% last year to 5,787 million euros",urn:newsml:newsroom:20250130:nNRAv94s29:0,NS:NOTENG,CABK.MC
2025-01-30 09:13:23.473,"CaixaBank earns 5,787 million euros in 2024, up 20.2%.",urn:newsml:newsroom:20250130:nNRAv942js:0,NS:NOTENG,CABK.MC
2025-01-30 08:53:44.576,"Caixabank Is Committed To Keep Legal Headquarters In Valencia, CEO says",urn:newsml:reuters.com:20250130:nRSDbbM6YQ:1,NS:SIGDEV,CABK.MC
2025-01-30 08:42:34.000,"BRIEF-Caixabank Is Committed To Keep Legal Headquarters In Valencia, CEO says",urn:newsml:reuters.com:20250130:nS8N3HK02W:1,NS:RTRS,CABK.MC
2025-01-30 08:13:47.397,"CaixaBank earns 5,787M (20% more) and announces another dividend and share buyback",urn:newsml:newsroom:20250130:nNRAv93dzt:0,NS:NOTENG,CABK.MC
2025-01-30 08:13:10.316,"CaixaBank earned 5,787 million in 2024, up 20%, and announces a share buyback program",urn:newsml:newsroom:20250130:nNRAv93dmz:0,NS:NOTENG,CABK.MC
2025-01-30 07:55:43.000,CaixaBank SA - CaixaBank 4Q 2024 results presentation.,urn:newsml:reuters.com:20250130:nNDL2BWHnb:1,NS:PUBT,CABK.MC
2025-01-30 07:41:14.000,"LIVE MARKETS-Before the bell: MAG7 mixed, big earnings day in Europe",urn:newsml:reuters.com:20250130:nL5N3OQ0I6:1,NS:RTRS,CABK.MC
2025-01-30 07:37:16.033,CaixaBank gains 7% in past 3 months,urn:newsml:newsroom:20250130:nNRAv931cc:0,NS:GLOROU,CABK.MC
2025-01-30 07:25:33.917,Spain's Caixabank unveils 500-million-euro share buyback after Q4 rate impact,urn:link:webnews:20250130:nNRAv92v64:0,NS:GLOREV,CABK.MC
2025-01-30 07:13:40.383,"CaixaBank earns 5,787 million euros in 2024, up 20.2%.",urn:newsml:newsroom:20250130:nNRAv92rnt:0,NS:NOTENG,CABK.MC
2025-01-30 07:13:35.226,"CaixaBank achieves a record profit of 5,787 million in 2024, up 20.2%.",urn:newsml:newsroom:20250130:nNRAv92rng:0,NS:NOTENG,CABK.MC
2025-01-30 06:36:41.000,UPDATE 2-Spain's Caixabank unveils 500-mln-euro share buyback after Q4 rate impact,urn:newsml:reuters.com:20250130:nL5N3OQ06W:6,NS:RTRS,CABK.MC
2025-01-30 06:36:00.000,CaixaBank SA - 2024 Business Activity and Results,urn:newsml:reuters.com:20250130:nNDL7BmRjq:1,NS:PUBT,CABK.MC
2025-01-30 06:13:24.868,"Caixabank records the best year in its history: it earned 5,787 million in 2024, up 20%.",urn:newsml:newsroom:20250130:nNRAv924v2:0,NS:NOTENG,CABK.MC
2025-01-30 05:37:44.210,Caixabank Sees 2025 NII Down Mid-Single-Digit,urn:newsml:reuters.com:20250130:nRSD4rXDFt:1,NS:SIGDEV,CABK.MC
2025-01-30 05:25:35.000,BRIEF-Caixabank Sees 2025 NII Down Mid-Single-Digit,urn:newsml:reuters.com:20250130:nFWN3OP1UA:1,NS:RTRS,CABK.MC
2025-01-30 05:25:24.284,Caixabank Q4 Net Interest Income 2.74 Bln Euros,urn:newsml:reuters.com:20250130:nRSD8fDQNc:1,NS:SIGDEV,CABK.MC
2025-01-30 05:25:24.043,"Caixabank Q4 Net Interest Income EUR 2,741 Million",urn:newsml:reuters.com:20250130:nRSD5l412n:1,NS:SIGDEV,CABK.MC
2025-01-30 05:25:23.921,Caixabank Proposes Payment Of Cash Dividend Of 0.2864 Euros Gross Per Share Against 2024 Earnings,urn:newsml:reuters.com:20250130:nRSD85VZkb:1,NS:SIGDEV,CABK.MC
2025-01-30 05:19:34.000,BRIEF-Caixabank Proposes Payment Of Cash Dividend Of 0.2864 Euros Gross Per Share Against 2024 Earnings,urn:newsml:reuters.com:20250130:nS8N3MC09A:1,NS:RTRS,CABK.MC
2025-01-30 05:17:07.000,Caixabank's Q4 net profit rises 33% from same period in 2023,urn:newsml:reuters.com:20250130:nL5N3OP2CC:1,NS:RTRS,CABK.MC
2025-01-30 05:16:07.000,BRIEF-Caixabank Q4 Net Interest Income 2.74 Bln Euros,urn:newsml:reuters.com:20250130:nS8N3MC09B:1,NS:RTRS,CABK.MC
2025-01-30 05:11:08.166,"BRIEF-Caixabank Q4 Net Interest Income EUR 2,741 Million",urn:newsml:reuters.com:20250130:nPLXFF5A12:1,NS:RTRS,CABK.MC
2025-01-30 03:36:53.508,CaixaBank gains 7% in past 3 months,urn:newsml:newsroom:20250130:nNRAv90ujv:0,NS:GLOROU,CABK.MC
2025-01-29 23:32:16.533,CaixaBank gains 7% in past 3 months,urn:newsml:newsroom:20250129:nNRAv8yplp:0,NS:GLOROU,CABK.MC
2025-01-29 16:52:22.389,"IBEX 35 SPANISH TOP 6 DAILY: PRICE RISES ON STRONG VOLUMES IN THE PAST MONTH End-of-day: Wednesday January 29, 2025 16:00 (EST: 10:00, GMT: 15:00)",urn:newsml:newsroom:20250129:nNRAv8uef0:0,NS:GLOUPM,CABK.MC
2025-01-29 09:31:45.992,"CaixaBank reaches 250,000 customers with MyBox Retirement, its retirement savings service",urn:newsml:newsroom:20250129:nNRAv8o4g4:0,NS:INDBAN,CABK.MC
2025-01-29 09:15:04.933,The end of the year brings a 'shower of dividends' with major listed companies such as Telefónica and CaixaBank,urn:newsml:newsroom:20250129:nNRAv8nzyo:0,NS:NOTENG,CABK.MC
2025-01-29 07:37:12.297,CaixaBank lifts 8% in past 3 months,urn:newsml:newsroom:20250129:nNRAv8mxrd:0,NS:GLOROU,CABK.MC
2025-01-29 03:37:03.532,CaixaBank lifts 8% in past 3 months,urn:newsml:newsroom:20250129:nNRAv8kfoc:0,NS:GLOROU,CABK.MC
2025-01-28 23:32:02.680,CaixaBank lifts 8% in past 3 months,urn:newsml:newsroom:20250128:nNRAv8iobf:0,NS:GLOROU,CABK.MC
2025-01-28 18:22:17.936,CaixaBank ADR (CAIXY: $1.99) increases 0.5% against the trend; +1c [0.5%] Vol Index 2.5 [1 is avg],urn:newsml:newsroom:20250128:nNRAv8ftp4:0,NS:GLOROU,CABK.MC
2025-01-28 17:07:41.768,How CaixaBank's Tax Rate compares to Its Peers,urn:newsml:newsroom:20250128:nNRAv8er1f:0,NS:SPANEW,CABK.MC
2025-01-28 16:52:42.761,"IBEX 35 SPANISH TOP 6 DAILY: PRICE RISES ON STRONG VOLUMES IN THE PAST MONTH End-of-day: Tuesday January 28, 2025 16:00 (EST: 10:00, GMT: 15:00)",urn:newsml:newsroom:20250128:nNRAv8ej74:0,NS:GLOUPM,CABK.MC
2025-01-28 15:00:41.659,"(EN) CaixaBank, S.A. PROSPECTUS (82109114)",urn:newsml:reuters.com:20250128:nGLFbVp2BP:2,NS:GLFILE,CABK.MC
2025-01-28 11:09:19.489,How Banco Bilbao Vizcaya Argentaria's dividend compares to CaixaBank,urn:newsml:newsroom:20250128:nNRAv89hn7:0,NS:SPANEW,CABK.MC
2025-01-28 07:37:25.572,CaixaBank gains 6% in past 3 months,urn:newsml:newsroom:20250128:nNRAv86oc8:0,NS:GLOROU,CABK.MC
2025-01-28 03:37:17.697,CaixaBank gains 6% in past 3 months,urn:newsml:newsroom:20250128:nNRAv84ikm:0,NS:GLOROU,CABK.MC
2025-01-27 23:32:27.130,CaixaBank gains 6% in past 3 months,urn:newsml:newsroom:20250127:nNRAv82zbe:0,NS:GLOROU,CABK.MC
2025-01-27 16:52:33.541,"IBEX 35 SPANISH TOP 5 DAILY: PRICE RISES ON STRONG VOLUMES IN THE PAST MONTH End-of-day: Monday January 27, 2025 16:00 (EST: 10:00, GMT: 15:00)",urn:newsml:newsroom:20250127:nNRAv7yv1s:0,NS:GLOUPM,CABK.MC
2025-01-27 13:37:03.307,Weekly: CaixaBank ADR (CAIXY: OTC: $1.99) gains 7% on robust volume; +12.8c [6.9%] Vol Index 1.5 [1 is avg],urn:newsml:newsroom:20250127:nNRAv7wgqa:0,NS:GLOROU,CABK.MC
2025-01-27 12:37:05.617,Weekly: CaixaBank ADR (CAIXY: OTC: $1.99) gains 7% on robust volume; +12.8c [6.9%] Vol Index 1.5 [1 is avg],urn:newsml:newsroom:20250127:nNRAv7vf1v:0,NS:GLOROU,CABK.MC
2025-01-27 10:07:11.772,Banco Bilbao Vizcaya Argentaria continues to outperform CaixaBank by 3.1% in the past month,urn:newsml:newsroom:20250127:nNRAv7tf7r:0,NS:SPANEW,CABK.MC
2025-01-27 07:37:11.357,Weekly: CaixaBank ADR (CAIXY: OTC: $1.99) gains 7% on robust volume; +12.8c [6.9%] Vol Index 1.5 [1 is avg],urn:newsml:newsroom:20250127:nNRAv7rn2p:0,NS:GLOROU,CABK.MC
2025-01-27 03:27:48.770,CaixaBank ADR climbs 10% in 2025,urn:newsml:newsroom:20250127:nNRAv7ppj6:0,NS:GLOROU,CABK.MC
2025-01-27 03:27:32.803,CaixaBank ADR climbs 10% in 2025,urn:newsml:newsroom:20250127:nNRAv7pp0q:0,NS:GLOROU,CABK.MC
2025-01-25 07:37:19.794,CaixaBank gains 6% in past 3 months,urn:newsml:newsroom:20250125:nNRAv7corq:0,NS:GLOROU,CABK.MC
2025-01-25 03:36:57.813,CaixaBank gains 6% in past 3 months,urn:newsml:newsroom:20250125:nNRAv7au59:0,NS:GLOROU,CABK.MC
2025-01-24 23:32:08.827,CaixaBank gains 6% in past 3 months,urn:newsml:newsroom:20250124:nNRAv7968h:0,NS:GLOROU,CABK.MC
2025-01-24 18:21:26.107,CaixaBank ADR (CAIXY: $1.99) hits three-month high on firm volume; +4c [2.1%],urn:newsml:newsroom:20250124:nNRAv76bk5:0,NS:GLOROU,CABK.MC
2025-01-24 17:27:17.234,"CaixaBank ADR (CAIXY: $1.98) lifts 1.5%, gains 6.5% for week; +3c [1.5%]",urn:newsml:newsroom:20250124:nNRAv75m7v:0,NS:GLOROU,CABK.MC
2025-01-24 16:57:19.418,"IBEX 35 SPANISH TOP 4 DAILY: PRICE RISES ON STRONG VOLUMES IN THE PAST MONTH End-of-day: Friday January 24, 2025 16:00 (EST: 10:00, GMT: 15:00)",urn:newsml:newsroom:20250124:nNRAv74ym0:0,NS:GLOUPM,CABK.MC
2025-01-24 16:48:27.000,Duration back on menu as senior supply continues,urn:newsml:reuters.com:20250124:nIfp8n3RMj:1,NS:IFR,CABK.MC
2025-01-24 16:42:46.270,CaixaBank ADR (CAIXY: $1.97) in 2nd consecutive rise; +2c [1.0%] Vol Index 2.2 [1 is avg],urn:newsml:newsroom:20250124:nNRAv74liw:0,NS:GLOROU,CABK.MC
2025-01-24 15:32:14.823,CaixaBank ADR (CAIXY: $1.97) up 4.2% in 2 days; +2c [1.0%],urn:newsml:newsroom:20250124:nNRAv73ny8:0,NS:GLOROU,CABK.MC
2025-01-24 14:12:39.059,"CaixaBank boosts mortgage lending: more than 14,000 million loaned in 2024, 50% more",urn:newsml:newsroom:20250124:nNRAv72s28:0,NS:NOTENG,CABK.MC
2025-01-24 11:11:42.789,CaixaBank has already met 78% of its emissions reduction target for the electricity sector.,urn:newsml:newsroom:20250124:nNRAv707ac:0,NS:NOTENG,CABK.MC
2025-01-24 10:21:44.000,Saudi Arabia's STC seeks seat on Telefonica board,urn:newsml:reuters.com:20250124:nL5N3OK0J1:2,NS:RTRS,CABK.MC
2025-01-24 07:37:19.215,CaixaBank strengthens 3% in past 3 months,urn:newsml:newsroom:20250124:nNRAv6x7da:0,NS:GLOROU,CABK.MC
2025-01-24 03:37:08.474,CaixaBank strengthens 3% in past 3 months,urn:newsml:newsroom:20250124:nNRAv6urn2:0,NS:GLOROU,CABK.MC
2025-01-24 00:00:00.000,CaixaBank ADR climbs 10% in 2025,urn:newsml:newsroom:20250127:nNRAv7pnt8:0,NS:GLOROU,CABK.MC
2025-01-24 00:00:00.000,Weekly: CaixaBank ADR (CAIXY: OTC: $1.99) gains 7% on robust volume; +12.8c [6.9%] Vol Index 1.5 [1 is avg],urn:newsml:newsroom:20250127:nNRAv7pmbb:0,NS:GLOROU,CABK.MC
2025-01-24 00:00:00.000,Weekly: CaixaBank ADR (CAIXY: OTC: $1.99) gains 7% on robust volume; +12.8c [6.9%] Vol Index 1.5 [1 is avg],urn:newsml:newsroom:20250127:nNRAv7plmz:0,NS:GLOROU,CABK.MC
2025-01-23 23:32:11.967,CaixaBank strengthens 3% in past 3 months,urn:newsml:newsroom:20250123:nNRAv6sxaa:0,NS:GLOROU,CABK.MC
2025-01-23 18:22:08.462,CaixaBank ADR (CAIXY: $1.96) jumps 3.7%; +7c [3.7%],urn:newsml:newsroom:20250123:nNRAv6pw8o:0,NS:GLOROU,CABK.MC
2025-01-23 17:27:25.073,CaixaBank ADR (CAIXY: $1.94) gains 2.6%; +5c [2.6%],urn:newsml:newsroom:20250123:nNRAv6oyo6:0,NS:GLOROU,CABK.MC
2025-01-23 16:57:12.283,"IBEX 35 SPANISH TOP 4 DAILY: PRICE RISES ON STRONG VOLUMES IN THE PAST MONTH End-of-day: Thursday January 23, 2025 16:00 (EST: 10:00, GMT: 15:00)",urn:newsml:newsroom:20250123:nNRAv6ol33:0,NS:GLOUPM,CABK.MC
2025-01-23 16:52:16.723,"Past Week: CaixaBank (CABK: EUR5.66) lifts 2.5%, 2 weeks' volume in a week; +14c [2.5%] Vol Index 1.7 [1 is avg]",urn:newsml:newsroom:20250123:nNRAv6oi98:0,NS:GLOSTO,CABK.MC
2025-01-23 16:42:34.589,CaixaBank ADR (CAIXY: $1.92) climbs 1.6%; +3c [1.6%],urn:newsml:newsroom:20250123:nNRAv6oarp:0,NS:GLOROU,CABK.MC
2025-01-23 15:32:17.095,CaixaBank ADR (CAIXY: $1.92) lifts 1.6% against the trend; +3c [1.6%],urn:newsml:newsroom:20250123:nNRAv6n6el:0,NS:GLOROU,CABK.MC
2025-01-23 07:37:26.064,CaixaBank dips 0.6% in past 3 months,urn:newsml:newsroom:20250123:nNRAv6h44r:0,NS:GLOROU,CABK.MC
2025-01-23 03:37:09.935,CaixaBank dips 0.6% in past 3 months,urn:newsml:newsroom:20250123:nNRAv6eshb:0,NS:GLOROU,CABK.MC
2025-01-22 23:32:06.001,CaixaBank dips 0.6% in past 3 months,urn:newsml:newsroom:20250122:nNRAv6ctcg:0,NS:GLOROU,CABK.MC
2025-01-22 09:32:06.812,"CaixaBank places €1 billion of a new Senior Non Preference bond, with a final demand that has exceeded €4.9 billion",urn:newsml:newsroom:20250122:nNRAv61ygm:0,NS:INDBAN,CABK.MC
2025-01-22 07:34:03.965,CaixaBank dips 2% in past 3 months,urn:newsml:newsroom:20250122:nNRAv60gdd:0,NS:GLOROU,CABK.MC
2025-01-22 03:31:56.025,CaixaBank dips 2% in past 3 months,urn:newsml:newsroom:20250122:nNRAv5y9jc:0,NS:GLOROU,CABK.MC
2025-01-21 23:32:00.100,CaixaBank dips 2% in past 3 months,urn:newsml:newsroom:20250121:nNRAv5w864:0,NS:GLOROU,CABK.MC
2025-01-21 18:22:17.304,CaixaBank ADR (CAIXY: $1.93) jumps 3.8%; +7c [3.8%],urn:newsml:newsroom:20250121:nNRAv5te0a:0,NS:GLOROU,CABK.MC
2025-01-21 17:22:09.880,CaixaBank ADR (CAIXY: $1.90) gains 2.2%; +4c [2.2%],urn:newsml:newsroom:20250121:nNRAv5sjh1:0,NS:GLOROU,CABK.MC
2025-01-21 16:43:07.480,CaixaBank ADR (CAIXY: $1.91) climbs 2.7%; +5c [2.7%],urn:newsml:newsroom:20250121:nNRAv5rz38:0,NS:GLOROU,CABK.MC
2025-01-21 16:07:50.614,How CaixaBank's Tax Rate compares to Its Peers,urn:newsml:newsroom:20250121:nNRAv5rczp:0,NS:GLOSTO,CABK.MC
2025-01-21 13:37:15.062,"Weekly: CaixaBank ADR (CAIXY: OTC: $1.86) drops 2.1%, 2 weeks' volume in a week; -4c [-2.1%] Vol Index 2.3 [1 is avg]",urn:newsml:newsroom:20250121:nNRAv5p07x:0,NS:GLOROU,CABK.MC
2025-01-21 12:37:09.692,"Weekly: CaixaBank ADR (CAIXY: OTC: $1.86) drops 2.1%, 2 weeks' volume in a week; -4c [-2.1%] Vol Index 2.3 [1 is avg]",urn:newsml:newsroom:20250121:nNRAv5nytv:0,NS:GLOROU,CABK.MC
2025-01-21 11:08:16.656,How Banco Bilbao Vizcaya Argentaria's dividend compares to CaixaBank,urn:newsml:newsroom:20250121:nNRAv5mv9j:0,NS:GLOSTO,CABK.MC
2025-01-21 07:37:09.203,"Weekly: CaixaBank ADR (CAIXY: OTC: $1.86) drops 2.1%, 2 weeks' volume in a week; -4c [-2.1%] Vol Index 2.3 [1 is avg]",urn:newsml:newsroom:20250121:nNRAv5k7c4:0,NS:GLOROU,CABK.MC
2025-01-20 10:07:37.580,Banco Bilbao Vizcaya Argentaria continues to outperform CaixaBank by 3.7% year to date,urn:newsml:newsroom:20250120:nNRAv58k6s:0,NS:GLOSTO,CABK.MC
2025-01-19 08:42:21.074,Contrasting ANA (OTCMKTS:ALNPY) & CaixaBank (OTCMKTS:CAIXY),urn:newsml:newsroom:20250119:nNRAv4z6b1:0,NS:WATNEW,CABK.MC
2025-01-18 07:36:59.544,CaixaBank dips 0.1% in past 3 months,urn:newsml:newsroom:20250118:nNRAv4qpb2:0,NS:GLOROU,CABK.MC
2025-01-18 06:13:13.596,The new scam impersonating CaixaBank that can drain your account,urn:newsml:newsroom:20250118:nNRAv4q403:0,NS:NOTENG,CABK.MC
2025-01-18 04:47:52.651,Weekly: CaixaBank ADR (CAIXY: OTC: $1.86) posts worst week in five weeks,urn:newsml:newsroom:20250118:nNRAv4pizf:0,NS:GLOROU,CABK.MC
2025-01-18 04:47:27.619,"Weekly: CaixaBank ADR (CAIXY: OTC: $1.86) drops 2.1%, 2 weeks' volume in a week; -4c [2.1%] Vol Index 2.3 [1 is avg]",urn:newsml:newsroom:20250118:nNRAv4piv9:0,NS:GLOROU,CABK.MC
2025-01-18 03:36:54.533,CaixaBank dips 0.1% in past 3 months,urn:newsml:newsroom:20250118:nNRAv4p3k1:0,NS:GLOROU,CABK.MC
2025-01-17 23:32:01.402,CaixaBank dips 0.1% in past 3 months,urn:newsml:newsroom:20250117:nNRAv4njds:0,NS:GLOROU,CABK.MC
2025-01-17 18:22:23.642,"CaixaBank ADR (CAIXY: $1.86) keeps sliding, down 5.1% in 3 days; -2c [-1.1%]",urn:newsml:newsroom:20250117:nNRAv4kggx:0,NS:GLOROU,CABK.MC
2025-01-17 16:48:02.451,CaixaBank (CABK: EUR5.54) strengthens above moving average price,urn:newsml:newsroom:20250117:nNRAv4iqgs:0,NS:GLOSTO,CABK.MC
2025-01-17 07:37:04.122,CaixaBank dips 0.6% in past 3 months,urn:newsml:newsroom:20250117:nNRAv4amfk:0,NS:GLOROU,CABK.MC
2025-01-17 03:36:59.621,CaixaBank dips 0.6% in past 3 months,urn:newsml:newsroom:20250117:nNRAv482ap:0,NS:GLOROU,CABK.MC
2025-01-16 23:32:01.117,CaixaBank dips 0.6% in past 3 months,urn:newsml:newsroom:20250116:nNRAv4679f:0,NS:GLOROU,CABK.MC
2025-01-16 18:13:13.594,"CaixaBank, Santander and Telefónica sell debt for 4,593 million before results",urn:newsml:newsroom:20250116:nNRAv43a4e:0,NS:NOTENG,CABK.MC
2025-01-16 16:24:53.000,CaixaBank prices EUR1bn perp NC8 AT1,urn:newsml:reuters.com:20250116:nIfp91Wp3L:1,NS:IFR,CABK.MC
2025-01-16 15:56:07.000,Allocs out for CaixaBank EUR1bn perp NC8 AT1,urn:newsml:reuters.com:20250116:nIfp5bHckb:1,NS:IFR,CABK.MC
2025-01-16 14:32:21.881,CaixaBank strengthens 1% in past 3 months,urn:newsml:newsroom:20250116:nNRAv3zyne:0,NS:GLOROU,CABK.MC
2025-01-16 12:18:57.000,CaixaBank perp NC8 AT1 final terms: EUR1bn at 6.25%,urn:newsml:reuters.com:20250116:nIfp3kt9Zh:1,NS:IFR,CABK.MC
2025-01-16 10:56:57.000,Books for CaixaBank perp NC8 AT1 over EUR3bn,urn:newsml:reuters.com:20250116:nIfp18SNlN:1,NS:IFR,CABK.MC
2025-01-16 10:32:46.562,CaixaBank strengthens 1% in past 3 months,urn:newsml:newsroom:20250116:nNRAv3vzer:0,NS:GLOROU,CABK.MC
2025-01-16 09:07:12.000,"Caixabank mandates EUR perp NC8 AT1 benchmark, tbp today",urn:newsml:reuters.com:20250116:nIfp33Y8lm:1,NS:IFR,CABK.MC
2025-01-16 06:30:00.000,CaixaBank Research highlights that the tourism sector grew strongly last year and will continue to expand in 2025,urn:newsml:newsroom:20250120:nNRAv59kln:0,NS:INDBAN,CABK.MC
2025-01-16 06:27:16.784,CaixaBank strengthens 1% in past 3 months,urn:newsml:newsroom:20250116:nNRAv3t1hw:0,NS:GLOROU,CABK.MC
2025-01-16 05:13:17.141,"CaixaBank, Mapfre and BBVA lead the profitability ranking among large asset managers in Spain",urn:newsml:newsroom:20250116:nNRAv3scyu:0,NS:NOTENG,CABK.MC
2025-01-15 18:18:14.000,Spanish watchdog says concentration of banks not behind lower deposit returns,urn:newsml:reuters.com:20250115:nL5N3MZ14Y:1,NS:RTRS,CABK.MC
2025-01-15 14:13:48.963,A 'smishing' scam asks CaixaBank customers to verify their identity to obtain their bank details,urn:newsml:newsroom:20250115:nNRAv3ityc:0,NS:NOTENG,CABK.MC
2025-01-15 14:12:59.936,A 'smishing' scam asks CaixaBank customers to verify their identity to obtain their bank details,urn:newsml:newsroom:20250115:nNRAv3its0:0,NS:NOTENG,CABK.MC
2025-01-15 12:07:11.612,With a trading volume of EUR 67.6 mn CABK.MC trades 1.19 percent higher today,urn:newsml:newsroom:20250115:nNRAv3gge8:0,NS:STOCKP,CABK.MC
2025-01-15 11:57:14.936,CaixaBank strengthens 0.02% in past 3 months,urn:newsml:newsroom:20250115:nNRAv3g9vh:0,NS:GLOROU,CABK.MC
2025-01-15 07:57:07.680,CaixaBank strengthens 0.02% in past 3 months,urn:newsml:newsroom:20250115:nNRAv3d7ms:0,NS:GLOROU,CABK.MC
2025-01-15 03:52:16.352,CaixaBank strengthens 0.02% in past 3 months,urn:newsml:newsroom:20250115:nNRAv3axjy:0,NS:GLOROU,CABK.MC
2025-01-14 16:08:05.522,How CaixaBank's Tax Rate compares to Its Peers,urn:newsml:newsroom:20250114:nNRAv33kzt:0,NS:GLOSTO,CABK.MC
2025-01-14 13:37:02.293,CaixaBank strengthens 2% in past 3 months,urn:newsml:newsroom:20250114:nNRAv31db6:0,NS:GLOROU,CABK.MC
2025-01-14 11:08:08.561,How Banco Bilbao Vizcaya Argentaria's dividend compares to CaixaBank,urn:newsml:newsroom:20250114:nNRAv2za03:0,NS:GLOSTO,CABK.MC
2025-01-14 10:27:39.000,"BUZZ-Exane bullish on Mediterranean banks, Caixabank remains top pick",urn:newsml:reuters.com:20250114:nL8N3OA0G5:1,NS:RTRS,CABK.MC
2025-01-14 09:37:19.725,CaixaBank strengthens 2% in past 3 months,urn:newsml:newsroom:20250114:nNRAv2xt77:0,NS:GLOROU,CABK.MC
2025-01-14 05:33:10.435,CaixaBank strengthens 2% in past 3 months,urn:newsml:newsroom:20250114:nNRAv2vme0:0,NS:GLOROU,CABK.MC
2025-01-13 13:37:01.654,Weekly: CaixaBank ADR (CAIXY: OTC: $1.90) keeps rising: up 9% in 3 weeks; +15c [8.6%],urn:newsml:newsroom:20250113:nNRAv2lq0c:0,NS:GLOROU,CABK.MC
2025-01-13 12:37:12.865,Weekly: CaixaBank ADR (CAIXY: OTC: $1.90) keeps rising: up 9% in 3 weeks; +15c [8.6%],urn:newsml:newsroom:20250113:nNRAv2kqm5:0,NS:GLOROU,CABK.MC
2025-01-13 11:37:20.858,"Monthly: CaixaBank ADR (CAIXY: $1.80) increases 1%, 3 months' volume in a month",urn:newsml:newsroom:20250113:nNRAv2k42o:0,NS:GLOROU,CABK.MC
2025-01-13 10:07:06.265,Banco Bilbao Vizcaya Argentaria continues to underperform CaixaBank by 1.6% in the past three months,urn:newsml:newsroom:20250113:nNRAv2iz2n:0,NS:GLOSTO,CABK.MC
2025-01-13 07:37:24.533,Weekly: CaixaBank ADR (CAIXY: OTC: $1.90) keeps rising: up 9% in 3 weeks; +15c [8.6%],urn:newsml:newsroom:20250113:nNRAv2hgky:0,NS:GLOROU,CABK.MC
2025-01-12 13:07:21.209,"CaixaBank ADR increases 5.6% in 2025, outperforming 82% of the market",urn:newsml:newsroom:20250112:nNRAv2coxe:0,NS:GLOROU,CABK.MC
2025-01-12 07:27:16.294,Comparing CaixaBank (OTCMKTS:CAIXY) & ANA (OTCMKTS:ALNPY),urn:newsml:newsroom:20250112:nNRAv2ap7f:0,NS:TICREP,CABK.MC
2025-01-12 07:13:47.789,CaixaBank expects its growth rate to double by 2027 and profitability to exceed 15%.,urn:newsml:newsroom:20250112:nNRAv2ankx:0,NS:NOTENG,CABK.MC
2025-01-12 07:07:20.522,"CaixaBank ADR increases 5.6% in 2025, outperforming 82% of the market",urn:newsml:newsroom:20250112:nNRAv2alql:0,NS:GLOROU,CABK.MC
2025-01-11 14:18:22.294,CaixaBank climbs 2% in past 3 months,urn:newsml:newsroom:20250111:nNRAv271ia:0,NS:GLOROU,CABK.MC
2025-01-11 07:58:01.761,CaixaBank climbs 2% in past 3 months,urn:newsml:newsroom:20250111:nNRAv24gpl:0,NS:GLOROU,CABK.MC
2025-01-11 04:02:35.694,"CaixaBank ADR increases 5.6% in 2025, outperforming 82% of the market",urn:newsml:newsroom:20250111:nNRAv2337r:0,NS:GLOROU,CABK.MC
2025-01-11 03:57:27.267,Weekly: CaixaBank ADR (CAIXY: OTC: $1.90) in top 5% performers of market in past week,urn:newsml:newsroom:20250111:nNRAv230yn:0,NS:GLOROU,CABK.MC
2025-01-11 03:57:23.114,Weekly: CaixaBank ADR (CAIXY: OTC: $1.90) keeps rising: up 9% in 3 weeks; +12.63c [7.1%] Vol Index 1.4 [1 is avg],urn:newsml:newsroom:20250111:nNRAv231lp:0,NS:GLOROU,CABK.MC
2025-01-11 03:52:34.780,CaixaBank climbs 2% in past 3 months,urn:newsml:newsroom:20250111:nNRAv2315j:0,NS:GLOROU,CABK.MC
2025-01-10 17:42:11.128,German trading: CaixaBank (48CA: EUR5.58) decreases after hitting resistance; -3c [0.5%],urn:newsml:newsroom:20250110:nNRAv1yrgx:0,NS:GERCOM,CABK.MC
2025-01-10 14:31:51.446,"CaixaBank exceeds 250,000 operations of the instant collection service ""Request To Pay""",urn:newsml:newsroom:20250110:nNRAv1wabq:0,NS:INDBAN,CABK.MC
2025-01-09 14:41:04.149,Citi reiterates 'buy' CaixaBank and raises its valuation to 7.80 euros per share,urn:newsml:newsroom:20250109:nNRAv1inee:0,NS:CENAFT,CABK.MC
2025-01-09 13:47:03.332,Thursday's Preview: Can CaixaBank continue its recent gains?,urn:newsml:newsroom:20250109:nNRAv1hrum:0,NS:GLOROU,CABK.MC
2025-01-09 10:06:59.884,Can CaixaBank continue its gains?,urn:newsml:newsroom:20250109:nNRAv1eztn:0,NS:GLOROU,CABK.MC
2025-01-09 08:12:52.450,"CaixaBank and Santander exceeded 5,000 million euros in net fund fund fundraising",urn:newsml:newsroom:20250109:nNRAv1dt9p:0,NS:NOTENG,CABK.MC
2025-01-09 07:37:16.254,CaixaBank drops 7% in past 3 months,urn:newsml:newsroom:20250109:nNRAv1de7r:0,NS:GLOROU,CABK.MC
2025-01-09 03:37:03.618,CaixaBank drops 7% in past 3 months,urn:newsml:newsroom:20250109:nNRAv1bhjk:0,NS:GLOROU,CABK.MC
2025-01-08 23:32:02.005,CaixaBank drops 7% in past 3 months,urn:newsml:newsroom:20250108:nNRAv19ste:0,NS:GLOROU,CABK.MC
2025-01-08 23:31:57.632,CaixaBank drops 7% in past 3 months,urn:newsml:newsroom:20250108:nNRAv19sgb:0,NS:GLOROU,CABK.MC
2025-01-08 13:47:01.870,Can CaixaBank rebound after recent dip?,urn:newsml:newsroom:20250108:nNRAv137rw:0,NS:GLOROU,CABK.MC
2025-01-08 10:07:06.749,CaixaBank down in recent days,urn:newsml:newsroom:20250108:nNRAv10ht2:0,NS:GLOROU,CABK.MC
2025-01-08 08:08:47.966,Banco Santander continues to outperform CaixaBank by 0.4% in the past month,urn:newsml:newsroom:20250108:nNRAv0z8r4:0,NS:GLOSTO,CABK.MC
2025-01-08 07:37:20.158,CaixaBank decreases 5% in past 3 months,urn:newsml:newsroom:20250108:nNRAv0yzhr:0,NS:GLOROU,CABK.MC
2025-01-08 03:37:14.769,CaixaBank decreases 5% in past 3 months,urn:newsml:newsroom:20250108:nNRAv0x6n4:0,NS:GLOROU,CABK.MC
2025-01-07 23:32:05.023,CaixaBank decreases 5% in past 3 months,urn:newsml:newsroom:20250107:nNRAv0vbel:0,NS:GLOROU,CABK.MC
2025-01-07 18:07:43.575,How CaixaBank's Tax Rate compares to Its Peers,urn:newsml:newsroom:20250107:nNRAv0se47:0,NS:GLOSTO,CABK.MC
2025-01-07 17:22:13.374,CaixaBank ADR (CAIXY: $1.81) decreases on average volume; -1c [-0.5%],urn:newsml:newsroom:20250107:nNRAv0rnum:0,NS:GLOROU,CABK.MC
2025-01-07 13:47:04.971,Tuesday's Preview: Can CaixaBank continue its recent gains?,urn:newsml:newsroom:20250107:nNRAv0or73:0,NS:GLOROU,CABK.MC
2025-01-07 11:08:19.623,How Banco Bilbao Vizcaya Argentaria's dividend compares to CaixaBank,urn:newsml:newsroom:20250107:nNRAv0mvyz:0,NS:GLOSTO,CABK.MC
2025-01-07 10:07:02.358,Can CaixaBank continue its gains?,urn:newsml:newsroom:20250107:nNRAv0m4w5:0,NS:GLOROU,CABK.MC
2025-01-07 07:52:10.678,CaixaBank decreases 6% in past 3 months,urn:newsml:newsroom:20250107:nNRAv0krju:0,NS:GLOROU,CABK.MC
2025-01-07 03:52:19.855,CaixaBank decreases 6% in past 3 months,urn:newsml:newsroom:20250107:nNRAv0i2en:0,NS:GLOROU,CABK.MC
2025-01-06 23:47:07.107,CaixaBank decreases 6% in past 3 months,urn:newsml:newsroom:20250106:nNRAv0g7z0:0,NS:GLOROU,CABK.MC
2025-01-06 21:47:23.039,"Monthly: CaixaBank ADR (CAIXY: $1.80) increases 1%, 3 months' volume in a month",urn:newsml:newsroom:20250106:nNRAv0f98k:0,NS:GLOROU,CABK.MC
2025-01-06 16:52:35.629,Past Week: CaixaBank (CABK: EUR5.32) shares post best week in four weeks; +12c [2.3%] Vol Index 1.6 [1 is avg],urn:newsml:newsroom:20250106:nNRAv0c68x:0,NS:GLOSTO,CABK.MC
2025-01-06 13:37:04.574,"Weekly: CaixaBank ADR (CAIXY: OTC: $1.77) increases 0.3%, 2 weeks' volume in a week; +0.57c [0.3%] Vol Index 1.8 [1 is avg]",urn:newsml:newsroom:20250106:nNRAv09lf5:0,NS:GLOROU,CABK.MC
2025-01-06 12:37:12.857,"Weekly: CaixaBank ADR (CAIXY: OTC: $1.77) increases 0.3%, 2 weeks' volume in a week; +0.57c [0.3%] Vol Index 1.8 [1 is avg]",urn:newsml:newsroom:20250106:nNRAv08m91:0,NS:GLOROU,CABK.MC
2025-01-06 09:08:23.428,Banco Bilbao Vizcaya Argentaria continues to outperform CaixaBank by 3.3% in the past month,urn:newsml:newsroom:20250106:nNRAv06ayb:0,NS:GLOSTO,CABK.MC
2025-01-06 07:37:10.422,"Weekly: CaixaBank ADR (CAIXY: OTC: $1.77) increases 0.3%, 2 weeks' volume in a week; +0.57c [0.3%] Vol Index 1.8 [1 is avg]",urn:newsml:newsroom:20250106:nNRAv053i8:0,NS:GLOROU,CABK.MC
2025-01-06 07:07:31.898,"Weekly: CaixaBank (CABK: EUR5.19) increases 0.6%, 2 weeks' volume in a week; +3c [0.6%] Vol Index 1.6 [1 is avg]",urn:newsml:newsroom:20250106:nNRAv04u2b:0,NS:GLOSTO,CABK.MC
2025-01-04 07:37:32.595,CaixaBank dips 5% in past 3 months,urn:newsml:newsroom:20250104:nNRAuzs03i:0,NS:GLOROU,CABK.MC
2025-01-04 03:37:17.241,CaixaBank dips 5% in past 3 months,urn:newsml:newsroom:20250104:nNRAuzqq4a:0,NS:GLOROU,CABK.MC
2025-01-03 23:32:16.507,CaixaBank dips 5% in past 3 months,urn:newsml:newsroom:20250103:nNRAuzp8ti:0,NS:GLOROU,CABK.MC
2025-01-03 16:48:59.820,"Weekly: CaixaBank (CABK: EUR5.19) increases 0.6%, 2 weeks' volume in a week; +3c [0.6%] Vol Index 1.6 [1 is avg]",urn:newsml:newsroom:20250103:nNRAuzl7aj:0,NS:GLOSTO,CABK.MC
2025-01-03 07:34:31.993,CaixaBank decreases 5% in past 3 months,urn:newsml:newsroom:20250103:nNRAuzev5n:0,NS:GLOROU,CABK.MC
2025-01-03 03:32:18.169,CaixaBank decreases 5% in past 3 months,urn:newsml:newsroom:20250103:nNRAuzd4az:0,NS:GLOROU,CABK.MC
2025-01-03 00:00:00.000,"Weekly: CaixaBank ADR (CAIXY: OTC: $1.77) increases 0.3%, 2 weeks' volume in a week; +0.57c [0.3%] Vol Index 1.8 [1 is avg]",urn:newsml:newsroom:20250106:nNRAv032un:0,NS:GLOROU,CABK.MC
2025-01-03 00:00:00.000,Weekly: CaixaBank ADR (CAIXY: OTC: $1.77) increases on robust volume; +0.57c [0.3%] Vol Index 1.8 [1 is avg],urn:newsml:newsroom:20250106:nNRAv031z2:0,NS:GLOROU,CABK.MC
2025-01-02 23:32:11.053,CaixaBank decreases 5% in past 3 months,urn:newsml:newsroom:20250102:nNRAuzbizt:0,NS:GLOROU,CABK.MC
2025-01-02 14:31:47.783,CaixaBank Group improves its recognition of responsible investment with the new PRI ratings promoted by the United Nations,urn:newsml:newsroom:20250102:nNRAuz6bju:0,NS:INDBAN,CABK.MC
2025-01-02 11:37:11.245,"Monthly: CaixaBank ADR (CAIXY: $1.80) increases 1%, 3 months' volume in a month",urn:newsml:newsroom:20250102:nNRAuz4269:0,NS:GLOROU,CABK.MC
2025-01-02 10:07:21.032,Banco Bilbao Vizcaya Argentaria continues to underperform CaixaBank by 34.0% year to date,urn:newsml:newsroom:20250102:nNRAuz369t:0,NS:GLOSTO,CABK.MC
2025-01-02 10:07:20.359,Banco Santander continues to underperform CaixaBank by 33.5% year to date,urn:newsml:newsroom:20250102:nNRAuz35xk:0,NS:GLOSTO,CABK.MC
2025-01-02 07:37:12.220,CaixaBank dips 4% in past 3 months,urn:newsml:newsroom:20250102:nNRAuz1u36:0,NS:GLOROU,CABK.MC
2025-01-02 07:22:28.043,"Monthly: CaixaBank ADR (CAIXY: $1.80) increases 1%, 3 months' volume in a month",urn:newsml:newsroom:20250102:nNRAuz1ngl:0,NS:GLOROU,CABK.MC
2025-01-02 07:14:26.323,CaixaBank continues to outperform Banco Bilbao Vizcaya Argentaria by 34.0% year to date,urn:newsml:newsroom:20250102:nNRAuz1j12:0,NS:GLOSTO,CABK.MC
2025-01-02 06:30:00.000,CaixaBank Group improves its recognition of responsible investment with the new ratings of the PRI promoted by the United Nations,urn:newsml:newsroom:20250110:nNRAv1umxo:0,NS:INDBAN,CABK.MC
2025-01-01 04:07:18.313,"Monthly: CaixaBank ADR (CAIXY: $1.80) increases 1%, 3 months' volume in a month",urn:newsml:newsroom:20250101:nNRAuyrtzy:0,NS:GLOROU,CABK.MC
2025-01-01 03:47:08.278,Past Week: CaixaBank (CABK: EUR5.24) shares post best week in three weeks; +10c [1.9%] Vol Index 1.3 [1 is avg],urn:newsml:newsroom:20250101:nNRAuyrjxm:0,NS:GLOSTO,CABK.MC
2025-01-01 03:37:04.119,CaixaBank dips 4% in past 3 months,urn:newsml:newsroom:20250101:nNRAuyrial:0,NS:GLOROU,CABK.MC
2024-12-31 23:32:03.923,CaixaBank dips 4% in past 3 months,urn:newsml:newsroom:20241231:nNRAuyqacl:0,NS:GLOROU,CABK.MC
2024-12-31 16:07:23.418,How CaixaBank's Tax Rate compares to Its Peers,urn:newsml:newsroom:20241231:nNRAuymovb:0,NS:GLOSTO,CABK.MC
2024-12-31 11:07:53.812,How Banco Bilbao Vizcaya Argentaria's dividend compares to CaixaBank,urn:newsml:newsroom:20241231:nNRAuyj8ej:0,NS:GLOSTO,CABK.MC
2024-12-31 09:07:49.371,How CaixaBank's dividend compares to Banco Bilbao Vizcaya Argentaria,urn:newsml:newsroom:20241231:nNRAuyi002:0,NS:GLOSTO,CABK.MC
2024-12-31 07:38:11.555,CaixaBank falls 9% in past 3 months,urn:newsml:newsroom:20241231:nNRAuyh24m:0,NS:GLOROU,CABK.MC
2024-12-31 03:38:06.268,CaixaBank falls 9% in past 3 months,urn:newsml:newsroom:20241231:nNRAuyf8cz:0,NS:GLOROU,CABK.MC
2024-12-31 00:48:47.249,On Tuesday 31st of December Caixabank trades 0.43 percent higher,urn:newsml:newsroom:20241231:nNRAuyebo2:0,NS:STOCKP,CABK.MC
2024-12-30 23:32:21.452,CaixaBank falls 9% in past 3 months,urn:newsml:newsroom:20241230:nNRAuydw4n:0,NS:GLOROU,CABK.MC
2024-12-30 18:22:29.392,CaixaBank ADR (CAIXY: $1.79) climbs 1.2% against the trend; +2.2c [1.2%],urn:newsml:newsroom:20241230:nNRAuybeg0:0,NS:GLOROU,CABK.MC
2024-12-30 17:27:12.065,CaixaBank ADR (CAIXY: $1.77) lifts ; +0.2c [0.1%],urn:newsml:newsroom:20241230:nNRAuyajkn:0,NS:GLOROU,CABK.MC
2024-12-30 16:57:14.123,Past Week: CaixaBank (CABK: EUR5.20) shares post best week in three weeks; +10c [2.0%],urn:newsml:newsroom:20241230:nNRAuya5ob:0,NS:GLOSTO,CABK.MC
2024-12-30 16:57:12.005,CaixaBank ADR (CAIXY: $1.77) increases ; +0.2c [0.1%],urn:newsml:newsroom:20241230:nNRAuya6cz:0,NS:GLOROU,CABK.MC
2024-12-30 16:52:19.045,"CaixaBank (CABK: EUR5.20) increases, 2 days' volume in a day; +4c [0.8%] Vol Index 1.6 [1 is avg]",urn:newsml:newsroom:20241230:nNRAuya4f2:0,NS:GLOSTO,CABK.MC
2024-12-30 10:07:24.549,Banco Bilbao Vizcaya Argentaria continues to outperform CaixaBank by 3.7% in the past month,urn:newsml:newsroom:20241230:nNRAuy5bq5:0,NS:GLOSTO,CABK.MC
2024-12-30 10:07:23.155,Banco Santander continues to outperform CaixaBank by 1.4% in the past month,urn:newsml:newsroom:20241230:nNRAuy5bes:0,NS:GLOSTO,CABK.MC
2024-12-30 07:08:08.987,CaixaBank continues to underperform Banco Bilbao Vizcaya Argentaria by 3.7% in the past month,urn:newsml:newsroom:20241230:nNRAuy3kl0:0,NS:GLOSTO,CABK.MC
2024-12-30 07:07:39.984,Weekly: CaixaBank (CABK: EUR5.16) keeps sliding: down 3.7% in 3 weeks; -20c [-3.7%],urn:newsml:newsroom:20241230:nNRAuy3iyb:0,NS:GLOSTO,CABK.MC
2024-12-29 13:07:20.554,"CaixaBank ADR soars 41% in 2024, outperforming 88% of the market",urn:newsml:newsroom:20241229:nNRAuxypzr:0,NS:GLOROU,CABK.MC
2024-12-29 07:07:20.712,"CaixaBank ADR soars 41% in 2024, outperforming 88% of the market",urn:newsml:newsroom:20241229:nNRAuxwkig:0,NS:GLOROU,CABK.MC
2024-12-28 07:37:29.401,CaixaBank falls 11% in past 3 months,urn:newsml:newsroom:20241228:nNRAuxq4ci:0,NS:GLOROU,CABK.MC
2024-12-28 04:02:33.729,"CaixaBank ADR soars 41% in 2024, outperforming 88% of the market",urn:newsml:newsroom:20241228:nNRAuxoi8s:0,NS:GLOROU,CABK.MC
2024-12-28 03:57:39.643,"Weekly: CaixaBank ADR (CAIXY: OTC: $1.77) increases 1.0%, 3 weeks' volume in a week; +1.8c [1.0%] Vol Index 3.4 [1 is avg]",urn:newsml:newsroom:20241228:nNRAuxohod:0,NS:GLOROU,CABK.MC
2024-12-28 03:37:06.164,CaixaBank falls 11% in past 3 months,urn:newsml:newsroom:20241228:nNRAuxoe0m:0,NS:GLOROU,CABK.MC
2024-12-27 23:32:23.801,CaixaBank falls 11% in past 3 months,urn:newsml:newsroom:20241227:nNRAuxn55p:0,NS:GLOROU,CABK.MC
2024-12-27 17:22:36.530,CaixaBank ADR (CAIXY: $1.75) falls 1.7%; -3c [-1.7%],urn:newsml:newsroom:20241227:nNRAuxjzi8:0,NS:GLOROU,CABK.MC
2024-12-27 16:52:19.044,Weekly: CaixaBank (CABK: EUR5.16) keeps sliding: down 3.7% in 3 weeks; -20c [-3.7%],urn:newsml:newsroom:20241227:nNRAuxjlnr:0,NS:GLOSTO,CABK.MC
2024-12-27 16:47:24.952,CaixaBank (CABK: EUR5.16) in 2nd consecutive rise; +6c [1.2%],urn:newsml:newsroom:20241227:nNRAuxjich:0,NS:GLOSTO,CABK.MC
2024-12-27 07:37:31.101,CaixaBank tumbles 12% in past 3 months,urn:newsml:newsroom:20241227:nNRAuxbyc6:0,NS:GLOROU,CABK.MC
2024-12-27 03:36:58.650,CaixaBank tumbles 12% in past 3 months,urn:newsml:newsroom:20241227:nNRAuxa1cq:0,NS:GLOROU,CABK.MC
2024-12-26 23:32:04.970,CaixaBank tumbles 12% in past 3 months,urn:newsml:newsroom:20241226:nNRAux8n31:0,NS:GLOROU,CABK.MC
2024-12-26 20:13:12.770,"DBRS raises rating of CaixaBank, owner of BPI",urn:newsml:newsroom:20241226:nNRAux7fml:0,NS:NOTENG,CABK.MC
2024-12-26 11:57:22.579,CaixaBank slumps 14% in past 3 months,urn:newsml:newsroom:20241226:nNRAux26fq:0,NS:GLOROU,CABK.MC
2024-12-26 07:57:07.523,CaixaBank slumps 14% in past 3 months,urn:newsml:newsroom:20241226:nNRAux032s:0,NS:GLOROU,CABK.MC
2024-12-25 12:42:54.681,On Wednesday 25th of December Caixabank trades 0.47 percent higher,urn:newsml:newsroom:20241225:nNRAuwuahc:0,NS:STOCKP,CABK.MC
2024-12-25 03:57:30.064,CaixaBank slumps 14% in past 3 months,urn:newsml:newsroom:20241225:nNRAuwpwnr:0,NS:GLOROU,CABK.MC
2024-12-24 17:07:07.300,How CaixaBank's Tax Rate compares to Its Peers,urn:newsml:newsroom:20241224:nNRAuwloun:0,NS:GLOSTO,CABK.MC
2024-12-24 11:07:45.230,How Banco Bilbao Vizcaya Argentaria's dividend compares to CaixaBank,urn:newsml:newsroom:20241224:nNRAuwhlan:0,NS:GLOSTO,CABK.MC
2024-12-24 09:08:46.312,How CaixaBank's dividend compares to Banco Bilbao Vizcaya Argentaria,urn:newsml:newsroom:20241224:nNRAuwgdak:0,NS:GLOSTO,CABK.MC
2024-12-24 07:57:14.205,CaixaBank slumps 15% in past 3 months,urn:newsml:newsroom:20241224:nNRAuwflst:0,NS:GLOROU,CABK.MC
2024-12-24 03:57:24.577,CaixaBank slumps 15% in past 3 months,urn:newsml:newsroom:20241224:nNRAuwdflf:0,NS:GLOROU,CABK.MC
2024-12-23 23:52:18.106,CaixaBank slumps 15% in past 3 months,urn:newsml:newsroom:20241223:nNRAuwbts3:0,NS:GLOROU,CABK.MC
2024-12-23 16:52:21.538,Past Week: CaixaBank (CABK: EUR5.10) down 5% in 2 weeks; -27c [-5.0%],urn:newsml:newsroom:20241223:nNRAuw8107:0,NS:GLOSTO,CABK.MC
2024-12-23 10:07:30.542,Banco Bilbao Vizcaya Argentaria continues to underperform CaixaBank by 24.0% year to date,urn:newsml:newsroom:20241223:nNRAuw32n3:0,NS:GLOSTO,CABK.MC
2024-12-23 10:07:27.233,Banco Santander continues to underperform CaixaBank by 21.1% year to date,urn:newsml:newsroom:20241223:nNRAuw34kj:0,NS:GLOSTO,CABK.MC
2024-12-23 07:08:05.087,CaixaBank continues to outperform Banco Bilbao Vizcaya Argentaria by 24.0% year to date,urn:newsml:newsroom:20241223:nNRAuw14cf:0,NS:GLOSTO,CABK.MC
2024-12-23 07:07:40.757,Weekly: CaixaBank (CABK: EUR5.11) down 4.7% in 2 weeks; -25c [-4.7%],urn:newsml:newsroom:20241223:nNRAuw12sn:0,NS:GLOSTO,CABK.MC
2024-12-22 15:12:14.220,"CaixaBank believes that the aid to the dana will have a ""not very material"" impact on this year's deficit.",urn:newsml:newsroom:20241222:nNRAuvwdk0:0,NS:NOTENG,CABK.MC
2024-12-22 05:11:51.165,"CaixaBank, growth begins another stage in the new interest rate scenario",urn:newsml:newsroom:20241222:nNRAuvsvt3:0,NS:NOTENG,CABK.MC
2024-12-21 10:31:14.835,CaixaBank incorporates the SWfCP sustainability seal as an accelerator in the process of access to credit for its wine sector clients,urn:newsml:newsroom:20241221:nNRAuvo6dc:0,NS:INDBAN,CABK.MC
2024-12-21 07:37:09.686,CaixaBank plummets 15% in past 3 months,urn:newsml:newsroom:20241221:nNRAuvn1sv:0,NS:GLOROU,CABK.MC
2024-12-21 04:03:05.623,"Weekly: CaixaBank ADR (CAIXY: OTC: $1.75) decreases 2.0%, 4 weeks' volume in a week",urn:newsml:newsroom:20241221:nNRAuvlf8r:0,NS:GLOROU,CABK.MC
2024-12-21 04:02:34.311,Weekly: CaixaBank ADR (CAIXY: OTC: $1.75) down 4.9% in 2 weeks; -3.5c [2.0%] Vol Index 3.5 [1 is avg],urn:newsml:newsroom:20241221:nNRAuvlf3d:0,NS:GLOROU,CABK.MC
2024-12-21 03:37:17.344,CaixaBank plummets 15% in past 3 months,urn:newsml:newsroom:20241221:nNRAuvl94r:0,NS:GLOROU,CABK.MC
2024-12-20 23:32:14.154,CaixaBank plummets 15% in past 3 months,urn:newsml:newsroom:20241220:nNRAuvjiki:0,NS:GLOROU,CABK.MC
2024-12-20 16:52:23.781,Weekly: CaixaBank (CABK: EUR5.11) down 4.7% in 2 weeks; -25c [-4.7%],urn:newsml:newsroom:20241220:nNRAuvf9mz:0,NS:GLOSTO,CABK.MC
2024-12-20 08:13:31.579,Caixabank will accelerate the granting of loans to wineries with a sustainability seal of approval,urn:newsml:newsroom:20241220:nNRAuv8h99:0,NS:NOTENG,CABK.MC
2024-12-20 07:38:27.886,CaixaBank slumps 13% in past 3 months,urn:newsml:newsroom:20241220:nNRAuv80k0:0,NS:GLOROU,CABK.MC
2024-12-20 03:36:56.089,CaixaBank slumps 13% in past 3 months,urn:newsml:newsroom:20241220:nNRAuv5u6p:0,NS:GLOROU,CABK.MC
2024-12-19 23:32:07.349,CaixaBank slumps 13% in past 3 months,urn:newsml:newsroom:20241219:nNRAuv3zi1:0,NS:GLOROU,CABK.MC
2024-12-19 07:37:28.578,CaixaBank slumps 14% in past 3 months,urn:newsml:newsroom:20241219:nNRAuusis5:0,NS:GLOROU,CABK.MC
2024-12-19 03:37:11.335,CaixaBank slumps 14% in past 3 months,urn:newsml:newsroom:20241219:nNRAuuq8sg:0,NS:GLOROU,CABK.MC
2024-12-19 00:20:03.700,On Wednesday 18th of December Caixabank trades -2.3 percent lower,urn:newsml:newsroom:20241219:nNRAuuos09:0,NS:STOCKP,CABK.MC
2024-12-18 23:37:24.055,CaixaBank slumps 14% in past 3 months,urn:newsml:newsroom:20241218:nNRAuuod7a:0,NS:GLOROU,CABK.MC
2024-12-18 07:38:25.361,CaixaBank slumps 12% in past 3 months,urn:newsml:newsroom:20241218:nNRAuuczi1:0,NS:GLOROU,CABK.MC
2024-12-18 03:37:15.307,CaixaBank slumps 12% in past 3 months,urn:newsml:newsroom:20241218:nNRAuua97r:0,NS:GLOROU,CABK.MC
2024-12-17 23:32:10.503,CaixaBank slumps 12% in past 3 months,urn:newsml:newsroom:20241217:nNRAuu8392:0,NS:GLOROU,CABK.MC
2024-12-17 11:08:28.327,How Banco Bilbao Vizcaya Argentaria's dividend compares to CaixaBank,urn:newsml:newsroom:20241217:nNRAutzd7s:0,NS:GLOSTO,CABK.MC
2024-12-17 09:08:21.096,How CaixaBank's dividend compares to Banco Bilbao Vizcaya Argentaria,urn:newsml:newsroom:20241217:nNRAutxrx2:0,NS:GLOSTO,CABK.MC
2024-12-17 07:37:38.710,CaixaBank slumps 11% in past 3 months,urn:newsml:newsroom:20241217:nNRAutwrrc:0,NS:GLOROU,CABK.MC
2024-12-17 06:13:24.679,"Telefónica, CaixaBank and 100 other companies pay 997 million euros to the SEPE for dismissing people over 50 years of age",urn:newsml:newsroom:20241217:nNRAutvqub:0,NS:NOTENG,CABK.MC
2024-12-17 03:37:11.410,CaixaBank slumps 11% in past 3 months,urn:newsml:newsroom:20241217:nNRAutui6u:0,NS:GLOROU,CABK.MC
2024-12-16 23:32:28.295,CaixaBank slumps 11% in past 3 months,urn:newsml:newsroom:20241216:nNRAutsqt0:0,NS:GLOROU,CABK.MC
2024-12-16 10:07:38.988,Banco Bilbao Vizcaya Argentaria continues to outperform CaixaBank by 10.6% in the past three months,urn:newsml:newsroom:20241216:nNRAutjjy2:0,NS:GLOSTO,CABK.MC
2024-12-16 07:13:10.225,CaixaBank continues to underperform Banco Bilbao Vizcaya Argentaria by 10.6% in the past three months,urn:newsml:newsroom:20241216:nNRAuthvgq:0,NS:GLOSTO,CABK.MC
2024-12-15 13:07:30.486,CaixaBank ADR soars 42% in 2024,urn:newsml:newsroom:20241215:nNRAutc5ac:0,NS:GLOROU,CABK.MC
2024-12-15 07:07:29.144,CaixaBank ADR soars 42% in 2024,urn:newsml:newsroom:20241215:nNRAuta1ko:0,NS:GLOROU,CABK.MC
2024-12-14 07:37:02.580,CaixaBank slumps 11% in past 3 months,urn:newsml:newsroom:20241214:nNRAut1m5w:0,NS:GLOROU,CABK.MC
2024-12-14 04:07:20.871,CaixaBank ADR soars 42% in 2024,urn:newsml:newsroom:20241214:nNRAut07g9:0,NS:GLOROU,CABK.MC
2024-12-14 03:57:34.762,Weekly: CaixaBank ADR (CAIXY: OTC: $1.78) drops 3.0% on strong volume; -5.5c [3.0%] Vol Index 2.7 [1 is avg],urn:newsml:newsroom:20241214:nNRAut05bl:0,NS:GLOROU,CABK.MC
2024-12-14 03:37:02.714,CaixaBank slumps 11% in past 3 months,urn:newsml:newsroom:20241214:nNRAut009n:0,NS:GLOROU,CABK.MC
2024-12-13 23:32:00.480,CaixaBank slumps 11% in past 3 months,urn:newsml:newsroom:20241213:nNRAusygir:0,NS:GLOROU,CABK.MC
2024-12-13 17:52:13.425,"German trading: CaixaBank (48CA: EUR5.21) inches higher, resistance at 12-day EMA; +5c [1.0%]",urn:newsml:newsroom:20241213:nNRAusv7xy:0,NS:GERCOM,CABK.MC
2024-12-13 16:47:36.755,"CaixaBank (CABK: EUR5.21) inches higher, resistance at 12-day EMA; +5c [1.0%]",urn:newsml:newsroom:20241213:nNRAusu0tv:0,NS:GLOSTO,CABK.MC
2024-12-13 14:12:59.000,LIVE MARKETS-What could trigger a re-rating of cheap European banks?,urn:newsml:reuters.com:20241213:nL4N3NE0RZ:3,NS:RTRS,CABK.MC
2024-12-13 10:32:11.608,CaixaBank informs the Shareholders' Advisory Committee about the basic pillars of the 2025-2027 Strategic Plan,urn:newsml:newsroom:20241213:nNRAusoy26:0,NS:INDBAN,CABK.MC
2024-12-13 07:39:20.025,CaixaBank slumps 12% in past 3 months,urn:newsml:newsroom:20241213:nNRAusn059:0,NS:GLOROU,CABK.MC
2024-12-13 03:45:24.511,On Friday 13th of December Caixabank trades -2.44 percent lower,urn:newsml:newsroom:20241213:nNRAuskuus:0,NS:STOCKP,CABK.MC
2024-12-13 03:37:12.875,CaixaBank slumps 12% in past 3 months,urn:newsml:newsroom:20241213:nNRAuskt0c:0,NS:GLOROU,CABK.MC
2024-12-12 23:32:14.736,CaixaBank slumps 12% in past 3 months,urn:newsml:newsroom:20241212:nNRAusj4a5:0,NS:GLOROU,CABK.MC
2024-12-12 07:37:32.742,CaixaBank tumbles 7% in past 3 months,urn:newsml:newsroom:20241212:nNRAus83nt:0,NS:GLOROU,CABK.MC
2024-12-12 06:30:00.000,"Income inequality is decreasing in Spain, according to a report by CaixaBank Research",urn:newsml:newsroom:20241230:nNRAuy3rca:0,NS:INDBAN,CABK.MC
2024-12-12 03:37:09.681,CaixaBank tumbles 7% in past 3 months,urn:newsml:newsroom:20241212:nNRAus5t92:0,NS:GLOROU,CABK.MC
2024-12-11 23:32:13.156,CaixaBank tumbles 7% in past 3 months,urn:newsml:newsroom:20241211:nNRAus3wtt:0,NS:GLOROU,CABK.MC
2024-12-11 19:12:42.438,CaixaBank/BPI raises target price for Mota-Engil shares to 5.65 euros,urn:newsml:newsroom:20241211:nNRAus1pib:0,NS:NOTENG,CABK.MC
2024-12-11 07:37:30.851,CaixaBank falls 7% in past 3 months,urn:newsml:newsroom:20241211:nNRAurshmi:0,NS:GLOROU,CABK.MC
2024-12-11 03:37:16.272,CaixaBank falls 7% in past 3 months,urn:newsml:newsroom:20241211:nNRAurq4ue:0,NS:GLOROU,CABK.MC
2024-12-10 23:32:23.357,CaixaBank falls 7% in past 3 months,urn:newsml:newsroom:20241210:nNRAuroecp:0,NS:GLOROU,CABK.MC
2024-12-10 11:57:31.060,CaixaBank decreases 4% in past 3 months,urn:newsml:newsroom:20241210:nNRAurg0u8:0,NS:GLOROU,CABK.MC
2024-12-10 07:57:36.032,CaixaBank decreases 4% in past 3 months,urn:newsml:newsroom:20241210:nNRAurd931:0,NS:GLOROU,CABK.MC
2024-12-10 03:52:40.316,CaixaBank decreases 4% in past 3 months,urn:newsml:newsroom:20241210:nNRAurb4q2:0,NS:GLOROU,CABK.MC
2024-12-09 11:37:40.063,"Monthly: CaixaBank ADR (CAIXY: $1.78) plunges 11%, 2 months' volume in a month",urn:newsml:newsroom:20241209:nNRAur0whs:0,NS:GLOROU,CABK.MC
2024-12-09 10:07:15.720,Banco Bilbao Vizcaya Argentaria continues to outperform CaixaBank by 6.0% in the past month,urn:newsml:newsroom:20241209:nNRAuqzhb9:0,NS:GLOSTO,CABK.MC
2024-12-09 07:07:13.510,CaixaBank continues to underperform Banco Bilbao Vizcaya Argentaria by 6.0% in the past month,urn:newsml:newsroom:20241209:nNRAuqxppq:0,NS:GLOSTO,CABK.MC
2024-12-07 14:13:23.331,CaixaBank decreases 5% in past 3 months,urn:newsml:newsroom:20241207:nNRAuqmymu:0,NS:GLOROU,CABK.MC
2024-12-07 07:57:03.468,CaixaBank decreases 5% in past 3 months,urn:newsml:newsroom:20241207:nNRAuqkcrl:0,NS:GLOROU,CABK.MC
2024-12-07 04:02:57.099,"Weekly: CaixaBank ADR (CAIXY: OTC: $1.84) lifts 3.4%, 3 weeks' volume in a week",urn:newsml:newsroom:20241207:nNRAuqiiog:0,NS:GLOROU,CABK.MC
2024-12-07 04:02:30.472,Weekly: CaixaBank ADR (CAIXY: OTC: $1.84) lifts 3.4% on strong volume; +6c [3.4%] Vol Index 2.5 [1 is avg],urn:newsml:newsroom:20241207:nNRAuqijbv:0,NS:GLOROU,CABK.MC
2024-12-07 03:52:28.920,CaixaBank decreases 5% in past 3 months,urn:newsml:newsroom:20241207:nNRAuqig5i:0,NS:GLOROU,CABK.MC
2024-12-06 17:23:23.263,CaixaBank ADR (CAIXY: $1.85) falls 1.6%; -3c [-1.6%],urn:newsml:newsroom:20241206:nNRAuqc9qd:0,NS:GLOROU,CABK.MC
2024-12-06 14:13:09.000,"Novo Banco shareholders agree to unblock dividends, pave way for sale",urn:newsml:reuters.com:20241206:nL5N3N70RO:2,NS:RTRS,CABK.MC
2024-12-06 13:49:10.608,Friday's Preview: Can CaixaBank continue its recent gains?,urn:newsml:newsroom:20241206:nNRAuq9svj:0,NS:GLOROU,CABK.MC
2024-12-06 12:08:58.168,CaixaBank decreases 4% in past 3 months,urn:newsml:newsroom:20241206:nNRAuq8jad:0,NS:GLOROU,CABK.MC
2024-12-06 10:08:32.542,Can CaixaBank continue its gains?,urn:newsml:newsroom:20241206:nNRAuq713v:0,NS:GLOROU,CABK.MC
2024-12-06 09:17:42.468,CaixaBank decreases 4% in past 3 months,urn:newsml:newsroom:20241206:nNRAuq6h1s:0,NS:GLOROU,CABK.MC
2024-12-06 04:07:49.381,CaixaBank decreases 4% in past 3 months,urn:newsml:newsroom:20241206:nNRAuq41u1:0,NS:GLOROU,CABK.MC
2024-12-05 18:22:20.894,CaixaBank ADR (CAIXY: $1.88) jumps 5.0%; +9c [5.0%],urn:newsml:newsroom:20241205:nNRAuq0nwo:0,NS:GLOROU,CABK.MC
2024-12-05 17:22:26.760,CaixaBank ADR (CAIXY: $1.89) surges 5.6%; +10c [5.6%],urn:newsml:newsroom:20241205:nNRAupzwn1:0,NS:GLOROU,CABK.MC
2024-12-05 16:52:17.562,Past Week: CaixaBank (CABK: EUR5.39) climbs 5% on weak volume; +28c [5.5%],urn:newsml:newsroom:20241205:nNRAupznim:0,NS:GLOSTO,CABK.MC
2024-12-05 16:47:30.965,CaixaBank (CABK: EUR5.39) gains 3.5% after finding support; +18c [3.5%],urn:newsml:newsroom:20241205:nNRAupzlyh:0,NS:GLOSTO,CABK.MC
2024-12-05 16:42:32.628,CaixaBank ADR (CAIXY: $1.87) jumps 4.5% on average volume; +8c [4.5%],urn:newsml:newsroom:20241205:nNRAupziws:0,NS:GLOROU,CABK.MC
2024-12-05 03:52:32.743,CaixaBank falls 7% in past 3 months,urn:newsml:newsroom:20241205:nNRAupps50:0,NS:GLOROU,CABK.MC
2024-12-05 02:42:05.834,Fitch upgrades CaixaBank's rating from 'BBB+' to 'A-' with 'stable' outlook,urn:newsml:newsroom:20241205:nNRAuppc12:0,NS:CENAFT,CABK.MC
2024-12-05 00:00:00.000,Fitch Upgrades CaixaBank to 'A-'; Outlook Stable,urn:newsml:newsroom:20250109:nNRAv1jv1j:0,NS:PLUCOM,CABK.MC
2024-12-04 17:13:33.650,Fitch upgrades CaixaBank's credit rating to A-,urn:newsml:newsroom:20241204:nNRAupkppf:0,NS:NOTENG,CABK.MC
2024-12-04 16:47:25.237,CaixaBank (CABK: EUR5.21) price 6.0% below VWAP; -1c [0.2%],urn:newsml:newsroom:20241204:nNRAupkd5z:0,NS:GLOSTO,CABK.MC
2024-12-04 13:47:02.656,Wednesday's Preview: Can CaixaBank continue its recent gains?,urn:newsml:newsroom:20241204:nNRAupiedu:0,NS:GLOROU,CABK.MC
2024-12-04 11:57:32.116,CaixaBank falls 6% in past 3 months,urn:newsml:newsroom:20241204:nNRAupgsqo:0,NS:GLOROU,CABK.MC
2024-12-04 10:07:12.372,Can CaixaBank continue its gains?,urn:newsml:newsroom:20241204:nNRAupfgxa:0,NS:GLOROU,CABK.MC
2024-12-04 07:57:18.602,CaixaBank falls 6% in past 3 months,urn:newsml:newsroom:20241204:nNRAupdw93:0,NS:GLOROU,CABK.MC
2024-12-04 06:30:00.000,Fitch Upgrades CaixaBank to 'A-'; Outlook Stable,urn:newsml:newsroom:20241227:nNRAuxhlcy:0,NS:INDBAN,CABK.MC
2024-12-04 03:52:37.100,CaixaBank falls 6% in past 3 months,urn:newsml:newsroom:20241204:nNRAupbd9u:0,NS:GLOROU,CABK.MC
2024-12-03 21:52:40.097,"Monthly: CaixaBank ADR (CAIXY: $1.78) plunges 11%, 2 months' volume in a month",urn:newsml:newsroom:20241203:nNRAup8b6y:0,NS:GLOROU,CABK.MC
2024-12-03 17:07:25.952,How CaixaBank's Tax Rate compares to Its Peers,urn:newsml:newsroom:20241203:nNRAup4zxa:0,NS:GLOSTO,CABK.MC
2024-12-03 16:47:31.375,CaixaBank (CABK: EUR5.22) offers dividend yield of 10.4%; +7c [1.4%],urn:newsml:newsroom:20241203:nNRAup4osy:0,NS:GLOSTO,CABK.MC
2024-12-03 13:47:05.679,Tuesday's Preview: Can CaixaBank continue its recent gains?,urn:newsml:newsroom:20241203:nNRAup22e3:0,NS:GLOROU,CABK.MC
2024-12-03 11:57:30.169,CaixaBank slumps 12% in past 3 months,urn:newsml:newsroom:20241203:nNRAup0ht1:0,NS:GLOROU,CABK.MC
2024-12-03 11:08:04.109,How Banco Bilbao Vizcaya Argentaria's dividend compares to CaixaBank,urn:newsml:newsroom:20241203:nNRAuoztn0:0,NS:GLOSTO,CABK.MC
2024-12-03 10:07:09.123,Can CaixaBank continue its gains?,urn:newsml:newsroom:20241203:nNRAuoz28f:0,NS:GLOROU,CABK.MC
2024-12-03 09:08:14.127,How CaixaBank's dividend compares to Banco Bilbao Vizcaya Argentaria,urn:newsml:newsroom:20241203:nNRAuoxtal:0,NS:GLOSTO,CABK.MC
2024-12-03 07:58:21.780,CaixaBank slumps 12% in past 3 months,urn:newsml:newsroom:20241203:nNRAuoukgt:0,NS:GLOROU,CABK.MC
2024-12-03 03:52:23.762,CaixaBank slumps 12% in past 3 months,urn:newsml:newsroom:20241203:nNRAuokcct:0,NS:GLOROU,CABK.MC
2024-12-02 16:57:41.534,CaixaBank (CABK: EUR5.15) decreases; -2c [0.4%],urn:newsml:newsroom:20241202:nNRAunu4lb:0,NS:GLOSTO,CABK.MC
2024-12-02 11:37:27.053,"Monthly: CaixaBank ADR (CAIXY: $1.78) slides 11%, 2 months' volume in a month",urn:newsml:newsroom:20241202:nNRAunfkd9:0,NS:GLOROU,CABK.MC
2024-12-02 07:19:09.726,"Monthly: CaixaBank ADR (CAIXY: $1.78) slides 11%, 2 months' volume in a month",urn:newsml:newsroom:20241202:nNRAun54na:0,NS:GLOROU,CABK.MC
2024-12-02 07:10:18.682,CaixaBank continues to outperform Banco Bilbao Vizcaya Argentaria by 29.9% year to date,urn:newsml:newsroom:20241202:nNRAun4e7c:0,NS:GLOSTO,CABK.MC
2024-12-02 06:18:13.339,From Carranza to Alcaraz: keys to Santander's offensive in private banking against Caixa,urn:newsml:newsroom:20241202:nNRAun33ct:0,NS:NOTENG,CABK.MC
2024-11-30 16:47:41.420,"Monthly: CaixaBank ADR (CAIXY: $1.78) plunges 11%, 2 months' volume in a month",urn:newsml:newsroom:20241130:nNRAumrqmk:0,NS:GLOROU,CABK.MC
2024-11-30 16:32:40.243,"Weekly: CaixaBank ADR (CAIXY: OTC: $1.78) slides 6.3%, 2 weeks' volume in a week",urn:newsml:newsroom:20241130:nNRAumrmj9:0,NS:GLOROU,CABK.MC
2024-11-30 16:32:30.956,Weekly: CaixaBank ADR (CAIXY: OTC: $1.78) keeps sliding: down 21% in 4 weeks; -12c [6.3%] Vol Index 2.4 [1 is avg],urn:newsml:newsroom:20241130:nNRAumrlxd:0,NS:GLOROU,CABK.MC
2024-11-30 14:24:39.839,CaixaBank tumbles 11% in past 3 months,urn:newsml:newsroom:20241130:nNRAumqydz:0,NS:GLOROU,CABK.MC
2024-11-30 09:27:26.071,CaixaBank tumbles 11% in past 3 months,urn:newsml:newsroom:20241130:nNRAumpane:0,NS:GLOROU,CABK.MC
2024-11-30 05:27:26.637,CaixaBank tumbles 11% in past 3 months,urn:newsml:newsroom:20241130:nNRAumnfyw:0,NS:GLOROU,CABK.MC
2024-11-30 05:22:19.946,CaixaBank tumbles 11% in past 3 months,urn:newsml:newsroom:20241130:nNRAumnav4:0,NS:GLOROU,CABK.MC
2024-11-29 19:22:50.421,CaixaBank slumps 12% in past 3 months,urn:newsml:newsroom:20241129:nNRAumjbxh:0,NS:GLOROU,CABK.MC
2024-11-29 16:52:23.939,CaixaBank (CABK: EUR5.17) in top 2% performers of IBEX 35 Index; +6c [1.2%],urn:newsml:newsroom:20241129:nNRAumhakj:0,NS:GLOSTO,CABK.MC
2024-11-29 15:27:10.506,CaixaBank slumps 12% in past 3 months,urn:newsml:newsroom:20241129:nNRAumg04t:0,NS:GLOROU,CABK.MC
2024-11-29 10:10:28.094,"(EN) CaixaBank, S.A. Compliance (81373879)",urn:newsml:reuters.com:20241129:nGLF3K9fHS:2,NS:GLFILE,CABK.MC
2024-11-29 06:13:04.192,The judge declares BeDisruptive's bankruptcy proceedings,urn:newsml:newsroom:20241129:nNRAum7wb6:0,NS:NOTENG,CABK.MC
2024-11-28 16:52:03.063,Past Week: CaixaBank (CABK: EUR5.11) in bottom 2% performers of IBEX 35 Index in past week; -36c [-6.6%],urn:newsml:newsroom:20241128:nNRAum37hb:0,NS:GLOSTO,CABK.MC
2024-11-28 16:47:18.688,CaixaBank (CABK: EUR5.11) in 2nd consecutive rise; +7c [1.4%],urn:newsml:newsroom:20241128:nNRAum37j9:0,NS:GLOSTO,CABK.MC
2024-11-28 11:17:55.386,CaixaBank slumps 12% in past 3 months,urn:newsml:newsroom:20241128:nNRAulzrfx:0,NS:GLOROU,CABK.MC
2024-11-27 16:47:31.854,CaixaBank (CABK: EUR5.10) offers dividend yield of 10.6%; +6c [1.2%],urn:newsml:newsroom:20241127:nNRAuloq9q:0,NS:GLOSTO,CABK.MC
2024-11-27 07:47:43.462,CaixaBank slumps 13% in past 3 months,urn:newsml:newsroom:20241127:nNRAulhcgc:0,NS:GLOROU,CABK.MC
2024-11-27 07:07:25.781,How CaixaBank's dividend compares to Unicaja Banco,urn:newsml:newsroom:20241127:nNRAulgtno:0,NS:GLOSTO,CABK.MC
2024-11-27 05:12:34.707,CaixaBank expects to mobilize more than 100 billion in sustainable financing through 2027,urn:newsml:newsroom:20241127:nNRAulfoqe:0,NS:NOTENG,CABK.MC
2024-11-27 03:47:07.683,CaixaBank slumps 13% in past 3 months,urn:newsml:newsroom:20241127:nNRAule9n1:0,NS:GLOROU,CABK.MC
2024-11-27 02:13:43.061,CaixaBank to mobilize 100 billion in green finance by 2027,urn:newsml:newsroom:20241127:nNRAulc8vw:0,NS:NOTENG,CABK.MC
2024-11-26 23:42:03.470,CaixaBank slumps 13% in past 3 months,urn:newsml:newsroom:20241126:nNRAulb4th:0,NS:GLOROU,CABK.MC
2024-11-26 18:22:14.377,CaixaBank ADR (CAIXY: $1.74) falls 1.2%; -2.15c [-1.2%],urn:newsml:newsroom:20241126:nNRAul8d04:0,NS:GLOROU,CABK.MC
2024-11-26 18:07:46.945,CaixaBank- 5 Reasons Investors Remain Bullish,urn:newsml:newsroom:20241126:nNRAul82mx:0,NS:GLOSTO,CABK.MC
2024-11-26 17:07:20.622,How CaixaBank's Tax Rate compares to Its Peers,urn:newsml:newsroom:20241126:nNRAul785p:0,NS:GLOSTO,CABK.MC
2024-11-26 16:47:31.760,"CaixaBank (CABK: EUR5.04) keeps sliding, down 7.9% in 3 days; -43c [7.9%]",urn:newsml:newsroom:20241126:nNRAul6xnz:0,NS:GLOSTO,CABK.MC
2024-11-26 16:42:36.314,CaixaBank ADR (CAIXY: $1.74) in 4th consecutive fall; -2.15c [-1.2%],urn:newsml:newsroom:20241126:nNRAul6u8g:0,NS:GLOROU,CABK.MC
2024-11-26 16:07:59.780,CaixaBank continues to underperform Unicaja Banco by 18.7% in the past month,urn:newsml:newsroom:20241126:nNRAul6e4m:0,NS:GLOSTO,CABK.MC
2024-11-26 15:15:56.000,Head of Santander's Portuguese arm says Novo Banco could be of interest,urn:newsml:reuters.com:20241126:nL5N3MX1BO:2,NS:RTRS,CABK.MC
2024-11-26 15:08:12.634,CaixaBank Continues to Underperform its Peers,urn:newsml:newsroom:20241126:nNRAul5j0l:0,NS:GLOSTO,CABK.MC
2024-11-26 11:08:03.156,How CaixaBank's dividend compares to Bankinter,urn:newsml:newsroom:20241126:nNRAul1s6z:0,NS:GLOSTO,CABK.MC
2024-11-26 11:08:03.082,How Banco Bilbao Vizcaya Argentaria's dividend compares to CaixaBank,urn:newsml:newsroom:20241126:nNRAul1thv:0,NS:GLOSTO,CABK.MC
2024-11-26 10:08:02.507,How CaixaBank's dividend compares to Banco de Sabadell,urn:newsml:newsroom:20241126:nNRAul13q5:0,NS:GLOSTO,CABK.MC
2024-11-26 09:07:54.353,How CaixaBank's dividend compares to Banco Bilbao Vizcaya Argentaria,urn:newsml:newsroom:20241126:nNRAul0b7n:0,NS:GLOSTO,CABK.MC
2024-11-26 09:06:10.000,CaixaBank SA - CaixaBank’s Management Committee appoints Marta Alonso as new General Manager of its OpenWealth subsidiary,urn:newsml:reuters.com:20241126:nNDL187r45:1,NS:PUBT,CABK.MC
2024-11-26 08:09:17.387,How CaixaBank's dividend compares to Banco Santander,urn:newsml:newsroom:20241126:nNRAukzioz:0,NS:GLOSTO,CABK.MC
2024-11-26 07:37:09.639,CaixaBank tumbles 10% in past 3 months,urn:newsml:newsroom:20241126:nNRAukz3vh:0,NS:GLOROU,CABK.MC
2024-11-26 07:37:05.906,Caixabank (CABK.MC) is trading -4.32 percent lower on Tuesday 26th of November and has a trading volume of EUR 80.7 mn,urn:newsml:newsroom:20241126:nNRAukz3v0:0,NS:STOCKP,CABK.MC
2024-11-26 07:08:35.320,How CaixaBank's dividend compares to Its Peers,urn:newsml:newsroom:20241126:nNRAukyoc0:0,NS:GLOSTO,CABK.MC
2024-11-26 03:36:56.003,CaixaBank tumbles 10% in past 3 months,urn:newsml:newsroom:20241126:nNRAukwdld:0,NS:GLOROU,CABK.MC
2024-11-25 23:32:05.110,CaixaBank tumbles 10% in past 3 months,urn:newsml:newsroom:20241125:nNRAukum8h:0,NS:GLOROU,CABK.MC
2024-11-25 18:22:23.452,CaixaBank ADR (CAIXY: $1.77) falls 1.7%; -3c [-1.7%],urn:newsml:newsroom:20241125:nNRAukrvms:0,NS:GLOROU,CABK.MC
2024-11-25 17:22:15.159,"CaixaBank ADR (CAIXY: $1.77) keeps sliding, down 8.8% in 3 days; -3c [-1.7%]",urn:newsml:newsroom:20241125:nNRAukqxnp:0,NS:GLOROU,CABK.MC
2024-11-25 17:13:52.369,The end of the year brings a 'shower of dividends' with major listed companies such as Telefónica and CaixaBank,urn:newsml:newsroom:20241125:nNRAukqu6z:0,NS:NOTENG,CABK.MC
2024-11-25 16:57:48.069,"CaixaBank (CABK: EUR5.15) in bottom 1% performers of IBEX 35 Index, hits 53-day low; -7c [1.3%]",urn:newsml:newsroom:20241125:nNRAukqmvt:0,NS:GLOSTO,CABK.MC
2024-11-25 16:42:31.405,CaixaBank ADR (CAIXY: $1.77) falls 1.7%; -3c [-1.7%],urn:newsml:newsroom:20241125:nNRAukqfj4:0,NS:GLOROU,CABK.MC
2024-11-25 15:32:07.385,"CaixaBank ADR (CAIXY: $1.78) keeps sliding, down 8.2% in 3 days; -2c [-1.1%]",urn:newsml:newsroom:20241125:nNRAukpg9d:0,NS:GLOROU,CABK.MC
2024-11-25 10:07:00.344,CaixaBank continues to underperform Bankinter by 4.3% in the past month,urn:newsml:newsroom:20241125:nNRAuklc7n:0,NS:GLOSTO,CABK.MC
2024-11-25 09:07:36.910,CaixaBank continues to underperform Banco Santander by 1.9% in the past month,urn:newsml:newsroom:20241125:nNRAukkpss:0,NS:GLOSTO,CABK.MC
2024-11-25 08:06:42.901,CaixaBank continues to underperform Banco de Sabadell by 2.6% in the past month,urn:newsml:newsroom:20241125:nNRAukk2dx:0,NS:GLOSTO,CABK.MC
2024-11-25 07:30:59.000,Spanish stocks - Factors to watch on Nov 25,urn:newsml:reuters.com:20241125:nL5N3MW04W:1,NS:RTRS,CABK.MC
2024-11-25 07:07:23.770,CaixaBank continues to underperform Banco Bilbao Vizcaya Argentaria by 4.3% in the past month,urn:newsml:newsroom:20241125:nNRAukjlnv:0,NS:GLOSTO,CABK.MC
2024-11-24 13:07:25.971,"CaixaBank ADR jumps 32% in 2024, outperforming 87% of the market",urn:newsml:newsroom:20241124:nNRAuke6ci:0,NS:GLOROU,CABK.MC
2024-11-24 07:07:18.859,"CaixaBank ADR jumps 32% in 2024, outperforming 87% of the market",urn:newsml:newsroom:20241124:nNRAukbt89:0,NS:GLOROU,CABK.MC
2024-11-23 07:36:59.310,CaixaBank tumbles 9% in past 3 months,urn:newsml:newsroom:20241123:nNRAuk4nsw:0,NS:GLOROU,CABK.MC
2024-11-23 05:56:51.192,Weekly: CaixaBank (CABK: EUR5.22) in bottom 2% performers of IBEX 35 Index in past week; -37c [6.6%],urn:newsml:newsroom:20241123:nNRAuk3txp:0,NS:GLOWEE,CABK.MC
2024-11-23 04:37:38.024,"CaixaBank ADR jumps 32% in 2024, outperforming 87% of the market",urn:newsml:newsroom:20241123:nNRAuk39g5:0,NS:GLOROU,CABK.MC
2024-11-23 04:32:35.641,"Weekly: CaixaBank ADR (CAIXY: OTC: $1.80) falls for a third consecutive week, a three-week fall of 20%; -16c [8.2%] Vol Index 2.7 [1 is avg]",urn:newsml:newsroom:20241123:nNRAuk37g4:0,NS:GLOROU,CABK.MC
2024-11-23 03:37:09.368,CaixaBank tumbles 9% in past 3 months,urn:newsml:newsroom:20241123:nNRAuk2vtn:0,NS:GLOROU,CABK.MC
2024-11-22 23:32:08.880,CaixaBank tumbles 9% in past 3 months,urn:newsml:newsroom:20241122:nNRAuk19tp:0,NS:GLOROU,CABK.MC
2024-11-22 18:22:18.620,CaixaBank ADR (CAIXY: $1.79) tumbles 5.8% on average volume; -11c [-5.8%],urn:newsml:newsroom:20241122:nNRAujyl6l:0,NS:GLOROU,CABK.MC
2024-11-22 16:52:27.442,Weekly: CaixaBank (CABK: EUR5.22) in bottom 2% performers of IBEX 35 Index in past week; -37c [6.6%],urn:newsml:newsroom:20241122:nNRAujx0l5:0,NS:GLOWEE,CABK.MC
2024-11-22 16:47:42.909,"CaixaBank (CABK: EUR5.22) continues significant downtrend, sinks 4.6%; -25c [4.6%]",urn:newsml:newsroom:20241122:nNRAujwxs9:0,NS:GLOSTO,CABK.MC
2024-11-22 15:32:17.517,CaixaBank ADR (CAIXY: $1.78) down 8.2% in 2 days; -12c [-6.3%],urn:newsml:newsroom:20241122:nNRAujvxc2:0,NS:GLOROU,CABK.MC
2024-11-22 09:57:32.000,UPDATE 1-Sabadell sees impact from floods in Spain manageable but will book provisions,urn:newsml:reuters.com:20241122:nL8N3MT0JH:1,NS:RTRS,CABK.MC
2024-11-22 07:37:35.616,CaixaBank dips 4% in past 3 months,urn:newsml:newsroom:20241122:nNRAujpfzo:0,NS:GLOROU,CABK.MC
2024-11-22 03:37:11.736,CaixaBank dips 4% in past 3 months,urn:newsml:newsroom:20241122:nNRAujmri3:0,NS:GLOROU,CABK.MC
2024-11-21 23:32:16.557,CaixaBank dips 4% in past 3 months,urn:newsml:newsroom:20241121:nNRAujkrox:0,NS:GLOROU,CABK.MC
2024-11-21 17:43:35.000,UPDATE 2-Spain's lower house approves tax package extending bank windfall tax,urn:newsml:reuters.com:20241121:nL1N3MS0KE:5,NS:RTRS,CABK.MC
2024-11-21 16:52:15.762,Past Week: CaixaBank (CABK: EUR5.47) down 3.0% in 2 weeks; -17c [-3.0%],urn:newsml:newsroom:20241121:nNRAujgy1d:0,NS:GLOSTO,CABK.MC
2024-11-21 16:47:29.361,CaixaBank (CABK: EUR5.47) offers dividend yield of 7.1%; +7c [1.3%],urn:newsml:newsroom:20241121:nNRAujgtp1:0,NS:GLOSTO,CABK.MC
2024-11-21 08:40:48.794,Caixabank is trading -5.27 percent lower with a volume of EUR 92.7 mn on Thursday 21st of November,urn:newsml:newsroom:20241121:nNRAuja33j:0,NS:STOCKP,CABK.MC
2024-11-21 07:37:18.347,CaixaBank strengthens 2% in past 3 months,urn:newsml:newsroom:20241121:nNRAuj96po:0,NS:GLOROU,CABK.MC
2024-11-21 03:37:09.326,CaixaBank strengthens 2% in past 3 months,urn:newsml:newsroom:20241121:nNRAuj6p0l:0,NS:GLOROU,CABK.MC
2024-11-20 23:32:14.651,CaixaBank strengthens 2% in past 3 months,urn:newsml:newsroom:20241120:nNRAuj4vgy:0,NS:GLOROU,CABK.MC
2024-11-20 20:13:37.109,CaixaBank sets business growth and transformation as the pillars of its new strategic plan,urn:newsml:reuters.com:20241120:nNRAuj3ba2:1,NS:DATMTR,CABK.MC
2024-11-20 16:47:35.062,"Past Week: CaixaBank (CABK: EUR5.40) falls for a second consecutive week, a two-week fall of 2.9%; -16c [-2.9%]",urn:newsml:newsroom:20241120:nNRAuj0y15:0,NS:GLOSTO,CABK.MC
2024-11-20 16:47:34.887,CaixaBank (CABK: EUR5.40) strengthens above moving average price; +2c [0.4%],urn:newsml:newsroom:20241120:nNRAuj0wdp:0,NS:GLOSTO,CABK.MC
2024-11-20 16:42:36.869,CaixaBank ADR (CAIXY: $1.88) drops to two-month low on high volume; -1c [-0.5%] Vol Index 1.9 [1 is avg],urn:newsml:newsroom:20241120:nNRAuj0utg:0,NS:GLOROU,CABK.MC
2024-11-20 15:32:09.329,CaixaBank ADR (CAIXY: $1.88) down 4.6% in 2 days; -1c [-0.5%] Vol Index 3.8 [1 is avg],urn:newsml:newsroom:20241120:nNRAuizvs0:0,NS:GLOROU,CABK.MC
2024-11-20 11:32:01.043,CaixaBank sets business growth and transformation as the pillars of its new Strategic Plan,urn:newsml:newsroom:20241120:nNRAuiw80p:0,NS:INDBAN,CABK.MC
2024-11-20 09:13:50.393,Tax on banks conditions CaixaBank's strategy and dividend to the State,urn:newsml:newsroom:20241120:nNRAuiumib:0,NS:NOTENG,CABK.MC
2024-11-20 07:37:11.494,CaixaBank dips 3% in past 3 months,urn:newsml:newsroom:20241120:nNRAuitmbv:0,NS:GLOROU,CABK.MC
2024-11-20 07:07:43.897,How CaixaBank's dividend compares to Unicaja Banco,urn:newsml:newsroom:20241120:nNRAuit3ss:0,NS:GLOSTO,CABK.MC
2024-11-20 06:12:12.977,CaixaBank expects to double its growth by 2027 and with a profitability above 15%.,urn:newsml:newsroom:20241120:nNRAuis527:0,NS:NOTENG,CABK.MC
2024-11-20 03:37:08.099,CaixaBank dips 3% in past 3 months,urn:newsml:newsroom:20241120:nNRAuiquvf:0,NS:GLOROU,CABK.MC
2024-11-20 03:14:14.739,"CaixaBank to increase its workforce by 2,000 employees and aims to attract 800,000 new customers by 2027",urn:newsml:newsroom:20241120:nNRAuiqr19:0,NS:NOTENG,CABK.MC
2024-11-19 23:32:16.776,CaixaBank dips 3% in past 3 months,urn:newsml:newsroom:20241119:nNRAuip1be:0,NS:GLOROU,CABK.MC
2024-11-19 22:12:28.883,"Spanish CaixaBank forecasts lower profitability over the next three years, and shares fall 5%",urn:newsml:newsroom:20241119:nNRAuioe00:0,NS:NOTENG,CABK.MC
2024-11-19 18:12:37.264,CaixaBank expects growth to double by 2027 and profitability to exceed 15%.,urn:newsml:newsroom:20241119:nNRAuim8jh:0,NS:NOTENG,CABK.MC
2024-11-19 17:07:18.697,CaixaBank- 5 Reasons Investors Remain Bullish,urn:newsml:newsroom:20241119:nNRAuilcr3:0,NS:GLOSTO,CABK.MC
2024-11-19 16:47:55.737,"November 19, 2024: BeyondBond, Inc.: Caixabank sees ROTE falling to average 15% over three years",urn:newsml:newsroom:20241119:nNRAuil2hh:0,NS:NEWBIH,CABK.MC
2024-11-19 16:47:32.399,CaixaBank (CABK: EUR5.38) in bottom 2% performers of IBEX 35 Index; -29c [5.1%],urn:newsml:newsroom:20241119:nNRAuil22d:0,NS:GLOSTO,CABK.MC
2024-11-19 16:08:18.613,How CaixaBank's Tax Rate compares to Its Peers,urn:newsml:newsroom:20241119:nNRAuikjdc:0,NS:GLOSTO,CABK.MC
2024-11-19 15:13:17.457,Commissions and more loans: Caixabank's plan to raise profitability above 15% by 2027,urn:newsml:newsroom:20241119:nNRAuijg1r:0,NS:NOTENG,CABK.MC
2024-11-19 15:13:14.598,Market punishes CaixaBank for lack of clarity in dividend distribution,urn:newsml:newsroom:20241119:nNRAuijfpv:0,NS:NOTENG,CABK.MC
2024-11-19 15:08:31.580,CaixaBank continues to outperform Unicaja Banco by 12.7% year to date,urn:newsml:newsroom:20241119:nNRAuijd3e:0,NS:GLOSTO,CABK.MC
2024-11-19 14:41:26.556,The market punishes CaixaBank after its Strategic Plan: these are the reasons why,urn:newsml:newsroom:20241119:nNRAuij6t6:0,NS:CENAFT,CABK.MC
2024-11-19 14:11:43.159,CaixaBank expects to double its growth and its profitability to exceed 16% by 2027 in its strategic plan for the next three years,urn:newsml:newsroom:20241119:nNRAuiir87:0,NS:NOTENG,CABK.MC
2024-11-19 13:53:37.000,"Caixabank will work with Angola to help take BFA public, CEO says",urn:newsml:reuters.com:20241119:nL8N3MQ182:3,NS:RTRS,CABK.MC
2024-11-19 12:36:33.827,"Caixabank Is Not Planning Major Staff Cuts Nor Branches Closures In New Strategy, CEO Says",urn:newsml:reuters.com:20241119:nRSD3SVkwd:1,NS:SIGDEV,CABK.MC
2024-11-19 12:23:39.000,"BRIEF-Caixabank Is Not Planning Major Staff Cuts Nor Branches Closures In New Strategy, CEO Says",urn:newsml:reuters.com:20241119:nS0N3G0020:1,NS:RTRS,CABK.MC
2024-11-19 11:12:34.427,CaixaBank expects to exceed 16% profitability and double its growth by 2027,urn:newsml:newsroom:20241119:nNRAuig18d:0,NS:NOTENG,CABK.MC
2024-11-19 11:11:29.240,CaixaBank wants BPI to grow above 4% over the next three years,urn:newsml:newsroom:20241119:nNRAuig0rt:0,NS:NOTENG,CABK.MC
2024-11-19 11:08:29.049,How CaixaBank's dividend compares to Bankinter,urn:newsml:newsroom:20241119:nNRAuifzz2:0,NS:GLOSTO,CABK.MC
2024-11-19 11:08:28.960,How Banco Bilbao Vizcaya Argentaria's dividend compares to CaixaBank,urn:newsml:newsroom:20241119:nNRAuifzyz:0,NS:GLOSTO,CABK.MC
2024-11-19 10:50:21.175,Caixabank's CEO: Our Three-Year Strategy Assumes There Will Be A Banking Tax,urn:newsml:reuters.com:20241119:nRSD7QsZLf:1,NS:SIGDEV,CABK.MC
2024-11-19 10:37:46.000,BRIEF-Caixabank's CEO: Our Three-Year Strategy Assumes There Will Be A Banking Tax,urn:newsml:reuters.com:20241119:nS0N3G001Y:1,NS:RTRS,CABK.MC
2024-11-19 10:32:00.359,CaixaBank sees business growth and transformation as pillars of its new Strategic Plan,urn:newsml:newsroom:20241119:nNRAuifhih:0,NS:INDBAN,CABK.MC
2024-11-19 10:20:59.000,UPDATE 3-Caixabank sets out plan to maintain profitability as interest rates fall,urn:newsml:reuters.com:20241119:nL8N3MQ066:6,NS:RTRS,CABK.MC
2024-11-19 10:12:34.485,CaixaBank expects to grow more in Portugal than in recent years - but without buying other banks,urn:newsml:newsroom:20241119:nNRAuif9yg:0,NS:NOTENG,CABK.MC
2024-11-19 10:08:05.097,How CaixaBank's dividend compares to Banco de Sabadell,urn:newsml:newsroom:20241119:nNRAuif6r5:0,NS:GLOSTO,CABK.MC
2024-11-19 10:06:26.660,Caixabank Says Is Not Planning Any Inorganic Growth In Three-Year Strategy,urn:newsml:reuters.com:20241119:nRSDZvGzq:1,NS:SIGDEV,CABK.MC
2024-11-19 09:58:24.000,BRIEF-Caixabank Says Is Not Planning Any Inorganic Growth In Three-Year Strategy,urn:newsml:reuters.com:20241119:nS0N3G001X:1,NS:RTRS,CABK.MC
2024-11-19 09:47:47.762,"Caixabank's CEO: As Soon As We Are Above Our Capital Targets, We Would Consider Buybacks",urn:newsml:reuters.com:20241119:nRSD7mLvp7:1,NS:SIGDEV,CABK.MC
2024-11-19 09:32:04.000,"BRIEF-Caixabank's CEO: As Soon As We Are Above Our Capital Targets, We Would Consider Buybacks",urn:newsml:reuters.com:20241119:nS0N3G001E:1,NS:RTRS,CABK.MC
2024-11-19 09:13:09.529,Caixabank wants BPI to grow 4% a year in loans and deposits. Evolution in Portugal will be organic,urn:newsml:newsroom:20241119:nNRAuieg3j:0,NS:NOTENG,CABK.MC
2024-11-19 09:08:39.947,How CaixaBank's dividend compares to Banco Bilbao Vizcaya Argentaria,urn:newsml:newsroom:20241119:nNRAuiedzj:0,NS:GLOSTO,CABK.MC
2024-11-19 08:13:44.890,CaixaBank expects its growth rate to double by 2027 and profitability to exceed 15%.,urn:newsml:newsroom:20241119:nNRAuidnja:0,NS:NOTENG,CABK.MC
2024-11-19 08:13:41.462,CaixaBank forecasts 4% growth in lending to maintain its revenue volume until 2027,urn:newsml:newsroom:20241119:nNRAuidnj5:0,NS:NOTENG,CABK.MC
2024-11-19 08:13:25.609,CaixaBank expects a return of 16% and to distribute 60% of profit until 2027,urn:newsml:newsroom:20241119:nNRAuidohf:0,NS:NOTENG,CABK.MC
2024-11-19 08:09:25.246,How CaixaBank's dividend compares to Banco Santander,urn:newsml:newsroom:20241119:nNRAuidkb2:0,NS:GLOSTO,CABK.MC
2024-11-19 07:52:13.891,CaixaBank strengthens 3% in past 3 months,urn:newsml:newsroom:20241119:nNRAuidcr3:0,NS:GLOROU,CABK.MC
2024-11-19 07:38:40.000,Spanish stocks - Factors to watch on Nov 19,urn:newsml:reuters.com:20241119:nL8N3MQ0AL:1,NS:RTRS,CABK.MC
2024-11-19 07:13:59.904,Caixabank expects to accelerate growth to 2027 and raise profitability to over 16%.,urn:newsml:newsroom:20241119:nNRAuicyey:0,NS:NOTENG,CABK.MC
2024-11-19 07:07:57.611,How CaixaBank's dividend compares to Its Peers,urn:newsml:newsroom:20241119:nNRAuicweq:0,NS:GLOSTO,CABK.MC
2024-11-19 06:19:20.019,Caixabank Aims To Keep NII Stable By End Of 2025-2027 Period,urn:newsml:reuters.com:20241119:nRSD1rMYHh:1,NS:SIGDEV,CABK.MC
2024-11-19 06:19:19.843,Caixabank Plans To Pay Out 50%-60% Of Consolidated Net Profit In Dividends In 2025-2027,urn:newsml:reuters.com:20241119:nRSD6MkYMZ:1,NS:SIGDEV,CABK.MC
2024-11-19 06:19:19.470,Caixabank Sees 2027 NII Of Above 11 Bln Euros,urn:newsml:reuters.com:20241119:nRSD49X4Dx:1,NS:SIGDEV,CABK.MC
2024-11-19 06:07:44.000,BRIEF-Caixabank Aims To Keep NII Stable By End Of 2025-2027 Period,urn:newsml:reuters.com:20241119:nS8N3JZ0AO:1,NS:RTRS,CABK.MC
2024-11-19 06:07:21.000,BRIEF-Caixabank Plans To Pay Out 50%-60% Of Consolidated Net Profit In Dividends In 2025-2027,urn:newsml:reuters.com:20241119:nS8N3JZ0AN:1,NS:RTRS,CABK.MC
2024-11-19 06:05:21.000,BRIEF-Caixabank Sees 2027 NII Of Above 11 Bln Euros,urn:newsml:reuters.com:20241119:nFWN3MQ05L:1,NS:RTRS,CABK.MC
2024-11-19 05:34:49.000,"Caixabank sees profitability at 15% in 2025-27, 16% by the end of 2027",urn:newsml:reuters.com:20241119:nL8N3ML25D:1,NS:RTRS,CABK.MC
2024-11-19 03:52:15.264,CaixaBank strengthens 3% in past 3 months,urn:newsml:newsroom:20241119:nNRAuiav1b:0,NS:GLOROU,CABK.MC
2024-11-18 23:52:13.588,CaixaBank strengthens 3% in past 3 months,urn:newsml:newsroom:20241118:nNRAui92py:0,NS:GLOROU,CABK.MC
2024-11-18 21:28:09.164,On Monday 18th of November Caixabank trades 2.07 percent higher,urn:newsml:newsroom:20241118:nNRAui7uqe:0,NS:STOCKP,CABK.MC
2024-11-18 16:47:27.028,CaixaBank (CABK: EUR5.67) in 4th consecutive rise; +22c [4.0%],urn:newsml:newsroom:20241118:nNRAui4s9y:0,NS:GLOSTO,CABK.MC
2024-11-18 10:11:08.673,CaixaBank continues to outperform Bankinter by 17.3% year to date,urn:newsml:newsroom:20241118:nNRAuhznex:0,NS:GLOSTO,CABK.MC
2024-11-18 09:09:38.937,CaixaBank continues to outperform Banco Santander by 29.2% year to date,urn:newsml:newsroom:20241118:nNRAuhz4dn:0,NS:GLOSTO,CABK.MC
2024-11-18 08:07:20.948,CaixaBank continues to underperform Banco de Sabadell by 15.9% year to date,urn:newsml:newsroom:20241118:nNRAuhylau:0,NS:GLOSTO,CABK.MC
2024-11-18 07:07:34.287,CaixaBank continues to outperform Banco Bilbao Vizcaya Argentaria by 36.5% year to date,urn:newsml:newsroom:20241118:nNRAuhy1ky:0,NS:GLOSTO,CABK.MC
2024-11-16 09:53:49.512,CaixaBank strengthens 3% in past 3 months,urn:newsml:newsroom:20241116:nNRAuhjvpv:0,NS:GLOROU,CABK.MC
2024-11-16 06:47:40.172,Weekly: CaixaBank (CABK: EUR5.59) increases 1.5% on average volume; +8c [1.5%],urn:newsml:newsroom:20241116:nNRAuhinzk:0,NS:GLOWEE,CABK.MC
2024-11-16 04:08:07.374,Weekly: CaixaBank ADR (CAIXY: OTC: $1.96) falls 5% on high volume,urn:newsml:newsroom:20241116:nNRAuhhia1:0,NS:GLOROU,CABK.MC
2024-11-16 04:07:41.180,Weekly: CaixaBank ADR (CAIXY: OTC: $1.96) falls 5% on high volume; -11c [5.3%] Vol Index 2.2 [1 is avg],urn:newsml:newsroom:20241116:nNRAuhhgi4:0,NS:GLOROU,CABK.MC
2024-11-16 03:37:03.050,CaixaBank strengthens 3% in past 3 months,urn:newsml:newsroom:20241116:nNRAuhhaal:0,NS:GLOROU,CABK.MC
2024-11-15 23:37:04.634,CaixaBank strengthens 3% in past 3 months,urn:newsml:newsroom:20241115:nNRAuhfuhq:0,NS:GLOROU,CABK.MC
2024-11-15 20:07:14.252,"Técnicas Reunidas, S.A. (TNISF) Q3 2024 Earnings Call Transcript",urn:newsml:newsroom:20241115:nNRAuhdqjd:0,NS:SEECOM,CABK.MC
2024-11-15 16:53:04.236,Weekly: CaixaBank (CABK: EUR5.59) increases 1.5% on average volume; +8c [1.5%],urn:newsml:newsroom:20241115:nNRAuhbi04:0,NS:GLOWEE,CABK.MC
2024-11-15 16:47:43.877,CaixaBank (CABK: EUR5.59) offers dividend yield of 7%; +9c [1.6%] Vol Index 1.9 [1 is avg],urn:newsml:newsroom:20241115:nNRAuhbe1r:0,NS:GLOSTO,CABK.MC
2024-11-15 07:37:07.124,CaixaBank strengthens 4% in past 3 months,urn:newsml:newsroom:20241115:nNRAuh44ar:0,NS:GLOROU,CABK.MC
2024-11-15 03:37:01.472,CaixaBank strengthens 4% in past 3 months,urn:newsml:newsroom:20241115:nNRAuh23fs:0,NS:GLOROU,CABK.MC
2024-11-15 02:51:26.086,Caixabank (CABK.MC) is trading 1.18 percent higher on Friday 15th of November and has a trading volume of EUR 35.5 mn,urn:newsml:newsroom:20241115:nNRAuh1an2:0,NS:STOCKP,CABK.MC
2024-11-14 23:37:07.798,CaixaBank strengthens 4% in past 3 months,urn:newsml:newsroom:20241114:nNRAugzu5s:0,NS:GLOROU,CABK.MC
2024-11-14 16:48:27.105,CaixaBank (CABK: EUR5.50) in 2nd consecutive rise; +5c [0.9%],urn:newsml:newsroom:20241114:nNRAugvsf4:0,NS:GLOSTO,CABK.MC
2024-11-14 08:13:53.926,BBVA defends its executive chairmanship model in light of Goirigolzarri's departure at CaixaBank,urn:newsml:newsroom:20241114:nNRAugol5d:0,NS:NOTENG,CABK.MC
2024-11-14 07:37:08.959,CaixaBank increases 5% in past 3 months,urn:newsml:newsroom:20241114:nNRAugo8cp:0,NS:GLOROU,CABK.MC
2024-11-14 07:13:43.227,"Portugal's Banco BPI earned 444 million euros through September, up 14%.",urn:newsml:newsroom:20241114:nNRAugnyf5:0,NS:NOTENG,CABK.MC
2024-11-14 03:37:08.302,CaixaBank increases 5% in past 3 months,urn:newsml:newsroom:20241114:nNRAuglgzv:0,NS:GLOROU,CABK.MC
2024-11-13 23:37:16.311,CaixaBank increases 5% in past 3 months,urn:newsml:newsroom:20241113:nNRAugjix6:0,NS:GLOROU,CABK.MC
2024-11-13 16:47:28.328,CaixaBank (CABK: EUR5.49) strengthens above moving average price; +4c [0.7%],urn:newsml:newsroom:20241113:nNRAugfkxd:0,NS:GLOSTO,CABK.MC
2024-11-13 07:37:10.196,CaixaBank gains 8% in past 3 months,urn:newsml:newsroom:20241113:nNRAug8dam:0,NS:GLOROU,CABK.MC
2024-11-13 07:07:50.859,How CaixaBank's dividend compares to Unicaja Banco,urn:newsml:newsroom:20241113:nNRAug80hr:0,NS:GLOSTO,CABK.MC
2024-11-13 03:37:02.371,CaixaBank gains 8% in past 3 months,urn:newsml:newsroom:20241113:nNRAug5906:0,NS:GLOROU,CABK.MC
2024-11-12 23:37:00.635,CaixaBank gains 8% in past 3 months,urn:newsml:newsroom:20241112:nNRAug3jpf:0,NS:GLOROU,CABK.MC
2024-11-12 17:07:50.080,CaixaBank- 5 Reasons Investors Remain Bullish,urn:newsml:newsroom:20241112:nNRAufzpoq:0,NS:GLOSTO,CABK.MC
2024-11-12 16:47:31.782,CaixaBank (CABK: EUR5.45) drops 2.0% on increasing volatility; -11c [2.0%],urn:newsml:newsroom:20241112:nNRAufzdpx:0,NS:GLOSTO,CABK.MC
2024-11-12 16:07:55.640,How CaixaBank's Tax Rate compares to Its Peers,urn:newsml:newsroom:20241112:nNRAufyth6:0,NS:GLOSTO,CABK.MC
2024-11-12 15:08:02.967,CaixaBank continues to outperform Unicaja Banco by 10.6% in the past three months,urn:newsml:newsroom:20241112:nNRAufxuk1:0,NS:GLOSTO,CABK.MC
2024-11-12 12:27:18.649,CaixaBank advances 18% in past 3 months,urn:newsml:newsroom:20241112:nNRAufv6dl:0,NS:GLOROU,CABK.MC
2024-11-12 11:08:01.388,How CaixaBank's dividend compares to Bankinter,urn:newsml:newsroom:20241112:nNRAufuam5:0,NS:GLOSTO,CABK.MC
2024-11-12 11:08:00.477,How Banco Bilbao Vizcaya Argentaria's dividend compares to CaixaBank,urn:newsml:newsroom:20241112:nNRAufubjs:0,NS:GLOSTO,CABK.MC
2024-11-12 10:08:01.073,How CaixaBank's dividend compares to Banco de Sabadell,urn:newsml:newsroom:20241112:nNRAuftrra:0,NS:GLOSTO,CABK.MC
2024-11-12 09:08:04.395,How CaixaBank's dividend compares to Banco Bilbao Vizcaya Argentaria,urn:newsml:newsroom:20241112:nNRAuft2zn:0,NS:GLOSTO,CABK.MC
2024-11-12 08:37:21.192,CaixaBank advances 18% in past 3 months,urn:newsml:newsroom:20241112:nNRAufssha:0,NS:GLOROU,CABK.MC
2024-11-12 08:14:11.900,"Tomás Muniesa, new Chairman of CaixaBank as of January 1",urn:newsml:newsroom:20241112:nNRAufsfao:0,NS:NOTENG,CABK.MC
2024-11-12 08:08:24.589,How CaixaBank's dividend compares to Banco Santander,urn:newsml:newsroom:20241112:nNRAufsbbo:0,NS:GLOSTO,CABK.MC
2024-11-12 07:08:10.803,How CaixaBank's dividend compares to Its Peers,urn:newsml:newsroom:20241112:nNRAufrn8i:0,NS:GLOSTO,CABK.MC
2024-11-12 04:18:15.118,CaixaBank advances 18% in past 3 months,urn:newsml:newsroom:20241112:nNRAufqdf1:0,NS:GLOROU,CABK.MC
2024-11-11 18:22:29.241,CaixaBank ADR (CAIXY: $2.06) down 8.0% in 2 days; -1c [-0.5%] Vol Index 2.4 [1 is avg],urn:newsml:newsroom:20241111:nNRAufltdp:0,NS:GLOROU,CABK.MC
2024-11-11 16:52:21.455,CaixaBank (CABK: EUR5.56) offers dividend yield of 7%; +5c [0.9%],urn:newsml:newsroom:20241111:nNRAufknu1:0,NS:GLOSTO,CABK.MC
2024-11-11 11:37:09.989,Monthly: CaixaBank ADR (CAIXY: $1.99) increases 2% on robust volume in October 2024,urn:newsml:newsroom:20241111:nNRAufgc97:0,NS:GLOROU,CABK.MC
2024-11-11 10:07:24.954,CaixaBank continues to outperform Bankinter by 8.2% in the past three months,urn:newsml:newsroom:20241111:nNRAuffhnt:0,NS:GLOSTO,CABK.MC
2024-11-11 09:08:08.786,CaixaBank continues to outperform Banco Santander by 0.5% in the past three months,urn:newsml:newsroom:20241111:nNRAufew5k:0,NS:GLOSTO,CABK.MC
2024-11-11 08:07:51.566,CaixaBank continues to outperform Banco de Sabadell by 8.0% in the past three months,urn:newsml:newsroom:20241111:nNRAufe9zg:0,NS:GLOSTO,CABK.MC
2024-11-11 07:13:59.338,"CaixaBank Compendium - A Snapshot as of November 08, 2024",urn:newsml:newsroom:20241111:nNRAufdnnp:0,NS:GLOSTO,CABK.MC
2024-11-11 07:08:53.565,CaixaBank continues to outperform Banco Bilbao Vizcaya Argentaria by 5.4% in the past three months,urn:newsml:newsroom:20241111:nNRAufdktt:0,NS:GLOSTO,CABK.MC
2024-11-10 13:07:29.696,"CaixaBank ADR soars 52% in 2024, beating 94% of the market",urn:newsml:newsroom:20241110:nNRAuf0050:0,NS:GLOROU,CABK.MC
2024-11-10 07:07:24.822,"CaixaBank ADR soars 52% in 2024, beating 94% of the market",urn:newsml:newsroom:20241110:nNRAuexsvw:0,NS:GLOROU,CABK.MC
2024-11-09 09:12:51.327,CaixaBank advances 20% in past 3 months,urn:newsml:newsroom:20241109:nNRAues2k9:0,NS:GLOROU,CABK.MC
2024-11-09 09:07:47.255,"Weekly: CaixaBank (CABK: EUR5.51) drops 3.3%, 2 weeks' volume in a week; -19c [3.3%] Vol Index 1.8 [1 is avg]",urn:newsml:newsroom:20241109:nNRAuerze0:0,NS:GLOWEE,CABK.MC
2024-11-09 06:32:06.480,CaixaBank makes available to small businesses EUR 24 billion in pre-conceived loans,urn:newsml:newsroom:20241109:nNRAuer2uk:0,NS:INDBAN,CABK.MC
2024-11-09 04:17:27.355,"CaixaBank ADR soars 52% in 2024, beating 94% of the market",urn:newsml:newsroom:20241109:nNRAueq3lz:0,NS:GLOROU,CABK.MC
2024-11-09 04:12:18.294,Weekly: CaixaBank ADR (CAIXY: OTC: $2.07) posts worst week in twenty-one weeks; -18c [8.0%],urn:newsml:newsroom:20241109:nNRAueq0ms:0,NS:GLOROU,CABK.MC
2024-11-09 04:07:15.494,Weekly: CaixaBank ADR (CAIXY: OTC: $2.07) sinks 8% on average volume; -18c [8.0%],urn:newsml:newsroom:20241109:nNRAuepyul:0,NS:GLOROU,CABK.MC
2024-11-09 03:42:04.140,CaixaBank advances 20% in past 3 months,urn:newsml:newsroom:20241109:nNRAuepusz:0,NS:GLOROU,CABK.MC
2024-11-08 23:37:04.239,CaixaBank advances 20% in past 3 months,urn:newsml:newsroom:20241108:nNRAueodpi:0,NS:GLOROU,CABK.MC
2024-11-08 18:07:25.977,German trading: CaixaBank (48CA: EUR5.59) decreases on high volume; -2c [0.4%] Vol Index 1.9 [1 is avg],urn:newsml:newsroom:20241108:nNRAueldlu:0,NS:GERCOM,CABK.MC
2024-11-08 16:53:05.055,"Weekly: CaixaBank (CABK: EUR5.51) drops 3.3%, 2 weeks' volume in a week; -19c [3.3%] Vol Index 1.8 [1 is avg]",urn:newsml:newsroom:20241108:nNRAuekd0x:0,NS:GLOWEE,CABK.MC
2024-11-08 16:47:46.360,CaixaBank (CABK: EUR5.51) falls 2.3%; -13c [2.3%],urn:newsml:newsroom:20241108:nNRAuek8kx:0,NS:GLOSTO,CABK.MC
2024-11-08 12:12:37.751,"VidaCaixa earns 945.8 million up to September, up 10%.",urn:newsml:newsroom:20241108:nNRAuefmff:0,NS:NOTENG,CABK.MC
2024-11-08 07:42:13.770,CaixaBank advances 21% in past 3 months,urn:newsml:newsroom:20241108:nNRAuec9m8:0,NS:GLOROU,CABK.MC
2024-11-08 03:42:44.837,CaixaBank advances 21% in past 3 months,urn:newsml:newsroom:20241108:nNRAuea01q:0,NS:GLOROU,CABK.MC
2024-11-07 23:37:14.188,CaixaBank advances 21% in past 3 months,urn:newsml:newsroom:20241107:nNRAue7t8z:0,NS:GLOROU,CABK.MC
2024-11-07 20:57:09.814,Caixabank (CABK.MC) is trading -3.7 percent lower on Thursday 7th of November and has a trading volume of EUR 84.9 mn,urn:newsml:newsroom:20241107:nNRAue6kd4:0,NS:STOCKP,CABK.MC
2024-11-07 16:47:22.188,CaixaBank (CABK: EUR5.64) lifts 1.4% strengthening above moving average price; +8c [1.4%],urn:newsml:newsroom:20241107:nNRAue3koy:0,NS:GLOSTO,CABK.MC
2024-11-07 10:06:59.546,Thursday's Preview: Can CaixaBank rebound after being down?,urn:newsml:newsroom:20241107:nNRAudxipf:0,NS:GLOROU,CABK.MC
2024-11-07 07:42:04.003,CaixaBank soars 51% in past 3 months,urn:newsml:newsroom:20241107:nNRAudvx7l:0,NS:GLOROU,CABK.MC
2024-11-07 03:42:11.505,CaixaBank soars 51% in past 3 months,urn:newsml:newsroom:20241107:nNRAudtidx:0,NS:GLOROU,CABK.MC
2024-11-06 23:37:06.100,CaixaBank soars 51% in past 3 months,urn:newsml:newsroom:20241106:nNRAudrq4p:0,NS:GLOROU,CABK.MC
2024-11-06 16:47:20.841,CaixaBank (CABK: EUR5.56) down 5.1% in 2 days; -30c [5.1%],urn:newsml:newsroom:20241106:nNRAudnh9d:0,NS:GLOSTO,CABK.MC
2024-11-06 07:07:28.176,How CaixaBank's dividend compares to Unicaja Banco,urn:newsml:newsroom:20241106:nNRAudfm97:0,NS:GLOSTO,CABK.MC
2024-11-06 06:47:28.547,CaixaBank soars 52% in past 3 months,urn:newsml:newsroom:20241106:nNRAudffzs:0,NS:GLOROU,CABK.MC
2024-11-06 02:47:16.023,CaixaBank soars 52% in past 3 months,urn:newsml:newsroom:20241106:nNRAuddffa:0,NS:GLOROU,CABK.MC
2024-11-05 22:42:30.161,CaixaBank soars 52% in past 3 months,urn:newsml:newsroom:20241105:nNRAudbczi:0,NS:GLOROU,CABK.MC
2024-11-05 19:36:26.351,With a trading volume of EUR 514.1 mn CABK.MC trades 2.85 percent higher today,urn:newsml:newsroom:20241105:nNRAud9vi7:0,NS:STOCKP,CABK.MC
2024-11-05 18:07:52.639,CaixaBank- 5 Reasons Investors Remain Bullish,urn:newsml:newsroom:20241105:nNRAud8pje:0,NS:GLOSTO,CABK.MC
2024-11-05 17:08:09.871,How CaixaBank's Tax Rate compares to Its Peers,urn:newsml:newsroom:20241105:nNRAud80d9:0,NS:GLOSTO,CABK.MC
2024-11-05 16:52:37.305,CaixaBank (CABK: EUR5.77) offers dividend yield of 6.8%; -9c [1.5%],urn:newsml:newsroom:20241105:nNRAud7qtb:0,NS:GLOSTO,CABK.MC
2024-11-05 16:07:52.643,CaixaBank continues to outperform Unicaja Banco by 5.0% in the past month,urn:newsml:newsroom:20241105:nNRAud78oa:0,NS:GLOSTO,CABK.MC
2024-11-05 15:08:04.109,CaixaBank Continues to Outperform its Peers,urn:newsml:newsroom:20241105:nNRAud6cdf:0,NS:GLOSTO,CABK.MC
2024-11-05 12:47:09.013,Tuesday's Preview: Can CaixaBank continue its recent gains?,urn:newsml:newsroom:20241105:nNRAud4ddi:0,NS:GLOROU,CABK.MC
2024-11-05 11:08:05.600,How CaixaBank's dividend compares to Bankinter,urn:newsml:newsroom:20241105:nNRAud33tm:0,NS:GLOSTO,CABK.MC
2024-11-05 11:08:04.369,How Banco Santander's dividend compares to CaixaBank,urn:newsml:newsroom:20241105:nNRAud334a:0,NS:GLOSTO,CABK.MC
2024-11-05 11:08:04.301,How Banco Bilbao Vizcaya Argentaria's dividend compares to CaixaBank,urn:newsml:newsroom:20241105:nNRAud3348:0,NS:GLOSTO,CABK.MC
2024-11-05 10:08:13.018,How CaixaBank's dividend compares to Banco de Sabadell,urn:newsml:newsroom:20241105:nNRAud2cb0:0,NS:GLOSTO,CABK.MC
2024-11-05 09:08:06.149,How CaixaBank's dividend compares to Banco Bilbao Vizcaya Argentaria,urn:newsml:newsroom:20241105:nNRAud1khj:0,NS:GLOSTO,CABK.MC
2024-11-05 08:08:59.407,How CaixaBank's dividend compares to Banco Santander,urn:newsml:newsroom:20241105:nNRAud0unt:0,NS:GLOSTO,CABK.MC
2024-11-05 07:07:49.172,How CaixaBank's dividend compares to Its Peers,urn:newsml:newsroom:20241105:nNRAud00s0:0,NS:GLOSTO,CABK.MC
2024-11-05 06:47:03.002,CaixaBank surges 36% in past 3 months,urn:newsml:newsroom:20241105:nNRAuczt9o:0,NS:GLOROU,CABK.MC
2024-11-05 02:46:55.171,CaixaBank surges 36% in past 3 months,urn:newsml:newsroom:20241105:nNRAucxmv5:0,NS:GLOROU,CABK.MC
2024-11-04 22:42:05.727,CaixaBank surges 36% in past 3 months,urn:newsml:newsroom:20241104:nNRAucw05b:0,NS:GLOROU,CABK.MC
2024-11-04 21:47:07.708,Monthly: CaixaBank ADR (CAIXY: $1.99) increases 2% on robust volume in October 2024,urn:newsml:newsroom:20241104:nNRAucvi9y:0,NS:GLOROU,CABK.MC
2024-11-04 18:12:40.161,Wave of optimism hangs over BCP. Morgan Stanley and CaixaBank raise target,urn:newsml:newsroom:20241104:nNRAucto7f:0,NS:NOTENG,CABK.MC
2024-11-04 16:52:55.225,CaixaBank (CABK: EUR5.86) offers dividend yield of 6.7%; +16c [2.8%] Vol Index 6.5 [1 is avg],urn:newsml:newsroom:20241104:nNRAucsk9k:0,NS:GLOSTO,CABK.MC
2024-11-04 15:43:50.568,Monthly: CaixaBank (CABK: EUR5.57) climbs 4% on thin volume in October 2024,urn:newsml:newsroom:20241104:nNRAucrqlc:0,NS:GLOSTP,CABK.MC
2024-11-04 13:37:13.610,Weekly: CaixaBank ADR (CAIXY: OTC: $2.25) in top 2% performers of market in past week; +34c [17.8%] Vol Index 2.1 [1 is avg],urn:newsml:newsroom:20241104:nNRAucqa5j:0,NS:GLOROU,CABK.MC
2024-11-04 12:37:19.103,Weekly: CaixaBank ADR (CAIXY: OTC: $2.25) in top 2% performers of market in past week; +34c [17.8%] Vol Index 2.1 [1 is avg],urn:newsml:newsroom:20241104:nNRAucpb7m:0,NS:GLOROU,CABK.MC
2024-11-04 10:32:16.540,With a trading volume of EUR 127.9 mn CABK.MC trades 1.82 percent higher today,urn:newsml:newsroom:20241104:nNRAucnsn7:0,NS:STOCKP,CABK.MC
2024-11-04 10:07:31.891,CaixaBank continues to outperform Bankinter by 8.8% in the past month,urn:newsml:newsroom:20241104:nNRAucniok:0,NS:GLOSTO,CABK.MC
2024-11-04 10:07:30.157,Banco Santander continues to underperform CaixaBank by 2.3% in the past month,urn:newsml:newsroom:20241104:nNRAucnkei:0,NS:GLOSTO,CABK.MC
2024-11-04 09:08:04.762,CaixaBank continues to outperform Banco Santander by 2.3% in the past month,urn:newsml:newsroom:20241104:nNRAucmvvv:0,NS:GLOSTO,CABK.MC
2024-11-04 08:12:34.438,"CaixaBank is fighting for SMEs with 24,000 million in preapproved loans",urn:newsml:newsroom:20241104:nNRAucm8wf:0,NS:NOTENG,CABK.MC
2024-11-04 08:07:22.689,CaixaBank continues to outperform Banco de Sabadell by 7.9% in the past month,urn:newsml:newsroom:20241104:nNRAucm58g:0,NS:GLOSTO,CABK.MC
2024-11-04 07:37:21.363,Weekly: CaixaBank ADR (CAIXY: OTC: $2.25) in top 2% performers of market in past week; +34c [17.8%] Vol Index 2.1 [1 is avg],urn:newsml:newsroom:20241104:nNRAuclvjh:0,NS:GLOROU,CABK.MC
2024-11-04 07:08:18.328,CaixaBank continues to outperform Banco Bilbao Vizcaya Argentaria by 7.4% in the past month,urn:newsml:newsroom:20241104:nNRAucln6e:0,NS:GLOSTO,CABK.MC
2024-11-02 07:07:07.902,"Banco Comercial Português, S.A. (BPCGF) Q3 2024 Earnings Call Transcript",urn:newsml:newsroom:20241102:nNRAuc7shv:0,NS:SEECOM,CABK.MC
2024-11-02 06:42:03.766,CaixaBank advances 17% in past 3 months,urn:newsml:newsroom:20241102:nNRAuc7n8b:0,NS:GLOROU,CABK.MC
2024-11-02 05:51:50.950,Weekly: CaixaBank (CABK: EUR5.70) gains 6% on below average volume; +34c [6.3%],urn:newsml:newsroom:20241102:nNRAuc7caf:0,NS:GLOWEE,CABK.MC
2024-11-02 03:17:27.096,Weekly: CaixaBank ADR (CAIXY: OTC: $2.25) in top 2% performers of market in past week; +34c [17.8%] Vol Index 2.1 [1 is avg],urn:newsml:newsroom:20241102:nNRAuc6br4:0,NS:GLOROU,CABK.MC
2024-11-02 03:17:24.787,Weekly: CaixaBank ADR (CAIXY: OTC: $2.25) soars 18% on high volume,urn:newsml:newsroom:20241102:nNRAuc6br3:0,NS:GLOROU,CABK.MC
2024-11-02 00:08:21.489,"Repsol, S.A. (REPYY) Q3 2024 Earnings Call Transcript",urn:newsml:newsroom:20241102:nNRAuc59g5:0,NS:SEECOM,CABK.MC
2024-11-01 22:42:25.267,CaixaBank advances 17% in past 3 months,urn:newsml:newsroom:20241101:nNRAuc4os6:0,NS:GLOROU,CABK.MC
2024-11-01 17:24:56.066,CaixaBank ADR (CAIXY: $2.0) increases ; +1c [0.5%],urn:newsml:newsroom:20241101:nNRAuc1yek:0,NS:GLOROU,CABK.MC
2024-11-01 17:07:17.797,"CaixaBank, S.A. (CAIXY) Q3 2024 Earnings Call Transcript",urn:newsml:newsroom:20241101:nNRAuc1oyg:0,NS:SEECOM,CABK.MC
2024-11-01 16:52:59.438,Weekly: CaixaBank (CABK: EUR5.70) gains 6% on below average volume; +34c [6.3%],urn:newsml:newsroom:20241101:nNRAuc1gxg:0,NS:GLOWEE,CABK.MC
2024-11-01 16:47:19.960,"CaixaBank (CABK: EUR5.70) accelerates rise, up 4.4% in 3 days; +24c [4.4%]",urn:newsml:newsroom:20241101:nNRAuc1cbk:0,NS:GLOSTO,CABK.MC
2024-11-01 16:20:01.331,On Friday 1st of November Caixabank trades 1.27 percent higher,urn:newsml:newsroom:20241101:nNRAuc0ztm:0,NS:STOCKP,CABK.MC
2024-11-01 15:42:54.016,CaixaBank ADR (CAIXY: $2.05) gains 3.0% strengthening above moving average price; +6c [3.0%] Vol Index 1.6 [1 is avg],urn:newsml:newsroom:20241101:nNRAuc0ir6:0,NS:GLOROU,CABK.MC
2024-11-01 10:37:38.239,Monthly: CaixaBank ADR (CAIXY: $1.99) increases 2% on robust volume in October 2024,urn:newsml:newsroom:20241101:nNRAubwia1:0,NS:GLOROU,CABK.MC
2024-11-01 10:08:22.217,CaixaBank continues to outperform Bankinter by 20.7% year to date,urn:newsml:newsroom:20241101:nNRAubw2bo:0,NS:GLOSTO,CABK.MC
2024-11-01 10:08:22.186,Banco Santander continues to underperform CaixaBank by 30.3% year to date,urn:newsml:newsroom:20241101:nNRAubw2bn:0,NS:GLOSTO,CABK.MC
2024-11-01 09:07:23.382,CaixaBank continues to outperform Banco Santander by 30.3% year to date,urn:newsml:newsroom:20241101:nNRAubvgbi:0,NS:GLOSTO,CABK.MC
2024-11-01 08:27:48.670,Monthly: CaixaBank (CABK: EUR5.57) lifts 4% on thin volume in October 2024,urn:newsml:newsroom:20241101:nNRAubv0z2:0,NS:GLOSTO,CABK.MC
2024-11-01 08:08:37.810,CaixaBank continues to underperform Banco de Sabadell by 11.9% year to date,urn:newsml:newsroom:20241101:nNRAubuqai:0,NS:GLOSTO,CABK.MC
2024-11-01 07:07:34.442,CaixaBank continues to outperform Banco Bilbao Vizcaya Argentaria by 38.5% year to date,urn:newsml:newsroom:20241101:nNRAubu3e2:0,NS:GLOSTO,CABK.MC
2024-11-01 06:47:07.259,CaixaBank increases 5% in past 3 months,urn:newsml:newsroom:20241101:nNRAubtvsu:0,NS:GLOROU,CABK.MC
2024-11-01 06:22:40.487,Monthly: CaixaBank ADR (CAIXY: $1.99) increases 2% on robust volume in October 2024,urn:newsml:newsroom:20241101:nNRAubtlaq:0,NS:GLOROU,CABK.MC
2024-11-01 06:07:24.689,CaixaBank SA (CAIXY) Q3 2024 Earnings Call Highlights: Strong Lending Growth and Robust Capital ...,urn:newsml:newsroom:20241101:nNRAubt9t9:0,NS:GURCOM,CABK.MC
2024-11-01 05:00:00.000,RPT-BREAKINGVIEWS-French banks’ ups and downs obscure value problem,urn:newsml:reuters.com:20241101:nL4N3M71RA:5,NS:RTRS,CABK.MC
2024-11-01 04:16:58.320,Q3 2024 Caixabank SA Earnings Call Transcript,urn:newsml:newsroom:20241101:nNRAubsm2p:0,NS:GURCOM,CABK.MC
2024-11-01 03:32:08.604,Monthly: CaixaBank ADR (CAIXY: $1.99) increases 2% on robust volume in October 2024,urn:newsml:newsroom:20241101:nNRAubsc7d:0,NS:GLOROU,CABK.MC
2024-11-01 02:47:01.170,CaixaBank increases 5% in past 3 months,urn:newsml:newsroom:20241101:nNRAubs00z:0,NS:GLOROU,CABK.MC
2024-10-31 22:42:26.624,CaixaBank increases 5% in past 3 months,urn:newsml:newsroom:20241031:nNRAubqb8e:0,NS:GLOROU,CABK.MC
2024-10-31 21:12:02.506,"Gortázar (CaixaBank): ""The banking tax enshrines discrimination"".",urn:newsml:newsroom:20241031:nNRAubppsd:0,NS:NOTENG,CABK.MC
2024-10-31 16:57:59.242,Monthly: CaixaBank (CABK: EUR5.57) climbs 4% on thin volume in October 2024,urn:newsml:newsroom:20241031:nNRAubn1hd:0,NS:GLOSTP,CABK.MC
2024-10-31 16:52:23.104,"CaixaBank (CABK: EUR5.57) accelerates rise, up 2.0% in 2 days; +11c [2.0%]",urn:newsml:newsroom:20241031:nNRAubmxg1:0,NS:GLOSTO,CABK.MC
2024-10-31 15:13:37.203,"Portugal's Banco BPI earned 444 million euros through September, up 14%.",urn:newsml:newsroom:20241031:nNRAublq9p:0,NS:NOTENG,CABK.MC
2024-10-31 15:06:59.470,"CaixaBank, S.A. reports 9M results",urn:newsml:newsroom:20241031:nNRAublm7l:0,NS:SEECOM,CABK.MC
2024-10-31 13:13:51.506,"CaixaBank earns 4,248 million up to September, up 16.1%.",urn:newsml:newsroom:20241031:nNRAubjsjt:0,NS:NOTENG,CABK.MC
2024-10-31 13:11:49.991,"CaixaBank: ""It is a tax on social work"".",urn:newsml:newsroom:20241031:nNRAubjowr:0,NS:NOTENG,CABK.MC
2024-10-31 12:35:15.000,BREAKINGVIEWS-French banks’ ups and downs obscure value problem,urn:newsml:reuters.com:20241031:nL4N3M715U:6,NS:RTRS,CABK.MC
2024-10-31 11:31:51.166,"CaixaBank earns €4.248 million through September, up 16.1% thanks to growth in activity and its financial strength",urn:newsml:newsroom:20241031:nNRAubhnbh:0,NS:INDBAN,CABK.MC
2024-10-31 11:31:50.805,José Ignacio Goirigolzarri has submitted his resignation as CaixaBank president and will be replaced by Tomás Muniesa,urn:newsml:newsroom:20241031:nNRAubhnbd:0,NS:INDBAN,CABK.MC
2024-10-31 11:31:50.776,José Ignacio Goirigolzarri has submitted his resignation as CaixaBank chairman and Tomás Muniesa has been appointed non-executive chairman,urn:newsml:newsroom:20241031:nNRAubhnbc:0,NS:INDBAN,CABK.MC
2024-10-31 11:31:50.465,"CaixaBank reports a net profit of €4.25 billion in the 9 months to September, up 16.1%, thanks to its growth in commercial activity and financial s...",urn:newsml:newsroom:20241031:nNRAubho9z:0,NS:INDBAN,CABK.MC
2024-10-31 10:30:00.000,Q3 2024 Caixabank SA Earnings Call,urn:newsml:reuters.com:20241031:nTRN623RNz:1,NS:TRANS,CABK.MC
2024-10-31 10:13:52.376,"CaixaBank earns 4,248 million, up 16.1%, boosted by mortgages and wealth management products",urn:newsml:newsroom:20241031:nNRAubgoj0:0,NS:NOTENG,CABK.MC
2024-10-31 10:13:38.116,"CaixaBank earns 4,248 million euros through September, up 16.1%, due to increased activity",urn:newsml:newsroom:20241031:nNRAubgohm:0,NS:NOTENG,CABK.MC
2024-10-31 09:36:55.000,UPDATE 3-Mexico weakness take shine off BBVA's Q3 profit beat,urn:newsml:reuters.com:20241031:nL8N3M70QR:1,NS:RTRS,CABK.MC
2024-10-31 09:30:00.000,Q3 2024 Caixabank SA Earnings Call - Final,urn:newsml:newsroom:20241107:nNRAudzk9z:0,NS:FDFAIR,CABK.MC
2024-10-31 09:14:07.502,"CaixaBank reaffirms its record with a profit of 4,248 million up to September, an increase of 16.1%.",urn:newsml:newsroom:20241031:nNRAubg38x:0,NS:NOTENG,CABK.MC
2024-10-31 09:13:59.908,"CaixaBank earns 4,248 million, up 16%, due to improved business through September",urn:newsml:newsroom:20241031:nNRAubg37i:0,NS:NOTENG,CABK.MC
2024-10-31 09:12:30.465,"CaixaBank earns 4,248 million, up 16%.",urn:newsml:newsroom:20241031:nNRAubg27w:0,NS:NOTENG,CABK.MC
2024-10-31 09:12:30.397,"CaixaBank increases profit by 16.1% to 4,248 million, due to higher commercial activity",urn:newsml:newsroom:20241031:nNRAubg1gc:0,NS:NOTENG,CABK.MC
2024-10-31 09:10:40.084,"(EN) CaixaBank, S.A. Prelim Q3 (81012147)",urn:newsml:reuters.com:20241031:nGLF1plDfv:3,NS:GLFILE,CABK.MC
2024-10-31 08:13:35.523,"Large banks set a new profit record despite the tax: 23,656 million up to September, 20% more than in 2023",urn:newsml:newsroom:20241031:nNRAubficj:0,NS:NOTENG,CABK.MC
2024-10-31 08:13:01.000,CaixaBank SA - CaixaBank 3Q 2024 results presentation,urn:newsml:reuters.com:20241031:nNDL56TnYz:1,NS:PUBT,CABK.MC
2024-10-31 07:26:07.000,Spanish stocks - Factors to watch on Oct 31,urn:newsml:reuters.com:20241031:nL8N3M70RI:1,NS:RTRS,CABK.MC
2024-10-31 07:13:49.068,"CaixaBak earns 4,248M, up 16%, and announces a dividend of 1,070M",urn:newsml:newsroom:20241031:nNRAubennu:0,NS:NOTENG,CABK.MC
2024-10-31 07:13:42.361,"CaixaBank earns 4,248 million up to September, up 16.1%.",urn:newsml:newsroom:20241031:nNRAubenno:0,NS:NOTENG,CABK.MC
2024-10-31 06:53:05.000,"UPDATE 2-Caixabank's lending income hit by lower rates, unveils share buyback",urn:newsml:reuters.com:20241031:nL8N3M70N2:1,NS:RTRS,CABK.MC
2024-10-31 06:46:57.711,CaixaBank strengthens 2% in past 3 months,urn:newsml:newsroom:20241031:nNRAubeh7u:0,NS:GLOROU,CABK.MC
2024-10-31 06:13:18.641,"Caixabank follows in the wake of record banking profits with 4,248 million up to September, up 16%.",urn:newsml:newsroom:20241031:nNRAube65r:0,NS:NOTENG,CABK.MC
2024-10-31 05:28:55.640,Caixabank Sees 2024 NII Above 11 Bln Euros,urn:newsml:reuters.com:20241031:nRSD918RZS:1,NS:SIGDEV,CABK.MC
2024-10-31 05:19:27.218,Caixabank Says Board Approves Distribution Of Interim Dividend Of 14.88 Cents/Share Gross,urn:newsml:reuters.com:20241031:nRSD9VZ0SB:1,NS:SIGDEV,CABK.MC
2024-10-31 05:18:56.000,BRIEF-Caixabank Sees 2024 NII Above 11 Bln Euros,urn:newsml:reuters.com:20241031:nFWN3M61U8:1,NS:RTRS,CABK.MC
2024-10-31 05:13:45.028,Goirigolzarri will not be allowed to work in banking for one year after stepping down as chairman of CaixaBank,urn:newsml:newsroom:20241031:nNRAubdk7t:0,NS:NOTENG,CABK.MC
2024-10-31 05:13:08.554,Caixabank Q3 Net Profit 1.57 Bln Euro,urn:newsml:reuters.com:20241031:nRSD7Tyh9n:1,NS:SIGDEV,CABK.MC
2024-10-31 05:09:58.053,"Caixabank Q3 Net Interest Income EUR 2,794 Million Vs. Estimate EUR 2,755 Million",urn:newsml:reuters.com:20241031:nRSDbPh1kL:1,NS:SIGDEV,CABK.MC
2024-10-31 05:09:41.000,"CaixaBank SA - CaixaBank reports a net profit of €4.25 billion in the 9 months to September, up 16.1%, thanks to its growth in commercial activity and financial stability",urn:newsml:reuters.com:20241031:nNDL3mrZcv:1,NS:PUBT,CABK.MC
2024-10-31 05:06:15.000,BRIEF-Caixabank Says Board Approves Distribution Of Interim Dividend Of 14.88 Cents/Share Gross,urn:newsml:reuters.com:20241031:nS8N3LM09D:1,NS:RTRS,CABK.MC
2024-10-31 05:03:09.000,BRIEF-Caixabank Q3 Net Profit 1.57 Bln Euro,urn:newsml:reuters.com:20241031:nS8N3LM09B:1,NS:RTRS,CABK.MC
2024-10-31 05:00:21.000,Caixabank's Q3 net profit rises 3% from same period in 2023,urn:newsml:reuters.com:20241031:nL8N3M62MZ:4,NS:RTRS,CABK.MC
2024-10-31 04:56:40.723,"BRIEF-Caixabank Q3 Net Interest Income EUR 2,794 Million Vs. Estimate EUR 2,755 Million",urn:newsml:reuters.com:20241031:nPLX67A699:1,NS:RTRS,CABK.MC
2024-10-31 04:00:00.000,"CaixaBank, S.A. 31 October 2024_EN",urn:newsml:newsroom:20241106:nNRAudmrpw:0,NS:COMSNA,CABK.MC
2024-10-31 02:46:56.316,CaixaBank strengthens 2% in past 3 months,urn:newsml:newsroom:20241031:nNRAubckc5:0,NS:GLOROU,CABK.MC
2024-10-30 22:42:17.042,CaixaBank strengthens 2% in past 3 months,urn:newsml:newsroom:20241030:nNRAubariy:0,NS:GLOROU,CABK.MC
2024-10-30 20:13:27.814,José Ignacio Goirigolzarri resigns as Chairman of CaixaBank and is replaced by Tomás Muniesa,urn:newsml:newsroom:20241030:nNRAub9hvi:0,NS:NOTENG,CABK.MC
2024-10-30 19:47:15.190,Spain's Caixabank appoints Tomas Muniesa as non-executive chairman --,urn:link:webnews:20241030:nNRAub96ig:0,NS:GLOREV,CABK.MC
2024-10-30 17:12:35.805,"Who is Tomás Muniesa, Goirigolzarri's replacement at Caixabank?",urn:newsml:newsroom:20241030:nNRAub7gt1:0,NS:NOTENG,CABK.MC
2024-10-30 17:12:02.266,CaixaBank confirms Tomás Muniesa as new non-executive chairman following the voluntary resignation of Goirigolzarri,urn:newsml:newsroom:20241030:nNRAub7g7w:0,NS:NOTENG,CABK.MC
2024-10-30 16:47:25.080,CaixaBank (CABK: EUR5.50) in 4th consecutive rise; +17c [3.2%],urn:newsml:newsroom:20241030:nNRAub749s:0,NS:GLOSTO,CABK.MC
2024-10-30 16:22:19.870,CaixaBank ADR (CAIXY: $1.97) climbs 1.5% strengthening above moving average price; +3c [1.5%],urn:newsml:newsroom:20241030:nNRAub6uar:0,NS:GLOROU,CABK.MC
2024-10-30 14:13:01.329,CaixaBank appoints Tomás Muniesa as new non-executive chairman after Goirigolzarri's resignation,urn:newsml:newsroom:20241030:nNRAub51v9:0,NS:NOTENG,CABK.MC
2024-10-30 13:24:06.000,UPDATE 3-Spain's Caixabank appoints Tomas Muniesa as non-executive chairman,urn:newsml:reuters.com:20241030:nL8N3M60MK:8,NS:RTRS,CABK.MC
2024-10-30 13:13:53.137,"Tomás Muniesa, new Chairman of CaixaBank as of January 1",urn:newsml:newsroom:20241030:nNRAub4941:0,NS:NOTENG,CABK.MC
2024-10-30 13:13:25.793,CaixaBank shares escape the falls in the banking sector as its chairman is replaced,urn:newsml:newsroom:20241030:nNRAub4bg7:0,NS:NOTENG,CABK.MC
2024-10-30 12:47:03.704,Can CaixaBank rebound after recent dip?,urn:newsml:newsroom:20241030:nNRAub3o9x:0,NS:GLOROU,CABK.MC
2024-10-30 12:01:31.898,"Caixabank Appoints Tomas Muniesa As Non-Executive Chairman Effective Form Jan 1, 2025",urn:newsml:reuters.com:20241030:nRSD5X96KD:1,NS:SIGDEV,CABK.MC
2024-10-30 11:47:37.000,"BRIEF-Caixabank Appoints Tomas Muniesa As Non-Executive Chairman Effective Form Jan 1, 2025",urn:newsml:reuters.com:20241030:nFWN3M610W:1,NS:RTRS,CABK.MC
2024-10-30 11:46:25.000,CaixaBank SA - José Ignacio Goirigolzarri has submitted his resignation as CaixaBank chairman and Tomás Muniesa has been appointed non-executive chairman,urn:newsml:reuters.com:20241030:nNDL5H7gzx:1,NS:PUBT,CABK.MC
2024-10-30 11:12:33.896,"Morningstar: ""Ignoring market inertia can work against active management investors.""",urn:newsml:newsroom:20241030:nNRAub281n:0,NS:NOTENG,CABK.MC
2024-10-30 10:13:26.202,Goirigolzarri will tender his resignation as Chairman of CaixaBank on Wednesday.,urn:newsml:newsroom:20241030:nNRAub1bcn:0,NS:NOTENG,CABK.MC
2024-10-30 10:13:18.034,Tomás Muniesa aims to succeed Goirigolzarri as Chairman of CaixaBank,urn:newsml:newsroom:20241030:nNRAub1azl:0,NS:NOTENG,CABK.MC
2024-10-30 09:13:52.976,Goirigolzarri will tender his voluntary resignation as Chairman of CaixaBank today.,urn:newsml:newsroom:20241030:nNRAub0ovt:0,NS:NOTENG,CABK.MC
2024-10-30 09:13:39.226,José Ignacio Goirigolzarri will tender his voluntary resignation as Chairman of CaixaBank today.,urn:newsml:newsroom:20241030:nNRAub0o6u:0,NS:NOTENG,CABK.MC
2024-10-30 09:13:17.399,Goirigolzarri voluntarily resigns as Chairman of CaixaBank,urn:newsml:newsroom:20241030:nNRAub0nue:0,NS:NOTENG,CABK.MC
2024-10-30 09:13:15.712,Goirigolzarri will tender his voluntary resignation as Chairman of CaixaBank today.,urn:newsml:newsroom:20241030:nNRAub0otq:0,NS:NOTENG,CABK.MC
2024-10-30 09:12:49.877,Goirigolzarri submits his voluntary resignation as Chairman of CaixaBank today.,urn:newsml:newsroom:20241030:nNRAub0nt5:0,NS:NOTENG,CABK.MC
2024-10-30 09:07:01.441,CaixaBank down in recent days,urn:newsml:newsroom:20241030:nNRAub0kus:0,NS:GLOROU,CABK.MC
2024-10-30 08:19:20.000,"Caixabank's Chairman to resign at today's board meeting, source says",urn:newsml:reuters.com:20241030:nS0N3BV00Q:2,NS:RTRS,CABK.MC
2024-10-30 08:13:49.047,Goirigolzarri will resign today as Chairman of CaixaBank,urn:newsml:newsroom:20241030:nNRAub03hc:0,NS:NOTENG,CABK.MC
2024-10-30 08:13:47.362,Goirigolzarri will tender his voluntary resignation as Chairman of CaixaBank today.,urn:newsml:newsroom:20241030:nNRAub03h8:0,NS:NOTENG,CABK.MC
2024-10-30 07:08:12.683,How CaixaBank's dividend compares to Unicaja Banco,urn:newsml:newsroom:20241030:nNRAuaz9ua:0,NS:GLOSTO,CABK.MC
2024-10-30 06:51:21.000,"Caixabank's Chairman to step down, newspaper La Vanguardia reports",urn:newsml:reuters.com:20241030:nL8N3M60LG:4,NS:RTRS,CABK.MC
2024-10-30 06:42:06.995,CaixaBank strengthens 1% in past 3 months,urn:newsml:newsroom:20241030:nNRAuayyas:0,NS:GLOROU,CABK.MC
2024-10-30 02:42:17.471,CaixaBank strengthens 1% in past 3 months,urn:newsml:newsroom:20241030:nNRAuawxtx:0,NS:GLOROU,CABK.MC
2024-10-29 22:37:16.995,CaixaBank strengthens 1% in past 3 months,urn:newsml:newsroom:20241029:nNRAuavai0:0,NS:GLOROU,CABK.MC
2024-10-29 17:08:36.227,CaixaBank- 5 Reasons Investors Remain Bullish,urn:newsml:newsroom:20241029:nNRAuas7z5:0,NS:GLOSTO,CABK.MC
2024-10-29 16:47:20.231,CaixaBank (CABK: EUR5.46) offers dividend yield of 7.1%; +1c [0.2%],urn:newsml:newsroom:20241029:nNRAuarsqt:0,NS:GLOSTO,CABK.MC
2024-10-29 16:07:33.291,How CaixaBank's Tax Rate compares to Its Peers,urn:newsml:newsroom:20241029:nNRAuardfe:0,NS:GLOSTO,CABK.MC
2024-10-29 16:07:29.529,"Banco Santander, S.A. (SAN) Q3 2024 Earnings Call Transcript",urn:newsml:newsroom:20241029:nNRAuarc21:0,NS:SEECOM,CABK.MC
2024-10-29 15:08:19.573,CaixaBank continues to outperform Unicaja Banco by 8.1% in the past month,urn:newsml:newsroom:20241029:nNRAuaqk7p:0,NS:GLOSTO,CABK.MC
2024-10-29 14:07:52.844,How CaixaBank's dividend compares to Bankinter,urn:newsml:newsroom:20241029:nNRAuapp8u:0,NS:GLOSTO,CABK.MC
2024-10-29 14:07:52.778,How Banco Santander's dividend compares to CaixaBank,urn:newsml:newsroom:20241029:nNRAuapp8t:0,NS:GLOSTO,CABK.MC
2024-10-29 14:07:52.479,How Banco Bilbao Vizcaya Argentaria's dividend compares to CaixaBank,urn:newsml:newsroom:20241029:nNRAuapova:0,NS:GLOSTO,CABK.MC
2024-10-29 10:07:37.682,How CaixaBank's dividend compares to Banco de Sabadell,urn:newsml:newsroom:20241029:nNRAuall0e:0,NS:GLOSTO,CABK.MC
2024-10-29 09:07:55.820,How CaixaBank's dividend compares to Banco Bilbao Vizcaya Argentaria,urn:newsml:newsroom:20241029:nNRAuakqhw:0,NS:GLOSTO,CABK.MC
2024-10-29 08:08:03.516,How CaixaBank's dividend compares to Banco Santander,urn:newsml:newsroom:20241029:nNRAuak1n8:0,NS:GLOSTO,CABK.MC
2024-10-29 07:08:06.469,How CaixaBank's dividend compares to Its Peers,urn:newsml:newsroom:20241029:nNRAuajax3:0,NS:GLOSTO,CABK.MC
2024-10-29 06:42:05.868,CaixaBank strengthens 1% in past 3 months,urn:newsml:newsroom:20241029:nNRAuaiz9w:0,NS:GLOROU,CABK.MC
2024-10-29 02:42:07.332,CaixaBank strengthens 1% in past 3 months,urn:newsml:newsroom:20241029:nNRAuah3sz:0,NS:GLOROU,CABK.MC
2024-10-28 22:42:13.996,CaixaBank strengthens 1% in past 3 months,urn:newsml:newsroom:20241028:nNRAuafjk4:0,NS:GLOROU,CABK.MC
2024-10-28 16:47:15.853,CaixaBank (CABK: EUR5.45) up 2.3% in 2 days; +12c [2.3%],urn:newsml:newsroom:20241028:nNRAuac9l1:0,NS:GLOSTO,CABK.MC
2024-10-28 12:58:37.678,Can CaixaBank rebound after recent dip?,urn:newsml:newsroom:20241028:nNRAua9a4g:0,NS:GLOROU,CABK.MC
2024-10-28 12:37:16.267,Weekly: CaixaBank ADR (CAIXY: $1.91) falls 4.5% on robust volume; -9c [4.5%] Vol Index 1.4 [1 is avg],urn:newsml:newsroom:20241028:nNRAua8zcs:0,NS:GLOROU,CABK.MC
2024-10-28 11:38:37.608,Weekly: CaixaBank ADR (CAIXY: $1.91) falls 4.5% on robust volume; -9c [4.5%] Vol Index 1.4 [1 is avg],urn:newsml:newsroom:20241028:nNRAua8302:0,NS:GLOROU,CABK.MC
2024-10-28 10:07:09.842,CaixaBank continues to outperform Bankinter by 5.9% in the past month,urn:newsml:newsroom:20241028:nNRAua7105:0,NS:GLOSTO,CABK.MC
2024-10-28 10:07:06.845,Banco Santander continues to outperform CaixaBank by 3.7% in the past month,urn:newsml:newsroom:20241028:nNRAua70cl:0,NS:GLOSTO,CABK.MC
2024-10-28 09:07:50.530,CaixaBank continues to underperform Banco Santander by 3.7% in the past month,urn:newsml:newsroom:20241028:nNRAua6ent:0,NS:GLOSTO,CABK.MC
2024-10-28 09:07:01.279,CaixaBank down in recent days,urn:newsml:newsroom:20241028:nNRAua6e3c:0,NS:GLOROU,CABK.MC
2024-10-28 08:07:33.583,CaixaBank continues to outperform Banco de Sabadell by 1.7% in the past month,urn:newsml:newsroom:20241028:nNRAua5soy:0,NS:GLOSTO,CABK.MC
2024-10-28 08:02:32.748,Weekly: CaixaBank (CABK: EUR5.36) drops 3.2% on weak volume; -18c [3.2%],urn:newsml:newsroom:20241028:nNRAua5p3t:0,NS:GLOSTO,CABK.MC
2024-10-28 07:07:36.309,CaixaBank continues to outperform Banco Bilbao Vizcaya Argentaria by 2.7% in the past month,urn:newsml:newsroom:20241028:nNRAua56z0:0,NS:GLOSTO,CABK.MC
2024-10-28 06:37:14.422,Weekly: CaixaBank ADR (CAIXY: $1.91) falls 4.5% on robust volume; -9c [4.5%] Vol Index 1.4 [1 is avg],urn:newsml:newsroom:20241028:nNRAua4z4a:0,NS:GLOROU,CABK.MC
2024-10-27 12:07:17.026,CaixaBank ADR soars 40% in 2024,urn:newsml:newsroom:20241027:nNRAu9zctc:0,NS:GLOROU,CABK.MC
2024-10-27 06:07:21.872,CaixaBank ADR soars 40% in 2024,urn:newsml:newsroom:20241027:nNRAu9x2zk:0,NS:GLOROU,CABK.MC
2024-10-26 06:47:01.029,CaixaBank dips 3% in past 3 months,urn:newsml:newsroom:20241026:nNRAu9q0y5:0,NS:GLOROU,CABK.MC
2024-10-26 04:32:26.810,Weekly: CaixaBank (CABK: EUR5.36) drops 3.2% on weak volume; -18c [3.2%],urn:newsml:newsroom:20241026:nNRAu9p3ia:0,NS:GLOWEE,CABK.MC
2024-10-26 03:18:19.634,Weekly: CaixaBank ADR (CAIXY: $1.91) posts worst week in twelve weeks,urn:newsml:newsroom:20241026:nNRAu9on8f:0,NS:GLOROU,CABK.MC
2024-10-26 03:17:31.772,Weekly: CaixaBank ADR (CAIXY: $1.91) falls 4.5% on robust volume; -9c [4.5%] Vol Index 1.4 [1 is avg],urn:newsml:newsroom:20241026:nNRAu9olit:0,NS:GLOROU,CABK.MC
2024-10-26 02:47:10.203,CaixaBank dips 3% in past 3 months,urn:newsml:newsroom:20241026:nNRAu9oez3:0,NS:GLOROU,CABK.MC
2024-10-25 22:42:14.076,CaixaBank dips 3% in past 3 months,urn:newsml:newsroom:20241025:nNRAu9n13x:0,NS:GLOROU,CABK.MC
2024-10-25 16:27:41.361,Weekly: CaixaBank (CABK: EUR5.36) drops 3.2% on weak volume; -18c [3.2%],urn:newsml:newsroom:20241025:nNRAu9j2c0:0,NS:GLOWEE,CABK.MC
2024-10-25 16:27:28.225,CaixaBank ADR (CAIXY: $1.93) strengthens above moving average price; +1c [0.5%],urn:newsml:newsroom:20241025:nNRAu9j1xf:0,NS:GLOROU,CABK.MC
2024-10-25 16:27:15.391,Weekly: CaixaBank (CABK: EUR5.36) drops 3.2% on weak volume; -18c [3.2%],urn:newsml:newsroom:20241025:nNRAu9j0tr:0,NS:GLOSTO,CABK.MC
2024-10-25 16:22:19.913,CaixaBank (CABK: EUR5.36) increases 0.6% against the trend; +3c [0.6%],urn:newsml:newsroom:20241025:nNRAu9iza4:0,NS:GLOSTO,CABK.MC
2024-10-25 06:42:01.420,CaixaBank decreases 5% in past 3 months,urn:newsml:newsroom:20241025:nNRAu9axz7:0,NS:GLOROU,CABK.MC
2024-10-25 02:42:07.374,CaixaBank decreases 5% in past 3 months,urn:newsml:newsroom:20241025:nNRAu98t7y:0,NS:GLOROU,CABK.MC
2024-10-24 22:42:15.953,CaixaBank decreases 5% in past 3 months,urn:newsml:newsroom:20241024:nNRAu97edp:0,NS:GLOROU,CABK.MC
2024-10-24 16:22:20.985,CaixaBank (CABK: EUR5.33) down 2.4% in 2 days; -13c [2.4%],urn:newsml:newsroom:20241024:nNRAu93pvg:0,NS:GLOSTO,CABK.MC
2024-10-24 14:32:17.570,CaixaBank ADR (CAIXY: $1.92) falls 2.0%; -4c [-2.0%],urn:newsml:newsroom:20241024:nNRAu924ts:0,NS:GLOROU,CABK.MC
2024-10-24 06:42:13.895,CaixaBank dips 2% in past 3 months,urn:newsml:newsroom:20241024:nNRAu8wap7:0,NS:GLOROU,CABK.MC
2024-10-24 06:33:59.044,CaixaBank avoided emitting more than three million tons of CO2 into the atmosphere thanks to its green bonds,urn:newsml:newsroom:20241024:nNRAu8w6re:0,NS:INDBAN,CABK.MC
2024-10-24 02:42:18.257,CaixaBank dips 2% in past 3 months,urn:newsml:newsroom:20241024:nNRAu8u42w:0,NS:GLOROU,CABK.MC
2024-10-23 22:37:23.276,CaixaBank dips 2% in past 3 months,urn:newsml:newsroom:20241023:nNRAu8si13:0,NS:GLOROU,CABK.MC
2024-10-23 17:07:30.000,LIVE MARKETS-Spanish banks Q3 earnings season ready to kick off,urn:newsml:reuters.com:20241023:nL1N3LZ12D:2,NS:RTRS,CABK.MC
2024-10-23 16:22:20.650,CaixaBank (CABK: EUR5.43) offers dividend yield of 7.2%; -3c [0.5%],urn:newsml:newsroom:20241023:nNRAu8p1ey:0,NS:GLOSTO,CABK.MC
2024-10-23 12:15:46.458,"CaixaBank (OTCMKTS:CAIXY) Cut to ""Hold"" at Barclays --",urn:link:webnews:20241023:nNRAu8ldk7:0,NS:WKRNEW,CABK.MC
2024-10-23 11:17:45.934,CaixaBank dips 2% in past 3 months,urn:newsml:newsroom:20241023:nNRAu8kguf:0,NS:GLOROU,CABK.MC
2024-10-23 07:27:29.335,CaixaBank dips 2% in past 3 months,urn:newsml:newsroom:20241023:nNRAu8hnv8:0,NS:GLOROU,CABK.MC
2024-10-23 06:07:58.495,How CaixaBank's dividend compares to Unicaja Banco,urn:newsml:newsroom:20241023:nNRAu8gshj:0,NS:GLOSTO,CABK.MC
2024-10-23 03:17:57.111,CaixaBank dips 2% in past 3 months,urn:newsml:newsroom:20241023:nNRAu8fhdr:0,NS:GLOROU,CABK.MC
2024-10-22 19:07:19.172,"Enagás, S.A. (ENGGF) Q3 2024 Earnings Call Transcript",urn:newsml:newsroom:20241022:nNRAu8bqii:0,NS:SEECOM,CABK.MC
2024-10-22 16:22:23.535,CaixaBank (CABK: EUR5.46) strengthens above moving average price; +4c [0.7%],urn:newsml:newsroom:20241022:nNRAu89gnl:0,NS:GLOSTO,CABK.MC
2024-10-22 16:07:35.143,CaixaBank- 5 Reasons Investors Remain Bullish,urn:newsml:newsroom:20241022:nNRAu89a7x:0,NS:GLOSTO,CABK.MC
2024-10-22 15:08:14.514,How CaixaBank's Tax Rate compares to Its Peers,urn:newsml:newsroom:20241022:nNRAu88jhu:0,NS:GLOSTO,CABK.MC
2024-10-22 14:07:49.886,CaixaBank continues to outperform Unicaja Banco by 22.8% year to date,urn:newsml:newsroom:20241022:nNRAu87p0g:0,NS:GLOSTO,CABK.MC
2024-10-22 12:47:08.401,Can CaixaBank rebound after recent dip?,urn:newsml:newsroom:20241022:nNRAu86589:0,NS:GLOROU,CABK.MC
2024-10-22 10:08:01.913,How Banco Bilbao Vizcaya Argentaria's dividend compares to CaixaBank,urn:newsml:newsroom:20241022:nNRAu849fa:0,NS:GLOSTO,CABK.MC
2024-10-22 10:08:01.805,How CaixaBank's dividend compares to Bankinter,urn:newsml:newsroom:20241022:nNRAu8490n:0,NS:GLOSTO,CABK.MC
2024-10-22 09:08:16.205,How CaixaBank's dividend compares to Banco de Sabadell,urn:newsml:newsroom:20241022:nNRAu83hd3:0,NS:GLOSTO,CABK.MC
2024-10-22 09:07:06.411,CaixaBank down in recent days,urn:newsml:newsroom:20241022:nNRAu83g54:0,NS:GLOROU,CABK.MC
2024-10-22 08:08:32.883,How CaixaBank's dividend compares to Banco Bilbao Vizcaya Argentaria,urn:newsml:newsroom:20241022:nNRAu82o60:0,NS:GLOSTO,CABK.MC
2024-10-22 07:08:18.623,How CaixaBank's dividend compares to Banco Santander,urn:newsml:newsroom:20241022:nNRAu81ybm:0,NS:GLOSTO,CABK.MC
2024-10-22 06:42:13.619,CaixaBank dips 0.4% in past 3 months,urn:newsml:newsroom:20241022:nNRAu81p7r:0,NS:GLOROU,CABK.MC
2024-10-22 06:07:48.491,How CaixaBank's dividend compares to Its Peers,urn:newsml:newsroom:20241022:nNRAu81bgu:0,NS:GLOSTO,CABK.MC
2024-10-22 02:42:10.699,CaixaBank dips 0.4% in past 3 months,urn:newsml:newsroom:20241022:nNRAu7zxxc:0,NS:GLOROU,CABK.MC
2024-10-21 22:37:15.275,CaixaBank dips 0.4% in past 3 months,urn:newsml:newsroom:20241021:nNRAu7yknz:0,NS:GLOROU,CABK.MC
2024-10-21 16:17:22.941,CaixaBank (CABK: EUR5.42) falls 2.2%; -12c [2.2%],urn:newsml:newsroom:20241021:nNRAu7uxiv:0,NS:GLOSTO,CABK.MC
2024-10-21 12:37:16.144,Weekly: CaixaBank ADR (CAIXY: $2.0) lifts 2.6% on firm volume; +5c [2.6%] Vol Index 1.3 [1 is avg],urn:newsml:newsroom:20241021:nNRAu7sgrw:0,NS:GLOROU,CABK.MC
2024-10-21 11:37:10.107,Weekly: CaixaBank ADR (CAIXY: $2.0) lifts 2.6% on firm volume; +5c [2.6%] Vol Index 1.3 [1 is avg],urn:newsml:newsroom:20241021:nNRAu7rlhb:0,NS:GLOROU,CABK.MC
2024-10-21 09:07:37.794,CaixaBank continues to outperform Bankinter by 17.1% year to date,urn:newsml:newsroom:20241021:nNRAu7pwm6:0,NS:GLOSTO,CABK.MC
2024-10-21 08:09:21.227,CaixaBank continues to outperform Banco Santander by 25.8% year to date,urn:newsml:newsroom:20241021:nNRAu7p8ti:0,NS:GLOSTO,CABK.MC
2024-10-21 07:07:36.620,CaixaBank continues to underperform Banco de Sabadell by 19.9% year to date,urn:newsml:newsroom:20241021:nNRAu7on21:0,NS:GLOSTO,CABK.MC
2024-10-21 06:54:16.000,BUZZ-Barclays cuts Caixabank and Bankinter on rate sensitivity,urn:newsml:reuters.com:20241021:nL8N3LX09V:1,NS:RTRS,CABK.MC
2024-10-21 06:37:12.894,Weekly: CaixaBank ADR (CAIXY: $2.0) lifts 2.6% on firm volume; +5c [2.6%] Vol Index 1.3 [1 is avg],urn:newsml:newsroom:20241021:nNRAu7od8c:0,NS:GLOROU,CABK.MC
2024-10-21 06:09:03.615,CaixaBank continues to outperform Banco Bilbao Vizcaya Argentaria by 35.6% year to date,urn:newsml:newsroom:20241021:nNRAu7o36a:0,NS:GLOSTO,CABK.MC
2024-10-21 06:08:17.450,Weekly: CaixaBank (CABK: EUR5.54) lifts 3.4% on thin volume; +18c [3.4%],urn:newsml:newsroom:20241021:nNRAu7o1v1:0,NS:GLOSTO,CABK.MC
2024-10-19 14:23:03.173,CaixaBank strengthens 2% in past 3 months,urn:newsml:newsroom:20241019:nNRAu7cybd:0,NS:GLOROU,CABK.MC
2024-10-19 07:47:22.627,CaixaBank strengthens 2% in past 3 months,urn:newsml:newsroom:20241019:nNRAu7a529:0,NS:GLOROU,CABK.MC
2024-10-19 04:32:19.525,Weekly: CaixaBank (CABK: EUR5.54) lifts 3.4% on thin volume; +18c [3.4%],urn:newsml:newsroom:20241019:nNRAu78rwi:0,NS:GLOWEE,CABK.MC
2024-10-19 03:52:21.651,Weekly: CaixaBank ADR (CAIXY: $2.0) lifts 2.6% on firm volume; +5c [2.6%] Vol Index 1.3 [1 is avg],urn:newsml:newsroom:20241019:nNRAu78f64:0,NS:GLOROU,CABK.MC
2024-10-19 03:52:19.559,Weekly: CaixaBank ADR (CAIXY: $2.0) posts best week in five weeks,urn:newsml:newsroom:20241019:nNRAu78fsx:0,NS:GLOROU,CABK.MC
2024-10-19 03:42:51.043,CaixaBank strengthens 2% in past 3 months,urn:newsml:newsroom:20241019:nNRAu78dr3:0,NS:GLOROU,CABK.MC
2024-10-18 18:07:06.099,"German trading: CaixaBank (48CA: EUR5.29) accelerates decline, down 2.4% in 2 days; -13c [2.4%]",urn:newsml:newsroom:20241018:nNRAu74l81:0,NS:GERCOM,CABK.MC
2024-10-18 16:27:39.552,Weekly: CaixaBank (CABK: EUR5.54) lifts 3.4% on thin volume; +18c [3.4%],urn:newsml:newsroom:20241018:nNRAu732w2:0,NS:GLOWEE,CABK.MC
2024-10-18 16:27:17.479,Weekly: CaixaBank (CABK: EUR5.54) lifts 3.4% on thin volume; +18c [3.4%],urn:newsml:newsroom:20241018:nNRAu733i3:0,NS:GLOSTO,CABK.MC
2024-10-18 16:22:20.913,CaixaBank (CABK: EUR5.54) in top 2% performers of IBEX 35 Index; +13c [2.4%],urn:newsml:newsroom:20241018:nNRAu730uh:0,NS:GLOSTO,CABK.MC
2024-10-18 11:42:17.730,CaixaBank dips 2% in past 3 months,urn:newsml:newsroom:20241018:nNRAu6ynvs:0,NS:GLOROU,CABK.MC
2024-10-18 11:37:11.132,CaixaBank dips 2% in past 3 months,urn:newsml:newsroom:20241018:nNRAu6ylse:0,NS:GLOROU,CABK.MC
2024-10-18 08:52:53.087,CaixaBank dips 2% in past 3 months,urn:newsml:newsroom:20241018:nNRAu6w762:0,NS:GLOROU,CABK.MC
2024-10-18 08:52:22.444,CaixaBank dips 2% in past 3 months,urn:newsml:newsroom:20241018:nNRAu6w7fa:0,NS:GLOROU,CABK.MC
2024-10-18 03:38:07.289,CaixaBank dips 2% in past 3 months,urn:newsml:newsroom:20241018:nNRAu6tcx3:0,NS:GLOROU,CABK.MC
2024-10-18 03:37:25.520,CaixaBank dips 2% in past 3 months,urn:newsml:newsroom:20241018:nNRAu6tc14:0,NS:GLOROU,CABK.MC
2024-10-17 16:22:28.621,"CaixaBank ADR (CAIXY: $1.88) accelerates decline, down 4.8% in 2 days; -5c [-2.6%]",urn:newsml:newsroom:20241017:nNRAu6nmsr:0,NS:GLOROU,CABK.MC
2024-10-17 16:22:21.015,CaixaBank (CABK: EUR5.41) offers dividend yield of 7.2%; -3c [0.6%],urn:newsml:newsroom:20241017:nNRAu6nkwr:0,NS:GLOSTO,CABK.MC
2024-10-17 12:02:19.944,CaixaBank strengthens 2% in past 3 months,urn:newsml:newsroom:20241017:nNRAu6jhbz:0,NS:GLOROU,CABK.MC
2024-10-17 08:02:14.706,CaixaBank strengthens 2% in past 3 months,urn:newsml:newsroom:20241017:nNRAu6gq1t:0,NS:GLOROU,CABK.MC
2024-10-17 04:03:03.521,CaixaBank strengthens 2% in past 3 months,urn:newsml:newsroom:20241017:nNRAu6dy69:0,NS:GLOROU,CABK.MC
2024-10-17 00:11:15.313,Criteria sells Saba to Interparking and takes an 18% stake in the resulting group,urn:newsml:newsroom:20241017:nNRAu6cizq:0,NS:NOTENG,CABK.MC
2024-10-16 16:30:09.000,UPDATE 1-Spanish blue chips close at highest since 2010,urn:newsml:reuters.com:20241016:nL1N3LS0TM:2,NS:RTRS,CABK.MC
2024-10-16 16:22:24.265,CaixaBank (CABK: EUR5.44) drops 1.1% on slipping relative strength; -6c [1.1%],urn:newsml:newsroom:20241016:nNRAu68bfx:0,NS:GLOSTO,CABK.MC
2024-10-16 16:16:44.000,Spanish blue chips close at highest since 2010,urn:newsml:reuters.com:20241016:nL8N3LS1A8:2,NS:RTRS,CABK.MC
2024-10-16 12:42:18.364,CaixaBank increases 4% in past 3 months,urn:newsml:newsroom:20241016:nNRAu65emd:0,NS:GLOROU,CABK.MC
2024-10-16 08:42:21.933,CaixaBank increases 4% in past 3 months,urn:newsml:newsroom:20241016:nNRAu62gys:0,NS:GLOROU,CABK.MC
2024-10-16 06:07:50.741,How CaixaBank's dividend compares to Unicaja Banco,urn:newsml:newsroom:20241016:nNRAu60pjs:0,NS:GLOSTO,CABK.MC
2024-10-16 04:37:26.237,CaixaBank increases 4% in past 3 months,urn:newsml:newsroom:20241016:nNRAu5zvfo:0,NS:GLOROU,CABK.MC
2024-10-15 16:22:23.307,CaixaBank (CABK: EUR5.50) offers dividend yield of 7.1%; +1c [0.2%],urn:newsml:newsroom:20241015:nNRAu5t4cb:0,NS:GLOSTO,CABK.MC
2024-10-15 16:07:43.103,CaixaBank- 5 Reasons Investors Remain Bullish,urn:newsml:newsroom:20241015:nNRAu5suxw:0,NS:GLOSTO,CABK.MC
2024-10-15 15:07:49.978,How CaixaBank's Tax Rate compares to Its Peers,urn:newsml:newsroom:20241015:nNRAu5s2bq:0,NS:GLOSTO,CABK.MC
2024-10-15 14:07:46.687,CaixaBank continues to outperform Unicaja Banco by 21.3% in the past three months,urn:newsml:newsroom:20241015:nNRAu5r7o5:0,NS:GLOSTO,CABK.MC
2024-10-15 10:07:40.791,How CaixaBank's dividend compares to Bankinter,urn:newsml:newsroom:20241015:nNRAu5ndu4:0,NS:GLOSTO,CABK.MC
2024-10-15 10:07:40.106,How Banco Bilbao Vizcaya Argentaria's dividend compares to CaixaBank,urn:newsml:newsroom:20241015:nNRAu5nfld:0,NS:GLOSTO,CABK.MC
2024-10-15 09:54:47.437,With a trading volume of EUR 47.2 mn CABK.MC trades 2.5 percent higher today,urn:newsml:newsroom:20241015:nNRAu5n8js:0,NS:STOCKP,CABK.MC
2024-10-15 09:08:15.220,How CaixaBank's dividend compares to Banco de Sabadell,urn:newsml:newsroom:20241015:nNRAu5mnrm:0,NS:GLOSTO,CABK.MC
2024-10-15 07:08:23.613,How CaixaBank's dividend compares to Banco Santander,urn:newsml:newsroom:20241015:nNRAu5l5bv:0,NS:GLOSTO,CABK.MC
2024-10-15 06:13:30.586,How CaixaBank's dividend compares to Its Peers,urn:newsml:newsroom:20241015:nNRAu5kf49:0,NS:GLOSTO,CABK.MC
2024-10-15 02:47:13.436,CaixaBank gains 6% in past 3 months,urn:newsml:newsroom:20241015:nNRAu5im91:0,NS:GLOROU,CABK.MC
2024-10-15 02:24:18.631,Caixabank (CABK.MC) is trading 1.09 percent higher on Tuesday 15th of October and has a trading volume of EUR 28.6 mn,urn:newsml:newsroom:20241015:nNRAu5ii34:0,NS:STOCKP,CABK.MC
2024-10-14 22:42:10.887,CaixaBank gains 6% in past 3 months,urn:newsml:newsroom:20241014:nNRAu5h8km:0,NS:GLOROU,CABK.MC
2024-10-14 19:13:10.934,CaixaBank revises BCP's target price upwards,urn:newsml:newsroom:20241014:nNRAu5fvbu:0,NS:NOTENG,CABK.MC
2024-10-14 16:22:21.056,CaixaBank (CABK: EUR5.49) in top 1% performers of IBEX 35 Index; +13c [2.4%],urn:newsml:newsroom:20241014:nNRAu5e0gm:0,NS:GLOSTO,CABK.MC
2024-10-14 12:37:18.193,"Weekly: CaixaBank ADR (CAIXY: $1.95) increases 1.0%, 2 weeks' volume in a week; +2c [1.0%] Vol Index 1.6 [1 is avg]",urn:newsml:newsroom:20241014:nNRAu5av30:0,NS:GLOROU,CABK.MC
2024-10-14 12:13:43.705,CaixaBank BPI expects BBVA to improve its takeover bid for Sabadell to offset risks in Mexico,urn:newsml:newsroom:20241014:nNRAu5amfl:0,NS:NOTENG,CABK.MC
2024-10-14 11:37:17.553,"Weekly: CaixaBank ADR (CAIXY: $1.95) increases 1.0%, 2 weeks' volume in a week; +2c [1.0%] Vol Index 1.6 [1 is avg]",urn:newsml:newsroom:20241014:nNRAu5a64l:0,NS:GLOROU,CABK.MC
2024-10-14 11:37:16.604,"Weekly: CaixaBank ADR (CAIXY: $1.95) increases 1.0%, 2 weeks' volume in a week; +2c [1.0%] Vol Index 1.6 [1 is avg]",urn:newsml:newsroom:20241014:nNRAu5a6jc:0,NS:GLOROU,CABK.MC
2024-10-14 10:37:22.026,"Monthly: CaixaBank ADR (CAIXY: $1.96) decreases 2%, trailing 58% of ADRs",urn:newsml:newsroom:20241014:nNRAu59e7i:0,NS:GLOROU,CABK.MC
2024-10-14 09:07:33.945,CaixaBank continues to outperform Bankinter by 3.2% in the past three months,urn:newsml:newsroom:20241014:nNRAu58hmd:0,NS:GLOSTO,CABK.MC
2024-10-14 08:09:01.028,CaixaBank continues to outperform Banco Santander by 1.0% in the past three months,urn:newsml:newsroom:20241014:nNRAu57x2f:0,NS:GLOSTO,CABK.MC
2024-10-14 07:07:39.023,CaixaBank continues to outperform Banco de Sabadell by 1.0% in the past three months,urn:newsml:newsroom:20241014:nNRAu57cti:0,NS:GLOSTO,CABK.MC
2024-10-14 06:42:28.330,"Weekly: CaixaBank ADR (CAIXY: $1.95) increases 1.0%, 2 weeks' volume in a week; +2c [1.0%] Vol Index 1.6 [1 is avg]",urn:newsml:newsroom:20241014:nNRAu5753i:0,NS:GLOROU,CABK.MC
2024-10-14 06:22:25.404,"CaixaBank Compendium - A Snapshot as of October 11, 2024",urn:newsml:newsroom:20241014:nNRAu56rpe:0,NS:GLOSTO,CABK.MC
2024-10-14 06:07:39.942,CaixaBank continues to outperform Banco Bilbao Vizcaya Argentaria by 4.8% in the past three months,urn:newsml:newsroom:20241014:nNRAu56j67:0,NS:GLOSTO,CABK.MC
2024-10-13 12:07:17.471,"CaixaBank ADR soars 43% in 2024, beating 91% of the market",urn:newsml:newsroom:20241013:nNRAu51yat:0,NS:GLOROU,CABK.MC
2024-10-13 10:11:53.561,"Interview with Gonzalo Gortázar, Chief Executive Officer of CaixaBank",urn:newsml:newsroom:20241013:nNRAu51bgr:0,NS:NOTENG,CABK.MC
2024-10-13 06:07:19.970,"CaixaBank ADR soars 43% in 2024, beating 91% of the market",urn:newsml:newsroom:20241013:nNRAu4zw2f:0,NS:GLOROU,CABK.MC
2024-10-12 05:34:02.815,"CaixaBank ADR soars 43% in 2024, beating 91% of the market",urn:newsml:newsroom:20241012:nNRAu4t463:0,NS:GLOROU,CABK.MC
2024-10-12 05:27:27.324,Weekly: CaixaBank ADR (CAIXY: $1.95) posts best week in three weeks,urn:newsml:newsroom:20241012:nNRAu4t0wt:0,NS:GLOROU,CABK.MC
2024-10-12 05:27:19.077,"Weekly: CaixaBank ADR (CAIXY: $1.95) increases 1.0%, 2 weeks' volume in a week; +2c [1.0%] Vol Index 1.6 [1 is avg]",urn:newsml:newsroom:20241012:nNRAu4t0uc:0,NS:GLOROU,CABK.MC
2024-10-12 04:27:17.365,Weekly: CaixaBank (CABK: EUR5.36) shares post best week in four weeks; +6c [1.1%],urn:newsml:newsroom:20241012:nNRAu4smjp:0,NS:GLOWEE,CABK.MC
2024-10-12 02:42:18.403,CaixaBank gains 6% in past 3 months,urn:newsml:newsroom:20241012:nNRAu4s2qy:0,NS:GLOROU,CABK.MC
2024-10-12 00:39:37.153,Caixabank (CABK.MC) is trading -0.45 percent lower on Saturday 12th of October and has a trading volume of EUR 39.6 mn,urn:newsml:newsroom:20241012:nNRAu4revh:0,NS:STOCKP,CABK.MC
2024-10-11 22:42:26.908,CaixaBank gains 6% in past 3 months,urn:newsml:newsroom:20241011:nNRAu4qrvh:0,NS:GLOROU,CABK.MC
2024-10-11 18:12:18.632,German trading: CaixaBank (48CA: EUR5.30) decreases on high volume; -2c [0.4%] Vol Index 2.1 [1 is avg],urn:newsml:newsroom:20241011:nNRAu4owhm:0,NS:GERCOM,CABK.MC
2024-10-11 17:27:38.748,CaixaBank ADR (CAIXY: $1.94) lifts 1.6% strengthening above moving average price; +3c [1.6%],urn:newsml:newsroom:20241011:nNRAu4oddn:0,NS:GLOROU,CABK.MC
2024-10-11 16:22:24.768,Weekly: CaixaBank (CABK: EUR5.36) shares post best week in four weeks; +6c [1.1%],urn:newsml:newsroom:20241011:nNRAu4nc26:0,NS:GLOWEE,CABK.MC
2024-10-11 16:22:21.889,CaixaBank (CABK: EUR5.36) lifts 1.1% strengthening above moving average price; +6c [1.1%],urn:newsml:newsroom:20241011:nNRAu4nc1j:0,NS:GLOSTO,CABK.MC
2024-10-11 06:42:06.725,CaixaBank strengthens 2% in past 3 months,urn:newsml:newsroom:20241011:nNRAu4fk3s:0,NS:GLOROU,CABK.MC
2024-10-11 02:42:08.818,CaixaBank strengthens 2% in past 3 months,urn:newsml:newsroom:20241011:nNRAu4dnii:0,NS:GLOROU,CABK.MC
2024-10-10 22:37:09.047,CaixaBank strengthens 2% in past 3 months,urn:newsml:newsroom:20241010:nNRAu4bxnh:0,NS:GLOROU,CABK.MC
2024-10-10 16:22:25.666,CaixaBank (CABK: EUR5.30) drops on increasing volatility; -2c [0.4%],urn:newsml:newsroom:20241010:nNRAu48ipi:0,NS:GLOSTO,CABK.MC
2024-10-10 14:32:30.754,CaixaBank adds 6% in past 3 months,urn:newsml:newsroom:20241010:nNRAu46jql:0,NS:GLOROU,CABK.MC
2024-10-10 10:22:56.831,CaixaBank adds 6% in past 3 months,urn:newsml:newsroom:20241010:nNRAu43aus:0,NS:GLOROU,CABK.MC
2024-10-10 06:17:53.164,CaixaBank adds 6% in past 3 months,urn:newsml:newsroom:20241010:nNRAu40ijr:0,NS:GLOROU,CABK.MC
2024-10-09 16:22:15.604,CaixaBank (CABK: EUR5.32) offers dividend yield of 7.3%; -3c [0.6%],urn:newsml:newsroom:20241009:nNRAu3ty1x:0,NS:GLOSTO,CABK.MC
2024-10-09 12:42:05.971,CaixaBank increases 5% in past 3 months,urn:newsml:newsroom:20241009:nNRAu3qy8v:0,NS:GLOROU,CABK.MC
2024-10-09 08:42:49.643,CaixaBank increases 5% in past 3 months,urn:newsml:newsroom:20241009:nNRAu3nxjm:0,NS:GLOROU,CABK.MC
2024-10-09 07:08:00.774,CaixaBank- 5 Reasons Investors Remain Bullish,urn:newsml:newsroom:20241009:nNRAu3mz1g:0,NS:GLOSTO,CABK.MC
2024-10-09 06:07:48.916,How CaixaBank's dividend compares to Unicaja Banco,urn:newsml:newsroom:20241009:nNRAu3melo:0,NS:GLOSTO,CABK.MC
2024-10-09 04:37:08.330,CaixaBank increases 5% in past 3 months,urn:newsml:newsroom:20241009:nNRAu3lpyd:0,NS:GLOROU,CABK.MC
2024-10-08 17:08:16.459,How CaixaBank's Tax Rate compares to Its Peers,urn:newsml:newsroom:20241008:nNRAu3gptn:0,NS:GLOSTO,CABK.MC
2024-10-08 16:22:15.937,CaixaBank (CABK: EUR5.35) offers dividend yield of 7.3%; -2c [0.4%],urn:newsml:newsroom:20241008:nNRAu3g0j9:0,NS:GLOSTO,CABK.MC
2024-10-08 16:07:42.296,CaixaBank continues to underperform Banco Santander by 5.6% in the past month,urn:newsml:newsroom:20241008:nNRAu3fvfp:0,NS:GLOSTO,CABK.MC
2024-10-08 15:08:10.808,CaixaBank continues to underperform Banco Bilbao Vizcaya Argentaria by 5.6% in the past month,urn:newsml:newsroom:20241008:nNRAu3f4c8:0,NS:GLOSTO,CABK.MC
2024-10-08 14:07:49.172,CaixaBank Continues to Outperform its Peers,urn:newsml:newsroom:20241008:nNRAu3e7kt:0,NS:GLOSTO,CABK.MC
2024-10-08 11:37:19.804,CaixaBank increases 5% in past 3 months,urn:newsml:newsroom:20241008:nNRAu3c10x:0,NS:GLOROU,CABK.MC
2024-10-08 10:08:07.039,How CaixaBank's dividend compares to Bankinter,urn:newsml:newsroom:20241008:nNRAu3b0m8:0,NS:GLOSTO,CABK.MC
2024-10-08 10:08:06.452,How Banco Bilbao Vizcaya Argentaria's dividend compares to CaixaBank,urn:newsml:newsroom:20241008:nNRAu3b10p:0,NS:GLOSTO,CABK.MC
2024-10-08 09:08:17.495,How CaixaBank's dividend compares to Banco de Sabadell,urn:newsml:newsroom:20241008:nNRAu39wk7:0,NS:GLOSTO,CABK.MC
2024-10-08 08:08:50.496,How CaixaBank's dividend compares to Banco Bilbao Vizcaya Argentaria,urn:newsml:newsroom:20241008:nNRAu39a2r:0,NS:GLOSTO,CABK.MC
2024-10-08 07:42:35.378,CaixaBank increases 5% in past 3 months,urn:newsml:newsroom:20241008:nNRAu38zbz:0,NS:GLOROU,CABK.MC
2024-10-08 07:08:17.313,How CaixaBank's dividend compares to Banco Santander,urn:newsml:newsroom:20241008:nNRAu38l6n:0,NS:GLOSTO,CABK.MC
2024-10-08 06:08:19.472,How CaixaBank's dividend compares to Its Peers,urn:newsml:newsroom:20241008:nNRAu38176:0,NS:GLOSTO,CABK.MC
2024-10-08 03:27:58.936,CaixaBank increases 5% in past 3 months,urn:newsml:newsroom:20241008:nNRAu36mz4:0,NS:GLOROU,CABK.MC
2024-10-07 20:52:19.905,"Monthly: CaixaBank ADR (CAIXY: $1.96) decreases 2%, trailing 58% of ADRs",urn:newsml:newsroom:20241007:nNRAu33mp0:0,NS:GLOROU,CABK.MC
2024-10-07 15:47:26.971,"CaixaBank (CABK: EUR5.37) keeps rising, up 5.7% in 4 days; +29c [5.7%]",urn:newsml:newsroom:20241007:nNRAu30uap:0,NS:GLOSTO,CABK.MC
2024-10-07 14:43:36.791,Monthly: CaixaBank (CABK: EUR5.36) falls 2% on thin volume in September 2024,urn:newsml:newsroom:20241007:nNRAu300hc:0,NS:GLOSTP,CABK.MC
2024-10-07 12:37:15.916,Weekly: CaixaBank ADR (CAIXY: $1.93) down 6% in 2 weeks; -12c [5.9%],urn:newsml:newsroom:20241007:nNRAu2y9r9:0,NS:GLOROU,CABK.MC
2024-10-07 12:13:17.935,"Gortázar (CaixaBank): the takeover bid for Sabadell has not produced a ""special business opportunity"" for other banks",urn:newsml:newsroom:20241007:nNRAu2y1va:0,NS:NOTENG,CABK.MC
2024-10-07 11:37:21.103,Weekly: CaixaBank ADR (CAIXY: $1.93) down 6% in 2 weeks; -12c [5.9%],urn:newsml:newsroom:20241007:nNRAu2xa9g:0,NS:GLOROU,CABK.MC
2024-10-07 10:37:07.097,Weekly: CaixaBank ADR (CAIXY: $1.93) down 6% in 2 weeks; -12c [5.9%],urn:newsml:newsroom:20241007:nNRAu2wh0h:0,NS:GLOROU,CABK.MC
2024-10-07 08:08:46.122,CaixaBank continues to outperform Unicaja Banco by 9.7% in the past month,urn:newsml:newsroom:20241007:nNRAu2ur1p:0,NS:GLOSTO,CABK.MC
2024-10-07 07:07:11.182,CaixaBank continues to outperform Bankinter by 1.9% in the past month,urn:newsml:newsroom:20241007:nNRAu2u4sl:0,NS:GLOSTO,CABK.MC
2024-10-07 06:37:16.829,Weekly: CaixaBank ADR (CAIXY: $1.93) down 6% in 2 weeks; -12c [5.9%],urn:newsml:newsroom:20241007:nNRAu2tww7:0,NS:GLOROU,CABK.MC
2024-10-07 06:22:12.888,Weekly: CaixaBank (CABK: EUR5.30) down 3.8% in 2 weeks; -21c [3.8%],urn:newsml:newsroom:20241007:nNRAu2tojp:0,NS:GLOSTO,CABK.MC
2024-10-07 06:07:02.524,CaixaBank continues to underperform Banco de Sabadell by 1.4% in the past month,urn:newsml:newsroom:20241007:nNRAu2thhr:0,NS:GLOSTO,CABK.MC
2024-10-06 13:12:51.680,"CaixaBank joins ICO financing for companies, entrepreneurs and green projects",urn:newsml:newsroom:20241006:nNRAu2oowa:0,NS:NOTENG,CABK.MC
2024-10-05 16:07:38.383,CaixaBank strengthens 3% in past 3 months,urn:newsml:newsroom:20241005:nNRAu2jocm:0,NS:GLOROU,CABK.MC
2024-10-05 08:27:22.035,CaixaBank strengthens 3% in past 3 months,urn:newsml:newsroom:20241005:nNRAu2gs94:0,NS:GLOROU,CABK.MC
2024-10-05 07:12:59.591,La Cartera' sells Fluidra with a 10% stake and puts CaixaBank on the radar,urn:newsml:newsroom:20241005:nNRAu2g75r:0,NS:NOTENG,CABK.MC
2024-10-05 04:27:41.952,Weekly: CaixaBank (CABK: EUR5.30) down 3.8% in 2 weeks; -14c [2.6%],urn:newsml:newsroom:20241005:nNRAu2exkz:0,NS:GLOWEE,CABK.MC
2024-10-05 04:27:24.428,"Weekly: CaixaBank ADR (CAIXY: $1.93) falls for a second consecutive week, a two-week fall of 6%",urn:newsml:newsroom:20241005:nNRAu2exhu:0,NS:GLOROU,CABK.MC
2024-10-05 04:27:22.033,Weekly: CaixaBank ADR (CAIXY: $1.93) down 6% in 2 weeks; -5c [2.5%],urn:newsml:newsroom:20241005:nNRAu2ew98:0,NS:GLOROU,CABK.MC
2024-10-05 04:22:44.461,CaixaBank strengthens 3% in past 3 months,urn:newsml:newsroom:20241005:nNRAu2evzk:0,NS:GLOROU,CABK.MC
2024-10-04 18:07:04.115,German trading: CaixaBank (48CA: EUR5.14) in 2nd consecutive rise; +9c [1.8%] Vol Index 2.2 [1 is avg],urn:newsml:newsroom:20241004:nNRAu2b430:0,NS:GERCOM,CABK.MC
2024-10-04 16:22:52.300,Weekly: CaixaBank (CABK: EUR5.30) down 3.8% in 2 weeks; -14c [2.6%],urn:newsml:newsroom:20241004:nNRAu29854:0,NS:GLOWEE,CABK.MC
2024-10-04 16:22:18.486,Weekly: CaixaBank (CABK: EUR5.30) down 3.8% in 2 weeks; -21c [3.8%],urn:newsml:newsroom:20241004:nNRAu2989x:0,NS:GLOSTO,CABK.MC
2024-10-04 16:22:17.641,CaixaBank (CABK: EUR5.30) offers dividend yield of 7.4%; +13c [2.5%],urn:newsml:newsroom:20241004:nNRAu296us:0,NS:GLOSTO,CABK.MC
2024-10-04 15:42:37.653,CaixaBank ADR (CAIXY: $1.91) climbs 2.7% strengthening above moving average price; +5c [2.7%],urn:newsml:newsroom:20241004:nNRAu28qwy:0,NS:GLOROU,CABK.MC
2024-10-04 15:32:02.061,CaixaBank strengthens its commitment to financial education,urn:newsml:newsroom:20241004:nNRAu28mv0:0,NS:INDBAN,CABK.MC
2024-10-04 12:02:19.476,CaixaBank strengthens 4% in past 3 months,urn:newsml:newsroom:20241004:nNRAu25vy6:0,NS:GLOROU,CABK.MC
2024-10-04 08:42:59.502,CaixaBank strengthens 4% in past 3 months,urn:newsml:newsroom:20241004:nNRAu22yo1:0,NS:GLOROU,CABK.MC
2024-10-04 06:27:23.000,Spanish stocks - Factors to watch on Oct 4,urn:newsml:reuters.com:20241004:nL8N3LG03T:1,NS:RTRS,CABK.MC
2024-10-04 04:02:58.722,CaixaBank strengthens 4% in past 3 months,urn:newsml:newsroom:20241004:nNRAu1zxh9:0,NS:GLOROU,CABK.MC
2024-10-03 18:17:02.567,Caixabank (CABK.MC) is trading 0.63 percent higher on Thursday 3rd of October and has a trading volume of EUR 60.4 mn,urn:newsml:newsroom:20241003:nNRAu1vkxm:0,NS:STOCKP,CABK.MC
2024-10-03 17:22:33.167,CaixaBank ADR (CAIXY: $1.89) climbs 1.1% strengthening above moving average price; +2c [1.1%],urn:newsml:newsroom:20241003:nNRAu1v05t:0,NS:GLOROU,CABK.MC
2024-10-03 16:22:25.964,CaixaBank ADR (CAIXY: $1.89) lifts 1.1% against the trend; +2c [1.1%],urn:newsml:newsroom:20241003:nNRAu1u6ch:0,NS:GLOROU,CABK.MC
2024-10-03 16:22:18.298,CaixaBank (CABK: EUR5.17) in 2nd consecutive rise; +9c [1.8%],urn:newsml:newsroom:20241003:nNRAu1u616:0,NS:GLOSTO,CABK.MC
2024-10-03 15:42:27.526,CaixaBank ADR (CAIXY: $1.88) in 2nd consecutive rise; +1c [0.5%],urn:newsml:newsroom:20241003:nNRAu1tozv:0,NS:GLOROU,CABK.MC
2024-10-03 12:13:52.990,Spanish banking profitability reaches 13.8% in the second quarter,urn:newsml:newsroom:20241003:nNRAu1qriy:0,NS:NOTENG,CABK.MC
2024-10-03 11:22:30.283,CaixaBank strengthens 4% in past 3 months,urn:newsml:newsroom:20241003:nNRAu1pz0x:0,NS:GLOROU,CABK.MC
2024-10-03 07:27:19.167,CaixaBank strengthens 4% in past 3 months,urn:newsml:newsroom:20241003:nNRAu1np09:0,NS:GLOROU,CABK.MC
2024-10-03 03:17:20.613,CaixaBank strengthens 4% in past 3 months,urn:newsml:newsroom:20241003:nNRAu1ljvk:0,NS:GLOROU,CABK.MC
2024-10-02 16:22:27.280,CaixaBank ADR (CAIXY: $1.85) in 4th consecutive fall; -1c [-0.5%],urn:newsml:newsroom:20241002:nNRAu1gw8d:0,NS:GLOROU,CABK.MC
2024-10-02 16:17:50.950,CaixaBank (CABK: EUR5.11) strengthens above moving average price; +3c [0.6%],urn:newsml:newsroom:20241002:nNRAu1gt0d:0,NS:GLOSTO,CABK.MC
2024-10-02 12:37:13.905,CaixaBank strengthens 4% in past 3 months,urn:newsml:newsroom:20241002:nNRAu1dfb3:0,NS:GLOROU,CABK.MC
2024-10-02 10:16:09.694,CaixaBank- 5 Reasons Investors Remain Bullish,urn:newsml:newsroom:20241002:nNRAu1b6vf:0,NS:GLOSTO,CABK.MC
2024-10-02 09:07:39.456,How CaixaBank's Tax Rate compares to Its Peers,urn:newsml:newsroom:20241002:nNRAu1acxx:0,NS:GLOSTO,CABK.MC
2024-10-02 08:37:29.151,CaixaBank strengthens 4% in past 3 months,urn:newsml:newsroom:20241002:nNRAu1a2me:0,NS:GLOROU,CABK.MC
2024-10-02 08:07:42.242,CaixaBank continues to outperform Unicaja Banco by 16.0% year to date,urn:newsml:newsroom:20241002:nNRAu19trg:0,NS:GLOSTO,CABK.MC
2024-10-02 07:24:35.084,CaixaBank continues to outperform Bankinter by 7.0% year to date,urn:newsml:newsroom:20241002:nNRAu18z6y:0,NS:GLOSTO,CABK.MC
2024-10-02 06:17:29.749,How CaixaBank's dividend compares to Unicaja Banco,urn:newsml:newsroom:20241002:nNRAu18l6f:0,NS:GLOSTO,CABK.MC
2024-10-02 04:34:34.013,CaixaBank strengthens 4% in past 3 months,urn:newsml:newsroom:20241002:nNRAu17ftu:0,NS:GLOROU,CABK.MC
2024-10-01 17:07:42.678,CaixaBank continues to outperform Banco Santander by 22.0% year to date,urn:newsml:newsroom:20241001:nNRAu10pb8:0,NS:GLOSTO,CABK.MC
2024-10-01 16:22:19.450,"CaixaBank (CABK: EUR5.08) keeps sliding, down 10% in 3 days; -58c [10.2%] Vol Index 1.3 [1 is avg]",urn:newsml:newsroom:20241001:nNRAu0zxic:0,NS:GLOSTO,CABK.MC
2024-10-01 16:11:21.732,CaixaBank continues to underperform Banco de Sabadell by 28.4% year to date,urn:newsml:newsroom:20241001:nNRAu0zruw:0,NS:GLOSTO,CABK.MC
2024-10-01 15:12:33.474,CaixaBank continues to outperform Banco Bilbao Vizcaya Argentaria by 25.7% year to date,urn:newsml:newsroom:20241001:nNRAu0yxu4:0,NS:GLOSTO,CABK.MC
2024-10-01 14:07:32.312,CaixaBank Continues to Underperform its Peers,urn:newsml:newsroom:20241001:nNRAu0xy9i:0,NS:GLOSTO,CABK.MC
2024-10-01 12:27:24.383,CaixaBank lifts 13% in past 3 months,urn:newsml:newsroom:20241001:nNRAu0wh1u:0,NS:GLOROU,CABK.MC
2024-10-01 10:37:46.937,"Monthly: CaixaBank ADR (CAIXY: $1.96) decreases 2%, trailing 58% of ADRs",urn:newsml:newsroom:20241001:nNRAu0uqcw:0,NS:GLOROU,CABK.MC
2024-10-01 10:07:50.249,How CaixaBank's dividend compares to Bankinter,urn:newsml:newsroom:20241001:nNRAu0udx2:0,NS:GLOSTO,CABK.MC
2024-10-01 09:10:28.887,How CaixaBank's dividend compares to Banco de Sabadell,urn:newsml:newsroom:20241001:nNRAu0tqcx:0,NS:GLOSTO,CABK.MC
2024-10-01 08:27:31.050,CaixaBank lifts 13% in past 3 months,urn:newsml:newsroom:20241001:nNRAu0t6k2:0,NS:GLOROU,CABK.MC
2024-10-01 08:07:53.185,How CaixaBank's dividend compares to Banco Bilbao Vizcaya Argentaria,urn:newsml:newsroom:20241001:nNRAu0swts:0,NS:GLOSTO,CABK.MC
2024-10-01 07:08:45.442,How CaixaBank's dividend compares to Banco Santander,urn:newsml:newsroom:20241001:nNRAu0s54k:0,NS:GLOSTO,CABK.MC
2024-10-01 06:33:19.306,"Monthly: CaixaBank ADR (CAIXY: $1.96) decreases 2%, trailing 58% of ADRs",urn:newsml:newsroom:20241001:nNRAu0rma6:0,NS:GLOROU,CABK.MC
2024-10-01 06:32:41.000,BRIEF-Caixabank To Hold Investor Day On Nov 19,urn:newsml:reuters.com:20241001:nL8N3LD0AI:1,NS:RTRS,CABK.MC
2024-10-01 06:17:06.438,Monthly: CaixaBank (CABK: EUR5.36) decreases 2% on thin volume in September 2024,urn:newsml:newsroom:20241001:nNRAu0r7ib:0,NS:GLOSTO,CABK.MC
2024-10-01 06:12:16.026,How CaixaBank's dividend compares to Its Peers,urn:newsml:newsroom:20241001:nNRAu0r4c8:0,NS:GLOSTO,CABK.MC
2024-10-01 04:46:29.446,"Monthly: CaixaBank ADR (CAIXY: $1.96) decreases 2%, trailing 58% of ADRs",urn:newsml:newsroom:20241001:nNRAu0q22i:0,NS:GLOROU,CABK.MC
2024-10-01 04:22:42.957,CaixaBank lifts 13% in past 3 months,urn:newsml:newsroom:20241001:nNRAu0psd1:0,NS:GLOROU,CABK.MC
2024-09-30 17:27:22.115,CaixaBank ADR (CAIXY: $1.97) decreases ; -1c [-0.5%],urn:newsml:newsroom:20240930:nNRAu0jmay:0,NS:GLOROU,CABK.MC
2024-09-30 16:37:56.871,End-of-Quarter Synopsis Monthly : CaixaBank (CABK: EUR5.36) decreases 2% on thin volume in September 2024,urn:newsml:newsroom:20240930:nNRAu0ioeo:0,NS:GLOSTO,CABK.MC
2024-09-30 16:27:50.789,Monthly: CaixaBank (CABK: EUR5.36) falls 2% on thin volume in September 2024,urn:newsml:newsroom:20240930:nNRAu0ij2d:0,NS:GLOSTP,CABK.MC
2024-09-30 16:25:55.019,CaixaBank (CABK: EUR5.36) offers dividend yield of 7.3%; -8c [1.5%],urn:newsml:newsroom:20240930:nNRAu0iig7:0,NS:GLOSTO,CABK.MC
2024-09-30 15:43:12.275,CaixaBank ADR (CAIXY: $1.97) down 4.8% in 2 days; -1c [-0.5%],urn:newsml:newsroom:20240930:nNRAu0hssr:0,NS:GLOROU,CABK.MC
2024-09-30 12:37:45.159,"Weekly: CaixaBank ADR (CAIXY: $1.98) drops 3.4%, 2 weeks' volume in a week; -7c [3.4%] Vol Index 1.7 [1 is avg]",urn:newsml:newsroom:20240930:nNRAu0f9vv:0,NS:GLOROU,CABK.MC
2024-09-30 10:46:47.611,"Weekly: CaixaBank ADR (CAIXY: $1.98) drops 3.4%, 2 weeks' volume in a week; -7c [3.4%] Vol Index 1.7 [1 is avg]",urn:newsml:newsroom:20240930:nNRAu0d3ma:0,NS:GLOROU,CABK.MC
2024-09-30 09:10:55.207,CaixaBank continues to outperform Bankinter by 0.9% in the past month,urn:newsml:newsroom:20240930:nNRAu0bz8r:0,NS:GLOSTO,CABK.MC
2024-09-30 08:08:06.827,CaixaBank continues to underperform Banco Santander by 5.8% in the past month,urn:newsml:newsroom:20240930:nNRAu0b6z8:0,NS:GLOSTO,CABK.MC
2024-09-30 07:07:28.340,CaixaBank continues to outperform Banco de Sabadell by 1.8% in the past month,urn:newsml:newsroom:20240930:nNRAu0ad6j:0,NS:GLOSTO,CABK.MC
2024-09-30 06:37:17.618,"Weekly: CaixaBank ADR (CAIXY: $1.98) drops 3.4%, 2 weeks' volume in a week; -7c [3.4%] Vol Index 1.7 [1 is avg]",urn:newsml:newsroom:20240930:nNRAu0a4vd:0,NS:GLOROU,CABK.MC
2024-09-30 06:10:03.277,CaixaBank continues to underperform Banco Bilbao Vizcaya Argentaria by 4.0% in the past month,urn:newsml:newsroom:20240930:nNRAu09l9c:0,NS:GLOSTO,CABK.MC
2024-09-29 12:07:22.432,"CaixaBank ADR soars 46% in 2024, beating 92% of the market",urn:newsml:newsroom:20240929:nNRAu03bmk:0,NS:GLOROU,CABK.MC
2024-09-29 06:08:09.954,"CaixaBank ADR soars 46% in 2024, beating 92% of the market",urn:newsml:newsroom:20240929:nNRAu00ub2:0,NS:GLOROU,CABK.MC
2024-09-28 14:49:09.602,CaixaBank climbs 16% in past 3 months,urn:newsml:newsroom:20240928:nNRAtzv20l:0,NS:GLOROU,CABK.MC
2024-09-28 08:00:10.288,CaixaBank climbs 16% in past 3 months,urn:newsml:newsroom:20240928:nNRAtzqjro:0,NS:GLOROU,CABK.MC
2024-09-28 04:27:47.271,Weekly: CaixaBank (CABK: EUR5.44) shares post worst week in three weeks; -7c [1.3%],urn:newsml:newsroom:20240928:nNRAtzoon4:0,NS:GLOWEE,CABK.MC
2024-09-28 04:03:13.249,"CaixaBank ADR soars 46% in 2024, beating 92% of the market",urn:newsml:newsroom:20240928:nNRAtzolov:0,NS:GLOROU,CABK.MC
2024-09-28 04:02:48.566,"Weekly: CaixaBank ADR (CAIXY: $1.98) drops 3.4%, 2 weeks' volume in a week; -7c [3.4%] Vol Index 1.7 [1 is avg]",urn:newsml:newsroom:20240928:nNRAtzoi29:0,NS:GLOROU,CABK.MC
2024-09-28 03:58:58.181,CaixaBank climbs 16% in past 3 months,urn:newsml:newsroom:20240928:nNRAtzoges:0,NS:GLOROU,CABK.MC
2024-09-27 16:23:08.754,Weekly: CaixaBank (CABK: EUR5.44) shares post worst week in three weeks; -7c [1.3%],urn:newsml:newsroom:20240927:nNRAtzhoet:0,NS:GLOWEE,CABK.MC
2024-09-27 16:22:18.448,CaixaBank (CABK: EUR5.44) slides 3.9% on slipping relative strength; -22c [3.9%] Vol Index 1.2 [1 is avg],urn:newsml:newsroom:20240927:nNRAtzhp8g:0,NS:GLOSTO,CABK.MC
2024-09-27 16:13:41.269,Criteria expects to close 2024 with assets worth 31 billion euros,urn:newsml:newsroom:20240927:nNRAtzhk3j:0,NS:NOTENG,CABK.MC
2024-09-27 11:55:56.391,CaixaBank jumps 22% in past 3 months,urn:newsml:newsroom:20240927:nNRAtzdggt:0,NS:GLOROU,CABK.MC
2024-09-27 08:32:21.406,CaixaBank jumps 22% in past 3 months,urn:newsml:newsroom:20240927:nNRAtza66q:0,NS:GLOROU,CABK.MC
2024-09-27 03:48:22.312,CaixaBank jumps 22% in past 3 months,urn:newsml:newsroom:20240927:nNRAtz6qv8:0,NS:GLOROU,CABK.MC
2024-09-26 16:22:27.355,CaixaBank (CABK: EUR5.66) hits year-high 6th time in three months; +18c [3.3%],urn:newsml:newsroom:20240926:nNRAtyzwzk:0,NS:GLOSTO,CABK.MC
2024-09-26 11:52:15.861,CaixaBank lifts 13% in past 3 months,urn:newsml:newsroom:20240926:nNRAtyvj43:0,NS:GLOROU,CABK.MC
2024-09-26 08:55:12.065,Caixabank trades 0.96 percent higher on Thursday 26th of September,urn:newsml:newsroom:20240926:nNRAtysq8w:0,NS:STOCKP,CABK.MC
2024-09-26 07:52:03.637,CaixaBank lifts 13% in past 3 months,urn:newsml:newsroom:20240926:nNRAtyrufy:0,NS:GLOROU,CABK.MC
2024-09-26 06:18:32.068,"CaixaBank Compendium - A Snapshot as of September 25, 2024",urn:newsml:newsroom:20240926:nNRAtyqj39:0,NS:GLOSTO,CABK.MC
2024-09-26 04:12:10.401,Criteria aims to take a stake of up to 5% in Europastry,urn:newsml:newsroom:20240926:nNRAtyp5at:0,NS:NOTENG,CABK.MC
2024-09-26 03:53:19.863,CaixaBank lifts 13% in past 3 months,urn:newsml:newsroom:20240926:nNRAtyoxid:0,NS:GLOROU,CABK.MC
2024-09-25 17:08:44.036,"(EN) CaixaBank, S.A. Carbon Disclosure Project Reported Data (80671425)",urn:newsml:reuters.com:20240925:nGLF6j2mpx:2,NS:GLFILE,CABK.MC
2024-09-25 16:22:17.090,CaixaBank (CABK: EUR5.48) strengthens above moving average price; +5c [0.9%],urn:newsml:newsroom:20240925:nNRAtyhnnu:0,NS:GLOSTO,CABK.MC
2024-09-25 15:42:36.913,CaixaBank ADR (CAIXY: $2.01) down 2.4% in 2 days; -2c [-1.0%] Vol Index 3.9 [1 is avg],urn:newsml:newsroom:20240925:nNRAtygyz7:0,NS:GLOROU,CABK.MC
2024-09-25 14:17:05.203,Caixabank is trading -0.51 percent lower with a volume of EUR 37.8 mn on Wednesday 25th of September,urn:newsml:newsroom:20240925:nNRAtyfloo:0,NS:STOCKP,CABK.MC
2024-09-25 11:42:40.337,CaixaBank climbs 14% in past 3 months,urn:newsml:newsroom:20240925:nNRAtyd4op:0,NS:GLOROU,CABK.MC
2024-09-25 07:42:17.538,CaixaBank climbs 14% in past 3 months,urn:newsml:newsroom:20240925:nNRAty9u1w:0,NS:GLOROU,CABK.MC
2024-09-25 06:07:23.859,How CaixaBank's dividend compares to Unicaja Banco,urn:newsml:newsroom:20240925:nNRAty8n42:0,NS:GLOSTO,CABK.MC
2024-09-25 03:42:56.295,CaixaBank climbs 14% in past 3 months,urn:newsml:newsroom:20240925:nNRAty758e:0,NS:GLOROU,CABK.MC
2024-09-24 16:23:01.218,CaixaBank (CABK: EUR5.43) offers dividend yield of 7.2%; -2c [0.4%],urn:newsml:newsroom:20240924:nNRAty0jop:0,NS:GLOSTO,CABK.MC
2024-09-24 16:07:52.185,CaixaBank- 5 Reasons Investors Remain Bullish,urn:newsml:newsroom:20240924:nNRAty0bil:0,NS:GLOSTO,CABK.MC
2024-09-24 15:39:15.397,Caixabank is trading -1.09 percent lower with a volume of EUR 38.4 mn on Tuesday 24th of September,urn:newsml:newsroom:20240924:nNRAtxzvvo:0,NS:STOCKP,CABK.MC
2024-09-24 15:08:03.552,How CaixaBank's Tax Rate compares to Its Peers,urn:newsml:newsroom:20240924:nNRAtxzevz:0,NS:GLOSTO,CABK.MC
2024-09-24 14:07:43.504,CaixaBank continues to outperform Unicaja Banco by 13.5% year to date,urn:newsml:newsroom:20240924:nNRAtxybdu:0,NS:GLOSTO,CABK.MC
2024-09-24 11:47:28.084,CaixaBank advances 18% in past 3 months,urn:newsml:newsroom:20240924:nNRAtxvyod:0,NS:GLOROU,CABK.MC
2024-09-24 10:07:40.702,How CaixaBank's dividend compares to Bankinter,urn:newsml:newsroom:20240924:nNRAtxusdc:0,NS:GLOSTO,CABK.MC
2024-09-24 09:39:08.866,How CaixaBank's dividend compares to Banco de Sabadell,urn:newsml:newsroom:20240924:nNRAtxtpn9:0,NS:GLOSTO,CABK.MC
2024-09-24 08:08:06.228,How CaixaBank's dividend compares to Banco Bilbao Vizcaya Argentaria,urn:newsml:newsroom:20240924:nNRAtxsx8l:0,NS:GLOSTO,CABK.MC
2024-09-24 07:47:26.900,CaixaBank advances 18% in past 3 months,urn:newsml:newsroom:20240924:nNRAtxsoq9:0,NS:GLOROU,CABK.MC
2024-09-24 07:07:47.054,How CaixaBank's dividend compares to Banco Santander,urn:newsml:newsroom:20240924:nNRAtxs9gu:0,NS:GLOSTO,CABK.MC
2024-09-24 06:07:48.923,How CaixaBank's dividend compares to Its Peers,urn:newsml:newsroom:20240924:nNRAtxrfom:0,NS:GLOSTO,CABK.MC
2024-09-23 19:47:08.791,Caixabank is trading 1.25 percent higher with a volume of EUR 161.2 mn on Monday 23rd of September,urn:newsml:newsroom:20240923:nNRAtxle8f:0,NS:STOCKP,CABK.MC
2024-09-23 16:22:33.404,CaixaBank (CABK: EUR5.45) offers dividend yield of 7.2%; -6c [1.1%],urn:newsml:newsroom:20240923:nNRAtxj3w5:0,NS:GLOSTO,CABK.MC
2024-09-23 12:37:28.945,Weekly: CaixaBank ADR (CAIXY: $2.05) increases 2.0% on average volume,urn:newsml:newsroom:20240923:nNRAtxg6j1:0,NS:GLOROU,CABK.MC
2024-09-23 12:37:23.292,"Weekly: CaixaBank ADR (CAIXY: $2.05) rises for a second consecutive week, a two-week rise of 6%; +11c [5.7%]",urn:newsml:newsroom:20240923:nNRAtxg75r:0,NS:GLOROU,CABK.MC
2024-09-23 11:38:13.825,Weekly: CaixaBank ADR (CAIXY: $2.05) increases 2.0% on average volume,urn:newsml:newsroom:20240923:nNRAtxf4dx:0,NS:GLOROU,CABK.MC
2024-09-23 11:38:01.173,"Weekly: CaixaBank ADR (CAIXY: $2.05) rises for a second consecutive week, a two-week rise of 6%; +11c [5.7%]",urn:newsml:newsroom:20240923:nNRAtxf3zg:0,NS:GLOROU,CABK.MC
2024-09-23 10:37:25.808,Weekly: CaixaBank ADR (CAIXY: $2.05) increases 2.0% on average volume,urn:newsml:newsroom:20240923:nNRAtxeatu:0,NS:GLOROU,CABK.MC
2024-09-23 10:37:21.506,"Weekly: CaixaBank ADR (CAIXY: $2.05) rises for a second consecutive week, a two-week rise of 6%; +11c [5.7%]",urn:newsml:newsroom:20240923:nNRAtxe9te:0,NS:GLOROU,CABK.MC
2024-09-23 09:07:42.774,CaixaBank continues to outperform Bankinter by 11.7% year to date,urn:newsml:newsroom:20240923:nNRAtxdf8o:0,NS:GLOSTO,CABK.MC
2024-09-23 08:08:03.115,CaixaBank continues to outperform Banco Santander by 27.1% year to date,urn:newsml:newsroom:20240923:nNRAtxctqe:0,NS:GLOSTO,CABK.MC
2024-09-23 07:07:11.027,CaixaBank continues to underperform Banco de Sabadell by 28.0% year to date,urn:newsml:newsroom:20240923:nNRAtxc6u8:0,NS:GLOSTO,CABK.MC
2024-09-23 06:37:26.347,Weekly: CaixaBank ADR (CAIXY: $2.05) increases 2.0% on average volume,urn:newsml:newsroom:20240923:nNRAtxbytc:0,NS:GLOROU,CABK.MC
2024-09-23 06:37:15.029,"Weekly: CaixaBank ADR (CAIXY: $2.05) rises for a second consecutive week, a two-week rise of 6%; +11c [5.7%]",urn:newsml:newsroom:20240923:nNRAtxbx23:0,NS:GLOROU,CABK.MC
2024-09-23 06:07:34.130,CaixaBank continues to outperform Banco Bilbao Vizcaya Argentaria by 29.4% year to date,urn:newsml:newsroom:20240923:nNRAtxbjs2:0,NS:GLOSTO,CABK.MC
2024-09-23 00:00:00.000,CaixaBank advances 18% in past 3 months,urn:newsml:newsroom:20240924:nNRAtxpl5t:0,NS:GLOROU,CABK.MC
2024-09-22 18:37:06.877,CaixaBank lifts 12% in past quarter,urn:newsml:newsroom:20240922:nNRAtx8b2h:0,NS:GLOROU,CABK.MC
2024-09-22 14:37:04.760,CaixaBank lifts 12% in past quarter,urn:newsml:newsroom:20240922:nNRAtx77wl:0,NS:GLOROU,CABK.MC
2024-09-21 04:27:15.541,Weekly: CaixaBank (CABK: EUR5.51) up 3.6% in 2 weeks; +3c [0.5%],urn:newsml:newsroom:20240921:nNRAtww1ba:0,NS:GLOWEE,CABK.MC
2024-09-21 04:04:34.267,Caixabank is trading 1 percent higher with a volume of EUR 39.8 mn on Saturday 21st of September,urn:newsml:newsroom:20240921:nNRAtwvudp:0,NS:STOCKP,CABK.MC
2024-09-20 17:22:05.130,CaixaBank ADR (CAIXY: $2.04) strengthens above moving average price; +2c [1.0%],urn:newsml:newsroom:20240920:nNRAtwqmo8:0,NS:GLOROU,CABK.MC
2024-09-20 16:22:36.851,Weekly: CaixaBank (CABK: EUR5.51) up 3.6% in 2 weeks; +3c [0.5%],urn:newsml:newsroom:20240920:nNRAtwpsxq:0,NS:GLOWEE,CABK.MC
2024-09-20 16:22:15.569,CaixaBank (CABK: EUR5.51) in 3rd consecutive rise; +13c [2.4%],urn:newsml:newsroom:20240920:nNRAtwpt7k:0,NS:GLOSTO,CABK.MC
2024-09-20 14:13:29.086,Citi reiterates its idyll with CaixaBank but places Unicaja among its least liked banks in Europe,urn:newsml:newsroom:20240920:nNRAtwnyl6:0,NS:NOTENG,CABK.MC
2024-09-20 11:42:09.973,CaixaBank lifts 11% in past quarter,urn:newsml:newsroom:20240920:nNRAtwlmoo:0,NS:GLOROU,CABK.MC
2024-09-20 08:32:26.853,CaixaBank lifts 11% in past quarter,urn:newsml:newsroom:20240920:nNRAtwj9li:0,NS:GLOROU,CABK.MC
2024-09-20 00:00:00.000,"Weekly: CaixaBank ADR (CAIXY: $2.05) rises for a second consecutive week, a two-week rise of 6%; +4c [2.0%]",urn:newsml:newsroom:20240922:nNRAtx610i:0,NS:GLOROU,CABK.MC
2024-09-20 00:00:00.000,CaixaBank lifts 12% in past quarter,urn:newsml:newsroom:20240922:nNRAtx5y1z:0,NS:GLOROU,CABK.MC
2024-09-19 16:22:26.284,CaixaBank (CABK: EUR5.45) in 2nd consecutive rise; +7c [1.3%],urn:newsml:newsroom:20240919:nNRAtwaju6:0,NS:GLOSTO,CABK.MC
2024-09-19 11:32:14.971,"Wednesday September 18, 2024 All You Need to Know About the CaixaBank ADR Today",urn:newsml:newsroom:20240919:nNRAtw67bg:0,NS:GLOROU,CABK.MC
2024-09-19 07:42:43.467,"Wednesday September 18, 2024 All You Need to Know About the CaixaBank ADR Today",urn:newsml:newsroom:20240919:nNRAtw3csh:0,NS:GLOROU,CABK.MC
2024-09-19 06:30:00.000,CaixaBank appoints Carmen González Novo as new commercial director in Malaga,urn:newsml:newsroom:20240920:nNRAtwo5f3:0,NS:INDBAN,CABK.MC
2024-09-19 00:00:00.000,CaixaBank lifts 11% in past quarter,urn:newsml:newsroom:20240920:nNRAtwgmqb:0,NS:GLOROU,CABK.MC
2024-09-18 16:22:32.417,CaixaBank ADR (CAIXY: $1.97) down 2.5% in 2 days; -1c [-0.5%] Vol Index 2.4 [1 is avg],urn:newsml:newsroom:20240918:nNRAtvvsic:0,NS:GLOROU,CABK.MC
2024-09-18 16:17:19.302,CaixaBank (CABK: EUR5.39) strengthens above moving average price; +1c [0.2%],urn:newsml:newsroom:20240918:nNRAtvvrgv:0,NS:GLOSTO,CABK.MC
2024-09-18 15:31:49.716,CaixaBank appoints Carmen González Novo as new commercial director in Andalusia,urn:newsml:newsroom:20240918:nNRAtvv6az:0,NS:INDBAN,CABK.MC
2024-09-18 11:42:10.555,"Tuesday September 17, 2024 What Happened Today to the CaixaBank ADR",urn:newsml:newsroom:20240918:nNRAtvrx2z:0,NS:GLOROU,CABK.MC
2024-09-18 07:42:09.501,"Tuesday September 17, 2024 What Happened Today to the CaixaBank ADR",urn:newsml:newsroom:20240918:nNRAtvpa16:0,NS:GLOROU,CABK.MC
2024-09-18 06:30:00.000,CaixaBank appoints Carmen González Novo as new commercial director in Ceuta and Melilla,urn:newsml:newsroom:20240921:nNRAtx0t9b:0,NS:INDBAN,CABK.MC
2024-09-18 00:00:00.000,"Wednesday September 18, 2024 All You Need to Know About the CaixaBank ADR Today",urn:newsml:newsroom:20240919:nNRAtw1dpp:0,NS:GLOROU,CABK.MC
2024-09-17 16:17:25.430,CaixaBank (CABK: EUR5.38) offers dividend yield of 7.2%; -5c [0.9%],urn:newsml:newsroom:20240917:nNRAtvhbsq:0,NS:GLOSTO,CABK.MC
2024-09-17 13:13:27.298,Ángel Simón hires his most trusted man at Agbar to Criteria Caixa,urn:newsml:newsroom:20240917:nNRAtvf4kb:0,NS:NOTENG,CABK.MC
2024-09-17 12:12:36.040,Criteria appoints Ciril Rozman as new internal operations manager,urn:newsml:newsroom:20240917:nNRAtve5uo:0,NS:NOTENG,CABK.MC
2024-09-17 11:32:25.056,"Monday September 16, 2024 CaixaBank ADR Compendium - A Snapshot as of September 16",urn:newsml:newsroom:20240917:nNRAtvdjma:0,NS:GLOROU,CABK.MC
2024-09-17 09:08:07.614,CaixaBank- 5 Reasons Investors Remain Bullish,urn:newsml:newsroom:20240917:nNRAtvc0l0:0,NS:GLOSTO,CABK.MC
2024-09-17 08:07:16.179,How CaixaBank's Tax Rate compares to Its Peers,urn:newsml:newsroom:20240917:nNRAtvbgty:0,NS:GLOSTO,CABK.MC
2024-09-17 07:27:30.864,"Monday September 16, 2024 CaixaBank ADR Compendium - A Snapshot as of September 16",urn:newsml:newsroom:20240917:nNRAtvb4sn:0,NS:GLOROU,CABK.MC
2024-09-17 07:07:57.557,CaixaBank continues to outperform Unicaja Banco by 18.5% in the past three months,urn:newsml:newsroom:20240917:nNRAtvavdw:0,NS:GLOSTO,CABK.MC
2024-09-17 06:08:06.775,How CaixaBank's dividend compares to Unicaja Banco,urn:newsml:newsroom:20240917:nNRAtvae7p:0,NS:GLOSTO,CABK.MC
2024-09-17 00:00:00.000,"Tuesday September 17, 2024 What Happened Today to the CaixaBank ADR",urn:newsml:newsroom:20240918:nNRAtvn6ly:0,NS:GLOROU,CABK.MC
2024-09-16 17:08:51.858,CaixaBank continues to outperform Bankinter by 4.6% in the past three months,urn:newsml:newsroom:20240916:nNRAtv3q3b:0,NS:GLOSTO,CABK.MC
2024-09-16 16:17:13.200,CaixaBank (CABK: EUR5.43) offers dividend yield of 7.2%; -5c [0.9%],urn:newsml:newsroom:20240916:nNRAtv2zdw:0,NS:GLOSTO,CABK.MC
2024-09-16 16:07:31.159,CaixaBank continues to outperform Banco Santander by 9.8% in the past three months,urn:newsml:newsroom:20240916:nNRAtv2vg5:0,NS:GLOSTO,CABK.MC
2024-09-16 15:07:27.835,CaixaBank continues to outperform Banco de Sabadell by 4.4% in the past three months,urn:newsml:newsroom:20240916:nNRAtv24hu:0,NS:GLOSTO,CABK.MC
2024-09-16 14:07:38.881,CaixaBank continues to outperform Banco Bilbao Vizcaya Argentaria by 8.6% in the past three months,urn:newsml:newsroom:20240916:nNRAtv1870:0,NS:GLOSTO,CABK.MC
2024-09-16 11:37:00.796,Weekly: CaixaBank ADR (CAIXY: $2.01) lifts 3.6% on average volume; +7c [3.6%],urn:newsml:newsroom:20240916:nNRAtuz9p3:0,NS:GLOROU,CABK.MC
2024-09-16 10:37:08.503,Weekly: CaixaBank ADR (CAIXY: $2.01) lifts 3.6% on average volume; +7c [3.6%],urn:newsml:newsroom:20240916:nNRAtuyig3:0,NS:GLOROU,CABK.MC
2024-09-16 10:08:08.387,How CaixaBank's dividend compares to Bankinter,urn:newsml:newsroom:20240916:nNRAtuy956:0,NS:GLOSTO,CABK.MC
2024-09-16 09:08:10.121,How CaixaBank's dividend compares to Banco de Sabadell,urn:newsml:newsroom:20240916:nNRAtuxqb2:0,NS:GLOSTO,CABK.MC
2024-09-16 08:07:45.238,How CaixaBank's dividend compares to Banco Bilbao Vizcaya Argentaria,urn:newsml:newsroom:20240916:nNRAtux73m:0,NS:GLOSTO,CABK.MC
2024-09-16 07:07:50.163,How CaixaBank's dividend compares to Banco Santander,urn:newsml:newsroom:20240916:nNRAtuwmo2:0,NS:GLOSTO,CABK.MC
2024-09-16 06:37:14.727,Weekly: CaixaBank ADR (CAIXY: $2.01) lifts 3.6% on average volume; +7c [3.6%],urn:newsml:newsroom:20240916:nNRAtuwfw1:0,NS:GLOROU,CABK.MC
2024-09-16 06:08:59.793,How CaixaBank's dividend compares to Its Peers,urn:newsml:newsroom:20240916:nNRAtuw3bt:0,NS:GLOSTO,CABK.MC
2024-09-16 00:00:00.000,"Monday September 16, 2024 CaixaBank ADR Compendium - A Snapshot as of September 16",urn:newsml:newsroom:20240917:nNRAtv92a9:0,NS:GLOROU,CABK.MC
2024-09-15 12:07:27.224,CaixaBank ADR soars 48% in 2024,urn:newsml:newsroom:20240915:nNRAtursp5:0,NS:GLOROU,CABK.MC
2024-09-15 06:07:25.048,CaixaBank ADR soars 48% in 2024,urn:newsml:newsroom:20240915:nNRAtuptc0:0,NS:GLOROU,CABK.MC
2024-09-14 15:32:39.503,"Friday September 13, 2024 What Happened Today to the CaixaBank ADR",urn:newsml:newsroom:20240914:nNRAtumrlp:0,NS:GLOROU,CABK.MC
2024-09-14 08:12:17.311,"Friday September 13, 2024 What Happened Today to the CaixaBank ADR",urn:newsml:newsroom:20240914:nNRAtujri2:0,NS:GLOROU,CABK.MC
2024-09-14 04:21:54.994,Weekly: CaixaBank (CABK: EUR5.48) lifts 3.0% - outperforming 91% of stocks; +16c [3.0%],urn:newsml:newsroom:20240914:nNRAtuiasq:0,NS:GLOWEE,CABK.MC
2024-09-13 16:22:39.653,Weekly: CaixaBank (CABK: EUR5.48) lifts 3.0% - outperforming 91% of stocks; +16c [3.0%],urn:newsml:newsroom:20240913:nNRAtuc4nu:0,NS:GLOWEE,CABK.MC
2024-09-13 16:17:31.734,CaixaBank (CABK: EUR5.48) up 2.8% in 2 days; +15c [2.8%],urn:newsml:newsroom:20240913:nNRAtuc2x4:0,NS:GLOSTO,CABK.MC
2024-09-13 11:52:04.592,"Thursday September 12, 2024 CaixaBank ADR Compendium - A Snapshot as of September 12",urn:newsml:newsroom:20240913:nNRAtu7kef:0,NS:GLOROU,CABK.MC
2024-09-13 08:27:22.140,"Thursday September 12, 2024 CaixaBank ADR Compendium - A Snapshot as of September 12",urn:newsml:newsroom:20240913:nNRAtu4shl:0,NS:GLOROU,CABK.MC
2024-09-13 00:00:00.000,CaixaBank ADR soars 48% in 2024,urn:newsml:newsroom:20240914:nNRAtui9k5:0,NS:GLOROU,CABK.MC
2024-09-13 00:00:00.000,Weekly: CaixaBank ADR (CAIXY: $2.01) lifts 3.6% on average volume; +7c [3.6%],urn:newsml:newsroom:20240914:nNRAtui8qt:0,NS:GLOROU,CABK.MC
2024-09-13 00:00:00.000,"Friday September 13, 2024 What Happened Today to the CaixaBank ADR",urn:newsml:newsroom:20240914:nNRAtui4l8:0,NS:GLOROU,CABK.MC
2024-09-12 16:17:19.613,CaixaBank (CABK: EUR5.47) climbs 2.6% strengthening above moving average price; +14c [2.6%],urn:newsml:newsroom:20240912:nNRAttvssh:0,NS:GLOSTO,CABK.MC
2024-09-12 11:32:17.870,"Wednesday September 11, 2024 All You Need to Know About the CaixaBank ADR Today",urn:newsml:newsroom:20240912:nNRAttrd4f:0,NS:GLOROU,CABK.MC
2024-09-12 07:32:13.723,"Wednesday September 11, 2024 All You Need to Know About the CaixaBank ADR Today",urn:newsml:newsroom:20240912:nNRAttotel:0,NS:GLOROU,CABK.MC
2024-09-12 00:00:00.000,"Thursday September 12, 2024 CaixaBank ADR Compendium - A Snapshot as of September 12",urn:newsml:newsroom:20240913:nNRAtu2aaj:0,NS:GLOROU,CABK.MC
2024-09-11 19:11:44.044,"CaixaBank breaks its all-time record in Castilla y León and exceeds 237,000 direct deposit of payroll accounts",urn:newsml:newsroom:20240911:nNRAtti9k0:0,NS:NOTENG,CABK.MC
2024-09-11 16:17:42.629,CaixaBank (CABK: EUR5.33) drops 1.1% on increasing volatility; -6c [1.1%],urn:newsml:newsroom:20240911:nNRAttgba5:0,NS:GLOSTO,CABK.MC
2024-09-11 13:12:48.560,CaixaBank beats its all-time record and exceeds six million direct deposit of payroll accounts,urn:newsml:newsroom:20240911:nNRAtte15r:0,NS:NOTENG,CABK.MC
2024-09-11 11:32:42.704,"Tuesday September 10, 2024 What Happened Today to the CaixaBank ADR",urn:newsml:newsroom:20240911:nNRAttcgnd:0,NS:GLOROU,CABK.MC
2024-09-11 07:27:12.860,"Tuesday September 10, 2024 What Happened Today to the CaixaBank ADR",urn:newsml:newsroom:20240911:nNRAtt9i38:0,NS:GLOROU,CABK.MC
2024-09-11 06:30:00.000,"CaixaBank breaks its historic record in Extremadura and exceeds 56,000 direct deposits",urn:newsml:newsroom:20240913:nNRAtu4u4b:0,NS:INDBAN,CABK.MC
2024-09-11 06:30:00.000,"CaixaBank breaks its historic record in Castilla-La Mancha and exceeds 190,000 direct deposits",urn:newsml:newsroom:20240913:nNRAtu308x:0,NS:INDBAN,CABK.MC
2024-09-11 06:30:00.000,"CaixaBank breaks its historical record in the Region of Murcia and exceeds 222,000 direct deposits",urn:newsml:newsroom:20240912:nNRAttv3uv:0,NS:INDBAN,CABK.MC
2024-09-11 06:30:00.000,"CaixaBank breaks its historic record in Castilla y León and exceeds 237,000 direct deposits",urn:newsml:newsroom:20240912:nNRAttv3md:0,NS:INDBAN,CABK.MC
2024-09-11 06:30:00.000,"CaixaBank breaks its historic record in Navarra and exceeds 116,000 direct deposits",urn:newsml:newsroom:20240912:nNRAttv3m3:0,NS:INDBAN,CABK.MC
2024-09-11 06:30:00.000,"CaixaBank breaks its historic record in Andalusia and exceeds 907,000 direct deposits",urn:newsml:newsroom:20240912:nNRAttosd2:0,NS:INDBAN,CABK.MC
2024-09-11 00:00:00.000,"Wednesday September 11, 2024 All You Need to Know About the CaixaBank ADR Today",urn:newsml:newsroom:20240912:nNRAttmpez:0,NS:GLOROU,CABK.MC
2024-09-10 16:47:49.000,CaixaBank prices EUR750m 4NC3 SP FRN / EUR1.25bn 8NC7 social SNP - UPDATE,urn:newsml:reuters.com:20240910:nIfp1Kz97:1,NS:IFR,CABK.MC
2024-09-10 16:34:40.000,Demand eases as unprecedented AT1 spree continues,urn:newsml:reuters.com:20240910:nIfp8zSmqS:1,NS:IFR,CABK.MC
2024-09-10 16:17:18.008,CaixaBank (CABK: EUR5.39) offers dividend yield of 7.2%; -4c [0.7%],urn:newsml:newsroom:20240910:nNRAtt1dtm:0,NS:GLOSTO,CABK.MC
2024-09-10 15:29:01.000,CaixaBank prices EUR750m 4NC3 SP FRN / EUR1.25bn 8NC7 social SNP,urn:newsml:reuters.com:20240910:nIfp5M1xMb:1,NS:IFR,CABK.MC
2024-09-10 14:59:16.000,Allocs out for CaixaBank EUR750m 4NC3 SP FRN / EUR1.25bn 8NC7 social SNP,urn:newsml:reuters.com:20240910:nIfp4LFPY5:1,NS:IFR,CABK.MC
2024-09-10 11:53:11.000,CaixaBank launched: EUR750m 4NC3 SP FRN / EUR1.25bn 8NC7 social SNP,urn:newsml:reuters.com:20240910:nIfp9ty0Td:1,NS:IFR,CABK.MC
2024-09-10 11:32:13.363,"Monday September 09, 2024 CaixaBank ADR Compendium - A Snapshot as of September 09",urn:newsml:newsroom:20240910:nNRAtsxdr0:0,NS:GLOROU,CABK.MC
2024-09-10 10:58:47.000,"Books for CaixaBank 4NC3 SP FRN / 8NC7 social SNP over EUR4.6bn, spreads set",urn:newsml:reuters.com:20240910:nIfpXp6F1:1,NS:IFR,CABK.MC
2024-09-10 10:14:04.208,CaixaBank appoints Gerardo Cuartero as Territorial Director of Castilla y León,urn:newsml:newsroom:20240910:nNRAtswhbd:0,NS:NOTENG,CABK.MC
2024-09-10 09:07:36.000,Books for CaixaBank 4NC3 SP FRN / 8NC7 social SNP over EUR3bn,urn:newsml:reuters.com:20240910:nIfp3FVC41:1,NS:IFR,CABK.MC
2024-09-10 07:37:21.553,"Monday September 09, 2024 CaixaBank ADR Compendium - A Snapshot as of September 09",urn:newsml:newsroom:20240910:nNRAtsuwyp:0,NS:GLOROU,CABK.MC
2024-09-10 06:57:59.000,"CaixaBank mandates EUR 4NC3 SP FRN / 8NC7 social SNP, tbp today",urn:newsml:reuters.com:20240910:nIfp4r0Gkt:1,NS:IFR,CABK.MC
2024-09-10 00:00:00.000,"Tuesday September 10, 2024 What Happened Today to the CaixaBank ADR",urn:newsml:newsroom:20240911:nNRAtt7arf:0,NS:GLOROU,CABK.MC
2024-09-09 17:23:37.513,CaixaBank ADR (CAIXY: $1.96) lifts 1.0% strengthening above moving average price; +2c [1.0%],urn:newsml:newsroom:20240909:nNRAtsmwlm:0,NS:GLOROU,CABK.MC
2024-09-09 16:17:17.666,CaixaBank (CABK: EUR5.43) in top 2% performers of IBEX 35 Index; +11c [2.1%],urn:newsml:newsroom:20240909:nNRAtsm1n1:0,NS:GLOSTO,CABK.MC
2024-09-09 13:31:11.000,"Lone Star considers sale of Portugal's Novo Banco as well as IPO, sources say",urn:newsml:reuters.com:20240909:nL8N3KO0PJ:1,NS:RTRS,CABK.MC
2024-09-09 12:37:06.931,Weekly: CaixaBank ADR (CAIXY: $1.94) posts worst week in five weeks; -6c [3.0%],urn:newsml:newsroom:20240909:nNRAtsj7q4:0,NS:GLOROU,CABK.MC
2024-09-09 11:37:12.031,Weekly: CaixaBank ADR (CAIXY: $1.94) posts worst week in five weeks; -6c [3.0%],urn:newsml:newsroom:20240909:nNRAtsi8h4:0,NS:GLOROU,CABK.MC
2024-09-09 10:37:55.989,Weekly: CaixaBank ADR (CAIXY: $1.94) posts worst week in five weeks; -6c [3.0%],urn:newsml:newsroom:20240909:nNRAtshhlv:0,NS:GLOROU,CABK.MC
2024-09-09 10:37:49.340,Monthly: CaixaBank ADR (CAIXY: $2.0) rises 5% on high volatility in August 2024,urn:newsml:newsroom:20240909:nNRAtshiy7:0,NS:GLOROU,CABK.MC
2024-09-09 06:37:09.700,Weekly: CaixaBank ADR (CAIXY: $1.94) posts worst week in five weeks; -6c [3.0%],urn:newsml:newsroom:20240909:nNRAtse9rz:0,NS:GLOROU,CABK.MC
2024-09-09 00:00:00.000,"Monday September 09, 2024 CaixaBank ADR Compendium - A Snapshot as of September 09",urn:newsml:newsroom:20240910:nNRAtssbll:0,NS:GLOROU,CABK.MC
2024-09-07 15:27:30.551,"Friday September 06, 2024 What Happened Today to the CaixaBank ADR",urn:newsml:newsroom:20240907:nNRAts3vby:0,NS:GLOROU,CABK.MC
2024-09-07 08:57:07.914,"Friday September 06, 2024 What Happened Today to the CaixaBank ADR",urn:newsml:newsroom:20240907:nNRAts1ff7:0,NS:GLOROU,CABK.MC
2024-09-07 04:57:03.658,Weekly: CaixaBank (CABK: EUR5.32) shares post worst week in five weeks; -14c [2.6%],urn:newsml:newsroom:20240907:nNRAts016z:0,NS:GLOWEE,CABK.MC
2024-09-06 16:07:24.363,"Thursday September 05, 2024 CaixaBank ADR Compendium - A Snapshot as of September 05",urn:newsml:newsroom:20240906:nNRAtrtvxt:0,NS:GLOROU,CABK.MC
2024-09-06 12:12:46.959,Santander 'steals' from CaixaBank the architect of its private banking success in recent years,urn:newsml:newsroom:20240906:nNRAtrr5kb:0,NS:NOTENG,CABK.MC
2024-09-06 12:07:28.952,"Thursday September 05, 2024 CaixaBank ADR Compendium - A Snapshot as of September 05",urn:newsml:newsroom:20240906:nNRAtrqyd4:0,NS:GLOROU,CABK.MC
2024-09-06 10:31:48.000,CaixaBank SA - CaixaBank's Management Committee appoints Belén Martín as new Head of Private Banking,urn:newsml:reuters.com:20240906:nNDL6X1nXf:1,NS:PUBT,CABK.MC
2024-09-06 00:00:00.000,Weekly: CaixaBank ADR (CAIXY: $1.94) posts worst week in five weeks; -6c [3.0%],urn:newsml:newsroom:20240907:nNRAts02ry:0,NS:GLOROU,CABK.MC
2024-09-06 00:00:00.000,"Friday September 06, 2024 What Happened Today to the CaixaBank ADR",urn:newsml:newsroom:20240907:nNRAts01fg:0,NS:GLOROU,CABK.MC
2024-09-06 00:00:00.000,Weekly: CaixaBank (CABK: EUR5.32) shares post worst week in five weeks; -14c [2.6%],urn:newsml:newsroom:20240907:nNRAts00gd:0,NS:GLOWEE,CABK.MC
2024-09-06 00:00:00.000,CaixaBank (CABK: EUR5.32) offers dividend yield of 7.3%; -5c [0.9%],urn:newsml:newsroom:20240907:nNRAts00a8:0,NS:GLOSTO,CABK.MC
2024-09-05 17:22:18.504,CaixaBank ADR (CAIXY: $1.96) lifts 1.0% strengthening above moving average price; +2c [1.0%],urn:newsml:newsroom:20240905:nNRAtrgyu1:0,NS:GLOROU,CABK.MC
2024-09-05 16:17:22.639,"CaixaBank (CABK: EUR5.37) adds EUR600 million ($665 million) (1.5%) in MCap, top heavyweight rise in Banks company; +8c [1.5%]",urn:newsml:newsroom:20240905:nNRAtrg3n0:0,NS:GLOSTO,CABK.MC
2024-09-05 11:32:35.970,"Wednesday September 04, 2024 All You Need to Know About the CaixaBank ADR Today",urn:newsml:newsroom:20240905:nNRAtrc90n:0,NS:GLOROU,CABK.MC
2024-09-05 07:32:32.722,"Wednesday September 04, 2024 All You Need to Know About the CaixaBank ADR Today",urn:newsml:newsroom:20240905:nNRAtr6f5p:0,NS:GLOROU,CABK.MC
2024-09-05 00:00:00.000,"Thursday September 05, 2024 CaixaBank ADR Compendium - A Snapshot as of September 05",urn:newsml:newsroom:20240906:nNRAtrnuio:0,NS:GLOROU,CABK.MC
2024-09-04 16:17:30.239,CaixaBank (CABK: EUR5.29) offers dividend yield of 7.4%; -15c [2.8%],urn:newsml:newsroom:20240904:nNRAtqsxa1:0,NS:GLOSTO,CABK.MC
2024-09-04 12:47:08.773,Can CaixaBank rebound after recent dip?,urn:newsml:newsroom:20240904:nNRAtqoda8:0,NS:GLOROU,CABK.MC
2024-09-04 11:37:04.267,"Tuesday September 03, 2024 What Happened Today to the CaixaBank ADR",urn:newsml:newsroom:20240904:nNRAtqluoh:0,NS:GLOROU,CABK.MC
2024-09-04 07:37:32.707,"Tuesday September 03, 2024 What Happened Today to the CaixaBank ADR",urn:newsml:newsroom:20240904:nNRAtqif7v:0,NS:GLOROU,CABK.MC
2024-09-04 00:00:00.000,"Wednesday September 04, 2024 All You Need to Know About the CaixaBank ADR Today",urn:newsml:newsroom:20240905:nNRAtqyssf:0,NS:GLOROU,CABK.MC
2024-09-03 14:43:13.360,Monthly: CaixaBank (CABK: EUR5.46) rises 1% on high volatility in August 2024,urn:newsml:newsroom:20240903:nNRAtq9inz:0,NS:GLOSTP,CABK.MC
2024-09-03 10:37:49.097,Monthly: CaixaBank ADR (CAIXY: $2.0) rises 5% on high volatility in August 2024,urn:newsml:newsroom:20240903:nNRAtq5x3d:0,NS:GLOROU,CABK.MC
2024-09-03 08:07:26.852,How CaixaBank's Tax Rate compares to Its Peers,urn:newsml:newsroom:20240903:nNRAtq412k:0,NS:GLOSTO,CABK.MC
2024-09-03 06:07:40.664,Monthly: CaixaBank ADR (CAIXY: $2.0) rises 5% on high volatility in August 2024,urn:newsml:newsroom:20240903:nNRAtq2mzl:0,NS:GLOROU,CABK.MC
2024-09-03 00:00:00.000,"Tuesday September 03, 2024 What Happened Today to the CaixaBank ADR",urn:newsml:newsroom:20240904:nNRAtqg6g2:0,NS:GLOROU,CABK.MC
2024-09-02 16:16:54.230,CaixaBank (CABK: EUR5.44) decreases; -2c [0.4%],urn:newsml:newsroom:20240902:nNRAtpwo1b:0,NS:GLOSTO,CABK.MC
2024-09-02 06:38:18.913,Monthly: CaixaBank (CABK: EUR5.46) rises 1% on high volatility in August 2024,urn:newsml:newsroom:20240902:nNRAtpqeg5:0,NS:GLOSTO,CABK.MC
2024-09-02 06:13:26.528,CaixaBank reorganizes subsidiaries: injects 45 million in Credifimo and integrates it with CHM,urn:newsml:newsroom:20240902:nNRAtppv2m:0,NS:NOTENG,CABK.MC
2024-08-31 11:52:06.391,"Friday August 30, 2024 What Happened Today to the CaixaBank ADR",urn:newsml:newsroom:20240831:nNRAtpe03t:0,NS:GLOROU,CABK.MC
2024-08-31 07:52:03.918,"Friday August 30, 2024 What Happened Today to the CaixaBank ADR",urn:newsml:newsroom:20240831:nNRAtpcijg:0,NS:GLOROU,CABK.MC
2024-08-31 04:29:04.016,"Weekly: CaixaBank (CABK: EUR5.46) rises for a fourth consecutive week, a four-week rise of 12%; +9c [1.7%]",urn:newsml:newsroom:20240831:nNRAtpb93g:0,NS:GLOWEE,CABK.MC
2024-08-30 16:22:28.772,"Weekly: CaixaBank (CABK: EUR5.46) rises for a fourth consecutive week, a four-week rise of 12%; +9c [1.7%]",urn:newsml:newsroom:20240830:nNRAtp5qc0:0,NS:GLOWEE,CABK.MC
2024-08-30 16:22:13.036,Monthly: CaixaBank (CABK: EUR5.46) rises 1% on high volatility in August 2024,urn:newsml:newsroom:20240830:nNRAtp5pk7:0,NS:GLOSTP,CABK.MC
2024-08-30 16:17:14.787,CaixaBank (CABK: EUR5.46) closes at 6.3% above VWAP; +6c [1.1%],urn:newsml:newsroom:20240830:nNRAtp5not:0,NS:GLOSTO,CABK.MC
2024-08-30 11:57:03.085,"Thursday August 29, 2024 CaixaBank ADR Compendium - A Snapshot as of August 29",urn:newsml:newsroom:20240830:nNRAtp2bo2:0,NS:GLOROU,CABK.MC
2024-08-30 08:42:15.773,"Thursday August 29, 2024 CaixaBank ADR Compendium - A Snapshot as of August 29",urn:newsml:newsroom:20240830:nNRAtozxxx:0,NS:GLOROU,CABK.MC
2024-08-30 00:00:00.000,Monthly: CaixaBank ADR (CAIXY: $2.0) rises 5% on high volatility in August 2024,urn:newsml:newsroom:20240831:nNRAtpb3fg:0,NS:GLOROU,CABK.MC
2024-08-30 00:00:00.000,"Weekly: CaixaBank ADR (CAIXY: $2.0) rises for a third consecutive week, a three-week rise of 12%; +3.6c [1.8%] Vol Index 1.3 [1 is avg]",urn:newsml:newsroom:20240831:nNRAtpazsu:0,NS:GLOROU,CABK.MC
2024-08-30 00:00:00.000,"Friday August 30, 2024 What Happened Today to the CaixaBank ADR",urn:newsml:newsroom:20240831:nNRAtpay5s:0,NS:GLOROU,CABK.MC
2024-08-29 16:17:03.004,CaixaBank (CABK: EUR5.40) decreases on slipping relative strength; -5c [0.9%],urn:newsml:newsroom:20240829:nNRAtosk5j:0,NS:GLOSTO,CABK.MC
2024-08-29 11:32:22.893,"Wednesday August 28, 2024 All You Need to Know About the CaixaBank ADR Today",urn:newsml:newsroom:20240829:nNRAtop7aa:0,NS:GLOROU,CABK.MC
2024-08-29 07:32:07.361,"Wednesday August 28, 2024 All You Need to Know About the CaixaBank ADR Today",urn:newsml:newsroom:20240829:nNRAtomi5e:0,NS:GLOROU,CABK.MC
2024-08-28 12:17:42.008,"Tuesday August 27, 2024 What Happened Today to the CaixaBank ADR",urn:newsml:newsroom:20240828:nNRAtobga7:0,NS:GLOROU,CABK.MC
2024-08-28 08:17:26.834,"Tuesday August 27, 2024 What Happened Today to the CaixaBank ADR",urn:newsml:newsroom:20240828:nNRAto8ek5:0,NS:GLOROU,CABK.MC
2024-08-28 05:13:42.101,CaixaBank squeezes the money market and raises €7 billion in the midst of falling interest rates,urn:newsml:newsroom:20240828:nNRAto694c:0,NS:NOTENG,CABK.MC
2024-08-28 00:00:00.000,"Wednesday August 28, 2024 All You Need to Know About the CaixaBank ADR Today",urn:newsml:newsroom:20240829:nNRAtok2l2:0,NS:GLOROU,CABK.MC
2024-08-27 16:17:24.483,CaixaBank (CABK: EUR5.45) in 4th consecutive rise; +13c [2.4%],urn:newsml:newsroom:20240827:nNRAtnznss:0,NS:GLOSTO,CABK.MC
2024-08-27 15:11:37.000,UPDATE 4-Spanish train maker Talgo's shares drop as government blocks takeover,urn:newsml:reuters.com:20240827:nL8N3KE0PE:1,NS:RTRS,CABK.MC
2024-08-27 11:47:42.528,"Monday August 26, 2024 CaixaBank ADR Compendium - A Snapshot as of August 26",urn:newsml:newsroom:20240827:nNRAtnvzk6:0,NS:GLOROU,CABK.MC
2024-08-27 09:07:41.286,How CaixaBank's Tax Rate compares to Its Peers,urn:newsml:newsroom:20240827:nNRAtnu82q:0,NS:GLOSTO,CABK.MC
2024-08-27 07:47:21.163,"Monday August 26, 2024 CaixaBank ADR Compendium - A Snapshot as of August 26",urn:newsml:newsroom:20240827:nNRAtntdcs:0,NS:GLOROU,CABK.MC
2024-08-27 00:00:00.000,"Tuesday August 27, 2024 What Happened Today to the CaixaBank ADR",urn:newsml:newsroom:20240828:nNRAto5rmn:0,NS:GLOROU,CABK.MC
2024-08-26 16:17:19.262,CaixaBank (CABK: EUR5.38) strengthens above moving average price; +1c [0.2%],urn:newsml:newsroom:20240826:nNRAtnl707:0,NS:GLOSTO,CABK.MC
2024-08-26 11:37:17.651,Weekly: CaixaBank ADR (CAIXY: $1.96) up 10% in 2 weeks; +17.9c [10.0%],urn:newsml:newsroom:20240826:nNRAtnh7vm:0,NS:GLOROU,CABK.MC
2024-08-26 10:37:16.433,Weekly: CaixaBank ADR (CAIXY: $1.96) up 10% in 2 weeks; +17.9c [10.0%],urn:newsml:newsroom:20240826:nNRAtnggws:0,NS:GLOROU,CABK.MC
2024-08-26 06:37:14.350,Weekly: CaixaBank ADR (CAIXY: $1.96) up 10% in 2 weeks; +17.9c [10.0%],urn:newsml:newsroom:20240826:nNRAtnebqd:0,NS:GLOROU,CABK.MC
2024-08-26 00:00:00.000,"Monday August 26, 2024 CaixaBank ADR Compendium - A Snapshot as of August 26",urn:newsml:newsroom:20240827:nNRAtnr3zq:0,NS:GLOROU,CABK.MC
2024-08-25 12:07:24.721,"CaixaBank ADR soars 44% in 2024, beating 94% of the market",urn:newsml:newsroom:20240825:nNRAtn9ebk:0,NS:GLOROU,CABK.MC
2024-08-25 06:07:25.958,"CaixaBank ADR soars 44% in 2024, beating 94% of the market",urn:newsml:newsroom:20240825:nNRAtn7dr2:0,NS:GLOROU,CABK.MC
2024-08-24 15:22:33.953,"Friday August 23, 2024 What Happened Today to the CaixaBank ADR",urn:newsml:newsroom:20240824:nNRAtn4ghf:0,NS:GLOROU,CABK.MC
2024-08-24 08:32:09.811,"Friday August 23, 2024 What Happened Today to the CaixaBank ADR",urn:newsml:newsroom:20240824:nNRAtn2be7:0,NS:GLOROU,CABK.MC
2024-08-24 04:21:52.557,Weekly: CaixaBank (CABK: EUR5.37) keeps rising: up 10% in 3 weeks; +9c [1.7%],urn:newsml:newsroom:20240824:nNRAtn0sd1:0,NS:GLOWEE,CABK.MC
2024-08-23 16:22:26.917,Weekly: CaixaBank (CABK: EUR5.37) keeps rising: up 10% in 3 weeks; +9c [1.7%],urn:newsml:newsroom:20240823:nNRAtmuwts:0,NS:GLOWEE,CABK.MC
2024-08-23 16:17:22.951,CaixaBank (CABK: EUR5.37) in 2nd consecutive rise; +5c [0.9%],urn:newsml:newsroom:20240823:nNRAtmuu7l:0,NS:GLOSTO,CABK.MC
2024-08-23 11:17:13.629,"Thursday August 22, 2024 CaixaBank ADR Compendium - A Snapshot as of August 22",urn:newsml:newsroom:20240823:nNRAtmquf6:0,NS:GLOROU,CABK.MC
2024-08-23 08:42:10.774,"Thursday August 22, 2024 CaixaBank ADR Compendium - A Snapshot as of August 22",urn:newsml:newsroom:20240823:nNRAtmou7z:0,NS:GLOROU,CABK.MC
2024-08-23 00:00:00.000,"CaixaBank ADR soars 44% in 2024, beating 94% of the market",urn:newsml:newsroom:20240824:nNRAtn0wjq:0,NS:GLOROU,CABK.MC
2024-08-23 00:00:00.000,"Friday August 23, 2024 What Happened Today to the CaixaBank ADR",urn:newsml:newsroom:20240824:nNRAtn0tlq:0,NS:GLOROU,CABK.MC
2024-08-23 00:00:00.000,Weekly: CaixaBank ADR (CAIXY: $1.96) up 10% in 2 weeks; +3.4c [1.8%],urn:newsml:newsroom:20240824:nNRAtn0thw:0,NS:GLOROU,CABK.MC
2024-08-23 00:00:00.000,German trading: CaixaBank (48CA: EUR5.36) lifts 1.3% strengthening above moving average price; +7c [1.3%],urn:newsml:newsroom:20240824:nNRAtn0q2f:0,NS:GERCOM,CABK.MC
2024-08-22 16:17:20.016,CaixaBank (CABK: EUR5.34) offers dividend yield of 7.3%; +2c [0.4%],urn:newsml:newsroom:20240822:nNRAtmgecp:0,NS:GLOSTO,CABK.MC
2024-08-22 07:32:08.056,"Wednesday August 21, 2024 All You Need to Know About the CaixaBank ADR Today",urn:newsml:newsroom:20240822:nNRAtm9gq5:0,NS:GLOROU,CABK.MC
2024-08-22 00:00:00.000,"Thursday August 22, 2024 CaixaBank ADR Compendium - A Snapshot as of August 22",urn:newsml:newsroom:20240823:nNRAtmlvqx:0,NS:GLOROU,CABK.MC
2024-08-21 13:13:45.815,Jefferies raises price targets for CaixaBank and Bankinter after earnings presentations,urn:newsml:newsroom:20240821:nNRAtlzhnq:0,NS:NOTENG,CABK.MC
2024-08-21 11:42:23.707,"Tuesday August 20, 2024 What Happened Today to the CaixaBank ADR",urn:newsml:newsroom:20240821:nNRAtly3fv:0,NS:GLOROU,CABK.MC
2024-08-21 07:42:59.899,"Tuesday August 20, 2024 What Happened Today to the CaixaBank ADR",urn:newsml:newsroom:20240821:nNRAtlveit:0,NS:GLOROU,CABK.MC
2024-08-21 00:00:00.000,"Wednesday August 21, 2024 All You Need to Know About the CaixaBank ADR Today",urn:newsml:newsroom:20240822:nNRAtm77ir:0,NS:GLOROU,CABK.MC
2024-08-20 16:17:20.737,CaixaBank (CABK: EUR5.32) offers dividend yield of 7.3%; -2c [0.4%],urn:newsml:newsroom:20240820:nNRAtlnn9j:0,NS:GLOSTO,CABK.MC
2024-08-20 11:37:08.820,"Monday August 19, 2024 CaixaBank ADR Compendium - A Snapshot as of August 19",urn:newsml:newsroom:20240820:nNRAtljjuc:0,NS:GLOROU,CABK.MC
2024-08-20 09:07:37.415,How CaixaBank's Tax Rate compares to Its Peers,urn:newsml:newsroom:20240820:nNRAtlhyf1:0,NS:GLOSTO,CABK.MC
2024-08-20 07:37:38.633,"Monday August 19, 2024 CaixaBank ADR Compendium - A Snapshot as of August 19",urn:newsml:newsroom:20240820:nNRAtlh0hf:0,NS:GLOROU,CABK.MC
2024-08-20 00:00:00.000,"Tuesday August 20, 2024 What Happened Today to the CaixaBank ADR",urn:newsml:newsroom:20240821:nNRAtltc9y:0,NS:GLOROU,CABK.MC
2024-08-19 12:37:16.019,Weekly: CaixaBank ADR (CAIXY: $1.93) jumps 8% on average volume; +14.5c [8.1%],urn:newsml:newsroom:20240819:nNRAtl6sky:0,NS:GLOROU,CABK.MC
2024-08-19 11:37:22.901,Weekly: CaixaBank ADR (CAIXY: $1.93) jumps 8% on average volume; +14.5c [8.1%],urn:newsml:newsroom:20240819:nNRAtl5os1:0,NS:GLOROU,CABK.MC
2024-08-19 10:37:39.318,Weekly: CaixaBank ADR (CAIXY: $1.93) jumps 8% on average volume; +14.5c [8.1%],urn:newsml:newsroom:20240819:nNRAtl50dn:0,NS:GLOROU,CABK.MC
2024-08-19 06:37:14.067,Weekly: CaixaBank ADR (CAIXY: $1.93) jumps 8% on average volume; +14.5c [8.1%],urn:newsml:newsroom:20240819:nNRAtl2r2t:0,NS:GLOROU,CABK.MC
2024-08-19 00:00:00.000,"Monday August 19, 2024 CaixaBank ADR Compendium - A Snapshot as of August 19",urn:newsml:newsroom:20240820:nNRAtleihx:0,NS:GLOROU,CABK.MC
2024-08-19 00:00:00.000,CaixaBank (CABK: EUR5.34) lifts 1.1% strengthening above moving average price; +6c [1.1%],urn:newsml:newsroom:20240820:nNRAtlef8m:0,NS:GLOSTO,CABK.MC
2024-08-17 15:28:38.134,"Friday August 16, 2024 What Happened Today to the CaixaBank ADR",urn:newsml:newsroom:20240817:nNRAtkryo9:0,NS:GLOROU,CABK.MC
2024-08-17 08:22:10.525,"Friday August 16, 2024 What Happened Today to the CaixaBank ADR",urn:newsml:newsroom:20240817:nNRAtkpskp:0,NS:GLOROU,CABK.MC
2024-08-17 04:27:53.823,Weekly: CaixaBank (CABK: EUR5.28) in top 1% performers of IBEX 35 Index in past week; +33c [6.7%],urn:newsml:newsroom:20240817:nNRAtkobwv:0,NS:GLOWEE,CABK.MC
2024-08-16 16:22:20.220,Weekly: CaixaBank (CABK: EUR5.28) in top 1% performers of IBEX 35 Index in past week; +33c [6.7%],urn:newsml:newsroom:20240816:nNRAtkigau:0,NS:GLOWEE,CABK.MC
2024-08-16 16:17:19.558,CaixaBank (CABK: EUR5.28) decreases; -1c [0.2%],urn:newsml:newsroom:20240816:nNRAtkif79:0,NS:GLOSTO,CABK.MC
2024-08-16 11:37:17.269,"Thursday August 15, 2024 CaixaBank ADR Compendium - A Snapshot as of August 15",urn:newsml:newsroom:20240816:nNRAtkenm4:0,NS:GLOROU,CABK.MC
2024-08-16 07:53:26.155,"Thursday August 15, 2024 CaixaBank ADR Compendium - A Snapshot as of August 15",urn:newsml:newsroom:20240816:nNRAtkc32r:0,NS:GLOROU,CABK.MC
2024-08-16 00:00:00.000,Weekly: CaixaBank ADR (CAIXY: $1.93) jumps 8% on average volume; +14.5c [8.1%],urn:newsml:newsroom:20240817:nNRAtkobdf:0,NS:GLOROU,CABK.MC
2024-08-16 00:00:00.000,"Friday August 16, 2024 What Happened Today to the CaixaBank ADR",urn:newsml:newsroom:20240817:nNRAtko94c:0,NS:GLOROU,CABK.MC
2024-08-15 16:17:14.232,CaixaBank (CABK: EUR5.29) offers dividend yield of 7.4%; +18c [3.5%],urn:newsml:newsroom:20240815:nNRAtk4s6j:0,NS:GLOSTO,CABK.MC
2024-08-15 11:17:22.999,"Wednesday August 14, 2024 All You Need to Know About the CaixaBank ADR Today",urn:newsml:newsroom:20240815:nNRAtk0r9k:0,NS:GLOROU,CABK.MC
2024-08-15 07:22:37.281,"Wednesday August 14, 2024 All You Need to Know About the CaixaBank ADR Today",urn:newsml:newsroom:20240815:nNRAtjy8yj:0,NS:GLOROU,CABK.MC
2024-08-15 00:00:00.000,"Thursday August 15, 2024 CaixaBank ADR Compendium - A Snapshot as of August 15",urn:newsml:newsroom:20240816:nNRAtk9xky:0,NS:GLOROU,CABK.MC
2024-08-14 16:18:51.205,CaixaBank (CABK: EUR5.11) in top 1% performers of IBEX 35 Index; +7c [1.4%],urn:newsml:newsroom:20240814:nNRAtjr2oq:0,NS:GLOSTO,CABK.MC
2024-08-14 11:17:19.186,"Tuesday August 13, 2024 What Happened Today to the CaixaBank ADR",urn:newsml:newsroom:20240814:nNRAtjmkys:0,NS:GLOROU,CABK.MC
2024-08-14 08:13:17.397,"Tuesday August 13, 2024 What Happened Today to the CaixaBank ADR",urn:newsml:newsroom:20240814:nNRAtjk5nr:0,NS:GLOROU,CABK.MC
2024-08-14 00:00:00.000,"Wednesday August 14, 2024 All You Need to Know About the CaixaBank ADR Today",urn:newsml:newsroom:20240815:nNRAtjwaa8:0,NS:GLOROU,CABK.MC
2024-08-13 16:17:23.911,"CaixaBank (CABK: EUR5.04) accelerates rise, up 2.0% in 3 days; +10c [2.0%]",urn:newsml:newsroom:20240813:nNRAtjbtgh:0,NS:GLOSTO,CABK.MC
2024-08-13 11:32:12.500,"Monday August 12, 2024 CaixaBank ADR Compendium - A Snapshot as of August 12",urn:newsml:newsroom:20240813:nNRAtj87jx:0,NS:GLOROU,CABK.MC
2024-08-13 07:47:30.302,"Monday August 12, 2024 CaixaBank ADR Compendium - A Snapshot as of August 12",urn:newsml:newsroom:20240813:nNRAtj624m:0,NS:GLOROU,CABK.MC
2024-08-13 00:00:00.000,"Tuesday August 13, 2024 What Happened Today to the CaixaBank ADR",urn:newsml:newsroom:20240814:nNRAtjhpo5:0,NS:GLOROU,CABK.MC
2024-08-12 16:17:19.408,CaixaBank (CABK: EUR4.98) strengthens above moving average price; +3c [0.6%],urn:newsml:newsroom:20240812:nNRAtixlhw:0,NS:GLOSTO,CABK.MC
2024-08-12 12:37:47.620,Weekly: CaixaBank ADR (CAIXY: $1.78) keeps sliding: down 8% in 3 weeks; -16.3c [8.4%],urn:newsml:newsroom:20240812:nNRAtiud9f:0,NS:GLOROU,CABK.MC
2024-08-12 11:37:15.224,Weekly: CaixaBank ADR (CAIXY: $1.78) keeps sliding: down 8% in 3 weeks; -16.3c [8.4%],urn:newsml:newsroom:20240812:nNRAtitdaw:0,NS:GLOROU,CABK.MC
2024-08-12 10:37:41.590,Weekly: CaixaBank ADR (CAIXY: $1.78) keeps sliding: down 8% in 3 weeks; -16.3c [8.4%],urn:newsml:newsroom:20240812:nNRAtisnx3:0,NS:GLOROU,CABK.MC
2024-08-12 10:37:30.377,"Monthly: CaixaBank ADR (CAIXY: $1.91) gains 10%, beating 94% of ADRs",urn:newsml:newsroom:20240812:nNRAtisltd:0,NS:GLOROU,CABK.MC
2024-08-12 06:37:21.680,Weekly: CaixaBank ADR (CAIXY: $1.78) keeps sliding: down 8% in 3 weeks; -16.3c [8.4%],urn:newsml:newsroom:20240812:nNRAtiqc3w:0,NS:GLOROU,CABK.MC
2024-08-12 00:00:00.000,"Monday August 12, 2024 CaixaBank ADR Compendium - A Snapshot as of August 12",urn:newsml:newsroom:20240813:nNRAtj3n07:0,NS:GLOROU,CABK.MC
2024-08-11 12:07:29.495,CaixaBank ADR jumps 31% in 2024,urn:newsml:newsroom:20240811:nNRAtiltfd:0,NS:GLOROU,CABK.MC
2024-08-11 06:07:31.314,CaixaBank ADR jumps 31% in 2024,urn:newsml:newsroom:20240811:nNRAtikdws:0,NS:GLOROU,CABK.MC
2024-08-10 15:37:06.308,"Friday August 09, 2024 What Happened Today to the CaixaBank ADR",urn:newsml:newsroom:20240810:nNRAtifpfb:0,NS:GLOROU,CABK.MC
2024-08-10 08:48:04.982,"Friday August 09, 2024 What Happened Today to the CaixaBank ADR",urn:newsml:newsroom:20240810:nNRAticax5:0,NS:GLOROU,CABK.MC
2024-08-10 04:27:52.182,Weekly: CaixaBank (CABK: EUR4.95) in top 3% performers of IBEX 35 Index in past week; +7c [1.4%],urn:newsml:newsroom:20240810:nNRAtia165:0,NS:GLOWEE,CABK.MC
2024-08-09 16:44:36.614,Weekly: CaixaBank (CABK: EUR4.95) in top 3% performers of IBEX 35 Index in past week; +7c [1.4%],urn:newsml:newsroom:20240809:nNRAti39bp:0,NS:GLOWEE,CABK.MC
2024-08-09 16:40:57.604,CaixaBank (CABK: EUR4.95) offers dividend yield of 7.9%; +1c [0.2%],urn:newsml:newsroom:20240809:nNRAti2zwy:0,NS:GLOSTO,CABK.MC
2024-08-09 12:04:11.284,"Thursday August 08, 2024 CaixaBank ADR Compendium - A Snapshot as of August 08",urn:newsml:newsroom:20240809:nNRAthymeq:0,NS:GLOROU,CABK.MC
2024-08-09 08:50:13.986,"Thursday August 08, 2024 CaixaBank ADR Compendium - A Snapshot as of August 08",urn:newsml:newsroom:20240809:nNRAthvgbv:0,NS:GLOROU,CABK.MC
2024-08-09 00:00:00.000,CaixaBank ADR jumps 31% in 2024,urn:newsml:newsroom:20240810:nNRAtiak99:0,NS:GLOROU,CABK.MC
2024-08-09 00:00:00.000,"Friday August 09, 2024 What Happened Today to the CaixaBank ADR",urn:newsml:newsroom:20240810:nNRAtia7n6:0,NS:GLOROU,CABK.MC
2024-08-08 11:52:15.293,"Wednesday August 07, 2024 All You Need to Know About the CaixaBank ADR Today",urn:newsml:newsroom:20240808:nNRAthifa4:0,NS:GLOROU,CABK.MC
2024-08-08 07:52:21.365,"Wednesday August 07, 2024 All You Need to Know About the CaixaBank ADR Today",urn:newsml:newsroom:20240808:nNRAthfqwj:0,NS:GLOROU,CABK.MC
2024-08-08 00:00:00.000,"Thursday August 08, 2024 CaixaBank ADR Compendium - A Snapshot as of August 08",urn:newsml:newsroom:20240809:nNRAthsdrb:0,NS:GLOROU,CABK.MC
2024-08-07 16:17:50.639,CaixaBank (CABK: EUR4.94) in top 1% performers of IBEX 35 Index; +17c [3.6%],urn:newsml:newsroom:20240807:nNRAth7aay:0,NS:GLOSTO,CABK.MC
2024-08-07 16:01:08.869,"Tuesday August 06, 2024 What Happened Today to the CaixaBank ADR",urn:newsml:newsroom:20240807:nNRAth6t8d:0,NS:GLOROU,CABK.MC
2024-08-07 11:47:31.892,"Tuesday August 06, 2024 What Happened Today to the CaixaBank ADR",urn:newsml:newsroom:20240807:nNRAth2xgd:0,NS:GLOROU,CABK.MC
2024-08-07 00:00:00.000,"Wednesday August 07, 2024 All You Need to Know About the CaixaBank ADR Today",urn:newsml:newsroom:20240808:nNRAthdf39:0,NS:GLOROU,CABK.MC
2024-08-06 16:17:26.626,CaixaBank (CABK: EUR4.77) offers dividend yield of 8.2%; -1c [0.2%],urn:newsml:newsroom:20240806:nNRAtgry52:0,NS:GLOSTO,CABK.MC
2024-08-06 15:37:30.166,CaixaBank ADR (CAIXY: $1.73) in 5th consecutive fall; -2c [-1.1%] Vol Index 3.3 [1 is avg],urn:newsml:newsroom:20240806:nNRAtgrhj5:0,NS:GLOROU,CABK.MC
2024-08-06 09:08:02.395,How CaixaBank's Tax Rate compares to Its Peers,urn:newsml:newsroom:20240806:nNRAtgm7q6:0,NS:GLOSTO,CABK.MC
2024-08-06 08:57:32.756,"Monday August 05, 2024 CaixaBank ADR Compendium - A Snapshot as of August 05",urn:newsml:newsroom:20240806:nNRAtgm413:0,NS:GLOROU,CABK.MC
2024-08-06 04:57:28.154,"Monday August 05, 2024 CaixaBank ADR Compendium - A Snapshot as of August 05",urn:newsml:newsroom:20240806:nNRAtgjily:0,NS:GLOROU,CABK.MC
2024-08-06 00:00:00.000,"Tuesday August 06, 2024 What Happened Today to the CaixaBank ADR",urn:newsml:newsroom:20240807:nNRAth0esq:0,NS:GLOROU,CABK.MC
2024-08-05 17:12:20.074,"CaixaBank mobilizes more than 67,000 million euros in sustainable finances",urn:newsml:newsroom:20240805:nNRAtge11v:0,NS:NOTENG,CABK.MC
2024-08-05 16:22:15.692,CaixaBank ADR (CAIXY: $1.73) in 4th consecutive fall; -6c [-3.4%],urn:newsml:newsroom:20240805:nNRAtgd85x:0,NS:GLOROU,CABK.MC
2024-08-05 16:17:19.551,CaixaBank (CABK: EUR4.78) in 4th consecutive fall; -64c [11.8%] Vol Index 1.3 [1 is avg],urn:newsml:newsroom:20240805:nNRAtgd6kh:0,NS:GLOSTO,CABK.MC
2024-08-05 14:43:31.432,"Monthly: CaixaBank (CABK: EUR5.39) adds EUR3 billion ($4 billion) in MCap in July, leads Banks company gains",urn:newsml:newsroom:20240805:nNRAtgbtgk:0,NS:GLOSTP,CABK.MC
2024-08-05 13:13:00.614,"VidaCaixa earns 602.3 million up to June, up 15%.",urn:newsml:newsroom:20240805:nNRAtgau6m:0,NS:NOTENG,CABK.MC
2024-08-05 13:12:07.335,VidaCaixa increases profit by 15% and exceeds 600 million euros,urn:newsml:newsroom:20240805:nNRAtgau4g:0,NS:NOTENG,CABK.MC
2024-08-05 12:37:28.573,Weekly: CaixaBank ADR (CAIXY: $1.79) posts worst week in seven weeks; -14c [7.3%],urn:newsml:newsroom:20240805:nNRAtgacz6:0,NS:GLOROU,CABK.MC
2024-08-05 12:14:11.351,Vidacaixa earns 15% more and surpasses 600 million profit,urn:newsml:newsroom:20240805:nNRAtga5og:0,NS:NOTENG,CABK.MC
2024-08-05 11:37:02.616,Weekly: CaixaBank ADR (CAIXY: $1.79) posts worst week in seven weeks; -14c [7.3%],urn:newsml:newsroom:20240805:nNRAtg9d6w:0,NS:GLOROU,CABK.MC
2024-08-05 10:37:08.997,Weekly: CaixaBank ADR (CAIXY: $1.79) posts worst week in seven weeks; -14c [7.3%],urn:newsml:newsroom:20240805:nNRAtg8jo0:0,NS:GLOROU,CABK.MC
2024-08-05 09:04:51.000,CaixaBank SA - CaixaBank mobilises more than 67 billion euros in sustainable finance,urn:newsml:reuters.com:20240805:nNDLbWjR7X:1,NS:PUBT,CABK.MC
2024-08-05 06:37:23.322,Weekly: CaixaBank ADR (CAIXY: $1.79) posts worst week in seven weeks; -14c [7.3%],urn:newsml:newsroom:20240805:nNRAtg649s:0,NS:GLOROU,CABK.MC
2024-08-05 00:00:00.000,"Monday August 05, 2024 CaixaBank ADR Compendium - A Snapshot as of August 05",urn:newsml:newsroom:20240806:nNRAtgi10g:0,NS:GLOROU,CABK.MC
2024-08-04 06:02:47.350,"Banco Comercial Português, S.A. (BPCGF) Q2 2024 Earnings Call Transcript",urn:newsml:newsroom:20240804:nNRAtfz055:0,NS:SEECOM,CABK.MC
2024-08-03 13:07:36.759,"Banco Bilbao Vizcaya Argentaria, S.A. (BBVA) Q2 2024 Earnings Call Transcript",urn:newsml:newsroom:20240803:nNRAtfuxha:0,NS:SEECOM,CABK.MC
2024-08-03 09:02:22.689,"Friday August 02, 2024 What Happened Today to the CaixaBank ADR",urn:newsml:newsroom:20240803:nNRAtftjls:0,NS:GLOROU,CABK.MC
2024-08-03 05:02:20.681,"Friday August 02, 2024 What Happened Today to the CaixaBank ADR",urn:newsml:newsroom:20240803:nNRAtfs3vk:0,NS:GLOROU,CABK.MC
2024-08-03 04:22:02.133,Weekly: CaixaBank (CABK: EUR4.88) sinks 10% on average volume; -54c [10.0%],urn:newsml:newsroom:20240803:nNRAtfrxmn:0,NS:GLOWEE,CABK.MC
2024-08-02 16:22:38.146,Weekly: CaixaBank (CABK: EUR4.88) sinks 10% on average volume; -54c [10.0%],urn:newsml:newsroom:20240802:nNRAtfmmey:0,NS:GLOWEE,CABK.MC
2024-08-02 16:17:19.315,"CaixaBank (CABK: EUR4.88) in bottom 2% performers of IBEX 35 Index, hits 46-day low; -30c [5.8%] Vol Index 1.4 [1 is avg]",urn:newsml:newsroom:20240802:nNRAtfmjmv:0,NS:GLOSTO,CABK.MC
2024-08-02 15:37:26.957,"CaixaBank ADR (CAIXY: $1.75) accelerates decline, down 8.4% in 2 days; -11.8c [-6.3%]",urn:newsml:newsroom:20240802:nNRAtfm2kd:0,NS:GLOROU,CABK.MC
2024-08-02 08:57:37.109,"Thursday August 01, 2024 CaixaBank ADR Compendium - A Snapshot as of August 01",urn:newsml:newsroom:20240802:nNRAtfgvps:0,NS:GLOROU,CABK.MC
2024-08-02 04:57:07.896,"Thursday August 01, 2024 CaixaBank ADR Compendium - A Snapshot as of August 01",urn:newsml:newsroom:20240802:nNRAtfehgh:0,NS:GLOROU,CABK.MC
2024-08-01 19:12:15.156,Half Year 2024 Caixabank SA Earnings Call Transcript,urn:newsml:newsroom:20240801:nNRAtf9qd7:0,NS:GURCOM,CABK.MC
2024-08-01 16:17:20.910,CaixaBank (CABK: EUR5.18) down 4.4% in 2 days; -24c [4.4%],urn:newsml:newsroom:20240801:nNRAtf7d8j:0,NS:GLOSTO,CABK.MC
2024-08-01 13:13:36.479,CaixaBank takes advantage of good market conditions and raises 1.25 billion in subordinated debt,urn:newsml:newsroom:20240801:nNRAtf4rri:0,NS:NOTENG,CABK.MC
2024-08-01 10:37:51.221,"Monthly: CaixaBank ADR (CAIXY: $1.91) gains 10%, beating 94% of ADRs",urn:newsml:newsroom:20240801:nNRAtf2bcy:0,NS:GLOROU,CABK.MC
2024-08-01 09:02:25.811,"Wednesday July 31, 2024 All You Need to Know About the CaixaBank ADR Today",urn:newsml:newsroom:20240801:nNRAtf1c98:0,NS:GLOROU,CABK.MC
2024-08-01 06:39:03.641,"Monthly: CaixaBank ADR (CAIXY: $1.91) gains 10%, beating 94% of ADRs",urn:newsml:newsroom:20240801:nNRAtezsvm:0,NS:GLOROU,CABK.MC
2024-08-01 05:02:07.105,"Wednesday July 31, 2024 All You Need to Know About the CaixaBank ADR Today",urn:newsml:newsroom:20240801:nNRAteyiiu:0,NS:GLOROU,CABK.MC
2024-08-01 00:00:00.000,Criteria's 80% higher earnings boosted by Caixabank dividend,urn:newsml:newsroom:20240802:nNRAtfigyd:0,NS:NOTENG,CABK.MC
2024-08-01 00:00:00.000,"Criteria earns 1.27 billion euros through June, up 77%, after reorganizing its investments",urn:newsml:newsroom:20240802:nNRAtfhoks:0,NS:NOTENG,CABK.MC
2024-08-01 00:00:00.000,"Thursday August 01, 2024 CaixaBank ADR Compendium - A Snapshot as of August 01",urn:newsml:newsroom:20240802:nNRAtfcoxe:0,NS:GLOROU,CABK.MC
2024-07-31 09:54:08.293,"Caixabank beats estimates, expects higher 2024 profit, loan income --",urn:link:webnews:20240731:nNRAtelmqm:0,NS:MSNUKA,CABK.MC
2024-07-31 09:30:00.000,Half Year 2024 Caixabank SA Earnings Call,urn:newsml:reuters.com:20240731:nTRN3KLp0B:1,NS:TRANS,CABK.MC
2024-07-31 06:56:49.000,"UPDATE 2-Caixabank beats estimates, expects higher 2024 profit, loan income",urn:newsml:reuters.com:20240731:nL8N3JN0CK:4,NS:RTRS,CABK.MC
2024-07-31 06:30:38.446,Caixabank's Q2 net profit rises 30% from same period in 2023 --,urn:link:webnews:20240731:nNRAtej25r:0,NS:MSNUKA,CABK.MC
2024-07-31 05:42:08.000,Spanish stocks - Factors to watch on July 31,urn:newsml:reuters.com:20240731:nL8N3JM2T7:1,NS:RTRS,CABK.MC
2024-07-31 04:48:11.553,Caixabank Sees 2024 NII Of High-Single-Digit Growth YoY,urn:newsml:reuters.com:20240731:nRSD4hJ7fJ:1,NS:SIGDEV,CABK.MC
2024-07-31 04:48:10.829,Caixabank Q2 Net Profit At 1.67 Bln Euros,urn:newsml:reuters.com:20240731:nRSDwgK8d:1,NS:SIGDEV,CABK.MC
2024-07-31 04:41:22.000,"CaixaBank SA - CaixaBank reports a net profit of €2.68 billion up to June (+25.2%), driven by a significant improvement in activity",urn:newsml:reuters.com:20240731:nNDL6W5W4j:1,NS:PUBT,CABK.MC
2024-07-31 04:39:12.000,BRIEF-Caixabank Sees 2024 NII Of High-Single-Digit Growth YoY,urn:newsml:reuters.com:20240731:nFWN3JM25E:1,NS:RTRS,CABK.MC
2024-07-31 04:37:06.000,BRIEF-Caixabank Q2 Net Profit At 1.67 Bln Euros,urn:newsml:reuters.com:20240731:nS8N3IB00K:1,NS:RTRS,CABK.MC
2024-07-31 04:33:54.000,Caixabank's Q2 net profit rises 30% from same period in 2023,urn:newsml:reuters.com:20240731:nL5N3GY8NM:4,NS:RTRS,CABK.MC
2024-07-31 04:32:32.063,"Caixabank Q2 Net Interest Income EUR 2,791 Million",urn:newsml:reuters.com:20240731:nRSD7G7l6z:1,NS:SIGDEV,CABK.MC
2024-07-31 04:24:41.200,"BRIEF-Caixabank Q2 Net Interest Income EUR 2,791 Million",urn:newsml:reuters.com:20240731:nPLXEAC06B:1,NS:RTRS,CABK.MC
2024-07-30 08:07:39.889,How CaixaBank's Tax Rate compares to Its Peers,urn:newsml:newsroom:20240730:nNRAte58do:0,NS:GLOSTO,CABK.MC
2024-07-30 05:02:09.538,"Monday July 29, 2024 CaixaBank ADR Compendium - A Snapshot as of July 29",urn:newsml:newsroom:20240730:nNRAte33vt:0,NS:GLOROU,CABK.MC
2024-07-30 04:13:16.443,Criteria raises more than 2.2 billion this year to finance its investment drive,urn:newsml:newsroom:20240730:nNRAte2rt1:0,NS:NOTENG,CABK.MC
2024-07-29 20:41:41.312,"Criteria receives a syndicated loan of 1.65 billion to acquire stakes in Telefónica, ACS or Colonial",urn:newsml:newsroom:20240729:nNRAtdztnp:0,NS:CENAFT,CABK.MC
2024-07-29 17:22:23.635,CaixaBank ADR (CAIXY: $1.91) in 4th consecutive fall; -2c [-1.0%],urn:newsml:newsroom:20240729:nNRAtdxw75:0,NS:GLOROU,CABK.MC
2024-07-29 16:17:17.109,CaixaBank (CABK: EUR5.36) in 4th consecutive fall; -20c [3.6%],urn:newsml:newsroom:20240729:nNRAtdx2n7:0,NS:GLOSTO,CABK.MC
2024-07-29 16:13:15.886,"Criteria receives a 1.65 billion loan to finance its bets on Telefónica, ACS and Colonial",urn:newsml:newsroom:20240729:nNRAtdx02k:0,NS:NOTENG,CABK.MC
2024-07-29 15:37:31.911,CaixaBank ADR (CAIXY: $1.91) in 4th consecutive fall; -2c [-1.0%],urn:newsml:newsroom:20240729:nNRAtdwe76:0,NS:GLOROU,CABK.MC
2024-07-29 12:37:05.987,Weekly: CaixaBank ADR (CAIXY: $1.93) decreases 0.9% on thin volume; -1.8c [0.9%],urn:newsml:newsroom:20240729:nNRAtdu1v6:0,NS:GLOROU,CABK.MC
2024-07-29 11:37:37.649,Weekly: CaixaBank ADR (CAIXY: $1.93) decreases 0.9% on thin volume; -1.8c [0.9%],urn:newsml:newsroom:20240729:nNRAtdt2zc:0,NS:GLOROU,CABK.MC
2024-07-29 10:37:14.400,Weekly: CaixaBank ADR (CAIXY: $1.93) decreases 0.9% on thin volume; -1.8c [0.9%],urn:newsml:newsroom:20240729:nNRAtdsd31:0,NS:GLOROU,CABK.MC
2024-07-29 06:37:13.254,Weekly: CaixaBank ADR (CAIXY: $1.93) decreases 0.9% on thin volume; -1.8c [0.9%],urn:newsml:newsroom:20240729:nNRAtdq3kh:0,NS:GLOROU,CABK.MC
2024-07-29 00:00:00.000,"Monday July 29, 2024 CaixaBank ADR Compendium - A Snapshot as of July 29",urn:newsml:newsroom:20240730:nNRAte1grj:0,NS:GLOROU,CABK.MC
2024-07-29 00:00:00.000,"Monday July 29, 2024 CaixaBank ADR: How it compares to other IDRs and ADRs",urn:newsml:newsroom:20240730:nNRAte1ebt:0,NS:GLOROU,CABK.MC
2024-07-28 12:07:27.811,"CaixaBank ADR soars 42% in 2024, beating 94% of the market",urn:newsml:newsroom:20240728:nNRAtdky9v:0,NS:GLOROU,CABK.MC
2024-07-28 06:07:24.262,"CaixaBank ADR soars 42% in 2024, beating 94% of the market",urn:newsml:newsroom:20240728:nNRAtdj4kw:0,NS:GLOROU,CABK.MC
2024-07-27 14:07:16.959,"Banco de Sabadell, S.A. (BNDSF) Q2 2024 Earnings Call Transcript",urn:newsml:newsroom:20240727:nNRAtdfo4m:0,NS:SEECOM,CABK.MC
2024-07-27 08:57:17.902,"Friday July 26, 2024 What Happened Today to the CaixaBank ADR",urn:newsml:newsroom:20240727:nNRAtde259:0,NS:GLOROU,CABK.MC
2024-07-27 04:57:01.625,"Friday July 26, 2024 What Happened Today to the CaixaBank ADR",urn:newsml:newsroom:20240727:nNRAtdcget:0,NS:GLOROU,CABK.MC
2024-07-27 04:21:56.391,Weekly: CaixaBank (CABK: EUR5.42) decreases 0.6% on thin volume; -3c [0.6%],urn:newsml:newsroom:20240727:nNRAtdcazn:0,NS:GLOWEE,CABK.MC
2024-07-26 16:22:28.566,Weekly: CaixaBank (CABK: EUR5.42) decreases 0.6% on thin volume; -3c [0.6%],urn:newsml:newsroom:20240726:nNRAtd6t06:0,NS:GLOWEE,CABK.MC
2024-07-26 16:17:18.627,CaixaBank (CABK: EUR5.42) decreases; -3c [0.6%],urn:newsml:newsroom:20240726:nNRAtd6qcz:0,NS:GLOSTO,CABK.MC
2024-07-26 09:02:36.640,"Thursday July 25, 2024 CaixaBank ADR Compendium - A Snapshot as of July 25",urn:newsml:newsroom:20240726:nNRAtd0mpp:0,NS:GLOROU,CABK.MC
2024-07-26 05:02:26.784,"Thursday July 25, 2024 CaixaBank ADR Compendium - A Snapshot as of July 25",urn:newsml:newsroom:20240726:nNRAtcy72l:0,NS:GLOROU,CABK.MC
2024-07-26 00:00:00.000,"CaixaBank ADR soars 42% in 2024, beating 94% of the market",urn:newsml:newsroom:20240727:nNRAtdbf30:0,NS:GLOROU,CABK.MC
2024-07-26 00:00:00.000,Weekly: CaixaBank ADR (CAIXY: $1.93) decreases 0.9% on thin volume; -1.8c [0.9%],urn:newsml:newsroom:20240727:nNRAtdbc5y:0,NS:GLOROU,CABK.MC
2024-07-26 00:00:00.000,"Friday July 26, 2024 What Happened Today to the CaixaBank ADR",urn:newsml:newsroom:20240727:nNRAtdbaai:0,NS:GLOROU,CABK.MC
2024-07-25 23:11:56.000,REFILE-Sabadell CEO plays down 'white knight' prospect to stop BBVA bid,urn:newsml:reuters.com:20240725:nL1N3JG1AU:1,NS:RTRS,CABK.MC
2024-07-25 16:17:21.859,CaixaBank (CABK: EUR5.45) offers dividend yield of 7.2%; -8c [1.4%],urn:newsml:newsroom:20240725:nNRAtcrpri:0,NS:GLOSTO,CABK.MC
2024-07-25 09:02:24.762,"Wednesday July 24, 2024 All You Need to Know About the CaixaBank ADR Today",urn:newsml:newsroom:20240725:nNRAtcll5d:0,NS:GLOROU,CABK.MC
2024-07-25 05:02:23.314,"Wednesday July 24, 2024 All You Need to Know About the CaixaBank ADR Today",urn:newsml:newsroom:20240725:nNRAtcj37s:0,NS:GLOROU,CABK.MC
2024-07-25 00:00:00.000,"Thursday July 25, 2024 CaixaBank ADR Compendium - A Snapshot as of July 25",urn:newsml:newsroom:20240726:nNRAtcw660:0,NS:GLOROU,CABK.MC
2024-07-24 21:07:14.817,"Iberdrola, S.A. (IBDSF) Q2 2024 Earnings Call Transcript",urn:newsml:newsroom:20240724:nNRAtcg04m:0,NS:SEECOM,CABK.MC
2024-07-24 16:17:25.656,CaixaBank (CABK: EUR5.53) falls 1.2% from 14-day high; -3c [0.5%],urn:newsml:newsroom:20240724:nNRAtcd6lu:0,NS:GLOSTO,CABK.MC
2024-07-24 15:07:32.715,"Banco Santander, S.A. (SAN) Q2 2024 Earnings Call Transcript",urn:newsml:newsroom:20240724:nNRAtccdbi:0,NS:SEECOM,CABK.MC
2024-07-24 09:03:07.211,"Tuesday July 23, 2024 What Happened Today to the CaixaBank ADR",urn:newsml:newsroom:20240724:nNRAtc753e:0,NS:GLOROU,CABK.MC
2024-07-24 05:02:14.890,"Tuesday July 23, 2024 What Happened Today to the CaixaBank ADR",urn:newsml:newsroom:20240724:nNRAtc4xr2:0,NS:GLOROU,CABK.MC
2024-07-24 00:00:00.000,"Wednesday July 24, 2024 All You Need to Know About the CaixaBank ADR Today",urn:newsml:newsroom:20240725:nNRAtchd53:0,NS:GLOROU,CABK.MC
2024-07-23 16:17:11.493,CaixaBank (CABK: EUR5.56) hits year-high 12th time in three months; +5c [0.9%],urn:newsml:newsroom:20240723:nNRAtbyukz:0,NS:GLOSTO,CABK.MC
2024-07-23 10:23:42.927,CaixaBank (OTCMKTS:CAIXY) Share Price Crosses Above Fifty Day Moving Average of $1.82 --,urn:link:webnews:20240723:nNRAtbtyld:0,NS:ETFDAI,CABK.MC
2024-07-23 09:02:33.785,"Monday July 22, 2024 CaixaBank ADR Compendium - A Snapshot as of July 22",urn:newsml:newsroom:20240723:nNRAtbtbb4:0,NS:GLOROU,CABK.MC
2024-07-23 05:03:19.352,"Monday July 22, 2024 CaixaBank ADR Compendium - A Snapshot as of July 22",urn:newsml:newsroom:20240723:nNRAtbr0ab:0,NS:GLOROU,CABK.MC
2024-07-23 00:00:00.000,"Tuesday July 23, 2024 What Happened Today to the CaixaBank ADR",urn:newsml:newsroom:20240724:nNRAtc34if:0,NS:GLOROU,CABK.MC
2024-07-22 16:17:07.244,CaixaBank (CABK: EUR5.51) in 7th consecutive rise; +33c [6.4%],urn:newsml:newsroom:20240722:nNRAtbl2pq:0,NS:GLOSTO,CABK.MC
2024-07-22 12:37:06.806,Weekly: CaixaBank ADR (CAIXY: $1.95) climbs 4.2%; +7.8c [4.2%],urn:newsml:newsroom:20240722:nNRAtbhxpb:0,NS:GLOROU,CABK.MC
2024-07-22 11:37:09.812,Weekly: CaixaBank ADR (CAIXY: $1.95) climbs 4.2%; +7.8c [4.2%],urn:newsml:newsroom:20240722:nNRAtbh3ar:0,NS:GLOROU,CABK.MC
2024-07-22 10:37:05.840,Weekly: CaixaBank ADR (CAIXY: $1.95) climbs 4.2%; +7.8c [4.2%],urn:newsml:newsroom:20240722:nNRAtbgaep:0,NS:GLOROU,CABK.MC
2024-07-22 06:36:38.933,Weekly: CaixaBank ADR (CAIXY: $1.95) climbs 4.2%; +7.8c [4.2%],urn:newsml:newsroom:20240722:nNRAtbek1b:0,NS:GLOROU,CABK.MC
2024-07-22 00:00:00.000,"CaixaBank extends its hegemony in savings insurance, capturing 38% of the market share",urn:newsml:newsroom:20240723:nNRAtbwhoj:0,NS:NOTENG,CABK.MC
2024-07-22 00:00:00.000,"Monday July 22, 2024 CaixaBank ADR Compendium - A Snapshot as of July 22",urn:newsml:newsroom:20240723:nNRAtbp9am:0,NS:GLOROU,CABK.MC
2024-07-20 08:57:22.283,"Friday July 19, 2024 What Happened Today to the CaixaBank ADR",urn:newsml:newsroom:20240720:nNRAtb2hwd:0,NS:GLOROU,CABK.MC
2024-07-20 04:57:04.027,"Friday July 19, 2024 What Happened Today to the CaixaBank ADR",urn:newsml:newsroom:20240720:nNRAtb1loq:0,NS:GLOROU,CABK.MC
2024-07-20 04:27:13.301,Weekly: CaixaBank (CABK: EUR5.45) in top 3% performers of IBEX 35 Index in past week; +23c [4.4%],urn:newsml:newsroom:20240720:nNRAtb17mk:0,NS:GLOWEE,CABK.MC
2024-07-19 16:22:54.138,Weekly: CaixaBank (CABK: EUR5.45) in top 3% performers of IBEX 35 Index in past week; +23c [4.4%],urn:newsml:newsroom:20240719:nNRAtavcbk:0,NS:GLOWEE,CABK.MC
2024-07-19 16:17:28.428,CaixaBank (CABK: EUR5.45) offers dividend yield of 7.2%; +2c [0.4%],urn:newsml:newsroom:20240719:nNRAtav6i0:0,NS:GLOSTO,CABK.MC
2024-07-19 13:11:57.203,"Veolia, Criteria and AMB propose Miquel Roca as chairman of the board of Aigües de Barcelona",urn:newsml:newsroom:20240719:nNRAtas207:0,NS:NOTENG,CABK.MC
2024-07-19 09:02:25.919,"Thursday July 18, 2024 CaixaBank ADR Compendium - A Snapshot as of July 18",urn:newsml:newsroom:20240719:nNRAtaou5t:0,NS:GLOROU,CABK.MC
2024-07-19 05:02:19.502,"Thursday July 18, 2024 CaixaBank ADR Compendium - A Snapshot as of July 18",urn:newsml:newsroom:20240719:nNRAtal77c:0,NS:GLOROU,CABK.MC
2024-07-19 00:00:00.000,"Friday July 19, 2024 What Happened Today to the CaixaBank ADR",urn:newsml:newsroom:20240720:nNRAtb054h:0,NS:GLOROU,CABK.MC
2024-07-19 00:00:00.000,Weekly: CaixaBank ADR (CAIXY: $1.95) climbs 4.2%; +7.8c [4.2%],urn:newsml:newsroom:20240720:nNRAtazyro:0,NS:GLOROU,CABK.MC
2024-07-18 16:17:21.067,CaixaBank (CABK: EUR5.43) hits year-high 12th time in three months; +8c [1.5%],urn:newsml:newsroom:20240718:nNRAtafwa6:0,NS:GLOSTO,CABK.MC
2024-07-18 09:02:25.752,"Wednesday July 17, 2024 All You Need to Know About the CaixaBank ADR Today",urn:newsml:newsroom:20240718:nNRAta9uuo:0,NS:GLOROU,CABK.MC
2024-07-18 08:47:50.000,UPDATE 3-Bankinter lifts 2024 lending income outlook after Q2 beat,urn:newsml:reuters.com:20240718:nL8N3JA09T:1,NS:RTRS,CABK.MC
2024-07-18 05:02:17.472,"Wednesday July 17, 2024 All You Need to Know About the CaixaBank ADR Today",urn:newsml:newsroom:20240718:nNRAta7dr5:0,NS:GLOROU,CABK.MC
2024-07-18 00:00:00.000,"Thursday July 18, 2024 CaixaBank ADR Compendium - A Snapshot as of July 18",urn:newsml:newsroom:20240719:nNRAtajt8u:0,NS:GLOROU,CABK.MC
2024-07-17 16:17:21.676,CaixaBank (CABK: EUR5.35) hits year-high 11th time in three months; +5c [0.9%],urn:newsml:newsroom:20240717:nNRAta115i:0,NS:GLOSTO,CABK.MC
2024-07-17 08:57:08.450,"Tuesday July 16, 2024 What Happened Today to the CaixaBank ADR",urn:newsml:newsroom:20240717:nNRAt9vml0:0,NS:GLOROU,CABK.MC
2024-07-17 07:12:45.000,"Spanish fund Criteria to team up with Skoda in bid for Talgo, Cinco Dias says",urn:newsml:reuters.com:20240717:nL8N3J90A0:1,NS:RTRS,CABK.MC
2024-07-17 07:07:12.000,BUZZ-Spanish Banks to see supportive NII dynamics in Q2 - Jefferies,urn:newsml:reuters.com:20240717:nL8N3J90AZ:1,NS:RTRS,CABK.MC
2024-07-17 04:57:00.417,"Tuesday July 16, 2024 What Happened Today to the CaixaBank ADR",urn:newsml:newsroom:20240717:nNRAt9t7e6:0,NS:GLOROU,CABK.MC
2024-07-17 00:00:00.000,"Wednesday July 17, 2024 All You Need to Know About the CaixaBank ADR Today",urn:newsml:newsroom:20240718:nNRAta5mkp:0,NS:GLOROU,CABK.MC
2024-07-16 16:17:33.106,CaixaBank (CABK: EUR5.30) in 3rd consecutive rise; +12c [2.3%],urn:newsml:newsroom:20240716:nNRAt9mlvb:0,NS:GLOSTO,CABK.MC
2024-07-16 14:13:59.548,BBVA includes the risk that the takeover bid for Sabadell will not go ahead in an issue prospectus,urn:newsml:newsroom:20240716:nNRAt9kp3b:0,NS:NOTENG,CABK.MC
2024-07-16 09:02:32.677,"Monday July 15, 2024 CaixaBank ADR Compendium - A Snapshot as of July 15",urn:newsml:newsroom:20240716:nNRAt9gkou:0,NS:GLOROU,CABK.MC
2024-07-16 08:06:57.386,How CaixaBank's Tax Rate compares to Its Peers,urn:newsml:newsroom:20240716:nNRAt9g9od:0,NS:GLOSTO,CABK.MC
2024-07-16 05:02:52.444,"Monday July 15, 2024 CaixaBank ADR Compendium - A Snapshot as of July 15",urn:newsml:newsroom:20240716:nNRAt9e35l:0,NS:GLOROU,CABK.MC
2024-07-16 00:00:00.000,CaixaBank/BPI raises target price for Mota-Engil shares,urn:newsml:newsroom:20240717:nNRAt9uttf:0,NS:NOTENG,CABK.MC
2024-07-16 00:00:00.000,"Tuesday July 16, 2024 What Happened Today to the CaixaBank ADR",urn:newsml:newsroom:20240717:nNRAt9rd3e:0,NS:GLOROU,CABK.MC
2024-07-15 16:17:04.524,"CaixaBank (CABK: EUR5.23) offers dividend yield of 7.5%, hits 34-day high; +1c [0.2%]",urn:newsml:newsroom:20240715:nNRAt97xjf:0,NS:GLOSTO,CABK.MC
2024-07-15 14:41:36.880,Berenberg raises CaixaBank's price ahead of results and believes it will announce dividend,urn:newsml:newsroom:20240715:nNRAt96lmm:0,NS:CENAFT,CABK.MC
2024-07-15 12:37:11.429,"Weekly: CaixaBank ADR (CAIXY: $1.87) rises for a third consecutive week, a three-week rise of 9%; +16c [9.4%]",urn:newsml:newsroom:20240715:nNRAt94np9:0,NS:GLOROU,CABK.MC
2024-07-15 11:39:17.453,"Weekly: CaixaBank ADR (CAIXY: $1.87) rises for a third consecutive week, a three-week rise of 9%; +16c [9.4%]",urn:newsml:newsroom:20240715:nNRAt93rhy:0,NS:GLOROU,CABK.MC
2024-07-15 10:37:18.027,"Weekly: CaixaBank ADR (CAIXY: $1.87) rises for a third consecutive week, a three-week rise of 9%; +16c [9.4%]",urn:newsml:newsroom:20240715:nNRAt93gjc:0,NS:GLOROU,CABK.MC
2024-07-15 06:37:10.054,"Weekly: CaixaBank ADR (CAIXY: $1.87) rises for a third consecutive week, a three-week rise of 9%; +16c [9.4%]",urn:newsml:newsroom:20240715:nNRAt91hiw:0,NS:GLOROU,CABK.MC
2024-07-15 00:00:00.000,"Monday July 15, 2024 CaixaBank ADR Compendium - A Snapshot as of July 15",urn:newsml:newsroom:20240716:nNRAt9cezj:0,NS:GLOROU,CABK.MC
2024-07-14 12:07:17.664,"CaixaBank ADR jumps 38% in 2024, beating 92% of the market",urn:newsml:newsroom:20240714:nNRAt8wmtn:0,NS:GLOROU,CABK.MC
2024-07-14 06:07:18.165,"CaixaBank ADR jumps 38% in 2024, beating 92% of the market",urn:newsml:newsroom:20240714:nNRAt8v7ty:0,NS:GLOROU,CABK.MC
2024-07-13 08:57:20.149,"Friday July 12, 2024 What Happened Today to the CaixaBank ADR",urn:newsml:newsroom:20240713:nNRAt8psdo:0,NS:GLOROU,CABK.MC
2024-07-13 04:57:01.792,"Friday July 12, 2024 What Happened Today to the CaixaBank ADR",urn:newsml:newsroom:20240713:nNRAt8nr82:0,NS:GLOROU,CABK.MC
2024-07-13 04:21:56.264,Weekly: CaixaBank (CABK: EUR5.22) accelerates rise: up 6% in 2 weeks; +15c [3.0%],urn:newsml:newsroom:20240713:nNRAt8nxl1:0,NS:GLOWEE,CABK.MC
2024-07-12 16:22:27.163,Weekly: CaixaBank (CABK: EUR5.22) accelerates rise: up 6% in 2 weeks; +15c [3.0%],urn:newsml:newsroom:20240712:nNRAt8hvea:0,NS:GLOWEE,CABK.MC
2024-07-12 16:17:15.029,"CaixaBank (CABK: EUR5.22) closes at 4.0% above VWAP, hits 31-day high; +4c [0.8%]",urn:newsml:newsroom:20240712:nNRAt8i2ks:0,NS:GLOSTO,CABK.MC
2024-07-12 09:03:10.160,"Thursday July 11, 2024 CaixaBank ADR Compendium - A Snapshot as of July 11",urn:newsml:newsroom:20240712:nNRAt8axyr:0,NS:GLOROU,CABK.MC
2024-07-12 05:02:12.343,"Thursday July 11, 2024 CaixaBank ADR Compendium - A Snapshot as of July 11",urn:newsml:newsroom:20240712:nNRAt88yo4:0,NS:GLOROU,CABK.MC
2024-07-12 00:00:00.000,"Weekly: CaixaBank ADR (CAIXY: $1.87) rises for a third consecutive week, a three-week rise of 9%; +2.16c [1.2%]",urn:newsml:newsroom:20240713:nNRAt8mlwo:0,NS:GLOROU,CABK.MC
2024-07-12 00:00:00.000,"Friday July 12, 2024 What Happened Today to the CaixaBank ADR",urn:newsml:newsroom:20240713:nNRAt8mhb9:0,NS:GLOROU,CABK.MC
2024-07-12 00:00:00.000,"CaixaBank ADR jumps 38% in 2024, beating 92% of the market",urn:newsml:newsroom:20240713:nNRAt8menk:0,NS:GLOROU,CABK.MC
2024-07-11 16:17:28.570,CaixaBank (CABK: EUR5.18) decreases on average volume; -2c [0.4%],urn:newsml:newsroom:20240711:nNRAt83oe1:0,NS:GLOSTO,CABK.MC
2024-07-11 09:07:55.530,"Wednesday July 10, 2024 All You Need to Know About the CaixaBank ADR Today",urn:newsml:newsroom:20240711:nNRAt7vqee:0,NS:GLOROU,CABK.MC
2024-07-11 05:06:22.183,"Wednesday July 10, 2024 All You Need to Know About the CaixaBank ADR Today",urn:newsml:newsroom:20240711:nNRAt7to7s:0,NS:GLOROU,CABK.MC
2024-07-11 00:00:00.000,"Thursday July 11, 2024 CaixaBank ADR Compendium - A Snapshot as of July 11",urn:newsml:newsroom:20240712:nNRAt87i31:0,NS:GLOROU,CABK.MC
2024-07-10 16:17:10.171,CaixaBank (CABK: EUR5.20) hits one-month high; +11c [2.2%],urn:newsml:newsroom:20240710:nNRAt7noso:0,NS:GLOSTO,CABK.MC
2024-07-10 09:03:00.368,"Tuesday July 09, 2024 What Happened Today to the CaixaBank ADR",urn:newsml:newsroom:20240710:nNRAt7gyqu:0,NS:GLOROU,CABK.MC
2024-07-10 05:02:12.482,"Tuesday July 09, 2024 What Happened Today to the CaixaBank ADR",urn:newsml:newsroom:20240710:nNRAt7ekmr:0,NS:GLOROU,CABK.MC
2024-07-10 00:00:00.000,"Wednesday July 10, 2024 All You Need to Know About the CaixaBank ADR Today",urn:newsml:newsroom:20240711:nNRAt7ruh1:0,NS:GLOROU,CABK.MC
2024-07-09 16:16:59.804,CaixaBank (CABK: EUR5.09) offers dividend yield of 7.7%; -2c [0.4%],urn:newsml:newsroom:20240709:nNRAt77olj:0,NS:GLOSTO,CABK.MC
2024-07-09 12:01:58.134,"Monday July 08, 2024 CaixaBank ADR Compendium - A Snapshot as of July 08",urn:newsml:newsroom:20240709:nNRAt74i6t:0,NS:GLOROU,CABK.MC
2024-07-09 08:07:49.935,How CaixaBank's Tax Rate compares to Its Peers,urn:newsml:newsroom:20240709:nNRAt71q5i:0,NS:GLOSTO,CABK.MC
2024-07-09 08:02:08.919,"Monday July 08, 2024 CaixaBank ADR Compendium - A Snapshot as of July 08",urn:newsml:newsroom:20240709:nNRAt71qsl:0,NS:GLOROU,CABK.MC
2024-07-09 00:00:00.000,"Tuesday July 09, 2024 What Happened Today to the CaixaBank ADR",urn:newsml:newsroom:20240710:nNRAt7c5na:0,NS:GLOROU,CABK.MC
2024-07-08 16:16:58.746,"CaixaBank (CABK: EUR5.11) increases 0.8% against the trend, hits 26-day high; +4c [0.8%]",urn:newsml:newsroom:20240708:nNRAt6v77k:0,NS:GLOSTO,CABK.MC
2024-07-08 12:37:10.376,Weekly: CaixaBank ADR (CAIXY: $1.85) up 8% in 2 weeks; +13.84c [8.1%],urn:newsml:newsroom:20240708:nNRAt6rqwq:0,NS:GLOROU,CABK.MC
2024-07-08 11:37:14.224,Weekly: CaixaBank ADR (CAIXY: $1.85) up 8% in 2 weeks; +13.84c [8.1%],urn:newsml:newsroom:20240708:nNRAt6qrq5:0,NS:GLOROU,CABK.MC
2024-07-08 10:37:37.232,Weekly: CaixaBank ADR (CAIXY: $1.85) up 8% in 2 weeks; +13.84c [8.1%],urn:newsml:newsroom:20240708:nNRAt6quo1:0,NS:GLOROU,CABK.MC
2024-07-08 10:37:07.395,Monthly: CaixaBank ADR (CAIXY: $1.74) slides 9% on below average volume in June 2024,urn:newsml:newsroom:20240708:nNRAt6qstp:0,NS:GLOROU,CABK.MC
2024-07-08 06:37:22.475,Weekly: CaixaBank ADR (CAIXY: $1.85) up 8% in 2 weeks; +13.84c [8.1%],urn:newsml:newsroom:20240708:nNRAt6on04:0,NS:GLOROU,CABK.MC
2024-07-08 00:00:00.000,"Monday July 08, 2024 CaixaBank ADR Compendium - A Snapshot as of July 08",urn:newsml:newsroom:20240709:nNRAt6zhe1:0,NS:GLOROU,CABK.MC
2024-07-06 08:57:13.043,"Friday July 05, 2024 What Happened Today to the CaixaBank ADR",urn:newsml:newsroom:20240706:nNRAt6cd03:0,NS:GLOROU,CABK.MC
2024-07-06 04:57:15.081,"Friday July 05, 2024 What Happened Today to the CaixaBank ADR",urn:newsml:newsroom:20240706:nNRAt6aavk:0,NS:GLOROU,CABK.MC
2024-07-06 04:22:31.859,Weekly: CaixaBank (CABK: EUR5.07) lifts 2.6% - outperforming 88% of stocks; +13c [2.6%],urn:newsml:newsroom:20240706:nNRAt6abya:0,NS:GLOWEE,CABK.MC
2024-07-05 16:22:28.501,Weekly: CaixaBank (CABK: EUR5.07) lifts 2.6% - outperforming 88% of stocks; +13c [2.6%],urn:newsml:newsroom:20240705:nNRAt6632y:0,NS:GLOWEE,CABK.MC
2024-07-05 16:17:09.549,CaixaBank (CABK: EUR5.07) drops 1.2% on slipping relative strength; -6c [1.2%],urn:newsml:newsroom:20240705:nNRAt66n94:0,NS:GLOSTO,CABK.MC
2024-07-05 09:07:32.386,"Wednesday July 03, 2024 All You Need to Know About the CaixaBank ADR Today",urn:newsml:newsroom:20240705:nNRAt60he5:0,NS:GLOROU,CABK.MC
2024-07-05 06:13:21.285,CaixaBank shores up its Building Center real estate company with 1.9 billion in capital adjustments,urn:newsml:newsroom:20240705:nNRAt5xqa6:0,NS:NOTENG,CABK.MC
2024-07-05 05:02:19.329,"Wednesday July 03, 2024 All You Need to Know About the CaixaBank ADR Today",urn:newsml:newsroom:20240705:nNRAt5xnjd:0,NS:GLOROU,CABK.MC
2024-07-05 00:00:00.000,"Friday July 05, 2024 What Happened Today to the CaixaBank ADR",urn:newsml:newsroom:20240706:nNRAt69ror:0,NS:GLOROU,CABK.MC
2024-07-05 00:00:00.000,Weekly: CaixaBank ADR (CAIXY: $1.85) up 8% in 2 weeks; +12.77c [7.4%],urn:newsml:newsroom:20240706:nNRAt69oaq:0,NS:GLOROU,CABK.MC
2024-07-04 16:16:59.038,CaixaBank (CABK: EUR5.13) hits a 22-day high; +12c [2.4%],urn:newsml:newsroom:20240704:nNRAt5rz3b:0,NS:GLOSTO,CABK.MC
2024-07-04 06:12:42.167,"Santander, CaixaBank and Unicaja launch an offensive to Sabadell freelancers",urn:newsml:newsroom:20240704:nNRAt5l2k6:0,NS:NOTENG,CABK.MC
2024-07-03 16:17:17.282,CaixaBank (CABK: EUR5.01) offers dividend yield of 7.8%; +2c [0.4%],urn:newsml:newsroom:20240703:nNRAt5eyhb:0,NS:GLOSTO,CABK.MC
2024-07-03 16:09:42.124,"(EN) Caixabank, S.A. Governance Principles / Guidelines (79681198)",urn:newsml:reuters.com:20240703:nGLF9q3FdH:6,NS:GLFILE,CABK.MC
2024-07-03 16:03:39.970,"(EN) Caixabank, S.A. Annual General Meeting (79681188)",urn:newsml:reuters.com:20240703:nGLF5LZLTg:4,NS:GLFILE,CABK.MC
2024-07-03 16:01:43.574,"(EN) Caixabank, S.A. Annual General Meeting (79681181)",urn:newsml:reuters.com:20240703:nGLF5kHrVS:4,NS:GLFILE,CABK.MC
2024-07-03 16:01:43.510,"(EN) Caixabank, S.A. Notice of AGM (79681182)",urn:newsml:reuters.com:20240703:nGLFbqNtVM:3,NS:GLFILE,CABK.MC
2024-07-03 09:02:49.051,"Tuesday July 02, 2024 What Happened Today to the CaixaBank ADR",urn:newsml:newsroom:20240703:nNRAt59ld9:0,NS:GLOROU,CABK.MC
2024-07-03 05:02:18.162,"Tuesday July 02, 2024 What Happened Today to the CaixaBank ADR",urn:newsml:newsroom:20240703:nNRAt572ey:0,NS:GLOROU,CABK.MC
2024-07-03 00:00:00.000,"Wednesday July 03, 2024 All You Need to Know About the CaixaBank ADR Today",urn:newsml:newsroom:20240704:nNRAt5isq2:0,NS:GLOROU,CABK.MC
2024-07-02 20:42:08.855,Monthly: CaixaBank ADR (CAIXY: $1.74) slides 9% on below average volume in June 2024,urn:newsml:newsroom:20240702:nNRAt53y4o:0,NS:GLOROU,CABK.MC
2024-07-02 16:17:08.785,CaixaBank (CABK: EUR4.99) offers dividend yield of 7.8%; -5c [1.0%],urn:newsml:newsroom:20240702:nNRAt51jph:0,NS:GLOSTO,CABK.MC
2024-07-02 14:43:56.371,Monthly: CaixaBank (CABK: EUR4.94) shares post worst month in six months,urn:newsml:newsroom:20240702:nNRAt50ph9:0,NS:GLOSTP,CABK.MC
2024-07-02 08:57:41.912,"Monday July 01, 2024 CaixaBank ADR Compendium - A Snapshot as of July 01",urn:newsml:newsroom:20240702:nNRAt4w6uv:0,NS:GLOROU,CABK.MC
2024-07-02 04:57:03.338,"Monday July 01, 2024 CaixaBank ADR Compendium - A Snapshot as of July 01",urn:newsml:newsroom:20240702:nNRAt4tv7n:0,NS:GLOROU,CABK.MC
2024-07-02 00:00:00.000,"Tuesday July 02, 2024 What Happened Today to the CaixaBank ADR",urn:newsml:newsroom:20240703:nNRAt55g5o:0,NS:GLOROU,CABK.MC
2024-07-01 16:17:15.947,CaixaBank (CABK: EUR5.04) climbs 2.0% strengthening above moving average price; +10c [2.0%],urn:newsml:newsroom:20240701:nNRAt4mvbs:0,NS:GLOSTO,CABK.MC
2024-07-01 12:37:09.889,Weekly: CaixaBank ADR (CAIXY: $1.74) posts best week in four weeks; +3c [1.8%],urn:newsml:newsroom:20240701:nNRAt4k64l:0,NS:GLOROU,CABK.MC
2024-07-01 11:37:08.633,Weekly: CaixaBank ADR (CAIXY: $1.74) posts best week in four weeks; +3c [1.8%],urn:newsml:newsroom:20240701:nNRAt4j06x:0,NS:GLOROU,CABK.MC
2024-07-01 10:37:36.806,Weekly: CaixaBank ADR (CAIXY: $1.74) posts best week in four weeks; +3c [1.8%],urn:newsml:newsroom:20240701:nNRAt4i2q5:0,NS:GLOROU,CABK.MC
2024-07-01 10:37:14.770,Monthly: CaixaBank ADR (CAIXY: $1.74) falls 9% on below average volume in June 2024,urn:newsml:newsroom:20240701:nNRAt4hxda:0,NS:GLOROU,CABK.MC
2024-07-01 07:23:02.310,Weekly: CaixaBank ADR (CAIXY: $1.74) posts best week in four weeks; +3c [1.8%],urn:newsml:newsroom:20240701:nNRAt4g72l:0,NS:GLOROU,CABK.MC
2024-07-01 07:22:44.866,Monthly: CaixaBank ADR (CAIXY: $1.74) falls 9% on below average volume in June 2024,urn:newsml:newsroom:20240701:nNRAt4g247:0,NS:GLOROU,CABK.MC
2024-07-01 06:53:36.585,Monthly: CaixaBank (CABK: EUR4.94) shares post worst month in six months,urn:newsml:newsroom:20240701:nNRAt4fb6h:0,NS:GLOSTO,CABK.MC
2024-07-01 06:53:03.954,"CaixaBank Compendium - A Snapshot as of June 30, 2024",urn:newsml:newsroom:20240701:nNRAt4fa06:0,NS:GLOSTO,CABK.MC
2024-07-01 00:00:00.000,"Monday July 01, 2024 CaixaBank ADR Compendium - A Snapshot as of July 01",urn:newsml:newsroom:20240702:nNRAt4sbsv:0,NS:GLOROU,CABK.MC
2024-06-30 17:38:52.244,"CaixaBank, S.A. (OTCMKTS:CAIXY) Short Interest Up 40.7% in June",urn:newsml:newsroom:20240630:nNRAt4bkry:0,NS:TRADAJ,CABK.MC
2024-06-30 17:24:23.744,"CaixaBank, S.A. (OTCMKTS:CAIXY) Short Interest Up 40.7% in June",urn:newsml:newsroom:20240630:nNRAt4bkr8:0,NS:STOOBS,CABK.MC
2024-06-30 12:07:16.454,CaixaBank ADR jumps 28% in 2024,urn:newsml:newsroom:20240630:nNRAt4a109:0,NS:GLOROU,CABK.MC
2024-06-30 06:07:18.294,CaixaBank ADR jumps 28% in 2024,urn:newsml:newsroom:20240630:nNRAt48jq9:0,NS:GLOROU,CABK.MC
2024-06-29 09:02:16.335,"Friday June 28, 2024 What Happened Today to the CaixaBank ADR",urn:newsml:newsroom:20240629:nNRAt43wds:0,NS:GLOROU,CABK.MC
2024-06-29 05:02:21.042,"Friday June 28, 2024 What Happened Today to the CaixaBank ADR",urn:newsml:newsroom:20240629:nNRAt41xrq:0,NS:GLOROU,CABK.MC
2024-06-29 04:27:19.095,Weekly: CaixaBank (CABK: EUR4.94) unchanged on weak volume,urn:newsml:newsroom:20240629:nNRAt41mgg:0,NS:GLOWEE,CABK.MC
2024-06-28 16:27:23.668,Monthly: CaixaBank (CABK: EUR4.94) shares post worst month in six months,urn:newsml:newsroom:20240628:nNRAt3tel4:0,NS:GLOSTP,CABK.MC
2024-06-28 16:22:21.397,Weekly: CaixaBank (CABK: EUR4.94) unchanged on weak volume,urn:newsml:newsroom:20240628:nNRAt3uf2l:0,NS:GLOWEE,CABK.MC
2024-06-28 16:17:24.269,CaixaBank (CABK: EUR4.94) offers dividend yield of 7.9%; -1c [0.2%],urn:newsml:newsroom:20240628:nNRAt3t7p2:0,NS:GLOSTO,CABK.MC
2024-06-28 09:13:48.371,Criteria achieves its 'promised' 10% stake in Telefónica,urn:newsml:newsroom:20240628:nNRAt3o3nd:0,NS:NOTENG,CABK.MC
2024-06-28 09:13:10.363,Criteria acquires a stake of close to 10% in Telefónica,urn:newsml:newsroom:20240628:nNRAt3ni7f:0,NS:NOTENG,CABK.MC
2024-06-28 09:08:20.022,"Thursday June 27, 2024 CaixaBank ADR Compendium - A Snapshot as of June 27",urn:newsml:newsroom:20240628:nNRAt3nblm:0,NS:GLOROU,CABK.MC
2024-06-28 05:02:20.470,"Thursday June 27, 2024 CaixaBank ADR Compendium - A Snapshot as of June 27",urn:newsml:newsroom:20240628:nNRAt3kz6g:0,NS:GLOROU,CABK.MC
2024-06-28 00:00:00.000,Weekly: CaixaBank ADR (CAIXY: $1.74) posts best week in four weeks; +3c [1.8%],urn:newsml:newsroom:20240629:nNRAt40k27:0,NS:GLOROU,CABK.MC
2024-06-28 00:00:00.000,Monthly: CaixaBank ADR (CAIXY: $1.74) slides 9% on below average volume in June 2024,urn:newsml:newsroom:20240629:nNRAt409qn:0,NS:GLOROU,CABK.MC
2024-06-28 00:00:00.000,CaixaBank ADR jumps 28% in 2024,urn:newsml:newsroom:20240629:nNRAt405u8:0,NS:GLOROU,CABK.MC
2024-06-28 00:00:00.000,"Friday June 28, 2024 What Happened Today to the CaixaBank ADR",urn:newsml:newsroom:20240629:nNRAt3yjuy:0,NS:GLOROU,CABK.MC
2024-06-27 10:32:00.814,Sebi Board May Approve New Derivative Criteria For Stocks,urn:newsml:newsroom:20240627:nNRAt39xq8:0,NS:BUSWOR,CABK.MC
2024-06-27 09:02:20.373,"Wednesday June 26, 2024 All You Need to Know About the CaixaBank ADR Today",urn:newsml:newsroom:20240627:nNRAt38szz:0,NS:GLOROU,CABK.MC
2024-06-27 05:02:13.196,"Wednesday June 26, 2024 All You Need to Know About the CaixaBank ADR Today",urn:newsml:newsroom:20240627:nNRAt366gf:0,NS:GLOROU,CABK.MC
2024-06-27 00:00:00.000,"Thursday June 27, 2024 CaixaBank ADR Compendium - A Snapshot as of June 27",urn:newsml:newsroom:20240628:nNRAt3iva1:0,NS:GLOROU,CABK.MC
2024-06-26 16:17:18.499,CaixaBank (CABK: EUR4.95) offers dividend yield of 7.9%; -6c [1.2%],urn:newsml:newsroom:20240626:nNRAt30x9a:0,NS:GLOSTO,CABK.MC
2024-06-26 09:02:16.286,"Tuesday June 25, 2024 What Happened Today to the CaixaBank ADR",urn:newsml:newsroom:20240626:nNRAt2tmtx:0,NS:GLOROU,CABK.MC
2024-06-26 06:30:00.000,"CaixaBank, the only Spanish bank participating in the Ferrovie dello Stato Italiane's new €3.5 billion sustainability linked revolving credit facility",urn:newsml:newsroom:20240627:nNRAt3ag0s:0,NS:INDBAN,CABK.MC
2024-06-26 05:02:24.055,"Tuesday June 25, 2024 What Happened Today to the CaixaBank ADR",urn:newsml:newsroom:20240626:nNRAt2rrfn:0,NS:GLOROU,CABK.MC
2024-06-26 00:00:00.000,CaixaBank is looking for new customers and is giving away 250 euros for direct deposit of their salary.,urn:newsml:newsroom:20240627:nNRAt35zto:0,NS:NOTENG,CABK.MC
2024-06-26 00:00:00.000,"Wednesday June 26, 2024 All You Need to Know About the CaixaBank ADR Today",urn:newsml:newsroom:20240627:nNRAt35h6m:0,NS:GLOROU,CABK.MC
2024-06-25 10:32:22.767,"FY2023 Annual Report: CaixaBank Net Profit up 54% Corporate Wire Date: 25 June 2024 10:34 CEST Release Date: June 13, 2024",urn:newsml:newsroom:20240625:nNRAt2f12l:0,NS:GLOUPF,CABK.MC
2024-06-25 00:00:00.000,"Tuesday June 25, 2024 What Happened Today to the CaixaBank ADR",urn:newsml:newsroom:20240626:nNRAt2pyow:0,NS:GLOROU,CABK.MC
2024-06-24 16:17:21.692,CaixaBank (CABK: EUR5.01) offers dividend yield of 7.8%; +7c [1.4%],urn:newsml:newsroom:20240624:nNRAt26ihh:0,NS:GLOSTO,CABK.MC
2024-06-24 12:47:05.641,Can CaixaBank rebound after recent dip?,urn:newsml:newsroom:20240624:nNRAt243nu:0,NS:GLOROU,CABK.MC
2024-06-22 09:11:47.830,CaixaBank sells 363 million in non-performing loans to Polish company Kruk,urn:newsml:newsroom:20240622:nNRAt1ntii:0,NS:NOTENG,CABK.MC
2024-06-22 04:22:01.844,Weekly: CaixaBank (CABK: EUR4.94) increases 1.2% on average volume; +6c [1.2%],urn:newsml:newsroom:20240622:nNRAt1kzxq:0,NS:GLOWEE,CABK.MC
2024-06-21 16:22:23.095,Weekly: CaixaBank (CABK: EUR4.94) increases 1.2% on average volume; +6c [1.2%],urn:newsml:newsroom:20240621:nNRAt1erca:0,NS:GLOWEE,CABK.MC
2024-06-21 16:17:11.425,CaixaBank (CABK: EUR4.94) offers earnings yield of 7.7%; -16c [3.1%] Vol Index 2.1 [1 is avg],urn:newsml:newsroom:20240621:nNRAt1edeb:0,NS:GLOSTO,CABK.MC
2024-06-21 14:31:48.257,"CaixaBank: OpenWealth becomes the largest high net worth and family office consultancy in Spain, with more than €7.3 billion in assets under superv...",urn:newsml:newsroom:20240621:nNRAt1cza0:0,NS:INDBAN,CABK.MC
2024-06-21 08:05:39.000,"CaixaBank SA - OpenWealth becomes the largest high net worth and family office consultancy in Spain, with more than €7.3 billion in assets under supervision",urn:newsml:reuters.com:20240621:nNDLbtKHPc:1,NS:PUBT,CABK.MC
2024-06-21 00:00:00.000,"Moody's Ratings upgrades Criteria to Baa1, positive outlook",urn:newsml:newsroom:20240622:nNRAt1nnmy:0,NS:PLUCOM,CABK.MC
2024-06-20 16:17:07.586,"CaixaBank (CABK: EUR5.10) keeps rising, up 4.9% in 3 days; +24c [4.9%]",urn:newsml:newsroom:20240620:nNRAt0xtpr:0,NS:GLOSTO,CABK.MC
2024-06-20 00:00:00.000,"OpenWealth, CaixaBank's firm for the ultra-wealthy, reaches 7.3 billion euros",urn:newsml:newsroom:20240621:nNRAt11ksf:0,NS:NOTENG,CABK.MC
2024-06-19 17:33:06.000,KRUK SA - KRUK purchases more debt portfolios in Spain,urn:newsml:reuters.com:20240619:nNDL9M7lny:1,NS:PUBT,CABK.MC
2024-06-19 16:17:08.499,CaixaBank (CABK: EUR5.05) up 3.9% in 2 days; +19c [3.9%],urn:newsml:newsroom:20240619:nNRAt0k5us:0,NS:GLOSTO,CABK.MC
2024-06-19 15:04:20.000,"Portuguese banking consolidation likely soon, says central bank governor",urn:newsml:reuters.com:20240619:nL8N3IH0RR:3,NS:RTRS,CABK.MC
2024-06-19 00:00:00.000,CaixaBank Research forecasts that tourism GDP will grow by 5% in 2024 and will exceed 90 million international travelers,urn:newsml:newsroom:20240620:nNRAt0ueya:0,NS:NOTENG,CABK.MC
2024-06-18 18:52:15.000,"UPDATE 3-Spain could set more conditions in BBVA bid for Sabadell, CNMC head says",urn:newsml:reuters.com:20240618:nL8N3IG0JS:1,NS:RTRS,CABK.MC
2024-06-18 16:17:07.036,CaixaBank (CABK: EUR5.0) offers dividend yield of 7.8%; +14c [2.9%],urn:newsml:newsroom:20240618:nNRAt067fp:0,NS:GLOSTO,CABK.MC
2024-06-18 08:12:59.156,Owner of CaixaBank and BPI plans to increase portfolio of holdings to 40 billion by 2030,urn:newsml:newsroom:20240618:nNRAt00d7j:0,NS:NOTENG,CABK.MC
2024-06-18 08:07:37.470,How CaixaBank's Tax Rate compares to Its Peers,urn:newsml:newsroom:20240618:nNRAszzqdk:0,NS:GLOSTO,CABK.MC
2024-06-17 21:12:03.026,"Criteria aims to increase the value of its portfolio by 50%, to 40 billion",urn:newsml:newsroom:20240617:nNRAszs4me:0,NS:NOTENG,CABK.MC
2024-06-17 16:17:02.077,CaixaBank (CABK: EUR4.86) offers earnings yield of 7.8%; -2c [0.4%],urn:newsml:newsroom:20240617:nNRAszpotp:0,NS:GLOSTO,CABK.MC
2024-06-17 14:11:47.590,Criteria will jump from 27 billion to 40 billion in investees by 2030,urn:newsml:newsroom:20240617:nNRAsznxgt:0,NS:NOTENG,CABK.MC
2024-06-17 13:13:31.027,Criteria is committed to creating value at Naturgy and is looking for partners to grow the company,urn:newsml:newsroom:20240617:nNRAszntq4:0,NS:NOTENG,CABK.MC
2024-06-17 12:12:54.797,Criteria expects to increase its assets by 48% and reach 40 billion by 2030,urn:newsml:newsroom:20240617:nNRAszndua:0,NS:NOTENG,CABK.MC
2024-06-17 12:09:46.000,UPDATE 1-Spain's Criteria to increase its portfolio by 13 billion euros by 2030,urn:newsml:reuters.com:20240617:nL8N3IF0KM:2,NS:RTRS,CABK.MC
2024-06-17 11:51:53.000,UPDATE 1-Criteria will seek as soon as possible new partner for Naturgy takeover bid -source,urn:newsml:reuters.com:20240617:nL8N3IF0IK:1,NS:RTRS,CABK.MC
2024-06-17 10:31:15.000,Criteria will seek as soon as possible new partner for Naturgy takeover bid - source,urn:newsml:reuters.com:20240617:nL8N3IF0GY:4,NS:RTRS,CABK.MC
2024-06-17 10:30:01.000,Spanish holding Criteria to increase its portfolio by 13 bln euros by 2030,urn:newsml:reuters.com:20240617:nL8N3IF0FM:3,NS:RTRS,CABK.MC
2024-06-17 06:30:00.000,CaixaBank meets with its Girona shareholders to explain the entity's latest results,urn:newsml:newsroom:20240624:nNRAt1xub0:0,NS:INDBAN,CABK.MC
2024-06-16 23:44:38.310,"CaixaBank, S.A. (OTCMKTS:CAIXY) Short Interest Update --",urn:link:webnews:20240616:nNRAszh4rs:0,NS:WKRNEW,CABK.MC
2024-06-16 21:36:50.624,"CaixaBank, S.A. (OTCMKTS:CAIXY) Short Interest Down 33.0% in May",urn:newsml:newsroom:20240616:nNRAszgpg3:0,NS:DAILYQ,CABK.MC
2024-06-16 15:11:08.317,A new strategic plan will guide Criteria through to 2030 to create long-term value,urn:newsml:newsroom:20240616:nNRAszh53r:0,NS:NOTENG,CABK.MC
2024-06-16 14:12:04.226,A new strategic plan will guide Criteria through to 2030 to create long-term value,urn:newsml:newsroom:20240616:nNRAszfrj5:0,NS:NOTENG,CABK.MC
2024-06-16 12:11:43.962,CaixaBank believes housing prices will rise 4% this year,urn:newsml:newsroom:20240616:nNRAszg0lw:0,NS:NOTENG,CABK.MC
2024-06-16 00:00:00.000,A new strategic plan will guide Criteria through to 2030 to create long-term value,urn:newsml:newsroom:20240617:nNRAszh1fg:0,NS:NOTENG,CABK.MC
2024-06-15 23:29:05.386,"CaixaBank, S.A. (OTCMKTS:CAIXY) Sees Large Drop in Short Interest --",urn:link:webnews:20240615:nNRAszbwz6:0,NS:MARBEA,CABK.MC
2024-06-15 04:21:57.016,Weekly: CaixaBank (CABK: EUR4.88) slides 7% on average volume; -38c [7.2%],urn:newsml:newsroom:20240615:nNRAsz6bjv:0,NS:GLOWEE,CABK.MC
2024-06-14 16:22:22.724,Weekly: CaixaBank (CABK: EUR4.88) slides 7% on average volume; -38c [7.2%],urn:newsml:newsroom:20240614:nNRAsz0lxw:0,NS:GLOWEE,CABK.MC
2024-06-14 16:17:19.083,"CaixaBank (CABK: EUR4.88) down 4.3% in 2 days, hits 39-day low; -22c [4.3%] Vol Index 1.2 [1 is avg]",urn:newsml:newsroom:20240614:nNRAsz0kr7:0,NS:GLOSTO,CABK.MC
2024-06-13 16:17:19.505,CaixaBank (CABK: EUR4.98) falls 2.4% on slipping relative strength; -12c [2.4%],urn:newsml:newsroom:20240613:nNRAsykw27:0,NS:GLOSTO,CABK.MC
2024-06-12 15:21:35.935,Fitch Affirms Banco BPI at 'BBB+'; Outlook Positive,urn:newsml:reuters.com:20240612:nFIT3sqGCq:1,NS:FCH,CABK.MC
2024-06-12 08:20:01.000,BREAKINGVIEWS-Spain’s $24 bln investment giant has too many hats,urn:newsml:reuters.com:20240612:nL8N3I9189:7,NS:RTRS,CABK.MC
2024-06-11 16:17:09.404,CaixaBank (CABK: EUR5.10) offers earnings yield of 7.5%; -16c [3.0%],urn:newsml:newsroom:20240611:nNRAsxts49:0,NS:GLOSTO,CABK.MC
2024-06-11 08:53:06.678,Head-To-Head Analysis: Deutsche Post (OTCMKTS:DHLGY) and CaixaBank (OTCMKTS:CAIXY),urn:newsml:newsroom:20240611:nNRAsxobci:0,NS:MARDAJ,CABK.MC
2024-06-11 08:38:09.954,Financial Analysis: Deutsche Post (OTCMKTS:DHLGY) and CaixaBank (OTCMKTS:CAIXY),urn:newsml:newsroom:20240611:nNRAsxo2ya:0,NS:STOOBS,CABK.MC
2024-06-11 08:07:54.254,How CaixaBank's Tax Rate compares to Its Peers,urn:newsml:newsroom:20240611:nNRAsxo50t:0,NS:GLOSTO,CABK.MC
2024-06-11 06:19:07.000,Spain's Criteria sells 2.64% stake in Cellnex for $660 mln,urn:newsml:reuters.com:20240611:nL1N3I904S:1,NS:RTRS,CABK.MC
2024-06-11 04:36:13.000,UPDATE 3-Spain's Criteria drops takeover plan for Naturgy with Abu Dhabi's TAQA,urn:newsml:reuters.com:20240610:nL1N3I80OE:1,NS:RTRS,CABK.MC
2024-06-10 21:11:49.459,CaixaBank disposes of its 2.54% stake in Telefónica while Criteria increases its holding,urn:newsml:newsroom:20240610:nNRAsxizgf:0,NS:NOTENG,CABK.MC
2024-06-10 18:13:34.580,CaixaBank sells 2.5% of Telefónica (more than 600M) as Criteria's stake increases,urn:newsml:newsroom:20240610:nNRAsxh2v2:0,NS:NOTENG,CABK.MC
2024-06-10 17:13:47.323,CaixaBank sells its entire stake in Telefónica and transfers its stake in the operator to Criteria,urn:newsml:newsroom:20240610:nNRAsxg3yp:0,NS:NOTENG,CABK.MC
2024-06-10 17:12:22.361,CaixaBank exits Telefónica: sells 2.5% stake,urn:newsml:newsroom:20240610:nNRAsxg1zw:0,NS:NOTENG,CABK.MC
2024-06-10 16:09:02.311,Caixabank Transfers Its Entire Stake Of 2.546% In Telefonica,urn:newsml:reuters.com:20240610:nRSD38Pz9L:1,NS:SIGDEV,CABK.MC
2024-06-10 16:09:02.015,Caixabank Transfers Its Entire Stake Of 2.546% In Telefonica,urn:newsml:reuters.com:20240610:nRSD5lj8Gb:1,NS:SIGDEV,CABK.MC
2024-06-10 15:56:14.000,BRIEF-Caixabank Transfers Its Entire Stake Of 2.546% In Telefonica,urn:newsml:reuters.com:20240610:nFWN3I80PL:1,NS:RTRS,CABK.MC
2024-06-10 09:59:08.558,CaixaBank appoints Anna Canela as new CEO --,urn:link:webnews:20240610:nNRAsx98jp:0,NS:FINEXT,CABK.MC
2024-06-10 09:07:22.876,Investors concerned as CaixaBank down in recent days,urn:newsml:newsroom:20240610:nNRAsx7zj5:0,NS:GLOROU,CABK.MC
2024-06-09 06:44:37.876,Reviewing Deutsche Post (OTCMKTS:DHLGY) & CaixaBank (OTCMKTS:CAIXY) --,urn:link:webnews:20240609:nNRAsx0el0:0,NS:WKRNEW,CABK.MC
2024-06-08 00:00:00.000,Weekly: CaixaBank (CABK: EUR5.26) decreases on thin volume; -1c [0.2%],urn:newsml:newsroom:20240610:nNRAsxb1qn:0,NS:GLOWEE,CABK.MC
2024-06-07 20:12:58.462,REN leads gains after Caixabank BPI's recommendation and target price rise,urn:newsml:newsroom:20240607:nNRAswrbsv:0,NS:NOTENG,CABK.MC
2024-06-07 16:22:23.465,Weekly: CaixaBank (CABK: EUR5.26) decreases on thin volume; -1c [0.2%],urn:newsml:newsroom:20240607:nNRAswojs0:0,NS:GLOWEE,CABK.MC
2024-06-07 16:17:23.862,CaixaBank (CABK: EUR5.26) up 4.8% in 2 days; +24c [4.8%],urn:newsml:newsroom:20240607:nNRAswo8ax:0,NS:GLOSTO,CABK.MC
2024-06-07 13:13:12.764,Caixabank BPI downgrades EDPR recommendation but raises target price,urn:newsml:newsroom:20240607:nNRAswm11p:0,NS:NOTENG,CABK.MC
2024-06-07 12:47:04.691,Can CaixaBank continue its gains?,urn:newsml:newsroom:20240607:nNRAswlltz:0,NS:GLOROU,CABK.MC
2024-06-07 09:07:03.852,Investors look to see if CaixaBank's recent rally will continue,urn:newsml:newsroom:20240607:nNRAswj3sx:0,NS:GLOROU,CABK.MC
2024-06-07 06:30:00.000,CaixaBank finances the modernization of the Piñana Canal,urn:newsml:newsroom:20240608:nNRAswvnhb:0,NS:INDBAN,CABK.MC
2024-06-07 06:13:17.034,An end to three decades of alliance at Agbar,urn:newsml:newsroom:20240607:nNRAswhd6a:0,NS:NOTENG,CABK.MC
2024-06-07 03:23:58.815,CaixaBank (OTCMKTS:CAIXY) Stock Price Crosses Above Fifty Day Moving Average of $1.79,urn:newsml:newsroom:20240607:nNRAswg2ya:0,NS:COMFIN,CABK.MC
2024-06-07 03:23:40.003,CaixaBank (OTCMKTS:CAIXY) Stock Price Crosses Above Fifty Day Moving Average of $1.79,urn:newsml:newsroom:20240607:nNRAswfugy:0,NS:CERGEM,CABK.MC
2024-06-06 16:19:52.379,CaixaBank (CABK: EUR5.21) offers dividend yield of 7.5%; +19c [3.8%],urn:newsml:newsroom:20240606:nNRAswc0dl:0,NS:GLOSTO,CABK.MC
2024-06-06 12:47:04.909,Can CaixaBank rebound after recent dip?,urn:newsml:newsroom:20240606:nNRAsw6hdi:0,NS:GLOROU,CABK.MC
2024-06-06 09:07:03.842,Investors concerned as CaixaBank down in recent days,urn:newsml:newsroom:20240606:nNRAsw3gol:0,NS:GLOROU,CABK.MC
2024-06-05 08:13:40.618,CaixaBank (OTCMKTS:CAIXY) Stock Price Crosses Above 50 Day Moving Average of $1.79,urn:newsml:newsroom:20240605:nNRAsvphn9:0,NS:TICREP,CABK.MC
2024-06-05 00:00:00.000,"Wednesday June 05, 2024 CaixaBank ADR: How it compares to other IDRs and ADRs",urn:newsml:newsroom:20240606:nNRAsw1daj:0,NS:GLOROU,CABK.MC
2024-06-04 12:47:07.026,Can CaixaBank rebound after recent dip?,urn:newsml:newsroom:20240604:nNRAsve937:0,NS:GLOROU,CABK.MC
2024-06-04 11:27:26.564,Reviewing CaixaBank (OTCMKTS:CAIXY) and Deutsche Post (OTCMKTS:DHLGY) --,urn:link:webnews:20240604:nNRAsvdqpg:0,NS:ETFDAI,CABK.MC
2024-06-04 11:23:17.939,Reviewing CaixaBank (OTCMKTS:CAIXY) and Deutsche Post (OTCMKTS:DHLGY),urn:newsml:newsroom:20240604:nNRAsvdggp:0,NS:ZOLCOM,CABK.MC
2024-06-03 14:33:18.680,CaixaBank ADR (CAIXY: $1.86) down 3.6% in 2 days; -5c [-2.6%],urn:newsml:newsroom:20240603:nNRAsux9ei:0,NS:GLOROU,CABK.MC
2024-06-02 16:12:16.489,Caixabank joins ICO line of guarantees for mortgages for young people,urn:newsml:newsroom:20240602:nNRAsunx0d:0,NS:NOTENG,CABK.MC
2024-05-30 21:12:00.310,CaixaBank appoints Anna Canela as Imagin's new CEO,urn:newsml:newsroom:20240530:nNRAstu7a0:0,NS:NOTENG,CABK.MC
2024-05-30 16:04:34.960,Caixabank Executes Share Capital Reduction Of 104.6 Mln Euro,urn:newsml:reuters.com:20240530:nRSDc1qM9v:1,NS:SIGDEV,CABK.MC
2024-05-30 15:51:25.000,BRIEF-Caixabank Executes Share Capital Reduction Of 104.6 Mln Euro,urn:newsml:reuters.com:20240530:nFWN3HX0ZC:1,NS:RTRS,CABK.MC
2024-05-30 15:31:52.006,CaixaBank: The Board of Directors of imagin appoints to Anna Canela new CEO,urn:newsml:newsroom:20240530:nNRAstrc0e:0,NS:INDBAN,CABK.MC
2024-05-30 09:09:41.608,"CaixaBank, S.A. (OTCMKTS:CAIXY) Short Interest Update",urn:newsml:newsroom:20240530:nNRAstmc1k:0,NS:ZOLCOM,CABK.MC
2024-05-30 00:00:00.000,Fitch Revises CaixaBank's Outlook to Positive; Affirms at 'BBB+',urn:newsml:newsroom:20240601:nNRAsugn8u:0,NS:PLUCOM,CABK.MC
2024-05-29 14:11:56.000,"UPDATE 2-Sabadell rules out M&A defence against BBVA bid, CEO says",urn:newsml:reuters.com:20240529:nL1N3HW135:2,NS:RTRS,CABK.MC
2024-05-29 12:10:41.000,Sabadell CEO rules out M&A defence against BBVA bid,urn:newsml:reuters.com:20240529:nL1N3HW0Q1:6,NS:RTRS,CABK.MC
2024-05-29 07:58:30.722,"CaixaBank, S.A. (OTCMKTS:CAIXY) Short Interest Up 2,265.0% in May",urn:newsml:newsroom:20240529:nNRAst8cf3:0,NS:TICREP,CABK.MC
2024-05-29 06:30:00.000,Fitch Revises CaixaBank's Outlook to Positive; Affirms at 'BBB+',urn:newsml:newsroom:20240610:nNRAsxdhs6:0,NS:INDBAN,CABK.MC
2024-05-29 00:00:00.000,"Wednesday May 29, 2024 CaixaBank ADR: How it compares to other IDRs and ADRs",urn:newsml:newsroom:20240530:nNRAstis6t:0,NS:GLOROU,CABK.MC
2024-05-28 12:39:45.788,Weekly: CaixaBank ADR (CAIXY: $1.82) keeps rising: up 10% in 3 weeks; +17c [10.3%],urn:newsml:newsroom:20240528:nNRAssykf0:0,NS:GLOROU,CABK.MC
2024-05-28 11:37:06.780,Weekly: CaixaBank ADR (CAIXY: $1.82) keeps rising: up 10% in 3 weeks; +17c [10.3%],urn:newsml:newsroom:20240528:nNRAssx9f0:0,NS:GLOROU,CABK.MC
2024-05-28 06:37:13.280,Weekly: CaixaBank ADR (CAIXY: $1.82) keeps rising: up 10% in 3 weeks; +17c [10.3%],urn:newsml:newsroom:20240528:nNRAssvhfx:0,NS:GLOROU,CABK.MC
2024-05-28 06:08:01.438,How CaixaBank's Tax Rate compares to Its Peers,urn:newsml:newsroom:20240528:nNRAsst0ww:0,NS:GLOSTO,CABK.MC
2024-05-28 00:00:00.000,Weekly: CaixaBank ADR (CAIXY: $1.82) keeps rising: up 10% in 3 weeks; +17c [10.3%],urn:newsml:newsroom:20240603:nNRAsuypzm:0,NS:GLOROU,CABK.MC
2024-05-28 00:00:00.000,Weekly: CaixaBank ADR (CAIXY: $1.82) keeps rising: up 10% in 3 weeks; +17c [10.3%],urn:newsml:newsroom:20240603:nNRAsuwxsx:0,NS:GLOROU,CABK.MC
2024-05-24 19:49:21.000,Deals of the day-Mergers and acquisitions,urn:newsml:reuters.com:20240524:nL4N3HR30X:1,NS:RTRS,CABK.MC
2024-05-24 19:11:51.839,"Criteria proposes Elena Salgado, former vice-president of the Spanish government, as a director at Colonial",urn:newsml:newsroom:20240524:nNRAsrydr0:0,NS:NOTENG,CABK.MC
2024-05-24 11:14:27.417,"Criteria buys a 9.4% stake in ACS for 1,000 million and becomes its second largest shareholder after Florentino Pérez",urn:newsml:newsroom:20240524:nNRAsrs7zq:0,NS:NOTENG,CABK.MC
2024-05-24 10:46:54.675,QORUS - THE LATEST INDUSTRY NEWS INCLUDING PEERS,urn:newsml:newsroom:20240524:nNRAsrrxs9:0,NS:NEWBIZ,CABK.MC
2024-05-24 10:23:14.295,QORUS - THE LATEST INDUSTRY NEWS INCLUDING PEERS,urn:newsml:newsroom:20240524:nNRAsrrk17:0,NS:NEWBIZ,CABK.MC
2024-05-24 10:17:53.555,QORUS - THE LATEST INDUSTRY NEWS INCLUDING PEERS,urn:newsml:newsroom:20240524:nNRAsrrisd:0,NS:NEWBIZ,CABK.MC
2024-05-24 09:17:34.899,QORUS - THE LATEST INDUSTRY NEWS INCLUDING PEERS,urn:newsml:newsroom:20240524:nNRAsrq9t9:0,NS:NEWBIZ,CABK.MC
2024-05-24 09:14:06.122,Criteria buys a 9.4% stake in ACS in a 1 billion transaction,urn:newsml:newsroom:20240524:nNRAsrq9rx:0,NS:NOTENG,CABK.MC
2024-05-24 09:12:13.142,QORUS - THE LATEST INDUSTRY NEWS INCLUDING PEERS,urn:newsml:newsroom:20240524:nNRAsrpwe5:0,NS:NEWBIZ,CABK.MC
2024-05-24 00:15:10.728,QORUS - THE LATEST INDUSTRY NEWS INCLUDING PEERS,urn:newsml:newsroom:20240524:nNRAsrk4na:0,NS:NEWBIZ,CABK.MC
2024-05-23 18:43:43.413,QORUS - THE LATEST INDUSTRY NEWS INCLUDING PEERS,urn:newsml:newsroom:20240523:nNRAsrhg1s:0,NS:NEWBIZ,CABK.MC
2024-05-23 18:36:49.584,QORUS - THE LATEST INDUSTRY NEWS INCLUDING PEERS,urn:newsml:newsroom:20240523:nNRAsrib4c:0,NS:NEWBIZ,CABK.MC
2024-05-23 17:42:29.475,QORUS - THE LATEST INDUSTRY NEWS INCLUDING PEERS,urn:newsml:newsroom:20240523:nNRAsrgs51:0,NS:NEWBIZ,CABK.MC
2024-05-23 17:32:15.208,German trading: CaixaBank (48CA: EUR5.02) in 4th consecutive rise; +19c [3.9%],urn:newsml:newsroom:20240523:nNRAsrgl6h:0,NS:GERCOM,CABK.MC
2024-05-23 16:17:05.864,CaixaBank (CABK: EUR5.09) offers earnings yield of 7.5%; +4c [0.8%],urn:newsml:newsroom:20240523:nNRAsrewdl:0,NS:GLOSTO,CABK.MC
2024-05-23 11:03:10.992,QORUS - THE LATEST INDUSTRY NEWS INCLUDING PEERS,urn:newsml:newsroom:20240523:nNRAsr7qdu:0,NS:NEWBIZ,CABK.MC
2024-05-23 10:41:54.113,QORUS - THE LATEST INDUSTRY NEWS INCLUDING PEERS,urn:newsml:newsroom:20240523:nNRAsr8j5m:0,NS:NEWBIZ,CABK.MC
2024-05-23 09:17:05.756,QORUS - THE LATEST INDUSTRY NEWS INCLUDING PEERS,urn:newsml:newsroom:20240523:nNRAsr8ijl:0,NS:NEWBIZ,CABK.MC
2024-05-23 09:13:18.362,QORUS - THE LATEST INDUSTRY NEWS INCLUDING PEERS,urn:newsml:newsroom:20240523:nNRAsr7ohd:0,NS:NEWBIZ,CABK.MC
2024-05-22 21:50:34.059,Criteria Caixa may Acquire Additional 5% Stake in Telefonica,urn:newsml:reuters.com:20240522:nNRAsqyb7u:1,NS:DATMTR,CABK.MC
2024-05-22 18:43:12.666,QORUS - THE LATEST INDUSTRY NEWS INCLUDING PEERS,urn:newsml:newsroom:20240522:nNRAsqw5ex:0,NS:NEWBIZ,CABK.MC
2024-05-22 18:10:45.983,QORUS - THE LATEST INDUSTRY NEWS INCLUDING PEERS,urn:newsml:newsroom:20240522:nNRAsqv5wr:0,NS:NEWBIZ,CABK.MC
2024-05-22 17:37:06.592,"German trading: CaixaBank (48CA: EUR5.01) keeps rising, up 3.7% in 3 days; +18c [3.7%]",urn:newsml:newsroom:20240522:nNRAsquf9o:0,NS:GERCOM,CABK.MC
2024-05-22 15:07:50.179,How CaixaBank's Tax Rate compares to Its Peers,urn:newsml:newsroom:20240522:nNRAsqsh2x:0,NS:GLOSTO,CABK.MC
2024-05-22 14:12:13.219,Citi includes CaixaBank in its list of favorite banks and removes BBVA from the list.,urn:newsml:newsroom:20240522:nNRAsqrycl:0,NS:NOTENG,CABK.MC
2024-05-22 11:06:58.144,QORUS INDUSTRY AND PEER NEWS IN THE PAST WEEK,urn:newsml:newsroom:20240522:nNRAsqprus:0,NS:NEWBIZ,CABK.MC
2024-05-22 10:47:09.240,QORUS INDUSTRY AND PEER NEWS IN THE PAST WEEK,urn:newsml:newsroom:20240522:nNRAsqqizg:0,NS:NEWBIZ,CABK.MC
2024-05-22 09:12:22.858,QORUS INDUSTRY AND PEER NEWS IN THE PAST WEEK,urn:newsml:newsroom:20240522:nNRAsqo11c:0,NS:NEWBIZ,CABK.MC
2024-05-22 00:17:47.272,QORUS INDUSTRY AND PEER NEWS IN THE PAST WEEK,urn:newsml:newsroom:20240522:nNRAsqhgut:0,NS:NEWBIZ,CABK.MC
2024-05-21 18:36:56.194,QORUS INDUSTRY AND PEER NEWS IN THE PAST WEEK,urn:newsml:newsroom:20240521:nNRAsqewyc:0,NS:NEWBIZ,CABK.MC
2024-05-21 18:07:58.522,QORUS INDUSTRY AND PEER NEWS IN THE PAST WEEK,urn:newsml:newsroom:20240521:nNRAsqf1rv:0,NS:NEWBIZ,CABK.MC
2024-05-21 17:41:52.774,QORUS INDUSTRY AND PEER NEWS IN THE PAST WEEK,urn:newsml:newsroom:20240521:nNRAsqeicb:0,NS:NEWBIZ,CABK.MC
2024-05-21 16:17:26.350,"CaixaBank (CABK: EUR5.05) keeps rising, up 4.8% in 3 days; +23c [4.8%]",urn:newsml:newsroom:20240521:nNRAsqdr14:0,NS:GLOSTO,CABK.MC
2024-05-21 13:11:42.554,Criteria plans to increase its stake in Telefónica to 10%.,urn:newsml:newsroom:20240521:nNRAsqb3i7:0,NS:NOTENG,CABK.MC
2024-05-21 12:27:34.000,LIVE MARKETS-More to come from Spanish banks - DB,urn:newsml:reuters.com:20240521:nL8N3HO3LY:1,NS:RTRS,CABK.MC
2024-05-21 11:16:13.662,Criteria plans to double its stake in Telefónica to 10% and match Sepi,urn:newsml:newsroom:20240521:nNRAsq9fnn:0,NS:NOTENG,CABK.MC
2024-05-21 09:14:22.511,Criteria will double its stake in Telefónica to 10% and match that of the State and STC,urn:newsml:newsroom:20240521:nNRAsq9icr:0,NS:NOTENG,CABK.MC
2024-05-21 09:12:55.956,QORUS - THE LATEST INDUSTRY NEWS INCLUDING PEERS,urn:newsml:newsroom:20240521:nNRAsq8u1a:0,NS:NEWBIZ,CABK.MC
2024-05-21 09:12:14.053,QORUS - THE LATEST INDUSTRY NEWS INCLUDING PEERS,urn:newsml:newsroom:20240521:nNRAsq8biv:0,NS:NEWBIZ,CABK.MC
2024-05-21 08:15:00.874,CaixaBank and BBVA lead growth in fund portfolios and March falls 11%.,urn:newsml:newsroom:20240521:nNRAsq79nn:0,NS:NOTENG,CABK.MC
2024-05-21 08:14:12.700,Criteria will also acquire a 10% stake in Telefónica to match the government and STC,urn:newsml:newsroom:20240521:nNRAsq6tlj:0,NS:NOTENG,CABK.MC
2024-05-21 06:14:33.000,"Criteria to raise stake in Telefonica to 10%, El Confidencial says",urn:newsml:reuters.com:20240521:nL8N3HO0U5:1,NS:RTRS,CABK.MC
2024-05-20 22:14:50.741,QORUS - THE LATEST INDUSTRY NEWS INCLUDING PEERS,urn:newsml:newsroom:20240520:nNRAsq0mj8:0,NS:NEWBIZ,CABK.MC
2024-05-20 18:08:33.692,QORUS - THE LATEST INDUSTRY NEWS INCLUDING PEERS,urn:newsml:newsroom:20240520:nNRAspyl7d:0,NS:NEWBIZ,CABK.MC
2024-05-20 16:16:58.599,CaixaBank (CABK: EUR4.99) in top 1% performers of IBEX 35 Index; +10c [2.0%],urn:newsml:newsroom:20240520:nNRAspwxq6:0,NS:GLOSTO,CABK.MC
2024-05-20 12:37:11.177,Weekly: CaixaBank ADR (CAIXY: $1.76) up 7% in 2 weeks; +11c [6.7%],urn:newsml:newsroom:20240520:nNRAspud6w:0,NS:GLOROU,CABK.MC
2024-05-20 11:37:07.304,Weekly: CaixaBank ADR (CAIXY: $1.76) up 7% in 2 weeks; +11c [6.7%],urn:newsml:newsroom:20240520:nNRAsptavf:0,NS:GLOROU,CABK.MC
2024-05-20 10:59:24.199,QORUS - THE LATEST INDUSTRY NEWS INCLUDING PEERS,urn:newsml:newsroom:20240520:nNRAspsscg:0,NS:NEWBIZ,CABK.MC
2024-05-20 10:54:02.187,Weekly: CaixaBank ADR (CAIXY: $1.76) up 7% in 2 weeks; +11c [6.7%],urn:newsml:newsroom:20240520:nNRAspsf8m:0,NS:GLOROU,CABK.MC
2024-05-20 10:29:37.307,QORUS - THE LATEST INDUSTRY NEWS INCLUDING PEERS,urn:newsml:newsroom:20240520:nNRAspt3h7:0,NS:NEWBIZ,CABK.MC
2024-05-20 10:22:13.082,QORUS - THE LATEST INDUSTRY NEWS INCLUDING PEERS,urn:newsml:newsroom:20240520:nNRAspscwl:0,NS:NEWBIZ,CABK.MC
2024-05-20 06:37:16.837,Weekly: CaixaBank ADR (CAIXY: $1.76) up 7% in 2 weeks; +11c [6.7%],urn:newsml:newsroom:20240520:nNRAspqu9k:0,NS:GLOROU,CABK.MC
2024-05-20 00:00:00.000,"Monday May 20, 2024 CaixaBank ADR: How it compares to other IDRs and ADRs",urn:newsml:newsroom:20240521:nNRAsq1fmu:0,NS:GLOROU,CABK.MC
2024-05-19 22:18:25.194,QORUS - THE LATEST INDUSTRY NEWS INCLUDING PEERS,urn:newsml:newsroom:20240519:nNRAspmjwp:0,NS:NEWBIZ,CABK.MC
2024-05-19 18:38:30.742,QORUS - THE LATEST INDUSTRY NEWS INCLUDING PEERS,urn:newsml:newsroom:20240519:nNRAsplops:0,NS:NEWBIZ,CABK.MC
2024-05-19 18:09:23.973,QORUS - THE LATEST INDUSTRY NEWS INCLUDING PEERS,urn:newsml:newsroom:20240519:nNRAsplmup:0,NS:NEWBIZ,CABK.MC
2024-05-19 17:41:50.613,QORUS - THE LATEST INDUSTRY NEWS INCLUDING PEERS,urn:newsml:newsroom:20240519:nNRAsplcsx:0,NS:NEWBIZ,CABK.MC
2024-05-18 04:21:53.197,Weekly: CaixaBank (CABK: EUR4.89) decreases 0.8% on thin volume; -4c [0.8%],urn:newsml:newsroom:20240518:nNRAspb2fb:0,NS:GLOWEE,CABK.MC
2024-05-18 00:00:00.000,QORUS - THE LATEST INDUSTRY NEWS INCLUDING PEERS,urn:newsml:newsroom:20240518:nNRAspcj0n:0,NS:NEWBIZ,CABK.MC
2024-05-18 00:00:00.000,QORUS - THE LATEST INDUSTRY NEWS INCLUDING PEERS,urn:newsml:newsroom:20240518:nNRAspcgbs:0,NS:NEWBIZ,CABK.MC
2024-05-17 17:22:30.573,CaixaBank ADR (CAIXY: $1.75) strengthens above moving average price; +0.5c [0.3%],urn:newsml:newsroom:20240517:nNRAsp6y1a:0,NS:GLOROU,CABK.MC
2024-05-17 16:42:04.331,Weekly: CaixaBank (CABK: EUR4.89) decreases 0.8% on thin volume; -4c [0.8%],urn:newsml:newsroom:20240517:nNRAsp5axo:0,NS:GLOWEE,CABK.MC
2024-05-17 16:40:31.520,CaixaBank (CABK: EUR4.89) offers earnings yield of 7.8%; +7c [1.5%],urn:newsml:newsroom:20240517:nNRAsp5wcj:0,NS:GLOSTO,CABK.MC
2024-05-17 16:39:44.725,CaixaBank ADR (CAIXY: $1.74) decreases ; -0.5c [-0.3%],urn:newsml:newsroom:20240517:nNRAsp2br2:0,NS:GLOROU,CABK.MC
2024-05-17 13:12:45.802,"Criteria buys new shares in Colonial for 622 million euros, bringing its stake in the company to 17%.",urn:newsml:newsroom:20240517:nNRAsp2003:0,NS:NOTENG,CABK.MC
2024-05-17 00:00:00.000,"Criteria, targeting Spanish listed companies",urn:newsml:newsroom:20240518:nNRAspaex2:0,NS:NOTENG,CABK.MC
2024-05-16 17:38:11.000,UPDATE 1-Spain's Criteria becomes Colonial's main shareholder with $676 mln capital increase,urn:newsml:reuters.com:20240516:nL8N3HJ6NS:1,NS:RTRS,CABK.MC
2024-05-16 16:27:01.006,"CaixaBank, S.A. reports Q1 results",urn:newsml:newsroom:20240516:nNRAsoo3x4:0,NS:SEECOM,CABK.MC
2024-05-16 16:17:21.693,CaixaBank (CABK: EUR4.82) offers dividend yield of 8.1%; -6c [1.2%],urn:newsml:newsroom:20240516:nNRAson9iu:0,NS:GLOSTO,CABK.MC
2024-05-16 16:15:58.561,Colonial Confirms EPS 2024 Guidance Post Transaction With Criteria,urn:newsml:reuters.com:20240516:nRSD9zhdsG:1,NS:SIGDEV,CABK.MC
2024-05-16 16:14:44.000,Spain's Criteria to up stake in Colonial via $676 mln capital increase,urn:newsml:reuters.com:20240516:nL8N3HJ6I2:2,NS:RTRS,CABK.MC
2024-05-16 16:13:45.909,Criteria will subscribe to a capital increase of 622 million in Colonial and will become the main shareholder,urn:newsml:newsroom:20240516:nNRAsomzkf:0,NS:NOTENG,CABK.MC
2024-05-16 16:04:26.000,BRIEF-Colonial Confirms EPS 2024 Guidance Post Transaction With Criteria,urn:newsml:reuters.com:20240516:nFWN3HJ17F:1,NS:RTRS,CABK.MC
2024-05-16 15:18:18.000,"UPDATE 3-Sabadell rejected BBVA bid over capital impact, costs savings, CEO says",urn:newsml:reuters.com:20240516:nL8N3HJ428:1,NS:RTRS,CABK.MC
2024-05-15 17:52:38.110,German trading: CaixaBank (48CA: EUR4.91) strengthens above moving average price; +1c [0.2%],urn:newsml:newsroom:20240515:nNRAso93f2:0,NS:GERCOM,CABK.MC
2024-05-15 16:17:20.457,CaixaBank (CABK: EUR4.88) in bottom 1% performers of IBEX 35 Index; -8c [1.6%],urn:newsml:newsroom:20240515:nNRAso7q5i:0,NS:GLOSTO,CABK.MC
2024-05-15 14:07:31.267,How CaixaBank's Tax Rate compares to Its Peers,urn:newsml:newsroom:20240515:nNRAso61ab:0,NS:GLOSTO,CABK.MC
2024-05-15 06:12:58.318,Two conservative mutual funds account for half of all inflows in Spain,urn:newsml:newsroom:20240515:nNRAso08is:0,NS:NOTENG,CABK.MC
2024-05-14 16:19:14.072,CaixaBank (CABK: EUR4.96) strengthens above moving average price; +4c [0.8%],urn:newsml:newsroom:20240514:nNRAsnrbjl:0,NS:GLOSTO,CABK.MC
2024-05-14 00:00:00.000,German trading: CaixaBank (48CA: EUR4.90) strengthens above moving average price; +2c [0.4%],urn:newsml:newsroom:20240515:nNRAso1m9f:0,NS:GERCOM,CABK.MC
2024-05-13 12:37:15.824,Weekly: CaixaBank ADR (CAIXY: $1.75) climbs 6% on average volume; +9.8c [5.9%],urn:newsml:newsroom:20240513:nNRAsnac1c:0,NS:GLOROU,CABK.MC
2024-05-13 11:37:26.266,Weekly: CaixaBank ADR (CAIXY: $1.75) climbs 6% on average volume; +9.8c [5.9%],urn:newsml:newsroom:20240513:nNRAsn7qx7:0,NS:GLOROU,CABK.MC
2024-05-13 10:38:53.451,Weekly: CaixaBank ADR (CAIXY: $1.75) climbs 6% on average volume; +9.8c [5.9%],urn:newsml:newsroom:20240513:nNRAsn6kki:0,NS:GLOROU,CABK.MC
2024-05-13 06:37:14.256,Weekly: CaixaBank ADR (CAIXY: $1.75) climbs 6% on average volume; +9.8c [5.9%],urn:newsml:newsroom:20240513:nNRAsn52gr:0,NS:GLOROU,CABK.MC
2024-05-13 06:33:17.000,Spanish stocks - Factors to watch on May 13,urn:newsml:reuters.com:20240513:nL8N3HG167:1,NS:RTRS,CABK.MC
2024-05-13 00:00:00.000,CaixaBank (CABK: EUR4.92) offers earnings yield of 7.7%; -1c [0.2%],urn:newsml:newsroom:20240514:nNRAsniw17:0,NS:GLOSTO,CABK.MC
2024-05-11 04:21:56.428,Weekly: CaixaBank (CABK: EUR4.93) lifts 3.6% - outperforming 87% of stocks; +17c [3.6%],urn:newsml:newsroom:20240511:nNRAsmqsee:0,NS:GLOWEE,CABK.MC
2024-05-10 17:47:14.906,German trading: CaixaBank (48CA: EUR4.92) strengthens above moving average price; +4c [0.8%],urn:newsml:newsroom:20240510:nNRAsmn444:0,NS:GERCOM,CABK.MC
2024-05-10 16:22:33.714,Weekly: CaixaBank (CABK: EUR4.93) lifts 3.6% - outperforming 87% of stocks; +17c [3.6%],urn:newsml:newsroom:20240510:nNRAsmln0r:0,NS:GLOWEE,CABK.MC
2024-05-10 16:17:16.723,CaixaBank (CABK: EUR4.93) offers dividend yield of 7.9%; +1c [0.2%],urn:newsml:newsroom:20240510:nNRAsmlig8:0,NS:GLOSTO,CABK.MC
2024-05-09 17:32:04.918,German trading: CaixaBank (48CA: EUR4.88) drops 1.2%; -6c [1.2%],urn:newsml:newsroom:20240509:nNRAsm8cfp:0,NS:GERCOM,CABK.MC
2024-05-09 15:12:47.119,BBVA rules out competition problems due to the merger because it will have lower market shares than CaixaBank,urn:newsml:newsroom:20240509:nNRAsm73h4:0,NS:NOTENG,CABK.MC
2024-05-09 14:57:58.000,UPDATE 8-Spain's BBVA turns hostile with $13 billion bid for Sabadell,urn:newsml:reuters.com:20240509:nL8N3HC0Y0:2,NS:RTRS,CABK.MC
2024-05-09 10:46:33.000,UPDATE 2-Spanish government opposes BBVA's $13 billion Sabadell hostile bid,urn:newsml:reuters.com:20240509:nL8N3HC2BR:1,NS:RTRS,CABK.MC
2024-05-08 16:17:20.901,CaixaBank (CABK: EUR4.92) decreases; -2c [0.4%],urn:newsml:newsroom:20240508:nNRAslrawl:0,NS:GLOSTO,CABK.MC
2024-05-08 11:13:21.101,"VidaCaixa exceeds 125,000 million euros in assets under management",urn:newsml:newsroom:20240508:nNRAsln7q4:0,NS:NOTENG,CABK.MC
2024-05-08 00:00:00.000,"VidaCaixa exceeds 125,000 million euros in assets under management",urn:newsml:newsroom:20240509:nNRAslyvvu:0,NS:NOTENG,CABK.MC
2024-05-07 16:17:19.481,CaixaBank (CABK: EUR4.94) offers earnings yield of 7.7%; +7c [1.4%],urn:newsml:newsroom:20240507:nNRAslbgci:0,NS:GLOSTO,CABK.MC
2024-05-07 06:08:34.869,How CaixaBank's Tax Rate compares to Its Peers,urn:newsml:newsroom:20240507:nNRAsl2o3u:0,NS:GLOSTO,CABK.MC
2024-05-06 16:17:13.914,CaixaBank (CABK: EUR4.87) offers dividend yield of 8%; +11c [2.3%],urn:newsml:newsroom:20240506:nNRAskviyx:0,NS:GLOSTO,CABK.MC
2024-05-06 15:08:07.296,"Monthly: CaixaBank (CABK: EUR4.95) adds EUR3 billion ($4 billion) in MCap in April, leads Banks company gains",urn:newsml:newsroom:20240506:nNRAsku89n:0,NS:GLOSTP,CABK.MC
2024-05-06 14:13:20.916,CaixaBank gives up to 250 euros for direct deposit of your paycheck,urn:newsml:newsroom:20240506:nNRAsks98s:0,NS:NOTENG,CABK.MC
2024-05-06 12:37:13.548,Weekly: CaixaBank ADR (CAIXY: $1.65) in bottom 2% performers of market in past week; -20.22c [10.9%],urn:newsml:newsroom:20240506:nNRAskptai:0,NS:GLOROU,CABK.MC
2024-05-06 12:12:18.920,CaixaBank reinforces its offensive to capture payrolls with a payment of up to 250 euros,urn:newsml:newsroom:20240506:nNRAskplks:0,NS:NOTENG,CABK.MC
2024-05-06 11:37:13.847,Weekly: CaixaBank ADR (CAIXY: $1.65) in bottom 2% performers of market in past week; -20.22c [10.9%],urn:newsml:newsroom:20240506:nNRAskp6g5:0,NS:GLOROU,CABK.MC
2024-05-06 11:13:03.073,CaixaBank fuels the salary war by awarding new customers with up to 250 euros,urn:newsml:newsroom:20240506:nNRAskog5e:0,NS:NOTENG,CABK.MC
2024-05-06 06:38:29.647,Weekly: CaixaBank ADR (CAIXY: $1.65) in bottom 2% performers of market in past week; -20.22c [10.9%],urn:newsml:newsroom:20240506:nNRAskm4mx:0,NS:GLOROU,CABK.MC
2024-05-04 04:21:58.662,Weekly: CaixaBank (CABK: EUR4.76) in bottom 2% performers of IBEX 35 Index in past week; -35c [6.8%] Vol Index 1.6 [1 is avg],urn:newsml:newsroom:20240504:nNRAsk5qgu:0,NS:GLOWEE,CABK.MC
2024-05-03 16:22:18.740,Weekly: CaixaBank (CABK: EUR4.76) in bottom 2% performers of IBEX 35 Index in past week; -35c [6.8%] Vol Index 1.6 [1 is avg],urn:newsml:newsroom:20240503:nNRAsjzgj7:0,NS:GLOWEE,CABK.MC
2024-05-03 16:17:25.228,CaixaBank (CABK: EUR4.76) in bottom 2% performers of IBEX 35 Index; -18c [3.6%] Vol Index 2.1 [1 is avg],urn:newsml:newsroom:20240503:nNRAsjz9jn:0,NS:GLOSTO,CABK.MC
2024-05-03 06:12:45.471,Merger would leave more than 65% of Catalonia's credit in the hands of two banks,urn:newsml:newsroom:20240503:nNRAsjqbis:0,NS:NOTENG,CABK.MC
2024-05-02 16:17:27.918,CaixaBank (CABK: EUR4.94) down 3.5% in 2 days; -18c [3.5%] Vol Index 1.6 [1 is avg],urn:newsml:newsroom:20240502:nNRAsjhy9g:0,NS:GLOSTO,CABK.MC
2024-05-02 16:12:01.111,Valencia puts obstacles to BBVA-Sabadell: it concentrates 60% of the regional market with CaixaBank,urn:newsml:newsroom:20240502:nNRAsjgu8h:0,NS:NOTENG,CABK.MC
2024-05-02 06:17:51.602,"Monthly: CaixaBank (CABK: EUR4.95) adds EUR3 billion ($4 billion) in MCap in April, leads Banks company gains",urn:newsml:newsroom:20240502:nNRAsj9irj:0,NS:GLOSTO,CABK.MC
2024-05-01 11:49:18.952,Fitch Ratings: Potential BBVA–Sabadell Merger Would Widen Gap with Spain’s Second-Tier Banks,urn:newsml:reuters.com:20240501:nFIT8dv1v9:1,NS:FCH,CABK.MC
2024-05-01 06:13:32.446,"Spanish banking sector closes a historic quarter in profits, while a new phase of mergers begins",urn:newsml:newsroom:20240501:nNRAsiwbim:0,NS:NOTENG,CABK.MC
2024-05-01 05:12:42.950,"Caixabank earns 17.5% more in the first quarter to 1,010 million thanks to higher loan income",urn:newsml:newsroom:20240501:nNRAsivx65:0,NS:NOTENG,CABK.MC
2024-05-01 04:43:39.745,"(EN) Caixabank, S.A. Quarterly Presentation (78848633)",urn:newsml:reuters.com:20240501:nGLF8Tmq2v:4,NS:GLFILE,CABK.MC
2024-05-01 04:08:21.546,Q1 2024 Caixabank SA Earnings Call Transcript,urn:newsml:newsroom:20240501:nNRAsivo5w:0,NS:GURCOM,CABK.MC
2024-05-01 00:00:00.000,"Wednesday May 01, 2024 CaixaBank ADR: How it compares to other IDRs and ADRs",urn:newsml:newsroom:20240502:nNRAsj89u2:0,NS:GLOROU,CABK.MC
2024-04-30 21:22:03.872,"CaixaBank, S.A. (CAIXY) Q1 2024 Earnings Call Transcript",urn:newsml:newsroom:20240430:nNRAsisxrv:0,NS:SEECOM,CABK.MC
2024-04-30 19:13:31.373,"(EN) Caixabank, S.A. Interim Q1 (78827901)",urn:newsml:reuters.com:20240430:nGLF9TsDRH:8,NS:GLFILE,CABK.MC
2024-04-30 17:57:10.000,UPDATE 2-Spain's Puig prices shares at top of range in oversubscribed IPO,urn:newsml:reuters.com:20240430:nL8N3H38Y2:1,NS:RTRS,CABK.MC
2024-04-30 17:04:06.000,UPDATE 5-Spain's BBVA takes aim again at $10 bln Sabadell,urn:newsml:reuters.com:20240430:nL8N3H35V5:11,NS:RTRS,CABK.MC
2024-04-30 16:22:38.083,"Monthly: CaixaBank (CABK: EUR4.95) adds EUR3 billion ($4 billion) in MCap in April, leads Banks company gains",urn:newsml:newsroom:20240430:nNRAsiofht:0,NS:GLOSTP,CABK.MC
2024-04-30 16:17:16.607,CaixaBank (CABK: EUR4.95) offers earnings yield of 7.7%; -17c [3.3%] Vol Index 2.0 [1 is avg],urn:newsml:newsroom:20240430:nNRAsionvq:0,NS:GLOSTO,CABK.MC
2024-04-30 15:37:42.074,CaixaBank ADR (CAIXY: $1.75) down 5.5% in 2 days; -5c [-2.8%],urn:newsml:newsroom:20240430:nNRAsio8ts:0,NS:GLOROU,CABK.MC
2024-04-30 13:46:52.048,"CaixaBank, S.A. reports Q1 results",urn:newsml:newsroom:20240430:nNRAsimzna:0,NS:SEECOM,CABK.MC
2024-04-30 13:13:26.634,Large Spanish banks increased their profit by 17.2% in the first quarter to 6.6 billion euros,urn:newsml:newsroom:20240430:nNRAsimlfn:0,NS:NOTENG,CABK.MC
2024-04-30 13:12:59.414,"CaixaBank earns 1,005 million up to March, up 17.5%.",urn:newsml:newsroom:20240430:nNRAsimltv:0,NS:NOTENG,CABK.MC
2024-04-30 11:32:24.679,CaixaBank reports a net profit of €1.01 billion up to March (+17.5%) with increased loan production and customer funds,urn:newsml:newsroom:20240430:nNRAsil32h:0,NS:INDBAN,CABK.MC
2024-04-30 10:23:10.465,BPI Q1 Consolidated Net Profit Up At 121.3 Mln Euros YoY,urn:newsml:reuters.com:20240430:nRSD1KjsSM:1,NS:SIGDEV,CABK.MC
2024-04-30 10:12:34.869,"CaixaBank earns 1,005M to March, up 17.5%, with another boost to margins",urn:newsml:newsroom:20240430:nNRAsijtnu:0,NS:NOTENG,CABK.MC
2024-04-30 10:12:33.099,"CaixaBank earns more than 1,000 million euros in the first quarter, up 17%.",urn:newsml:newsroom:20240430:nNRAsijyym:0,NS:NOTENG,CABK.MC
2024-04-30 10:12:19.072,Large banks boost profit 17% in the first quarter to almost 6.7 billion euros,urn:newsml:newsroom:20240430:nNRAsik7ud:0,NS:NOTENG,CABK.MC
2024-04-30 10:12:00.000,BRIEF-BPI Q1 Consolidated Net Profit Up At 121.3 Mln Euros YoY,urn:newsml:reuters.com:20240430:nL8N3H342V:1,NS:RTRS,CABK.MC
2024-04-30 09:56:02.000,CaixaBank SA - CaixaBank 1Q 2024 results presentation. Webcast (Open in a new window),urn:newsml:reuters.com:20240430:nNDL8DNVvX:1,NS:PUBT,CABK.MC
2024-04-30 09:13:49.383,"CaixaBank earns 1,005 million up to March, 17.5% more, despite paying 1,135 million in taxes",urn:newsml:newsroom:20240430:nNRAsij8fl:0,NS:NOTENG,CABK.MC
2024-04-30 09:13:35.821,"Large banks obtain 6.6 billion euros in profits in the first quarter, up 17.2%.",urn:newsml:newsroom:20240430:nNRAsij9jj:0,NS:NOTENG,CABK.MC
2024-04-30 09:13:17.741,"Large banks once again shoot up their profits, earning 6.6 billion in the first quarter of 2024",urn:newsml:newsroom:20240430:nNRAsij64s:0,NS:NOTENG,CABK.MC
2024-04-30 09:13:08.512,CaixaBank's quarterly profit up 17.5% to 1.005 billion,urn:newsml:newsroom:20240430:nNRAsijcn7:0,NS:NOTENG,CABK.MC
2024-04-30 09:13:05.806,"CaixaBank with profits of 1,005 million in the first quarter",urn:newsml:newsroom:20240430:nNRAsijjyt:0,NS:NOTENG,CABK.MC
2024-04-30 08:38:48.000,UPDATE 2-Caixabank revises up lending income growth for 2024,urn:newsml:reuters.com:20240430:nL8N3H30VO:6,NS:RTRS,CABK.MC
2024-04-30 08:30:00.000,Q1 2024 Caixabank SA Earnings Call - Final,urn:newsml:newsroom:20240521:nNRAsqgjee:0,NS:FDFAIR,CABK.MC
2024-04-30 08:13:29.429,"Big banks earn 6,566 million in the first quarter and pay almost 1,500 million for the banking tax",urn:newsml:newsroom:20240430:nNRAsij9oi:0,NS:NOTENG,CABK.MC
2024-04-30 07:13:31.146,"CaixaBank increases its profit by 17.5% up to March and earns 1,005 million euros",urn:newsml:newsroom:20240430:nNRAsiilh4:0,NS:NOTENG,CABK.MC
2024-04-30 07:13:30.708,"CaixaBank earns 1,005 million up to March, up 17.5%.",urn:newsml:newsroom:20240430:nNRAsiibbd:0,NS:NOTENG,CABK.MC
2024-04-30 06:39:34.000,Spanish stocks - Factors to watch on April 30,urn:newsml:reuters.com:20240430:nL8N3H270H:1,NS:RTRS,CABK.MC
2024-04-30 06:13:51.022,"CaixaBank earned 1,005 million in the first quarter, up 17%.",urn:newsml:newsroom:20240430:nNRAsii0or:0,NS:NOTENG,CABK.MC
2024-04-30 06:09:14.052,How CaixaBank's Tax Rate compares to Its Peers,urn:newsml:newsroom:20240430:nNRAsihjis:0,NS:GLOSTO,CABK.MC
2024-04-30 05:18:25.145,Caixabank Q1 CET1 Capital Ratio 12.3%,urn:newsml:reuters.com:20240430:nRSD2RTYj9:1,NS:SIGDEV,CABK.MC
2024-04-30 05:07:11.261,BRIEF-Caixabank Q1 CET1 Capital Ratio 12.3%,urn:newsml:reuters.com:20240430:nPlxbXphZK:1,NS:RTRS,CABK.MC
2024-04-30 05:03:03.748,Caixabank Sees FY 2024 NII Mid-Single Digit Growth YoY,urn:newsml:reuters.com:20240430:nRSD1R2q8q:1,NS:SIGDEV,CABK.MC
2024-04-30 04:51:54.000,BRIEF-Caixabank Sees FY 2024 NII Mid-Single Digit Growth YoY,urn:newsml:reuters.com:20240430:nFWN3H308F:1,NS:RTRS,CABK.MC
2024-04-30 04:45:19.000,CaixaBank SA - CaixaBank reports a net profit of €1.01 billion up to March (+17.5%) with increased loan production and customer funds,urn:newsml:reuters.com:20240430:nNDL7lPQZn:1,NS:PUBT,CABK.MC
2024-04-30 04:37:57.864,Caixabank Q1 Net Profit 1.01 Bln Euros,urn:newsml:reuters.com:20240430:nRSD2n39Z4:1,NS:SIGDEV,CABK.MC
2024-04-30 04:26:53.000,Caixabank's Q1 net profit rises 17.5% from same period in 2023,urn:newsml:reuters.com:20240430:nL8N3H25ZX:2,NS:RTRS,CABK.MC
2024-04-30 04:26:07.000,BRIEF-Caixabank Q1 Net Profit 1.01 Bln Euros,urn:newsml:reuters.com:20240430:nS8N3C901T:1,NS:RTRS,CABK.MC
2024-04-30 04:00:00.000,"CaixaBank, S.A. 30 April 2024",urn:newsml:newsroom:20240503:nNRAsjx7c4:0,NS:COMSNA,CABK.MC
2024-04-30 00:00:00.000,"CaixaBank earns 1,005 million, up 17.5%, and raises profitability to 15.8%.",urn:newsml:newsroom:20240501:nNRAsj07ko:0,NS:NOTENG,CABK.MC
2024-04-30 00:00:00.000,CaixaBank improves profitability after earning 17.5% more in the quarter,urn:newsml:newsroom:20240501:nNRAsix9v5:0,NS:NOTENG,CABK.MC
2024-04-30 00:00:00.000,Criteria acquires a 3.05% stake in Puig,urn:newsml:newsroom:20240501:nNRAsiw6vk:0,NS:NOTENG,CABK.MC
2024-04-29 16:16:54.404,CaixaBank (CABK: EUR5.12) offers dividend yield of 7.6%; +1c [0.2%] Vol Index 1.3 [1 is avg],urn:newsml:newsroom:20240429:nNRAsi8w91:0,NS:GLOSTO,CABK.MC
2024-04-29 06:17:35.537,Weekly: CaixaBank (CABK: EUR5.11) accelerates rise: up 9% in 2 weeks; +44c [9.4%],urn:newsml:newsroom:20240429:nNRAsi3qct:0,NS:GLOSTO,CABK.MC
2024-04-29 00:19:08.383,Can CaixaBank continue its gains?,urn:newsml:newsroom:20240429:nNRAsi17lu:0,NS:GLOSTO,CABK.MC
2024-04-29 00:00:00.000,"Monday April 29, 2024 CaixaBank ADR: How it compares to other IDRs and ADRs",urn:newsml:newsroom:20240430:nNRAsiemtl:0,NS:GLOROU,CABK.MC
2024-04-27 21:07:32.250,"CaixaBank, S.A. (OTCMKTS:CAIXY) Short Interest Update",urn:newsml:newsroom:20240427:nNRAshs6g7:0,NS:STOOBS,CABK.MC
2024-04-27 05:12:07.626,Puig: keys to a stock market debut that breathes fresh air into the Spanish stock market,urn:newsml:newsroom:20240427:nNRAshmb4f:0,NS:NOTENG,CABK.MC
2024-04-27 04:21:56.900,Weekly: CaixaBank (CABK: EUR5.11) accelerates rise: up 9% in 2 weeks; +30c [6.2%],urn:newsml:newsroom:20240427:nNRAshl7qf:0,NS:GLOWEE,CABK.MC
2024-04-27 01:37:06.530,"Jerónimo Martins, SGPS, S.A. (JRONY) Q1 2024 Earnings Call Transcript",urn:newsml:newsroom:20240427:nNRAshk5tp:0,NS:SEECOM,CABK.MC
2024-04-26 16:22:17.610,Weekly: CaixaBank (CABK: EUR5.11) accelerates rise: up 9% in 2 weeks; +30c [6.2%],urn:newsml:newsroom:20240426:nNRAshf1p5:0,NS:GLOWEE,CABK.MC
2024-04-26 16:17:23.375,"CaixaBank (CABK: EUR5.11) accelerates rise, up 3.4% in 2 days; +17c [3.4%] Vol Index 1.4 [1 is avg]",urn:newsml:newsroom:20240426:nNRAshfd83:0,NS:GLOSTO,CABK.MC
2024-04-26 08:52:11.027,"Repsol, S.A. (REPYY) Q1 2024 Earnings Call Transcript",urn:newsml:newsroom:20240426:nNRAsh8xpf:0,NS:SEECOM,CABK.MC
2024-04-26 00:17:22.444,Friday's Preview: Can CaixaBank continue its recent gains?,urn:newsml:newsroom:20240426:nNRAsh3wr4:0,NS:GLOSTO,CABK.MC
2024-04-25 16:17:14.191,CaixaBank (CABK: EUR5.02) hits year-high 30th time in three months; +8c [1.6%] Vol Index 1.5 [1 is avg],urn:newsml:newsroom:20240425:nNRAsgzts4:0,NS:GLOSTO,CABK.MC
2024-04-25 12:44:04.966,Sareb 2023 Revenues At 2.75 Bln Euros,urn:newsml:reuters.com:20240425:nRSD6NHQMV:1,NS:SIGDEV,CABK.MC
2024-04-25 12:32:24.000,BRIEF-Sareb 2023 Revenues At 2.75 Bln Euros,urn:newsml:reuters.com:20240425:nL5N3GY6GO:1,NS:RTRS,CABK.MC
2024-04-25 06:13:05.346,"Criteria to sell assets for up to 3.5 billion to finance expansion in Naturgy, Talgo and Puig",urn:newsml:newsroom:20240425:nNRAsgt2qk:0,NS:NOTENG,CABK.MC
2024-04-25 03:32:14.004,"CaixaBank consolidates as a leader in factoring and confirming with a record of 76,000 million managed",urn:newsml:newsroom:20240425:nNRAsgqsp2:0,NS:INDBAN,CABK.MC
2024-04-24 14:07:10.763,"Iberdrola, S.A. (IBDSF) Q1 2024 Earnings Call Transcript",urn:newsml:newsroom:20240424:nNRAsgj592:0,NS:SEECOM,CABK.MC
2024-04-24 06:30:00.000,"CaixaBank consolidates its leadership in factoring and reverse factoring with a record €76,000 million under management",urn:newsml:newsroom:20240508:nNRAslowqt:0,NS:INDBAN,CABK.MC
2024-04-24 00:17:31.644,Investors look to see if CaixaBank's recent rally will continue,urn:newsml:newsroom:20240424:nNRAsga3hd:0,NS:GLOSTO,CABK.MC
2024-04-24 00:00:00.000,Criteria strategic chord change,urn:newsml:newsroom:20240425:nNRAsguelf:0,NS:NOTENG,CABK.MC
2024-04-24 00:00:00.000,"Wednesday April 24, 2024 CaixaBank ADR: How it compares to other IDRs and ADRs",urn:newsml:newsroom:20240425:nNRAsgpjxx:0,NS:GLOROU,CABK.MC
2024-04-23 21:44:09.407,Abu Dhabi National Energy May Acquire Naturgy Energy Group,urn:newsml:reuters.com:20240423:nNRAsg9c9g:1,NS:DATMTR,CABK.MC
2024-04-23 16:17:16.294,CaixaBank (CABK: EUR4.94) offers dividend yield of 7.9%; +8c [1.6%],urn:newsml:newsroom:20240423:nNRAsg5ks5:0,NS:GLOSTO,CABK.MC
2024-04-23 06:07:36.456,How CaixaBank's Tax Rate compares to Its Peers,urn:newsml:newsroom:20240423:nNRAsfzax9:0,NS:GLOSTO,CABK.MC
2024-04-23 00:17:20.514,Can CaixaBank continue its gains?,urn:newsml:newsroom:20240423:nNRAsfwc3o:0,NS:GLOSTO,CABK.MC
2024-04-22 21:12:52.318,BPI keeps Lobo Xavier on its board of directors,urn:newsml:newsroom:20240422:nNRAsfvopn:0,NS:NOTENG,CABK.MC
2024-04-22 20:13:01.209,Cristina Rios Amorim replaces António Lobo Xavier as vice-chairman of BPI,urn:newsml:newsroom:20240422:nNRAsfubgn:0,NS:NOTENG,CABK.MC
2024-04-22 20:07:08.642,CaixaBank Asset Management Hires Ana Martin de Santa Olalla as CEO,urn:newsml:reuters.com:20240422:nNRAsft84i:1,NS:DATMTR,CABK.MC
2024-04-22 16:17:04.694,CaixaBank (CABK: EUR4.86) hits year-high 27th time in three months; +5c [1.0%],urn:newsml:newsroom:20240422:nNRAsfqpo7:0,NS:GLOSTO,CABK.MC
2024-04-22 06:17:17.667,Weekly: CaixaBank (CABK: EUR4.81) lifts 3.0% - outperforming 93% of stocks; +14c [3.0%],urn:newsml:newsroom:20240422:nNRAsfkpf4:0,NS:GLOSTO,CABK.MC
2024-04-22 00:17:23.736,Can CaixaBank rebound after recent dip?,urn:newsml:newsroom:20240422:nNRAsfiqhu:0,NS:GLOSTO,CABK.MC
2024-04-21 08:12:00.324,Criteria to take a 5% stake in Puig as part of the perfumery giant's IPO,urn:newsml:newsroom:20240421:nNRAsfevkj:0,NS:NOTENG,CABK.MC
2024-04-20 04:27:00.786,Weekly: CaixaBank (CABK: EUR4.81) lifts 3.0% - outperforming 93% of stocks; +14c [3.0%],urn:newsml:newsroom:20240420:nNRAsf6alk:0,NS:GLOWEE,CABK.MC
2024-04-19 20:12:28.640,The ambition of the three vice-presidents to control Naturgy,urn:newsml:newsroom:20240419:nNRAsf3ib1:0,NS:NOTENG,CABK.MC
2024-04-19 17:12:29.621,German trading: CaixaBank (48CA: EUR4.68) drops on increasing volatility; -4c [0.8%],urn:newsml:newsroom:20240419:nNRAsf1o8n:0,NS:GERCOM,CABK.MC
2024-04-19 16:22:35.249,Weekly: CaixaBank (CABK: EUR4.81) lifts 3.0% - outperforming 93% of stocks; +14c [3.0%],urn:newsml:newsroom:20240419:nNRAsf1794:0,NS:GLOWEE,CABK.MC
2024-04-19 16:17:21.869,CaixaBank (CABK: EUR4.81) decreases on firm volume; -1c [0.2%],urn:newsml:newsroom:20240419:nNRAsf1hxt:0,NS:GLOSTO,CABK.MC
2024-04-19 12:13:09.798,Mapfre appoints CaixaBank's head of asset management as chief investment officer,urn:newsml:newsroom:20240419:nNRAsez4a7:0,NS:NOTENG,CABK.MC
2024-04-19 11:51:53.959,"(EN) Caixabank, S.A. Annual General Meeting (78553784)",urn:newsml:reuters.com:20240419:nGLF9Gy8pp:4,NS:GLFILE,CABK.MC
2024-04-19 10:01:41.000,CaixaBank SA - The Board of Directors of CaixaBank Asset Management appoints Ana Martín de Santa Olalla as its new CEO,urn:newsml:reuters.com:20240419:nNDL9ZkKcg:1,NS:PUBT,CABK.MC
2024-04-19 09:22:21.477,CaixaBank executes more than 60% of its share buyback in five weeks of program,urn:newsml:newsroom:20240419:nNRAseve3k:0,NS:NOTENG,CABK.MC
2024-04-19 00:17:37.359,Friday's Preview: Can CaixaBank continue its recent gains?,urn:newsml:newsroom:20240419:nNRAsep9ig:0,NS:GLOSTO,CABK.MC
2024-04-18 17:06:25.030,German trading: CaixaBank (48CA: EUR4.72) lifts 1.5% strengthening above moving average price; +7c [1.5%],urn:newsml:newsroom:20240418:nNRAselnd4:0,NS:GERCOM,CABK.MC
2024-04-18 16:25:32.519,CaixaBank (CABK: EUR4.82) offers earnings yield of 7.9%; +13c [2.8%] Vol Index 1.3 [1 is avg],urn:newsml:newsroom:20240418:nNRAsekfv6:0,NS:GLOSTO,CABK.MC
2024-04-18 06:30:00.000,"CaixaBank has been named ""Best Bank in Spain"" for the tenth consecutive year by Global Finance magazine",urn:newsml:newsroom:20240425:nNRAsgqdxr:0,NS:INDBAN,CABK.MC
2024-04-18 06:30:00.000,CaixaBank has been named 'Best Bank in Spain' for an uninterrupted decade by Global Finance magazine,urn:newsml:newsroom:20240419:nNRAsewwwk:0,NS:INDBAN,CABK.MC
2024-04-18 00:16:29.527,Investors look to see if CaixaBank's recent rally will continue,urn:newsml:newsroom:20240418:nNRAsea6wr:0,NS:GLOSTO,CABK.MC
2024-04-17 17:04:28.000,UPDATE 4-Abu Dhabi's TAQA confirms Naturgy shareholder talks as considers takeover bid,urn:newsml:reuters.com:20240417:nL5N3GQ2EB:1,NS:RTRS,CABK.MC
2024-04-17 16:16:15.849,CaixaBank (CABK: EUR4.69) offers dividend yield of 8.3%; +6c [1.3%],urn:newsml:newsroom:20240417:nNRAse57a7:0,NS:GLOSTO,CABK.MC
2024-04-17 06:30:00.000,CaixaBank: imagin manages to collect 100 tons of plastic from the oceans in 2023 and consolidates its position as a digital reference in the field ...,urn:newsml:newsroom:20240422:nNRAsfln9k:0,NS:INDBAN,CABK.MC
2024-04-17 05:12:03.162,Taqa should pay at least 10 billion to enter Naturgy,urn:newsml:newsroom:20240417:nNRAsdxwif:0,NS:NOTENG,CABK.MC
2024-04-17 00:16:22.578,Wednesday's Preview: Can CaixaBank rebound after being down?,urn:newsml:newsroom:20240417:nNRAsdw556:0,NS:GLOSTO,CABK.MC
2024-04-17 00:00:00.000,German trading: CaixaBank (48CA: EUR4.65) strengthens above moving average price; +1c [0.2%],urn:newsml:newsroom:20240418:nNRAseatcg:0,NS:GERCOM,CABK.MC
2024-04-17 00:00:00.000,"Wednesday April 17, 2024 CaixaBank ADR: How it compares to other IDRs and ADRs",urn:newsml:newsroom:20240418:nNRAse9mjn:0,NS:GLOROU,CABK.MC
2024-04-16 16:17:14.736,CaixaBank (CABK: EUR4.63) offers dividend yield of 8.4%; -7c [1.5%],urn:newsml:newsroom:20240416:nNRAsdrx91:0,NS:GLOSTO,CABK.MC
2024-04-16 10:47:26.000,UPDATE 3-Spain's Criteria in talks with potential investor in energy group Naturgy,urn:newsml:reuters.com:20240416:nL2N3GP0G4:1,NS:RTRS,CABK.MC
2024-04-16 08:07:25.000,CaixaBank SA - CaixaBank Private Banking commits to independent advice with a new exclusive centre in Barcelona,urn:newsml:reuters.com:20240416:nNDL2DfTHf:1,NS:PUBT,CABK.MC
2024-04-16 00:17:19.792,Can CaixaBank continue its gains?,urn:newsml:newsroom:20240416:nNRAsdjrd1:0,NS:GLOSTO,CABK.MC
2024-04-15 16:17:14.712,CaixaBank (CABK: EUR4.70) in 2nd consecutive rise; +6c [1.3%],urn:newsml:newsroom:20240415:nNRAsdfhoi:0,NS:GLOSTO,CABK.MC
2024-04-15 12:37:08.639,Weekly: CaixaBank ADR (CAIXY: $1.61) down 26% in 2 weeks; -56.253c [25.9%],urn:newsml:newsroom:20240415:nNRAsdcx9k:0,NS:GLOROU,CABK.MC
2024-04-15 11:37:11.977,Weekly: CaixaBank ADR (CAIXY: $1.61) down 26% in 2 weeks; -56.253c [25.9%],urn:newsml:newsroom:20240415:nNRAsdczah:0,NS:GLOROU,CABK.MC
2024-04-15 10:37:11.324,Weekly: CaixaBank ADR (CAIXY: $1.61) down 26% in 2 weeks; -56.253c [25.9%],urn:newsml:newsroom:20240415:nNRAsdbdeo:0,NS:GLOROU,CABK.MC
2024-04-15 06:37:34.684,Weekly: CaixaBank ADR (CAIXY: $1.61) down 26% in 2 weeks; -56.253c [25.9%],urn:newsml:newsroom:20240415:nNRAsd91ya:0,NS:GLOROU,CABK.MC
2024-04-15 06:27:20.324,Weekly: CaixaBank (CABK: EUR4.67) unchanged on robust volume,urn:newsml:newsroom:20240415:nNRAsda1y0:0,NS:GLOSTO,CABK.MC
2024-04-15 05:12:57.083,Criteria negotiates with a group from the United Arab Emirates to acquire a stake in Naturgy,urn:newsml:newsroom:20240415:nNRAsd8l61:0,NS:NOTENG,CABK.MC
2024-04-15 00:16:50.737,Monday's Preview: Can CaixaBank continue its recent gains?,urn:newsml:newsroom:20240415:nNRAsd6zbw:0,NS:GLOSTO,CABK.MC
2024-04-15 00:00:00.000,Criteria negotiates with a group from the United Arab Emirates to acquire a stake in Naturgy,urn:newsml:newsroom:20240416:nNRAsdmhnp:0,NS:NOTENG,CABK.MC
2024-04-15 00:00:00.000,"Monday April 15, 2024 CaixaBank ADR: How it compares to other IDRs and ADRs",urn:newsml:newsroom:20240416:nNRAsdiw6o:0,NS:GLOROU,CABK.MC
2024-04-13 13:13:40.936,"CaixaBank, S.A. (OTCMKTS:CAIXY) Sees Large Growth in Short Interest",urn:newsml:newsroom:20240413:nNRAscyvq5:0,NS:MARDAJ,CABK.MC
2024-04-13 12:58:08.245,"CaixaBank, S.A. (OTCMKTS:CAIXY) Sees Large Growth in Short Interest",urn:newsml:newsroom:20240413:nNRAscyufx:0,NS:DAILYQ,CABK.MC
2024-04-13 04:27:34.686,Weekly: CaixaBank (CABK: EUR4.67) unchanged on robust volume,urn:newsml:newsroom:20240413:nNRAscvmf6:0,NS:GLOWEE,CABK.MC
2024-04-12 17:07:17.137,German trading: CaixaBank (48CA: EUR4.65) drops 1.9%; -9c [1.9%],urn:newsml:newsroom:20240412:nNRAscque3:0,NS:GERCOM,CABK.MC
2024-04-12 16:22:25.667,Weekly: CaixaBank (CABK: EUR4.67) unchanged on robust volume,urn:newsml:newsroom:20240412:nNRAscpza1:0,NS:GLOWEE,CABK.MC
2024-04-12 16:17:15.378,CaixaBank (CABK: EUR4.67) offers earnings yield of 8.1%; +3c [0.6%] Vol Index 1.3 [1 is avg],urn:newsml:newsroom:20240412:nNRAscpw60:0,NS:GLOSTO,CABK.MC
2024-04-12 10:12:46.720,CaixaBank executes 48.5% of its treasury stock buyback program,urn:newsml:newsroom:20240412:nNRAscn9qp:0,NS:NOTENG,CABK.MC
2024-04-12 09:14:33.025,CaixaBank executes almost 50% of its share buyback in four weeks of program,urn:newsml:newsroom:20240412:nNRAscl1lq:0,NS:NOTENG,CABK.MC
2024-04-12 00:17:26.340,Investors concerned as CaixaBank down in recent days,urn:newsml:newsroom:20240412:nNRAscglsg:0,NS:GLOSTO,CABK.MC
2024-04-12 00:00:00.000,"Friday April 12, 2024 CaixaBank ADR: How it compares to other IDRs and ADRs",urn:newsml:newsroom:20240413:nNRAscu9up:0,NS:GLOROU,CABK.MC
2024-04-11 17:57:05.781,Investors concerned as CaixaBank down in recent days,urn:newsml:newsroom:20240411:nNRAscde7d:0,NS:GLOROU,CABK.MC
2024-04-11 17:12:30.569,German trading: CaixaBank (48CA: EUR4.74) drops 1.2%; -6c [1.2%],urn:newsml:newsroom:20240411:nNRAscd1zq:0,NS:GERCOM,CABK.MC
2024-04-11 16:57:16.249,Investors concerned as CaixaBank down in recent days,urn:newsml:newsroom:20240411:nNRAscd00c:0,NS:GLOROU,CABK.MC
2024-04-11 16:52:07.251,Can CaixaBank rebound after recent dip?,urn:newsml:newsroom:20240411:nNRAscct2w:0,NS:GLOROU,CABK.MC
2024-04-11 16:17:17.365,"CaixaBank (CABK: EUR4.64) slides 3.1%, 2 days' volume in a day; -15c [3.1%] Vol Index 2.0 [1 is avg]",urn:newsml:newsroom:20240411:nNRAscco78:0,NS:GLOSTO,CABK.MC
2024-04-11 15:57:07.227,Investors concerned as CaixaBank down in recent days,urn:newsml:newsroom:20240411:nNRAscc57a:0,NS:GLOROU,CABK.MC
2024-04-11 15:52:05.757,Can CaixaBank rebound after recent dip?,urn:newsml:newsroom:20240411:nNRAscc0v4:0,NS:GLOROU,CABK.MC
2024-04-11 14:52:05.646,Can CaixaBank rebound after recent dip?,urn:newsml:newsroom:20240411:nNRAsca17d:0,NS:GLOROU,CABK.MC
2024-04-11 13:57:17.161,Investors concerned as CaixaBank down in recent days,urn:newsml:newsroom:20240411:nNRAscanxs:0,NS:GLOROU,CABK.MC
2024-04-11 12:47:19.028,Can CaixaBank rebound after recent dip?,urn:newsml:newsroom:20240411:nNRAscbky8:0,NS:GLOROU,CABK.MC
2024-04-11 08:57:23.415,"Wednesday April 10, 2024 All You Need to Know About the CaixaBank ADR Today",urn:newsml:newsroom:20240411:nNRAsc5n7z:0,NS:GLOROU,CABK.MC
2024-04-11 05:56:57.031,Can CaixaBank rebound after recent dip?,urn:newsml:newsroom:20240411:nNRAsc435a:0,NS:GLOROU,CABK.MC
2024-04-11 05:13:26.714,"Offensive against private banking by Santander, BBVA and CaixaBank",urn:newsml:newsroom:20240411:nNRAsc371b:0,NS:NOTENG,CABK.MC
2024-04-11 04:57:12.216,"Wednesday April 10, 2024 All You Need to Know About the CaixaBank ADR Today",urn:newsml:newsroom:20240411:nNRAsc333y:0,NS:GLOROU,CABK.MC
2024-04-11 00:17:52.323,Investors look to see if CaixaBank's recent rally will continue,urn:newsml:newsroom:20240411:nNRAsc0ajs:0,NS:GLOSTO,CABK.MC
2024-04-10 16:17:23.277,CaixaBank (CABK: EUR4.79) offers dividend yield of 8.1%; +7c [1.5%] Vol Index 1.5 [1 is avg],urn:newsml:newsroom:20240410:nNRAsbvr5g:0,NS:GLOSTO,CABK.MC
2024-04-10 15:07:44.934,How CaixaBank's Tax Rate compares to Its Peers,urn:newsml:newsroom:20240410:nNRAsbulex:0,NS:GLOSTO,CABK.MC
2024-04-10 04:00:00.000,Global ESG Investment 10 Apr 24,urn:newsml:newsroom:20240411:nNRAscb9gy:0,NS:INDSNA,CABK.MC
2024-04-10 00:17:20.790,Can CaixaBank rebound after recent dip?,urn:newsml:newsroom:20240410:nNRAsbjtbv:0,NS:GLOSTO,CABK.MC
2024-04-10 00:00:00.000,"Wednesday April 10, 2024 All You Need to Know About the CaixaBank ADR Today",urn:newsml:newsroom:20240411:nNRAsc1a47:0,NS:GLOROU,CABK.MC
2024-04-09 17:12:14.886,"German trading: CaixaBank (48CA: EUR4.74) rises in 4 out of last 5 days, 5-day rise of 4.2%; +9c [1.9%]",urn:newsml:newsroom:20240409:nNRAsbg91f:0,NS:GERCOM,CABK.MC
2024-04-09 16:16:57.806,CaixaBank (CABK: EUR4.72) falls 1.7% from 14-day high; -5c [1.0%] Vol Index 1.6 [1 is avg],urn:newsml:newsroom:20240409:nNRAsbf0ms:0,NS:GLOSTO,CABK.MC
2024-04-09 11:28:07.304,How CaixaBank's Tax Rate compares to Its Peers,urn:newsml:newsroom:20240409:nNRAsb5q8r:0,NS:GLOSTO,CABK.MC
2024-04-09 00:17:07.976,Can CaixaBank continue its gains?,urn:newsml:newsroom:20240409:nNRAsb2ejf:0,NS:GLOSTO,CABK.MC
2024-04-08 22:13:40.682,Fainé plans to buy CaixaBank shares to reach 7.5% with Criteria in Telefónica,urn:newsml:newsroom:20240408:nNRAsb1ng3:0,NS:NOTENG,CABK.MC
2024-04-08 17:28:25.000,Spanish holding company Criteria raises stake in Telefonica to 5%,urn:newsml:reuters.com:20240408:nL5N3GH51F:1,NS:RTRS,CABK.MC
2024-04-08 16:16:54.408,CaixaBank (CABK: EUR4.77) offers earnings yield of 8%; +10c [2.1%] Vol Index 1.8 [1 is avg],urn:newsml:newsroom:20240408:nNRAsaywii:0,NS:GLOSTO,CABK.MC
2024-04-08 12:37:10.950,Weekly: CaixaBank ADR (CAIXY: $1.66) in bottom 1% performers of market in past week; -69.5c [29.5%],urn:newsml:newsroom:20240408:nNRAsavp2a:0,NS:GLOROU,CABK.MC
2024-04-08 06:37:09.755,Weekly: CaixaBank ADR (CAIXY: $1.66) in bottom 1% performers of market in past week; -69.5c [29.5%],urn:newsml:newsroom:20240408:nNRAsarb0p:0,NS:GLOROU,CABK.MC
2024-04-08 06:17:29.488,Weekly: CaixaBank (CABK: EUR4.67) keeps rising: up 13% in 3 weeks; +53.037c [12.8%],urn:newsml:newsroom:20240408:nNRAsar2ko:0,NS:GLOSTO,CABK.MC
2024-04-08 06:12:54.290,CaixaBank pays double the dividend in taxes for shareholders,urn:newsml:newsroom:20240408:nNRAsaqyes:0,NS:NOTENG,CABK.MC
2024-04-08 05:12:51.623,CaixaBank paid twice as much in taxes as in dividends in the last ten years,urn:newsml:newsroom:20240408:nNRAsapzhg:0,NS:NOTENG,CABK.MC
2024-04-08 00:16:51.435,Investors concerned as CaixaBank down in recent days,urn:newsml:newsroom:20240408:nNRAsaoudc:0,NS:GLOSTO,CABK.MC
2024-04-08 00:00:00.000,German trading: CaixaBank (48CA: EUR4.65) lifts 1.3% strengthening above moving average price; +6c [1.3%],urn:newsml:newsroom:20240409:nNRAsb3ayt:0,NS:GERCOM,CABK.MC
2024-04-08 00:00:00.000,"Monday April 08, 2024 CaixaBank ADR: How it compares to other IDRs and ADRs",urn:newsml:newsroom:20240409:nNRAsb2y2i:0,NS:GLOROU,CABK.MC
2024-04-06 04:26:55.769,Weekly: CaixaBank (CABK: EUR4.67) keeps rising: up 13% in 3 weeks; +18c [4.0%] Vol Index 1.6 [1 is avg],urn:newsml:newsroom:20240406:nNRAsadd6x:0,NS:GLOWEE,CABK.MC
2024-04-05 16:22:26.166,Weekly: CaixaBank (CABK: EUR4.67) keeps rising: up 13% in 3 weeks; +18c [4.0%] Vol Index 1.6 [1 is avg],urn:newsml:newsroom:20240405:nNRAsa7ybe:0,NS:GLOWEE,CABK.MC
2024-04-05 16:18:51.278,"CaixaBank (CABK: EUR4.67) decreases, 2 days' volume in a day; -1c [0.2%] Vol Index 2.1 [1 is avg]",urn:newsml:newsroom:20240405:nNRAsa7uhq:0,NS:GLOSTO,CABK.MC
2024-04-05 09:13:45.772,CaixaBank executes 35.3% of its share buyback in three weeks of program,urn:newsml:newsroom:20240405:nNRAsa1e6t:0,NS:NOTENG,CABK.MC
2024-04-05 00:17:35.705,Friday's Preview: Can CaixaBank continue its recent gains?,urn:newsml:newsroom:20240405:nNRAs9xe1e:0,NS:GLOSTO,CABK.MC
2024-04-05 00:00:00.000,"Friday April 05, 2024 CaixaBank ADR: How it compares to other IDRs and ADRs",urn:newsml:newsroom:20240406:nNRAsachbb:0,NS:GLOROU,CABK.MC
2024-04-05 00:00:00.000,German trading: CaixaBank (48CA: EUR4.59) decreases; -4c [0.9%],urn:newsml:newsroom:20240406:nNRAsabrib:0,NS:GERCOM,CABK.MC
2024-04-04 17:12:25.771,German trading: CaixaBank (48CA: EUR4.63) lifts 1.5% strengthening above moving average price; +7c [1.5%],urn:newsml:newsroom:20240404:nNRAs9u29z:0,NS:GERCOM,CABK.MC
2024-04-04 16:17:08.017,CaixaBank (CABK: EUR4.68) offers dividend yield of 13.3%; +9c [2.0%] Vol Index 1.7 [1 is avg],urn:newsml:newsroom:20240404:nNRAs9u97w:0,NS:GLOSTO,CABK.MC
2024-04-04 05:12:34.368,Do you want to collect BBVA's next dividend? It will pay 2.3 billion euros,urn:newsml:newsroom:20240404:nNRAs9mfms:0,NS:NOTENG,CABK.MC
2024-04-04 01:17:28.857,Investors look to see if CaixaBank's recent rally will continue,urn:newsml:newsroom:20240404:nNRAs9kfvh:0,NS:GLOSTO,CABK.MC
2024-04-03 20:51:22.000,CaixaBank SA - Gonzalo Gortazar named ‘Forbes Best CEO 2023’,urn:newsml:reuters.com:20240403:nNDL9Pqjm4:1,NS:PUBT,CABK.MC
2024-04-03 17:17:24.291,CaixaBank (CABK: EUR4.59) hits year-high 21st time in three months; +1c [0.2%] Vol Index 1.4 [1 is avg],urn:newsml:newsroom:20240403:nNRAs9gafu:0,NS:GLOSTO,CABK.MC
2024-04-03 13:12:38.482,"CaixaBank distributes this Wednesday 2,890 million to its shareholders with a pay out of 60%.",urn:newsml:newsroom:20240403:nNRAs9dudm:0,NS:NOTENG,CABK.MC
2024-04-03 00:00:00.000,German trading: CaixaBank (48CA: EUR4.56) in 2nd consecutive rise; +8c [1.8%],urn:newsml:newsroom:20240404:nNRAs9l6u8:0,NS:GERCOM,CABK.MC
2024-04-03 00:00:00.000,"Wednesday April 03, 2024 CaixaBank ADR: How it compares to other IDRs and ADRs",urn:newsml:newsroom:20240404:nNRAs9kafx:0,NS:GLOROU,CABK.MC
2024-04-02 18:12:21.975,German trading: CaixaBank (48CA: EUR4.55) lifts 1.6% strengthening above moving average price; +7c [1.6%] Vol Index 1.5 [1 is avg],urn:newsml:newsroom:20240402:nNRAs93i4q:0,NS:GERCOM,CABK.MC
2024-04-02 17:17:20.553,CaixaBank (CABK: EUR4.58) offers earnings yield of 8.3%; +9c [2.0%] Vol Index 1.4 [1 is avg],urn:newsml:newsroom:20240402:nNRAs938fe:0,NS:GLOSTO,CABK.MC
2024-04-02 14:43:47.175,Monthly: CaixaBank (CABK: EUR4.49) keeps rising: up 21% in 3 months,urn:newsml:newsroom:20240402:nNRAs8zarr:0,NS:GLOSTP,CABK.MC
2024-04-02 12:12:12.866,"CaixaBank, S.A. Announces Annual Dividend of $0.10 (OTCMKTS:CAIXY)",urn:newsml:newsroom:20240402:nNRAs8xg55:0,NS:CERGEM,CABK.MC
2024-04-02 10:08:37.425,CaixaBank SA's Dividend Analysis,urn:newsml:newsroom:20240402:nNRAs8w1wy:0,NS:GURCOM,CABK.MC
2024-04-02 06:18:30.078,Monthly: CaixaBank (CABK: EUR4.49) keeps rising: up 21% in 3 months,urn:newsml:newsroom:20240402:nNRAs8t0fo:0,NS:GLOSTO,CABK.MC
2024-04-02 06:17:41.010,"CaixaBank Compendium - A Snapshot as of March 31, 2024",urn:newsml:newsroom:20240402:nNRAs8t95f:0,NS:GLOSTO,CABK.MC
2024-04-02 06:09:12.547,How CaixaBank's Tax Rate compares to Its Peers,urn:newsml:newsroom:20240402:nNRAs8tfx4:0,NS:GLOSTO,CABK.MC
2024-04-02 04:27:40.440,Weekly: CaixaBank (CABK: EUR4.49) lifts 3.2% on robust volume; +13.879c [3.2%] Vol Index 1.7 [1 is avg],urn:newsml:newsroom:20240402:nNRAs8rs2r:0,NS:GLOWEE,CABK.MC
2024-04-01 11:22:31.708,"CaixaBank, S.A. (CAIXY) To Go Ex-Dividend on April 3rd",urn:newsml:newsroom:20240401:nNRAs8iz3y:0,NS:TRADAJ,CABK.MC
2024-04-01 00:00:00.000,"Monday April 01, 2024 CaixaBank ADR: How it compares to other IDRs and ADRs",urn:newsml:newsroom:20240402:nNRAs8qd5l:0,NS:GLOROU,CABK.MC
2024-03-30 05:08:20.155,"Short Interest in CaixaBank, S.A. (OTCMKTS:CAIXY) Decreases By 64.1%",urn:newsml:newsroom:20240330:nNRAs84cfg:0,NS:COMFIN,CABK.MC
2024-03-30 04:08:21.688,"Short Interest in CaixaBank, S.A. (OTCMKTS:CAIXY) Drops By 64.1%",urn:newsml:newsroom:20240330:nNRAs83o97:0,NS:STOOBS,CABK.MC
2024-03-28 18:12:15.052,"German trading: CaixaBank (48CA: EUR4.48) loses EUR2 billion ($2 billion) (7.6%) in MCap, steepest heavyweight fall in Bank sector; -37c [7.6%] Vol...",urn:newsml:newsroom:20240328:nNRAs7kktl:0,NS:GERCOM,CABK.MC
2024-03-28 17:37:04.016,End-of-Quarter Synopsis Monthly : CaixaBank (CABK: EUR4.49) keeps rising: up 21% in 3 months,urn:newsml:newsroom:20240328:nNRAs7kfxq:0,NS:GLOSTO,CABK.MC
2024-03-28 17:31:20.000,CTT – Correios de Portugal SA - Interim report on the transactions carried out in the context of the share buy-back program,urn:newsml:reuters.com:20240328:nNDL21pmRm:1,NS:PUBT,CABK.MC
2024-03-28 17:22:48.163,Monthly: CaixaBank (CABK: EUR4.49) keeps rising: up 21% in 3 months,urn:newsml:newsroom:20240328:nNRAs7jjvt:0,NS:GLOSTP,CABK.MC
2024-03-28 17:22:39.740,Weekly: CaixaBank (CABK: EUR4.49) lifts 3.2% on robust volume; +13.879c [3.2%] Vol Index 1.7 [1 is avg],urn:newsml:newsroom:20240328:nNRAs7jfnl:0,NS:GLOWEE,CABK.MC
2024-03-28 17:17:35.239,CaixaBank (CABK: EUR4.49) hits year-high 19th time in one month; +1c [0.2%] Vol Index 2.1 [1 is avg],urn:newsml:newsroom:20240328:nNRAs7jipb:0,NS:GLOSTO,CABK.MC
2024-03-28 11:14:43.132,"CaixaBank, S.A. (CAIXY) to Issue Annual Dividend of $0.10 on  April 18th",urn:newsml:newsroom:20240328:nNRAs7dtnp:0,NS:ZOLCOM,CABK.MC
2024-03-28 05:15:25.796,"(EN) Caixabank, S.A. Full Prospectus (78094107)",urn:newsml:reuters.com:20240328:nGLF80Qfz9:5,NS:GLFILE,CABK.MC
2024-03-27 17:17:22.458,CaixaBank (CABK: EUR4.87) offers dividend yield of 12.7%; +4c [0.8%] Vol Index 2.0 [1 is avg],urn:newsml:newsroom:20240327:nNRAs74i5g:0,NS:GLOSTO,CABK.MC
2024-03-27 15:08:07.492,How CaixaBank's Tax Rate compares to Its Peers,urn:newsml:newsroom:20240327:nNRAs72pt0:0,NS:GLOSTO,CABK.MC
2024-03-27 14:13:31.738,CaixaBank (OTCMKTS:CAIXY) Reaches New 52-Week High at $1.76,urn:newsml:newsroom:20240327:nNRAs726sk:0,NS:MARDAJ,CABK.MC
2024-03-27 01:16:58.199,Can CaixaBank continue its gains?,urn:newsml:newsroom:20240327:nNRAs6tjwe:0,NS:GLOSTO,CABK.MC
2024-03-27 00:00:00.000,"Wednesday March 27, 2024 CaixaBank ADR: How it compares to other IDRs and ADRs",urn:newsml:newsroom:20240328:nNRAs789xu:0,NS:GLOROU,CABK.MC
2024-03-26 22:36:52.477,"CaixaBank, S.A. (OTCMKTS:CAIXY) to Issue Annual Dividend of $0.10",urn:newsml:newsroom:20240326:nNRAs6sxqg:0,NS:DAILYQ,CABK.MC
2024-03-26 22:33:15.336,"CaixaBank, S.A. (OTCMKTS:CAIXY) to Issue Annual Dividend of $0.10",urn:newsml:newsroom:20240326:nNRAs6snci:0,NS:TICREP,CABK.MC
2024-03-26 17:17:21.752,"CaixaBank (CABK: EUR4.83) accelerates rise, up 2.1% in 3 days; +10c [2.1%] Vol Index 1.5 [1 is avg]",urn:newsml:newsroom:20240326:nNRAs6pzq2:0,NS:GLOSTO,CABK.MC
2024-03-26 09:06:34.423,Tuesday's Preview: Can CaixaBank continue its recent gains?,urn:newsml:newsroom:20240326:nNRAs6j1py:0,NS:GLOROU,CABK.MC
2024-03-26 07:07:55.951,How CaixaBank's Tax Rate compares to Its Peers,urn:newsml:newsroom:20240326:nNRAs6i322:0,NS:GLOSTO,CABK.MC
2024-03-26 01:16:49.642,Tuesday's Preview: Can CaixaBank continue its recent gains?,urn:newsml:newsroom:20240326:nNRAs6g144:0,NS:GLOSTO,CABK.MC
2024-03-26 00:00:00.000,"How shareholders voted on salaries at CaixaBank, Santander and Enagás meetings",urn:newsml:newsroom:20240327:nNRAs6yaw9:0,NS:NOTENG,CABK.MC
2024-03-25 18:13:51.700,CaixaBank reduces its stake in Telefónica by 1%.,urn:newsml:newsroom:20240325:nNRAs6ctyb:0,NS:NOTENG,CABK.MC
2024-03-25 18:13:43.526,CaixaBank reduces its historic stake in Telefónica to 2.5%.,urn:newsml:newsroom:20240325:nNRAs6con7:0,NS:NOTENG,CABK.MC
2024-03-25 17:17:31.962,CaixaBank (CABK: EUR4.78) offers earnings yield of 8%; +4c [0.8%] Vol Index 1.5 [1 is avg],urn:newsml:newsroom:20240325:nNRAs6c3e5:0,NS:GLOSTO,CABK.MC
2024-03-25 17:03:11.596,Caixabank To Partially Settle Hedge On 1.957% Of Its 3.510% Stake In Telefonica By Delivering 1% Of The Stake,urn:newsml:reuters.com:20240325:nRSD1CR1r2:1,NS:SIGDEV,CABK.MC
2024-03-25 17:03:11.313,Caixabank To Partially Settle Hedge On 1.957% Of Its 3.510% Stake In Telefonica By Delivering 1% Of The Stake,urn:newsml:reuters.com:20240325:nRSD2f13Nl:1,NS:SIGDEV,CABK.MC
2024-03-25 16:50:45.000,BRIEF-Caixabank To Partially Settle Hedge On 1.957% Of Its 3.510% Stake In Telefonica By Delivering 1% Of The Stake,urn:newsml:reuters.com:20240325:nFWN3G3125:1,NS:RTRS,CABK.MC
2024-03-25 07:52:23.455,Weekly: CaixaBank (CABK: EUR4.74) shares post best week in eleven weeks; +24c [5.3%] Vol Index 1.5 [1 is avg],urn:newsml:newsroom:20240325:nNRAs62kg9:0,NS:GLOSTO,CABK.MC
2024-03-25 07:43:00.000,Spanish stocks - Factors to watch on March 25,urn:newsml:reuters.com:20240325:nL5N3G30V7:1,NS:RTRS,CABK.MC
2024-03-25 07:04:18.003,"(EN) Caixabank, S.A. Shareholders Meeting (78043130)",urn:newsml:reuters.com:20240325:nGLF24xwR1:3,NS:GLFILE,CABK.MC
2024-03-25 01:16:49.295,Investors look to see if CaixaBank's recent rally will continue,urn:newsml:newsroom:20240325:nNRAs5zuzn:0,NS:GLOSTO,CABK.MC
2024-03-23 13:12:23.262,CaixaBank aims to exceed the objectives of the 2022-2024 Strategic Plan,urn:newsml:newsroom:20240323:nNRAs5rjd8:0,NS:NOTENG,CABK.MC
2024-03-23 07:12:32.480,CaixaBank gives branches more powers to grant loans,urn:newsml:newsroom:20240323:nNRAs5pcy5:0,NS:NOTENG,CABK.MC
2024-03-23 05:27:49.457,Weekly: CaixaBank (CABK: EUR4.74) shares post best week in eleven weeks; +24c [5.3%] Vol Index 1.5 [1 is avg],urn:newsml:newsroom:20240323:nNRAs5orw4:0,NS:GLOWEE,CABK.MC
2024-03-23 05:13:14.179,CaixaBank says it faces 2024 in 'best position in 15 years',urn:newsml:newsroom:20240323:nNRAs5oruo:0,NS:NOTENG,CABK.MC
2024-03-22 18:13:38.879,"CaixaBank approves dividend of 0.3919 euros per share, 70% more than in 2022",urn:newsml:newsroom:20240322:nNRAs5jz3v:0,NS:NOTENG,CABK.MC
2024-03-22 17:22:48.897,Weekly: CaixaBank (CABK: EUR4.74) shares post best week in eleven weeks; +24c [5.3%] Vol Index 1.5 [1 is avg],urn:newsml:newsroom:20240322:nNRAs5jg4r:0,NS:GLOWEE,CABK.MC
2024-03-22 17:17:19.867,"CaixaBank (CABK: EUR4.74) rises in 4 out of last 5 days, 5-day rise of 5.3%; +1c [0.2%]",urn:newsml:newsroom:20240322:nNRAs5jee1:0,NS:GLOSTO,CABK.MC
2024-03-22 16:13:47.936,"CaixaBank raises shareholder remuneration under its strategic plan by 3,000 million euros",urn:newsml:newsroom:20240322:nNRAs5io82:0,NS:NOTENG,CABK.MC
2024-03-22 15:23:35.000,"REFILE-UPDATE 1-Thousands of Spanish bank staff strike to demand pay rise, union says",urn:newsml:reuters.com:20240322:nL2N3G01IS:2,NS:RTRS,CABK.MC
2024-03-22 15:02:50.000,"CaixaBank SA - CaixaBank’s General Shareholders’ Meeting approves the payout of a dividend worth €2.89 billion, 70% more than in 2022",urn:newsml:reuters.com:20240322:nNDL86cgz7:1,NS:PUBT,CABK.MC
2024-03-22 15:00:34.955,Caixabank Proposes Gross Dividend Out Of 2023 Profit Of 0.3919 Eur/Shr,urn:newsml:reuters.com:20240322:nRSDbX2lBW:1,NS:SIGDEV,CABK.MC
2024-03-22 14:57:33.194,Caixabank Proposes Dividend Of 39.19 Eur/Shr Out Of 2023 Profitb,urn:newsml:reuters.com:20240322:nRSD5lFBMZ:1,NS:SIGDEV,CABK.MC
2024-03-22 14:54:13.000,BRIEF-Caixabank Proposes Gross Dividend Out Of 2023 Profit Of 0.3919 Eur/Shr,urn:newsml:reuters.com:20240322:nL5N3G04PL:1,NS:RTRS,CABK.MC
2024-03-22 14:14:00.226,"CaixaBank increases the distribution to shareholders of its strategic plan by 3,000 million in the three-year period",urn:newsml:newsroom:20240322:nNRAs5h8ti:0,NS:NOTENG,CABK.MC
2024-03-22 13:12:28.888,"Goirigolzarri calls for ""credible, sustainable and urgent"" debt and deficit adjustment from the government",urn:newsml:newsroom:20240322:nNRAs5gp2h:0,NS:NOTENG,CABK.MC
2024-03-22 11:03:52.000,"Thousands of Spanish bank staff strike to demand pay rise, union says",urn:newsml:reuters.com:20240322:nL5N3FZ6F7:3,NS:RTRS,CABK.MC
2024-03-22 06:30:00.000,"The General Meeting of Shareholders of CaixaBank approves the distribution of a dividend of 2,890 million euros, 70% more than in 2022",urn:newsml:newsroom:20240323:nNRAs5rbcf:0,NS:INDBAN,CABK.MC
2024-03-22 06:30:00.000,"CaixaBank's General Shareholders' Meeting approves the payout of a dividend worth €2.89 billion, 70% more than in 2022",urn:newsml:newsroom:20240323:nNRAs5qspp:0,NS:INDBAN,CABK.MC
2024-03-22 00:00:00.000,CaixaBank's shareholders approve the payment of a dividend of 0.3919 euros per share on April 3.,urn:newsml:newsroom:20240323:nNRAs5ojue:0,NS:CENAFT,CABK.MC
2024-03-22 00:00:00.000,Altri: Better than expected fourth quarter results lead to analysts' review,urn:newsml:newsroom:20240323:nNRAs5odla:0,NS:NOTENG,CABK.MC
2024-03-22 00:00:00.000,"Goirigolzarri calls for ""credible, sustainable"" fiscal consolidation",urn:newsml:newsroom:20240323:nNRAs5o0un:0,NS:NOTENG,CABK.MC
2024-03-22 00:00:00.000,"Friday March 22, 2024 CaixaBank ADR: How it compares to other IDRs and ADRs",urn:newsml:newsroom:20240323:nNRAs5mvob:0,NS:GLOROU,CABK.MC
2024-03-21 09:08:00.062,CaixaBank's Earnings Growth Lags Bankinter,urn:newsml:newsroom:20240321:nNRAs4yb5w:0,NS:GLOSTO,CABK.MC
2024-03-21 09:00:00.000,CaixaBank SA Annual Shareholders Meeting - Final,urn:newsml:newsroom:20240329:nNRAs7zicg:0,NS:FDFAIR,CABK.MC
2024-03-21 08:07:16.540,CaixaBank's Earnings Growth Lags Banco Bilbao Vizcaya Argentaria,urn:newsml:newsroom:20240321:nNRAs4xoni:0,NS:GLOSTO,CABK.MC
2024-03-21 06:30:00.000,"CaixaBank, leader of the Spanish market in leasing with a 26% market share and more than 2,000 million euros in new operations in 2023",urn:newsml:newsroom:20240322:nNRAs5efpd:0,NS:INDBAN,CABK.MC
2024-03-21 06:30:00.000,CaixaBank brings Paralympic skiing to young people with disabilities with the help of Jon Santacana and Miguel Galindo,urn:newsml:newsroom:20240322:nNRAs5eelt:0,NS:INDBAN,CABK.MC
2024-03-21 06:13:02.271,CaixaBank recovers customers by the end of 2023 and slows the bleeding after Bankia integration,urn:newsml:newsroom:20240321:nNRAs4wn1r:0,NS:NOTENG,CABK.MC
2024-03-21 01:17:20.844,Can CaixaBank continue its gains?,urn:newsml:newsroom:20240321:nNRAs4u3c3:0,NS:GLOSTO,CABK.MC
2024-03-20 18:07:06.960,CaixaBank's Earnings Growth Lags Banco de Sabadell,urn:newsml:newsroom:20240320:nNRAs4qyy9:0,NS:GLOSTO,CABK.MC
2024-03-20 17:17:20.823,CaixaBank (CABK: EUR4.73) hits year-high 13th time in one month; +6c [1.3%] Vol Index 1.6 [1 is avg],urn:newsml:newsroom:20240320:nNRAs4qdic:0,NS:GLOSTO,CABK.MC
2024-03-20 15:18:43.483,"March 13, 2024: Alvarez & Marsal, LLC: The Spanish banking sector enters 2024 with a 12.6% profitability and an efficiency below 42%",urn:newsml:newsroom:20240320:nNRAs4ovlu:0,NS:NEWBIH,CABK.MC
2024-03-20 01:17:15.635,Wednesday's Preview: Can CaixaBank continue its recent gains?,urn:newsml:newsroom:20240320:nNRAs4ffcg:0,NS:GLOSTO,CABK.MC
2024-03-20 00:00:00.000,"Wednesday March 20, 2024 CaixaBank ADR: How it compares to other IDRs and ADRs",urn:newsml:newsroom:20240321:nNRAs4tx60:0,NS:GLOROU,CABK.MC
2024-03-19 22:40:06.089,Caixabank Raises USD1 Billion in Public Offering of 5.673% Bonds Due 2030,urn:newsml:reuters.com:20240319:nNRAs4elnq:1,NS:DATMTR,CABK.MC
2024-03-19 17:17:18.996,CaixaBank (CABK: EUR4.67) offers earnings yield of 8.1%; +10c [2.2%] Vol Index 1.7 [1 is avg],urn:newsml:newsroom:20240319:nNRAs4brgd:0,NS:GLOSTO,CABK.MC
2024-03-19 15:12:34.151,CaixaBank grants 1.18 billion euros to companies in Castilla y León during 2023,urn:newsml:newsroom:20240319:nNRAs4aaau:0,NS:NOTENG,CABK.MC
2024-03-19 07:12:23.784,CaixaBank has the best recommendation in 'La Liga Ibex' for the last four months,urn:newsml:newsroom:20240319:nNRAs44j9c:0,NS:NOTENG,CABK.MC
2024-03-19 07:08:05.632,How CaixaBank's Tax Rate compares to Its Peers,urn:newsml:newsroom:20240319:nNRAs44fej:0,NS:GLOSTO,CABK.MC
2024-03-19 02:56:54.000,"EXCLUSIVE-Fosun open to sale of Portuguese bank stake, sources say",urn:newsml:reuters.com:20240319:nL2N3FX03V:2,NS:RTRS,CABK.MC
2024-03-19 01:16:45.933,Investors look to see if CaixaBank's recent rally will continue,urn:newsml:newsroom:20240319:nNRAs40nu3:0,NS:GLOSTO,CABK.MC
2024-03-18 17:17:18.529,CaixaBank (CABK: EUR4.57) offers dividend yield of 5%; +7c [1.6%] Vol Index 1.4 [1 is avg],urn:newsml:newsroom:20240318:nNRAs3wslj:0,NS:GLOSTO,CABK.MC
2024-03-18 16:40:29.000,"EXCLUSIVE-Fosun open to sale of Portuguese bank stake, sources say",urn:newsml:reuters.com:20240318:nL5N3FT4C8:1,NS:RTRS,CABK.MC
2024-03-18 07:57:18.203,"Weekly: CaixaBank (CABK: EUR4.50) lifts 3.0%, 2 weeks' volume in a week; +13c [3.0%] Vol Index 1.8 [1 is avg]",urn:newsml:newsroom:20240318:nNRAs3q8is:0,NS:GLOSTO,CABK.MC
2024-03-18 01:16:50.460,Can CaixaBank continue its gains?,urn:newsml:newsroom:20240318:nNRAs3njrr:0,NS:GLOSTO,CABK.MC
2024-03-18 00:00:00.000,"Monday March 18, 2024 CaixaBank ADR: How it compares to other IDRs and ADRs",urn:newsml:newsroom:20240319:nNRAs40huy:0,NS:GLOROU,CABK.MC
