versionCreated,headline,storyId,sourceCode,cRIC
2025-05-21 17:15:21.625,"The president of the CNMC, on BBVA's takeover bid for Sabadell: ""We have fulfilled our mission"".",urn:newsml:newsroom:20250521:nNRAwftw0x:0,NS:NOTENG,SABE.MC
2025-05-21 16:17:37.266,Banco de Sabadell (SAB: EUR2.79) offers dividend yield of 7.3%; -4c [-1.4%],urn:newsml:newsroom:20250521:nNRAwft2je:0,NS:SPANEW,SABE.MC
2025-05-21 14:33:29.000,UPDATE 1-Sabadell CEO does not expect alternative to BBVA's bid,urn:newsml:reuters.com:20250521:nL1N3RT0I1:3,NS:RTRS,SABE.MC
2025-05-21 13:00:23.000,Sabadell's CEO sees no possibility of alternative merger deal to BBVA's bid,urn:newsml:reuters.com:20250521:nS8N3OC0EE:2,NS:RTRS,SABE.MC
2025-05-21 10:17:25.164,Banco de Sabadell Continues to Underperform its Peers,urn:newsml:newsroom:20250521:nNRAwfng6u:0,NS:SPANEW,SABE.MC
2025-05-21 09:12:14.636,How Banco de Sabadell's dividend compares to CaixaBank,urn:newsml:newsroom:20250521:nNRAwfmn61:0,NS:SPANEW,SABE.MC
2025-05-21 08:17:23.794,How Banco Santander's dividend compares to Banco de Sabadell,urn:newsml:newsroom:20250521:nNRAwflrrv:0,NS:SPANEW,SABE.MC
2025-05-21 08:17:22.848,How Banco de Sabadell's dividend compares to Bankinter,urn:newsml:newsroom:20250521:nNRAwflsgp:0,NS:SPANEW,SABE.MC
2025-05-21 07:17:53.736,How Banco de Sabadell's dividend compares to Banco Bilbao Vizcaya Argentaria,urn:newsml:newsroom:20250521:nNRAwfkydr:0,NS:SPANEW,SABE.MC
2025-05-21 07:17:48.982,How CaixaBank's dividend compares to Banco de Sabadell,urn:newsml:newsroom:20250521:nNRAwfkx3e:0,NS:SPANEW,SABE.MC
2025-05-21 06:40:00.000,BBVA says no need for more government scrutiny of Sabadell bid,urn:newsml:reuters.com:20250521:nL8N3RT07L:6,NS:RTRS,SABE.MC
2025-05-21 06:18:20.355,How Banco Bilbao Vizcaya Argentaria's dividend compares to Banco de Sabadell,urn:newsml:newsroom:20250521:nNRAwfk1tw:0,NS:SPANEW,SABE.MC
2025-05-21 06:18:18.766,How Banco de Sabadell's dividend compares to Banco Santander,urn:newsml:newsroom:20250521:nNRAwfk1gh:0,NS:SPANEW,SABE.MC
2025-05-21 06:12:28.756,Santander and Sabadell are strong in discretionary portfolio management at the start of the year,urn:newsml:newsroom:20250521:nNRAwfjzcw:0,NS:NOTENG,SABE.MC
2025-05-20 16:17:21.601,"Banco de Sabadell (SAB: EUR2.83) accelerates rise, up 3.7% in 2 days; +10c [+3.7%]",urn:newsml:newsroom:20250520:nNRAwfb9ui:0,NS:SPANEW,SABE.MC
2025-05-20 14:41:32.928,Will the takeover bid for Sabadell improve BBVA?,urn:newsml:newsroom:20250520:nNRAwf9tus:0,NS:CENAFT,SABE.MC
2025-05-20 13:12:17.655,Cercle rejects BBVA's takeover bid due to risks of territorial concentration in Madrid,urn:newsml:newsroom:20250520:nNRAwf8lkq:0,NS:NOTENG,SABE.MC
2025-05-20 06:18:41.438,Banco de Sabadell continues to underperform Unicaja Banco by 8.4% year to date,urn:newsml:newsroom:20250520:nNRAwf2jp1:0,NS:SPANEW,SABE.MC
2025-05-20 03:02:28.891,"Monday May 19, 2025 Banco de Sabadell ADR: How it compares to other IDRs and ADRs",urn:newsml:newsroom:20250520:nNRAwf0p2l:0,NS:GLOROU,SABE.MC
2025-05-19 16:17:47.883,Banco de Sabadell (SAB: EUR2.77) offers earnings yield of 8.3%; +4c [+1.5%],urn:newsml:newsroom:20250519:nNRAweu0o6:0,NS:SPANEW,SABE.MC
2025-05-19 09:12:06.634,Banco de Sabadell continues to outperform CaixaBank by 2.1% year to date,urn:newsml:newsroom:20250519:nNRAwenueg:0,NS:SPANEW,SABE.MC
2025-05-19 08:17:21.711,Banco de Sabadell continues to underperform Bankinter by 3.9% year to date,urn:newsml:newsroom:20250519:nNRAwenmsb:0,NS:SPANEW,SABE.MC
2025-05-19 07:17:54.395,Banco Santander continues to outperform Banco de Sabadell by 9.7% year to date,urn:newsml:newsroom:20250519:nNRAwen40w:0,NS:SPANEW,SABE.MC
2025-05-19 07:17:53.237,Banco de Sabadell continues to underperform Banco Santander by 9.7% year to date,urn:newsml:newsroom:20250519:nNRAwen2dy:0,NS:SPANEW,SABE.MC
2025-05-19 07:17:53.229,CaixaBank continues to underperform Banco de Sabadell by 2.1% year to date,urn:newsml:newsroom:20250519:nNRAwen2du:0,NS:SPANEW,SABE.MC
2025-05-19 06:29:04.058,"Weekly: Frontier Real Estate Investment (8964: JPY81,500.0) increases on thin volume; +JPY200 [0.2%]",urn:newsml:newsroom:20250519:nNRAwemi8h:0,NS:NEWJAP,SABE.MC
2025-05-19 06:18:12.578,Banco Bilbao Vizcaya Argentaria continues to underperform Banco de Sabadell by 3.4% year to date,urn:newsml:newsroom:20250519:nNRAwemapt:0,NS:SPANEW,SABE.MC
2025-05-19 06:18:11.178,Banco de Sabadell continues to outperform Banco Bilbao Vizcaya Argentaria by 3.4% year to date,urn:newsml:newsroom:20250519:nNRAwemapr:0,NS:SPANEW,SABE.MC
2025-05-17 04:27:49.330,Weekly: Banco de Sabadell (SAB: EUR2.73) up 8% in 2 weeks; +10c [3.8%],urn:newsml:newsroom:20250517:nNRAwe4b4s:0,NS:GLOWEE,SABE.MC
2025-05-16 20:12:14.803,"BBVA does not respond to the public consultation on the takeover bid, but Sabadell does respond",urn:newsml:newsroom:20250516:nNRAwe0als:0,NS:NOTENG,SABE.MC
2025-05-16 18:07:23.582,Banco de Sabadell files SEC Form 13F: Q1 2025 - Assets Under Management as reported rises after falls in two consecutive quarters Corporate Wire Da...,urn:newsml:newsroom:20250516:nNRAwdyvdt:0,NS:GLOUPI,SABE.MC
2025-05-16 16:23:38.355,Weekly: Banco de Sabadell (SAB: EUR2.73) up 8% in 2 weeks; +10c [3.8%],urn:newsml:newsroom:20250516:nNRAwdxf48:0,NS:GLOWEE,SABE.MC
2025-05-16 16:17:20.679,Banco de Sabadell (SAB: EUR2.73) hits year-high 17th time in three months; +2c [+0.7%],urn:newsml:newsroom:20250516:nNRAwdxbvs:0,NS:SPANEW,SABE.MC
2025-05-16 15:29:04.806,"Weekly: Frontier Real Estate Investment (8964: JPY81,500.0) increases on thin volume; +JPY200 [0.2%]",urn:newsml:newsroom:20250516:nNRAwdwlzd:0,NS:NEWJAP,SABE.MC
2025-05-16 15:09:45.190,"Frontier Real Estate Investment (8964: JPY81,500.0) increases JPY200.0 on weak volume; +JPY200 [+0.2%]",urn:newsml:newsroom:20250516:nNRAwdw8wc:0,NS:NEWJAP,SABE.MC
2025-05-16 06:19:09.709,How Banco de Sabadell's dividend compares to Its Peers,urn:newsml:newsroom:20250516:nNRAwdo6q5:0,NS:SPANEW,SABE.MC
2025-05-15 18:07:13.794,Banco de Sabadell files SEC Form 13F: Q1 2025 - Assets Under Management as reported rises after falls in two consecutive quarters Corporate Wire Da...,urn:newsml:newsroom:20250515:nNRAwdhq7w:0,NS:GLOUPI,SABE.MC
2025-05-15 16:17:18.889,Banco de Sabadell (SAB: EUR2.71) offers dividend yield of 7.5%; -3c [-1.1%],urn:newsml:newsroom:20250515:nNRAwdg2f2:0,NS:SPANEW,SABE.MC
2025-05-15 06:18:48.503,How Banco de Sabadell's dividend compares to Unicaja Banco,urn:newsml:newsroom:20250515:nNRAwd6q0g:0,NS:SPANEW,SABE.MC
2025-05-14 16:17:16.109,Banco de Sabadell (SAB: EUR2.74) hits year-high 16th time in three months; +4c [+1.5%],urn:newsml:newsroom:20250514:nNRAwcy8d0:0,NS:SPANEW,SABE.MC
2025-05-14 10:17:33.569,Banco de Sabadell's Earnings Growth Lags Peers,urn:newsml:newsroom:20250514:nNRAwctzl4:0,NS:SPANEW,SABE.MC
2025-05-14 09:12:14.027,How Banco de Sabadell's dividend compares to CaixaBank,urn:newsml:newsroom:20250514:nNRAwctf43:0,NS:SPANEW,SABE.MC
2025-05-14 08:17:33.873,How Banco Santander's dividend compares to Banco de Sabadell,urn:newsml:newsroom:20250514:nNRAwcszrv:0,NS:SPANEW,SABE.MC
2025-05-14 08:17:32.624,How Banco de Sabadell's dividend compares to Bankinter,urn:newsml:newsroom:20250514:nNRAwcszru:0,NS:SPANEW,SABE.MC
2025-05-14 07:17:13.880,How Banco de Sabadell's dividend compares to Banco Bilbao Vizcaya Argentaria,urn:newsml:newsroom:20250514:nNRAwcshuw:0,NS:SPANEW,SABE.MC
2025-05-14 07:17:13.412,How CaixaBank's dividend compares to Banco de Sabadell,urn:newsml:newsroom:20250514:nNRAwcsgab:0,NS:SPANEW,SABE.MC
2025-05-14 06:18:38.570,How Banco Bilbao Vizcaya Argentaria's dividend compares to Banco de Sabadell,urn:newsml:newsroom:20250514:nNRAwcry28:0,NS:SPANEW,SABE.MC
2025-05-14 06:18:37.066,How Banco de Sabadell's dividend compares to Banco Santander,urn:newsml:newsroom:20250514:nNRAwcrz4l:0,NS:SPANEW,SABE.MC
2025-05-14 06:16:11.000,Spanish stocks - Factors to watch on May 14,urn:newsml:reuters.com:20250514:nL8N3RM09G:1,NS:RTRS,SABE.MC
2025-05-14 05:49:23.602,Sabadell To Issue Preferred Securities For Principal Amount Of 1.00 Bln Euros,urn:newsml:reuters.com:20250514:nRSD1YNVFm:1,NS:SIGDEV,SABE.MC
2025-05-14 05:36:26.000,BRIEF-Sabadell To Issue Preferred Securities For Principal Amount Of 1.00 Bln Euros,urn:newsml:reuters.com:20250514:nL8N3RM08A:1,NS:RTRS,SABE.MC
2025-05-13 20:41:38.537,"Sabadell approves issuance of perpetual securities convertible into shares for 1,000 million euros",urn:newsml:newsroom:20250513:nNRAwcnz7x:0,NS:CENAFT,SABE.MC
2025-05-13 16:22:33.936,Banco de Sabadell (SAB: EUR2.70) offers earnings yield of 8.5%; +2c [+0.7%],urn:newsml:newsroom:20250513:nNRAwcl93m:0,NS:SPANEW,SABE.MC
2025-05-13 15:12:34.000,Banco de Sabadell prices €1bn perp NC6 AT1,urn:newsml:reuters.com:20250513:nIfp883V19:1,NS:IFR,SABE.MC
2025-05-13 14:59:48.000,Spain's antitrust watchdog says BBVA-Sabadell deal won't make market uncompetitive,urn:newsml:reuters.com:20250513:nL8N3RL1IP:2,NS:RTRS,SABE.MC
2025-05-13 06:45:54.000,Spanish stocks - Factors to watch on May 13,urn:newsml:reuters.com:20250513:nL8N3RL0BC:1,NS:RTRS,SABE.MC
2025-05-13 06:20:08.217,Banco de Sabadell continues to underperform Unicaja Banco by 10.6% in the past three months,urn:newsml:newsroom:20250513:nNRAwcdroj:0,NS:SPANEW,SABE.MC
2025-05-13 00:13:36.600,Spanish lender Unicaja denies report it has held merger talks with Sabadell,urn:link:webnews:20250513:nNRAwcb3jr:0,NS:GLOREV,SABE.MC
2025-05-12 23:16:38.251,Spanish lender Unicaja denies report it has held merger talks with Sabadell,urn:link:webnews:20250512:nNRAwcask3:0,NS:MSNUKA,SABE.MC
2025-05-12 21:40:03.000,REFILE-Spanish lender Unicaja denies report it has held merger talks with Sabadell,urn:newsml:reuters.com:20250512:nL8N3RK2XN:1,NS:RTRS,SABE.MC
2025-05-12 16:17:42.339,Banco de Sabadell (SAB: EUR2.68) lifts 1.9% strengthening above moving average price; +5c [+1.9%],urn:newsml:newsroom:20250512:nNRAwc6yy6:0,NS:SPANEW,SABE.MC
2025-05-12 11:51:33.000,UPDATE 1-Spain's Abanca denies report of merger talks with Sabadell,urn:newsml:reuters.com:20250512:nL1N3RK09C:4,NS:RTRS,SABE.MC
2025-05-12 09:17:17.436,Banco de Sabadell continues to underperform CaixaBank by 9.3% in the past three months,urn:newsml:newsroom:20250512:nNRAwc20lc:0,NS:SPANEW,SABE.MC
2025-05-12 08:18:23.240,Banco de Sabadell continues to underperform Bankinter by 16.9% in the past three months,urn:newsml:newsroom:20250512:nNRAwc1iy1:0,NS:SPANEW,SABE.MC
2025-05-12 07:34:38.000,"Sabadell exploring deal with Abanca to fend off BBVA takeover, Expansion reports",urn:newsml:reuters.com:20250512:nL8N3RK0C5:5,NS:RTRS,SABE.MC
2025-05-12 07:17:45.314,Banco Santander continues to outperform Banco de Sabadell by 6.8% in the past three months,urn:newsml:newsroom:20250512:nNRAwc13k7:0,NS:SPANEW,SABE.MC
2025-05-12 07:17:44.459,CaixaBank continues to outperform Banco de Sabadell by 9.3% in the past three months,urn:newsml:newsroom:20250512:nNRAwc136w:0,NS:SPANEW,SABE.MC
2025-05-12 07:17:44.458,Banco de Sabadell continues to underperform Banco Santander by 6.8% in the past three months,urn:newsml:newsroom:20250512:nNRAwc136t:0,NS:SPANEW,SABE.MC
2025-05-12 06:45:06.000,Spanish stocks - Factors to watch on May 12,urn:newsml:reuters.com:20250512:nL1N3RK04J:1,NS:RTRS,SABE.MC
2025-05-12 06:29:14.282,"Weekly: Frontier Real Estate Investment (8964: JPY81,300.0) decreases on firm volume; -JPY300 [-0.4%] Vol Index 1.3 [1 is avg]",urn:newsml:newsroom:20250512:nNRAwc0mtn:0,NS:NEWJAP,SABE.MC
2025-05-12 06:18:13.374,Banco Bilbao Vizcaya Argentaria continues to underperform Banco de Sabadell by 0.6% in the past three months,urn:newsml:newsroom:20250512:nNRAwc0ifl:0,NS:SPANEW,SABE.MC
2025-05-12 06:18:11.202,Banco de Sabadell continues to outperform Banco Bilbao Vizcaya Argentaria by 0.6% in the past three months,urn:newsml:newsroom:20250512:nNRAwc0j6m:0,NS:SPANEW,SABE.MC
2025-05-11 12:12:57.964,"Listed companies paid out 775 million in dividends in March, almost three times as much due to the Sabadell effect",urn:newsml:newsroom:20250511:nNRAwbw2tp:0,NS:NOTENG,SABE.MC
2025-05-10 04:27:33.119,Weekly: Banco de Sabadell (SAB: EUR2.63) lifts 4.0% - outperforming 92% of stocks; +10c [4.0%],urn:newsml:newsroom:20250510:nNRAwbm9o9:0,NS:GLOWEE,SABE.MC
2025-05-10 02:52:03.636,Banco de Sabadell jumps 21% in past 3 months,urn:newsml:newsroom:20250510:nNRAwblpa9:0,NS:GLOROU,SABE.MC
2025-05-09 19:13:04.587,Banco Sabadell earns 99.7% less in 2020,urn:newsml:newsroom:20250509:nNRAwbiqz9:0,NS:NOTENG,SABE.MC
2025-05-09 16:22:52.898,Weekly: Banco de Sabadell (SAB: EUR2.63) lifts 4.0% - outperforming 92% of stocks; +10c [4.0%],urn:newsml:newsroom:20250509:nNRAwbgnfd:0,NS:GLOWEE,SABE.MC
2025-05-09 16:17:18.282,Banco de Sabadell (SAB: EUR2.63) offers dividend yield of 7.8%; -2c [-0.8%],urn:newsml:newsroom:20250509:nNRAwbgitw:0,NS:SPANEW,SABE.MC
2025-05-09 15:45:00.112,"(EN) Banco de Sabadell, S.A. Quarterly Presentation (83420337)",urn:newsml:reuters.com:20250509:nGLF5mMLMG:2,NS:GLFILE,SABE.MC
2025-05-09 09:52:16.445,"Weekly: Frontier Real Estate Investment (8964: JPY81,300.0) decreases on firm volume; -JPY300 [-0.4%] Vol Index 1.3 [1 is avg]",urn:newsml:newsroom:20250509:nNRAwbbgx0:0,NS:NEWJAP,SABE.MC
2025-05-09 09:27:30.416,"Frontier Real Estate Investment (8964: JPY81,300.0) increases JPY300.0 on firm volume; +JPY300 [+0.4%]",urn:newsml:newsroom:20250509:nNRAwbaylt:0,NS:NEWJAP,SABE.MC
2025-05-09 07:13:17.325,Sabadell's show of strength,urn:newsml:newsroom:20250509:nNRAwb9spm:0,NS:NOTENG,SABE.MC
2025-05-09 06:19:03.634,How Banco de Sabadell's dividend compares to Its Peers,urn:newsml:newsroom:20250509:nNRAwb9bfs:0,NS:SPANEW,SABE.MC
2025-05-08 20:36:50.186,Banco de Sabadell's Earnings Growth Outperforms Mitsubishi UFJ Financial,urn:newsml:newsroom:20250508:nNRAwb53cu:0,NS:GLOROU,SABE.MC
2025-05-08 19:37:03.192,Banco de Sabadell's Earnings Growth Lags ICICI Bank,urn:newsml:newsroom:20250508:nNRAwb4njb:0,NS:GLOROU,SABE.MC
2025-05-08 18:52:10.784,Banco de Sabadell's Earnings Growth Outperforms Mitsubishi UFJ Financial,urn:newsml:newsroom:20250508:nNRAwb41ph:0,NS:GLOROU,SABE.MC
2025-05-08 18:37:07.266,Banco de Sabadell's Earnings Growth Outperforms HDFC Bank,urn:newsml:newsroom:20250508:nNRAwb3u2s:0,NS:GLOROU,SABE.MC
2025-05-08 17:52:16.790,Banco de Sabadell's Earnings Growth Lags ICICI Bank,urn:newsml:newsroom:20250508:nNRAwb3apw:0,NS:GLOROU,SABE.MC
2025-05-08 17:37:11.431,Banco de Sabadell's Earnings Growth Outperforms Banco Santander,urn:newsml:newsroom:20250508:nNRAwb37vn:0,NS:GLOROU,SABE.MC
2025-05-08 17:29:07.505,Banco Sabadell boosts profits one year after BBVA's takeover bid,urn:link:webnews:20250508:nNRAwb33c2:0,NS:ARADOC,SABE.MC
2025-05-08 16:52:23.211,Banco de Sabadell's Earnings Growth Outperforms HDFC Bank,urn:newsml:newsroom:20250508:nNRAwb2kam:0,NS:GLOROU,SABE.MC
2025-05-08 16:17:09.493,Banco de Sabadell (SAB: EUR2.65) in top 1% performers of IBEX 35 Index; +10c [+3.9%],urn:newsml:newsroom:20250508:nNRAwb1wkj:0,NS:SPANEW,SABE.MC
2025-05-08 15:52:31.674,Banco de Sabadell's Earnings Growth Outperforms Banco Santander,urn:newsml:newsroom:20250508:nNRAwb1hu6:0,NS:GLOROU,SABE.MC
2025-05-08 14:41:32.462,Analysts' assessment of Banco Sabadell's first-quarter results,urn:newsml:newsroom:20250508:nNRAwb0k9z:0,NS:CENAFT,SABE.MC
2025-05-08 13:13:18.956,"Sabadell earns 489 million up to March, an increase of 58.6%.",urn:newsml:newsroom:20250508:nNRAwazfja:0,NS:NOTENG,SABE.MC
2025-05-08 12:47:02.024,Can Banco de Sabadell rebound after recent dip?,urn:newsml:newsroom:20250508:nNRAwayxvw:0,NS:GLOROU,SABE.MC
2025-05-08 10:13:42.403,Sabadell earns 59% more through March and raises its dividend by 100 million more in the midst of BBVA's takeover bid,urn:newsml:newsroom:20250508:nNRAwaxbwq:0,NS:NOTENG,SABE.MC
2025-05-08 09:36:08.826,Banco de Sabadell stock advances after strong Q1 results and buyback news,urn:newsml:newsroom:20250508:nNRAwax4ow:0,NS:INVCOA,SABE.MC
2025-05-08 09:13:22.627,"Banco Sabadell earns 489 million up to March, an increase of 58.6%.",urn:newsml:newsroom:20250508:nNRAwawy0o:0,NS:NOTENG,SABE.MC
2025-05-08 09:11:59.628,Banco de Sabadell stock advances after strong Q1 results and buyback news,urn:newsml:newsroom:20250508:nNRAwawxuc:0,NS:INVCOM,SABE.MC
2025-05-08 09:07:00.265,Can Banco de Sabadell rebound after recent dip?,urn:newsml:newsroom:20250508:nNRAwawvvn:0,NS:GLOROU,SABE.MC
2025-05-08 08:51:44.000,UPDATE 3-Sabadell ups payout goal amid BBVA takeover battle as profit tops forecasts,urn:newsml:reuters.com:20250508:nL8N3RG0CE:2,NS:RTRS,SABE.MC
2025-05-08 08:22:24.020,Sabadell Says Difficult To Know If BBVA's Tender Offer Will Be Before Or After Summer If At All,urn:newsml:reuters.com:20250508:nRSD8PRyv4:1,NS:SIGDEV,SABE.MC
2025-05-08 08:11:55.000,BRIEF-Sabadell Says Difficult To Know If BBVA's Tender Offer Will Be Before Or After Summer If At All,urn:newsml:reuters.com:20250508:nS8N3OC0DI:1,NS:RTRS,SABE.MC
2025-05-08 07:17:38.267,Banco Santander's Earnings Growth Lags Banco de Sabadell,urn:newsml:newsroom:20250508:nNRAwavyz1:0,NS:SPANEW,SABE.MC
2025-05-08 07:17:37.403,Banco de Sabadell's Earnings Growth Outperforms Bankinter,urn:newsml:newsroom:20250508:nNRAwavyz0:0,NS:SPANEW,SABE.MC
2025-05-08 07:13:56.189,"Sabadell earns 489 million up to March, an increase of 58.6%.",urn:newsml:newsroom:20250508:nNRAwavzgk:0,NS:NOTENG,SABE.MC
2025-05-08 07:13:20.103,Sabadell earns 59% more and raises its dividend again with BBVA's takeover bid in political jeopardy,urn:newsml:newsroom:20250508:nNRAwavysa:0,NS:NOTENG,SABE.MC
2025-05-08 07:00:00.000,Q1 2025 Banco de Sabadell SA Earnings Call,urn:newsml:reuters.com:20250508:nTRN7WBz6M:1,NS:TRANS,SABE.MC
2025-05-08 06:55:51.662,"(EN) Banco de Sabadell, S.A. Interim Q1 (83396872)",urn:newsml:reuters.com:20250508:nGLF9gpHXt:3,NS:GLFILE,SABE.MC
2025-05-08 06:18:09.736,Banco de Sabadell's Earnings Growth Outperforms Banco Santander,urn:newsml:newsroom:20250508:nNRAwavjsz:0,NS:SPANEW,SABE.MC
2025-05-08 06:18:08.083,How Banco de Sabadell's Tax Rate compares to Its Peers,urn:newsml:newsroom:20250508:nNRAwavk6y:0,NS:SPANEW,SABE.MC
2025-05-08 06:18:06.448,How Banco de Sabadell's dividend compares to Unicaja Banco,urn:newsml:newsroom:20250508:nNRAwavkrj:0,NS:SPANEW,SABE.MC
2025-05-08 06:13:48.318,Sabadell puts more pressure on the takeover bid and boosts first quarter profit by 58%.,urn:newsml:newsroom:20250508:nNRAwavjm2:0,NS:NOTENG,SABE.MC
2025-05-08 05:28:01.000,Banco de Sabadell SA - 1Q25 Financial Report,urn:newsml:reuters.com:20250508:nNDL34yzWY:1,NS:PUBT,SABE.MC
2025-05-08 05:27:18.000,Banco de Sabadell SA - 1Q25 Results Presentation,urn:newsml:reuters.com:20250508:nNDL6QvFvw:1,NS:PUBT,SABE.MC
2025-05-08 05:15:21.549,Sabadell Is Well On Track To Meet Profitability Guidance,urn:newsml:reuters.com:20250508:nRSD74rdRt:1,NS:SIGDEV,SABE.MC
2025-05-08 05:15:21.534,Sabadell Estimates Sum Of Dividends And Share Repurchases In 2024 And 2025 To Total 3.4 Bln Euros,urn:newsml:reuters.com:20250508:nRSD2sfstz:1,NS:SIGDEV,SABE.MC
2025-05-08 05:07:12.000,Banco de Sabadell SA - Banco Sabadell increases net profit by 58.6% to €489 million and raises its capital ratio to 13.31%,urn:newsml:reuters.com:20250508:nNDLVl0m7:1,NS:PUBT,SABE.MC
2025-05-08 05:03:07.000,BRIEF-Sabadell Estimates Sum Of Dividends And Share Repurchases In 2024 And 2025 To Total 3.4 Bln Euros,urn:newsml:reuters.com:20250508:nS8N3PV0IM:1,NS:RTRS,SABE.MC
2025-05-08 05:01:05.000,BRIEF-Sabadell Is Well On Track To Meet Profitability Guidance,urn:newsml:reuters.com:20250508:nFWN3RF386:1,NS:RTRS,SABE.MC
2025-05-08 05:00:24.000,Sabadell's Q1 net profit rises 59% from same period in 2024,urn:newsml:reuters.com:20250508:nL8N3RF2YR:4,NS:RTRS,SABE.MC
2025-05-08 03:16:56.916,Banco de Sabadell adds 8% in past 3 months,urn:newsml:newsroom:20250508:nNRAwaudpw:0,NS:GLOROU,SABE.MC
2025-05-07 23:01:00.000,Britain's National Wealth Fund to lend Iberdrola $800 mln for UK power grid upgrades,urn:newsml:reuters.com:20250507:nL8N3RF1QE:4,NS:RTRS,SABE.MC
2025-05-07 16:22:27.237,Banco de Sabadell (SAB: EUR2.55) offers earnings yield of 9%; +3c [+1.2%],urn:newsml:newsroom:20250507:nNRAwaoxfj:0,NS:SPANEW,SABE.MC
2025-05-07 14:18:52.287,Banco de Sabadell's Earnings Growth Lags Peers,urn:newsml:newsroom:20250507:nNRAwanh2r:0,NS:SPANEW,SABE.MC
2025-05-07 10:17:26.233,Banco de Sabadell Continues to Underperform its Peers,urn:newsml:newsroom:20250507:nNRAwakpar:0,NS:SPANEW,SABE.MC
2025-05-07 09:12:14.445,How Banco de Sabadell's dividend compares to CaixaBank,urn:newsml:newsroom:20250507:nNRAwak89t:0,NS:SPANEW,SABE.MC
2025-05-07 08:17:14.946,How Banco de Sabadell's dividend compares to Bankinter,urn:newsml:newsroom:20250507:nNRAwajlfy:0,NS:SPANEW,SABE.MC
2025-05-07 08:17:14.540,How Banco Santander's dividend compares to Banco de Sabadell,urn:newsml:newsroom:20250507:nNRAwajkia:0,NS:SPANEW,SABE.MC
2025-05-07 07:17:23.257,How Banco de Sabadell's dividend compares to Banco Bilbao Vizcaya Argentaria,urn:newsml:newsroom:20250507:nNRAwaj2im:0,NS:SPANEW,SABE.MC
2025-05-07 07:17:23.010,How CaixaBank's dividend compares to Banco de Sabadell,urn:newsml:newsroom:20250507:nNRAwaj1ja:0,NS:SPANEW,SABE.MC
2025-05-07 06:19:52.154,How Banco Bilbao Vizcaya Argentaria's dividend compares to Banco de Sabadell,urn:newsml:newsroom:20250507:nNRAwaijtc:0,NS:SPANEW,SABE.MC
2025-05-07 06:19:49.788,How Banco de Sabadell's dividend compares to Banco Santander,urn:newsml:newsroom:20250507:nNRAwaijtb:0,NS:SPANEW,SABE.MC
2025-05-07 06:08:12.871,"Weekly: Frontier Real Estate Investment (8964: JPY81,600.0) shares post best week in eighteen weeks; +JPY2,000 [2.5%]",urn:newsml:newsroom:20250507:nNRAwaig79:0,NS:NEWJAP,SABE.MC
2025-05-07 02:35:08.574,Spain's public consultation over BBVA-Sabadell deal to last until May 16,urn:link:webnews:20250507:nNRAwah1h3:0,NS:YAHIRE,SABE.MC
2025-05-07 01:12:29.784,"The BBVA-Sabadell takeover bid question: ""Are there general interest criteria other than competition?""",urn:newsml:newsroom:20250507:nNRAwaglo3:0,NS:NOTENG,SABE.MC
2025-05-06 17:14:37.000,Spain's public consultation over BBVA-Sabadell deal to last until May 16,urn:newsml:reuters.com:20250506:nL8N3RE274:5,NS:RTRS,SABE.MC
2025-05-06 16:22:15.117,"Banco de Sabadell (SAB: EUR2.52) falls in 4 out of last 5 days, 5-day fall of 3.8%; -2c [-0.8%]",urn:newsml:newsroom:20250506:nNRAwacxtv:0,NS:SPANEW,SABE.MC
2025-05-06 12:47:02.749,Can Banco de Sabadell rebound after recent dip?,urn:newsml:newsroom:20250506:nNRAwaan6p:0,NS:GLOROU,SABE.MC
2025-05-06 07:17:45.547,Banco Santander continues to outperform Banco de Sabadell by 6.2% in the past month,urn:newsml:newsroom:20250506:nNRAwa7lnr:0,NS:SPANEW,SABE.MC
2025-05-06 07:17:44.169,Banco de Sabadell continues to underperform Unicaja Banco by 3.9% in the past month,urn:newsml:newsroom:20250506:nNRAwa7lnq:0,NS:SPANEW,SABE.MC
2025-05-06 06:17:41.640,Banco de Sabadell continues to underperform Banco Santander by 6.2% in the past month,urn:newsml:newsroom:20250506:nNRAwa6zzz:0,NS:SPANEW,SABE.MC
2025-05-06 04:13:48.970,Keys : Unusual public consultation launched by Sánchez to decide on the future of BBVA's takeover bid for Sabadell,urn:newsml:newsroom:20250506:nNRAwa6752:0,NS:NOTENG,SABE.MC
2025-05-05 16:17:33.117,Banco de Sabadell (SAB: EUR2.54) offers dividend yield of 8.1%; +1c [+0.4%],urn:newsml:newsroom:20250505:nNRAw9zy6e:0,NS:SPANEW,SABE.MC
2025-05-05 12:48:15.000,UPDATE 1-Spain to hold public consultation over BBVA-Sabadell deal,urn:newsml:reuters.com:20250505:nL8N3RD0IC:1,NS:RTRS,SABE.MC
2025-05-05 09:26:17.000,"Spanish government to open a public consultation over BBVA-Sabadell deal, PM says",urn:newsml:reuters.com:20250505:nS8N3N307Y:6,NS:RTRS,SABE.MC
2025-05-05 08:17:40.040,CaixaBank continues to underperform Banco de Sabadell by 2.9% in the past month,urn:newsml:newsroom:20250505:nNRAw9v4gb:0,NS:SPANEW,SABE.MC
2025-05-05 08:17:39.957,Banco de Sabadell continues to outperform CaixaBank by 2.9% in the past month,urn:newsml:newsroom:20250505:nNRAw9v3rh:0,NS:SPANEW,SABE.MC
2025-05-05 07:17:46.588,Banco de Sabadell continues to underperform Bankinter by 4.5% in the past month,urn:newsml:newsroom:20250505:nNRAw9up6f:0,NS:SPANEW,SABE.MC
2025-05-05 06:19:17.106,Banco de Sabadell continues to underperform Banco Bilbao Vizcaya Argentaria by 2.1% in the past month,urn:newsml:newsroom:20250505:nNRAw9ua2v:0,NS:SPANEW,SABE.MC
2025-05-03 07:12:32.777,The CNMC approves the BBVA/SABADELL merger with commitments in the second phase,urn:newsml:newsroom:20250503:nNRAw9j00h:0,NS:FINLAW,SABE.MC
2025-05-03 04:46:50.027,Weekly: Banco de Sabadell (SAB: EUR2.53) in bottom 3% performers of IBEX 35 Index in past week; -4c [1.6%],urn:newsml:newsroom:20250503:nNRAw9hz9y:0,NS:GLOWEE,SABE.MC
2025-05-02 20:17:07.361,"Weekly: Frontier Real Estate Investment (8964: JPY81,600.0) shares post best week in eighteen weeks; +JPY2,000 [2.5%]",urn:newsml:newsroom:20250502:nNRAw9fklf:0,NS:NEWJAP,SABE.MC
2025-05-02 16:57:57.184,"Frontier Real Estate Investment (8964: JPY81,600.0) in 2nd consecutive rise; +JPY2,300 [+2.9%]",urn:newsml:newsroom:20250502:nNRAw9dris:0,NS:NEWJAP,SABE.MC
2025-05-02 16:42:34.817,Weekly: Banco de Sabadell (SAB: EUR2.53) in bottom 3% performers of IBEX 35 Index in past week; -4c [1.6%],urn:newsml:newsroom:20250502:nNRAw9dkob:0,NS:GLOWEE,SABE.MC
2025-05-02 16:27:05.744,"Banco de Sabadell (SAB: EUR2.53) keeps sliding, down 4.9% in 3 days; -13c [-4.9%]",urn:newsml:newsroom:20250502:nNRAw9dc3d:0,NS:SPANEW,SABE.MC
2025-05-02 12:51:56.996,Can Banco de Sabadell rebound after recent dip?,urn:newsml:newsroom:20250502:nNRAw9a0ax:0,NS:GLOROU,SABE.MC
2025-05-02 09:07:01.514,Can Banco de Sabadell rebound after recent dip?,urn:newsml:newsroom:20250502:nNRAw96x7c:0,NS:GLOROU,SABE.MC
2025-05-02 06:53:59.000,Spanish stocks - Factors to watch on May 2,urn:newsml:reuters.com:20250502:nL8N3RA0S7:1,NS:RTRS,SABE.MC
2025-05-02 06:24:33.054,How Banco de Sabadell's dividend compares to Its Peers,urn:newsml:newsroom:20250502:nNRAw95865:0,NS:SPANEW,SABE.MC
2025-05-01 16:21:08.232,"Spain to approve BBVA bid for Sabadell, Bloomberg reports",urn:link:webnews:20250501:nNRAw8xwvc:0,NS:YAHNEX,SABE.MC
2025-05-01 13:13:28.519,"Unions, ERC and Sumar urge the Government to rule out a takeover bid for Banco Sabadell",urn:newsml:newsroom:20250501:nNRAw8v7g5:0,NS:NOTENG,SABE.MC
2025-05-01 13:12:05.589,"The ACCO criticizes as ""insufficient"" the CNMC's commitments regarding BBVA's takeover bid for Banco Sabadell.",urn:newsml:newsroom:20250501:nNRAw8v6bx:0,NS:NOTENG,SABE.MC
2025-05-01 11:44:08.000,BREAKINGVIEWS-BBVA’s $15 bln deal is dicey despite antitrust OK,urn:newsml:reuters.com:20250501:nL8N3R90F9:1,NS:RTRS,SABE.MC
2025-05-01 09:13:44.294,Sabadell criticizes Competition's methodology and BBVA is pleased with the result,urn:newsml:newsroom:20250501:nNRAw8rtgn:0,NS:NOTENG,SABE.MC
2025-05-01 06:22:42.642,"Monthly: Frontier Real Estate Investment (8964: JPY79,300.0) rises on high volatility in April 2025",urn:newsml:newsroom:20250501:nNRAw8pulz:0,NS:NEWJAP,SABE.MC
2025-05-01 06:22:13.618,Monthly: Banco de Sabadell (SAB: EUR2.56) drops on high volatility in April 2025,urn:newsml:newsroom:20250501:nNRAw8ptf7:0,NS:SPANEW,SABE.MC
2025-05-01 06:19:36.966,How Banco de Sabadell's dividend compares to Unicaja Banco,urn:newsml:newsroom:20250501:nNRAw8prty:0,NS:SPANEW,SABE.MC
2025-05-01 06:18:58.808,How Banco de Sabadell's Tax Rate compares to Its Peers,urn:newsml:newsroom:20250501:nNRAw8pp10:0,NS:SPANEW,SABE.MC
2025-05-01 06:18:56.615,Banco de Sabadell continues to outperform Unicaja Banco by 3.9% year to date,urn:newsml:newsroom:20250501:nNRAw8ppdf:0,NS:SPANEW,SABE.MC
2025-04-30 23:35:07.917,Spain's antitrust body approves BBVA-Sabadell takeover with remedies,urn:link:webnews:20250430:nNRAw8m9zr:0,NS:GLOREV,SABE.MC
2025-04-30 23:20:32.000,"UPDATE 2-Spain's antitrust body clears BBVA-Sabadell takeover, awaits government",urn:newsml:reuters.com:20250430:nL8N3R830X:1,NS:RTRS,SABE.MC
2025-04-30 20:27:13.331,Spain's antitrust body approves BBVA-Sabadell takeover with remedies,urn:link:webnews:20250430:nNRAw8k5fx:0,NS:YAHNEX,SABE.MC
2025-04-30 20:13:33.209,"Competition authority approves BBVA's takeover bid for Banco Sabadell subject to conditions, leaving the decision in the hands of the government.",urn:newsml:newsroom:20250430:nNRAw8k0kx:0,NS:NOTENG,SABE.MC
2025-04-30 20:12:21.000,Spain's antitrust body approves BBVA-Sabadell takeover with remedies,urn:newsml:reuters.com:20250430:nS8N3OC0CV:5,NS:RTRS,SABE.MC
2025-04-30 16:17:21.865,Banco de Sabadell (SAB: EUR2.56) offers earnings yield of 9%; -6c [-2.3%],urn:newsml:newsroom:20250430:nNRAw8gu4i:0,NS:SPANEW,SABE.MC
2025-04-30 16:13:09.715,Competition authority leaves its decision on BBVA's takeover bid for Sabadell until next week,urn:newsml:newsroom:20250430:nNRAw8grh6:0,NS:NOTENG,SABE.MC
2025-04-30 15:47:01.741,BBVA's Acquisition of Banco Sabadell Receives Conditional Approval | BBVA Stock News,urn:newsml:newsroom:20250430:nNRAw8g7o6:0,NS:GURCOM,SABE.MC
2025-04-30 10:17:28.719,Banco de Sabadell's Earnings Growth Lags Peers,urn:newsml:newsroom:20250430:nNRAw8arlz:0,NS:SPANEW,SABE.MC
2025-04-30 09:28:28.437,"Frontier Real Estate Investment (8964: JPY79,300.0) offers dividend yield of 5.5%; -JPY200 [-0.3%]",urn:newsml:newsroom:20250430:nNRAw8a4fl:0,NS:NEWJAP,SABE.MC
2025-04-30 09:12:09.481,How Banco de Sabadell's dividend compares to CaixaBank,urn:newsml:newsroom:20250430:nNRAw89wuw:0,NS:SPANEW,SABE.MC
2025-04-30 08:17:13.317,How Banco Santander's dividend compares to Banco de Sabadell,urn:newsml:newsroom:20250430:nNRAw896vj:0,NS:SPANEW,SABE.MC
2025-04-30 08:17:12.178,How Banco de Sabadell's dividend compares to Bankinter,urn:newsml:newsroom:20250430:nNRAw896vh:0,NS:SPANEW,SABE.MC
2025-04-30 08:07:12.000,Banco de Sabadell SA - G-SIB 2024 (Versió en anglès),urn:newsml:reuters.com:20250430:nNDLbLRdBd:1,NS:PUBT,SABE.MC
2025-04-30 08:07:10.000,Banco de Sabadell SA - G-SIB 2024 (Versión en inglés),urn:newsml:reuters.com:20250430:nNDL3HFqj0:1,NS:PUBT,SABE.MC
2025-04-30 08:07:07.000,Banco de Sabadell SA - G-SIB 2024,urn:newsml:reuters.com:20250430:nNDL55B7cJ:1,NS:PUBT,SABE.MC
2025-04-30 07:17:13.741,How Banco de Sabadell's dividend compares to Banco Bilbao Vizcaya Argentaria,urn:newsml:newsroom:20250430:nNRAw88f6c:0,NS:SPANEW,SABE.MC
2025-04-30 07:17:13.504,How CaixaBank's dividend compares to Banco de Sabadell,urn:newsml:newsroom:20250430:nNRAw88fr2:0,NS:SPANEW,SABE.MC
2025-04-30 06:19:31.240,How Banco Bilbao Vizcaya Argentaria's dividend compares to Banco de Sabadell,urn:newsml:newsroom:20250430:nNRAw87lqz:0,NS:SPANEW,SABE.MC
2025-04-30 06:19:29.967,How Banco de Sabadell's dividend compares to Banco Santander,urn:newsml:newsroom:20250430:nNRAw87mpd:0,NS:SPANEW,SABE.MC
2025-04-29 21:23:26.000,Deals of the day - Mergers and acquisitions,urn:newsml:reuters.com:20250429:nL4N3R72BD:1,NS:RTRS,SABE.MC
2025-04-29 16:17:28.899,Banco de Sabadell (SAB: EUR2.62) drops 1.5% on slipping relative strength; -4c [-1.5%],urn:newsml:newsroom:20250429:nNRAw7z2ay:0,NS:SPANEW,SABE.MC
2025-04-29 11:07:27.742,"If Takeover Bid For Sabadell Goes Beyond Summer Period It Would Be Very Bad News, BBVA's CEO Says",urn:newsml:reuters.com:20250429:nRSDbmNKt9:1,NS:SIGDEV,SABE.MC
2025-04-29 10:56:15.033,"BBVA Expects Powerful Set Of Remedies On Sabadell Bid To Alleviate Government's Concerns, CEO Says",urn:newsml:reuters.com:20250429:nRSD3prJ4q:1,NS:SIGDEV,SABE.MC
2025-04-29 10:55:41.000,"BRIEF-If Takeover Bid For Sabadell Goes Beyond Summer Period It Would Be Very Bad News, BBVA's CEO Says",urn:newsml:reuters.com:20250429:nS8N3OC0E2:1,NS:RTRS,SABE.MC
2025-04-29 10:49:41.000,"BRIEF-BBVA Expects Powerful Set Of Remedies On Sabadell Bid To Alleviate Government's Concerns, CEO Says",urn:newsml:reuters.com:20250429:nS8N3OC0E0:1,NS:RTRS,SABE.MC
2025-04-29 10:45:36.224,BBVA's CEO: Bank Has Neither Intention Nor Need To Increase Price Offer For Sabadell,urn:newsml:reuters.com:20250429:nRSD20fsG4:1,NS:SIGDEV,SABE.MC
2025-04-29 10:31:13.000,BRIEF-BBVA's CEO: Bank Has Neither Intention Nor Need To Increase Price Offer For Sabadell,urn:newsml:reuters.com:20250429:nS8N3OC0DY:1,NS:RTRS,SABE.MC
2025-04-29 09:12:36.857,"BBVA earns 2,698 million euros in the first quarter, up almost 23%.",urn:newsml:newsroom:20250429:nNRAw7se5u:0,NS:NOTENG,SABE.MC
2025-04-29 08:21:08.347,BBVA earns 2.7 billion in the first quarter of the year,urn:link:webnews:20250429:nNRAw7rpqs:0,NS:ARADOC,SABE.MC
2025-04-29 06:20:12.010,Banco de Sabadell continues to outperform Unicaja Banco by 2.0% in the past month,urn:newsml:newsroom:20250429:nNRAw7q4tg:0,NS:SPANEW,SABE.MC
2025-04-29 06:17:18.000,Spanish stocks - Factors to watch on April 29,urn:newsml:reuters.com:20250429:nL1N3R705L:1,NS:RTRS,SABE.MC
2025-04-28 16:17:21.591,"Banco de Sabadell (SAB: EUR2.66) offers dividend yield of 7.7%, hits 33-day high; +4c [+1.5%]",urn:newsml:newsroom:20250428:nNRAw7hv8d:0,NS:SPANEW,SABE.MC
2025-04-28 09:12:03.673,Banco de Sabadell continues to outperform CaixaBank by 6.0% in the past month,urn:newsml:newsroom:20250428:nNRAw7bqi7:0,NS:SPANEW,SABE.MC
2025-04-28 08:17:18.056,Banco de Sabadell continues to underperform Bankinter by 1.0% in the past month,urn:newsml:newsroom:20250428:nNRAw7azsa:0,NS:SPANEW,SABE.MC
2025-04-28 07:19:07.867,Banco Santander continues to outperform Banco de Sabadell by 1.1% in the past month,urn:newsml:newsroom:20250428:nNRAw7aanc:0,NS:SPANEW,SABE.MC
2025-04-28 07:19:06.773,Banco de Sabadell continues to underperform Banco Santander by 1.1% in the past month,urn:newsml:newsroom:20250428:nNRAw7ac0n:0,NS:SPANEW,SABE.MC
2025-04-28 07:19:06.399,CaixaBank continues to underperform Banco de Sabadell by 6.0% in the past month,urn:newsml:newsroom:20250428:nNRAw7aa9k:0,NS:SPANEW,SABE.MC
2025-04-28 06:34:37.248,"Weekly: Frontier Real Estate Investment (8964: JPY79,600.0) shares post worst week in three weeks; -JPY1,100 [-1.4%]",urn:newsml:newsroom:20250428:nNRAw79tiy:0,NS:NEWJAP,SABE.MC
2025-04-28 06:34:03.579,Weekly: Banco de Sabadell (SAB: EUR2.62) shares post best week in fifteen weeks; +14c [5.6%],urn:newsml:newsroom:20250428:nNRAw79r1r:0,NS:SPANEW,SABE.MC
2025-04-28 06:17:25.496,Banco de Sabadell continues to underperform Banco Bilbao Vizcaya Argentaria by 0.4% in the past month,urn:newsml:newsroom:20250428:nNRAw79j3m:0,NS:SPANEW,SABE.MC
2025-04-26 04:27:07.705,Weekly: Banco de Sabadell (SAB: EUR2.62) shares post best week in fifteen weeks; +14c [5.6%],urn:newsml:newsroom:20250426:nNRAw6qu7k:0,NS:GLOWEE,SABE.MC
2025-04-25 16:22:38.652,Weekly: Banco de Sabadell (SAB: EUR2.62) shares post best week in fifteen weeks; +14c [5.6%],urn:newsml:newsroom:20250425:nNRAw6kxjn:0,NS:GLOWEE,SABE.MC
2025-04-25 16:22:26.883,Weekly: Banco de Sabadell (SAB: EUR2.62) shares post best week in fifteen weeks; +14c [5.6%],urn:newsml:newsroom:20250425:nNRAw6kyes:0,NS:SPANEW,SABE.MC
2025-04-25 16:17:26.322,Banco de Sabadell (SAB: EUR2.62) lifts 1.9% strengthening above moving average price; +5c [+1.9%],urn:newsml:newsroom:20250425:nNRAw6kvck:0,NS:SPANEW,SABE.MC
2025-04-25 10:19:14.609,Banco de Sabadell continues to outperform CaixaBank by 9.4% year to date,urn:newsml:newsroom:20250425:nNRAw6ffnc:0,NS:SPANEW,SABE.MC
2025-04-25 10:19:00.156,"Weekly: Frontier Real Estate Investment (8964: JPY79,600.0) shares post worst week in three weeks; -JPY1,100 [-1.4%]",urn:newsml:newsroom:20250425:nNRAw6ffhk:0,NS:NEWJAP,SABE.MC
2025-04-25 09:28:27.099,"Frontier Real Estate Investment (8964: JPY79,600.0) decreases JPY200.0 on thin volume; -JPY200 [-0.3%]",urn:newsml:newsroom:20250425:nNRAw6euv1:0,NS:NEWJAP,SABE.MC
2025-04-25 09:12:13.382,Banco de Sabadell continues to outperform Bankinter by 3.6% year to date,urn:newsml:newsroom:20250425:nNRAw6emwa:0,NS:SPANEW,SABE.MC
2025-04-25 08:16:58.390,Banco Santander continues to outperform Banco de Sabadell by 3.4% year to date,urn:newsml:newsroom:20250425:nNRAw6e2gj:0,NS:SPANEW,SABE.MC
2025-04-25 08:16:57.547,CaixaBank continues to underperform Banco de Sabadell by 9.4% year to date,urn:newsml:newsroom:20250425:nNRAw6e2ut:0,NS:SPANEW,SABE.MC
2025-04-25 08:16:57.234,Banco de Sabadell continues to underperform Banco Santander by 3.4% year to date,urn:newsml:newsroom:20250425:nNRAw6e1ti:0,NS:SPANEW,SABE.MC
2025-04-25 08:13:01.505,Competition authority to decide next week on BBVA's takeover bid for Banc Sabadell,urn:newsml:newsroom:20250425:nNRAw6e0vj:0,NS:NOTENG,SABE.MC
2025-04-25 07:17:02.565,Banco de Sabadell continues to outperform Banco Bilbao Vizcaya Argentaria by 7.1% year to date,urn:newsml:newsroom:20250425:nNRAw6daeu:0,NS:SPANEW,SABE.MC
2025-04-25 06:18:35.613,How Banco de Sabadell's dividend compares to Its Peers,urn:newsml:newsroom:20250425:nNRAw6c48o:0,NS:SPANEW,SABE.MC
2025-04-25 06:07:13.000,Spanish stocks - Factors to watch on April 25,urn:newsml:reuters.com:20250425:nL8N3R307L:1,NS:RTRS,SABE.MC
2025-04-25 00:17:09.663,Banco de Sabadell down in recent days,urn:newsml:newsroom:20250425:nNRAw690g6:0,NS:GLOSTO,SABE.MC
2025-04-24 17:32:08.000,"UPDATE 1-Spain's antitrust body set to approve BBVA takeover of Sabadell with remedies, sources say",urn:newsml:reuters.com:20250424:nL8N3R22F1:4,NS:RTRS,SABE.MC
2025-04-24 16:56:11.000,"Spain's antitrust body set to approve BBVA takeover of Sabadell with remedies, sources say",urn:newsml:reuters.com:20250424:nS8N3LC0CM:3,NS:RTRS,SABE.MC
2025-04-24 16:22:24.974,Two-bagger Banco de Sabadell (SAB: EUR2.57) lifts 3.6%; +9c [3.6%],urn:newsml:newsroom:20250424:nNRAw62m5w:0,NS:SPANEW,SABE.MC
2025-04-24 16:17:22.519,Banco de Sabadell (SAB: EUR2.57) offers earnings yield of 8.9%; -2c [-0.8%],urn:newsml:newsroom:20250424:nNRAw62ky1:0,NS:SPANEW,SABE.MC
2025-04-24 06:22:04.697,How Banco de Sabadell's Tax Rate compares to Its Peers,urn:newsml:newsroom:20250424:nNRAw5v552:0,NS:SPANEW,SABE.MC
2025-04-24 06:22:04.696,How Banco de Sabadell's dividend compares to Unicaja Banco,urn:newsml:newsroom:20250424:nNRAw5v3t4:0,NS:SPANEW,SABE.MC
2025-04-23 16:32:09.130,Two-bagger Banco de Sabadell (SAB: EUR2.59) lifts 3.6%; +9c [3.6%],urn:newsml:newsroom:20250423:nNRAw5n1jx:0,NS:SPANEW,SABE.MC
2025-04-23 16:24:16.429,Banco de Sabadell (SAB: EUR2.59) up 4.4% in 2 days; +11c [+4.4%],urn:newsml:newsroom:20250423:nNRAw5mwm2:0,NS:SPANEW,SABE.MC
2025-04-23 10:17:11.965,Banco de Sabadell continues to outperform Unicaja Banco by 8.6% year to date,urn:newsml:newsroom:20250423:nNRAw5h1ie:0,NS:SPANEW,SABE.MC
2025-04-23 09:12:11.587,How Banco de Sabadell's dividend compares to CaixaBank,urn:newsml:newsroom:20250423:nNRAw5gaef:0,NS:SPANEW,SABE.MC
2025-04-23 08:17:06.672,How Banco Santander's dividend compares to Banco de Sabadell,urn:newsml:newsroom:20250423:nNRAw5fmo7:0,NS:SPANEW,SABE.MC
2025-04-23 08:17:05.705,How Banco de Sabadell's dividend compares to Bankinter,urn:newsml:newsroom:20250423:nNRAw5fnit:0,NS:SPANEW,SABE.MC
2025-04-23 07:17:31.219,How Banco de Sabadell's dividend compares to Banco Bilbao Vizcaya Argentaria,urn:newsml:newsroom:20250423:nNRAw5excj:0,NS:SPANEW,SABE.MC
2025-04-23 07:17:31.145,How CaixaBank's dividend compares to Banco de Sabadell,urn:newsml:newsroom:20250423:nNRAw5evww:0,NS:SPANEW,SABE.MC
2025-04-23 06:17:19.152,How Banco Bilbao Vizcaya Argentaria's dividend compares to Banco de Sabadell,urn:newsml:newsroom:20250423:nNRAw5e3ki:0,NS:SPANEW,SABE.MC
2025-04-23 06:17:16.927,How Banco de Sabadell's dividend compares to Banco Santander,urn:newsml:newsroom:20250423:nNRAw5e2uo:0,NS:SPANEW,SABE.MC
2025-04-22 16:22:11.539,Banco de Sabadell (SAB: EUR2.50) offers dividend yield of 8.2%; +2c [+0.8%],urn:newsml:newsroom:20250422:nNRAw562o6:0,NS:SPANEW,SABE.MC
2025-04-22 16:22:08.742,"Past Week: Banco de Sabadell (SAB: EUR2.50) rises for a second consecutive week, a two-week rise of 11%; +24c [10.6%]",urn:newsml:newsroom:20250422:nNRAw563d3:0,NS:SPANEW,SABE.MC
2025-04-22 14:47:16.587,"Monday April 21, 2025 Banco de Sabadell ADR Compendium - A Snapshot as of April 21",urn:newsml:newsroom:20250422:nNRAw54koi:0,NS:GLOROU,SABE.MC
2025-04-22 12:47:04.954,Can Banco de Sabadell rebound after recent dip?,urn:newsml:newsroom:20250422:nNRAw526ze:0,NS:GLOROU,SABE.MC
2025-04-22 10:47:08.229,"Monday April 21, 2025 Banco de Sabadell ADR Compendium - A Snapshot as of April 21",urn:newsml:newsroom:20250422:nNRAw507me:0,NS:GLOROU,SABE.MC
2025-04-22 09:06:59.567,Can Banco de Sabadell rebound after recent dip?,urn:newsml:newsroom:20250422:nNRAw4z0pj:0,NS:GLOROU,SABE.MC
2025-04-22 06:48:23.600,"Monday April 21, 2025 Banco de Sabadell ADR Compendium - A Snapshot as of April 21",urn:newsml:newsroom:20250422:nNRAw4xab4:0,NS:GLOROU,SABE.MC
2025-04-22 06:47:21.703,"Monday April 21, 2025 Banco de Sabadell ADR: How it compares to other IDRs and ADRs",urn:newsml:newsroom:20250422:nNRAw4x88i:0,NS:GLOROU,SABE.MC
2025-04-21 11:01:57.479,"Thursday April 17, 2025 Banco de Sabadell ADR Compendium - A Snapshot as of April 17",urn:newsml:newsroom:20250421:nNRAw4l1ae:0,NS:GLOROU,SABE.MC
2025-04-21 10:17:09.347,Banco de Sabadell continues to outperform CaixaBank by 3.7% year to date,urn:newsml:newsroom:20250421:nNRAw4kjql:0,NS:SPANEW,SABE.MC
2025-04-21 09:17:36.629,Banco de Sabadell continues to outperform Bankinter by 4.3% year to date,urn:newsml:newsroom:20250421:nNRAw4jxgg:0,NS:SPANEW,SABE.MC
2025-04-21 08:16:53.332,Banco Santander continues to outperform Banco de Sabadell by 1.3% year to date,urn:newsml:newsroom:20250421:nNRAw4ja8e:0,NS:SPANEW,SABE.MC
2025-04-21 08:16:51.572,CaixaBank continues to underperform Banco de Sabadell by 3.7% year to date,urn:newsml:newsroom:20250421:nNRAw4jbo4:0,NS:SPANEW,SABE.MC
2025-04-21 08:16:51.533,Banco de Sabadell continues to underperform Banco Santander by 1.3% year to date,urn:newsml:newsroom:20250421:nNRAw4jaj5:0,NS:SPANEW,SABE.MC
2025-04-21 07:17:03.035,Banco de Sabadell continues to outperform Banco Bilbao Vizcaya Argentaria by 6.3% year to date,urn:newsml:newsroom:20250421:nNRAw4iquh:0,NS:SPANEW,SABE.MC
2025-04-21 07:02:43.163,"Thursday April 17, 2025 Banco de Sabadell ADR Compendium - A Snapshot as of April 17",urn:newsml:newsroom:20250421:nNRAw4ihnt:0,NS:GLOROU,SABE.MC
2025-04-21 06:48:18.502,"Weekly: Frontier Real Estate Investment (8964: JPY80,700.0) rises for a second consecutive week, a two-week rise of 2.7%; +JPY2,100 [2.7%]",urn:newsml:newsroom:20250421:nNRAw4ibbh:0,NS:NEWJAP,SABE.MC
2025-04-21 06:29:01.075,Two-bagger Banco de Sabadell (SAB: EUR2.48) climbs 6%; +13c [5.5%],urn:newsml:newsroom:20250421:nNRAw4i0at:0,NS:SPANEW,SABE.MC
2025-04-21 06:18:55.628,How Banco de Sabadell's dividend compares to Its Peers,urn:newsml:newsroom:20250421:nNRAw4hx95:0,NS:SPANEW,SABE.MC
2025-04-19 13:02:34.091,"Weekly: Frontier Real Estate Investment (8964: JPY80,700.0) rises for a second consecutive week, a two-week rise of 2.7%; +JPY2,100 [2.7%]",urn:newsml:newsroom:20250419:nNRAw45efh:0,NS:NEWJAP,SABE.MC
2025-04-19 12:18:37.845,"Frontier Real Estate Investment (8964: JPY80,700.0) decreases JPY100.0 on thin volume; -JPY100 [-0.1%]",urn:newsml:newsroom:20250419:nNRAw44z3v:0,NS:NEWJAP,SABE.MC
2025-04-18 04:31:58.154,Two-bagger Banco de Sabadell (SAB: EUR2.48) climbs 6%; +13c [5.5%],urn:newsml:newsroom:20250418:nNRAw3quev:0,NS:GLOWEE,SABE.MC
2025-04-18 02:58:59.818,"Thursday April 17, 2025 Banco de Sabadell ADR Compendium - A Snapshot as of April 17",urn:newsml:newsroom:20250418:nNRAw3q3p2:0,NS:GLOROU,SABE.MC
2025-04-18 00:17:10.278,Can Banco de Sabadell rebound after recent dip?,urn:newsml:newsroom:20250418:nNRAw3ovby:0,NS:GLOSTO,SABE.MC
2025-04-17 16:23:02.234,Two-bagger Banco de Sabadell (SAB: EUR2.48) climbs 6%; +13c [5.5%],urn:newsml:newsroom:20250417:nNRAw3jms1:0,NS:GLOWEE,SABE.MC
2025-04-17 16:22:11.523,Two-bagger Banco de Sabadell (SAB: EUR2.48) climbs 6%; +13c [5.5%],urn:newsml:newsroom:20250417:nNRAw3jmvj:0,NS:SPANEW,SABE.MC
2025-04-17 16:18:34.836,Banco de Sabadell (SAB: EUR2.48) decreases on slipping relative strength; -2c [-0.8%],urn:newsml:newsroom:20250417:nNRAw3jm1p:0,NS:SPANEW,SABE.MC
2025-04-17 12:12:43.675,Tariff war forces Sabadell to adjust its new strategic plan due to macro impact,urn:newsml:newsroom:20250417:nNRAw3fbca:0,NS:NOTENG,SABE.MC
2025-04-17 06:20:09.755,How Banco de Sabadell's dividend compares to Unicaja Banco,urn:newsml:newsroom:20250417:nNRAw3a61c:0,NS:SPANEW,SABE.MC
2025-04-17 03:36:16.566,"Short Interest in Banco de Sabadell, S.A. (OTCMKTS:BNDSY) Decreases By 75.0%",urn:newsml:newsroom:20250417:nNRAw38rz3:0,NS:STOOBS,SABE.MC
2025-04-17 03:34:17.455,"Banco de Sabadell, S.A. (OTCMKTS:BNDSY) Short Interest Down 75.0% in March",urn:newsml:newsroom:20250417:nNRAw38rji:0,NS:MARDAJ,SABE.MC
2025-04-17 00:17:13.379,Thursday's Preview: Can Banco de Sabadell continue its recent gains?,urn:newsml:newsroom:20250417:nNRAw36ze6:0,NS:GLOSTO,SABE.MC
2025-04-16 16:22:05.441,Past Week: Banco de Sabadell (SAB: EUR2.50) in top 3% performers of IBEX 35 Index in past week; +29c [13.1%],urn:newsml:newsroom:20250416:nNRAw31rkz:0,NS:SPANEW,SABE.MC
2025-04-16 16:18:18.849,Banco de Sabadell (SAB: EUR2.50) offers earnings yield of 9.2%; +1c [+0.4%],urn:newsml:newsroom:20250416:nNRAw31rc2:0,NS:SPANEW,SABE.MC
2025-04-16 11:57:15.957,"Tuesday April 15, 2025 What Happened Today to the Banco de Sabadell ADR",urn:newsml:newsroom:20250416:nNRAw2x58n:0,NS:GLOROU,SABE.MC
2025-04-16 10:17:20.354,Banco de Sabadell's Earnings Growth Lags Peers,urn:newsml:newsroom:20250416:nNRAw2vga3:0,NS:SPANEW,SABE.MC
2025-04-16 09:17:40.455,How Banco de Sabadell's dividend compares to CaixaBank,urn:newsml:newsroom:20250416:nNRAw2uq3x:0,NS:SPANEW,SABE.MC
2025-04-16 08:17:24.105,How Banco de Sabadell's dividend compares to Bankinter,urn:newsml:newsroom:20250416:nNRAw2tzqi:0,NS:SPANEW,SABE.MC
2025-04-16 08:17:16.986,How CaixaBank's dividend compares to Banco de Sabadell,urn:newsml:newsroom:20250416:nNRAw2u01p:0,NS:SPANEW,SABE.MC
2025-04-16 08:12:11.365,"Play for the Planet', sustainability and sport go hand in hand at the Conde de Godó Trophy",urn:newsml:newsroom:20250416:nNRAw2ty1z:0,NS:NOTENG,SABE.MC
2025-04-16 07:57:09.761,"Tuesday April 15, 2025 What Happened Today to the Banco de Sabadell ADR",urn:newsml:newsroom:20250416:nNRAw2tpdl:0,NS:GLOROU,SABE.MC
2025-04-16 07:17:19.781,How Banco Bilbao Vizcaya Argentaria's dividend compares to Banco de Sabadell,urn:newsml:newsroom:20250416:nNRAw2t516:0,NS:SPANEW,SABE.MC
2025-04-16 07:17:13.016,How Banco de Sabadell's dividend compares to Banco Bilbao Vizcaya Argentaria,urn:newsml:newsroom:20250416:nNRAw2t59b:0,NS:SPANEW,SABE.MC
2025-04-16 06:17:42.876,How Banco de Sabadell's dividend compares to Banco Santander,urn:newsml:newsroom:20250416:nNRAw2sbqo:0,NS:SPANEW,SABE.MC
2025-04-16 06:17:42.872,How Banco Santander's dividend compares to Banco de Sabadell,urn:newsml:newsroom:20250416:nNRAw2scdf:0,NS:SPANEW,SABE.MC
2025-04-16 04:03:43.367,"Tuesday April 15, 2025 What Happened Today to the Banco de Sabadell ADR",urn:newsml:newsroom:20250416:nNRAw2r17p:0,NS:GLOROU,SABE.MC
2025-04-16 00:17:25.266,Traders look to see if Banco de Sabadell's recent rally will continue,urn:newsml:newsroom:20250416:nNRAw2p75p:0,NS:GLOSTO,SABE.MC
2025-04-15 16:22:13.596,Past Week: Banco de Sabadell (SAB: EUR2.49) in top 4% performers of Spanish market in past week; +23c [10.2%],urn:newsml:newsroom:20250415:nNRAw2jnyi:0,NS:SPANEW,SABE.MC
2025-04-15 16:18:38.031,"Banco de Sabadell (SAB: EUR2.49) accelerates rise, up 5.5% in 2 days; +13c [+5.5%]",urn:newsml:newsroom:20250415:nNRAw2jmxm:0,NS:SPANEW,SABE.MC
2025-04-15 12:33:13.082,"Short Interest in Banco de Sabadell, S.A. (OTCMKTS:BNDSY) Declines By 75.0%",urn:newsml:newsroom:20250415:nNRAw2fya7:0,NS:COMFIN,SABE.MC
2025-04-15 06:17:50.877,Banco de Sabadell continues to outperform Unicaja Banco by 2.9% in the past three months,urn:newsml:newsroom:20250415:nNRAw2akff:0,NS:SPANEW,SABE.MC
2025-04-14 16:18:44.731,Banco de Sabadell (SAB: EUR2.42) offers dividend yield of 9.7%; +6c [+2.5%],urn:newsml:newsroom:20250414:nNRAw21pvw:0,NS:SPANEW,SABE.MC
2025-04-14 14:41:51.475,"Sabadell, Bankinter and CaixaBank: how they are affected by the tariff war",urn:newsml:newsroom:20250414:nNRAw1z8lg:0,NS:CENAFT,SABE.MC
2025-04-14 09:12:18.473,Banco de Sabadell continues to outperform CaixaBank by 6.9% in the past three months,urn:newsml:newsroom:20250414:nNRAw1u1l5:0,NS:SPANEW,SABE.MC
2025-04-14 08:17:22.208,Banco de Sabadell continues to outperform Bankinter by 3.4% in the past three months,urn:newsml:newsroom:20250414:nNRAw1tdmu:0,NS:SPANEW,SABE.MC
2025-04-14 07:19:27.114,Banco Santander continues to outperform Banco de Sabadell by 2.2% in the past three months,urn:newsml:newsroom:20250414:nNRAw1sq4l:0,NS:SPANEW,SABE.MC
2025-04-14 07:19:26.367,Banco de Sabadell continues to underperform Banco Santander by 2.2% in the past three months,urn:newsml:newsroom:20250414:nNRAw1sqhx:0,NS:SPANEW,SABE.MC
2025-04-14 07:19:25.466,CaixaBank continues to underperform Banco de Sabadell by 6.9% in the past three months,urn:newsml:newsroom:20250414:nNRAw1sq4o:0,NS:SPANEW,SABE.MC
2025-04-14 06:49:15.342,Weekly: Banco de Sabadell (SAB: EUR2.36) lifts 2.2% - outperforming 91% of stocks; +5c [2.2%],urn:newsml:newsroom:20250414:nNRAw1sdye:0,NS:SPANEW,SABE.MC
2025-04-14 06:19:24.049,Banco Bilbao Vizcaya Argentaria continues to underperform Banco de Sabadell by 5.3% in the past three months,urn:newsml:newsroom:20250414:nNRAw1s01z:0,NS:SPANEW,SABE.MC
2025-04-14 06:19:15.989,Banco de Sabadell continues to outperform Banco Bilbao Vizcaya Argentaria by 5.3% in the past three months,urn:newsml:newsroom:20250414:nNRAw1s020:0,NS:SPANEW,SABE.MC
2025-04-12 04:27:31.622,Weekly: Banco de Sabadell (SAB: EUR2.36) lifts 2.2% - outperforming 91% of stocks; +5c [2.2%],urn:newsml:newsroom:20250412:nNRAw19aj6:0,NS:GLOWEE,SABE.MC
2025-04-11 16:22:53.029,Weekly: Banco de Sabadell (SAB: EUR2.36) lifts 2.2% - outperforming 91% of stocks; +5c [2.2%],urn:newsml:newsroom:20250411:nNRAw117i8:0,NS:GLOWEE,SABE.MC
2025-04-11 16:22:01.787,Weekly: Banco de Sabadell (SAB: EUR2.36) lifts 2.2% - outperforming 91% of stocks; +5c [2.2%],urn:newsml:newsroom:20250411:nNRAw1159s:0,NS:SPANEW,SABE.MC
2025-04-11 16:18:32.666,Banco de Sabadell (SAB: EUR2.36) up 6.8% in 2 days; +15c [+6.8%] Vol Index 1.3 [1 is avg],urn:newsml:newsroom:20250411:nNRAw112h7:0,NS:SPANEW,SABE.MC
2025-04-11 10:09:20.723,"Frontier Real Estate Investment (8964: JPY79,800.0) in 4th consecutive rise; +JPY3,500 [+4.6%] Vol Index 1.4 [1 is avg]",urn:newsml:newsroom:20250411:nNRAw0ugv1:0,NS:NEWJAP,SABE.MC
2025-04-11 06:17:20.111,How Banco de Sabadell's dividend compares to Its Peers,urn:newsml:newsroom:20250411:nNRAw0rhir:0,NS:SPANEW,SABE.MC
2025-04-10 18:37:22.920,Banco de Sabadell's Earnings Growth Lags ICICI Bank,urn:newsml:newsroom:20250410:nNRAw0lddb:0,NS:GLOROU,SABE.MC
2025-04-10 17:37:47.023,Banco de Sabadell's Earnings Growth Outperforms HDFC Bank,urn:newsml:newsroom:20250410:nNRAw0krlj:0,NS:GLOROU,SABE.MC
2025-04-10 16:53:16.135,Banco de Sabadell's Earnings Growth Lags ICICI Bank,urn:newsml:newsroom:20250410:nNRAw0k1ea:0,NS:GLOROU,SABE.MC
2025-04-10 16:22:20.910,Past Week: Banco de Sabadell (SAB: EUR2.35) sinks 9% on robust volume; -24c [-9.3%] Vol Index 1.6 [1 is avg],urn:newsml:newsroom:20250410:nNRAw0jg0s:0,NS:SPANEW,SABE.MC
2025-04-10 16:18:13.457,Banco de Sabadell (SAB: EUR2.35) offers earnings yield of 9.8%; +14c [+6.3%] Vol Index 1.7 [1 is avg],urn:newsml:newsroom:20250410:nNRAw0jfhr:0,NS:SPANEW,SABE.MC
2025-04-10 15:53:12.683,Banco de Sabadell's Earnings Growth Outperforms HDFC Bank,urn:newsml:newsroom:20250410:nNRAw0izc0:0,NS:GLOROU,SABE.MC
2025-04-10 12:47:10.095,Thursday's Preview: Can Banco de Sabadell continue its recent gains?,urn:newsml:newsroom:20250410:nNRAw0fimm:0,NS:GLOROU,SABE.MC
2025-04-10 11:02:22.064,"Wednesday April 09, 2025 All You Need to Know About the Banco de Sabadell ADR Today",urn:newsml:newsroom:20250410:nNRAw0dhe4:0,NS:GLOROU,SABE.MC
2025-04-10 09:07:06.251,Can Banco de Sabadell continue its gains?,urn:newsml:newsroom:20250410:nNRAw0c1r3:0,NS:GLOROU,SABE.MC
2025-04-10 07:17:01.755,Banco de Sabadell's Earnings Growth Outperforms Bankinter,urn:newsml:newsroom:20250410:nNRAw0ap4n:0,NS:SPANEW,SABE.MC
2025-04-10 07:02:15.123,"Wednesday April 09, 2025 All You Need to Know About the Banco de Sabadell ADR Today",urn:newsml:newsroom:20250410:nNRAw0afj8:0,NS:GLOROU,SABE.MC
2025-04-10 06:17:53.615,Banco de Sabadell's Earnings Growth Outperforms Banco Santander,urn:newsml:newsroom:20250410:nNRAw09twt:0,NS:SPANEW,SABE.MC
2025-04-10 06:17:49.719,Banco Santander's Earnings Growth Lags Banco de Sabadell,urn:newsml:newsroom:20250410:nNRAw09v9i:0,NS:SPANEW,SABE.MC
2025-04-10 06:17:46.663,How Banco de Sabadell's Tax Rate compares to Its Peers,urn:newsml:newsroom:20250410:nNRAw09v39:0,NS:SPANEW,SABE.MC
2025-04-10 06:17:46.278,How Banco de Sabadell's dividend compares to Unicaja Banco,urn:newsml:newsroom:20250410:nNRAw09v9e:0,NS:SPANEW,SABE.MC
2025-04-10 05:13:17.196,BBVA's takeover bid for Sabadell becomes more complex to analyze and predict,urn:newsml:newsroom:20250410:nNRAw096ho:0,NS:NOTENG,SABE.MC
2025-04-10 02:58:09.004,"Wednesday April 09, 2025 All You Need to Know About the Banco de Sabadell ADR Today",urn:newsml:newsroom:20250410:nNRAw084rb:0,NS:GLOROU,SABE.MC
2025-04-10 02:57:57.557,"Wednesday April 09, 2025 Banco de Sabadell ADR: How it compares to other IDRs and ADRs",urn:newsml:newsroom:20250410:nNRAw083iv:0,NS:GLOROU,SABE.MC
2025-04-09 17:44:09.302,Sabadell's takeover bid puts Competition in the spotlight,urn:link:webnews:20250409:nNRAw033x2:0,NS:ARADOC,SABE.MC
2025-04-09 16:22:04.365,Past Week: Banco de Sabadell (SAB: EUR2.21) accelerates decline: down 17% in 2 weeks; -45c [-16.9%],urn:newsml:newsroom:20250409:nNRAw01t1v:0,NS:SPANEW,SABE.MC
2025-04-09 16:18:12.530,"Banco de Sabadell (SAB: EUR2.21) continues significant downtrend, falls 2.2%; -5c [-2.2%] Vol Index 1.5 [1 is avg]",urn:newsml:newsroom:20250409:nNRAw01re7:0,NS:SPANEW,SABE.MC
2025-04-09 12:47:12.894,Wednesday's Preview: Can Banco de Sabadell continue its recent gains?,urn:newsml:newsroom:20250409:nNRAvzxok6:0,NS:GLOROU,SABE.MC
2025-04-09 11:44:13.000,BUZZ-European banks fall further after China's additional tariffs of 84% on US goods,urn:newsml:reuters.com:20250409:nL5N3QN0ZN:1,NS:RTRS,SABE.MC
2025-04-09 11:02:36.497,"Tuesday April 08, 2025 What Happened Today to the Banco de Sabadell ADR",urn:newsml:newsroom:20250409:nNRAvzw91f:0,NS:GLOROU,SABE.MC
2025-04-09 10:17:14.934,Banco de Sabadell's Earnings Growth Lags Peers,urn:newsml:newsroom:20250409:nNRAvzvqsi:0,NS:SPANEW,SABE.MC
2025-04-09 09:31:44.483,TSB Bank: Fewer first-time buyers rely on bank of mum and dad to get on the property ladder,urn:newsml:newsroom:20250409:nNRAvzv939:0,NS:INDBAN,SABE.MC
2025-04-09 09:12:12.515,How Banco de Sabadell's dividend compares to CaixaBank,urn:newsml:newsroom:20250409:nNRAvzv02e:0,NS:SPANEW,SABE.MC
2025-04-09 08:17:32.459,How Banco de Sabadell's dividend compares to Bankinter,urn:newsml:newsroom:20250409:nNRAvzufw3:0,NS:SPANEW,SABE.MC
2025-04-09 08:17:32.246,How CaixaBank's dividend compares to Banco de Sabadell,urn:newsml:newsroom:20250409:nNRAvzufw4:0,NS:SPANEW,SABE.MC
2025-04-09 07:17:08.984,How Banco Bilbao Vizcaya Argentaria's dividend compares to Banco de Sabadell,urn:newsml:newsroom:20250409:nNRAvzto3t:0,NS:SPANEW,SABE.MC
2025-04-09 07:17:07.903,How Banco de Sabadell's dividend compares to Banco Bilbao Vizcaya Argentaria,urn:newsml:newsroom:20250409:nNRAvzto3s:0,NS:SPANEW,SABE.MC
2025-04-09 07:02:54.941,"Tuesday April 08, 2025 What Happened Today to the Banco de Sabadell ADR",urn:newsml:newsroom:20250409:nNRAvztfef:0,NS:GLOROU,SABE.MC
2025-04-09 06:18:25.516,How Banco de Sabadell's dividend compares to Banco Santander,urn:newsml:newsroom:20250409:nNRAvzsvpi:0,NS:SPANEW,SABE.MC
2025-04-09 06:18:22.358,How Banco Santander's dividend compares to Banco de Sabadell,urn:newsml:newsroom:20250409:nNRAvzsvph:0,NS:SPANEW,SABE.MC
2025-04-09 02:58:05.087,"Tuesday April 08, 2025 What Happened Today to the Banco de Sabadell ADR",urn:newsml:newsroom:20250409:nNRAvzr1xk:0,NS:GLOROU,SABE.MC
2025-04-08 16:23:00.463,Banco de Sabadell (SAB: EUR2.26) offers dividend yield of 10.4%; +8c [+3.7%] Vol Index 1.6 [1 is avg],urn:newsml:newsroom:20250408:nNRAvzksks:0,NS:SPANEW,SABE.MC
2025-04-08 16:22:55.130,Past Week: Banco de Sabadell (SAB: EUR2.26) plunges 14% on firm volume; -37c [-14.1%] Vol Index 1.3 [1 is avg],urn:newsml:newsroom:20250408:nNRAvzkrvi:0,NS:SPANEW,SABE.MC
2025-04-08 12:47:07.839,Banco de Sabadell down in recent days,urn:newsml:newsroom:20250408:nNRAvzhbe0:0,NS:GLOROU,SABE.MC
2025-04-08 11:03:23.458,"Monday April 07, 2025 Banco de Sabadell ADR Compendium - A Snapshot as of April 07",urn:newsml:newsroom:20250408:nNRAvzfovq:0,NS:GLOROU,SABE.MC
2025-04-08 09:07:01.409,Tuesday's Preview: Can Banco de Sabadell rebound after being down?,urn:newsml:newsroom:20250408:nNRAvze736:0,NS:GLOROU,SABE.MC
2025-04-08 07:02:24.269,"Monday April 07, 2025 Banco de Sabadell ADR Compendium - A Snapshot as of April 07",urn:newsml:newsroom:20250408:nNRAvzclti:0,NS:GLOROU,SABE.MC
2025-04-08 06:25:20.000,Spanish stocks - Factors to watch on April 8,urn:newsml:reuters.com:20250408:nL5N3QM077:1,NS:RTRS,SABE.MC
2025-04-08 06:17:36.560,Banco de Sabadell continues to underperform Unicaja Banco by 2.1% in the past month,urn:newsml:newsroom:20250408:nNRAvzc4lt:0,NS:SPANEW,SABE.MC
2025-04-08 02:57:34.668,"Monday April 07, 2025 Banco de Sabadell ADR Compendium - A Snapshot as of April 07",urn:newsml:newsroom:20250408:nNRAvzadk6:0,NS:GLOROU,SABE.MC
2025-04-08 02:57:19.624,"Monday April 07, 2025 Banco de Sabadell ADR: How it compares to other IDRs and ADRs",urn:newsml:newsroom:20250408:nNRAvzadwa:0,NS:GLOROU,SABE.MC
2025-04-07 16:22:11.141,Past Week: Banco de Sabadell (SAB: EUR2.18) in bottom 6% performers of Spanish market in past week; -40c [-15.5%],urn:newsml:newsroom:20250407:nNRAvz47gl:0,NS:SPANEW,SABE.MC
2025-04-07 16:17:34.183,"Banco de Sabadell (SAB: EUR2.18) tumbles 5.6% on miniscule volume, hits 88-day low; -13c [-5.6%]",urn:newsml:newsroom:20250407:nNRAvz45k2:0,NS:SPANEW,SABE.MC
2025-04-07 09:12:08.952,Banco de Sabadell continues to underperform CaixaBank by 2.6% in the past month,urn:newsml:newsroom:20250407:nNRAvyxxhw:0,NS:SPANEW,SABE.MC
2025-04-07 09:06:59.055,Monday's Preview: Can Banco de Sabadell rebound after being down?,urn:newsml:newsroom:20250407:nNRAvyxvd4:0,NS:GLOROU,SABE.MC
2025-04-07 08:12:09.138,Banco de Sabadell continues to underperform Bankinter by 5.3% in the past month,urn:newsml:newsroom:20250407:nNRAvywvg9:0,NS:SPANEW,SABE.MC
2025-04-07 07:12:13.213,Banco Santander continues to underperform Banco de Sabadell by 2.6% in the past month,urn:newsml:newsroom:20250407:nNRAvyw4ks:0,NS:SPANEW,SABE.MC
2025-04-07 07:12:12.145,Banco de Sabadell continues to outperform Banco Santander by 2.6% in the past month,urn:newsml:newsroom:20250407:nNRAvyw5cd:0,NS:SPANEW,SABE.MC
2025-04-07 07:12:11.867,CaixaBank continues to outperform Banco de Sabadell by 2.6% in the past month,urn:newsml:newsroom:20250407:nNRAvyw5w4:0,NS:SPANEW,SABE.MC
2025-04-07 06:12:24.044,Banco Bilbao Vizcaya Argentaria continues to underperform Banco de Sabadell by 2.3% in the past month,urn:newsml:newsroom:20250407:nNRAvyvixx:0,NS:SPANEW,SABE.MC
2025-04-07 06:12:21.337,Banco de Sabadell continues to outperform Banco Bilbao Vizcaya Argentaria by 2.3% in the past month,urn:newsml:newsroom:20250407:nNRAvyvj9p:0,NS:SPANEW,SABE.MC
2025-04-07 06:09:30.595,"Weekly: Frontier Real Estate Investment (8964: JPY78,600.0) drops 2.7% on below average volume; -JPY2,200 [-2.7%]",urn:newsml:newsroom:20250407:nNRAvyvdpa:0,NS:NEWJAP,SABE.MC
2025-04-07 06:08:39.492,Weekly: Banco de Sabadell (SAB: EUR2.31) tumbles 11% on robust volume; -28c [-10.8%] Vol Index 1.4 [1 is avg],urn:newsml:newsroom:20250407:nNRAvyvddv:0,NS:SPANEW,SABE.MC
2025-04-07 00:16:47.878,Can Banco de Sabadell rebound after recent dip?,urn:newsml:newsroom:20250407:nNRAvyt771:0,NS:GLOSTO,SABE.MC
2025-04-06 07:23:45.791,"Onur Genç: ""The integration of BBVA and Sabadell is a transaction for growth""",urn:newsml:newsroom:20250406:nNRAvynxvn:0,NS:EURUNI,SABE.MC
2025-04-05 14:24:12.832,"Friday April 04, 2025 What Happened Today to the Banco de Sabadell ADR",urn:newsml:newsroom:20250405:nNRAvyjbha:0,NS:GLOROU,SABE.MC
2025-04-05 07:17:19.091,"Friday April 04, 2025 What Happened Today to the Banco de Sabadell ADR",urn:newsml:newsroom:20250405:nNRAvyfui4:0,NS:GLOROU,SABE.MC
2025-04-05 04:27:31.449,Weekly: Banco de Sabadell (SAB: EUR2.31) tumbles 11% on robust volume; -28c [10.8%] Vol Index 1.4 [1 is avg],urn:newsml:newsroom:20250405:nNRAvyejl9:0,NS:GLOWEE,SABE.MC
2025-04-05 03:22:50.237,Weekly: Banco de Sabadell ADR (BNDSY: OTC: $5.0) falls 4.8% on weak volume; -25c [4.8%],urn:newsml:newsroom:20250405:nNRAvye2nf:0,NS:GLOROU,SABE.MC
2025-04-05 03:18:14.881,"Friday April 04, 2025 What Happened Today to the Banco de Sabadell ADR",urn:newsml:newsroom:20250405:nNRAvye04h:0,NS:GLOROU,SABE.MC
2025-04-04 16:23:02.963,Weekly: Banco de Sabadell (SAB: EUR2.31) tumbles 11% on robust volume; -28c [10.8%] Vol Index 1.4 [1 is avg],urn:newsml:newsroom:20250404:nNRAvy7sc2:0,NS:GLOWEE,SABE.MC
2025-04-04 16:22:24.777,"Banco de Sabadell (SAB: EUR2.31) in bottom 1% performers of IBEX 35 Index, hits 57-day low; -28c [-10.8%] Vol Index 3.0 [1 is avg]",urn:newsml:newsroom:20250404:nNRAvy7rtu:0,NS:SPANEW,SABE.MC
2025-04-04 16:22:22.789,Weekly: Banco de Sabadell (SAB: EUR2.31) tumbles 11% on robust volume; -28c [-10.8%] Vol Index 1.4 [1 is avg],urn:newsml:newsroom:20250404:nNRAvy7qj5:0,NS:SPANEW,SABE.MC
2025-04-04 12:47:06.132,Banco de Sabadell down in recent days,urn:newsml:newsroom:20250404:nNRAvy43lr:0,NS:GLOROU,SABE.MC
2025-04-04 11:37:50.228,"Thursday April 03, 2025 Banco de Sabadell ADR Compendium - A Snapshot as of April 03",urn:newsml:newsroom:20250404:nNRAvy3412:0,NS:GLOROU,SABE.MC
2025-04-04 10:39:39.000,BUZZ-European banks drop further after China's retaliation against US tariffs,urn:newsml:reuters.com:20250404:nL5N3QI0NL:1,NS:RTRS,SABE.MC
2025-04-04 10:02:32.438,"Weekly: Frontier Real Estate Investment (8964: JPY78,600.0) drops 2.7% on below average volume; -JPY2,200 [-2.7%]",urn:newsml:newsroom:20250404:nNRAvy1vtd:0,NS:NEWJAP,SABE.MC
2025-04-04 09:06:59.972,Friday's Preview: Can Banco de Sabadell rebound after being down?,urn:newsml:newsroom:20250404:nNRAvy15bu:0,NS:GLOROU,SABE.MC
2025-04-04 07:32:08.000,"BUZZ-European banks extend losses on US tariffs, recession fears",urn:newsml:reuters.com:20250404:nL5N3QI0CO:1,NS:RTRS,SABE.MC
2025-04-04 07:22:15.496,"Thursday April 03, 2025 Banco de Sabadell ADR Compendium - A Snapshot as of April 03",urn:newsml:newsroom:20250404:nNRAvy02ig:0,NS:GLOROU,SABE.MC
2025-04-04 07:17:44.000,European banks extend losses amid tariff selloff,urn:newsml:reuters.com:20250404:nL5N3QI0BG:6,NS:RTRS,SABE.MC
2025-04-04 06:12:40.989,How Banco de Sabadell's dividend compares to Its Peers,urn:newsml:newsroom:20250404:nNRAvxz6aj:0,NS:SPANEW,SABE.MC
2025-04-04 03:17:18.380,"Thursday April 03, 2025 Banco de Sabadell ADR Compendium - A Snapshot as of April 03",urn:newsml:newsroom:20250404:nNRAvxxmnc:0,NS:GLOROU,SABE.MC
2025-04-03 16:22:17.049,Past Week: Banco de Sabadell (SAB: EUR2.59) shares post worst week in three weeks; -6c [-2.3%],urn:newsml:newsroom:20250403:nNRAvxq9vy:0,NS:SPANEW,SABE.MC
2025-04-03 16:17:22.623,Banco de Sabadell (SAB: EUR2.59) offers earnings yield of 8.9%; -4c [-1.5%] Vol Index 1.2 [1 is avg],urn:newsml:newsroom:20250403:nNRAvxq81q:0,NS:SPANEW,SABE.MC
2025-04-03 15:42:46.983,Permanent TSB Group ADR (ILPMY: $1.70) plummets 13% on average volume; -25c [-12.8%],urn:newsml:newsroom:20250403:nNRAvxpk8g:0,NS:GLOROU,SABE.MC
2025-04-03 10:47:59.000,BUZZ-European banks slide on recession worries after sweeping US tariffs,urn:newsml:reuters.com:20250403:nL5N3QH0WC:1,NS:RTRS,SABE.MC
2025-04-03 06:13:02.892,How Banco de Sabadell's Tax Rate compares to Its Peers,urn:newsml:newsroom:20250403:nNRAvxh9d0:0,NS:SPANEW,SABE.MC
2025-04-03 06:13:02.081,Banco de Sabadell continues to outperform Unicaja Banco by 1.3% year to date,urn:newsml:newsroom:20250403:nNRAvxh7q2:0,NS:SPANEW,SABE.MC
2025-04-03 06:13:01.124,How Banco de Sabadell's dividend compares to Unicaja Banco,urn:newsml:newsroom:20250403:nNRAvxh8lo:0,NS:SPANEW,SABE.MC
2025-04-03 00:36:09.222,BBVA's Bank Takeover Advances,urn:link:webnews:20250403:nNRAvxea77:0,NS:GFMCOM,SABE.MC
2025-04-02 17:22:32.232,"Past Week: Banco de Sabadell (SAB: EUR2.63) falls for a second consecutive week, a two-week fall of 1.4%; -3.649c [-1.4%]",urn:newsml:newsroom:20250402:nNRAvx9tyk:0,NS:SPANEW,SABE.MC
2025-04-02 17:17:22.715,Banco de Sabadell (SAB: EUR2.63) offers dividend yield of 8.9%; +5c [+1.9%],urn:newsml:newsroom:20250402:nNRAvx9pmb:0,NS:SPANEW,SABE.MC
2025-04-02 16:12:38.466,Banco de Sabadell continues to outperform CaixaBank by 0.4% year to date,urn:newsml:newsroom:20250402:nNRAvx8q5f:0,NS:SPANEW,SABE.MC
2025-04-02 15:13:25.487,Banco Santander continues to outperform Banco de Sabadell by 1.8% year to date,urn:newsml:newsroom:20250402:nNRAvx7trf:0,NS:SPANEW,SABE.MC
2025-04-02 15:13:24.306,Banco de Sabadell continues to outperform Bankinter by 3.1% year to date,urn:newsml:newsroom:20250402:nNRAvx7tre:0,NS:SPANEW,SABE.MC
2025-04-02 14:12:59.552,Banco Bilbao Vizcaya Argentaria continues to underperform Banco de Sabadell by 4.4% year to date,urn:newsml:newsroom:20250402:nNRAvx70z1:0,NS:SPANEW,SABE.MC
2025-04-02 14:12:58.760,Banco de Sabadell continues to underperform Banco Santander by 1.8% year to date,urn:newsml:newsroom:20250402:nNRAvx7196:0,NS:SPANEW,SABE.MC
2025-04-02 14:12:57.523,CaixaBank continues to underperform Banco de Sabadell by 0.4% year to date,urn:newsml:newsroom:20250402:nNRAvx6zbo:0,NS:SPANEW,SABE.MC
2025-04-02 12:47:04.736,Wednesday's Preview: Can Banco de Sabadell continue its recent gains?,urn:newsml:newsroom:20250402:nNRAvx5j6j:0,NS:GLOROU,SABE.MC
2025-04-02 11:32:54.362,"Tuesday April 01, 2025 What Happened Today to the Banco de Sabadell ADR",urn:newsml:newsroom:20250402:nNRAvx4doz:0,NS:GLOROU,SABE.MC
2025-04-02 10:13:02.314,Banco de Sabadell continues to outperform Banco Bilbao Vizcaya Argentaria by 4.4% year to date,urn:newsml:newsroom:20250402:nNRAvx39px:0,NS:SPANEW,SABE.MC
2025-04-02 09:12:13.527,How Banco de Sabadell's dividend compares to CaixaBank,urn:newsml:newsroom:20250402:nNRAvx2ngt:0,NS:SPANEW,SABE.MC
2025-04-02 09:07:02.587,Can Banco de Sabadell continue its gains?,urn:newsml:newsroom:20250402:nNRAvx2iz8:0,NS:GLOROU,SABE.MC
2025-04-02 08:12:40.158,How Banco de Sabadell's dividend compares to Bankinter,urn:newsml:newsroom:20250402:nNRAvx1yju:0,NS:SPANEW,SABE.MC
2025-04-02 08:12:39.816,How CaixaBank's dividend compares to Banco de Sabadell,urn:newsml:newsroom:20250402:nNRAvx1y8i:0,NS:SPANEW,SABE.MC
2025-04-02 07:22:00.842,"Tuesday April 01, 2025 What Happened Today to the Banco de Sabadell ADR",urn:newsml:newsroom:20250402:nNRAvx1ds8:0,NS:GLOROU,SABE.MC
2025-04-02 07:13:26.581,How Banco Bilbao Vizcaya Argentaria's dividend compares to Banco de Sabadell,urn:newsml:newsroom:20250402:nNRAvx1925:0,NS:SPANEW,SABE.MC
2025-04-02 07:13:22.246,How Banco de Sabadell's dividend compares to Banco Bilbao Vizcaya Argentaria,urn:newsml:newsroom:20250402:nNRAvx17y3:0,NS:SPANEW,SABE.MC
2025-04-02 06:12:03.985,How Banco Santander's dividend compares to Banco de Sabadell,urn:newsml:newsroom:20250402:nNRAvx0frm:0,NS:SPANEW,SABE.MC
2025-04-02 06:12:01.490,How Banco de Sabadell's dividend compares to Banco Santander,urn:newsml:newsroom:20250402:nNRAvx0f6e:0,NS:SPANEW,SABE.MC
2025-04-02 06:07:14.670,"Banco de Sabadell Compendium - A Snapshot as of March 31, 2025 Monday March 31, 2025",urn:newsml:newsroom:20250402:nNRAvx0bos:0,NS:SPANEW,SABE.MC
2025-04-02 03:17:48.897,"Tuesday April 01, 2025 What Happened Today to the Banco de Sabadell ADR",urn:newsml:newsroom:20250402:nNRAvwytyu:0,NS:GLOROU,SABE.MC
2025-04-01 13:05:15.000,Banco de Sabadell SA - Workplace Health and Safety Report 2024,urn:newsml:reuters.com:20250401:nNDL3jqbV0:1,NS:PUBT,SABE.MC
2025-04-01 11:14:13.892,"The number two of the Bank of Spain on BBVA's takeover bid for Sabadell: ""Large banks have risks, we remember the 'Too big to fail"".",urn:newsml:newsroom:20250401:nNRAvwnfd5:0,NS:NOTENG,SABE.MC
2025-04-01 06:53:38.400,"Monthly: Frontier Real Estate Investment (8964: JPY79,100.0) decreases, trailing 72% of stocks",urn:newsml:newsroom:20250401:nNRAvwk434:0,NS:NEWJAP,SABE.MC
2025-04-01 06:42:45.634,"Frontier Real Estate Investment Compendium - A Snapshot as of March 31, 2025 Monday March 31, 2025",urn:newsml:newsroom:20250401:nNRAvwjv7c:0,NS:NEWJAP,SABE.MC
2025-03-31 19:12:16.393,"End-of-Quarter Synopsis Monthly : Frontier Real Estate Investment (8964: JPY79,100.0) decreases, trailing 72% of stocks",urn:newsml:newsroom:20250331:nNRAvwcm96:0,NS:NEWJAP,SABE.MC
2025-03-31 17:22:18.914,Past Week: Banco de Sabadell (SAB: EUR2.58) shares post worst week in fourteen weeks; -5.781c [-2.2%],urn:newsml:newsroom:20250331:nNRAvwbc8j:0,NS:SPANEW,SABE.MC
2025-03-31 17:17:30.513,Banco de Sabadell (SAB: EUR2.58) in 4th consecutive fall; -10.56c [-3.9%],urn:newsml:newsroom:20250331:nNRAvwb9hk:0,NS:SPANEW,SABE.MC
2025-03-31 16:11:49.900,Aigües de Barcelona and the Barcelona Open Banc Sabadell reaffirm their commitment to sustainability at the 72nd edition of the Conde de Godó Trophy,urn:newsml:newsroom:20250331:nNRAvwa8nj:0,NS:NOTENG,SABE.MC
2025-03-31 12:52:02.309,Can Banco de Sabadell rebound after recent dip?,urn:newsml:newsroom:20250331:nNRAvw7agi:0,NS:GLOROU,SABE.MC
2025-03-31 09:12:01.287,Banco de Sabadell continues to outperform CaixaBank by 5.3% in the past three months,urn:newsml:newsroom:20250331:nNRAvw50jy:0,NS:SPANEW,SABE.MC
2025-03-31 09:07:03.877,Banco de Sabadell down in recent days,urn:newsml:newsroom:20250331:nNRAvw4xms:0,NS:GLOROU,SABE.MC
2025-03-31 08:12:26.327,Banco de Sabadell continues to outperform Bankinter by 8.3% in the past three months,urn:newsml:newsroom:20250331:nNRAvw4h9v:0,NS:SPANEW,SABE.MC
2025-03-31 07:12:34.363,Banco Santander continues to underperform Banco de Sabadell by 1.0% in the past three months,urn:newsml:newsroom:20250331:nNRAvw3opt:0,NS:SPANEW,SABE.MC
2025-03-31 07:12:31.101,CaixaBank continues to underperform Banco de Sabadell by 5.3% in the past three months,urn:newsml:newsroom:20250331:nNRAvw3prm:0,NS:SPANEW,SABE.MC
2025-03-31 07:12:30.510,Banco de Sabadell continues to outperform Banco Santander by 1.0% in the past three months,urn:newsml:newsroom:20250331:nNRAvw3p2q:0,NS:SPANEW,SABE.MC
2025-03-31 06:28:23.418,Weekly: Banco de Sabadell (SAB: EUR2.59) shares post worst week in fourteen weeks; -6.693c [-2.5%],urn:newsml:newsroom:20250331:nNRAvw35mp:0,NS:SPANEW,SABE.MC
2025-03-31 06:12:26.285,Banco Bilbao Vizcaya Argentaria continues to underperform Banco de Sabadell by 8.9% in the past three months,urn:newsml:newsroom:20250331:nNRAvw2x0l:0,NS:SPANEW,SABE.MC
2025-03-31 06:12:24.716,Banco de Sabadell continues to outperform Banco Bilbao Vizcaya Argentaria by 8.9% in the past three months,urn:newsml:newsroom:20250331:nNRAvw2x0m:0,NS:SPANEW,SABE.MC
2025-03-30 04:26:50.032,Weekly: Banco de Sabadell (SAB: EUR2.59) shares post worst week in fourteen weeks; -6.693c [2.5%],urn:newsml:newsroom:20250330:nNRAvvtmkq:0,NS:GLOWEE,SABE.MC
2025-03-29 15:55:11.607,Banco de Sabadell (OTCMKTS:BNDSY) Stock Price Up 2.6% – Here's What Happened,urn:link:webnews:20250329:nNRAvvou33:0,NS:WKRNEW,SABE.MC
2025-03-29 14:31:27.754,Banco de Sabadell surges 36% in past 3 months,urn:newsml:newsroom:20250329:nNRAvvo8c1:0,NS:GLOROU,SABE.MC
2025-03-29 14:23:34.396,Banco de Sabadell surges 36% in past 3 months,urn:newsml:newsroom:20250329:nNRAvvo2bp:0,NS:GLOROU,SABE.MC
2025-03-29 07:17:01.139,Banco de Sabadell surges 36% in past 3 months,urn:newsml:newsroom:20250329:nNRAvvl3dd:0,NS:GLOROU,SABE.MC
2025-03-29 03:28:06.502,Weekly: Banco de Sabadell ADR (BNDSY: OTC: $5.25) posts worst week in forty-one weeks; -62c [10.6%],urn:newsml:newsroom:20250329:nNRAvvjdat:0,NS:GLOROU,SABE.MC
2025-03-29 03:27:48.615,Weekly: Banco de Sabadell ADR (BNDSY: OTC: $5.25) tumbles 11% on weak volume; -62c [10.6%],urn:newsml:newsroom:20250329:nNRAvvjcgt:0,NS:GLOROU,SABE.MC
2025-03-29 03:17:26.000,Banco de Sabadell surges 36% in past 3 months,urn:newsml:newsroom:20250329:nNRAvvj9pt:0,NS:GLOROU,SABE.MC
2025-03-29 03:17:01.738,Banco de Sabadell surges 36% in past 3 months,urn:newsml:newsroom:20250329:nNRAvvj82g:0,NS:GLOROU,SABE.MC
2025-03-28 19:36:55.645,Banco de Sabadell's Earnings Growth Outperforms Sumitomo Mitsui Financial,urn:newsml:newsroom:20250328:nNRAvvep5x:0,NS:GLOROU,SABE.MC
2025-03-28 18:37:01.329,Banco de Sabadell's Earnings Growth Lags ICICI Bank,urn:newsml:newsroom:20250328:nNRAvvdztz:0,NS:GLOROU,SABE.MC
2025-03-28 17:52:17.050,Banco de Sabadell's Earnings Growth Outperforms Sumitomo Mitsui Financial,urn:newsml:newsroom:20250328:nNRAvvd9mq:0,NS:GLOROU,SABE.MC
2025-03-28 17:37:10.473,Banco de Sabadell's Earnings Growth Outperforms HDFC Bank,urn:newsml:newsroom:20250328:nNRAvvd3yi:0,NS:GLOROU,SABE.MC
2025-03-28 17:23:04.841,Weekly: Banco de Sabadell (SAB: EUR2.59) shares post worst week in fourteen weeks; -6.693c [2.5%],urn:newsml:newsroom:20250328:nNRAvvcwlw:0,NS:GLOWEE,SABE.MC
2025-03-28 17:22:48.033,Weekly: Banco de Sabadell (SAB: EUR2.59) shares post worst week in fourteen weeks; -6.693c [-2.5%],urn:newsml:newsroom:20250328:nNRAvvcvq1:0,NS:SPANEW,SABE.MC
2025-03-28 17:17:35.319,"Banco de Sabadell (SAB: EUR2.59) keeps sliding, down 3.6% in 3 days; -9.56c [-3.6%]",urn:newsml:newsroom:20250328:nNRAvvcrkt:0,NS:SPANEW,SABE.MC
2025-03-28 16:52:18.265,Banco de Sabadell's Earnings Growth Lags ICICI Bank,urn:newsml:newsroom:20250328:nNRAvvcapz:0,NS:GLOROU,SABE.MC
2025-03-28 15:52:20.233,Banco de Sabadell's Earnings Growth Outperforms HDFC Bank,urn:newsml:newsroom:20250328:nNRAvvbee9:0,NS:GLOROU,SABE.MC
2025-03-28 10:13:38.359,BBVA adjusts again the exchange ratio of the takeover bid for Sabadell to include dividends,urn:newsml:newsroom:20250328:nNRAvv7nxt:0,NS:NOTENG,SABE.MC
2025-03-28 09:33:12.770,"Frontier Real Estate Investment (8964: JPY80,800.0) in 4th consecutive rise; +JPY1,400 [+1.8%]",urn:newsml:newsroom:20250328:nNRAvv77xg:0,NS:NEWJAP,SABE.MC
2025-03-28 09:13:34.558,Banco Sabadell to resume a 247 million share repurchase program on Monday,urn:newsml:newsroom:20250328:nNRAvv735x:0,NS:NOTENG,SABE.MC
2025-03-28 07:29:11.897,BBVA Adjusts Consideration Of Tender Offer For Sabadell Following Dividend Payments,urn:newsml:reuters.com:20250328:nRSD4PcxTq:1,NS:SIGDEV,SABE.MC
2025-03-28 07:25:33.499,REG - Banco Bil.Viz.Argent - Adjunstments on the tender offer to Banco Sabadell,urn:newsml:newsroom:20250328:nRSb6649Ca:0,NS:LSE,SABE.MC
2025-03-28 07:25:32.000,REG - Banco Bil.Viz.Argent  - Adjunstments on the tender offer to Banco Sabadell,urn:newsml:reuters.com:20250328:nRSb6649Ca:1,NS:LSE,SABE.MC
2025-03-28 07:20:31.000,BBVA - Information regarding the voluntary tender offer for the entire share capital of Banco de Sabadell,urn:newsml:reuters.com:20250328:nNDL91H5QX:1,NS:PUBT,SABE.MC
2025-03-28 07:15:11.000,BRIEF-BBVA Adjusts Consideration Of Tender Offer For Sabadell Following Dividend Payments,urn:newsml:reuters.com:20250328:nFWN3QB0E5:1,NS:RTRS,SABE.MC
2025-03-28 07:12:35.180,How Banco de Sabadell's dividend compares to Its Peers,urn:newsml:newsroom:20250328:nNRAvv63rn:0,NS:SPANEW,SABE.MC
2025-03-27 17:27:04.441,"IBEX 35 SPANISH TOP 7 DAILY: CONSECUTIVE PRICE RISES IN THE PAST MONTH End-of-day: Thursday March 27, 2025 16:00 (EST: 11:00, GMT: 15:00)",urn:newsml:newsroom:20250327:nNRAvuypns:0,NS:GLOUPM,SABE.MC
2025-03-27 17:22:36.779,Banco de Sabadell (SAB: EUR2.65) offers earnings yield of 8.7%; -1c [-0.4%],urn:newsml:newsroom:20250327:nNRAvuypq0:0,NS:SPANEW,SABE.MC
2025-03-27 15:59:09.846,Dividendenbekanntmachungen (27.03.2025),urn:link:webnews:20250327:nNRAvux5m2:0,NS:FINDEH,SABE.MC
2025-03-27 11:47:22.424,Banco de Sabadell soars 57% in past 3 months,urn:newsml:newsroom:20250327:nNRAvuthqg:0,NS:GLOROU,SABE.MC
2025-03-27 09:07:01.701,Can Banco de Sabadell continue its gains?,urn:newsml:newsroom:20250327:nNRAvurwqu:0,NS:GLOROU,SABE.MC
2025-03-27 08:12:14.509,Banco de Sabadell's Earnings Growth Outperforms Bankinter,urn:newsml:newsroom:20250327:nNRAvurc56:0,NS:SPANEW,SABE.MC
2025-03-27 07:22:01.311,Banco de Sabadell soars 57% in past 3 months,urn:newsml:newsroom:20250327:nNRAvuqtbx:0,NS:GLOROU,SABE.MC
2025-03-27 07:12:31.228,Banco Santander's Earnings Growth Lags Banco de Sabadell,urn:newsml:newsroom:20250327:nNRAvuqp3u:0,NS:SPANEW,SABE.MC
2025-03-27 07:12:30.610,Banco de Sabadell's Earnings Growth Outperforms Banco Santander,urn:newsml:newsroom:20250327:nNRAvuqp3v:0,NS:SPANEW,SABE.MC
2025-03-27 07:12:29.643,How Banco de Sabadell's dividend compares to Unicaja Banco,urn:newsml:newsroom:20250327:nNRAvuqoi9:0,NS:SPANEW,SABE.MC
2025-03-27 07:12:28.719,How Banco de Sabadell's Tax Rate compares to Its Peers,urn:newsml:newsroom:20250327:nNRAvuqnho:0,NS:SPANEW,SABE.MC
2025-03-27 03:22:05.417,Banco de Sabadell soars 57% in past 3 months,urn:newsml:newsroom:20250327:nNRAvuopix:0,NS:GLOROU,SABE.MC
2025-03-27 03:17:09.356,Banco de Sabadell soars 57% in past 3 months,urn:newsml:newsroom:20250327:nNRAvuop3u:0,NS:GLOROU,SABE.MC
2025-03-26 17:22:38.427,Banco de Sabadell (SAB: EUR2.66) offers dividend yield of 8.8%; ex-Dividend; -2.56c [-1.0%],urn:newsml:newsroom:20250326:nNRAvuj77u:0,NS:SPANEW,SABE.MC
2025-03-26 15:13:04.318,Banco de Sabadell's Earnings Growth Lags Peers,urn:newsml:newsroom:20250326:nNRAvuh85q:0,NS:SPANEW,SABE.MC
2025-03-26 14:13:17.811,Banco de Sabadell continues to underperform Unicaja Banco by 2.0% in the past month,urn:newsml:newsroom:20250326:nNRAvughua:0,NS:SPANEW,SABE.MC
2025-03-26 10:12:19.431,How Banco de Sabadell's dividend compares to CaixaBank,urn:newsml:newsroom:20250326:nNRAvucope:0,NS:SPANEW,SABE.MC
2025-03-26 09:12:50.227,How Banco de Sabadell's dividend compares to Bankinter,urn:newsml:newsroom:20250326:nNRAvubyei:0,NS:SPANEW,SABE.MC
2025-03-26 09:12:49.761,How CaixaBank's dividend compares to Banco de Sabadell,urn:newsml:newsroom:20250326:nNRAvuby3n:0,NS:SPANEW,SABE.MC
2025-03-26 08:12:29.457,How Banco Bilbao Vizcaya Argentaria's dividend compares to Banco de Sabadell,urn:newsml:newsroom:20250326:nNRAvub6pk:0,NS:SPANEW,SABE.MC
2025-03-26 08:12:27.818,How Banco de Sabadell's dividend compares to Banco Bilbao Vizcaya Argentaria,urn:newsml:newsroom:20250326:nNRAvub6pl:0,NS:SPANEW,SABE.MC
2025-03-26 07:13:50.409,How Banco de Sabadell's dividend compares to Banco Santander,urn:newsml:newsroom:20250326:nNRAvuadtd:0,NS:SPANEW,SABE.MC
2025-03-26 07:13:46.672,How Banco Santander's dividend compares to Banco de Sabadell,urn:newsml:newsroom:20250326:nNRAvuae6w:0,NS:SPANEW,SABE.MC
2025-03-26 01:17:33.605,Traders look to see if Banco de Sabadell's recent rally will continue,urn:newsml:newsroom:20250326:nNRAvu775v:0,NS:GLOSTO,SABE.MC
2025-03-25 17:17:23.179,Two-bagger Banco de Sabadell (SAB: EUR2.81) lifts 1.8% on strong volume; +5c [+1.8%] Vol Index 3.1 [1 is avg],urn:newsml:newsroom:20250325:nNRAvu2kud:0,NS:SPANEW,SABE.MC
2025-03-25 16:13:36.519,Banco Mediolanum sees potential branch closures due to Sabadell takeover bid as an opportunity to attract customers,urn:newsml:newsroom:20250325:nNRAvu1l0q:0,NS:NOTENG,SABE.MC
2025-03-25 07:12:38.795,How Banco de Sabadell's dividend compares to Unicaja Banco,urn:newsml:newsroom:20250325:nNRAvttgmh:0,NS:SPANEW,SABE.MC
2025-03-25 01:17:34.989,Can Banco de Sabadell rebound after recent dip?,urn:newsml:newsroom:20250325:nNRAvtqc8d:0,NS:GLOSTO,SABE.MC
2025-03-24 18:07:02.806,Banco de Sabadell continues to underperform CaixaBank by 1.7% in the past month,urn:newsml:newsroom:20250324:nNRAvtme02:0,NS:SPANEW,SABE.MC
2025-03-24 17:22:31.780,Banco de Sabadell (SAB: EUR2.76) offers dividend yield of 4%; -2c [-0.7%],urn:newsml:newsroom:20250324:nNRAvtlvp1:0,NS:SPANEW,SABE.MC
2025-03-24 17:07:10.392,Banco de Sabadell continues to underperform Bankinter by 3.9% in the past month,urn:newsml:newsroom:20250324:nNRAvtlklj:0,NS:SPANEW,SABE.MC
2025-03-24 16:12:31.804,Banco Santander continues to underperform Banco de Sabadell by 1.1% in the past month,urn:newsml:newsroom:20250324:nNRAvtkodg:0,NS:SPANEW,SABE.MC
2025-03-24 16:12:30.496,Banco de Sabadell continues to outperform Banco Santander by 1.1% in the past month,urn:newsml:newsroom:20250324:nNRAvtknzy:0,NS:SPANEW,SABE.MC
2025-03-24 16:12:29.864,CaixaBank continues to outperform Banco de Sabadell by 1.7% in the past month,urn:newsml:newsroom:20250324:nNRAvtkodf:0,NS:SPANEW,SABE.MC
2025-03-24 15:26:04.000,"Wiener Börse AG - Banco Sabadell, Total Energies: dividends on the global market - ex date 03/26/2025",urn:newsml:reuters.com:20250324:nNDL605gRm:1,NS:PUBT,SABE.MC
2025-03-24 15:13:02.137,Banco Bilbao Vizcaya Argentaria continues to underperform Banco de Sabadell by 4.1% in the past month,urn:newsml:newsroom:20250324:nNRAvtjnrf:0,NS:SPANEW,SABE.MC
2025-03-24 15:13:00.122,Banco de Sabadell continues to outperform Banco Bilbao Vizcaya Argentaria by 4.1% in the past month,urn:newsml:newsroom:20250324:nNRAvtjnnu:0,NS:SPANEW,SABE.MC
2025-03-24 14:13:10.547,How Banco de Sabadell's dividend compares to CaixaBank,urn:newsml:newsroom:20250324:nNRAvtiw5z:0,NS:SPANEW,SABE.MC
2025-03-24 11:13:15.443,Last call to collect the Sabadell dividend,urn:newsml:newsroom:20250324:nNRAvtg9v3:0,NS:NOTENG,SABE.MC
2025-03-24 10:28:15.346,Banco de Sabadell S.A Lowers Holdings in CSX Co. (NASDAQ:CSX),urn:link:webnews:20250324:nNRAvtfnmb:0,NS:MARBEA,SABE.MC
2025-03-24 10:25:16.761,Banco de Sabadell S.A Has $2.37 Million Stock Holdings in McDonald's Co. (NYSE:MCD),urn:link:webnews:20250324:nNRAvtfng2:0,NS:MARBEA,SABE.MC
2025-03-24 10:12:53.241,How Banco de Sabadell's dividend compares to Bankinter,urn:newsml:newsroom:20250324:nNRAvtfewn:0,NS:SPANEW,SABE.MC
2025-03-24 10:12:52.619,How CaixaBank's dividend compares to Banco de Sabadell,urn:newsml:newsroom:20250324:nNRAvtfg8k:0,NS:SPANEW,SABE.MC
2025-03-24 09:11:59.876,How Banco Bilbao Vizcaya Argentaria's dividend compares to Banco de Sabadell,urn:newsml:newsroom:20250324:nNRAvtekr9:0,NS:SPANEW,SABE.MC
2025-03-24 09:11:58.299,How Banco de Sabadell's dividend compares to Banco Bilbao Vizcaya Argentaria,urn:newsml:newsroom:20250324:nNRAvtekzc:0,NS:SPANEW,SABE.MC
2025-03-24 08:12:36.489,How Banco Santander's dividend compares to Banco de Sabadell,urn:newsml:newsroom:20250324:nNRAvtdyqc:0,NS:SPANEW,SABE.MC
2025-03-24 08:12:36.160,How Banco de Sabadell's dividend compares to Banco Santander,urn:newsml:newsroom:20250324:nNRAvtdy9a:0,NS:SPANEW,SABE.MC
2025-03-24 07:12:44.423,How Banco de Sabadell's dividend compares to Its Peers,urn:newsml:newsroom:20250324:nNRAvtdbx2:0,NS:SPANEW,SABE.MC
2025-03-24 06:13:34.529,"Sabadell to pledge more than 4,000M in dividends and buybacks through 2027",urn:newsml:newsroom:20250324:nNRAvtcjjp:0,NS:NOTENG,SABE.MC
2025-03-24 04:42:22.892,"Banco de Sabadell ADR continues uptrend, soars 52% and in top 5% of the market",urn:newsml:newsroom:20250324:nNRAvtbpio:0,NS:GLOROU,SABE.MC
2025-03-24 04:42:15.768,"Banco de Sabadell ADR continues uptrend, soars 52% and in top 5% of the market",urn:newsml:newsroom:20250324:nNRAvtbphi:0,NS:GLOROU,SABE.MC
2025-03-24 04:18:03.670,"Banco de Sabadell S.A Buys 1,322 Shares of McDonald's Co. (NYSE:MCD)",urn:newsml:newsroom:20250324:nNRAvtbf8f:0,NS:COMFIN,SABE.MC
2025-03-24 01:16:47.534,Monday's Preview: Can Banco de Sabadell continue its recent gains?,urn:newsml:newsroom:20250324:nNRAvtabw6:0,NS:GLOSTO,SABE.MC
2025-03-23 19:47:17.012,Johnson & Johnson (NYSE:JNJ) Shares Bought by Banco de Sabadell S.A,urn:newsml:newsroom:20250323:nNRAvt91wf:0,NS:DAILYQ,SABE.MC
2025-03-23 17:49:47.448,Banco de Sabadell S.A Has $2.17 Million Stake in Texas Instruments Incorporated (NASDAQ:TXN),urn:newsml:newsroom:20250323:nNRAvt8md9:0,NS:MARDAJ,SABE.MC
2025-03-23 17:49:27.525,Target Co. (NYSE:TGT) Stake Increased by Banco de Sabadell S.A,urn:newsml:newsroom:20250323:nNRAvt8kzs:0,NS:STOOBS,SABE.MC
2025-03-23 17:49:22.508,Banco de Sabadell S.A Has $1.92 Million Position in Valero Energy Co. (NYSE:VLO),urn:newsml:newsroom:20250323:nNRAvt8mcq:0,NS:STOOBS,SABE.MC
2025-03-23 17:49:22.383,"Banco de Sabadell S.A Buys 188 Shares of NIKE, Inc. (NYSE:NKE)",urn:newsml:newsroom:20250323:nNRAvt8mco:0,NS:MARDAJ,SABE.MC
2025-03-23 17:47:51.651,"The Home Depot, Inc. (NYSE:HD) Stake Lifted by Banco de Sabadell S.A",urn:newsml:newsroom:20250323:nNRAvt8jyw:0,NS:STOOBS,SABE.MC
2025-03-23 15:27:15.194,Banco de Sabadell S.A Has $3.55 Million Position in UnitedHealth Group Incorporated (NYSE:UNH),urn:newsml:newsroom:20250323:nNRAvt817h:0,NS:WATNEW,SABE.MC
2025-03-23 14:57:13.392,Banco de Sabadell S.A Has $3.66 Million Stock Position in Accenture plc (NYSE:ACN),urn:newsml:newsroom:20250323:nNRAvt7vgg:0,NS:DAILYQ,SABE.MC
2025-03-23 14:57:07.320,Banco de Sabadell S.A Sells 589 Shares of Accenture plc (NYSE:ACN),urn:newsml:newsroom:20250323:nNRAvt7uhp:0,NS:TICREP,SABE.MC
2025-03-23 14:57:02.940,"Banco de Sabadell S.A Raises Stock Holdings in The Home Depot, Inc. (NYSE:HD)",urn:newsml:newsroom:20250323:nNRAvt7uhl:0,NS:TRADAJ,SABE.MC
2025-03-23 14:26:59.833,"Banco de Sabadell S.A Buys 3,722 Shares of The Coca-Cola Company (NYSE:KO)",urn:newsml:newsroom:20250323:nNRAvt7r8p:0,NS:TICREP,SABE.MC
2025-03-23 13:52:13.811,Banco de Sabadell S.A Sells 635 Shares of Novo Nordisk A/S (NYSE:NVO),urn:newsml:newsroom:20250323:nNRAvt7j8s:0,NS:TRADAJ,SABE.MC
2025-03-23 13:52:12.300,"Banco de Sabadell S.A Grows Position in Analog Devices, Inc. (NASDAQ:ADI)",urn:link:webnews:20250323:nNRAvt7kyl:0,NS:WKRNEW,SABE.MC
2025-03-23 13:47:10.304,Stryker Co. (NYSE:SYK) Shares Bought by Banco de Sabadell S.A,urn:newsml:newsroom:20250323:nNRAvt7ity:0,NS:ZOLCOM,SABE.MC
2025-03-23 12:47:16.138,Banco de Sabadell S.A Increases Stock Holdings in Target Co. (NYSE:TGT),urn:newsml:newsroom:20250323:nNRAvt7777:0,NS:TRADAJ,SABE.MC
2025-03-23 12:38:08.509,Banco de Sabadell S.A Increases Stock Position in Stryker Co. (NYSE:SYK),urn:link:webnews:20250323:nNRAvt752b:0,NS:WKRNEW,SABE.MC
2025-03-23 11:47:44.200,Banco de Sabadell S.A Sells 881 Shares of Relx Plc (NYSE:RELX),urn:newsml:newsroom:20250323:nNRAvt6x40:0,NS:COMFIN,SABE.MC
2025-03-23 11:07:25.002,Banco de Sabadell S.A Acquires 93 Shares of Union Pacific Co. (NYSE:UNP),urn:newsml:newsroom:20250323:nNRAvt6nvy:0,NS:WATNEW,SABE.MC
2025-03-23 10:57:42.094,Eaton Co. plc (NYSE:ETN) Shares Acquired by Banco de Sabadell S.A,urn:newsml:newsroom:20250323:nNRAvt6k6w:0,NS:TRADAJ,SABE.MC
2025-03-23 10:57:33.376,"Banco de Sabadell S.A Sells 1,023 Shares of Equinor ASA (NYSE:EQNR)",urn:newsml:newsroom:20250323:nNRAvt6kmp:0,NS:TICREP,SABE.MC
2025-03-23 10:57:30.931,"Air Products and Chemicals, Inc. (NYSE:APD) Shares Bought by Banco de Sabadell S.A",urn:newsml:newsroom:20250323:nNRAvt6lud:0,NS:DAILYQ,SABE.MC
2025-03-23 10:57:24.092,"Banco de Sabadell S.A Has $2.12 Million Stake in PepsiCo, Inc. (NASDAQ:PEP)",urn:newsml:newsroom:20250323:nNRAvt6ljt:0,NS:WATNEW,SABE.MC
2025-03-23 10:57:21.494,"Banco de Sabadell S.A Has $386,000 Position in Diageo plc (NYSE:DEO)",urn:newsml:newsroom:20250323:nNRAvt6ljr:0,NS:TRADAJ,SABE.MC
2025-03-23 10:54:13.049,Mastercard Incorporated (NYSE:MA) Shares Bought by Banco de Sabadell S.A,urn:link:webnews:20250323:nNRAvt6l48:0,NS:WKRNEW,SABE.MC
2025-03-23 10:54:11.839,"Banco de Sabadell S.A Has $670,000 Holdings in Novartis AG (NYSE:NVS)",urn:link:webnews:20250323:nNRAvt6lgc:0,NS:WKRNEW,SABE.MC
2025-03-22 14:19:03.487,Banco de Sabadell soars 53% in past 3 months,urn:newsml:newsroom:20250322:nNRAvt0qig:0,NS:GLOROU,SABE.MC
2025-03-22 07:12:23.016,Banco de Sabadell soars 53% in past 3 months,urn:newsml:newsroom:20250322:nNRAvsxq83:0,NS:GLOROU,SABE.MC
2025-03-22 05:27:58.399,Two-bagger Banco de Sabadell (SAB: EUR2.78) lifts 2.6%; +7c [2.6%] Vol Index 2.0 [1 is avg],urn:newsml:newsroom:20250322:nNRAvswyma:0,NS:GLOWEE,SABE.MC
2025-03-22 03:12:29.269,Banco de Sabadell soars 53% in past 3 months,urn:newsml:newsroom:20250322:nNRAvsw15k:0,NS:GLOROU,SABE.MC
2025-03-22 03:12:04.634,Banco de Sabadell soars 53% in past 3 months,urn:newsml:newsroom:20250322:nNRAvsvzg0:0,NS:GLOROU,SABE.MC
2025-03-22 02:43:13.197,Sabadell Shareholders Back CEO Reappointment Amid BBVA Hostile Takeover Bid,urn:link:webnews:20250322:nNRAvsvw1r:0,NS:YAHNEX,SABE.MC
2025-03-21 21:41:54.283,"Banco Sabadell to pay dividend of 0.12 euros, yield of 11%.",urn:newsml:newsroom:20250321:nNRAvstucc:0,NS:CENAFT,SABE.MC
2025-03-21 21:13:03.471,"Banco Sabadell to pay dividend of 0.12 euros, yield of 11%.",urn:newsml:newsroom:20250321:nNRAvstnfx:0,NS:NOTENG,SABE.MC
2025-03-21 17:22:48.646,Two-bagger Banco de Sabadell (SAB: EUR2.78) lifts 2.6%; +7c [2.6%] Vol Index 2.0 [1 is avg],urn:newsml:newsroom:20250321:nNRAvsrcou:0,NS:GLOWEE,SABE.MC
2025-03-21 17:17:27.928,Banco de Sabadell (SAB: EUR2.78) offers earnings yield of 8.3%; +4c [+1.5%] Vol Index 3.3 [1 is avg],urn:newsml:newsroom:20250321:nNRAvsra7n:0,NS:SPANEW,SABE.MC
2025-03-21 15:23:02.000,UPDATE 2-BBVA pledges more commitments to regions affected by bid for Sabadell,urn:newsml:reuters.com:20250321:nL8N3Q40QW:3,NS:RTRS,SABE.MC
2025-03-21 14:48:11.279,BBVA Expects Swift Resolution By Authorities For The Takeover Deal With Sabadell,urn:newsml:reuters.com:20250321:nRSD519mBg:1,NS:SIGDEV,SABE.MC
2025-03-21 14:35:29.000,BRIEF-BBVA Expects Swift Resolution By Authorities For The Takeover Deal With Sabadell,urn:newsml:reuters.com:20250321:nS8N3OC0DG:1,NS:RTRS,SABE.MC
2025-03-21 12:30:39.000,"BBVA - Carlos Torres Vila: ""Both BBVA and Banco Sabadell shareholders will become the owners of a bank better prepared for the future”",urn:newsml:reuters.com:20250321:nNDL2hFdcT:1,NS:PUBT,SABE.MC
2025-03-21 12:13:57.675,"Torres: ""We are fully confident in the success of BBVA's takeover bid for Sabadell"".",urn:newsml:newsroom:20250321:nNRAvsmlmr:0,NS:NOTENG,SABE.MC
2025-03-21 12:11:53.292,Sabadell opens the door to improving its forecasts at Capital Markets Day,urn:newsml:newsroom:20250321:nNRAvsmjh7:0,NS:NOTENG,SABE.MC
2025-03-21 11:52:54.901,Banco de Sabadell soars 55% in past 3 months,urn:newsml:newsroom:20250321:nNRAvsm5o2:0,NS:GLOROU,SABE.MC
2025-03-21 11:40:05.000,BRIEF-BBVA's Chairman Says Bank Will Maintain Sabadell's Corporate Center In Sant Cugat,urn:newsml:reuters.com:20250321:nS8N3OC0DF:1,NS:RTRS,SABE.MC
2025-03-21 11:01:50.000,BBVA chairman is confident bid for Sabadell will succeed,urn:newsml:reuters.com:20250321:nS8N3OC0CS:4,NS:RTRS,SABE.MC
2025-03-21 07:19:11.959,Banco de Sabadell soars 55% in past 3 months,urn:newsml:newsroom:20250321:nNRAvsifjz:0,NS:GLOROU,SABE.MC
2025-03-21 07:10:12.217,Sabadell Shareholders Back CEO Reappointment Amid BBVA Hostile Takeover Bid,urn:link:webnews:20250321:nNRAvsia6u:0,NS:WNCOMA,SABE.MC
2025-03-21 07:09:10.000,Spanish stocks - Factors to watch on March 21,urn:newsml:reuters.com:20250321:nL8N3Q407N:1,NS:RTRS,SABE.MC
2025-03-21 06:30:00.000,"Carlos Torres Vila: ""Both BBVA and Banco Sabadell shareholders will become the owners of a bank better prepared for the future""",urn:newsml:newsroom:20250326:nNRAvuicdn:0,NS:INDBAN,SABE.MC
2025-03-21 06:30:00.000,Marc Armengol takes over as new TSB Chief Executive Officer,urn:newsml:newsroom:20250324:nNRAvte4m9:0,NS:INDBAN,SABE.MC
2025-03-21 03:12:16.506,Banco de Sabadell soars 55% in past 3 months,urn:newsml:newsroom:20250321:nNRAvsg54o:0,NS:GLOROU,SABE.MC
2025-03-21 01:17:14.667,Friday's Preview: Can Banco de Sabadell rebound after being down?,urn:newsml:newsroom:20250321:nNRAvsf8vs:0,NS:GLOSTO,SABE.MC
2025-03-21 01:12:03.327,Sabadell defends its alternative model to that of BBVA before a thousand shareholders,urn:newsml:newsroom:20250321:nNRAvsf69l:0,NS:NOTENG,SABE.MC
2025-03-21 00:00:00.000,"Banco de Sabadell ADR continues uptrend, soars 52% and in top 5% of the market",urn:newsml:newsroom:20250324:nNRAvtbn91:0,NS:GLOROU,SABE.MC
2025-03-20 20:21:01.000,Banco de Sabadell SA - TSB Large Subsidiary Disclosures 2024,urn:newsml:reuters.com:20250320:nNDL2bmKl0:1,NS:PUBT,SABE.MC
2025-03-20 20:20:46.000,Banco de Sabadell SA - Annual report 2024,urn:newsml:reuters.com:20250320:nNDL6NygvV:1,NS:PUBT,SABE.MC
2025-03-20 20:08:43.000,Deals of the day-Mergers and acquisitions,urn:newsml:reuters.com:20250320:nL4N3Q3175:1,NS:RTRS,SABE.MC
2025-03-20 17:32:02.000,UPDATE 2-Sabadell urges Spanish government to be transparent on BBVA takeover bid,urn:newsml:reuters.com:20250320:nL8N3Q30EF:1,NS:RTRS,SABE.MC
2025-03-20 17:22:54.477,Two-bagger Banco de Sabadell (SAB: EUR2.74) lifts 3.4%; +9c [3.4%] Vol Index 1.6 [1 is avg],urn:newsml:newsroom:20250320:nNRAvsb3gt:0,NS:SPANEW,SABE.MC
2025-03-20 17:22:53.888,Banco de Sabadell (SAB: EUR2.74) offers dividend yield of 4%; -5c [-1.8%] Vol Index 2.0 [1 is avg],urn:newsml:newsroom:20250320:nNRAvsb4dl:0,NS:SPANEW,SABE.MC
2025-03-20 16:41:56.000,Sabadell Chairman says BBVA needs to present different value proposal to offset risks in deal,urn:newsml:reuters.com:20250320:nS8N3OC0D1:2,NS:RTRS,SABE.MC
2025-03-20 11:23:21.391,Banco de Sabadell soars 51% in past 3 months,urn:newsml:newsroom:20250320:nNRAvs58cp:0,NS:GLOROU,SABE.MC
2025-03-20 10:31:22.022,The BBVA and Sabadell seek the acclamation of their shareholders' advice to arm themselves at the key moment of Opa | Companies,urn:link:webnews:20250320:nNRAvs4hui:0,NS:ARCUKA,SABE.MC
2025-03-20 08:02:09.000,Sabadell urges Spanish government to be transparent on BBVA takeover bid,urn:newsml:reuters.com:20250320:nS8N3N306D:2,NS:RTRS,SABE.MC
2025-03-20 07:07:23.370,Banco de Sabadell soars 51% in past 3 months,urn:newsml:newsroom:20250320:nNRAvs1z18:0,NS:GLOROU,SABE.MC
2025-03-20 03:02:32.399,Banco de Sabadell soars 51% in past 3 months,urn:newsml:newsroom:20250320:nNRAvrzqym:0,NS:GLOROU,SABE.MC
2025-03-20 03:02:11.927,Banco de Sabadell soars 51% in past 3 months,urn:newsml:newsroom:20250320:nNRAvrzq70:0,NS:GLOROU,SABE.MC
2025-03-20 01:17:06.120,Banco de Sabadell down in recent days,urn:newsml:newsroom:20250320:nNRAvryre8:0,NS:GLOSTO,SABE.MC
2025-03-20 00:00:00.000,BBVA obtains approval from the Moroccan central bank to transfer control of Banco Sabadell's branch,urn:newsml:newsroom:20250405:nNRAvyhla9:0,NS:PLUCOM,SABE.MC
2025-03-20 00:00:00.000,"Onur Genç: ""Sabadell shareholders will find a better 'home' at BBVA""",urn:newsml:newsroom:20250405:nNRAvyhk7u:0,NS:PLUCOM,SABE.MC
2025-03-19 17:17:25.353,Banco de Sabadell (SAB: EUR2.79) drops on increasing volatility; -1c [-0.4%] Vol Index 1.7 [1 is avg],urn:newsml:newsroom:20250319:nNRAvrv0yr:0,NS:SPANEW,SABE.MC
2025-03-19 14:49:23.000,UPDATE 2-Sabadell CEO expects BBVA to get off lightly in Spanish antitrust review,urn:newsml:reuters.com:20250319:nL8N3Q215F:10,NS:RTRS,SABE.MC
2025-03-19 13:10:19.087,Caixa Ingenieros achieves unprecedented profit of 24 million euros with partner growth,urn:link:webnews:20250319:nNRAvrqxb6:0,NS:ARADOC,SABE.MC
2025-03-19 12:48:16.000,Sabadell CEO expects BBVA to get off lightly in Spanish anti-trust review,urn:newsml:reuters.com:20250319:nL8N3Q20ZT:1,NS:RTRS,SABE.MC
2025-03-19 08:12:09.139,How Banco de Sabadell's Tax Rate compares to Its Peers,urn:newsml:newsroom:20250319:nNRAvrmwhj:0,NS:SPANEW,SABE.MC
2025-03-19 07:13:15.402,Banco de Sabadell Continues to Underperform its Peers,urn:newsml:newsroom:20250319:nNRAvrm6sx:0,NS:SPANEW,SABE.MC
2025-03-19 07:03:33.000,Spanish stocks - Factors to watch on March 19,urn:newsml:reuters.com:20250319:nL8N3Q207F:1,NS:RTRS,SABE.MC
2025-03-19 05:13:27.231,BBVA and Sabadell seek the acclamation of their shareholders' meetings to arm themselves for the key moment of the takeover bid,urn:newsml:newsroom:20250319:nNRAvrktj5:0,NS:NOTENG,SABE.MC
2025-03-19 01:17:25.444,Wednesday's Preview: Can Banco de Sabadell continue its recent gains?,urn:newsml:newsroom:20250319:nNRAvrims9:0,NS:GLOSTO,SABE.MC
2025-03-18 18:58:10.578,"New conditions make Sabadell deal more palatable, BBVA CEO says",urn:link:webnews:20250318:nNRAvrfafj:0,NS:WNCOMA,SABE.MC
2025-03-18 17:17:09.665,Banco de Sabadell (SAB: EUR2.80) hits year-high 28th time in three months; +7c [+2.6%] Vol Index 1.8 [1 is avg],urn:newsml:newsroom:20250318:nNRAvre30c:0,NS:SPANEW,SABE.MC
2025-03-18 12:35:30.000,Banco de Sabadell SA - Non-Financial Disclosures Report 2024 (Sustainability Report) (Contained in Consolidated annual financial report 2024),urn:newsml:reuters.com:20250318:nNDL8F1MKL:1,NS:PUBT,SABE.MC
2025-03-18 11:32:44.695,"Monday March 17, 2025 Banco de Sabadell ADR Compendium - A Snapshot as of March 17",urn:newsml:newsroom:20250318:nNRAvr938v:0,NS:GLOROU,SABE.MC
2025-03-18 09:13:26.019,"Guindos expects CNMC to make a ""professional"" analysis of BBVA's takeover bid for Sabadell",urn:newsml:newsroom:20250318:nNRAvr7byq:0,NS:NOTENG,SABE.MC
2025-03-18 08:12:30.230,Banco de Sabadell continues to outperform Unicaja Banco by 8.2% year to date,urn:newsml:newsroom:20250318:nNRAvr6g94:0,NS:SPANEW,SABE.MC
2025-03-18 07:22:12.731,"Monday March 17, 2025 Banco de Sabadell ADR Compendium - A Snapshot as of March 17",urn:newsml:newsroom:20250318:nNRAvr5ri6:0,NS:GLOROU,SABE.MC
2025-03-18 07:12:46.764,How Banco de Sabadell's dividend compares to Unicaja Banco,urn:newsml:newsroom:20250318:nNRAvr5itq:0,NS:SPANEW,SABE.MC
2025-03-18 03:17:41.269,"Monday March 17, 2025 Banco de Sabadell ADR Compendium - A Snapshot as of March 17",urn:newsml:newsroom:20250318:nNRAvr2u07:0,NS:GLOROU,SABE.MC
2025-03-18 01:17:07.252,Traders look to see if Banco de Sabadell's recent rally will continue,urn:newsml:newsroom:20250318:nNRAvr1nbn:0,NS:GLOSTO,SABE.MC
2025-03-17 18:19:20.994,The National Court also admits the appeal of UGT against the CNMC for the takeover bid of BBVA and Sabadell.,urn:newsml:newsroom:20250317:nNRAvqxgda:0,NS:NOTENG,SABE.MC
2025-03-17 18:16:52.088,Banco de Sabadell continues to outperform CaixaBank by 10.2% year to date,urn:newsml:newsroom:20250317:nNRAvqxfy7:0,NS:SPANEW,SABE.MC
2025-03-17 17:32:29.253,Two-bagger Banco de Sabadell (SAB: EUR2.73) lifts 2.2%; +6c [2.2%] Vol Index 1.6 [1 is avg],urn:newsml:newsroom:20250317:nNRAvqwxqh:0,NS:SPANEW,SABE.MC
2025-03-17 17:27:08.084,Banco de Sabadell (SAB: EUR2.73) offers earnings yield of 8.4%; +2c [+0.7%],urn:newsml:newsroom:20250317:nNRAvqwtyw:0,NS:SPANEW,SABE.MC
2025-03-17 17:16:41.257,Banco de Sabadell continues to outperform Bankinter by 9.1% year to date,urn:newsml:newsroom:20250317:nNRAvqwo01:0,NS:SPANEW,SABE.MC
2025-03-17 16:22:28.959,Banco Santander continues to underperform Banco de Sabadell by 4.9% year to date,urn:newsml:newsroom:20250317:nNRAvqvuyv:0,NS:SPANEW,SABE.MC
2025-03-17 16:22:28.359,Banco de Sabadell continues to outperform Banco Santander by 4.9% year to date,urn:newsml:newsroom:20250317:nNRAvqvuyy:0,NS:SPANEW,SABE.MC
2025-03-17 16:22:27.409,CaixaBank continues to underperform Banco de Sabadell by 10.2% year to date,urn:newsml:newsroom:20250317:nNRAvqvuyx:0,NS:SPANEW,SABE.MC
2025-03-17 15:16:03.501,Banco Bilbao Vizcaya Argentaria continues to underperform Banco de Sabadell by 4.7% year to date,urn:newsml:newsroom:20250317:nNRAvquwht:0,NS:SPANEW,SABE.MC
2025-03-17 15:16:01.879,Banco de Sabadell continues to outperform Banco Bilbao Vizcaya Argentaria by 4.7% year to date,urn:newsml:newsroom:20250317:nNRAvquwta:0,NS:SPANEW,SABE.MC
2025-03-17 14:13:22.101,How Banco de Sabadell's dividend compares to CaixaBank,urn:newsml:newsroom:20250317:nNRAvqu5bm:0,NS:SPANEW,SABE.MC
2025-03-17 12:15:03.514,REG - TSB Bank PLC TSB Banking Gp - Guarantor Annual Financial Report,urn:newsml:newsroom:20250317:nRSQ9692Aa:0,NS:LSE,SABE.MC
2025-03-17 12:11:40.000,REG - TSB Bank PLC TSB Banking Gp  - Guarantor Annual Financial Report,urn:newsml:reuters.com:20250317:nRSQ9692Aa:1,NS:LSE,SABE.MC
2025-03-17 12:04:16.000,TSB Bank plc - Annual Report & Accounts of TSB Covered Bonds LLP,urn:newsml:reuters.com:20250317:nNDL1RdR3N:1,NS:PUBT,SABE.MC
2025-03-17 10:12:14.565,How CaixaBank's dividend compares to Banco de Sabadell,urn:newsml:newsroom:20250317:nNRAvqqj5d:0,NS:SPANEW,SABE.MC
2025-03-17 10:12:09.521,How Banco de Sabadell's dividend compares to Bankinter,urn:newsml:newsroom:20250317:nNRAvqqig6:0,NS:SPANEW,SABE.MC
2025-03-17 09:12:11.008,How Banco Bilbao Vizcaya Argentaria's dividend compares to Banco de Sabadell,urn:newsml:newsroom:20250317:nNRAvqpwo8:0,NS:SPANEW,SABE.MC
2025-03-17 09:12:03.279,How Banco de Sabadell's dividend compares to Banco Bilbao Vizcaya Argentaria,urn:newsml:newsroom:20250317:nNRAvqpvxo:0,NS:SPANEW,SABE.MC
2025-03-17 08:12:15.120,How Banco de Sabadell's dividend compares to Banco Santander,urn:newsml:newsroom:20250317:nNRAvqowbt:0,NS:SPANEW,SABE.MC
2025-03-17 08:12:14.812,How Banco Santander's dividend compares to Banco de Sabadell,urn:newsml:newsroom:20250317:nNRAvqovq2:0,NS:SPANEW,SABE.MC
2025-03-17 07:12:45.139,How Banco de Sabadell's dividend compares to Its Peers,urn:newsml:newsroom:20250317:nNRAvqoa4p:0,NS:SPANEW,SABE.MC
2025-03-17 07:07:36.184,"Weekly: Banco de Sabadell (SAB: EUR2.71) decreases 0.7%, 2 weeks' volume in a week; -2c [-0.7%] Vol Index 1.8 [1 is avg]",urn:newsml:newsroom:20250317:nNRAvqo75y:0,NS:SPANEW,SABE.MC
2025-03-17 01:16:46.908,Can Banco de Sabadell continue its gains?,urn:newsml:newsroom:20250317:nNRAvqlbcl:0,NS:GLOSTO,SABE.MC
2025-03-15 05:27:14.718,"Weekly: Banco de Sabadell (SAB: EUR2.71) decreases 0.7%, 2 weeks' volume in a week; -2c [0.7%] Vol Index 1.8 [1 is avg]",urn:newsml:newsroom:20250315:nNRAvq7btk:0,NS:GLOWEE,SABE.MC
2025-03-14 17:22:12.647,"Weekly: Banco de Sabadell (SAB: EUR2.71) decreases 0.7%, 2 weeks' volume in a week; -2c [0.7%] Vol Index 1.8 [1 is avg]",urn:newsml:newsroom:20250314:nNRAvq2d99:0,NS:GLOWEE,SABE.MC
2025-03-14 17:22:04.965,"Weekly: Banco de Sabadell (SAB: EUR2.71) decreases 0.7%, 2 weeks' volume in a week; -2c [-0.7%] Vol Index 1.8 [1 is avg]",urn:newsml:newsroom:20250314:nNRAvq2d6g:0,NS:SPANEW,SABE.MC
2025-03-14 17:17:40.234,Banco de Sabadell (SAB: EUR2.71) offers dividend yield of 4.1%; +6c [+2.3%] Vol Index 1.4 [1 is avg],urn:newsml:newsroom:20250314:nNRAvq2bm0:0,NS:SPANEW,SABE.MC
2025-03-14 12:02:14.167,"Thursday March 13, 2025 Banco de Sabadell ADR Compendium - A Snapshot as of March 13",urn:newsml:newsroom:20250314:nNRAvpxcl6:0,NS:GLOROU,SABE.MC
2025-03-14 08:12:09.672,Banco de Sabadell's Earnings Growth Outperforms Bankinter,urn:newsml:newsroom:20250314:nNRAvpu6ho:0,NS:SPANEW,SABE.MC
2025-03-14 08:02:30.441,"Thursday March 13, 2025 Banco de Sabadell ADR Compendium - A Snapshot as of March 13",urn:newsml:newsroom:20250314:nNRAvpu1tj:0,NS:GLOROU,SABE.MC
2025-03-14 07:13:40.618,Sabadell adjusts anti-BBVA dividend message following CNMV complaints,urn:newsml:newsroom:20250314:nNRAvptjeh:0,NS:NOTENG,SABE.MC
2025-03-14 07:12:36.495,Banco de Sabadell's Earnings Growth Outperforms Banco Santander,urn:newsml:newsroom:20250314:nNRAvpthmm:0,NS:SPANEW,SABE.MC
2025-03-14 07:12:36.198,Banco Santander's Earnings Growth Lags Banco de Sabadell,urn:newsml:newsroom:20250314:nNRAvpthmn:0,NS:SPANEW,SABE.MC
2025-03-14 03:57:54.485,"Thursday March 13, 2025 Banco de Sabadell ADR Compendium - A Snapshot as of March 13",urn:newsml:newsroom:20250314:nNRAvprnnn:0,NS:GLOROU,SABE.MC
2025-03-14 01:17:01.803,Can Banco de Sabadell rebound after recent dip?,urn:newsml:newsroom:20250314:nNRAvpq8s4:0,NS:GLOSTO,SABE.MC
2025-03-14 00:00:00.000,Moody's Ratings affirms Baa1 long-term deposit and issuer ratings of TSB Bank plc and upgrades the long-term issuer rating of TSB Banking Group plc...,urn:newsml:newsroom:20250318:nNRAvrfxm1:0,NS:PLUCOM,SABE.MC
2025-03-13 17:22:18.732,Past Week: Banco de Sabadell (SAB: EUR2.65) shares post worst week in eleven weeks; -9c [-3.3%] Vol Index 1.7 [1 is avg],urn:newsml:newsroom:20250313:nNRAvplugd:0,NS:SPANEW,SABE.MC
2025-03-13 17:17:32.078,"Banco de Sabadell (SAB: EUR2.65) falls in 4 out of last 5 days, 5-day fall of 3.3%; -3c [-1.1%]",urn:newsml:newsroom:20250313:nNRAvplrxb:0,NS:SPANEW,SABE.MC
2025-03-13 15:12:19.950,Telefónica confirms appointment of Álvaro Echevarría as Director of the President's Office,urn:newsml:newsroom:20250313:nNRAvpjvip:0,NS:NOTENG,SABE.MC
2025-03-13 13:42:20.345,"Wednesday March 12, 2025 All You Need to Know About the Banco de Sabadell ADR Today",urn:newsml:newsroom:20250313:nNRAvpil0r:0,NS:GLOROU,SABE.MC
2025-03-13 12:12:08.257,BBVA's takeover bid for Sabadell goes to court with Foment's appeal,urn:newsml:newsroom:20250313:nNRAvph93h:0,NS:NOTENG,SABE.MC
2025-03-13 09:42:58.546,"Wednesday March 12, 2025 All You Need to Know About the Banco de Sabadell ADR Today",urn:newsml:newsroom:20250313:nNRAvpf0vy:0,NS:GLOROU,SABE.MC
2025-03-13 08:13:46.289,Sabadell CEO's bonus is held back by TSB and market share,urn:newsml:newsroom:20250313:nNRAvpe1oy:0,NS:NOTENG,SABE.MC
2025-03-13 07:12:48.363,The Short-Term Bullish Case For Banco de Sabadell,urn:newsml:newsroom:20250313:nNRAvpda13:0,NS:SPANEW,SABE.MC
2025-03-13 05:37:54.522,"Wednesday March 12, 2025 All You Need to Know About the Banco de Sabadell ADR Today",urn:newsml:newsroom:20250313:nNRAvpc50h:0,NS:GLOROU,SABE.MC
2025-03-13 01:16:59.796,Thursday's Preview: Can Banco de Sabadell continue its recent gains?,urn:newsml:newsroom:20250313:nNRAvp9y4u:0,NS:GLOSTO,SABE.MC
2025-03-12 22:48:07.827,Bank of America Raises USD1.84 Billion in Public Offering of Floating Rate Senior Notes Due 2027,urn:newsml:reuters.com:20250312:nNRAvp91vj:1,NS:DATMTR,SABE.MC
2025-03-12 17:25:01.000,"BBVA eyes doubling investment banking revenues, report says",urn:newsml:reuters.com:20250312:nL8N3PV1XA:1,NS:RTRS,SABE.MC
2025-03-12 17:17:43.709,Two-bagger Banco de Sabadell (SAB: EUR2.68) lifts 1.9% on extraordinary volume; +5c [+1.9%] Vol Index 4.3 [1 is avg],urn:newsml:newsroom:20250312:nNRAvp5txj:0,NS:SPANEW,SABE.MC
2025-03-12 10:14:07.320,BBVA's takeover bid for Sabadell bursts into the courts with the admission of an appeal in the Audiencia Nacional (National Court),urn:newsml:newsroom:20250312:nNRAvozw8f:0,NS:NOTENG,SABE.MC
2025-03-12 09:12:45.992,Banco de Sabadell's Earnings Growth Lags Peers,urn:newsml:newsroom:20250312:nNRAvoz5rk:0,NS:SPANEW,SABE.MC
2025-03-12 08:13:21.134,How Banco de Sabadell's Tax Rate compares to Its Peers,urn:newsml:newsroom:20250312:nNRAvoyjf4:0,NS:SPANEW,SABE.MC
2025-03-12 07:12:20.640,Banco de Sabadell Continues to Outperform its Peers,urn:newsml:newsroom:20250312:nNRAvoxub8:0,NS:SPANEW,SABE.MC
2025-03-12 06:17:16.404,Banco de Sabadell soars 46% in past 3 months,urn:newsml:newsroom:20250312:nNRAvox6ui:0,NS:GLOROU,SABE.MC
2025-03-12 01:17:14.274,Wednesday's Preview: Can Banco de Sabadell rebound after being down?,urn:newsml:newsroom:20250312:nNRAvoup7t:0,NS:GLOSTO,SABE.MC
2025-03-11 17:17:35.003,Banco de Sabadell (SAB: EUR2.63) offers earnings yield of 8.8%; -4c [-1.5%],urn:newsml:newsroom:20250311:nNRAvoqg1i:0,NS:SPANEW,SABE.MC
2025-03-11 08:12:18.699,Banco de Sabadell continues to outperform Unicaja Banco by 5.8% in the past three months,urn:newsml:newsroom:20250311:nNRAvoievh:0,NS:SPANEW,SABE.MC
2025-03-11 07:12:29.802,How Banco de Sabadell's dividend compares to Unicaja Banco,urn:newsml:newsroom:20250311:nNRAvohpar:0,NS:SPANEW,SABE.MC
2025-03-10 18:07:29.315,Banco de Sabadell continues to outperform CaixaBank by 10.9% in the past three months,urn:newsml:newsroom:20250310:nNRAvob2ys:0,NS:SPANEW,SABE.MC
2025-03-10 17:17:28.359,Banco de Sabadell (SAB: EUR2.67) offers dividend yield of 4.1%; -6c [-2.2%] Vol Index 1.9 [1 is avg],urn:newsml:newsroom:20250310:nNRAvoahxf:0,NS:SPANEW,SABE.MC
2025-03-10 17:07:05.359,Banco de Sabadell continues to outperform Bankinter by 11.9% in the past three months,urn:newsml:newsroom:20250310:nNRAvoabs6:0,NS:SPANEW,SABE.MC
2025-03-10 16:12:22.250,Banco Santander continues to underperform Banco de Sabadell by 8.6% in the past three months,urn:newsml:newsroom:20250310:nNRAvo9eqo:0,NS:SPANEW,SABE.MC
2025-03-10 16:12:21.385,Banco de Sabadell continues to outperform Banco Santander by 8.6% in the past three months,urn:newsml:newsroom:20250310:nNRAvo9ejh:0,NS:SPANEW,SABE.MC
2025-03-10 16:12:20.722,CaixaBank continues to underperform Banco de Sabadell by 10.9% in the past three months,urn:newsml:newsroom:20250310:nNRAvo9fr7:0,NS:SPANEW,SABE.MC
2025-03-10 15:12:47.754,Banco Bilbao Vizcaya Argentaria continues to underperform Banco de Sabadell by 5.6% in the past three months,urn:newsml:newsroom:20250310:nNRAvo8nku:0,NS:SPANEW,SABE.MC
2025-03-10 15:12:46.061,Banco de Sabadell continues to outperform Banco Bilbao Vizcaya Argentaria by 5.6% in the past three months,urn:newsml:newsroom:20250310:nNRAvo8nyk:0,NS:SPANEW,SABE.MC
2025-03-10 14:13:15.978,How Banco de Sabadell's dividend compares to CaixaBank,urn:newsml:newsroom:20250310:nNRAvo82fu:0,NS:SPANEW,SABE.MC
2025-03-10 10:12:11.756,How Banco de Sabadell's dividend compares to Bankinter,urn:newsml:newsroom:20250310:nNRAvo4iaj:0,NS:SPANEW,SABE.MC
2025-03-10 10:12:11.255,How CaixaBank's dividend compares to Banco de Sabadell,urn:newsml:newsroom:20250310:nNRAvo4j2n:0,NS:SPANEW,SABE.MC
2025-03-10 09:12:40.556,How Banco Bilbao Vizcaya Argentaria's dividend compares to Banco de Sabadell,urn:newsml:newsroom:20250310:nNRAvo3pab:0,NS:SPANEW,SABE.MC
2025-03-10 09:12:38.968,How Banco de Sabadell's dividend compares to Banco Bilbao Vizcaya Argentaria,urn:newsml:newsroom:20250310:nNRAvo3qme:0,NS:SPANEW,SABE.MC
2025-03-10 08:12:26.117,How Banco Santander's dividend compares to Banco de Sabadell,urn:newsml:newsroom:20250310:nNRAvo34xz:0,NS:SPANEW,SABE.MC
2025-03-10 08:12:22.450,How Banco de Sabadell's dividend compares to Banco Santander,urn:newsml:newsroom:20250310:nNRAvo34no:0,NS:SPANEW,SABE.MC
2025-03-10 07:12:46.220,How Banco de Sabadell's dividend compares to Its Peers,urn:newsml:newsroom:20250310:nNRAvo2fuv:0,NS:SPANEW,SABE.MC
2025-03-08 05:27:19.869,Two-bagger Banco de Sabadell (SAB: EUR2.73) lifts 2.6%; +7c [2.6%] Vol Index 2.3 [1 is avg],urn:newsml:newsroom:20250308:nNRAvnljms:0,NS:GLOWEE,SABE.MC
2025-03-07 17:22:31.177,Two-bagger Banco de Sabadell (SAB: EUR2.73) lifts 2.6%; +7c [2.6%] Vol Index 2.3 [1 is avg],urn:newsml:newsroom:20250307:nNRAvnf98p:0,NS:GLOWEE,SABE.MC
2025-03-07 17:17:39.747,Banco de Sabadell (SAB: EUR2.73) decreases on firm volume; -1c [-0.4%] Vol Index 1.3 [1 is avg],urn:newsml:newsroom:20250307:nNRAvnf6sr:0,NS:SPANEW,SABE.MC
2025-03-07 08:12:00.508,Banco de Sabadell's Earnings Growth Outperforms Bankinter,urn:newsml:newsroom:20250307:nNRAvn7g65:0,NS:SPANEW,SABE.MC
2025-03-07 07:13:02.083,Banco Santander's Earnings Growth Lags Banco de Sabadell,urn:newsml:newsroom:20250307:nNRAvn6p4h:0,NS:SPANEW,SABE.MC
2025-03-07 07:13:00.593,Banco de Sabadell's Earnings Growth Outperforms Banco Santander,urn:newsml:newsroom:20250307:nNRAvn6o54:0,NS:SPANEW,SABE.MC
2025-03-06 17:22:34.885,"IBEX 35 SPANISH TOP 4 DAILY: CONSECUTIVE PRICE RISES IN THE PAST MONTH End-of-day: Thursday March 06, 2025 16:00 (EST: 10:00, GMT: 15:00)",urn:newsml:newsroom:20250306:nNRAvmyx31:0,NS:GLOUPM,SABE.MC
2025-03-06 17:17:21.449,Banco de Sabadell (SAB: EUR2.74) hits year-high 27th time in three months; +4c [+1.5%] Vol Index 2.4 [1 is avg],urn:newsml:newsroom:20250306:nNRAvmyuwg:0,NS:SPANEW,SABE.MC
2025-03-06 13:18:43.490,"Banco de Sabadell, S.A. (OTCMKTS:BNDSY) Raises Dividend to $0.26 Per Share",urn:newsml:newsroom:20250306:nNRAvmv6wf:0,NS:CERGEM,SABE.MC
2025-03-06 13:08:17.533,"Banco de Sabadell, S.A. (BNDSY) to Issue Dividend of $0.26 on April 14th",urn:newsml:newsroom:20250306:nNRAvmv484:0,NS:WATNEW,SABE.MC
2025-03-06 10:47:23.000,"BUZZ-Top of the Street: Ryanair, Sabadell, Campari",urn:newsml:reuters.com:20250306:nL5N3PP0UV:1,NS:RTRS,SABE.MC
2025-03-06 07:12:10.083,The Short-Term Bullish Case For Banco de Sabadell,urn:newsml:newsroom:20250306:nNRAvmqb8k:0,NS:SPANEW,SABE.MC
2025-03-05 23:42:02.777,"Banco de Sabadell, S.A. (OTCMKTS:BNDSY) to Issue Dividend of $0.26",urn:link:webnews:20250305:nNRAvmmmno:0,NS:WKRNEW,SABE.MC
2025-03-05 17:17:36.297,Banco de Sabadell (SAB: EUR2.70) offers earnings yield of 8.5%; +12c [+4.7%] Vol Index 2.6 [1 is avg],urn:newsml:newsroom:20250305:nNRAvmiobx:0,NS:SPANEW,SABE.MC
2025-03-05 08:12:19.756,How Banco de Sabadell's Tax Rate compares to Its Peers,urn:newsml:newsroom:20250305:nNRAvmbcaz:0,NS:SPANEW,SABE.MC
2025-03-05 07:12:21.394,Banco de Sabadell Continues to Outperform its Peers,urn:newsml:newsroom:20250305:nNRAvmah2k:0,NS:SPANEW,SABE.MC
2025-03-04 17:17:36.293,Banco de Sabadell (SAB: EUR2.58) offers dividend yield of 4.3%; -13c [-4.8%] Vol Index 3.2 [1 is avg],urn:newsml:newsroom:20250304:nNRAvm2hxb:0,NS:SPANEW,SABE.MC
2025-03-04 15:12:52.344,"Torres (BBVA) promises shareholders more dividends ""sustained over time"" if the takeover bid for Sabadell succeeds",urn:newsml:newsroom:20250304:nNRAvm0mf3:0,NS:NOTENG,SABE.MC
2025-03-04 12:13:05.347,"BBVA promises more dividends ""sustained over time"" if the takeover bid for Sabadell succeeds",urn:newsml:newsroom:20250304:nNRAvly2tx:0,NS:NOTENG,SABE.MC
2025-03-04 08:12:28.890,Banco de Sabadell continues to underperform Unicaja Banco by 3.0% in the past month,urn:newsml:newsroom:20250304:nNRAvluwtg:0,NS:SPANEW,SABE.MC
2025-03-04 07:13:48.606,How Banco de Sabadell's dividend compares to Unicaja Banco,urn:newsml:newsroom:20250304:nNRAvlu2uh:0,NS:SPANEW,SABE.MC
2025-03-03 18:07:26.727,Banco de Sabadell continues to outperform CaixaBank by 2.5% in the past month,urn:newsml:newsroom:20250303:nNRAvln6rh:0,NS:SPANEW,SABE.MC
2025-03-03 17:17:31.566,Banco de Sabadell (SAB: EUR2.71) hits year-high 26th time in three months; +5c [+1.9%] Vol Index 2.0 [1 is avg],urn:newsml:newsroom:20250303:nNRAvlmizg:0,NS:SPANEW,SABE.MC
2025-03-03 17:07:09.944,Banco de Sabadell continues to outperform Bankinter by 3.3% in the past month,urn:newsml:newsroom:20250303:nNRAvlmbpd:0,NS:SPANEW,SABE.MC
2025-03-03 16:12:06.862,Banco Santander continues to outperform Banco de Sabadell by 9.0% in the past month,urn:newsml:newsroom:20250303:nNRAvlljga:0,NS:SPANEW,SABE.MC
2025-03-03 16:12:06.084,Banco de Sabadell continues to underperform Banco Santander by 9.0% in the past month,urn:newsml:newsroom:20250303:nNRAvlljg9:0,NS:SPANEW,SABE.MC
2025-03-03 16:12:05.015,CaixaBank continues to underperform Banco de Sabadell by 2.5% in the past month,urn:newsml:newsroom:20250303:nNRAvllki8:0,NS:SPANEW,SABE.MC
2025-03-03 15:12:34.583,Banco Bilbao Vizcaya Argentaria continues to underperform Banco de Sabadell by 0.5% in the past month,urn:newsml:newsroom:20250303:nNRAvlkpst:0,NS:SPANEW,SABE.MC
2025-03-03 15:12:33.150,Banco de Sabadell continues to outperform Banco Bilbao Vizcaya Argentaria by 0.5% in the past month,urn:newsml:newsroom:20250303:nNRAvlkpss:0,NS:SPANEW,SABE.MC
2025-03-03 11:12:02.848,How Banco de Sabadell's dividend compares to CaixaBank,urn:newsml:newsroom:20250303:nNRAvlh2kz:0,NS:SPANEW,SABE.MC
2025-03-03 10:12:06.560,How Banco de Sabadell's dividend compares to Bankinter,urn:newsml:newsroom:20250303:nNRAvlge69:0,NS:SPANEW,SABE.MC
2025-03-03 10:12:06.206,How CaixaBank's dividend compares to Banco de Sabadell,urn:newsml:newsroom:20250303:nNRAvlge6b:0,NS:SPANEW,SABE.MC
2025-03-03 09:12:23.339,How Banco Bilbao Vizcaya Argentaria's dividend compares to Banco de Sabadell,urn:newsml:newsroom:20250303:nNRAvlfqa3:0,NS:SPANEW,SABE.MC
2025-03-03 09:12:21.348,How Banco de Sabadell's dividend compares to Banco Bilbao Vizcaya Argentaria,urn:newsml:newsroom:20250303:nNRAvlfr8i:0,NS:SPANEW,SABE.MC
2025-03-03 08:12:26.893,How Banco Santander's dividend compares to Banco de Sabadell,urn:newsml:newsroom:20250303:nNRAvlf0w8:0,NS:SPANEW,SABE.MC
2025-03-03 08:12:25.816,How Banco de Sabadell's dividend compares to Banco Santander,urn:newsml:newsroom:20250303:nNRAvlf18z:0,NS:SPANEW,SABE.MC
2025-03-03 07:27:38.225,"Monthly: Banco de Sabadell (SAB: EUR2.66) surges 17%, 2 months' volume in a month",urn:newsml:newsroom:20250303:nNRAvle9um:0,NS:SPANEW,SABE.MC
2025-03-03 07:13:04.781,How Banco de Sabadell's dividend compares to Its Peers,urn:newsml:newsroom:20250303:nNRAvle4bq:0,NS:SPANEW,SABE.MC
2025-03-01 06:47:49.601,Banco de Sabadell announces dividend,urn:newsml:newsroom:20250301:nNRAvkxlwn:0,NS:NEWWIR,SABE.MC
2025-03-01 05:27:49.724,Two-bagger Banco de Sabadell (SAB: EUR2.66) climbs 6%; +14c [5.6%] Vol Index 1.7 [1 is avg],urn:newsml:newsroom:20250301:nNRAvkwz9k:0,NS:GLOWEE,SABE.MC
2025-03-01 03:12:20.442,Telefónica appoints Emilio Gayo as new CEO to replace Ángel Vilá,urn:newsml:newsroom:20250301:nNRAvkvuui:0,NS:NOTENG,SABE.MC
2025-02-28 18:15:27.000,"UPDATE 3-Lloyds, Nationwide among UK lenders hit by IT glitches",urn:newsml:reuters.com:20250228:nL2N3PJ0AH:8,NS:RTRS,SABE.MC
2025-02-28 17:22:50.367,Two-bagger Banco de Sabadell (SAB: EUR2.66) climbs 6%; +14c [5.6%] Vol Index 1.7 [1 is avg],urn:newsml:newsroom:20250228:nNRAvkqi9y:0,NS:GLOWEE,SABE.MC
2025-02-28 17:22:21.851,Banco de Sabadell (SAB: EUR2.66) falls 1.1% from 14-day high; -1c [-0.4%] Vol Index 2.2 [1 is avg],urn:newsml:newsroom:20250228:nNRAvkqfrg:0,NS:SPANEW,SABE.MC
2025-02-28 08:53:17.000,EXPLAINER-BBVA's battle for Sabadell heads for next hurdle with competition regulator to rule,urn:newsml:reuters.com:20250228:nL5N3PC1RI:1,NS:RTRS,SABE.MC
2025-02-28 08:12:23.471,Banco de Sabadell's Earnings Growth Outperforms Bankinter,urn:newsml:newsroom:20250228:nNRAvkijfm:0,NS:SPANEW,SABE.MC
2025-02-28 07:32:17.000,Spanish stocks - Factors to watch on Feb 28,urn:newsml:reuters.com:20250228:nL5N3PJ0G1:1,NS:RTRS,SABE.MC
2025-02-28 07:13:07.806,Banco Santander's Earnings Growth Lags Banco de Sabadell,urn:newsml:newsroom:20250228:nNRAvkhren:0,NS:SPANEW,SABE.MC
2025-02-28 07:13:07.745,Banco de Sabadell's Earnings Growth Outperforms Banco Santander,urn:newsml:newsroom:20250228:nNRAvkht1a:0,NS:SPANEW,SABE.MC
2025-02-27 21:13:29.095,BBVA triples the expected accounting profit of buying Sabadell,urn:newsml:newsroom:20250227:nNRAvkcqwh:0,NS:NOTENG,SABE.MC
2025-02-27 17:17:34.368,Banco de Sabadell (SAB: EUR2.67) offers earnings yield of 8.6%; +2c [+0.8%] Vol Index 1.7 [1 is avg],urn:newsml:newsroom:20250227:nNRAvka18i:0,NS:SPANEW,SABE.MC
2025-02-26 18:13:45.883,The largest proxy advisor calls for a vote to punish González-Bueno's salary increase as CEO of Sabadell.,urn:newsml:newsroom:20250226:nNRAvju17h:0,NS:NOTENG,SABE.MC
2025-02-26 17:17:36.989,Banco de Sabadell (SAB: EUR2.65) offers dividend yield of 4.2%; +6c [+2.3%] Vol Index 1.3 [1 is avg],urn:newsml:newsroom:20250226:nNRAvjt1qu:0,NS:SPANEW,SABE.MC
2025-02-26 11:42:45.000,Spain's market supervisor will wait for government to decide on BBVA-Sabadell deal,urn:newsml:reuters.com:20250226:nS8N3OC0C9:1,NS:RTRS,SABE.MC
2025-02-26 10:02:19.958,"Frontier Real Estate Investment (8964: JPY79,300.0) in 2nd consecutive rise",urn:newsml:newsroom:20250226:nNRAvjlyuc:0,NS:NEWJAP,SABE.MC
2025-02-26 08:12:20.680,How Banco de Sabadell's Tax Rate compares to Its Peers,urn:newsml:newsroom:20250226:nNRAvjl7l1:0,NS:SPANEW,SABE.MC
2025-02-25 22:12:12.520,González-Bueno tells investors that Sabadell's target price has risen by 40% while BBVA's has risen by 15%.,urn:newsml:newsroom:20250225:nNRAvjg1lo:0,NS:NOTENG,SABE.MC
2025-02-25 17:17:30.699,Banco de Sabadell (SAB: EUR2.59) hits year-high 23rd time in three months; +3c [+1.2%] Vol Index 2.0 [1 is avg],urn:newsml:newsroom:20250225:nNRAvjcnsq:0,NS:SPANEW,SABE.MC
2025-02-25 09:47:24.546,"Frontier Real Estate Investment (8964: JPY78,800.0) lifts 1.4% on rising relative strength",urn:newsml:newsroom:20250225:nNRAvj5ubl:0,NS:NEWJAP,SABE.MC
2025-02-24 17:22:24.023,"Banco de Sabadell (SAB: EUR2.56) accelerates rise, up 2.4% in 2 days; +6c [+2.4%] Vol Index 1.5 [1 is avg]",urn:newsml:newsroom:20250224:nNRAviw3ct:0,NS:SPANEW,SABE.MC
2025-02-24 15:13:02.622,Banco Bilbao Vizcaya Argentaria continues to underperform Banco de Sabadell by 1.1% in the past month,urn:newsml:newsroom:20250224:nNRAviubuz:0,NS:SPANEW,SABE.MC
2025-02-24 09:12:18.474,How Banco Bilbao Vizcaya Argentaria's dividend compares to Banco de Sabadell,urn:newsml:newsroom:20250224:nNRAvioxqo:0,NS:SPANEW,SABE.MC
2025-02-22 05:21:53.025,Two-bagger Banco de Sabadell (SAB: EUR2.52) increases 1.6%; +4c [1.6%],urn:newsml:newsroom:20250222:nNRAvi6p0k:0,NS:GLOWEE,SABE.MC
2025-02-21 17:22:44.804,Two-bagger Banco de Sabadell (SAB: EUR2.52) increases 1.6%; +4c [1.6%],urn:newsml:newsroom:20250221:nNRAvhzzfi:0,NS:GLOWEE,SABE.MC
2025-02-21 17:18:06.356,Banco de Sabadell (SAB: EUR2.52) offers earnings yield of 9.1%; +2c [+0.8%] Vol Index 1.4 [1 is avg],urn:newsml:newsroom:20250221:nNRAvhzuwe:0,NS:SPANEW,SABE.MC
2025-02-21 09:47:40.822,"Frontier Real Estate Investment (8964: JPY77,700.0) decreases JPY100.0 on below average volume",urn:newsml:newsroom:20250221:nNRAvhsms4:0,NS:NEWJAP,SABE.MC
2025-02-20 17:22:34.813,Banco de Sabadell (SAB: EUR2.50) offers dividend yield of 4.4%; Vol Index 1.3 [1 is avg],urn:newsml:newsroom:20250220:nNRAvhhvvc:0,NS:SPANEW,SABE.MC
2025-02-20 16:52:54.396,Mexico's National Banking and Securities Commission (CNBV) grants BBVA authorization to acquire Banco Sabadell unit in the country,urn:newsml:newsroom:20250220:nNRAvhhc2j:0,NS:PLUCOM,SABE.MC
2025-02-20 16:13:28.335,How Banco Bilbao Vizcaya Argentaria's dividend compares to Banco de Sabadell,urn:newsml:newsroom:20250220:nNRAvhgmp1:0,NS:SPANEW,SABE.MC
2025-02-20 15:13:30.982,How Banco de Sabadell's Tax Rate compares to Its Peers,urn:newsml:newsroom:20250220:nNRAvhfph2:0,NS:SPANEW,SABE.MC
2025-02-20 13:32:08.010,The National Banking and Securities Commission (CNBV) authorizes BBVA to acquire Banco Sabadell's subsidiary in Mexico,urn:newsml:newsroom:20250220:nNRAvhe5po:0,NS:INDBAN,SABE.MC
2025-02-20 10:21:32.000,BBVA - Mexico’s National Banking and Securities Commission (CNBV) grants BBVA authorization to acquire Banco Sabadell unit in the country,urn:newsml:reuters.com:20250220:nNDLb8RN28:1,NS:PUBT,SABE.MC
2025-02-20 09:47:20.495,"Frontier Real Estate Investment (8964: JPY77,800.0) unchanged on weak volume, 0.7 times average",urn:newsml:newsroom:20250220:nNRAvhagso:0,NS:NEWJAP,SABE.MC
2025-02-20 04:12:46.606,CNBV authorizes BBVA's purchase of Sabadell in Mexico; permits from national regulators already obtained,urn:newsml:newsroom:20250220:nNRAvh6nyq:0,NS:NOTENG,SABE.MC
2025-02-20 03:12:08.755,CNBV authorizes BBVA's acquisition of Sabadell's subsidiary in Mexico,urn:newsml:newsroom:20250220:nNRAvh64a8:0,NS:NOTENG,SABE.MC
2025-02-20 02:13:53.892,CNBV authorizes BBVA to acquire Mexican subsidiary of Banco Sabadell,urn:newsml:newsroom:20250220:nNRAvh5qew:0,NS:NOTENG,SABE.MC
2025-02-19 13:12:34.120,The CNBV authorizes BBVA to acquire Banco Sabadell's subsidiary in Mexico.,urn:newsml:newsroom:20250219:nNRAvgxpvo:0,NS:NOTENG,SABE.MC
2025-02-19 11:13:55.406,BBVA receives final authorization in Mexico to proceed with its takeover bid for Sabadell,urn:newsml:newsroom:20250219:nNRAvgvndd:0,NS:NOTENG,SABE.MC
2025-02-19 10:35:14.607,Mexico's National Banking and Securities Commission (CNBV) grants BBVA authorization to acquire Banco Sabadell unit in the country,urn:link:webnews:20250219:nNRAvgv90w:0,NS:FINGEV,SABE.MC
2025-02-19 09:42:10.921,"Frontier Real Estate Investment (8964: JPY77,800.0) increases JPY300.0 on average volume",urn:newsml:newsroom:20250219:nNRAvgub66:0,NS:NEWJAP,SABE.MC
2025-02-19 06:30:00.000,Mexico's National Banking and Securities Commission (CNBV) grants BBVA authorization to acquire Banco Sabadell unit in the country,urn:newsml:newsroom:20250222:nNRAvi9x9e:0,NS:INDBAN,SABE.MC
2025-02-18 16:47:27.306,Banco de Sabadell (SAB: EUR2.54) hits year-high 20th time in three months; +5c [+2.0%] Vol Index 3.3 [1 is avg],urn:newsml:newsroom:20250218:nNRAvgjv3e:0,NS:SPANEW,SABE.MC
2025-02-18 09:52:11.478,"Frontier Real Estate Investment (8964: JPY77,500.0) hits year-low 17th time in three months",urn:newsml:newsroom:20250218:nNRAvgcz9g:0,NS:NEWJAP,SABE.MC
2025-02-17 22:42:06.971,JC Flowers Acquires Majority Stake in Heymondo (Smart Insurance Correduria de Seguros),urn:newsml:reuters.com:20250217:nNRAvg79js:1,NS:DATMTR,SABE.MC
2025-02-17 17:12:12.766,Banco de Sabadell (SAB: EUR2.49) hits year-high 19th time in three months; +1c [+0.4%] Vol Index 4.1 [1 is avg],urn:newsml:newsroom:20250217:nNRAvg4nmk:0,NS:SPANEW,SABE.MC
2025-02-17 07:07:44.643,Banco Bilbao Vizcaya Argentaria continues to underperform Banco de Sabadell by 4.4% year to date,urn:newsml:newsroom:20250217:nNRAvfxn8x:0,NS:SPANEW,SABE.MC
2025-02-17 07:07:36.976,Two-bagger Banco de Sabadell (SAB: EUR2.48) climbs 4.2%; +10c [4.2%] Vol Index 5.1 [1 is avg],urn:newsml:newsroom:20250217:nNRAvfxnqn:0,NS:SPANEW,SABE.MC
2025-02-16 07:11:53.649,The CNMV will approve BBVA's takeover bid once the CNMC's opinion is known.,urn:newsml:newsroom:20250216:nNRAvfpzaj:0,NS:NOTENG,SABE.MC
2025-02-15 05:56:51.580,Two-bagger Banco de Sabadell (SAB: EUR2.48) climbs 4.2%; +10c [4.2%] Vol Index 5.1 [1 is avg],urn:newsml:newsroom:20250215:nNRAvfhs59:0,NS:GLOWEE,SABE.MC
2025-02-14 16:53:27.000,Two-bagger Banco de Sabadell (SAB: EUR2.48) climbs 4.2%; +10c [4.2%] Vol Index 5.1 [1 is avg],urn:newsml:newsroom:20250214:nNRAvfal4i:0,NS:GLOWEE,SABE.MC
2025-02-14 16:52:33.719,Two-bagger Banco de Sabadell (SAB: EUR2.48) climbs 4.2%; +10c [4.2%] Vol Index 5.1 [1 is avg],urn:newsml:newsroom:20250214:nNRAvfagdd:0,NS:SPANEW,SABE.MC
2025-02-14 16:48:53.351,Banco de Sabadell (SAB: EUR2.48) offers earnings yield of 9.3%; +3c [+1.2%] Vol Index 4.6 [1 is avg],urn:newsml:newsroom:20250214:nNRAvfacn8:0,NS:SPANEW,SABE.MC
2025-02-14 12:02:10.023,Banco de Sabadell surges 37% in past 3 months,urn:newsml:newsroom:20250214:nNRAvf4vhl:0,NS:GLOROU,SABE.MC
2025-02-14 08:02:20.318,Banco de Sabadell surges 37% in past 3 months,urn:newsml:newsroom:20250214:nNRAvf17e9:0,NS:GLOROU,SABE.MC
2025-02-14 04:02:45.725,Banco de Sabadell surges 37% in past 3 months,urn:newsml:newsroom:20250214:nNRAveynu0:0,NS:GLOROU,SABE.MC
2025-02-13 16:47:36.899,Banco de Sabadell (SAB: EUR2.45) offers dividend yield of 4.5%; Vol Index 6.6 [1 is avg],urn:newsml:newsroom:20250213:nNRAverx1w:0,NS:SPANEW,SABE.MC
2025-02-12 19:07:12.973,"Banco de Sabadell files SEC Form 13F: Q4 2024 - Reported AUM down 4.5% Corporate Wire Date: Wednesday February 12, 2025 04:13 EST",urn:newsml:newsroom:20250212:nNRAvecov8:0,NS:GLOUPI,SABE.MC
2025-02-12 16:47:41.312,Banco de Sabadell (SAB: EUR2.45) offers dividend yield of 4.5%; +5c [+2.1%] Vol Index 5.6 [1 is avg],urn:newsml:newsroom:20250212:nNRAveaq5r:0,NS:SPANEW,SABE.MC
2025-02-12 10:07:40.814,Banco de Sabadell's Earnings Growth Outperforms Banco Santander,urn:newsml:newsroom:20250212:nNRAve4cxm:0,NS:SPANEW,SABE.MC
2025-02-12 09:07:49.806,Banco de Sabadell's Earnings Growth Outperforms Bankinter,urn:newsml:newsroom:20250212:nNRAve3i8p:0,NS:SPANEW,SABE.MC
2025-02-11 20:11:51.660,Sabadell's exposure to DANA amounts to 396 million euros and incurs 45 million in losses,urn:newsml:newsroom:20250211:nNRAvdvlka:0,NS:NOTENG,SABE.MC
2025-02-11 18:07:53.021,Banco de Sabadell's Earnings Growth Outperforms Peers,urn:newsml:newsroom:20250211:nNRAvdu67g:0,NS:SPANEW,SABE.MC
2025-02-11 17:08:09.862,Banco Santander's Earnings Growth Lags Banco de Sabadell,urn:newsml:newsroom:20250211:nNRAvdt96l:0,NS:SPANEW,SABE.MC
2025-02-11 17:08:06.817,How Banco de Sabadell's Tax Rate compares to Its Peers,urn:newsml:newsroom:20250211:nNRAvdtauj:0,NS:SPANEW,SABE.MC
2025-02-11 16:47:38.574,Two-bagger Banco de Sabadell (SAB: EUR2.40) lifts 1.7% on extraordinary volume; +4c [+1.7%] Vol Index 3.7 [1 is avg],urn:newsml:newsroom:20250211:nNRAvdsy81:0,NS:SPANEW,SABE.MC
2025-02-11 10:13:18.509,Sabadell board to vote on Gonzalez-Bueno's re-election on March 20,urn:newsml:newsroom:20250211:nNRAvdmvpk:0,NS:NOTENG,SABE.MC
2025-02-11 10:13:18.328,Sabadell and Antai Ventures join forces to launch a 100 million venture capital fund of funds,urn:newsml:newsroom:20250211:nNRAvdmx0m:0,NS:NOTENG,SABE.MC
2025-02-11 10:13:00.276,Banco Sabadell convenes its board meeting for March and will propose to renew González-Bueno as CEO,urn:newsml:newsroom:20250211:nNRAvdmvnz:0,NS:NOTENG,SABE.MC
2025-02-11 09:13:47.680,Banco Sabadell convenes its board meeting for March and will propose to renew González-Bueno as CEO,urn:newsml:newsroom:20250211:nNRAvdlz5g:0,NS:NOTENG,SABE.MC
2025-02-11 09:08:34.667,How Banco Bilbao Vizcaya Argentaria's dividend compares to Banco de Sabadell,urn:newsml:newsroom:20250211:nNRAvdlwpt:0,NS:SPANEW,SABE.MC
2025-02-11 07:58:59.000,Banco de Sabadell SA - Report by the Risk Committee 2024,urn:newsml:reuters.com:20250211:nNDL7jhq0w:1,NS:PUBT,SABE.MC
2025-02-11 07:13:31.000,Banco de Sabadell SA - Individual Annual Financial Report 2024,urn:newsml:reuters.com:20250211:nNDLQ5j91:1,NS:PUBT,SABE.MC
2025-02-11 07:09:38.000,Banco de Sabadell SA - Consolidated Annual Financial Report 2024,urn:newsml:reuters.com:20250211:nNDL2wb3MH:1,NS:PUBT,SABE.MC
2025-02-11 04:20:26.769,"(EN) Banco de Sabadell, S.A. Full Year Presentation (82249226)",urn:newsml:reuters.com:20250211:nGLF4vNHWH:3,NS:GLFILE,SABE.MC
2025-02-11 03:13:35.438,The limited margin of the Government to tighten the CNMC's conditions for BBVA's takeover bid for Sabadell,urn:newsml:newsroom:20250211:nNRAvdi8my:0,NS:NOTENG,SABE.MC
2025-02-10 23:13:11.746,Banco Sabadell Mexico Posts 30% Profit Growth in 2024,urn:newsml:newsroom:20250210:nNRAvdgjo4:0,NS:NOTENG,SABE.MC
2025-02-10 22:41:54.249,Banco Sabadell Mexico Posts 30% Profit Growth in 2024,urn:newsml:newsroom:20250210:nNRAvdg9xh:0,NS:MEXSPA,SABE.MC
2025-02-10 17:02:56.000,Shrinking books stand out as primary pace quickens in FIG,urn:newsml:reuters.com:20250210:nIfp18vLt0:1,NS:IFR,SABE.MC
2025-02-10 16:47:06.168,Banco de Sabadell (SAB: EUR2.36) offers earnings yield of 9.8%; -2c [-0.8%] Vol Index 4.7 [1 is avg],urn:newsml:newsroom:20250210:nNRAvdclug:0,NS:SPANEW,SABE.MC
2025-02-10 10:42:23.000,"UPDATE 1-BBVA remedies in takeover bid are insufficient, Sabadell's CEO says",urn:newsml:reuters.com:20250210:nL8N3P10M9:2,NS:RTRS,SABE.MC
2025-02-10 09:23:52.000,"BBVA remedies in takeover bid are insufficient, Sabadell's CEO says",urn:newsml:reuters.com:20250210:nS0N3M60JL:1,NS:RTRS,SABE.MC
2025-02-10 07:08:04.158,Banco Bilbao Vizcaya Argentaria continues to underperform Banco de Sabadell by 8.4% in the past three months,urn:newsml:newsroom:20250210:nNRAvd4u5g:0,NS:SPANEW,SABE.MC
2025-02-09 02:54:07.185,Banco de Sabadell SA (BNDSF) Q4 2024 Earnings Call Highlights: Record Profits and Strategic ...,urn:link:webnews:20250209:nNRAvcwn3d:0,NS:YAHNEX,SABE.MC
2025-02-08 07:07:35.412,Banco de Sabadell SA (BNDSF) Q4 2024 Earnings Call Highlights: Record Profits and Strategic ...,urn:newsml:newsroom:20250208:nNRAvcpkxw:0,NS:GURCOM,SABE.MC
2025-02-08 06:31:50.840,TSB announces 2024 financial results,urn:newsml:newsroom:20250208:nNRAvcpeex:0,NS:INDBAN,SABE.MC
2025-02-08 05:51:51.335,Two-bagger Banco de Sabadell (SAB: EUR2.38) climbs 4.4%; +10c [4.4%] Vol Index 5.7 [1 is avg],urn:newsml:newsroom:20250208:nNRAvcp609:0,NS:GLOWEE,SABE.MC
2025-02-08 05:12:21.935,Q4 2024 Banco de Sabadell SA Earnings Call Transcript,urn:newsml:newsroom:20250208:nNRAvcotmi:0,NS:GURCOM,SABE.MC
2025-02-07 22:12:54.543,Banco Sabadell earns a record 1.827 billion and raises remuneration to 3.3 billion,urn:newsml:newsroom:20250207:nNRAvcm0jy:0,NS:NOTENG,SABE.MC
2025-02-07 17:54:12.966,TSB pays record dividend to Spanish parent group as profits top 290m,urn:link:webnews:20250207:nNRAvcj283:0,NS:MSNUKA,SABE.MC
2025-02-07 16:48:15.453,Two-bagger Banco de Sabadell (SAB: EUR2.38) climbs 4.4%; +10c [4.4%] Vol Index 5.7 [1 is avg],urn:newsml:newsroom:20250207:nNRAvchw72:0,NS:GLOWEE,SABE.MC
2025-02-07 16:47:20.427,"Banco de Sabadell (SAB: EUR2.38) decreases, 9 days' volume in a day; -2c [-0.8%] Vol Index 8.7 [1 is avg]",urn:newsml:newsroom:20250207:nNRAvchtzt:0,NS:SPANEW,SABE.MC
2025-02-07 16:12:12.576,"González-Bueno (Sabadell): ""At this price, the takeover bid makes no sense because nobody is going to exchange their shares to lose money"".",urn:newsml:newsroom:20250207:nNRAvchbtc:0,NS:NOTENG,SABE.MC
2025-02-07 15:12:02.822,"Banco de Sabadell, S.A. (BNDSF) Q4 2024 Earnings Call Transcript",urn:newsml:newsroom:20250207:nNRAvcgitd:0,NS:SEECOM,SABE.MC
2025-02-07 14:02:25.611,TSB pays record dividend to Spanish parent group as profits top £290m,urn:newsml:newsroom:20250207:nNRAvcfmy9:0,NS:DAIONL,SABE.MC
2025-02-07 12:27:07.786,Banco de Sabadell surges 33% in past 3 months,urn:newsml:newsroom:20250207:nNRAvce29g:0,NS:GLOROU,SABE.MC
2025-02-07 12:03:41.457,Sabadell's CEO: At Current Market Prices BBVA Offer Does Not Make Sense,urn:newsml:reuters.com:20250207:nRSD2QdvT7:1,NS:SIGDEV,SABE.MC
2025-02-07 11:53:32.000,BRIEF-Sabadell's CEO: At Current Market Prices BBVA Offer Does Not Make Sense,urn:newsml:reuters.com:20250207:nS0N3M60JH:1,NS:RTRS,SABE.MC
2025-02-07 11:13:16.796,"Sabadell faces BBVA's takeover bid with a record profit of 1,827 million and increases the payment to shareholders by 400 million",urn:newsml:newsroom:20250207:nNRAvcd1v8:0,NS:NOTENG,SABE.MC
2025-02-07 10:23:39.000,UPDATE 3-Sabadell ups payout target to $3.43 billion in BBVA takeover tussle,urn:newsml:reuters.com:20250207:nL8N3OY0A5:2,NS:RTRS,SABE.MC
2025-02-07 10:14:14.123,Banco Sabadell falls almost 2% despite earning 37.1% more in 2024 and announcing dividend and two buybacks,urn:newsml:newsroom:20250207:nNRAvcc87g:0,NS:NOTENG,SABE.MC
2025-02-07 10:13:10.062,Sabadell obtains a record profit of 1.827 billion in the midst of BBVA's takeover bid,urn:newsml:newsroom:20250207:nNRAvcc95e:0,NS:NOTENG,SABE.MC
2025-02-07 10:12:39.422,"Banco Sabadell achieves a record profit of 1,827 million in 2024, up 37%.",urn:newsml:newsroom:20250207:nNRAvcc93e:0,NS:NOTENG,SABE.MC
2025-02-07 10:12:35.517,Sabadell triples dividend to stop BBVA's takeover bid after earning 1.827 billion,urn:newsml:newsroom:20250207:nNRAvcc8c7:0,NS:NOTENG,SABE.MC
2025-02-07 09:34:14.956,"Authorization Timeline Of BBVA's Takeover Bid Could Last Until June, Sabadell's CEO Says",urn:newsml:reuters.com:20250207:nRSD9MQDvT:1,NS:SIGDEV,SABE.MC
2025-02-07 09:23:43.000,"BRIEF-Authorization Timeline Of BBVA's Takeover Bid Could Last Until June, Sabadell's CEO Says",urn:newsml:reuters.com:20250207:nS0N3M60JG:1,NS:RTRS,SABE.MC
2025-02-07 09:17:37.785,Banco de Sabadell surges 33% in past 3 months,urn:newsml:newsroom:20250207:nNRAvcb5yn:0,NS:GLOROU,SABE.MC
2025-02-07 09:09:12.337,Sabadell Sees Impact Of Around 140 Million Euros From New Banking Tax In Spain,urn:newsml:reuters.com:20250207:nRSDbNSftD:1,NS:SIGDEV,SABE.MC
2025-02-07 08:59:51.762,Sabadell Expects NII To Decline By A Low-Single Digit Ex-TSB In 2025,urn:newsml:reuters.com:20250207:nRSDsw4CM:1,NS:SIGDEV,SABE.MC
2025-02-07 08:55:56.000,BRIEF-Sabadell Sees Impact Of Around 140 Million Euros From New Banking Tax In Spain,urn:newsml:reuters.com:20250207:nS0N3G002R:1,NS:RTRS,SABE.MC
2025-02-07 08:45:12.000,BRIEF-Sabadell Expects NII To Decline By A Low-Single Digit Ex-TSB In 2025,urn:newsml:reuters.com:20250207:nS0N3G002G:1,NS:RTRS,SABE.MC
2025-02-07 08:34:39.342,"Sabadell's Q4 net profit rises 75%, unveils share buyback of 1 billion euros",urn:link:webnews:20250207:nNRAvcam1s:0,NS:MSNUKA,SABE.MC
2025-02-07 08:13:48.442,"Banco Sabadell earns 1.827 billion in 2024, up 37.1%, and raises remuneration to 3.3 billion",urn:newsml:newsroom:20250207:nNRAvcafx8:0,NS:NOTENG,SABE.MC
2025-02-07 08:11:54.569,"Banco de Sabadell, S.A. reports FY results",urn:newsml:newsroom:20250207:nNRAvcaej1:0,NS:SEECOM,SABE.MC
2025-02-07 08:00:00.000,Q4 2024 Banco de Sabadell SA Earnings Call,urn:newsml:reuters.com:20250207:nTRN6P6cLk:1,NS:TRANS,SABE.MC
2025-02-07 07:26:47.000,Spanish stocks - Factors to watch on Feb 7,urn:newsml:reuters.com:20250207:nL8N3OY0FE:1,NS:RTRS,SABE.MC
2025-02-07 07:14:00.754,"Banco Sabadell achieves a record profit of 1,827 million and raises shareholder remuneration to 3,300 million before the decisive tranche of BBVA's...",urn:newsml:newsroom:20250207:nNRAvc9na1:0,NS:NOTENG,SABE.MC
2025-02-07 07:09:51.175,REG - TSB Bank PLC TSB Banking Gp - Annual Financial Report,urn:newsml:newsroom:20250207:nRSG3282Wa:0,NS:LSE,SABE.MC
2025-02-07 07:09:49.000,REG - TSB Bank PLC TSB Banking Gp  - Annual Financial Report,urn:newsml:reuters.com:20250207:nRSG3282Wa:1,NS:LSE,SABE.MC
2025-02-07 07:00:06.109,REG - TSB Banking Gp TSB Bank PLC - Annual Financial Report,urn:newsml:newsroom:20250207:nRSG3278Wa:0,NS:LSE,SABE.MC
2025-02-07 07:00:01.000,REG - TSB Banking Gp TSB Bank PLC  - Annual Financial Report,urn:newsml:reuters.com:20250207:nRSG3278Wa:1,NS:LSE,SABE.MC
2025-02-07 06:45:28.000,TSB Banking Group plc - 2024 Annual Report & Accounts of TSB Banking Group plc,urn:newsml:reuters.com:20250207:nNDL5D3pjB:1,NS:PUBT,SABE.MC
2025-02-07 06:24:50.118,"Sabadell Remuneration Charged To 2024 Includes Dividends In Cash, And A 1.00 Bln Euro Share Buyback Programme",urn:newsml:reuters.com:20250207:nRSD3phx0h:1,NS:SIGDEV,SABE.MC
2025-02-07 06:24:39.272,Sabadell Says TSB Plans To Increase Profit By Around Mid-Teens In Current Year And To Continue To Increasing It In 2026,urn:newsml:reuters.com:20250207:nRSD3mWGMf:1,NS:SIGDEV,SABE.MC
2025-02-07 06:24:39.137,Sabadell Q4 Net Interest Income 1.28 Bln Euros,urn:newsml:reuters.com:20250207:nRSD4BN6tB:1,NS:SIGDEV,SABE.MC
2025-02-07 06:24:39.003,Sabadell To Propose Two Share Buyback Programmes,urn:newsml:reuters.com:20250207:nRSD1sJNDp:1,NS:SIGDEV,SABE.MC
2025-02-07 06:24:38.867,Sabadell Plans To Hold Capital Markets Day With Financial Guidance Until 2027 In Q2,urn:newsml:reuters.com:20250207:nRSD4khggY:1,NS:SIGDEV,SABE.MC
2025-02-07 06:19:29.000,Banco de Sabadell SA - 4Q24 Financial Report,urn:newsml:reuters.com:20250207:nNDL9BWZsh:1,NS:PUBT,SABE.MC
2025-02-07 06:19:11.000,Banco de Sabadell SA - 4Q24 Results Presentation,urn:newsml:reuters.com:20250207:nNDL4FvdSf:1,NS:PUBT,SABE.MC
2025-02-07 06:13:49.000,"BRIEF-Sabadell Remuneration Charged To 2024 Includes Dividends In Cash, And A 1.00 Bln Euro Share Buyback Programme",urn:newsml:reuters.com:20250207:nS8N3MC0AA:1,NS:RTRS,SABE.MC
2025-02-07 06:12:49.000,BRIEF-Sabadell Raises Estimate Of Shareholder Remuneration Charged To 2024 And 2025 Results To 3.30 BLn Euros,urn:newsml:reuters.com:20250207:nS8N3MC0A8:1,NS:RTRS,SABE.MC
2025-02-07 06:12:39.000,BRIEF-Sabadell Plans To Hold Capital Markets Day With Financial Guidance Until 2027 In Q2,urn:newsml:reuters.com:20250207:nS8N3MC0AB:1,NS:RTRS,SABE.MC
2025-02-07 06:11:34.000,BRIEF-Sabadell Says TSB Plans To Increase Profit By Around Mid-Teens In Current Year And To Continue To Increasing It In 2026,urn:newsml:reuters.com:20250207:nS8N3MC0A7:1,NS:RTRS,SABE.MC
2025-02-07 06:10:35.000,BRIEF-Sabadell To Propose Two Share Buyback Programmes,urn:newsml:reuters.com:20250207:nFWN3OX217:1,NS:RTRS,SABE.MC
2025-02-07 06:10:27.000,BRIEF-Sabadell Q4 Net Interest Income 1.28 Bln Euros,urn:newsml:reuters.com:20250207:nS8N3MC0A5:1,NS:RTRS,SABE.MC
2025-02-07 05:59:50.000,Sabadell's Q4 net profit rises 75% from same period in 2023,urn:newsml:reuters.com:20250207:nL8N3OX34I:2,NS:RTRS,SABE.MC
2025-02-07 04:22:19.737,Banco de Sabadell surges 33% in past 3 months,urn:newsml:newsroom:20250207:nNRAvc7u18:0,NS:GLOROU,SABE.MC
2025-02-07 04:12:36.409,Sabadell appoints Margarita Salvans and Gloria Hernández as independent board members,urn:newsml:newsroom:20250207:nNRAvc7s02:0,NS:NOTENG,SABE.MC
2025-02-06 18:13:27.196,DKV signs González-Molero as chairman after leaving Sabadell's board of directors,urn:newsml:newsroom:20250206:nNRAvc25q2:0,NS:NOTENG,SABE.MC
2025-02-06 16:47:34.483,Banco de Sabadell (SAB: EUR2.40) offers dividend yield of 4.6%; +12c [+5.3%] Vol Index 7.6 [1 is avg],urn:newsml:newsroom:20250206:nNRAvc0qp9:0,NS:SPANEW,SABE.MC
2025-02-06 14:41:38.995,Sabadell presents its results: these factors will move its stock market price,urn:newsml:newsroom:20250206:nNRAvbz1os:0,NS:CENAFT,SABE.MC
2025-02-06 06:13:05.609,Sabadell will reduce its non-performing loans below 3% for the first time since 2008,urn:newsml:newsroom:20250206:nNRAvbrv1u:0,NS:NOTENG,SABE.MC
2025-02-05 16:47:48.249,Banco de Sabadell (SAB: EUR2.28) up 2.2% in 2 days; +5c [+2.2%] Vol Index 3.3 [1 is avg],urn:newsml:newsroom:20250205:nNRAvbk030:0,NS:SPANEW,SABE.MC
2025-02-05 12:07:22.534,Banco de Sabadell jumps 22% in past 3 months,urn:newsml:newsroom:20250205:nNRAvbfxox:0,NS:GLOROU,SABE.MC
2025-02-05 09:07:54.001,Banco de Sabadell's Earnings Growth Outperforms Banco Santander,urn:newsml:newsroom:20250205:nNRAvbd76q:0,NS:SPANEW,SABE.MC
2025-02-05 08:42:23.424,Banco de Sabadell jumps 22% in past 3 months,urn:newsml:newsroom:20250205:nNRAvbcrhp:0,NS:GLOROU,SABE.MC
2025-02-05 04:02:09.679,Banco de Sabadell jumps 22% in past 3 months,urn:newsml:newsroom:20250205:nNRAvb9hnt:0,NS:GLOROU,SABE.MC
2025-02-04 18:07:50.914,Banco Santander's Earnings Growth Lags Banco de Sabadell,urn:newsml:newsroom:20250204:nNRAvb3w46:0,NS:SPANEW,SABE.MC
2025-02-04 18:07:49.472,Banco de Sabadell's Earnings Growth Outperforms Bankinter,urn:newsml:newsroom:20250204:nNRAvb3wrj:0,NS:SPANEW,SABE.MC
2025-02-04 17:07:57.867,Banco de Sabadell's Earnings Growth Outperforms Peers,urn:newsml:newsroom:20250204:nNRAvb304l:0,NS:SPANEW,SABE.MC
2025-02-04 16:47:32.222,Banco de Sabadell (SAB: EUR2.27) offers earnings yield of 10.1%; +4c [+1.8%] Vol Index 2.5 [1 is avg],urn:newsml:newsroom:20250204:nNRAvb2oj2:0,NS:SPANEW,SABE.MC
2025-02-04 16:08:15.325,How Banco de Sabadell's Tax Rate compares to Its Peers,urn:newsml:newsroom:20250204:nNRAvb24ez:0,NS:SPANEW,SABE.MC
2025-02-04 15:43:30.645,Monthly: Banco de Sabadell (SAB: EUR2.28) in top 1% performers of IBEX 35 Index in January 2025,urn:newsml:newsroom:20250204:nNRAvb1p7e:0,NS:GLOSTP,SABE.MC
2025-02-04 12:12:54.839,"Sabadell appoints Marc Armengol as new CEO of TSB to replace Robin Bulloch, who is retiring",urn:newsml:newsroom:20250204:nNRAvaynro:0,NS:NOTENG,SABE.MC
2025-02-04 09:09:02.293,How Banco Bilbao Vizcaya Argentaria's dividend compares to Banco de Sabadell,urn:newsml:newsroom:20250204:nNRAvavo3k:0,NS:SPANEW,SABE.MC
2025-02-03 16:53:31.691,Banco de Sabadell (SAB: EUR2.23) down 3.0% in 2 days; -7c [-3.0%] Vol Index 4.8 [1 is avg],urn:newsml:newsroom:20250203:nNRAvalvet:0,NS:SPANEW,SABE.MC
2025-02-03 07:09:06.258,Banco Bilbao Vizcaya Argentaria continues to underperform Banco de Sabadell by 4.5% in the past month,urn:newsml:newsroom:20250203:nNRAvadww4:0,NS:SPANEW,SABE.MC
2025-02-03 07:07:58.606,Monthly: Banco de Sabadell (SAB: EUR2.28) in top 1% performers of IBEX 35 Index in January 2025,urn:newsml:newsroom:20250203:nNRAvadu6i:0,NS:SPANEW,SABE.MC
2025-02-02 09:36:09.445,Carlos Torres Vila says the combination of BBVA and Sabadell will create more value for shareholders than if the two banks went it alone,urn:newsml:newsroom:20250202:nNRAva6qp5:0,NS:EURUNI,SABE.MC
2025-02-01 08:12:32.617,European Commission authorizes BBVA's takeover bid for Banco Sabadell,urn:newsml:newsroom:20250201:nNRAv9yvi1:0,NS:NOTENG,SABE.MC
2025-02-01 05:56:56.746,Weekly: Banco de Sabadell (SAB: EUR2.28) lifts 3.2% - outperforming 81% of stocks; +7c [3.2%] Vol Index 4.0 [1 is avg],urn:newsml:newsroom:20250201:nNRAv9xuv8:0,NS:GLOWEE,SABE.MC
2025-01-31 16:57:43.625,Monthly: Banco de Sabadell (SAB: EUR2.28) in top 1% performers of IBEX 35 Index in January 2025,urn:newsml:newsroom:20250131:nNRAv9qput:0,NS:GLOSTP,SABE.MC
2025-01-31 16:52:52.665,Weekly: Banco de Sabadell (SAB: EUR2.28) lifts 3.2% - outperforming 81% of stocks; +7c [3.2%] Vol Index 4.0 [1 is avg],urn:newsml:newsroom:20250131:nNRAv9qmer:0,NS:GLOWEE,SABE.MC
2025-01-31 16:48:48.534,Banco de Sabadell (SAB: EUR2.28) offers dividend yield of 4.8%; -2c [0.9%] Vol Index 3.6 [1 is avg],urn:newsml:newsroom:20250131:nNRAv9qffu:0,NS:SPANEW,SABE.MC
2025-01-30 21:08:37.976,Carlos Torres Vila insists that the merger between BBVA and Sabadell will create more value for shareholders than if the two banks went it alone,urn:link:webnews:20250130:nNRAv9dcx5:0,NS:FINGEV,SABE.MC
2025-01-30 16:47:24.435,Banco de Sabadell (SAB: EUR2.30) hits year-high 13th time in one month; +2c [0.9%] Vol Index 5.6 [1 is avg],urn:newsml:newsroom:20250130:nNRAv9ag6q:0,NS:SPANEW,SABE.MC
2025-01-30 13:21:14.657,"BBVA Has Still Not Given Any Figures Of Potential Layoffs From Sabadell Deal, Chairman Says",urn:newsml:reuters.com:20250130:nRSD1fyfRh:1,NS:SIGDEV,SABE.MC
2025-01-30 13:10:05.000,"BRIEF-BBVA Has Still Not Given Any Figures Of Potential Layoffs From Sabadell Deal, Chairman Says",urn:newsml:reuters.com:20250130:nS0N3G002C:1,NS:RTRS,SABE.MC
2025-01-30 12:21:53.264,Chairman Of BBVA: Central Scenario For Sabadell Bid Contemplates Full Merger,urn:newsml:reuters.com:20250130:nRSD47Jhw7:1,NS:SIGDEV,SABE.MC
2025-01-30 12:13:44.000,BRIEF-Chairman Of BBVA: Central Scenario For Sabadell Bid Contemplates Full Merger,urn:newsml:reuters.com:20250130:nS0N3G002F:1,NS:RTRS,SABE.MC
2025-01-30 12:13:16.720,BBVA Chairman: Sabadell's Decision To Transfer Headquarter Does Not Change Rationale Of The Deal,urn:newsml:reuters.com:20250130:nRSD6YHqPz:1,NS:SIGDEV,SABE.MC
2025-01-30 12:13:16.600,BBVA Chairman: No Room To Improve Offer For Sabadell,urn:newsml:reuters.com:20250130:nRSD3G6zHx:1,NS:SIGDEV,SABE.MC
2025-01-30 12:03:36.000,BRIEF-BBVA Chairman: Sabadell's Decision To Transfer Headquarter Does Not Change Rationale Of The Deal,urn:newsml:reuters.com:20250130:nS0N3G002E:1,NS:RTRS,SABE.MC
2025-01-30 12:01:47.000,BRIEF-BBVA Chairman: No Room To Improve Offer For Sabadell,urn:newsml:reuters.com:20250130:nS0N3G001S:1,NS:RTRS,SABE.MC
2025-01-30 10:13:08.057,"BBVA exceeds 10 billion euros in profits in 2024, 25.4% more than in the previous year",urn:newsml:newsroom:20250130:nNRAv94s9a:0,NS:NOTENG,SABE.MC
2025-01-30 09:09:23.000,"BUZZ-BBVA rises on Q4 net profit beat, share buyback",urn:newsml:reuters.com:20250130:nL5N3OQ0OW:1,NS:RTRS,SABE.MC
2025-01-30 08:13:43.600,"BBVA exceeds 10 billion euros in profits in 2024, 25.4% more than in the previous year",urn:newsml:newsroom:20250130:nNRAv93ecp:0,NS:NOTENG,SABE.MC
2025-01-30 08:13:32.113,BBVA's profit rises 25% and exceeds 10 billion euros for the first time in the run-up to the takeover bid for Banco Sabadell,urn:newsml:newsroom:20250130:nNRAv93d34:0,NS:NOTENG,SABE.MC
2025-01-30 08:13:19.914,"BBVA reaches 10,000M in profit (+25%) and launches a 1,000M buyback",urn:newsml:newsroom:20250130:nNRAv93dyh:0,NS:NOTENG,SABE.MC
2025-01-30 08:12:42.825,Sabadell finalizes a three-year strategic plan with improved profitability,urn:newsml:newsroom:20250130:nNRAv93coo:0,NS:NOTENG,SABE.MC
2025-01-30 07:13:01.777,"BBVA targets Sabadell with record profit of more than 10 billion, share buyback and dividend hike",urn:newsml:newsroom:20250130:nNRAv92rlw:0,NS:NOTENG,SABE.MC
2025-01-30 06:30:00.000,Carlos Torres Vila says the combination of BBVA and Sabadell will create more value for shareholders than if the two banks went it alone,urn:newsml:newsroom:20250210:nNRAvd8q2s:0,NS:INDBAN,SABE.MC
2025-01-30 06:00:00.000,BREAKINGVIEWS-Hostile EU bank M&A raises risk of winner’s curse,urn:newsml:reuters.com:20250130:nL5N3OP0SC:2,NS:RTRS,SABE.MC
2025-01-29 16:47:19.852,Banco de Sabadell (SAB: EUR2.28) offers earnings yield of 10.1%; +2c [0.9%] Vol Index 3.0 [1 is avg],urn:newsml:newsroom:20250129:nNRAv8ub18:0,NS:GLOSTO,SABE.MC
2025-01-29 09:07:20.051,Banco de Sabadell's Earnings Growth Outperforms Bankinter,urn:newsml:newsroom:20250129:nNRAv8nv5g:0,NS:SPANEW,SABE.MC
2025-01-28 18:07:50.578,Banco Santander's Earnings Growth Lags Banco de Sabadell,urn:newsml:newsroom:20250128:nNRAv8fmt9:0,NS:SPANEW,SABE.MC
2025-01-28 18:07:50.010,Banco de Sabadell's Earnings Growth Outperforms Banco Santander,urn:newsml:newsroom:20250128:nNRAv8fmta:0,NS:SPANEW,SABE.MC
2025-01-28 17:07:43.281,Banco de Sabadell's Earnings Growth Outperforms Peers,urn:newsml:newsroom:20250128:nNRAv8erd2:0,NS:SPANEW,SABE.MC
2025-01-28 16:47:44.371,Banco de Sabadell (SAB: EUR2.26) hits year-high 11th time in one month; +4c [1.8%] Vol Index 4.0 [1 is avg],urn:newsml:newsroom:20250128:nNRAv8efw7:0,NS:GLOSTO,SABE.MC
2025-01-28 16:08:02.772,How Banco de Sabadell's Tax Rate compares to Its Peers,urn:newsml:newsroom:20250128:nNRAv8dxa4:0,NS:SPANEW,SABE.MC
2025-01-28 09:08:34.283,How Banco Bilbao Vizcaya Argentaria's dividend compares to Banco de Sabadell,urn:newsml:newsroom:20250128:nNRAv87pzg:0,NS:SPANEW,SABE.MC
2025-01-27 16:47:35.631,Banco de Sabadell (SAB: EUR2.22) offers dividend yield of 5%; +1c [0.5%] Vol Index 3.3 [1 is avg],urn:newsml:newsroom:20250127:nNRAv7yqqy:0,NS:GLOSTO,SABE.MC
2025-01-27 07:07:53.574,Banco Bilbao Vizcaya Argentaria continues to underperform Banco de Sabadell by 4.2% in the past month,urn:newsml:newsroom:20250127:nNRAv7re4l:0,NS:SPANEW,SABE.MC
2025-01-25 05:52:06.144,Weekly: Banco de Sabadell (SAB: EUR2.21) in top 4% performers of Spanish market in past week; +11c [5.2%] Vol Index 3.3 [1 is avg],urn:newsml:newsroom:20250125:nNRAv7bp3d:0,NS:GLOWEE,SABE.MC
2025-01-24 16:53:20.871,Weekly: Banco de Sabadell (SAB: EUR2.21) in top 4% performers of Spanish market in past week; +11c [5.2%] Vol Index 3.3 [1 is avg],urn:newsml:newsroom:20250124:nNRAv74w1w:0,NS:GLOWEE,SABE.MC
2025-01-24 16:47:52.295,Banco de Sabadell (SAB: EUR2.21) hits year-high 9th time in one month; +2c [0.9%] Vol Index 3.6 [1 is avg],urn:newsml:newsroom:20250124:nNRAv74quf:0,NS:GLOSTO,SABE.MC
2025-01-23 16:47:38.128,Banco de Sabadell (SAB: EUR2.19) offers earnings yield of 10.5%; +8c [3.8%] Vol Index 3.5 [1 is avg],urn:newsml:newsroom:20250123:nNRAv6of7e:0,NS:GLOSTO,SABE.MC
2025-01-23 12:12:11.337,"The Generalitat Valenciana refinances 1.8 billion of debt with BBVA, Abanca and Sabadell",urn:newsml:newsroom:20250123:nNRAv6kg9o:0,NS:NOTENG,SABE.MC
2025-01-23 07:34:03.000,Spanish stocks - Factors to watch on Jan 23,urn:newsml:reuters.com:20250123:nL5N3OJ089:1,NS:RTRS,SABE.MC
2025-01-22 19:23:59.000,"UPDATE 4-Sabadell's return will be a boost for Catalonia, regional leader says",urn:newsml:reuters.com:20250122:nL5N3OI0CL:1,NS:RTRS,SABE.MC
2025-01-22 16:47:37.631,Banco de Sabadell (SAB: EUR2.11) falls 2.3% from 14-day high; -3c [1.4%] Vol Index 3.7 [1 is avg],urn:newsml:newsroom:20250122:nNRAv68g1w:0,NS:GLOSTO,SABE.MC
2025-01-22 07:29:23.000,Sabadell's board meets to discuss transferring headquarters back to Catalonia,urn:newsml:reuters.com:20250122:nL5N3OI0CE:3,NS:RTRS,SABE.MC
2025-01-21 21:48:49.000,"UPDATE 1-Sabadell to hold board meeting to move headquarters back to Catalonia, sources say",urn:newsml:reuters.com:20250121:nL5N3OH2DS:5,NS:RTRS,SABE.MC
2025-01-21 21:01:15.000,"Sabadell to hold board meeting to move headquarters back to Catalonia, sources say",urn:newsml:reuters.com:20250121:nS0N3G0024:2,NS:RTRS,SABE.MC
2025-01-21 17:07:47.755,How Banco de Sabadell's Tax Rate compares to Its Peers,urn:newsml:newsroom:20250121:nNRAv5sd1d:0,NS:GLOSTO,SABE.MC
2025-01-21 16:47:28.785,Banco de Sabadell (SAB: EUR2.14) offers dividend yield of 5.1%; Vol Index 1.9 [1 is avg],urn:newsml:newsroom:20250121:nNRAv5s1sa:0,NS:GLOSTO,SABE.MC
2025-01-21 09:09:27.452,How Banco Bilbao Vizcaya Argentaria's dividend compares to Banco de Sabadell,urn:newsml:newsroom:20250121:nNRAv5laz3:0,NS:GLOSTO,SABE.MC
2025-01-20 16:47:06.022,Banco de Sabadell (SAB: EUR2.14) hits year-high 7th time in one month; +4c [1.9%] Vol Index 3.8 [1 is avg],urn:newsml:newsroom:20250120:nNRAv5cvdg:0,NS:GLOSTO,SABE.MC
2025-01-20 07:07:48.624,Banco Bilbao Vizcaya Argentaria continues to underperform Banco de Sabadell by 2.3% year to date,urn:newsml:newsroom:20250120:nNRAv56g62:0,NS:GLOSTO,SABE.MC
2025-01-19 03:36:19.061,Banco de Sabadell (OTCMKTS:BNDSF) Trading Up 0.7% – What's Next?,urn:newsml:newsroom:20250119:nNRAv4xjw9:0,NS:MARDAJ,SABE.MC
2025-01-18 05:56:50.410,Two-bagger Banco de Sabadell (SAB: EUR2.10) lifts 4.0%; +8c [4.0%] Vol Index 3.0 [1 is avg],urn:newsml:newsroom:20250118:nNRAv4pxf9:0,NS:GLOWEE,SABE.MC
2025-01-17 17:32:42.575,German trading: Banco de Sabadell (BDSB: EUR2.11) closes at 7.7% above VWAP; +1c [0.5%],urn:newsml:newsroom:20250117:nNRAv4jpt1:0,NS:GERCOM,SABE.MC
2025-01-17 16:53:25.693,Two-bagger Banco de Sabadell (SAB: EUR2.10) lifts 4.0%; +8c [4.0%] Vol Index 3.0 [1 is avg],urn:newsml:newsroom:20250117:nNRAv4iv2u:0,NS:GLOWEE,SABE.MC
2025-01-17 16:47:42.840,Banco de Sabadell (SAB: EUR2.10) offers earnings yield of 10.9%; +1c [0.5%] Vol Index 2.1 [1 is avg],urn:newsml:newsroom:20250117:nNRAv4iom9:0,NS:GLOSTO,SABE.MC
2025-01-16 16:47:35.305,Banco de Sabadell (SAB: EUR2.09) offers dividend yield of 5.3%; -2c [0.9%] Vol Index 3.3 [1 is avg],urn:newsml:newsroom:20250116:nNRAv41z2e:0,NS:GLOSTO,SABE.MC
2025-01-15 18:18:14.000,Spanish watchdog says concentration of banks not behind lower deposit returns,urn:newsml:reuters.com:20250115:nL5N3MZ14Y:1,NS:RTRS,SABE.MC
2025-01-15 16:47:35.073,"Banco de Sabadell (SAB: EUR2.11) keeps rising, up 8.8% in 6 days; +17c [8.8%] Vol Index 3.4 [1 is avg]",urn:newsml:newsroom:20250115:nNRAv3l3r0:0,NS:GLOSTO,SABE.MC
2025-01-15 09:08:34.754,Banco de Sabadell's Earnings Growth Outperforms Bankinter,urn:newsml:newsroom:20250115:nNRAv3e10m:0,NS:GLOSTO,SABE.MC
2025-01-15 08:08:04.685,Banco de Sabadell's Earnings Growth Outperforms Banco Santander,urn:newsml:newsroom:20250115:nNRAv3dd9a:0,NS:GLOSTO,SABE.MC
2025-01-14 18:08:02.105,Banco Santander's Earnings Growth Lags Banco de Sabadell,urn:newsml:newsroom:20250114:nNRAv35buv:0,NS:GLOSTO,SABE.MC
2025-01-14 18:07:59.634,Banco de Sabadell's Earnings Growth Outperforms Peers,urn:newsml:newsroom:20250114:nNRAv35dk1:0,NS:GLOSTO,SABE.MC
2025-01-14 17:07:36.190,How Banco de Sabadell's Tax Rate compares to Its Peers,urn:newsml:newsroom:20250114:nNRAv34gyq:0,NS:GLOSTO,SABE.MC
2025-01-14 16:47:38.502,Banco de Sabadell (SAB: EUR2.09) hits year-high 5th time in one month; +3c [1.5%] Vol Index 3.3 [1 is avg],urn:newsml:newsroom:20250114:nNRAv34521:0,NS:GLOSTO,SABE.MC
2025-01-14 09:08:53.953,How Banco Bilbao Vizcaya Argentaria's dividend compares to Banco de Sabadell,urn:newsml:newsroom:20250114:nNRAv2xkb7:0,NS:GLOSTO,SABE.MC
2025-01-13 16:47:16.322,Banco de Sabadell (SAB: EUR2.06) offers earnings yield of 11.2%; +4c [2.0%] Vol Index 3.8 [1 is avg],urn:newsml:newsroom:20250113:nNRAv2o884:0,NS:GLOSTO,SABE.MC
2025-01-13 13:11:59.809,Torres is confident in the success of the takeover bid for Sabadell and expects BBVA to maintain profitability this year,urn:newsml:newsroom:20250113:nNRAv2lg6b:0,NS:NOTENG,SABE.MC
2025-01-13 07:07:22.391,Banco Bilbao Vizcaya Argentaria continues to underperform Banco de Sabadell by 2.0% in the past three months,urn:newsml:newsroom:20250113:nNRAv2h7li:0,NS:GLOSTO,SABE.MC
2025-01-13 06:00:00.000,ANALYSIS-European banks' record takings fuel M&A talk as pressures on industry persist,urn:newsml:reuters.com:20250113:nL8N3O31B0:2,NS:RTRS,SABE.MC
2025-01-11 08:12:35.221,Torres' move: will it push Sabadell to rethink investor remuneration?,urn:newsml:newsroom:20250111:nNRAv24nbs:0,NS:NOTENG,SABE.MC
2025-01-11 05:57:02.827,Weekly: Banco de Sabadell (SAB: EUR2.02) in top 2% performers of IBEX 35 Index in past week; +16c [8.6%] Vol Index 3.5 [1 is avg],urn:newsml:newsroom:20250111:nNRAv23pkn:0,NS:GLOWEE,SABE.MC
2025-01-10 17:21:53.249,Fitch Upgrades Banco de Sabadell to 'BBB+'; Outlook Stable,urn:newsml:reuters.com:20250110:nFITbymZYl:1,NS:FCH,SABE.MC
2025-01-10 16:52:59.869,Weekly: Banco de Sabadell (SAB: EUR2.02) in top 2% performers of IBEX 35 Index in past week; +16c [8.6%] Vol Index 3.5 [1 is avg],urn:newsml:newsroom:20250110:nNRAv1y49t:0,NS:GLOWEE,SABE.MC
2025-01-10 16:47:17.496,Banco de Sabadell (SAB: EUR2.02) offers dividend yield of 5.5%; +2c [1.0%] Vol Index 3.8 [1 is avg],urn:newsml:newsroom:20250110:nNRAv1xxrp:0,NS:GLOSTO,SABE.MC
2025-01-10 06:30:00.000,Fitch Upgrades Banco de Sabadell to 'BBB+'; Outlook Stable,urn:newsml:newsroom:20250114:nNRAv2xpw3:0,NS:INDBAN,SABE.MC
2025-01-09 20:56:36.000,UPDATE 3-BBVA lowers minimum acceptance condition in Sabadell bid,urn:newsml:reuters.com:20250109:nL8N3O5128:1,NS:RTRS,SABE.MC
2025-01-09 19:13:29.430,BBVA changes the terms of the takeover bid for Sabadell: it lowers the minimum acceptance level to exclude the bank's treasury stock and ensure its...,urn:newsml:newsroom:20250109:nNRAv1lsqh:0,NS:NOTENG,SABE.MC
2025-01-09 17:35:22.000,BBVA reduces minimum acceptance condition in Sabadell bid,urn:newsml:reuters.com:20250109:nFWN3O50EX:4,NS:RTRS,SABE.MC
2025-01-09 16:47:34.744,"Banco de Sabadell (SAB: EUR2.0) continues significant uptrend, lifts 1.0%; +2c [1.0%] Vol Index 3.3 [1 is avg]",urn:newsml:newsroom:20250109:nNRAv1ke2d:0,NS:GLOSTO,SABE.MC
2025-01-08 16:47:33.787,Banco de Sabadell (SAB: EUR1.98) climbs 2.1% strengthening above moving average price; +4c [2.1%] Vol Index 4.2 [1 is avg],urn:newsml:newsroom:20250108:nNRAv15plj:0,NS:GLOSTO,SABE.MC
2025-01-08 11:07:44.673,Banco Santander's Earnings Growth Lags Banco de Sabadell,urn:newsml:newsroom:20250108:nNRAv116xh:0,NS:GLOSTO,SABE.MC
2025-01-08 09:08:02.900,Banco de Sabadell's Earnings Growth Outperforms Banco Santander,urn:newsml:newsroom:20250108:nNRAv0zvg5:0,NS:GLOSTO,SABE.MC
2025-01-08 08:08:01.607,Banco de Sabadell's Earnings Growth Outperforms Bankinter,urn:newsml:newsroom:20250108:nNRAv0z9c6:0,NS:GLOSTO,SABE.MC
2025-01-07 18:07:42.930,Banco de Sabadell's Earnings Growth Outperforms Peers,urn:newsml:newsroom:20250107:nNRAv0sdv8:0,NS:GLOSTO,SABE.MC
2025-01-07 17:07:25.133,How Banco de Sabadell's Tax Rate compares to Its Peers,urn:newsml:newsroom:20250107:nNRAv0rg9v:0,NS:GLOSTO,SABE.MC
2025-01-07 17:07:24.904,Banco Santander continues to underperform Banco de Sabadell by 5.3% in the past month,urn:newsml:newsroom:20250107:nNRAv0rgnx:0,NS:GLOSTO,SABE.MC
2025-01-07 16:47:18.846,"Banco de Sabadell (SAB: EUR1.94) offers earnings yield of 11.9%, hits 167-day high; Vol Index 2.6 [1 is avg]",urn:newsml:newsroom:20250107:nNRAv0r6wh:0,NS:GLOSTO,SABE.MC
2025-01-07 09:09:52.682,How Banco Bilbao Vizcaya Argentaria's dividend compares to Banco de Sabadell,urn:newsml:newsroom:20250107:nNRAv0lkr3:0,NS:GLOSTO,SABE.MC
2025-01-06 16:47:20.315,Banco de Sabadell (SAB: EUR1.94) in top 2% performers of IBEX 35 Index; +8c [4.3%] Vol Index 2.8 [1 is avg],urn:newsml:newsroom:20250106:nNRAv0c356:0,NS:GLOSTO,SABE.MC
2025-01-06 15:44:04.679,Monthly: Banco de Sabadell (SAB: EUR1.88) shares post best month in five months,urn:newsml:newsroom:20250106:nNRAv0bae0:0,NS:GLOSTP,SABE.MC
2025-01-06 07:07:53.273,Banco Bilbao Vizcaya Argentaria continues to underperform Banco de Sabadell by 0.2% in the past month,urn:newsml:newsroom:20250106:nNRAv04tx1:0,NS:GLOSTO,SABE.MC
2025-01-04 05:51:51.360,Weekly: Banco de Sabadell (SAB: EUR1.86) unchanged on robust volume,urn:newsml:newsroom:20250104:nNRAuzrca6:0,NS:GLOWEE,SABE.MC
2025-01-03 16:49:25.387,Weekly: Banco de Sabadell (SAB: EUR1.86) unchanged on robust volume,urn:newsml:newsroom:20250103:nNRAuzl7xl:0,NS:GLOWEE,SABE.MC
2025-01-03 16:48:53.473,Banco de Sabadell (SAB: EUR1.86) offers dividend yield of 5.9%; +1c [0.5%],urn:newsml:newsroom:20250103:nNRAuzl7ns:0,NS:GLOSTO,SABE.MC
2025-01-02 16:47:04.574,Banco de Sabadell (SAB: EUR1.85) drops to one-month low on strong volume; -3c [1.6%] Vol Index 2.7 [1 is avg],urn:newsml:newsroom:20250102:nNRAuz80at:0,NS:GLOSTO,SABE.MC
2025-01-02 08:08:23.659,Banco de Sabadell continues to outperform Banco Santander by 56.9% year to date,urn:newsml:newsroom:20250102:nNRAuz239i:0,NS:GLOSTO,SABE.MC
2025-01-02 08:08:22.269,Banco de Sabadell's Earnings Growth Outperforms Bankinter,urn:newsml:newsroom:20250102:nNRAuz239n:0,NS:GLOSTO,SABE.MC
2025-01-02 08:08:13.452,Banco Santander continues to underperform Banco de Sabadell by 56.9% year to date,urn:newsml:newsroom:20250102:nNRAuz22ke:0,NS:GLOSTO,SABE.MC
2025-01-02 07:17:48.688,Monthly: Banco de Sabadell (SAB: EUR1.88) shares post best month in five months,urn:newsml:newsroom:20250102:nNRAuz1jz2:0,NS:GLOSTO,SABE.MC
2025-01-02 07:17:42.597,"Banco de Sabadell soars 80% in 2024, leads Banks company Tuesday December 31, 2024",urn:newsml:newsroom:20250102:nNRAuz1jlv:0,NS:GLOSTO,SABE.MC
2025-01-02 07:14:30.128,Banco Bilbao Vizcaya Argentaria continues to underperform Banco de Sabadell by 57.4% year to date,urn:newsml:newsroom:20250102:nNRAuz1ipm:0,NS:GLOSTO,SABE.MC
2025-01-02 07:14:18.754,Banco de Sabadell's Earnings Growth Outperforms Banco Santander,urn:newsml:newsroom:20250102:nNRAuz1igc:0,NS:GLOSTO,SABE.MC
2025-01-02 07:14:17.194,Banco de Sabadell continues to outperform Banco Bilbao Vizcaya Argentaria by 57.4% year to date,urn:newsml:newsroom:20250102:nNRAuz1iga:0,NS:GLOSTO,SABE.MC
2025-01-01 03:53:39.139,Monthly: Banco de Sabadell (SAB: EUR1.88) shares post best month in five months,urn:newsml:newsroom:20250101:nNRAuyrrhk:0,NS:GLOSTP,SABE.MC
2025-01-01 03:47:18.481,Banco de Sabadell (SAB: EUR1.88) offers earnings yield of 12.2%; +1c [0.5%],urn:newsml:newsroom:20250101:nNRAuyrjo6:0,NS:GLOSTO,SABE.MC
2024-12-31 18:07:39.769,Banco de Sabadell's Earnings Growth Outperforms Peers,urn:newsml:newsroom:20241231:nNRAuyo0kl:0,NS:GLOSTO,SABE.MC
2024-12-31 17:08:52.343,How Banco de Sabadell's Tax Rate compares to Its Peers,urn:newsml:newsroom:20241231:nNRAuyndg6:0,NS:GLOSTO,SABE.MC
2024-12-31 17:08:43.344,Banco Santander's Earnings Growth Lags Banco de Sabadell,urn:newsml:newsroom:20241231:nNRAuynd2r:0,NS:GLOSTO,SABE.MC
2024-12-31 11:57:22.245,Banco de Sabadell dips 0.8% in past 3 months,urn:newsml:newsroom:20241231:nNRAuyjstc:0,NS:GLOROU,SABE.MC
2024-12-31 09:07:51.938,How Banco Bilbao Vizcaya Argentaria's dividend compares to Banco de Sabadell,urn:newsml:newsroom:20241231:nNRAuyhz2g:0,NS:GLOSTO,SABE.MC
2024-12-31 09:07:50.034,How Banco de Sabadell's dividend compares to Banco Bilbao Vizcaya Argentaria,urn:newsml:newsroom:20241231:nNRAuyhzn7:0,NS:GLOSTO,SABE.MC
2024-12-31 07:57:06.626,Banco de Sabadell dips 0.8% in past 3 months,urn:newsml:newsroom:20241231:nNRAuyh7tl:0,NS:GLOROU,SABE.MC
2024-12-31 03:52:34.691,Banco de Sabadell dips 0.8% in past 3 months,urn:newsml:newsroom:20241231:nNRAuyfbp2:0,NS:GLOROU,SABE.MC
2024-12-31 03:52:04.972,Banco de Sabadell dips 0.8% in past 3 months,urn:newsml:newsroom:20241231:nNRAuyfalg:0,NS:GLOROU,SABE.MC
2024-12-30 16:52:21.085,Banco de Sabadell (SAB: EUR1.87) strengthens above moving average price; +1c [0.5%] Vol Index 1.4 [1 is avg],urn:newsml:newsroom:20241230:nNRAuya4f8:0,NS:GLOSTO,SABE.MC
2024-12-30 08:08:39.309,Banco de Sabadell continues to outperform Banco Santander by 2.5% in the past month,urn:newsml:newsroom:20241230:nNRAuy4265:0,NS:GLOSTO,SABE.MC
2024-12-30 08:08:20.762,Banco Santander continues to underperform Banco de Sabadell by 2.5% in the past month,urn:newsml:newsroom:20241230:nNRAuy42ui:0,NS:GLOSTO,SABE.MC
2024-12-30 07:08:10.500,Banco Bilbao Vizcaya Argentaria continues to underperform Banco de Sabadell by 0.2% in the past month,urn:newsml:newsroom:20241230:nNRAuy3kky:0,NS:GLOSTO,SABE.MC
2024-12-30 07:08:03.511,Banco de Sabadell continues to outperform Banco Bilbao Vizcaya Argentaria by 0.2% in the past month,urn:newsml:newsroom:20241230:nNRAuy3j4v:0,NS:GLOSTO,SABE.MC
2024-12-29 04:19:09.095,"Short Interest in Banco de Sabadell, S.A. (OTCMKTS:BNDSF) Declines By 73.6%",urn:newsml:newsroom:20241229:nNRAuxvwv4:0,NS:CERGEM,SABE.MC
2024-12-28 18:13:16.566,BBVA-Sabadell: the first hostile takeover bid for a bank in 37 years,urn:newsml:newsroom:20241228:nNRAuxtloz:0,NS:NOTENG,SABE.MC
2024-12-28 05:51:54.103,Weekly: Banco de Sabadell (SAB: EUR1.86) drops 2.1% on robust volume; -4c [2.1%] Vol Index 1.6 [1 is avg],urn:newsml:newsroom:20241228:nNRAuxp5rf:0,NS:GLOWEE,SABE.MC
2024-12-27 16:52:31.770,Weekly: Banco de Sabadell (SAB: EUR1.86) drops 2.1% on robust volume; -4c [2.1%] Vol Index 1.6 [1 is avg],urn:newsml:newsroom:20241227:nNRAuxjlpg:0,NS:GLOWEE,SABE.MC
2024-12-27 16:47:28.962,Banco de Sabadell (SAB: EUR1.86) offers dividend yield of 5.9%,urn:newsml:newsroom:20241227:nNRAuxjiza:0,NS:GLOSTO,SABE.MC
2024-12-27 11:57:07.848,Banco de Sabadell plummets 17% in past 3 months,urn:newsml:newsroom:20241227:nNRAuxexqk:0,NS:GLOROU,SABE.MC
2024-12-27 07:56:53.738,Banco de Sabadell plummets 17% in past 3 months,urn:newsml:newsroom:20241227:nNRAuxc5xk:0,NS:GLOROU,SABE.MC
2024-12-27 03:52:22.293,Banco de Sabadell plummets 17% in past 3 months,urn:newsml:newsroom:20241227:nNRAuxa3x0:0,NS:GLOROU,SABE.MC
2024-12-24 19:53:05.967,Cofece approves BBVA's acquisition of Sabadell's Mexican units,urn:newsml:reuters.com:20241224:nNRAuwn6f1:1,NS:DATMTR,SABE.MC
2024-12-24 19:52:35.866,BBVA takeover of Banco Sabadell clears ECB hurdle,urn:newsml:reuters.com:20241224:nNRAuwn5pm:1,NS:DATMTR,SABE.MC
2024-12-24 16:07:28.267,How Banco de Sabadell's Tax Rate compares to Its Peers,urn:newsml:newsroom:20241224:nNRAuwl3yx:0,NS:GLOSTO,SABE.MC
2024-12-24 14:41:41.900,"BBVA and Sabadell merger, how big would be the union of banks in Mexico?",urn:newsml:newsroom:20241224:nNRAuwk9d8:0,NS:CENAFT,SABE.MC
2024-12-24 14:15:40.261,BBVA takeover of Banco Sabadell clears ECB hurdle --,urn:link:webnews:20241224:nNRAuwk1y6:0,NS:YAHNEX,SABE.MC
2024-12-24 12:57:37.272,Cofece approves BBVA's acquisition of Sabadell's Mexican units --,urn:link:webnews:20241224:nNRAuwitqz:0,NS:YAHNEX,SABE.MC
2024-12-24 09:37:03.755,BBVA's Acquisition of Banco Sabadell's Mexican Operations Approved,urn:newsml:newsroom:20241224:nNRAuwgncu:0,NS:GURCOM,SABE.MC
2024-12-24 09:08:39.910,How Banco de Sabadell's dividend compares to Banco Bilbao Vizcaya Argentaria,urn:newsml:newsroom:20241224:nNRAuwgcvc:0,NS:GLOSTO,SABE.MC
2024-12-24 09:08:38.724,How Banco Bilbao Vizcaya Argentaria's dividend compares to Banco de Sabadell,urn:newsml:newsroom:20241224:nNRAuwgdwe:0,NS:GLOSTO,SABE.MC
2024-12-24 05:42:04.027,BBVA receives authorization from Cofece to acquire Banco Sabadell in Mexico,urn:newsml:newsroom:20241224:nNRAuwe50h:0,NS:CENAFT,SABE.MC
2024-12-24 02:13:12.947,BBVA receives Cofece's approval for the acquisition of Sabadell's Mexican units,urn:newsml:newsroom:20241224:nNRAuwcpve:0,NS:NOTENG,SABE.MC
2024-12-23 21:13:43.015,Cofece authorizes BBVA Mexico indirect acquisition of Sabadell,urn:newsml:newsroom:20241223:nNRAuwasev:0,NS:NOTENG,SABE.MC
2024-12-23 21:13:23.142,BBVA receives authorization from Cofece to acquire Banco Sabadell in Mexico,urn:newsml:newsroom:20241223:nNRAuwas0v:0,NS:NOTENG,SABE.MC
2024-12-23 21:12:12.232,Cofece authorizes BBVA to acquire subsidiaries of Banco Sabadell in Mexico,urn:newsml:newsroom:20241223:nNRAuwaslc:0,NS:NOTENG,SABE.MC
2024-12-23 21:11:55.301,"ACCO warns of ""high risk"" of BBVA's takeover bid for Banco Sabadell",urn:newsml:newsroom:20241223:nNRAuwaskf:0,NS:NOTENG,SABE.MC
2024-12-23 20:11:57.402,The ACCO sends to the CNMC the report on BBVA's takeover bid for Banco Sabadell.,urn:newsml:newsroom:20241223:nNRAuwa9j8:0,NS:NOTENG,SABE.MC
2024-12-23 18:13:25.605,Catalan Competition Authority rejects BBVA's takeover bid for Sabadell in a report,urn:newsml:newsroom:20241223:nNRAuw94hg:0,NS:NOTENG,SABE.MC
2024-12-23 18:12:35.670,Banco Sabadell enters the Dow Jones Sustainability Index for the first time and remains in the European index,urn:newsml:newsroom:20241223:nNRAuw93dq:0,NS:NOTENG,SABE.MC
2024-12-23 16:52:23.309,Banco de Sabadell (SAB: EUR1.83) offers earnings yield of 12.6%; -2c [1.1%],urn:newsml:newsroom:20241223:nNRAuw810f:0,NS:GLOSTO,SABE.MC
2024-12-23 16:52:23.291,Past Week: Banco de Sabadell (SAB: EUR1.83) falls 5% on low volume; -10c [-5.2%],urn:newsml:newsroom:20241223:nNRAuw810c:0,NS:GLOSTO,SABE.MC
2024-12-23 16:12:10.509,BBVA gets green light from Mexican authorities for takeover bid for Sabadell,urn:newsml:newsroom:20241223:nNRAuw7iod:0,NS:NOTENG,SABE.MC
2024-12-23 14:25:48.000,UPDATE 2-BBVA gets approval to take over Sabadell's Mexican businesses,urn:newsml:reuters.com:20241223:nL8N3NO0JO:1,NS:RTRS,SABE.MC
2024-12-23 14:13:36.439,BBVA obtains authorization from the Mexican Antitrust Commission for the takeover bid for Sabadell,urn:newsml:newsroom:20241223:nNRAuw6axk:0,NS:NOTENG,SABE.MC
2024-12-23 12:51:21.000,BBVA secures approval for acquisition of Sabadell's Mexican units,urn:newsml:reuters.com:20241223:nL8N3NK13N:5,NS:RTRS,SABE.MC
2024-12-23 08:07:33.837,Banco Santander continues to underperform Banco de Sabadell by 50.8% year to date,urn:newsml:newsroom:20241223:nNRAuw1m7y:0,NS:GLOSTO,SABE.MC
2024-12-23 07:08:05.282,Banco Bilbao Vizcaya Argentaria continues to underperform Banco de Sabadell by 53.7% year to date,urn:newsml:newsroom:20241223:nNRAuw14bw:0,NS:GLOSTO,SABE.MC
2024-12-23 07:08:04.873,Banco de Sabadell continues to outperform Banco Bilbao Vizcaya Argentaria by 53.7% year to date,urn:newsml:newsroom:20241223:nNRAuw13ys:0,NS:GLOSTO,SABE.MC
2024-12-21 05:56:58.066,Weekly: Banco de Sabadell (SAB: EUR1.85) drops 3.6% on low volume; -7c [3.6%],urn:newsml:newsroom:20241221:nNRAuvm98f:0,NS:GLOWEE,SABE.MC
2024-12-20 16:52:41.183,Weekly: Banco de Sabadell (SAB: EUR1.85) drops 3.6% on low volume; -7c [3.6%],urn:newsml:newsroom:20241220:nNRAuvfadw:0,NS:GLOWEE,SABE.MC
2024-12-20 16:47:27.210,Banco de Sabadell (SAB: EUR1.85) down 2.6% in 2 days; -5c [2.6%],urn:newsml:newsroom:20241220:nNRAuvf5lh:0,NS:GLOSTO,SABE.MC
2024-12-20 07:25:15.000,Spanish stocks - Factors to watch on Dec 20,urn:newsml:reuters.com:20241220:nL8N3NL08L:1,NS:RTRS,SABE.MC
2024-12-19 16:48:02.419,Banco de Sabadell (SAB: EUR1.87) offers dividend yield of 7.5%; -3c [1.6%],urn:newsml:newsroom:20241219:nNRAuv00l1:0,NS:GLOSTO,SABE.MC
2024-12-19 06:01:45.750,ADB signs deal with TBS to expand sustainable transportation in Indonesia,urn:newsml:reuters.com:20241219:nNRAuurf48:1,NS:XINHUN,SABE.MC
2024-12-18 16:47:28.999,Two-bagger Banco de Sabadell (SAB: EUR1.90) lifts 1.1%; +2c [1.1%],urn:newsml:newsroom:20241218:nNRAuuk7uj:0,NS:GLOSTO,SABE.MC
2024-12-18 12:12:39.271,The new chairman of the CNMV will also wait for Competition before approving the BBVA takeover bid,urn:newsml:newsroom:20241218:nNRAuug1at:0,NS:NOTENG,SABE.MC
2024-12-18 09:07:27.031,Banco de Sabadell's Earnings Growth Outperforms Bankinter,urn:newsml:newsroom:20241218:nNRAuuduwx:0,NS:GLOSTO,SABE.MC
2024-12-18 08:07:57.773,Banco de Sabadell's Earnings Growth Outperforms Banco Santander,urn:newsml:newsroom:20241218:nNRAuud88k:0,NS:GLOSTO,SABE.MC
2024-12-17 18:07:53.229,Banco Santander's Earnings Growth Lags Banco de Sabadell,urn:newsml:newsroom:20241217:nNRAuu5636:0,NS:GLOSTO,SABE.MC
2024-12-17 18:07:21.216,Banco de Sabadell's Earnings Growth Outperforms Peers,urn:newsml:newsroom:20241217:nNRAuu54wv:0,NS:GLOSTO,SABE.MC
2024-12-17 17:06:56.571,How Banco de Sabadell's Tax Rate compares to Its Peers,urn:newsml:newsroom:20241217:nNRAuu4evx:0,NS:GLOSTO,SABE.MC
2024-12-17 16:47:38.530,Banco de Sabadell (SAB: EUR1.88) offers earnings yield of 12.2%; -5c [2.6%],urn:newsml:newsroom:20241217:nNRAuu43xm:0,NS:GLOSTO,SABE.MC
2024-12-17 09:08:10.969,How Banco Bilbao Vizcaya Argentaria's dividend compares to Banco de Sabadell,urn:newsml:newsroom:20241217:nNRAutxtb6:0,NS:GLOSTO,SABE.MC
2024-12-17 09:08:04.645,How Banco de Sabadell's dividend compares to Banco Bilbao Vizcaya Argentaria,urn:newsml:newsroom:20241217:nNRAutxs91:0,NS:GLOSTO,SABE.MC
2024-12-16 16:52:39.263,Banco de Sabadell (SAB: EUR1.93) offers dividend yield of 7.2%; +1c [0.5%],urn:newsml:newsroom:20241216:nNRAutot5i:0,NS:GLOSTO,SABE.MC
2024-12-16 07:13:06.151,Banco de Sabadell continues to underperform Banco Bilbao Vizcaya Argentaria by 1.7% in the past three months,urn:newsml:newsroom:20241216:nNRAuthusj:0,NS:GLOSTO,SABE.MC
2024-12-16 07:13:00.716,Banco Bilbao Vizcaya Argentaria continues to outperform Banco de Sabadell by 1.7% in the past three months,urn:newsml:newsroom:20241216:nNRAuthu8u:0,NS:GLOSTO,SABE.MC
2024-12-16 07:08:46.466,"Banco de Sabadell Compendium - A Snapshot as of December 13, 2024",urn:newsml:newsroom:20241216:nNRAuthrgw:0,NS:GLOSTO,SABE.MC
2024-12-14 05:51:54.109,Weekly: Banco de Sabadell (SAB: EUR1.92) up 7% in 2 weeks; +2c [1.1%],urn:newsml:newsroom:20241214:nNRAut0w39:0,NS:GLOWEE,SABE.MC
2024-12-13 16:48:01.520,Weekly: Banco de Sabadell (SAB: EUR1.92) up 7% in 2 weeks; +2c [1.1%],urn:newsml:newsroom:20241213:nNRAusu26a:0,NS:GLOWEE,SABE.MC
2024-12-13 16:47:39.505,Banco de Sabadell (SAB: EUR1.92) in top 2% performers of IBEX 35 Index; +2c [1.1%],urn:newsml:newsroom:20241213:nNRAustzs2:0,NS:GLOSTO,SABE.MC
2024-12-13 12:15:25.340,With a trading volume of EUR 12.2 mn SAB.MC trades 1.46 percent higher today,urn:newsml:newsroom:20241213:nNRAusqdq7:0,NS:STOCKP,SABE.MC
2024-12-12 16:47:38.749,Banco de Sabadell (SAB: EUR1.90) lifts 1.1% strengthening above moving average price; +2c [1.1%],urn:newsml:newsroom:20241212:nNRAusf2r0:0,NS:GLOSTO,SABE.MC
2024-12-12 11:57:10.488,Banco de Sabadell dips 1% in past 3 months,urn:newsml:newsroom:20241212:nNRAusb170:0,NS:GLOROU,SABE.MC
2024-12-12 10:07:06.568,Thursday's Preview: Can Banco de Sabadell rebound after being down?,urn:newsml:newsroom:20241212:nNRAus9ouh:0,NS:GLOROU,SABE.MC
2024-12-12 07:57:01.297,Banco de Sabadell dips 1% in past 3 months,urn:newsml:newsroom:20241212:nNRAus88pw:0,NS:GLOROU,SABE.MC
2024-12-12 03:57:45.814,Banco de Sabadell dips 1% in past 3 months,urn:newsml:newsroom:20241212:nNRAus5ypj:0,NS:GLOROU,SABE.MC
2024-12-12 03:57:21.624,Banco de Sabadell dips 1% in past 3 months,urn:newsml:newsroom:20241212:nNRAus5ymp:0,NS:GLOROU,SABE.MC
2024-12-11 16:47:31.491,Banco de Sabadell (SAB: EUR1.88) offers earnings yield of 12.2%; -2c [1.1%],urn:newsml:newsroom:20241211:nNRAurzvur:0,NS:GLOSTO,SABE.MC
2024-12-10 16:47:34.370,Banco de Sabadell (SAB: EUR1.90) offers dividend yield of 7.4%; -1c [0.5%],urn:newsml:newsroom:20241210:nNRAurk8z5:0,NS:GLOSTO,SABE.MC
2024-12-10 14:13:05.300,BBVA trusts that the CNMC will accept its commitments before the takeover bid for Sabadell,urn:newsml:newsroom:20241210:nNRAurhqgr:0,NS:NOTENG,SABE.MC
2024-12-10 11:57:37.296,Banco de Sabadell strengthens 0.8% in past 3 months,urn:newsml:newsroom:20241210:nNRAurg37q:0,NS:GLOROU,SABE.MC
2024-12-10 07:57:47.224,Banco de Sabadell strengthens 0.8% in past 3 months,urn:newsml:newsroom:20241210:nNRAurd80j:0,NS:GLOROU,SABE.MC
2024-12-10 03:57:15.814,Banco de Sabadell strengthens 0.8% in past 3 months,urn:newsml:newsroom:20241210:nNRAurb7bm:0,NS:GLOROU,SABE.MC
2024-12-10 03:52:51.781,Banco de Sabadell strengthens 0.8% in past 3 months,urn:newsml:newsroom:20241210:nNRAurb419:0,NS:GLOROU,SABE.MC
2024-12-09 16:47:35.307,"Banco de Sabadell (SAB: EUR1.91) rises in 4 out of last 5 days, 5-day rise of 7.3%; +1c [0.5%]",urn:newsml:newsroom:20241209:nNRAur4tul:0,NS:GLOSTO,SABE.MC
2024-12-09 07:07:14.732,Banco Bilbao Vizcaya Argentaria continues to underperform Banco de Sabadell by 2.3% in the past month,urn:newsml:newsroom:20241209:nNRAuqxp2y:0,NS:GLOSTO,SABE.MC
2024-12-09 07:07:13.967,Banco de Sabadell continues to outperform Banco Bilbao Vizcaya Argentaria by 2.3% in the past month,urn:newsml:newsroom:20241209:nNRAuqxpd4:0,NS:GLOSTO,SABE.MC
2024-12-07 05:56:55.279,Weekly: Banco de Sabadell (SAB: EUR1.90) gains 6% on low volume; +11c [6.1%],urn:newsml:newsroom:20241207:nNRAuqjeje:0,NS:GLOWEE,SABE.MC
2024-12-06 16:52:55.110,Weekly: Banco de Sabadell (SAB: EUR1.90) gains 6% on low volume; +11c [6.1%],urn:newsml:newsroom:20241206:nNRAuqbygt:0,NS:GLOWEE,SABE.MC
2024-12-06 16:52:21.411,"Banco de Sabadell (SAB: EUR1.90) offers dividend yield of 7.4%, hits 70-day high; -2c [1.0%]",urn:newsml:newsroom:20241206:nNRAuqbx1t:0,NS:GLOSTO,SABE.MC
2024-12-06 07:13:07.414,Sabadell improves its risk profile and increases its lending capacity in the midst of a takeover bid,urn:newsml:newsroom:20241206:nNRAuq5eh3:0,NS:NOTENG,SABE.MC
2024-12-05 16:47:32.955,"Banco de Sabadell (SAB: EUR1.92) offers earnings yield of 12%, hits 66-day high; +8c [4.3%]",urn:newsml:newsroom:20241205:nNRAupzkkk:0,NS:GLOSTO,SABE.MC
2024-12-05 15:13:16.871,The CNMV postpones its decision on BBVA's takeover bid for Sabadell until Competition decides.,urn:newsml:newsroom:20241205:nNRAupy9su:0,NS:NOTENG,SABE.MC
2024-12-05 12:34:37.000,UPDATE 1-Spain's CNMV will wait for antitrust review to decide on BBVA-Sabadell deal,urn:newsml:reuters.com:20241205:nL5N3N60T5:3,NS:RTRS,SABE.MC
2024-12-05 12:07:02.000,Spain's CNMV to approve BBVA's bid on Sabadell only after antitrust decision,urn:newsml:reuters.com:20241205:nS8N3LG0CM:1,NS:RTRS,SABE.MC
2024-12-04 16:47:27.612,Banco de Sabadell (SAB: EUR1.84) up 3.4% in 2 days; +6c [3.4%],urn:newsml:newsroom:20241204:nNRAupkbzf:0,NS:GLOSTO,SABE.MC
2024-12-04 13:26:44.000,UPDATE 2-Sabadell wins $425 mln in UK lawsuit against Cerberus over property deal,urn:newsml:reuters.com:20241204:nL5N3N50J0:6,NS:RTRS,SABE.MC
2024-12-04 13:11:43.271,Cerberus will have to pay 358 million to Sabadell for the litigation on the sale of its brick,urn:newsml:newsroom:20241204:nNRAuphwuu:0,NS:NOTENG,SABE.MC
2024-12-04 12:13:24.604,UK court sentences Cerberus to pay 406M to Sabadell,urn:newsml:newsroom:20241204:nNRAupgz7t:0,NS:NOTENG,SABE.MC
2024-12-04 10:50:26.000,TSB Banking Group plc - Publication of Offering Circular,urn:newsml:reuters.com:20241204:nNDLbtsNvx:1,NS:PUBT,SABE.MC
2024-12-04 09:40:54.000,Sabadell wins $425.1 mln in UK lawsuit against Cerberus over property deal,urn:newsml:reuters.com:20241204:nS8N3D707Q:4,NS:RTRS,SABE.MC
2024-12-04 05:13:50.648,BBVA will deepen its commitments to Competition in order to unblock the takeover bid for Sabadell.,urn:newsml:newsroom:20241204:nNRAupbzs7:0,NS:NOTENG,SABE.MC
2024-12-03 23:12:40.876,Zebrands Lands MX$1.1 Billion Loan to Boost Expansion Plans,urn:newsml:newsroom:20241203:nNRAup905p:0,NS:NOTENG,SABE.MC
2024-12-03 22:42:29.388,Zebrands Lands MX$1.1 Billion Loan to Boost Expansion Plans,urn:newsml:newsroom:20241203:nNRAup8so7:0,NS:MEXSPA,SABE.MC
2024-12-03 17:12:39.018,Bank branch manager fired for consulting data on employees and family members,urn:newsml:newsroom:20241203:nNRAup53ly:0,NS:NOTENG,SABE.MC
2024-12-03 16:47:33.287,Banco de Sabadell (SAB: EUR1.82) climbs 2.2% strengthening above moving average price; +4c [2.2%],urn:newsml:newsroom:20241203:nNRAup4p1k:0,NS:GLOSTO,SABE.MC
2024-12-03 16:07:49.908,How Banco de Sabadell's Tax Rate compares to Its Peers,urn:newsml:newsroom:20241203:nNRAup473f:0,NS:GLOSTO,SABE.MC
2024-12-03 15:43:21.609,Monthly: Banco de Sabadell (SAB: EUR1.79) unchanged on low volume in November 2024,urn:newsml:newsroom:20241203:nNRAup3rca:0,NS:GLOSTP,SABE.MC
2024-12-03 11:57:34.651,"Monday December 02, 2024 Banco de Sabadell ADR Compendium - A Snapshot as of December 02",urn:newsml:newsroom:20241203:nNRAup0h7t:0,NS:GLOROU,SABE.MC
2024-12-03 09:08:22.939,How Banco de Sabadell's dividend compares to Banco Bilbao Vizcaya Argentaria,urn:newsml:newsroom:20241203:nNRAuoxpwp:0,NS:GLOSTO,SABE.MC
2024-12-03 09:08:22.298,How Banco Bilbao Vizcaya Argentaria's dividend compares to Banco de Sabadell,urn:newsml:newsroom:20241203:nNRAuoxpwo:0,NS:GLOSTO,SABE.MC
2024-12-03 07:57:27.097,"Monday December 02, 2024 Banco de Sabadell ADR Compendium - A Snapshot as of December 02",urn:newsml:newsroom:20241203:nNRAuou42q:0,NS:GLOROU,SABE.MC
2024-12-03 04:13:19.061,Club Financiero de Santiago participates in the process of BBVA's takeover bid for Sabadell,urn:newsml:newsroom:20241203:nNRAuol9v9:0,NS:NOTENG,SABE.MC
2024-12-03 03:52:45.150,"Monday December 02, 2024 Banco de Sabadell ADR Compendium - A Snapshot as of December 02",urn:newsml:newsroom:20241203:nNRAuoivok:0,NS:GLOROU,SABE.MC
2024-12-02 16:59:51.184,Banco de Sabadell (SAB: EUR1.78) offers dividend yield of 7.9%; -1c [0.6%],urn:newsml:newsroom:20241202:nNRAunu7lm:0,NS:GLOSTO,SABE.MC
2024-12-02 10:08:29.929,TSB names Marc Armengol from Banco Sabadell as CEO --,urn:link:webnews:20241202:nNRAunbake:0,NS:FINEXT,SABE.MC
2024-12-02 07:10:30.866,Monthly: Banco de Sabadell (SAB: EUR1.79) unchanged on low volume in November 2024,urn:newsml:newsroom:20241202:nNRAun4hw3:0,NS:GLOSTO,SABE.MC
2024-12-02 07:08:48.386,Banco de Sabadell continues to outperform Banco Bilbao Vizcaya Argentaria by 52.5% year to date,urn:newsml:newsroom:20241202:nNRAun4mne:0,NS:GLOSTO,SABE.MC
2024-12-02 06:13:31.965,TSB Fined Ł10.9m By FCA For Mishandling Customers In Financial Hardship,urn:newsml:newsroom:20241202:nNRAun327v:0,NS:MONDAQ,SABE.MC
2024-11-30 05:56:55.114,"Weekly: Banco de Sabadell (SAB: EUR1.79) falls for a second consecutive week, a two-week fall of 2.7%; -2c [1.1%]",urn:newsml:newsroom:20241130:nNRAumnk10:0,NS:GLOWEE,SABE.MC
2024-11-29 22:11:27.410,Sabadell changes TSB head following restructuring of UK subsidiary and takeover bid,urn:newsml:newsroom:20241129:nNRAumkqqj:0,NS:NOTENG,SABE.MC
2024-11-29 16:57:38.489,"Weekly: Banco de Sabadell (SAB: EUR1.79) falls for a second consecutive week, a two-week fall of 2.7%; -2c [1.1%]",urn:newsml:newsroom:20241129:nNRAumhddv:0,NS:GLOWEE,SABE.MC
2024-11-29 16:57:33.999,Monthly: Banco de Sabadell (SAB: EUR1.79) unchanged on low volume in November 2024,urn:newsml:newsroom:20241129:nNRAumhebr:0,NS:GLOSTP,SABE.MC
2024-11-29 14:32:04.303,Marc Armengol appointed TSB's Chief Executive Officer; Robin Bulloch announces his retirement,urn:newsml:newsroom:20241129:nNRAumfaw0:0,NS:INDBAN,SABE.MC
2024-11-29 11:56:49.895,TSB appoints new chief executive as Robin Bulloch to retire --,urn:link:webnews:20241129:nNRAumd551:0,NS:WNCOMA,SABE.MC
2024-11-29 10:12:23.705,Sabadell appoints Marc Armengol as new CEO of its UK subsidiary TSB,urn:newsml:newsroom:20241129:nNRAumaqx6:0,NS:NOTENG,SABE.MC
2024-11-29 08:27:35.000,"UPDATE 2-Marc Armengol appointed TSB CEO to oversee turnaround, Sabadell says",urn:newsml:reuters.com:20241129:nL5N3N007B:2,NS:RTRS,SABE.MC
2024-11-29 07:18:35.642,Sabadells' TSB Appoints Marc Armengol As New CEO,urn:newsml:reuters.com:20241129:nRSD54vW65:1,NS:SIGDEV,SABE.MC
2024-11-29 07:06:45.000,Sabadell picks Marc Armengol to replace Robin Bulloch as TSB's CEO,urn:newsml:reuters.com:20241129:nL5N3MZ1C4:1,NS:RTRS,SABE.MC
2024-11-29 07:05:00.000,BRIEF-Sabadells' TSB Appoints Marc Armengol As New CEO,urn:newsml:reuters.com:20241129:nS8N3J80A6:1,NS:RTRS,SABE.MC
2024-11-28 16:47:20.509,Banco de Sabadell (SAB: EUR1.79) offers dividend yield of 7.8%; +2c [1.1%],urn:newsml:newsroom:20241128:nNRAum37jl:0,NS:GLOSTO,SABE.MC
2024-11-28 09:05:14.711,"(EN) Banco de Sabadell, S.A. Board of Directors (81361743)",urn:newsml:reuters.com:20241128:nGLF5b0RPb:2,NS:GLFILE,SABE.MC
2024-11-27 16:47:34.390,Banco de Sabadell (SAB: EUR1.77) down 3.8% in 2 days; -7c [3.8%],urn:newsml:newsroom:20241127:nNRAulopdv:0,NS:GLOSTO,SABE.MC
2024-11-27 11:11:42.469,Brussels gives BBVA the green light to continue the takeover bid for Sabadell,urn:newsml:newsroom:20241127:nNRAulk07r:0,NS:NOTENG,SABE.MC
2024-11-27 11:11:40.230,European Commission gives green light to BBVA's takeover bid for Banco Sabadell,urn:newsml:newsroom:20241127:nNRAuljzvw:0,NS:NOTENG,SABE.MC
2024-11-27 05:41:45.035,Startup ZeBrands takes out $1.1 billion pesos loan for expansion in Mexico,urn:newsml:newsroom:20241127:nNRAulfx0t:0,NS:CENAFT,SABE.MC
2024-11-26 22:12:48.625,Europe approves BBVA's controversial takeover bid for Banco Sabadell,urn:newsml:newsroom:20241126:nNRAulajau:0,NS:NOTENG,SABE.MC
2024-11-26 20:13:14.284,European Commission authorizes BBVA's takeover bid for Banco Sabadell,urn:newsml:newsroom:20241126:nNRAul9in6:0,NS:NOTENG,SABE.MC
2024-11-26 19:13:05.207,Brussels rules out foreign investment to stop BBVA's takeover bid for Sabadell,urn:newsml:newsroom:20241126:nNRAul8xgc:0,NS:NOTENG,SABE.MC
2024-11-26 19:12:54.423,Startup ZeBrands takes out $1.1 billion pesos loan for expansion in Mexico,urn:newsml:newsroom:20241126:nNRAul8x7e:0,NS:NOTENG,SABE.MC
2024-11-26 18:07:42.177,Banco de Sabadell's Earnings Growth Outperforms Bankinter,urn:newsml:newsroom:20241126:nNRAul82vp:0,NS:GLOSTO,SABE.MC
2024-11-26 17:39:07.000,BBVA says EU wraps up Sabadell bid subsidies review without objections,urn:newsml:reuters.com:20241126:nL2N3MX0VE:4,NS:RTRS,SABE.MC
2024-11-26 17:13:32.664,Brussels authorizes BBVA's takeover bid for Banco Sabadell and clears another of the transaction's requirements,urn:newsml:newsroom:20241126:nNRAul7bwn:0,NS:NOTENG,SABE.MC
2024-11-26 17:07:00.234,Banco de Sabadell's Earnings Growth Outperforms Banco Santander,urn:newsml:newsroom:20241126:nNRAul782g:0,NS:GLOSTO,SABE.MC
2024-11-26 16:47:34.021,Banco de Sabadell (SAB: EUR1.78) slides 3.3%; -6c [3.3%],urn:newsml:newsroom:20241126:nNRAul6xwj:0,NS:GLOSTO,SABE.MC
2024-11-26 16:12:57.562,"Ibercaja observes ""uneasiness"" in companies due to BBVA's takeover bid for Sabadell",urn:newsml:newsroom:20241126:nNRAul6jkk:0,NS:NOTENG,SABE.MC
2024-11-26 16:08:01.918,Banco de Sabadell's Earnings Growth Outperforms Peers,urn:newsml:newsroom:20241126:nNRAul6eey:0,NS:GLOSTO,SABE.MC
2024-11-26 15:08:11.859,How Banco de Sabadell's Tax Rate compares to Its Peers,urn:newsml:newsroom:20241126:nNRAul5ikr:0,NS:GLOSTO,SABE.MC
2024-11-26 10:08:02.507,How CaixaBank's dividend compares to Banco de Sabadell,urn:newsml:newsroom:20241126:nNRAul13q5:0,NS:GLOSTO,SABE.MC
2024-11-26 09:07:55.002,How Banco de Sabadell's dividend compares to Banco Bilbao Vizcaya Argentaria,urn:newsml:newsroom:20241126:nNRAul0bv7:0,NS:GLOSTO,SABE.MC
2024-11-26 09:07:54.346,How Banco Bilbao Vizcaya Argentaria's dividend compares to Banco de Sabadell,urn:newsml:newsroom:20241126:nNRAul0b7k:0,NS:GLOSTO,SABE.MC
2024-11-25 16:57:53.310,Banco de Sabadell (SAB: EUR1.84) offers earnings yield of 12.5%; +3c [1.7%],urn:newsml:newsroom:20241125:nNRAukqnxh:0,NS:GLOSTO,SABE.MC
2024-11-25 07:07:23.977,Banco de Sabadell continues to underperform Banco Bilbao Vizcaya Argentaria by 1.7% in the past month,urn:newsml:newsroom:20241125:nNRAukjk96:0,NS:GLOSTO,SABE.MC
2024-11-23 05:56:52.862,Weekly: Banco de Sabadell (SAB: EUR1.81) decreases 1.6% on low volume; -3c [1.6%],urn:newsml:newsroom:20241123:nNRAuk3umo:0,NS:GLOWEE,SABE.MC
2024-11-22 16:52:25.981,Weekly: Banco de Sabadell (SAB: EUR1.81) decreases 1.6% on low volume; -3c [1.6%],urn:newsml:newsroom:20241122:nNRAujx0yt:0,NS:GLOWEE,SABE.MC
2024-11-22 16:47:46.843,Banco de Sabadell (SAB: EUR1.81) offers dividend yield of 7.7%; -4c [2.2%],urn:newsml:newsroom:20241122:nNRAujwyaj:0,NS:GLOSTO,SABE.MC
2024-11-22 11:57:07.360,Banco de Sabadell slumps 13% in past 3 months,urn:newsml:newsroom:20241122:nNRAujt00j:0,NS:GLOROU,SABE.MC
2024-11-22 09:57:32.000,UPDATE 1-Sabadell sees impact from floods in Spain manageable but will book provisions,urn:newsml:reuters.com:20241122:nL8N3MT0JH:1,NS:RTRS,SABE.MC
2024-11-22 09:21:22.000,Sabadell to set aside tens of millions in provisions for October floods impact,urn:newsml:reuters.com:20241122:nS0N3G001W:1,NS:RTRS,SABE.MC
2024-11-22 07:56:54.885,Banco de Sabadell slumps 13% in past 3 months,urn:newsml:newsroom:20241122:nNRAujpjre:0,NS:GLOROU,SABE.MC
2024-11-22 03:57:23.402,Banco de Sabadell slumps 13% in past 3 months,urn:newsml:newsroom:20241122:nNRAujmw0i:0,NS:GLOROU,SABE.MC
2024-11-21 16:47:34.280,Banco de Sabadell (SAB: EUR1.85) in 2nd consecutive rise; +3c [1.6%],urn:newsml:newsroom:20241121:nNRAujguxj:0,NS:GLOSTO,SABE.MC
2024-11-21 10:31:54.000,"UPDATE 2-BBVA's Sabadell deal poses risks for small business lending, competition watchdog says",urn:newsml:reuters.com:20241120:nL1N3MR0X3:1,NS:RTRS,SABE.MC
2024-11-21 07:04:16.000,Spanish stocks - Factors to watch on Nov 21,urn:newsml:reuters.com:20241121:nL8N3MS0B9:1,NS:RTRS,SABE.MC
2024-11-21 06:12:13.515,There is growing interest in accessing green finance: Banco Sabadell,urn:newsml:newsroom:20241121:nNRAuj874q:0,NS:NOTENG,SABE.MC
2024-11-20 21:11:48.340,"BBVA-Sabadell takeover bid, risk for SMEs",urn:newsml:newsroom:20241120:nNRAuj3ta7:0,NS:NOTENG,SABE.MC
2024-11-20 18:37:07.000,BBVA proposes new measures to competition watchdog to clinch green light for Sabadell bid,urn:newsml:reuters.com:20241120:nL1N3MR0VN:2,NS:RTRS,SABE.MC
2024-11-20 18:05:50.000,BRIEF-BBVA proposes measures to get regulator's OK for Sabadell bid,urn:newsml:reuters.com:20241120:nL8N3MR1V1:1,NS:RTRS,SABE.MC
2024-11-20 16:47:36.562,Banco de Sabadell (SAB: EUR1.83) strengthens above moving average price; +1c [0.5%],urn:newsml:newsroom:20241120:nNRAuj0x0b:0,NS:GLOSTO,SABE.MC
2024-11-20 11:57:07.992,Banco de Sabadell tumbles 9% in past 3 months,urn:newsml:newsroom:20241120:nNRAuiwklm:0,NS:GLOROU,SABE.MC
2024-11-20 10:07:10.082,Wednesday's Preview: Can Banco de Sabadell rebound after being down?,urn:newsml:newsroom:20241120:nNRAuiv88b:0,NS:GLOROU,SABE.MC
2024-11-20 07:56:57.913,Banco de Sabadell tumbles 9% in past 3 months,urn:newsml:newsroom:20241120:nNRAuittfc:0,NS:GLOROU,SABE.MC
2024-11-20 03:52:18.623,Banco de Sabadell tumbles 9% in past 3 months,urn:newsml:newsroom:20241120:nNRAuiqz9v:0,NS:GLOROU,SABE.MC
2024-11-19 17:07:17.676,How Banco de Sabadell's Tax Rate compares to Its Peers,urn:newsml:newsroom:20241119:nNRAuilcep:0,NS:GLOSTO,SABE.MC
2024-11-19 16:47:35.508,Banco de Sabadell (SAB: EUR1.82) offers earnings yield of 12.6%; -4c [2.2%],urn:newsml:newsroom:20241119:nNRAuil0z0:0,NS:GLOSTO,SABE.MC
2024-11-19 11:57:10.324,Banco de Sabadell tumbles 8% in past 3 months,urn:newsml:newsroom:20241119:nNRAuigo5n:0,NS:GLOROU,SABE.MC
2024-11-19 10:08:05.097,How CaixaBank's dividend compares to Banco de Sabadell,urn:newsml:newsroom:20241119:nNRAuif6r5:0,NS:GLOSTO,SABE.MC
2024-11-19 09:08:41.896,How Banco Bilbao Vizcaya Argentaria's dividend compares to Banco de Sabadell,urn:newsml:newsroom:20241119:nNRAuief0l:0,NS:GLOSTO,SABE.MC
2024-11-19 09:08:40.768,How Banco de Sabadell's dividend compares to Banco Bilbao Vizcaya Argentaria,urn:newsml:newsroom:20241119:nNRAuief0k:0,NS:GLOSTO,SABE.MC
2024-11-19 07:56:57.861,Banco de Sabadell tumbles 8% in past 3 months,urn:newsml:newsroom:20241119:nNRAuidfas:0,NS:GLOROU,SABE.MC
2024-11-19 03:57:24.928,Banco de Sabadell tumbles 8% in past 3 months,urn:newsml:newsroom:20241119:nNRAuiaw2s:0,NS:GLOROU,SABE.MC
2024-11-19 03:57:12.685,Banco de Sabadell tumbles 8% in past 3 months,urn:newsml:newsroom:20241119:nNRAuiaw0z:0,NS:GLOROU,SABE.MC
2024-11-19 03:14:06.952,Can you imagine being an employee of Sabadell and reading news of the BBVA takeover bid every day?,urn:newsml:newsroom:20241119:nNRAuiapjn:0,NS:NOTENG,SABE.MC
2024-11-18 17:31:17.310,CORRECTION - Sabadell completes 2024 funding,urn:newsml:reuters.com:20241118:nIfp9l9Yn6:2,NS:IFR,SABE.MC
2024-11-18 16:47:30.301,Banco de Sabadell (SAB: EUR1.86) offers dividend yield of 7.5%; +2c [1.1%],urn:newsml:newsroom:20241118:nNRAui4qwu:0,NS:GLOSTO,SABE.MC
2024-11-18 15:59:59.000,Banco de Sabadell prices EUR500m 6.5NC5.5 green SNP,urn:newsml:reuters.com:20241118:nIfp4bl8JL:1,NS:IFR,SABE.MC
2024-11-18 15:25:55.000,Allocs out for Banco de Sabadell EUR500m 6.5NC5.5 green SNP,urn:newsml:reuters.com:20241118:nIfp3FB9T8:1,NS:IFR,SABE.MC
2024-11-18 11:19:22.000,Banco de Sabadell 6.5NC5.5 green SNP final terms: EUR500m at MS+125bps,urn:newsml:reuters.com:20241118:nIfp378qvK:1,NS:IFR,SABE.MC
2024-11-18 10:14:22.000,Books for Banco de Sabadell 6.5NC5.5 green SNP over EUR1.5bn,urn:newsml:reuters.com:20241118:nIfp9XsGly:1,NS:IFR,SABE.MC
2024-11-18 08:00:59.000,"Banco de Sabadell mandates no-grow EUR500m 6.5NC5.5 green SNP, tbp today",urn:newsml:reuters.com:20241118:nIfp48NY7C:1,NS:IFR,SABE.MC
2024-11-18 07:07:34.316,Banco de Sabadell continues to outperform Banco Bilbao Vizcaya Argentaria by 52.4% year to date,urn:newsml:newsroom:20241118:nNRAuhy09m:0,NS:GLOSTO,SABE.MC
2024-11-16 14:17:39.491,Banco de Sabadell dips 4% in past 3 months,urn:newsml:newsroom:20241116:nNRAuhlmdi:0,NS:GLOROU,SABE.MC
2024-11-16 09:53:35.135,Banco de Sabadell dips 4% in past 3 months,urn:newsml:newsroom:20241116:nNRAuhjvoc:0,NS:GLOROU,SABE.MC
2024-11-16 06:47:44.942,Weekly: Banco de Sabadell (SAB: EUR1.84) shares post best week in twenty-nine weeks; +8c [4.5%],urn:newsml:newsroom:20241116:nNRAuhinzz:0,NS:GLOWEE,SABE.MC
2024-11-16 04:02:21.382,Banco de Sabadell dips 4% in past 3 months,urn:newsml:newsroom:20241116:nNRAuhhffx:0,NS:GLOROU,SABE.MC
2024-11-16 03:57:16.554,Banco de Sabadell dips 4% in past 3 months,urn:newsml:newsroom:20241116:nNRAuhhdcu:0,NS:GLOROU,SABE.MC
2024-11-15 21:34:17.257,"Onur Genç, CEO of BBVA: ""We expect the combination with Banco Sabadell to be approved with its full value creation potential""",urn:newsml:newsroom:20241115:nNRAuhergn:0,NS:PLUCOM,SABE.MC
2024-11-15 16:53:06.010,Weekly: Banco de Sabadell (SAB: EUR1.84) shares post best week in twenty-nine weeks; +8c [4.5%],urn:newsml:newsroom:20241115:nNRAuhbicf:0,NS:GLOWEE,SABE.MC
2024-11-15 16:47:47.803,Banco de Sabadell (SAB: EUR1.84) up 5.7% in 2 days; +10c [5.7%],urn:newsml:newsroom:20241115:nNRAuhbeos:0,NS:GLOSTO,SABE.MC
2024-11-15 16:13:44.679,Sabadell's minority shareholders file suit in BBVA's takeover bid file,urn:newsml:newsroom:20241115:nNRAuhayuk:0,NS:NOTENG,SABE.MC
2024-11-15 12:12:35.694,Banco de Sabadell falls 7% in past 3 months,urn:newsml:newsroom:20241115:nNRAuh7od5:0,NS:GLOROU,SABE.MC
2024-11-15 09:52:18.548,Banco de Sabadell falls 7% in past 3 months,urn:newsml:newsroom:20241115:nNRAuh5oyl:0,NS:GLOROU,SABE.MC
2024-11-15 04:07:36.469,Banco de Sabadell falls 7% in past 3 months,urn:newsml:newsroom:20241115:nNRAuh2c3x:0,NS:GLOROU,SABE.MC
2024-11-14 23:13:13.964,Spanish Regulator to Review BBVA’s Bid for Banco Sabadell,urn:newsml:newsroom:20241114:nNRAugzo2u:0,NS:NOTENG,SABE.MC
2024-11-14 22:42:21.027,Spanish Regulator to Review BBVA’s Bid for Banco Sabadell,urn:newsml:newsroom:20241114:nNRAugze75:0,NS:MEXSPA,SABE.MC
2024-11-14 16:48:26.245,Banco de Sabadell (SAB: EUR1.80) in top 2% performers of IBEX 35 Index; +6c [3.4%],urn:newsml:newsroom:20241114:nNRAugvrqb:0,NS:GLOSTO,SABE.MC
2024-11-14 14:31:58.307,"Onur Genç, CEO of BBVA: ""We expect the combination with Banco Sabadell to be approved with its full value creation potential""",urn:newsml:newsroom:20241114:nNRAugtozs:0,NS:INDBAN,SABE.MC
2024-11-14 08:18:25.000,"BBVA - Onur Genç, CEO of BBVA: “We expect the combination with Banco Sabadell to be approved with its full value creation potential”",urn:newsml:reuters.com:20241114:nNDLbmBSGC:1,NS:PUBT,SABE.MC
2024-11-14 00:13:14.946,"Catalonia, Valencia, Murcia or Madrid: the communities where the BBVA merger with Sabadell will take place",urn:newsml:newsroom:20241114:nNRAugju82:0,NS:NOTENG,SABE.MC
2024-11-13 16:47:29.532,Banco de Sabadell (SAB: EUR1.74) offers earnings yield of 13.2%; -1c [0.6%],urn:newsml:newsroom:20241113:nNRAugflda:0,NS:GLOSTO,SABE.MC
2024-11-13 12:35:26.000,UPDATE 3-BBVA readies remedies to secure Sabadell deal despite competition setback,urn:newsml:reuters.com:20241113:nL8N3MK0QG:1,NS:RTRS,SABE.MC
2024-11-13 10:12:35.699,The CNMC complicates BBVA's takeover bid for Sabadell by moving it to second phase,urn:newsml:newsroom:20241113:nNRAuga42w:0,NS:NOTENG,SABE.MC
2024-11-13 09:54:23.000,"BBVA aims for approval of Sabadell deal 'in a few months', CEO says",urn:newsml:reuters.com:20241113:nS0N3G001R:2,NS:RTRS,SABE.MC
2024-11-13 09:07:42.246,Banco de Sabadell's Earnings Growth Outperforms Bankinter,urn:newsml:newsroom:20241113:nNRAug9coq:0,NS:GLOSTO,SABE.MC
2024-11-13 08:07:34.384,Banco de Sabadell's Earnings Growth Outperforms Banco Santander,urn:newsml:newsroom:20241113:nNRAug8n0f:0,NS:GLOSTO,SABE.MC
2024-11-13 07:31:50.197,TSB issues purchase fraud warning during busy sales period as social media scams continue to target consumers,urn:newsml:newsroom:20241113:nNRAug88qe:0,NS:INDBAN,SABE.MC
2024-11-13 06:00:00.000,RPT-ANALYSIS-BBVA's Sabadell bid mired in concerns over competition and Mexico,urn:newsml:reuters.com:20241113:nL1N3MJ13C:2,NS:RTRS,SABE.MC
2024-11-13 02:55:39.000,PRESS DIGEST- Financial Times - Nov. 13,urn:newsml:reuters.com:20241113:nL4N3MK09U:1,NS:RTRS,SABE.MC
2024-11-13 00:38:17.408,With a trading volume of EUR 26 mn SAB.MC trades 0.42 percent higher today,urn:newsml:newsroom:20241113:nNRAug40ib:0,NS:STOCKP,SABE.MC
2024-11-12 22:11:41.277,Competition authorities complicate BBVA's takeover bid for Sabadell by moving it to phase 2,urn:newsml:newsroom:20241112:nNRAug2vxp:0,NS:NOTENG,SABE.MC
2024-11-12 19:12:10.000,UPDATE 2-Spain's antitrust body extends BBVA-Sabadell deal review,urn:newsml:reuters.com:20241112:nL8N3MJ2L8:1,NS:RTRS,SABE.MC
2024-11-12 18:20:37.000,ANALYSIS-BBVA's Sabadell bid mired in concerns over competition and Mexico,urn:newsml:reuters.com:20241112:nL8N3MI0XU:2,NS:RTRS,SABE.MC
2024-11-12 18:13:31.476,Competition authority submits BBVA's takeover bid for Sabadell to the strictest analysis and anticipates the intervention of the government,urn:newsml:newsroom:20241112:nNRAug0om5:0,NS:NOTENG,SABE.MC
2024-11-12 18:08:13.368,Banco de Sabadell's Earnings Growth Outperforms Peers,urn:newsml:newsroom:20241112:nNRAug0lij:0,NS:GLOSTO,SABE.MC
2024-11-12 17:16:33.000,BRIEF-Spanish Competition Watchdog To Analyse The BBVA/Sabadell Merger In 2nd Phase,urn:newsml:reuters.com:20241112:nFWN3MJ15H:1,NS:RTRS,SABE.MC
2024-11-12 17:14:03.000,"Spain's antitrust body says BBVA-Sabadell deal requires in-depth review, La Vanguardia reports",urn:newsml:reuters.com:20241112:nS0N3G001G:1,NS:RTRS,SABE.MC
2024-11-12 17:07:55.138,How Banco de Sabadell's Tax Rate compares to Its Peers,urn:newsml:newsroom:20241112:nNRAufzpz4:0,NS:GLOSTO,SABE.MC
2024-11-12 16:47:34.086,Banco de Sabadell (SAB: EUR1.75) offers dividend yield of 8%; -3c [1.7%],urn:newsml:newsroom:20241112:nNRAufzdh9:0,NS:GLOSTO,SABE.MC
2024-11-12 10:08:01.073,How CaixaBank's dividend compares to Banco de Sabadell,urn:newsml:newsroom:20241112:nNRAuftrra:0,NS:GLOSTO,SABE.MC
2024-11-12 09:08:13.504,How Banco Bilbao Vizcaya Argentaria's dividend compares to Banco de Sabadell,urn:newsml:newsroom:20241112:nNRAuft42k:0,NS:GLOSTO,SABE.MC
2024-11-12 09:08:09.000,How Banco de Sabadell's dividend compares to Banco Bilbao Vizcaya Argentaria,urn:newsml:newsroom:20241112:nNRAuft4ae:0,NS:GLOSTO,SABE.MC
2024-11-11 16:52:25.010,Banco de Sabadell (SAB: EUR1.78) lifts 1.1% strengthening above moving average price; +2c [1.1%],urn:newsml:newsroom:20241111:nNRAufkmji:0,NS:GLOSTO,SABE.MC
2024-11-11 07:13:54.005,"Banco de Sabadell Compendium - A Snapshot as of November 08, 2024",urn:newsml:newsroom:20241111:nNRAufdmoq:0,NS:GLOSTO,SABE.MC
2024-11-11 07:08:52.496,Banco de Sabadell continues to underperform Banco Bilbao Vizcaya Argentaria by 2.6% in the past three months,urn:newsml:newsroom:20241111:nNRAufdk7i:0,NS:GLOSTO,SABE.MC
2024-11-11 06:14:06.184,Sabadell accelerates in private banking and grows 20% in customers in the midst of BBVA's takeover bid,urn:newsml:newsroom:20241111:nNRAufasjh:0,NS:NOTENG,SABE.MC
2024-11-11 02:00:00.000,RPT-Europe's banks brace for tougher competition under Trump 2.0,urn:newsml:reuters.com:20241111:nL6N3MF0KT:1,NS:RTRS,SABE.MC
2024-11-09 14:31:32.417,What makes BBVA's offer to Banco Sabadell shareholders attractive?,urn:newsml:newsroom:20241109:nNRAueu5xi:0,NS:PLUCOM,SABE.MC
2024-11-09 09:07:49.673,Weekly: Banco de Sabadell (SAB: EUR1.76) in bottom 3% performers of IBEX 35 Index in past week; -9c [4.9%],urn:newsml:newsroom:20241109:nNRAues0zr:0,NS:GLOWEE,SABE.MC
2024-11-08 16:53:07.533,Weekly: Banco de Sabadell (SAB: EUR1.76) in bottom 3% performers of IBEX 35 Index in past week; -9c [4.9%],urn:newsml:newsroom:20241108:nNRAueke9d:0,NS:GLOWEE,SABE.MC
2024-11-08 16:47:48.262,Banco de Sabadell (SAB: EUR1.76) falls 2.2%; -4c [2.2%],urn:newsml:newsroom:20241108:nNRAuek8b7:0,NS:GLOSTO,SABE.MC
2024-11-08 13:27:15.000,Europe's banks brace for tougher competition under Trump 2.0,urn:newsml:reuters.com:20241108:nL8N3MF15Z:5,NS:RTRS,SABE.MC
2024-11-08 08:38:39.690,Banco de Sabadell (OTCMKTS:BNDSY) Stock Price Down 4.2% – What's Next? --,urn:link:webnews:20241108:nNRAueczli:0,NS:ETFDAI,SABE.MC
2024-11-08 06:13:31.302,Sabadell renews Sogeviso's top management to step on the accelerator in affordable rentals,urn:newsml:newsroom:20241108:nNRAueba7p:0,NS:NOTENG,SABE.MC
2024-11-07 16:47:23.428,Banco de Sabadell (SAB: EUR1.80) offers earnings yield of 12.8%; +4c [2.3%],urn:newsml:newsroom:20241107:nNRAue3kp6:0,NS:GLOSTO,SABE.MC
2024-11-07 12:12:31.049,Banco de Sabadell lifts 13% in past 3 months,urn:newsml:newsroom:20241107:nNRAudz45z:0,NS:GLOROU,SABE.MC
2024-11-07 08:32:12.646,Banco de Sabadell lifts 13% in past 3 months,urn:newsml:newsroom:20241107:nNRAudwims:0,NS:GLOROU,SABE.MC
2024-11-07 04:12:11.911,Banco de Sabadell lifts 13% in past 3 months,urn:newsml:newsroom:20241107:nNRAudtq7y:0,NS:GLOROU,SABE.MC
2024-11-07 04:07:42.969,Banco de Sabadell lifts 13% in past 3 months,urn:newsml:newsroom:20241107:nNRAudto14:0,NS:GLOROU,SABE.MC
2024-11-06 16:47:25.060,Banco de Sabadell (SAB: EUR1.76) offers dividend yield of 8%; -12c [6.4%],urn:newsml:newsroom:20241106:nNRAudnimf:0,NS:GLOSTO,SABE.MC
2024-11-06 08:08:03.520,Banco de Sabadell's Earnings Growth Outperforms Bankinter,urn:newsml:newsroom:20241106:nNRAudga8k:0,NS:GLOSTO,SABE.MC
2024-11-05 18:07:51.709,Banco de Sabadell's Earnings Growth Outperforms Banco Santander,urn:newsml:newsroom:20241105:nNRAud8pd7:0,NS:GLOSTO,SABE.MC
2024-11-05 17:08:12.171,Banco Santander's Earnings Growth Lags Banco de Sabadell,urn:newsml:newsroom:20241105:nNRAud80dl:0,NS:GLOSTO,SABE.MC
2024-11-05 17:08:10.863,Banco de Sabadell's Earnings Growth Outperforms Peers,urn:newsml:newsroom:20241105:nNRAud7yos:0,NS:GLOSTO,SABE.MC
2024-11-05 16:52:39.416,"Banco de Sabadell (SAB: EUR1.88) keeps rising, up 5.0% in 3 days; +9c [5.0%]",urn:newsml:newsroom:20241105:nNRAud7p2v:0,NS:GLOSTO,SABE.MC
2024-11-05 16:07:53.959,How Banco de Sabadell's Tax Rate compares to Its Peers,urn:newsml:newsroom:20241105:nNRAud77bo:0,NS:GLOSTO,SABE.MC
2024-11-05 10:08:13.018,How CaixaBank's dividend compares to Banco de Sabadell,urn:newsml:newsroom:20241105:nNRAud2cb0:0,NS:GLOSTO,SABE.MC
2024-11-05 09:08:14.087,How Banco de Sabadell's dividend compares to Banco Bilbao Vizcaya Argentaria,urn:newsml:newsroom:20241105:nNRAud1li1:0,NS:GLOSTO,SABE.MC
2024-11-05 09:08:05.481,How Banco Bilbao Vizcaya Argentaria's dividend compares to Banco de Sabadell,urn:newsml:newsroom:20241105:nNRAud1l4z:0,NS:GLOSTO,SABE.MC
2024-11-05 08:08:44.978,How Banco de Sabadell's dividend compares to Banco Santander,urn:newsml:newsroom:20241105:nNRAud0ucc:0,NS:GLOSTO,SABE.MC
2024-11-05 08:08:42.075,How Banco Santander's dividend compares to Banco de Sabadell,urn:newsml:newsroom:20241105:nNRAud0tey:0,NS:GLOSTO,SABE.MC
2024-11-05 08:03:23.557,Comparing Banco Bilbao Vizcaya Argentaria (NYSE:BBVA) and Banco de Sabadell (OTCMKTS:BNDSF) --,urn:link:webnews:20241105:nNRAud0rzq:0,NS:ETFDAI,SABE.MC
2024-11-04 16:52:57.659,Banco de Sabadell (SAB: EUR1.86) up 3.9% in 2 days; +7c [3.9%],urn:newsml:newsroom:20241104:nNRAucsk9t:0,NS:GLOSTO,SABE.MC
2024-11-04 15:43:05.228,"Monthly: Banco de Sabadell (SAB: EUR1.79) plummets 6%, trailing 59% of stocks",urn:newsml:newsroom:20241104:nNRAucrqg2:0,NS:GLOSTP,SABE.MC
2024-11-04 08:07:23.099,Banco de Sabadell continues to underperform Banco Santander by 5.6% in the past month,urn:newsml:newsroom:20241104:nNRAucm58e:0,NS:GLOSTO,SABE.MC
2024-11-04 08:07:22.626,Banco Santander continues to outperform Banco de Sabadell by 5.6% in the past month,urn:newsml:newsroom:20241104:nNRAucm5y2:0,NS:GLOSTO,SABE.MC
2024-11-04 07:08:13.187,Banco de Sabadell continues to underperform Banco Bilbao Vizcaya Argentaria by 0.5% in the past month,urn:newsml:newsroom:20241104:nNRAucloeg:0,NS:GLOSTO,SABE.MC
2024-11-03 05:52:09.631,Contrasting Banco de Sabadell (OTCMKTS:BNDSF) and Banco Bilbao Vizcaya Argentaria (NYSE:BBVA),urn:newsml:newsroom:20241103:nNRAuce8yz:0,NS:TICREP,SABE.MC
2024-11-02 07:12:57.829,"Profitability, Competition, Mexico... BBVA and Sabadell escalate in their takeover bid war",urn:newsml:newsroom:20241102:nNRAuc7trh:0,NS:NOTENG,SABE.MC
2024-11-02 05:51:52.707,Weekly: Banco de Sabadell (SAB: EUR1.85) lifts 2.2% on low volume; +4c [2.2%],urn:newsml:newsroom:20241102:nNRAuc7bqe:0,NS:GLOWEE,SABE.MC
2024-11-01 16:53:08.923,Weekly: Banco de Sabadell (SAB: EUR1.85) lifts 2.2% on low volume; +4c [2.2%],urn:newsml:newsroom:20241101:nNRAuc1gy7:0,NS:GLOWEE,SABE.MC
2024-11-01 16:47:28.800,Banco de Sabadell (SAB: EUR1.85) offers earnings yield of 12.4%; +6c [3.4%],urn:newsml:newsroom:20241101:nNRAuc1coi:0,NS:GLOSTO,SABE.MC
2024-11-01 15:07:08.361,"Banco de Sabadell, S.A. (BNDSF) Q3 2024 Earnings Call Transcript",urn:newsml:newsroom:20241101:nNRAuc061j:0,NS:SEECOM,SABE.MC
2024-11-01 13:11:57.922,"Sabadell earns 1,295 million up to September, 25.9% more, almost as much as in all of 2023",urn:newsml:newsroom:20241101:nNRAubys8p:0,NS:NOTENG,SABE.MC
2024-11-01 08:27:22.217,"Monthly: Banco de Sabadell (SAB: EUR1.79) falls 6%, trailing 59% of stocks",urn:newsml:newsroom:20241101:nNRAubuzun:0,NS:GLOSTO,SABE.MC
2024-11-01 08:08:38.032,Banco de Sabadell continues to outperform Banco Santander by 42.2% year to date,urn:newsml:newsroom:20241101:nNRAubuqag:0,NS:GLOSTO,SABE.MC
2024-11-01 08:08:37.684,Banco Santander continues to underperform Banco de Sabadell by 42.2% year to date,urn:newsml:newsroom:20241101:nNRAubuqah:0,NS:GLOSTO,SABE.MC
2024-11-01 07:07:34.603,Banco de Sabadell continues to outperform Banco Bilbao Vizcaya Argentaria by 50.4% year to date,urn:newsml:newsroom:20241101:nNRAubu37k:0,NS:GLOSTO,SABE.MC
2024-10-31 17:00:38.364,"(EN) Banco de Sabadell, S.A. Half Year Presentation (81019685)",urn:newsml:reuters.com:20241031:nGLF3HM5nP:2,NS:GLFILE,SABE.MC
2024-10-31 16:57:43.696,"Monthly: Banco de Sabadell (SAB: EUR1.79) plummets 6%, trailing 59% of stocks",urn:newsml:newsroom:20241031:nNRAubmztc:0,NS:GLOSTP,SABE.MC
2024-10-31 16:52:25.944,Banco de Sabadell (SAB: EUR1.79) offers dividend yield of 7.8%; -3c [1.6%],urn:newsml:newsroom:20241031:nNRAubmy00:0,NS:GLOSTO,SABE.MC
2024-10-31 16:23:32.554,"Probability Of A Better BBVA Offer Is Very Unlikely, CEO of Sabadell Says",urn:newsml:reuters.com:20241031:nRSD3Dh1JJ:1,NS:SIGDEV,SABE.MC
2024-10-31 16:13:07.000,"BRIEF-Probability Of A Better BBVA Offer Is Very Unlikely, CEO of Sabadell Says",urn:newsml:reuters.com:20241031:nS0N3G001O:1,NS:RTRS,SABE.MC
2024-10-31 15:48:19.185,"BBVA's Takeover Bid Should Be Reviewed In Phase 2 Due To Its Complexity, Sabadell CEO Says",urn:newsml:reuters.com:20241031:nRSD9NTY8R:1,NS:SIGDEV,SABE.MC
2024-10-31 15:35:55.000,"BRIEF-BBVA's Takeover Bid Should Be Reviewed In Phase 2 Due To Its Complexity, Sabadell CEO Says",urn:newsml:reuters.com:20241031:nS0N3G000Y:1,NS:RTRS,SABE.MC
2024-10-31 15:07:00.941,"Banco de Sabadell, S.A. reports Q3 results",urn:newsml:newsroom:20241031:nNRAublkki:0,NS:SEECOM,SABE.MC
2024-10-31 14:50:48.000,"UPDATE 4-SocGen jumps after CEO shakes up top team, rival BNP falters",urn:newsml:reuters.com:20241031:nL8N3M70Q7:2,NS:RTRS,SABE.MC
2024-10-31 14:41:32.208,"Sabadell achieves a record profit of 1,295 million up to September, an increase of 25.9%.",urn:newsml:newsroom:20241031:nNRAubl5o2:0,NS:CENAFT,SABE.MC
2024-10-31 14:13:42.427,"Genç (BBVA): ""If the CNMC imposes conditions that affect the value creation of the takeover bid, we can backtrack"".",urn:newsml:newsroom:20241031:nNRAubku3q:0,NS:NOTENG,SABE.MC
2024-10-31 13:59:10.000,BBVA submits remedies as seeks to ease Sabadell competition concerns,urn:newsml:reuters.com:20241031:nL8N3M720T:1,NS:RTRS,SABE.MC
2024-10-31 13:13:13.456,"Sabadell achieves a record profit of 1,295 million euros up to September and earns 25.9% more",urn:newsml:newsroom:20241031:nNRAubjqdm:0,NS:NOTENG,SABE.MC
2024-10-31 12:28:06.298,Newscasts - Europe Today: A mixed bag of earnings weighs down on European equities,urn:newsml:reuters.com:20241031:nRTV1LLnK6:21,NS:RTRS,SABE.MC
2024-10-31 12:04:52.410,"BBVA Would Go Ahead With Sabadell Bid Even If Reviewed In Phase 2, CEO Says",urn:newsml:reuters.com:20241031:nRSD8014vN:1,NS:SIGDEV,SABE.MC
2024-10-31 12:00:00.000,Q3 2024 Banco de Sabadell SA Earnings Call,urn:newsml:reuters.com:20241031:nTRN5fDjJg:1,NS:TRANS,SABE.MC
2024-10-31 11:52:15.000,"BRIEF-BBVA Would Go Ahead With Sabadell Bid Even If Reviewed In Phase 2, CEO Says",urn:newsml:reuters.com:20241031:nS0N3G001K:1,NS:RTRS,SABE.MC
2024-10-31 11:00:00.000,Q3 2024 Banco de Sabadell SA Earnings Call - Final,urn:newsml:newsroom:20241204:nNRAup9ukg:0,NS:FDFAIR,SABE.MC
2024-10-31 11:00:00.000,Q3 2024 Banco de Sabadell SA Earnings Call - Final,urn:newsml:newsroom:20241115:nNRAuhcc8n:0,NS:FDFAIR,SABE.MC
2024-10-31 10:13:56.815,BBVA's profit soars 28% to 7.622 billion euros through September with the takeover bid for Sabadell in play,urn:newsml:newsroom:20241031:nNRAubgpj3:0,NS:NOTENG,SABE.MC
2024-10-31 10:13:39.645,"Sergio Palavecino, Banco Sabadell's new CFO",urn:newsml:newsroom:20241031:nNRAubgpts:0,NS:NOTENG,SABE.MC
2024-10-31 10:13:34.611,"Sabadell achieves a record profit of 1,295 million up to September, in the midst of BBVA's takeover bid",urn:newsml:newsroom:20241031:nNRAubgo4t:0,NS:NOTENG,SABE.MC
2024-10-31 09:36:55.000,UPDATE 3-Mexico weakness take shine off BBVA's Q3 profit beat,urn:newsml:reuters.com:20241031:nL8N3M70QR:1,NS:RTRS,SABE.MC
2024-10-31 09:22:07.755,"BBVA's CEO: Has ""Clear Conviction"" That Sabadell Transaction Will Go Through",urn:newsml:reuters.com:20241031:nRSD5WS7mH:1,NS:SIGDEV,SABE.MC
2024-10-31 09:14:29.243,"BBVA earns 7.622 billion, up 44%, and surpasses its record profit in the midst of its takeover bid for Sabadell",urn:newsml:newsroom:20241031:nNRAubg2mz:0,NS:NOTENG,SABE.MC
2024-10-31 09:14:17.075,Sabadell achieves the profit for the whole of 2023 in September and exhibits a piggy bank for more dividends,urn:newsml:newsroom:20241031:nNRAubg3wd:0,NS:NOTENG,SABE.MC
2024-10-31 09:13:50.463,Sabadell earns 26% more while awaiting the CNMC's decision on BBVA's takeover bid,urn:newsml:newsroom:20241031:nNRAubg2wc:0,NS:NOTENG,SABE.MC
2024-10-31 09:13:33.220,Changes at Banco Sabadell: Sergio Palavecino to take over from Leopoldo Alvear as CFO,urn:newsml:newsroom:20241031:nNRAubg489:0,NS:NOTENG,SABE.MC
2024-10-31 09:13:33.086,"Banco Sabadell achieves a record profit of 1,295 million, up 26% through September",urn:newsml:newsroom:20241031:nNRAubg486:0,NS:NOTENG,SABE.MC
2024-10-31 09:13:31.834,Sabadell appoints Palavecino CFO as Alvear leaves for Societe Generale,urn:newsml:newsroom:20241031:nNRAubg481:0,NS:NOTENG,SABE.MC
2024-10-31 09:08:57.000,"BRIEF-BBVA's CEO: Has ""Clear Conviction"" That Sabadell Transaction Will Go Through",urn:newsml:reuters.com:20241031:nS0N3G001H:1,NS:RTRS,SABE.MC
2024-10-31 09:05:59.661,"BBVA Expects NII In Spain To Remain Well Supported Going Forward, CFO Says",urn:newsml:reuters.com:20241031:nRSD3D20sg:1,NS:SIGDEV,SABE.MC
2024-10-31 08:54:11.000,"BRIEF-BBVA Expects NII In Spain To Remain Well Supported Going Forward, CFO Says",urn:newsml:reuters.com:20241031:nS0N3G001F:1,NS:RTRS,SABE.MC
2024-10-31 07:26:07.000,Spanish stocks - Factors to watch on Oct 31,urn:newsml:reuters.com:20241031:nL8N3M70RI:1,NS:RTRS,SABE.MC
2024-10-31 07:13:57.333,"Sabadell achieves a record profit of 1,295 million euros up to September and earns 25.9% more",urn:newsml:newsroom:20241031:nNRAubeop8:0,NS:NOTENG,SABE.MC
2024-10-31 06:40:34.000,UPDATE 2-Sabadell's Q3 net profit beats forecast despite lending income squeeze,urn:newsml:reuters.com:20241031:nL8N3M70NZ:2,NS:RTRS,SABE.MC
2024-10-31 06:13:23.041,"Sabadell attacks BBVA's takeover bid with another record result: 1,295 million up to September",urn:newsml:newsroom:20241031:nNRAube5fr:0,NS:NOTENG,SABE.MC
2024-10-31 06:11:43.000,UPDATE 1-SocGen CEO reshuffles top management,urn:newsml:reuters.com:20241031:nL1N3M709J:4,NS:RTRS,SABE.MC
2024-10-31 06:09:59.000,BBVA's Q3 net profit up 26% compared to same period in 2023,urn:newsml:reuters.com:20241031:nL8N3M634Y:2,NS:RTRS,SABE.MC
2024-10-31 05:57:05.459,Sabadell Appoints Sergio Palavecino Tomé As New CFO,urn:newsml:reuters.com:20241031:nRSD7CqJWZ:1,NS:SIGDEV,SABE.MC
2024-10-31 05:48:32.000,SocGen appoints new CFO Leopoldo Alvear in governance reshuffle,urn:newsml:reuters.com:20241031:nFWN3M61YR:1,NS:RTRS,SABE.MC
2024-10-31 05:45:25.000,BRIEF-Sabadell Appoints Sergio Palavecino Tomé As New CFO,urn:newsml:reuters.com:20241031:nFWN3M61YV:1,NS:RTRS,SABE.MC
2024-10-31 05:38:46.000,Banco de Sabadell SA - 3Q24 Financial Report,urn:newsml:reuters.com:20241031:nNDLS8X3x:1,NS:PUBT,SABE.MC
2024-10-31 05:38:31.000,Banco de Sabadell SA - 3Q24 Results Presentation,urn:newsml:reuters.com:20241031:nNDL5JL7jm:1,NS:PUBT,SABE.MC
2024-10-31 05:28:55.455,Sabadell Q3 Net Profit At 503 Mln Euros,urn:newsml:reuters.com:20241031:nRSD75pYqz:1,NS:SIGDEV,SABE.MC
2024-10-31 05:28:55.259,Sabadell On Track To Meet 2024 Objectives,urn:newsml:reuters.com:20241031:nRSD4bSjQW:1,NS:SIGDEV,SABE.MC
2024-10-31 05:19:12.000,Sabadell's Q3 net profit rises 8% from same period in 2023,urn:newsml:reuters.com:20241031:nL8N3M634R:4,NS:RTRS,SABE.MC
2024-10-31 05:17:59.000,BRIEF-Sabadell Q3 Net Profit At 503 Mln Euros,urn:newsml:reuters.com:20241031:nS8N3L6072:1,NS:RTRS,SABE.MC
2024-10-31 05:15:17.000,BRIEF-Sabadell On Track To Meet 2024 Objectives,urn:newsml:reuters.com:20241031:nFWN3M6219:1,NS:RTRS,SABE.MC
2024-10-30 16:47:29.461,Banco de Sabadell (SAB: EUR1.82) lifts 1.7% strengthening above moving average price; +3c [1.7%],urn:newsml:newsroom:20241030:nNRAub74al:0,NS:GLOSTO,SABE.MC
2024-10-30 16:22:17.824,Permanent TSB Group ADR (ILPMY: $1.68) plunges 14% on average volume; -27c [-13.8%],urn:newsml:newsroom:20241030:nNRAub6tir:0,NS:GLOROU,SABE.MC
2024-10-30 15:47:36.940,Permanent TSB Group ADR (ILPMY: $1.68) drops to three-month low; -27c [-13.8%],urn:newsml:newsroom:20241030:nNRAub6ere:0,NS:GLOROU,SABE.MC
2024-10-30 14:15:21.000,UPDATE 2-Spain's CNMC to say in mid-November how long review of BBVA's bid for Sabadell will take,urn:newsml:reuters.com:20241030:nL8N3M61HB:5,NS:RTRS,SABE.MC
2024-10-30 12:13:51.000,Spain's CNMC to say in few weeks whether to review BBVA's bid for Sabadell in phase 2,urn:newsml:reuters.com:20241030:nS0N3G0013:1,NS:RTRS,SABE.MC
2024-10-30 09:13:45.771,Banca March strengthens its private banking business in the Basque Country and signs with Banco Sabadell,urn:newsml:newsroom:20241030:nNRAub0pti:0,NS:NOTENG,SABE.MC
2024-10-30 08:08:24.711,Banco de Sabadell's Earnings Growth Outperforms Bankinter,urn:newsml:newsroom:20241030:nNRAub017d:0,NS:GLOSTO,SABE.MC
2024-10-29 18:07:07.821,Banco de Sabadell's Earnings Growth Outperforms Banco Santander,urn:newsml:newsroom:20241029:nNRAuasxje:0,NS:GLOSTO,SABE.MC
2024-10-29 18:07:07.144,Banco Santander's Earnings Growth Lags Banco de Sabadell,urn:newsml:newsroom:20241029:nNRAuasxwg:0,NS:GLOSTO,SABE.MC
2024-10-29 17:08:35.761,Banco de Sabadell's Earnings Growth Outperforms Peers,urn:newsml:newsroom:20241029:nNRAuas7yy:0,NS:GLOSTO,SABE.MC
2024-10-29 16:47:23.925,Banco de Sabadell (SAB: EUR1.79) drops 1.1% on slipping relative strength; -2c [1.1%],urn:newsml:newsroom:20241029:nNRAuartqn:0,NS:GLOSTO,SABE.MC
2024-10-29 16:07:33.831,How Banco de Sabadell's Tax Rate compares to Its Peers,urn:newsml:newsroom:20241029:nNRAuarctx:0,NS:GLOSTO,SABE.MC
2024-10-29 10:07:37.682,How CaixaBank's dividend compares to Banco de Sabadell,urn:newsml:newsroom:20241029:nNRAuall0e:0,NS:GLOSTO,SABE.MC
2024-10-29 09:07:55.992,How Banco de Sabadell's dividend compares to Banco Bilbao Vizcaya Argentaria,urn:newsml:newsroom:20241029:nNRAuakqqd:0,NS:GLOSTO,SABE.MC
2024-10-29 09:07:55.448,How Banco Bilbao Vizcaya Argentaria's dividend compares to Banco de Sabadell,urn:newsml:newsroom:20241029:nNRAuakqqc:0,NS:GLOSTO,SABE.MC
2024-10-29 08:08:03.482,How Banco Santander's dividend compares to Banco de Sabadell,urn:newsml:newsroom:20241029:nNRAuak1n7:0,NS:GLOSTO,SABE.MC
2024-10-29 08:08:03.254,How Banco de Sabadell's dividend compares to Banco Santander,urn:newsml:newsroom:20241029:nNRAuak0mv:0,NS:GLOSTO,SABE.MC
2024-10-29 06:46:26.000,Spanish stocks - Factors to watch on Oct 29,urn:newsml:reuters.com:20241029:nL8N3M50OT:1,NS:RTRS,SABE.MC
2024-10-28 21:55:45.000,"UPDATE 1-Anti-trust review of BBVA bid for Sabadell may be extended, regulator says",urn:newsml:reuters.com:20241028:nL8N3M41Q1:1,NS:RTRS,SABE.MC
2024-10-28 19:57:47.000,Spain's anti-trust watchdog continues analysis of BBVA's takeover bid for Sabadell,urn:newsml:reuters.com:20241028:nS0N3G000S:2,NS:RTRS,SABE.MC
2024-10-28 08:07:34.098,Banco de Sabadell continues to underperform Banco Santander by 5.3% in the past month,urn:newsml:newsroom:20241028:nNRAua5sou:0,NS:GLOSTO,SABE.MC
2024-10-28 08:07:33.738,Banco Santander continues to outperform Banco de Sabadell by 5.3% in the past month,urn:newsml:newsroom:20241028:nNRAua5sov:0,NS:GLOSTO,SABE.MC
2024-10-28 08:02:38.688,Weekly: Banco de Sabadell (SAB: EUR1.81) drops 3.2% on low volume; -6c [3.2%],urn:newsml:newsroom:20241028:nNRAua5ot7:0,NS:GLOSTO,SABE.MC
2024-10-28 07:07:36.254,Banco de Sabadell continues to outperform Banco Bilbao Vizcaya Argentaria by 1.0% in the past month,urn:newsml:newsroom:20241028:nNRAua56mf:0,NS:GLOSTO,SABE.MC
2024-10-27 12:37:08.578,"Short Interest in Banco de Sabadell, S.A. (OTCMKTS:BNDSF) Drops By 48.8% --",urn:link:webnews:20241027:nNRAu9zjsz:0,NS:WKRNEW,SABE.MC
2024-10-26 04:32:29.963,Weekly: Banco de Sabadell (SAB: EUR1.81) drops 3.2% on low volume; -6c [3.2%],urn:newsml:newsroom:20241026:nNRAu9p3ii:0,NS:GLOWEE,SABE.MC
2024-10-25 16:27:43.875,Weekly: Banco de Sabadell (SAB: EUR1.81) drops 3.2% on low volume; -6c [3.2%],urn:newsml:newsroom:20241025:nNRAu9j1ol:0,NS:GLOWEE,SABE.MC
2024-10-25 16:27:19.621,Weekly: Banco de Sabadell (SAB: EUR1.81) drops 3.2% on low volume; -6c [3.2%],urn:newsml:newsroom:20241025:nNRAu9j1j2:0,NS:GLOSTO,SABE.MC
2024-10-24 16:22:23.202,Banco de Sabadell (SAB: EUR1.81) down 2.7% in 2 days; -5c [2.7%],urn:newsml:newsroom:20241024:nNRAu93qth:0,NS:GLOSTO,SABE.MC
2024-10-23 21:46:36.106,Ekhi Acquires Two Solar Photovoltaic Projects in Spain from Enerland,urn:newsml:reuters.com:20241023:nNRAu8s5wv:1,NS:DATMTR,SABE.MC
2024-10-23 17:07:30.000,LIVE MARKETS-Spanish banks Q3 earnings season ready to kick off,urn:newsml:reuters.com:20241023:nL1N3LZ12D:2,NS:RTRS,SABE.MC
2024-10-23 16:22:22.983,Banco de Sabadell (SAB: EUR1.83) in bottom 1% performers of IBEX 35 Index; -3c [1.6%],urn:newsml:newsroom:20241023:nNRAu8p0ol:0,NS:GLOSTO,SABE.MC
2024-10-23 00:17:28.846,Can Banco de Sabadell continue its gains?,urn:newsml:newsroom:20241023:nNRAu8dwud:0,NS:GLOSTO,SABE.MC
2024-10-22 16:22:26.383,Banco de Sabadell (SAB: EUR1.86) offers earnings yield of 12.4%; +2c [1.1%],urn:newsml:newsroom:20241022:nNRAu89gnx:0,NS:GLOSTO,SABE.MC
2024-10-22 15:08:14.307,How Banco de Sabadell's Tax Rate compares to Its Peers,urn:newsml:newsroom:20241022:nNRAu88i1e:0,NS:GLOSTO,SABE.MC
2024-10-22 09:08:16.205,How CaixaBank's dividend compares to Banco de Sabadell,urn:newsml:newsroom:20241022:nNRAu83hd3:0,NS:GLOSTO,SABE.MC
2024-10-22 08:08:22.591,How Banco Bilbao Vizcaya Argentaria's dividend compares to Banco de Sabadell,urn:newsml:newsroom:20241022:nNRAu82ouo:0,NS:GLOSTO,SABE.MC
2024-10-22 08:08:16.889,How Banco de Sabadell's dividend compares to Banco Bilbao Vizcaya Argentaria,urn:newsml:newsroom:20241022:nNRAu82oun:0,NS:GLOSTO,SABE.MC
2024-10-21 16:17:26.164,Banco de Sabadell (SAB: EUR1.84) offers dividend yield of 7.6%; -3c [1.6%],urn:newsml:newsroom:20241021:nNRAu7uxje:0,NS:GLOSTO,SABE.MC
2024-10-21 06:54:16.000,BUZZ-Barclays cuts Caixabank and Bankinter on rate sensitivity,urn:newsml:reuters.com:20241021:nL8N3LX09V:1,NS:RTRS,SABE.MC
2024-10-21 06:08:54.565,Banco de Sabadell continues to outperform Banco Bilbao Vizcaya Argentaria by 55.6% year to date,urn:newsml:newsroom:20241021:nNRAu7o3do:0,NS:GLOSTO,SABE.MC
2024-10-21 06:08:26.545,Weekly: Banco de Sabadell (SAB: EUR1.87) increases 0.5% on weak volume; +1c [0.5%],urn:newsml:newsroom:20241021:nNRAu7o1l2:0,NS:GLOSTO,SABE.MC
2024-10-20 22:12:52.524,One of BBVA's main shareholders left in the summer due to the hostile takeover bid for Sabadell.,urn:newsml:newsroom:20241020:nNRAu7l8yt:0,NS:NOTENG,SABE.MC
2024-10-20 06:01:34.000,"UPDATE 1-GQG Partners sells BBVA stake over Sabadell hostile bid, FT reports",urn:newsml:reuters.com:20241020:nL1N3LW01O:1,NS:RTRS,SABE.MC
2024-10-20 04:46:07.188,"GQG Partners sells BBVA stake over Sabadell hostile bid, FT reports --",urn:link:webnews:20241020:nNRAu7gizp:0,NS:YAHNEX,SABE.MC
2024-10-19 14:23:11.788,"Friday October 18, 2024 What Happened Today to the Banco de Sabadell ADR",urn:newsml:newsroom:20241019:nNRAu7czas:0,NS:GLOROU,SABE.MC
2024-10-19 07:47:25.896,"Friday October 18, 2024 What Happened Today to the Banco de Sabadell ADR",urn:newsml:newsroom:20241019:nNRAu7a42d:0,NS:GLOROU,SABE.MC
2024-10-19 04:32:23.544,Weekly: Banco de Sabadell (SAB: EUR1.87) increases 0.5% on weak volume; +1c [0.5%],urn:newsml:newsroom:20241019:nNRAu78sco:0,NS:GLOWEE,SABE.MC
2024-10-19 03:43:02.309,"Friday October 18, 2024 What Happened Today to the Banco de Sabadell ADR",urn:newsml:newsroom:20241019:nNRAu78ehh:0,NS:GLOROU,SABE.MC
2024-10-18 16:27:42.526,Weekly: Banco de Sabadell (SAB: EUR1.87) increases 0.5% on weak volume; +1c [0.5%],urn:newsml:newsroom:20241018:nNRAu733xk:0,NS:GLOWEE,SABE.MC
2024-10-18 16:27:21.001,Weekly: Banco de Sabadell (SAB: EUR1.87) increases 0.5% on weak volume; +1c [0.5%],urn:newsml:newsroom:20241018:nNRAu731tm:0,NS:GLOSTO,SABE.MC
2024-10-18 16:22:23.109,Banco de Sabadell (SAB: EUR1.87) shares rise after 3 days of declines; +4c [2.2%],urn:newsml:newsroom:20241018:nNRAu730ur:0,NS:GLOSTO,SABE.MC
2024-10-18 12:12:03.742,"González-Bueno believes that ""the takeover bid is not likely to succeed"" due to insufficient price and hostility.",urn:newsml:newsroom:20241018:nNRAu6za21:0,NS:NOTENG,SABE.MC
2024-10-17 16:22:24.670,"Banco de Sabadell (SAB: EUR1.83) keeps sliding, down 3.2% in 3 days; -6c [3.2%]",urn:newsml:newsroom:20241017:nNRAu6nmd0:0,NS:GLOSTO,SABE.MC
2024-10-16 20:08:40.000,Deals of the day-Mergers and acquisitions,urn:newsml:reuters.com:20241016:nL4N3LS1NT:1,NS:RTRS,SABE.MC
2024-10-16 16:30:09.000,UPDATE 1-Spanish blue chips close at highest since 2010,urn:newsml:reuters.com:20241016:nL1N3LS0TM:2,NS:RTRS,SABE.MC
2024-10-16 16:22:27.319,Banco de Sabadell (SAB: EUR1.85) offers earnings yield of 12.4%; -3c [1.6%],urn:newsml:newsroom:20241016:nNRAu68btn:0,NS:GLOSTO,SABE.MC
2024-10-16 16:16:44.000,Spanish blue chips close at highest since 2010,urn:newsml:reuters.com:20241016:nL8N3LS1A8:2,NS:RTRS,SABE.MC
2024-10-16 08:08:10.005,Banco de Sabadell's Earnings Growth Outperforms Bankinter,urn:newsml:newsroom:20241016:nNRAu62372:0,NS:GLOSTO,SABE.MC
2024-10-16 07:39:15.000,BBVA sees an additional 8 bps impact on capital after adjusted offer for Sabadell,urn:newsml:reuters.com:20241016:nL8N3LR25Z:5,NS:RTRS,SABE.MC
2024-10-16 07:07:38.572,Banco de Sabadell's Earnings Growth Outperforms Banco Santander,urn:newsml:newsroom:20241016:nNRAu61flf:0,NS:GLOSTO,SABE.MC
2024-10-15 17:07:51.512,Banco de Sabadell's Earnings Growth Outperforms Peers,urn:newsml:newsroom:20241015:nNRAu5ts9i:0,NS:GLOSTO,SABE.MC
2024-10-15 17:07:33.709,Banco Santander's Earnings Growth Lags Banco de Sabadell,urn:newsml:newsroom:20241015:nNRAu5tqsy:0,NS:GLOSTO,SABE.MC
2024-10-15 16:22:25.444,Banco de Sabadell (SAB: EUR1.88) offers dividend yield of 7.5%; -1c [0.5%],urn:newsml:newsroom:20241015:nNRAu5t4cl:0,NS:GLOSTO,SABE.MC
2024-10-15 16:07:30.487,How Banco de Sabadell's Tax Rate compares to Its Peers,urn:newsml:newsroom:20241015:nNRAu5suxi:0,NS:GLOSTO,SABE.MC
2024-10-15 09:08:15.220,How CaixaBank's dividend compares to Banco de Sabadell,urn:newsml:newsroom:20241015:nNRAu5mnrm:0,NS:GLOSTO,SABE.MC
2024-10-14 20:19:51.000,"Banking deals can make banks too big and hurt consumers, Sabadell chair says",urn:newsml:reuters.com:20241014:nS0N3BV028:2,NS:RTRS,SABE.MC
2024-10-14 17:32:16.820,Interim Report (Half Year) Analysis H1 2024: Banco de Sabadell half year profits hit by 34% fall Corporate Wire Date: 14 October 2024 17:49 CEST Re...,urn:newsml:newsroom:20241014:nNRAu5eydq:0,NS:GLOUPF,SABE.MC
2024-10-14 16:22:23.267,Banco de Sabadell (SAB: EUR1.89) up 2.7% in 2 days; +5c [2.7%],urn:newsml:newsroom:20241014:nNRAu5e0ti:0,NS:GLOSTO,SABE.MC
2024-10-14 15:52:28.322,"Interim Report (Half Year) Analysis H1 2024: Banco de Sabadell half year profits hit by 34% fall Tuesday October 15, 2024 17:49 CEST",urn:newsml:newsroom:20241014:nNRAu5do1n:0,NS:NEWWIR,SABE.MC
2024-10-14 06:22:29.717,"Banco de Sabadell Compendium - A Snapshot as of October 11, 2024",urn:newsml:newsroom:20241014:nNRAu56rf5:0,NS:GLOSTO,SABE.MC
2024-10-14 06:07:40.453,Banco de Sabadell continues to outperform Banco Bilbao Vizcaya Argentaria by 3.9% in the past three months,urn:newsml:newsroom:20241014:nNRAu56iio:0,NS:GLOSTO,SABE.MC
2024-10-14 00:16:51.002,Can Banco de Sabadell continue its gains?,urn:newsml:newsroom:20241014:nNRAu54qdp:0,NS:GLOSTO,SABE.MC
2024-10-12 04:27:19.640,Two-bagger Banco de Sabadell (SAB: EUR1.86) increases 0.5%; +1c [0.5%],urn:newsml:newsroom:20241012:nNRAu4smjt:0,NS:GLOWEE,SABE.MC
2024-10-11 16:22:28.782,Two-bagger Banco de Sabadell (SAB: EUR1.86) increases 0.5%; +1c [0.5%],urn:newsml:newsroom:20241011:nNRAu4nddj:0,NS:GLOWEE,SABE.MC
2024-10-11 16:22:27.358,Two-bagger Banco de Sabadell (SAB: EUR1.86) lifts 1.1%; +2c [1.1%],urn:newsml:newsroom:20241011:nNRAu4ncdx:0,NS:GLOSTO,SABE.MC
2024-10-11 10:49:52.000,"BBVA - BBVA-Sabadell combination: a stronger and more efficient bank, with more than 100 million customers",urn:newsml:reuters.com:20241011:nNDL3PcFrx:1,NS:PUBT,SABE.MC
2024-10-11 09:26:39.000,"UPDATE 1-Review of BBVA's bid for Sabadell could last until Q1 2025, says Spain minister",urn:newsml:reuters.com:20241011:nL8N3LN0EH:1,NS:RTRS,SABE.MC
2024-10-11 08:01:50.000,BBVA bid for Sabadell could last until Q1 2025 if in depth-review required-Economy minister,urn:newsml:reuters.com:20241011:nS0N2U701K:4,NS:RTRS,SABE.MC
2024-10-11 00:17:18.966,Friday's Preview: Can Banco de Sabadell rebound after being down?,urn:newsml:newsroom:20241011:nNRAu4clar:0,NS:GLOSTO,SABE.MC
2024-10-10 18:13:59.939,"The Supreme Court condemns Sabadell for failing to comply with the ""duties of custody"" of the funds of a disabled person.",urn:newsml:newsroom:20241010:nNRAu49uce:0,NS:NOTENG,SABE.MC
2024-10-10 16:22:28.570,Banco de Sabadell (SAB: EUR1.84) offers earnings yield of 12.5%; -1c [0.5%],urn:newsml:newsroom:20241010:nNRAu48j2z:0,NS:GLOSTO,SABE.MC
2024-10-10 15:36:26.612,Moody's Ratings affirms Banco Sabadell's ratings,urn:newsml:newsroom:20241010:nNRAu47izr:0,NS:PLUCOM,SABE.MC
2024-10-10 11:12:10.520,Cunext's green copper pulls Cordoba's industry: 30 million from PERTE and 12 million for its Sabadell suppliers,urn:newsml:newsroom:20241010:nNRAu43xl2:0,NS:NOTENG,SABE.MC
2024-10-10 10:30:30.000,UPDATE 1-Britain's TSB bank fined for unfair treatment of customers,urn:newsml:reuters.com:20241010:nL1N3LM09W:4,NS:RTRS,SABE.MC
2024-10-10 09:06:08.000,Britain's TSB bank fined for unfair treatment of customers,urn:newsml:reuters.com:20241010:nFWN3LM0FI:5,NS:RTRS,SABE.MC
2024-10-09 16:22:18.561,Banco de Sabadell (SAB: EUR1.85) offers dividend yield of 7.6%; -1c [0.5%],urn:newsml:newsroom:20241009:nNRAu3typb:0,NS:GLOSTO,SABE.MC
2024-10-09 12:08:44.297,Sabadell Plans Risk Transfer Linked to $1.3 Billion Loans --,urn:link:webnews:20241009:nNRAu3qk40:0,NS:FINPOS,SABE.MC
2024-10-09 09:09:57.092,Banco Santander's Earnings Growth Lags Banco de Sabadell,urn:newsml:newsroom:20241009:nNRAu3o5q1:0,NS:GLOSTO,SABE.MC
2024-10-09 08:09:18.738,Banco de Sabadell's Earnings Growth Outperforms Bankinter,urn:newsml:newsroom:20241009:nNRAu3nl6f:0,NS:GLOSTO,SABE.MC
2024-10-09 07:07:30.786,Banco de Sabadell's Earnings Growth Outperforms Banco Santander,urn:newsml:newsroom:20241009:nNRAu3n097:0,NS:GLOSTO,SABE.MC
2024-10-09 00:17:47.193,Can Banco de Sabadell rebound after recent dip?,urn:newsml:newsroom:20241009:nNRAu3jtz7:0,NS:GLOSTO,SABE.MC
2024-10-08 17:08:19.322,Banco de Sabadell's Earnings Growth Outperforms Peers,urn:newsml:newsroom:20241008:nNRAu3gp56:0,NS:GLOSTO,SABE.MC
2024-10-08 16:22:19.062,Banco de Sabadell (SAB: EUR1.86) offers dividend yield of 7.5%; -1c [0.5%],urn:newsml:newsroom:20241008:nNRAu3g0k3:0,NS:GLOSTO,SABE.MC
2024-10-08 16:07:43.175,How Banco de Sabadell's Tax Rate compares to Its Peers,urn:newsml:newsroom:20241008:nNRAu3fw49:0,NS:GLOSTO,SABE.MC
2024-10-08 14:31:54.215,Banco de Sabadell: González-Bueno - Our remuneration as a solo artist is unmatched,urn:newsml:newsroom:20241008:nNRAu3ekos:0,NS:INDBAN,SABE.MC
2024-10-08 14:26:50.000,UPDATE 2-Spain's CNMV to study competition review before BBVA/Sabadell decision,urn:newsml:reuters.com:20241008:nL8N3LK11Y:3,NS:RTRS,SABE.MC
2024-10-08 14:07:49.782,Banco de Sabadell continues to underperform Banco Bilbao Vizcaya Argentaria by 0.2% in the past month,urn:newsml:newsroom:20241008:nNRAu3e8pg:0,NS:GLOSTO,SABE.MC
2024-10-08 13:13:51.339,"Buenaventura (CNMV): ""We do not make a value judgment on whether BBVA is the ideal bidder, we only ask investors to be aware of the risks"".",urn:newsml:newsroom:20241008:nNRAu3dm7d:0,NS:NOTENG,SABE.MC
2024-10-08 12:16:33.000,CNMV will analyse competition review before deciding on BBVA bid for Sabadell,urn:newsml:reuters.com:20241008:nS0N3BV01D:1,NS:RTRS,SABE.MC
2024-10-08 09:08:17.495,How CaixaBank's dividend compares to Banco de Sabadell,urn:newsml:newsroom:20241008:nNRAu39wk7:0,NS:GLOSTO,SABE.MC
2024-10-08 08:08:38.127,How Banco Bilbao Vizcaya Argentaria's dividend compares to Banco de Sabadell,urn:newsml:newsroom:20241008:nNRAu397j5:0,NS:GLOSTO,SABE.MC
2024-10-08 08:08:31.831,How Banco de Sabadell's dividend compares to Banco Bilbao Vizcaya Argentaria,urn:newsml:newsroom:20241008:nNRAu397j4:0,NS:GLOSTO,SABE.MC
2024-10-07 23:17:39.874,Tuesday's Preview: Can Banco de Sabadell continue its recent gains?,urn:newsml:newsroom:20241007:nNRAu34njx:0,NS:GLOSTO,SABE.MC
2024-10-07 15:47:30.926,Banco de Sabadell (SAB: EUR1.87) offers dividend yield of 7.5%; +2c [1.1%],urn:newsml:newsroom:20241007:nNRAu30wck:0,NS:GLOSTO,SABE.MC
2024-10-07 14:43:40.079,"Monthly: Banco de Sabadell (SAB: EUR1.91) falls for a second consecutive month, a two-month fall of 2%",urn:newsml:newsroom:20241007:nNRAu2zzns:0,NS:GLOSTP,SABE.MC
2024-10-06 23:16:50.871,Investors look to see if Banco de Sabadell's recent rally will continue,urn:newsml:newsroom:20241006:nNRAu2r7j7:0,NS:GLOSTO,SABE.MC
2024-10-05 05:12:10.491,Sabadell claims that its solo operation boosts its brand value,urn:newsml:newsroom:20241005:nNRAu2f9p9:0,NS:NOTENG,SABE.MC
2024-10-05 04:27:44.049,Weekly: Banco de Sabadell (SAB: EUR1.85) drops 3.1% on weak volume; -6c [3.1%],urn:newsml:newsroom:20241005:nNRAu2ez0s:0,NS:GLOWEE,SABE.MC
2024-10-04 16:22:53.852,Weekly: Banco de Sabadell (SAB: EUR1.85) drops 3.1% on weak volume; -6c [3.1%],urn:newsml:newsroom:20241004:nNRAu298hd:0,NS:GLOWEE,SABE.MC
2024-10-04 16:22:21.228,Banco de Sabadell (SAB: EUR1.85) offers earnings yield of 12.4%; +5c [2.8%],urn:newsml:newsroom:20241004:nNRAu296v7:0,NS:GLOSTO,SABE.MC
2024-10-04 06:27:23.000,Spanish stocks - Factors to watch on Oct 4,urn:newsml:reuters.com:20241004:nL8N3LG03T:1,NS:RTRS,SABE.MC
2024-10-04 00:16:50.225,Can Banco de Sabadell continue its gains?,urn:newsml:newsroom:20241004:nNRAu1y0n1:0,NS:GLOSTO,SABE.MC
2024-10-03 17:06:13.000,Sabadell CEO says 2024 full-year profit could top 1.6 bln euros,urn:newsml:reuters.com:20241003:nL8N3LF0S4:1,NS:RTRS,SABE.MC
2024-10-03 16:22:20.420,Banco de Sabadell (SAB: EUR1.80) in 2nd consecutive rise; +2c [1.1%],urn:newsml:newsroom:20241003:nNRAu1u69y:0,NS:GLOSTO,SABE.MC
2024-10-03 11:13:26.397,Escrivá reminds that it is Competition's turn to talk about BBVA's takeover bid for Sabadell,urn:newsml:newsroom:20241003:nNRAu1pwa1:0,NS:NOTENG,SABE.MC
2024-10-03 00:17:33.444,Thursday's Preview: Can Banco de Sabadell continue its recent gains?,urn:newsml:newsroom:20241003:nNRAu1km44:0,NS:GLOSTO,SABE.MC
2024-10-02 19:55:36.000,Deals of the day-Mergers and acquisitions,urn:newsml:reuters.com:20241002:nL4N3LE0UG:2,NS:RTRS,SABE.MC
2024-10-02 16:17:52.288,Banco de Sabadell (SAB: EUR1.79) strengthens above moving average price; +1c [0.6%],urn:newsml:newsroom:20241002:nNRAu1guol:0,NS:GLOSTO,SABE.MC
2024-10-02 12:58:46.000,UPDATE 3-BBVA tweaks Sabadell offer to keep $13.4 billion value after dividends,urn:newsml:reuters.com:20241002:nL8N3LE06E:11,NS:RTRS,SABE.MC
2024-10-02 12:37:11.129,Banco de Sabadell strengthens 1% in past 3 months,urn:newsml:newsroom:20241002:nNRAu1devo:0,NS:GLOROU,SABE.MC
2024-10-02 09:51:50.000,Deals of the day-Mergers and acquisitions,urn:newsml:reuters.com:20241002:nL4N3LE0JB:1,NS:RTRS,SABE.MC
2024-10-02 08:37:30.391,Banco de Sabadell strengthens 1% in past 3 months,urn:newsml:newsroom:20241002:nNRAu1a3bs:0,NS:GLOROU,SABE.MC
2024-10-02 08:07:43.486,How Banco de Sabadell's Tax Rate compares to Its Peers,urn:newsml:newsroom:20241002:nNRAu19qh9:0,NS:GLOSTO,SABE.MC
2024-10-02 06:31:38.000,Spanish stocks - Factors to watch on Oct 2,urn:newsml:reuters.com:20241002:nL8N3LE088:1,NS:RTRS,SABE.MC
2024-10-02 06:18:11.909,BBVA increases its offer to acquire Banco Sabadell,urn:newsml:newsroom:20241002:nNRAu18jd0:0,NS:NOTENG,SABE.MC
2024-10-02 05:50:30.000,BBVA adjusts offer for Sabadell following dividend payments,urn:newsml:reuters.com:20241002:nL8N3LD2FG:4,NS:RTRS,SABE.MC
2024-10-02 04:35:01.820,Banco de Sabadell strengthens 1% in past 3 months,urn:newsml:newsroom:20241002:nNRAu17g92:0,NS:GLOROU,SABE.MC
2024-10-02 00:20:34.338,Wednesday's Preview: Can Banco de Sabadell rebound after being down?,urn:newsml:newsroom:20241002:nNRAu153a6:0,NS:GLOSTO,SABE.MC
2024-10-01 22:13:01.730,BBVA adjusts the exchange ratio of the takeover bid for Sabadell to the payment of dividends,urn:newsml:newsroom:20241001:nNRAu140it:0,NS:NOTENG,SABE.MC
2024-10-01 19:12:58.791,BBVA changes its offer for Sabadell after dividend distribution,urn:newsml:newsroom:20241001:nNRAu121cd:0,NS:NOTENG,SABE.MC
2024-10-01 17:29:47.000,BBVA - Information regarding the public tender offer for the entire share capital of Banco de Sabadell,urn:newsml:reuters.com:20241001:nNDL1YCwGP:1,NS:PUBT,SABE.MC
2024-10-01 16:22:27.008,Banco de Sabadell (SAB: EUR1.78) offers dividend yield of 7.9%; -13c [6.8%],urn:newsml:newsroom:20241001:nNRAu0zzfw:0,NS:GLOSTO,SABE.MC
2024-10-01 09:10:28.887,How CaixaBank's dividend compares to Banco de Sabadell,urn:newsml:newsroom:20241001:nNRAu0tqcx:0,NS:GLOSTO,SABE.MC
2024-10-01 06:18:41.017,"Monthly: Banco de Sabadell (SAB: EUR1.91) falls for a second consecutive month, a two-month fall of 2%",urn:newsml:newsroom:20241001:nNRAu0r9ij:0,NS:GLOSTO,SABE.MC
2024-09-30 16:37:51.196,"End-of-Quarter Synopsis Monthly : Banco de Sabadell (SAB: EUR1.91) falls for a second consecutive month, a two-month fall of 2%",urn:newsml:newsroom:20240930:nNRAu0in9v:0,NS:GLOSTO,SABE.MC
2024-09-30 16:27:34.804,"Monthly: Banco de Sabadell (SAB: EUR1.91) falls for a second consecutive month, a two-month fall of 2%",urn:newsml:newsroom:20240930:nNRAu0ikxm:0,NS:GLOSTP,SABE.MC
2024-09-29 12:42:38.332,"Banco de Sabadell, S.A. (OTCMKTS:BNDSY) Declares Dividend Increase – $0.11 Per Share",urn:newsml:newsroom:20240929:nNRAu03nny:0,NS:TICREP,SABE.MC
2024-09-29 12:42:15.282,"Banco de Sabadell, S.A. (OTCMKTS:BNDSY) Declares Dividend Increase – $0.11 Per Share",urn:newsml:newsroom:20240929:nNRAu03imz:0,NS:ZOLCOM,SABE.MC
2024-09-28 16:59:28.927,"Onur Genç (BBVA): The process in the Banco Sabadell transaction ""is actually relatively straightforward""",urn:newsml:newsroom:20240928:nNRAtzvwj9:0,NS:PLUCOM,SABE.MC
2024-09-28 12:23:38.394,Sabadell Consumer Finance appoints Lucas Carné as independent director,urn:newsml:newsroom:20240928:nNRAtzti4g:0,NS:INDBAN,SABE.MC
2024-09-28 04:27:49.665,Weekly: Banco de Sabadell (SAB: EUR1.91) in bottom 1% performers of IBEX 35 Index in past week; -4c [2.1%] Vol Index 1.3 [1 is avg],urn:newsml:newsroom:20240928:nNRAtzoq1j:0,NS:GLOWEE,SABE.MC
2024-09-27 16:22:50.250,Weekly: Banco de Sabadell (SAB: EUR1.91) in bottom 1% performers of IBEX 35 Index in past week; -4c [2.1%] Vol Index 1.3 [1 is avg],urn:newsml:newsroom:20240927:nNRAtzhotq:0,NS:GLOWEE,SABE.MC
2024-09-27 16:22:19.640,Banco de Sabadell (SAB: EUR1.91) offers earnings yield of 12%; -10c [5.0%],urn:newsml:newsroom:20240927:nNRAtzho5v:0,NS:GLOSTO,SABE.MC
2024-09-27 13:59:59.924,"Banco de Sabadell, S.A. goes ex dividend Monday",urn:newsml:newsroom:20240927:nNRAtzfk6o:0,NS:SEECOM,SABE.MC
2024-09-27 12:12:54.758,Alantra questions BBVA's plans and advises to withdraw the takeover bid if the CNMC puts obstacles in its way,urn:newsml:newsroom:20240927:nNRAtze07e:0,NS:NOTENG,SABE.MC
2024-09-27 11:54:05.698,Banco de Sabadell climbs 16% in past 3 months,urn:newsml:newsroom:20240927:nNRAtzde2n:0,NS:GLOROU,SABE.MC
2024-09-27 08:32:28.617,Banco de Sabadell climbs 16% in past 3 months,urn:newsml:newsroom:20240927:nNRAtza5ll:0,NS:GLOROU,SABE.MC
2024-09-27 05:14:36.168,BBVA's takeover bid for Sabadell: when success is always easier to imagine,urn:newsml:newsroom:20240927:nNRAtz7ou0:0,NS:NOTENG,SABE.MC
2024-09-27 04:12:49.836,BBVA and Banco Sabadell engage in a dividend war to gain an edge in the takeover bid,urn:newsml:newsroom:20240927:nNRAtz70kw:0,NS:NOTENG,SABE.MC
2024-09-27 03:47:57.321,Banco de Sabadell climbs 16% in past 3 months,urn:newsml:newsroom:20240927:nNRAtz6qgz:0,NS:GLOROU,SABE.MC
2024-09-26 18:13:28.272,Santander and Sabadell encourage dividend offerings and push BBVA to raise its payout,urn:newsml:newsroom:20240926:nNRAtz1bsb:0,NS:NOTENG,SABE.MC
2024-09-26 16:30:48.429,"Short Interest in Banco de Sabadell, S.A. (OTCMKTS:BNDSF) Declines By 43.2% --",urn:link:webnews:20240926:nNRAtz02fm:0,NS:ETFDAI,SABE.MC
2024-09-26 16:22:21.157,"Two-bagger Banco de Sabadell (SAB: EUR2.01) gains 3.6%, hits 57-day high; +7c [3.6%]",urn:newsml:newsroom:20240926:nNRAtyzxfq:0,NS:GLOSTO,SABE.MC
2024-09-26 08:01:59.000,"BBVA - Onur Genç (BBVA): The process in the Banco Sabadell transaction ""is actually relatively straightforward""",urn:newsml:reuters.com:20240926:nNDL6FJLrV:1,NS:PUBT,SABE.MC
2024-09-26 07:14:27.576,BBVA fires on Sabadell and will pay the highest dividend in its history,urn:newsml:newsroom:20240926:nNRAtyrdjz:0,NS:NOTENG,SABE.MC
2024-09-26 06:40:16.000,BBVA to issue 1.5 bln euros worth of convertible securities,urn:newsml:reuters.com:20240926:nL8N3L80B2:1,NS:RTRS,SABE.MC
2024-09-26 06:39:48.000,"RPT-UPDATE 2-European politicians should make way for banking M&A, says BBVA CEO",urn:newsml:reuters.com:20240926:nL6N3L80AT:4,NS:RTRS,SABE.MC
2024-09-25 19:44:36.000,"UPDATE 2-European politicians should make way for banking M&A, says BBVA CEO",urn:newsml:reuters.com:20240925:nL1N3L70UQ:6,NS:RTRS,SABE.MC
2024-09-25 17:09:47.000,"European politicians should make way for banking M&A, says BBVA CEO",urn:newsml:reuters.com:20240925:nL8N3L71C6:2,NS:RTRS,SABE.MC
2024-09-25 12:17:29.000,"Britain's TSB did not breach mortgage terms, London judge rules",urn:newsml:reuters.com:20240925:nL8N3L61QR:2,NS:RTRS,SABE.MC
2024-09-24 16:23:06.431,Banco de Sabadell (SAB: EUR1.94) decreases on slipping relative strength; -1c [0.5%] Vol Index 2.6 [1 is avg],urn:newsml:newsroom:20240924:nNRAty0khe:0,NS:GLOSTO,SABE.MC
2024-09-24 15:08:03.682,How Banco de Sabadell's Tax Rate compares to Its Peers,urn:newsml:newsroom:20240924:nNRAtxzew0:0,NS:GLOSTO,SABE.MC
2024-09-24 09:39:08.866,How CaixaBank's dividend compares to Banco de Sabadell,urn:newsml:newsroom:20240924:nNRAtxtpn9:0,NS:GLOSTO,SABE.MC
2024-09-23 12:12:44.136,BBVA warns US investors of the government's continued rejection of the takeover bid for Sabadell,urn:newsml:newsroom:20240923:nNRAtxfuaj:0,NS:NOTENG,SABE.MC
2024-09-23 11:12:56.889,"BBVA warns U.S. investors of Corps' continued rejection of takeover bid, but considers it unlikely to block it",urn:newsml:newsroom:20240923:nNRAtxew3q:0,NS:NOTENG,SABE.MC
2024-09-22 18:37:07.498,Banco de Sabadell gains 8% in past quarter,urn:newsml:newsroom:20240922:nNRAtx8b2x:0,NS:GLOROU,SABE.MC
2024-09-22 14:37:09.483,Banco de Sabadell gains 8% in past quarter,urn:newsml:newsroom:20240922:nNRAtx76vs:0,NS:GLOROU,SABE.MC
2024-09-21 04:27:18.932,Weekly: Banco de Sabadell (SAB: EUR1.95) up 8% in 2 weeks; +7c [3.7%],urn:newsml:newsroom:20240921:nNRAtww135:0,NS:GLOWEE,SABE.MC
2024-09-21 04:23:14.577,Banco de Sabadell (OTCMKTS:BNDSF) Stock Price Up 2% --,urn:link:webnews:20240921:nNRAtwvzm7:0,NS:ETFDAI,SABE.MC
2024-09-20 16:22:42.182,Weekly: Banco de Sabadell (SAB: EUR1.95) up 8% in 2 weeks; +7c [3.7%],urn:newsml:newsroom:20240920:nNRAtwpszy:0,NS:GLOWEE,SABE.MC
2024-09-20 16:22:18.092,"Banco de Sabadell (SAB: EUR1.95) keeps rising, up 3.2% in 3 days; +6c [3.2%]",urn:newsml:newsroom:20240920:nNRAtwpsh6:0,NS:GLOSTO,SABE.MC
2024-09-20 11:42:14.072,Banco de Sabadell adds 7% in past quarter,urn:newsml:newsroom:20240920:nNRAtwlmar:0,NS:GLOROU,SABE.MC
2024-09-20 08:32:41.254,Banco de Sabadell adds 7% in past quarter,urn:newsml:newsroom:20240920:nNRAtwje7q:0,NS:GLOROU,SABE.MC
2024-09-20 04:08:09.737,Banco De Sabadell trades -2.06 percent lower on Friday 20th of September,urn:newsml:newsroom:20240920:nNRAtwgvg6:0,NS:STOCKP,SABE.MC
2024-09-20 00:00:00.000,Banco de Sabadell gains 8% in past quarter,urn:newsml:newsroom:20240922:nNRAtx5z1u:0,NS:GLOROU,SABE.MC
2024-09-20 00:00:00.000,Banco de Sabadell gains 8% in past quarter,urn:newsml:newsroom:20240922:nNRAtx5xam:0,NS:GLOROU,SABE.MC
2024-09-19 16:35:01.000,Banco de Sabadell SA - 2Q24 ESG Risks Disclosure,urn:newsml:reuters.com:20240919:nNDL6tMjTv:1,NS:PUBT,SABE.MC
2024-09-19 16:22:27.449,Banco de Sabadell (SAB: EUR1.94) offers dividend yield of 3.1%; +4c [2.1%],urn:newsml:newsroom:20240919:nNRAtwajuo:0,NS:GLOSTO,SABE.MC
2024-09-19 13:17:49.345,Sabadell releases more ballast with a portfolio of 380M in consumer and SME bad loans,urn:newsml:newsroom:20240919:nNRAtw7z90:0,NS:NOTENG,SABE.MC
2024-09-19 08:27:14.000,Banco de Sabadell SA - Banco Sabadell to pay an interim cash dividend of 8 euro cents on 1 October,urn:newsml:reuters.com:20240919:nNDL8DKBjY:1,NS:PUBT,SABE.MC
2024-09-19 06:30:00.000,Banco Sabadell to pay an interim cash dividend of 8 euro cents on 1 October,urn:newsml:newsroom:20240920:nNRAtwo4no:0,NS:INDBAN,SABE.MC
2024-09-19 00:00:00.000,Banco de Sabadell adds 7% in past quarter,urn:newsml:newsroom:20240920:nNRAtwgnf6:0,NS:GLOROU,SABE.MC
2024-09-18 16:17:22.499,Two-bagger Banco de Sabadell (SAB: EUR1.90) increases; +1c [0.5%],urn:newsml:newsroom:20240918:nNRAtvvrhf:0,NS:GLOSTO,SABE.MC
2024-09-18 07:46:06.000,BBVA - Carlos Torres Vila: “The combination with Banco Sabadell reinforces BBVA's commitment to Catalonia”,urn:newsml:reuters.com:20240918:nNDLcdJKMB:1,NS:PUBT,SABE.MC
2024-09-17 09:08:08.185,How Banco de Sabadell's Tax Rate compares to Its Peers,urn:newsml:newsroom:20240917:nNRAtvc0a8:0,NS:GLOSTO,SABE.MC
2024-09-17 08:34:41.000,"UPDATE 1-BBVA has no intention of increasing Sabadell offer, chairman says",urn:newsml:reuters.com:20240917:nL1N3KZ071:5,NS:RTRS,SABE.MC
2024-09-16 16:17:16.896,"Banco de Sabadell (SAB: EUR1.89) keeps rising, up 5.0% in 3 days; +9c [5.0%]",urn:newsml:newsroom:20240916:nNRAtv2zq4:0,NS:GLOSTO,SABE.MC
2024-09-16 12:46:07.000,UPDATE 2-Sabadell and BBVA executives joust over prospects for takeover bid,urn:newsml:reuters.com:20240916:nL8N3KY0IA:2,NS:RTRS,SABE.MC
2024-09-16 10:05:14.000,Sabadell's CEO sees success of BBVA's hostile takeover as 'very unlikely',urn:newsml:reuters.com:20240916:nE8N3CS01V:4,NS:RTRS,SABE.MC
2024-09-16 09:08:10.121,How CaixaBank's dividend compares to Banco de Sabadell,urn:newsml:newsroom:20240916:nNRAtuxqb2:0,NS:GLOSTO,SABE.MC
2024-09-14 17:52:34.654,"Banco de Sabadell, S.A. (OTCMKTS:BNDSY) Sees Significant Growth in Short Interest",urn:newsml:newsroom:20240914:nNRAtunh8j:0,NS:TRADAJ,SABE.MC
2024-09-14 04:21:56.819,Weekly: Banco de Sabadell (SAB: EUR1.88) lifts 3.9% - outperforming 95% of stocks; +7c [3.9%],urn:newsml:newsroom:20240914:nNRAtuiaf3:0,NS:GLOWEE,SABE.MC
2024-09-13 16:22:41.987,Weekly: Banco de Sabadell (SAB: EUR1.88) lifts 3.9% - outperforming 95% of stocks; +7c [3.9%],urn:newsml:newsroom:20240913:nNRAtuc5jb:0,NS:GLOWEE,SABE.MC
2024-09-13 16:17:38.086,Banco de Sabadell (SAB: EUR1.88) offers dividend yield of 3.2%; +5c [2.7%],urn:newsml:newsroom:20240913:nNRAtuc3kf:0,NS:GLOSTO,SABE.MC
2024-09-13 12:47:50.796,"Banco de Sabadell, S.A. (OTCMKTS:BNDSY) Short Interest Update",urn:newsml:newsroom:20240913:nNRAtu8j85:0,NS:WATNEW,SABE.MC
2024-09-12 16:17:22.078,Banco de Sabadell (SAB: EUR1.83) lifts 1.7% strengthening above moving average price; +3c [1.7%],urn:newsml:newsroom:20240912:nNRAttvya8:0,NS:GLOSTO,SABE.MC
2024-09-11 16:18:23.000,GRAPHIC-Hurdles to M&A in Europe's fragmented banking sector,urn:newsml:reuters.com:20240911:nL8N3KT15X:1,NS:RTRS,SABE.MC
2024-09-11 16:17:44.495,Banco de Sabadell (SAB: EUR1.80) offers earnings yield of 12.8%; -1c [0.6%],urn:newsml:newsroom:20240911:nNRAttgapg:0,NS:GLOSTO,SABE.MC
2024-09-11 16:13:12.821,Sabadell shoots up again against BBVA and tells analysts it will raise dividend targets,urn:newsml:newsroom:20240911:nNRAttg7bq:0,NS:NOTENG,SABE.MC
2024-09-11 13:08:30.000,TSB Bank plc - Issuer Document,urn:newsml:reuters.com:20240911:nNDL11r9T7:1,NS:PUBT,SABE.MC
2024-09-11 11:03:25.000,TSB Bank plc - Publication of Final Terms under the £10bn Global Covered Bond Programme of TSB Bank Plc,urn:newsml:reuters.com:20240911:nNDL7sZ3r8:1,NS:PUBT,SABE.MC
2024-09-10 16:17:20.800,Banco de Sabadell (SAB: EUR1.81) drops to one-month low; -1c [0.5%],urn:newsml:newsroom:20240910:nNRAtt1du0:0,NS:GLOSTO,SABE.MC
2024-09-10 11:32:03.515,"Monday September 09, 2024 Banco de Sabadell ADR Compendium - A Snapshot as of September 09",urn:newsml:newsroom:20240910:nNRAtsxe45:0,NS:GLOROU,SABE.MC
2024-09-10 08:07:30.704,How Banco de Sabadell's Tax Rate compares to Its Peers,urn:newsml:newsroom:20240910:nNRAtsv79p:0,NS:GLOSTO,SABE.MC
2024-09-10 07:37:10.246,"Monday September 09, 2024 Banco de Sabadell ADR Compendium - A Snapshot as of September 09",urn:newsml:newsroom:20240910:nNRAtsuw8n:0,NS:GLOROU,SABE.MC
2024-09-09 16:17:22.230,Banco de Sabadell (SAB: EUR1.82) offers dividend yield of 3.3%; +1c [0.6%],urn:newsml:newsroom:20240909:nNRAtsm2zm:0,NS:GLOSTO,SABE.MC
2024-09-09 11:27:40.772,"Banco de Sabadell, S.A. (BNDSY) to Issue Dividend of $0.11 on October 16th",urn:newsml:newsroom:20240909:nNRAtsi447:0,NS:WATNEW,SABE.MC
2024-09-09 00:00:00.000,"Monday September 09, 2024 Banco de Sabadell ADR Compendium - A Snapshot as of September 09",urn:newsml:newsroom:20240910:nNRAtssa7x:0,NS:GLOROU,SABE.MC
2024-09-07 22:37:12.076,"Banco de Sabadell, S.A. (OTCMKTS:BNDSY) to Issue Dividend Increase – $0.11 Per Share",urn:newsml:newsroom:20240907:nNRAts5c79:0,NS:TRADAJ,SABE.MC
2024-09-07 04:57:07.297,Weekly: Banco de Sabadell (SAB: EUR1.81) in bottom 3% performers of IBEX 35 Index in past week; -13c [6.7%],urn:newsml:newsroom:20240907:nNRAts01jw:0,NS:GLOWEE,SABE.MC
2024-09-06 19:09:07.944,European Central Bank approves BBVAs offer for Banco Sabadell --,urn:link:webnews:20240906:nNRAtrvu58:0,NS:MSNUKA,SABE.MC
2024-09-06 06:46:38.000,Spanish stocks - Factors to watch on Sept 6,urn:newsml:reuters.com:20240906:nL8N3KO069:1,NS:RTRS,SABE.MC
2024-09-06 05:12:10.674,European Central Bank gives BBVA the go-ahead to acquire Sabadell,urn:newsml:newsroom:20240906:nNRAtrlzgj:0,NS:NOTENG,SABE.MC
2024-09-06 00:00:00.000,Weekly: Banco de Sabadell (SAB: EUR1.81) in bottom 3% performers of IBEX 35 Index in past week; -13c [6.7%],urn:newsml:newsroom:20240907:nNRAts01qx:0,NS:GLOWEE,SABE.MC
2024-09-06 00:00:00.000,Banco de Sabadell (SAB: EUR1.81) drops 2.2% on increasing volatility; -4c [2.2%],urn:newsml:newsroom:20240907:nNRAts00o2:0,NS:GLOSTO,SABE.MC
2024-09-05 17:31:53.000,UPDATE 2-ECB gives green light to BBVA's acquisition of Sabadell,urn:newsml:reuters.com:20240905:nL8N3KN1RI:3,NS:RTRS,SABE.MC
2024-09-05 16:24:46.000,ECB gives green light to BBVA's acquisition of Sabadell,urn:newsml:reuters.com:20240905:nL8N3KN1Q4:2,NS:RTRS,SABE.MC
2024-09-05 16:17:26.861,Banco de Sabadell (SAB: EUR1.85) offers earnings yield of 12.4%; +2c [1.1%],urn:newsml:newsroom:20240905:nNRAtrg4am:0,NS:GLOSTO,SABE.MC
2024-09-05 00:00:00.000,European Central Bank gives the green light to the BBVA - Banco Sabadell operation,urn:newsml:newsroom:20240906:nNRAtrtae3:0,NS:EURUNI,SABE.MC
2024-09-04 16:17:32.582,Banco de Sabadell (SAB: EUR1.83) offers dividend yield of 3.3%; -4c [2.1%],urn:newsml:newsroom:20240904:nNRAtqsw6j:0,NS:GLOSTO,SABE.MC
2024-09-04 11:53:26.000,UPDATE 1-UK regulator proposes slashing bank payout cap for fraud victims,urn:newsml:reuters.com:20240904:nL8N3KM0PW:5,NS:RTRS,SABE.MC
2024-09-04 06:28:36.000,FACTBOX-European companies cut jobs as economy sputters,urn:newsml:reuters.com:20240904:nL8N3KM05Y:2,NS:RTRS,SABE.MC
2024-09-03 16:42:03.000,AT1 market catches fire,urn:newsml:reuters.com:20240903:nIfp2t5FHP:1,NS:IFR,SABE.MC
2024-09-03 16:17:09.918,Banco de Sabadell (SAB: EUR1.87) in bottom 1% performers of IBEX 35 Index; -8c [4.1%],urn:newsml:newsroom:20240903:nNRAtqap5c:0,NS:GLOSTO,SABE.MC
2024-09-03 14:43:12.001,Monthly: Banco de Sabadell (SAB: EUR1.94) drops on high volatility in August 2024,urn:newsml:newsroom:20240903:nNRAtq9j5d:0,NS:GLOSTP,SABE.MC
2024-09-03 10:13:27.974,BBVA gets UK green light to buy TSB Bank,urn:newsml:newsroom:20240903:nNRAtq5p96:0,NS:NOTENG,SABE.MC
2024-09-03 08:24:10.369,BBVA secures UK's approval for acquisition of Sabadell's unit TSB --,urn:link:webnews:20240903:nNRAtq48ml:0,NS:MSNUKA,SABE.MC
2024-09-03 08:13:41.150,"BBVA obtains UK authorization to take indirect control of TSB Bank, a subsidiary of Sabadell.",urn:newsml:newsroom:20240903:nNRAtq43oz:0,NS:NOTENG,SABE.MC
2024-09-03 07:41:16.000,UPDATE 2-BBVA gets UK approval for Sabadell's TSB bank acquisition,urn:newsml:reuters.com:20240903:nL8N3KL078:2,NS:RTRS,SABE.MC
2024-09-03 07:13:36.903,"BBVA receives authorization from the British regulator to take over TSB, a subsidiary of Sabadell.",urn:newsml:newsroom:20240903:nNRAtq38d0:0,NS:NOTENG,SABE.MC
2024-09-03 07:02:10.182,BBVA secures UK approval for deal for Sabadell's unit TSB --,urn:link:webnews:20240903:nNRAtq32xm:0,NS:RTECOM,SABE.MC
2024-09-03 06:32:44.000,BBVA secures Britain approval for acquisition of Sabadell's unit TSB,urn:newsml:reuters.com:20240903:nL8N3KL06U:3,NS:RTRS,SABE.MC
2024-09-02 16:16:55.807,Banco de Sabadell (SAB: EUR1.95) in 2nd consecutive rise; +3c [1.6%],urn:newsml:newsroom:20240902:nNRAtpwmkr:0,NS:GLOSTO,SABE.MC
2024-09-02 06:38:41.945,Monthly: Banco de Sabadell (SAB: EUR1.94) drops on high volatility in August 2024,urn:newsml:newsroom:20240902:nNRAtpqeh8:0,NS:GLOSTO,SABE.MC
2024-08-31 04:29:06.078,"Weekly: Banco de Sabadell (SAB: EUR1.94) rises for a fourth consecutive week, a four-week rise of 10%; +2c [1.0%]",urn:newsml:newsroom:20240831:nNRAtpb80h:0,NS:GLOWEE,SABE.MC
2024-08-30 16:22:30.992,"Weekly: Banco de Sabadell (SAB: EUR1.94) rises for a fourth consecutive week, a four-week rise of 10%; +2c [1.0%]",urn:newsml:newsroom:20240830:nNRAtp5qqk:0,NS:GLOWEE,SABE.MC
2024-08-30 16:22:26.262,Monthly: Banco de Sabadell (SAB: EUR1.94) drops on high volatility in August 2024,urn:newsml:newsroom:20240830:nNRAtp5r0n:0,NS:GLOSTP,SABE.MC
2024-08-30 16:17:20.350,Banco de Sabadell (SAB: EUR1.94) offers earnings yield of 11.9%; +2c [1.0%],urn:newsml:newsroom:20240830:nNRAtp5pdg:0,NS:GLOSTO,SABE.MC
2024-08-30 09:31:21.000,FACTBOX-European companies cut jobs as economy sputters,urn:newsml:reuters.com:20240830:nL8N3KH0CA:1,NS:RTRS,SABE.MC
2024-08-29 21:59:09.725,"Short Interest in Banco de Sabadell, S.A. (OTCMKTS:BNDSF) Expands By 156.8% --",urn:link:webnews:20240829:nNRAtouqze:0,NS:WKRNEW,SABE.MC
2024-08-28 16:22:18.420,"Banco de Sabadell (SAB: EUR1.92) offers dividend yield of 3.1%, hits 27-day high; -1c [0.5%]",urn:newsml:newsroom:20240828:nNRAtoerdk:0,NS:GLOSTO,SABE.MC
2024-08-28 12:17:44.850,"Tuesday August 27, 2024 What Happened Today to the Banco de Sabadell ADR",urn:newsml:newsroom:20240828:nNRAtobewl:0,NS:GLOROU,SABE.MC
2024-08-28 08:17:35.779,"Tuesday August 27, 2024 What Happened Today to the Banco de Sabadell ADR",urn:newsml:newsroom:20240828:nNRAto8d7o:0,NS:GLOROU,SABE.MC
2024-08-28 05:12:57.710,Sabadell and BBVA are the two banks that have improved their profitability the most since 2020,urn:newsml:newsroom:20240828:nNRAto691g:0,NS:NOTENG,SABE.MC
2024-08-27 16:17:28.189,Banco de Sabadell (SAB: EUR1.93) closes at 5.1% above VWAP; +1c [0.5%],urn:newsml:newsroom:20240827:nNRAtnzntf:0,NS:GLOSTO,SABE.MC
2024-08-27 10:17:04.000,FACTBOX-European companies cut jobs as economy sputters,urn:newsml:reuters.com:20240827:nL8N3KE0EE:1,NS:RTRS,SABE.MC
2024-08-27 08:07:21.652,How Banco de Sabadell's Tax Rate compares to Its Peers,urn:newsml:newsroom:20240827:nNRAtntkuv:0,NS:GLOSTO,SABE.MC
2024-08-27 00:00:00.000,"Tuesday August 27, 2024 What Happened Today to the Banco de Sabadell ADR",urn:newsml:newsroom:20240828:nNRAto5tm5:0,NS:GLOROU,SABE.MC
2024-08-25 07:12:16.414,Banco de Sabadell (OTCMKTS:BNDSF) versus Bank of Montreal (NYSE:BMO) Critical Survey,urn:newsml:newsroom:20240825:nNRAtn7lz1:0,NS:DAILYQ,SABE.MC
2024-08-25 07:11:09.951,Reviewing Banco de Sabadell (OTCMKTS:BNDSF) and Bank of Montreal (NYSE:BMO) --,urn:link:webnews:20240825:nNRAtn7m8i:0,NS:WKRNEW,SABE.MC
2024-08-24 04:21:54.676,Weekly: Banco de Sabadell (SAB: EUR1.92) lifts 3.2%; +6c [3.2%],urn:newsml:newsroom:20240824:nNRAtn0s29:0,NS:GLOWEE,SABE.MC
2024-08-23 19:33:10.255,Reviewing Banco de Sabadell (OTCMKTS:BNDSF) & Bank of Montreal (NYSE:BMO),urn:newsml:newsroom:20240823:nNRAtmx9up:0,NS:CERGEM,SABE.MC
2024-08-23 16:22:31.793,Weekly: Banco de Sabadell (SAB: EUR1.92) lifts 3.2%; +6c [3.2%],urn:newsml:newsroom:20240823:nNRAtmuxsg:0,NS:GLOWEE,SABE.MC
2024-08-23 16:17:24.929,Banco de Sabadell (SAB: EUR1.92) lifts 1.1% strengthening above moving average price; +2c [1.1%],urn:newsml:newsroom:20240823:nNRAtmuvx5:0,NS:GLOSTO,SABE.MC
2024-08-20 16:17:23.798,Banco de Sabadell (SAB: EUR1.90) offers earnings yield of 12.1%; -1c [0.5%],urn:newsml:newsroom:20240820:nNRAtlnir6:0,NS:GLOSTO,SABE.MC
2024-08-20 11:36:56.147,"Monday August 19, 2024 Banco de Sabadell ADR Compendium - A Snapshot as of August 19",urn:newsml:newsroom:20240820:nNRAtljk41:0,NS:GLOROU,SABE.MC
2024-08-20 08:07:34.485,How Banco de Sabadell's Tax Rate compares to Its Peers,urn:newsml:newsroom:20240820:nNRAtlhbng:0,NS:GLOSTO,SABE.MC
2024-08-20 07:37:21.786,"Monday August 19, 2024 Banco de Sabadell ADR Compendium - A Snapshot as of August 19",urn:newsml:newsroom:20240820:nNRAtlh144:0,NS:GLOROU,SABE.MC
2024-08-19 00:00:00.000,"Monday August 19, 2024 Banco de Sabadell ADR Compendium - A Snapshot as of August 19",urn:newsml:newsroom:20240820:nNRAtlegrs:0,NS:GLOROU,SABE.MC
2024-08-19 00:00:00.000,Banco de Sabadell (SAB: EUR1.91) offers dividend yield of 3.1%; +5c [2.7%],urn:newsml:newsroom:20240820:nNRAtlefle:0,NS:GLOSTO,SABE.MC
2024-08-18 05:37:37.831,Reviewing Banco de Sabadell (OTCMKTS:BNDSF) & Bank of Montreal (NYSE:BMO),urn:newsml:newsroom:20240818:nNRAtkvdbd:0,NS:TICREP,SABE.MC
2024-08-17 06:02:04.490,Can Banco de Sabadell continue its gains?,urn:newsml:newsroom:20240817:nNRAtkovl9:0,NS:GLOROU,SABE.MC
2024-08-17 05:01:57.515,Can Banco de Sabadell continue its gains?,urn:newsml:newsroom:20240817:nNRAtkogfx:0,NS:GLOROU,SABE.MC
2024-08-17 04:27:56.982,Weekly: Banco de Sabadell (SAB: EUR1.86) climbs 4.5% - outperforming 98% of stocks; +8c [4.5%],urn:newsml:newsroom:20240817:nNRAtkobx1:0,NS:GLOWEE,SABE.MC
2024-08-16 17:57:13.504,Friday's Preview: Can Banco de Sabadell continue its recent gains?,urn:newsml:newsroom:20240816:nNRAtkjvwm:0,NS:GLOROU,SABE.MC
2024-08-16 16:57:07.616,Friday's Preview: Can Banco de Sabadell continue its recent gains?,urn:newsml:newsroom:20240816:nNRAtkj2ly:0,NS:GLOROU,SABE.MC
2024-08-16 16:52:08.798,Investors look to see if Banco de Sabadell's recent rally will continue,urn:newsml:newsroom:20240816:nNRAtkiz6b:0,NS:GLOROU,SABE.MC
2024-08-16 16:22:24.799,Weekly: Banco de Sabadell (SAB: EUR1.86) climbs 4.5% - outperforming 98% of stocks; +8c [4.5%],urn:newsml:newsroom:20240816:nNRAtkii45:0,NS:GLOWEE,SABE.MC
2024-08-16 16:17:25.099,Banco de Sabadell (SAB: EUR1.86) up 3.9% in 2 days; +7c [3.9%],urn:newsml:newsroom:20240816:nNRAtkieh1:0,NS:GLOSTO,SABE.MC
2024-08-16 15:57:10.731,Friday's Preview: Can Banco de Sabadell continue its recent gains?,urn:newsml:newsroom:20240816:nNRAtki6nj:0,NS:GLOROU,SABE.MC
2024-08-16 15:52:11.804,Investors look to see if Banco de Sabadell's recent rally will continue,urn:newsml:newsroom:20240816:nNRAtki241:0,NS:GLOROU,SABE.MC
2024-08-16 14:52:09.672,Investors look to see if Banco de Sabadell's recent rally will continue,urn:newsml:newsroom:20240816:nNRAtkhgn7:0,NS:GLOROU,SABE.MC
2024-08-16 13:58:13.405,Friday's Preview: Can Banco de Sabadell continue its recent gains?,urn:newsml:newsroom:20240816:nNRAtkgvs1:0,NS:GLOROU,SABE.MC
2024-08-16 12:47:22.658,Investors look to see if Banco de Sabadell's recent rally will continue,urn:newsml:newsroom:20240816:nNRAtkfufq:0,NS:GLOROU,SABE.MC
2024-08-16 11:37:20.329,"Thursday August 15, 2024 Banco de Sabadell ADR Compendium - A Snapshot as of August 15",urn:newsml:newsroom:20240816:nNRAtkep2m:0,NS:GLOROU,SABE.MC
2024-08-16 07:53:38.241,"Thursday August 15, 2024 Banco de Sabadell ADR Compendium - A Snapshot as of August 15",urn:newsml:newsroom:20240816:nNRAtkc47w:0,NS:GLOROU,SABE.MC
2024-08-16 05:57:00.825,Investors look to see if Banco de Sabadell's recent rally will continue,urn:newsml:newsroom:20240816:nNRAtkasyd:0,NS:GLOROU,SABE.MC
2024-08-16 00:00:00.000,Can Banco de Sabadell continue its gains?,urn:newsml:newsroom:20240817:nNRAtko3op:0,NS:GLOROU,SABE.MC
2024-08-16 00:00:00.000,Can Banco de Sabadell continue its gains?,urn:newsml:newsroom:20240817:nNRAtknldb:0,NS:GLOROU,SABE.MC
2024-08-15 16:17:18.529,Banco de Sabadell (SAB: EUR1.85) in top 2% performers of IBEX 35 Index; +6c [3.4%],urn:newsml:newsroom:20240815:nNRAtk4qvw:0,NS:GLOSTO,SABE.MC
2024-08-15 00:00:00.000,"Thursday August 15, 2024 Banco de Sabadell ADR Compendium - A Snapshot as of August 15",urn:newsml:newsroom:20240816:nNRAtk9vmu:0,NS:GLOROU,SABE.MC
2024-08-14 18:11:18.451,"Banco de Sabadell files SEC Form 13F: Q2 2024 - AUM up 1.5%; rises for third consecutive quarter Corporate Wire Date: Wednesday August 14, 2024 06:...",urn:newsml:newsroom:20240814:nNRAtjsezy:0,NS:GLOUPI,SABE.MC
2024-08-13 23:18:37.537,Cero Generation Completes Project Financing for Five Solar Projects in Spain,urn:newsml:reuters.com:20240813:nNRAtjfziz:1,NS:DATMTR,SABE.MC
2024-08-13 11:32:22.380,"Monday August 12, 2024 Banco de Sabadell ADR Compendium - A Snapshot as of August 12",urn:newsml:newsroom:20240813:nNRAtj87z3:0,NS:GLOROU,SABE.MC
2024-08-13 07:47:43.402,"Monday August 12, 2024 Banco de Sabadell ADR Compendium - A Snapshot as of August 12",urn:newsml:newsroom:20240813:nNRAtj625p:0,NS:GLOROU,SABE.MC
2024-08-13 04:00:00.000,Mexico Banking 13 August 2024_EN,urn:newsml:newsroom:20240815:nNRAtk3isz:0,NS:INDSNA,SABE.MC
2024-08-12 16:17:24.124,Banco de Sabadell (SAB: EUR1.79) in 2nd consecutive rise; +2c [1.1%],urn:newsml:newsroom:20240812:nNRAtixkji:0,NS:GLOSTO,SABE.MC
2024-08-12 00:00:00.000,"Monday August 12, 2024 Banco de Sabadell ADR Compendium - A Snapshot as of August 12",urn:newsml:newsroom:20240813:nNRAtj3lla:0,NS:GLOROU,SABE.MC
2024-08-10 04:36:01.887,Weekly: Banco de Sabadell (SAB: EUR1.78) increases 0.6% on weak volume; +1c [0.6%],urn:newsml:newsroom:20240810:nNRAtia0j0:0,NS:GLOWEE,SABE.MC
2024-08-09 16:41:23.798,Weekly: Banco de Sabadell (SAB: EUR1.78) increases 0.6% on weak volume; +1c [0.6%],urn:newsml:newsroom:20240809:nNRAti307c:0,NS:GLOWEE,SABE.MC
2024-08-09 16:40:59.884,Banco de Sabadell (SAB: EUR1.78) offers dividend yield of 3.4%; +1c [0.6%],urn:newsml:newsroom:20240809:nNRAti2yd5:0,NS:GLOSTO,SABE.MC
2024-08-09 12:05:04.257,"Thursday August 08, 2024 Banco de Sabadell ADR Compendium - A Snapshot as of August 08",urn:newsml:newsroom:20240809:nNRAthypvi:0,NS:GLOROU,SABE.MC
2024-08-09 08:26:15.286,"Thursday August 08, 2024 Banco de Sabadell ADR Compendium - A Snapshot as of August 08",urn:newsml:newsroom:20240809:nNRAthvegh:0,NS:GLOROU,SABE.MC
2024-08-08 16:17:25.307,Banco de Sabadell (SAB: EUR1.77) offers earnings yield of 13%; -1c [0.6%],urn:newsml:newsroom:20240808:nNRAthm18t:0,NS:GLOSTO,SABE.MC
2024-08-08 00:00:00.000,"Thursday August 08, 2024 Banco de Sabadell ADR Compendium - A Snapshot as of August 08",urn:newsml:newsroom:20240809:nNRAthsi83:0,NS:GLOROU,SABE.MC
2024-08-07 16:17:56.266,Banco de Sabadell (SAB: EUR1.78) in top 2% performers of IBEX 35 Index; +6c [3.5%],urn:newsml:newsroom:20240807:nNRAth78lw:0,NS:GLOSTO,SABE.MC
2024-08-07 11:47:50.073,"Tuesday August 06, 2024 What Happened Today to the Banco de Sabadell ADR",urn:newsml:newsroom:20240807:nNRAth2ymf:0,NS:GLOROU,SABE.MC
2024-08-07 05:12:47.710,Sabadell boosts corporate lending in the midst of takeover bid with 3.4 billion in pre-approvals,urn:newsml:newsroom:20240807:nNRAtgym31:0,NS:NOTENG,SABE.MC
2024-08-06 16:52:13.613,Can Banco de Sabadell rebound after recent dip?,urn:newsml:newsroom:20240806:nNRAtgshaf:0,NS:GLOROU,SABE.MC
2024-08-06 16:17:29.198,Banco de Sabadell (SAB: EUR1.72) offers dividend yield of 3.5%; +1c [0.6%],urn:newsml:newsroom:20240806:nNRAtgryha:0,NS:GLOSTO,SABE.MC
2024-08-06 15:52:10.935,Can Banco de Sabadell rebound after recent dip?,urn:newsml:newsroom:20240806:nNRAtgrlgx:0,NS:GLOROU,SABE.MC
2024-08-06 14:52:09.495,Can Banco de Sabadell rebound after recent dip?,urn:newsml:newsroom:20240806:nNRAtgqr8o:0,NS:GLOROU,SABE.MC
2024-08-06 12:47:24.155,Can Banco de Sabadell rebound after recent dip?,urn:newsml:newsroom:20240806:nNRAtgp20q:0,NS:GLOROU,SABE.MC
2024-08-06 10:08:13.596,Banco de Sabadell's Earnings Growth Outperforms Banco Santander,urn:newsml:newsroom:20240806:nNRAtgms8e:0,NS:GLOSTO,SABE.MC
2024-08-06 08:57:28.629,"Monday August 05, 2024 Banco de Sabadell ADR Compendium - A Snapshot as of August 05",urn:newsml:newsroom:20240806:nNRAtgm38e:0,NS:GLOROU,SABE.MC
2024-08-06 05:57:09.153,Can Banco de Sabadell rebound after recent dip?,urn:newsml:newsroom:20240806:nNRAtgjzvx:0,NS:GLOROU,SABE.MC
2024-08-06 04:57:24.831,"Monday August 05, 2024 Banco de Sabadell ADR Compendium - A Snapshot as of August 05",urn:newsml:newsroom:20240806:nNRAtgjhuz:0,NS:GLOROU,SABE.MC
2024-08-06 00:00:00.000,"Tuesday August 06, 2024 What Happened Today to the Banco de Sabadell ADR",urn:newsml:newsroom:20240807:nNRAth0efi:0,NS:GLOROU,SABE.MC
2024-08-05 16:17:22.449,"Banco de Sabadell (SAB: EUR1.71) continues significant downtrend, slides 3.4%; -6c [3.4%]",urn:newsml:newsroom:20240805:nNRAtgd4zv:0,NS:GLOSTO,SABE.MC
2024-08-05 14:43:13.951,"Monthly: Banco de Sabadell (SAB: EUR1.95) gains 8%, beating 98% of stocks",urn:newsml:newsroom:20240805:nNRAtgbugc:0,NS:GLOSTP,SABE.MC
2024-08-05 10:49:40.000,FACTBOX-European companies cut jobs as economy sputters,urn:newsml:reuters.com:20240805:nL8N3JN0IT:2,NS:RTRS,SABE.MC
2024-08-05 07:33:43.522,"Spanish bank Sabadell to finance, invest in SEAT's solar project",urn:newsml:reuters.com:20240805:nNRAtg6mvv:1,NS:SEEREN,SABE.MC
2024-08-05 07:13:59.000,European banks at March lows amid global sell-off,urn:newsml:reuters.com:20240805:nL8N3JS0EM:6,NS:RTRS,SABE.MC
2024-08-05 00:00:00.000,"Monday August 05, 2024 Banco de Sabadell ADR Compendium - A Snapshot as of August 05",urn:newsml:newsroom:20240806:nNRAtgi0mp:0,NS:GLOROU,SABE.MC
2024-08-03 09:02:21.603,"Friday August 02, 2024 What Happened Today to the Banco de Sabadell ADR",urn:newsml:newsroom:20240803:nNRAtftjln:0,NS:GLOROU,SABE.MC
2024-08-03 05:02:13.530,"Friday August 02, 2024 What Happened Today to the Banco de Sabadell ADR",urn:newsml:newsroom:20240803:nNRAtfs2hz:0,NS:GLOROU,SABE.MC
2024-08-03 04:22:05.295,Weekly: Banco de Sabadell (SAB: EUR1.77) in bottom 3% performers of IBEX 35 Index in past week; -22c [11.1%],urn:newsml:newsroom:20240803:nNRAtfrxxe:0,NS:GLOWEE,SABE.MC
2024-08-02 16:22:40.472,Weekly: Banco de Sabadell (SAB: EUR1.77) in bottom 3% performers of IBEX 35 Index in past week; -22c [11.1%],urn:newsml:newsroom:20240802:nNRAtfmll1:0,NS:GLOWEE,SABE.MC
2024-08-02 16:17:23.583,Banco de Sabadell (SAB: EUR1.77) offers earnings yield of 13%; -7c [3.8%],urn:newsml:newsroom:20240802:nNRAtfmk3k:0,NS:GLOSTO,SABE.MC
2024-08-02 08:57:34.281,"Thursday August 01, 2024 Banco de Sabadell ADR Compendium - A Snapshot as of August 01",urn:newsml:newsroom:20240802:nNRAtfgwz0:0,NS:GLOROU,SABE.MC
2024-08-02 04:57:04.584,"Thursday August 01, 2024 Banco de Sabadell ADR Compendium - A Snapshot as of August 01",urn:newsml:newsroom:20240802:nNRAtfefzh:0,NS:GLOROU,SABE.MC
2024-08-01 16:17:22.768,Banco de Sabadell (SAB: EUR1.84) in bottom 2% performers of IBEX 35 Index; -11c [5.6%],urn:newsml:newsroom:20240801:nNRAtf7bj4:0,NS:GLOSTO,SABE.MC
2024-08-01 14:29:40.344,"Iberdrola, ICO, Sabadell, HSBC Sign 500 Mln Euro Green Loan With Cesce",urn:newsml:reuters.com:20240801:nRSD2NDKb3:1,NS:SIGDEV,SABE.MC
2024-08-01 08:31:55.750,Nexi CEO: situation with Sabadell unlikely to be clarified before year end,urn:newsml:reuters.com:20240801:nRSD9kJ42g:1,NS:SIGDEV,SABE.MC
2024-08-01 08:17:16.000,BRIEF-Nexi CEO: situation with Sabadell unlikely to be clarified before year end,urn:newsml:reuters.com:20240801:nS8N3IB0B6:1,NS:RTRS,SABE.MC
2024-08-01 07:36:45.000,BBVA - Onur Genç: “Banco Sabadell shareholders would obtain 27 percent higher earnings per share from the BBVA integration”,urn:newsml:reuters.com:20240801:nNDL467K3B:1,NS:PUBT,SABE.MC
2024-08-01 06:22:50.832,"Monthly: Banco de Sabadell (SAB: EUR1.95) climbs 8%, beating 98% of stocks",urn:newsml:newsroom:20240801:nNRAtezi10:0,NS:GLOSTO,SABE.MC
2024-08-01 00:00:00.000,"Thursday August 01, 2024 Banco de Sabadell ADR Compendium - A Snapshot as of August 01",urn:newsml:newsroom:20240802:nNRAtfcmy3:0,NS:GLOROU,SABE.MC
2024-07-31 12:33:04.000,UPDATE 4-BBVA beats Q2 profit on Spain overshadowed by slower growth in Mexico,urn:newsml:reuters.com:20240731:nL8N3JN0FF:1,NS:RTRS,SABE.MC
2024-07-31 11:31:22.000,"BRIEF-BBVA Does Not Have Intention Nor Need To Improve The Offer For Sabadell, CEO Says",urn:newsml:reuters.com:20240731:nS0N3G000Q:1,NS:RTRS,SABE.MC
2024-07-31 09:07:50.610,"BBVA Will Restart Share Buyback Programmes Once Sabadell Bid is Over, CEO Says",urn:newsml:reuters.com:20240731:nRSD74pzFL:1,NS:SIGDEV,SABE.MC
2024-07-31 08:58:19.000,"BRIEF-BBVA Will Restart Share Buyback Programmes Once Sabadell Bid is Over, CEO Says",urn:newsml:reuters.com:20240731:nS0N3G000P:1,NS:RTRS,SABE.MC
2024-07-31 08:25:47.452,BBVA'S CEO Says He Is Highly Confident About Sabadell Deal Approval,urn:newsml:reuters.com:20240731:nRSD9nxjXD:1,NS:SIGDEV,SABE.MC
2024-07-31 08:25:46.526,BBVA's CEO Sees Substantial Synergies From Sabadell Acquisition,urn:newsml:reuters.com:20240731:nRSD50VLKP:1,NS:SIGDEV,SABE.MC
2024-07-31 08:14:25.000,BRIEF-BBVA'S CEO Says He Is Highly Confident About Sabadell Deal Approval,urn:newsml:reuters.com:20240731:nS0N3G000O:1,NS:RTRS,SABE.MC
2024-07-31 08:11:18.000,BRIEF-BBVA's CEO Sees Substantial Synergies From Sabadell Acquisition,urn:newsml:reuters.com:20240731:nS0N3G000N:1,NS:RTRS,SABE.MC
2024-07-31 05:09:59.575,BBVA Is Fully Confident In Success Of Combination With Sabadell,urn:newsml:reuters.com:20240731:nRSD635ZBY:1,NS:SIGDEV,SABE.MC
2024-07-31 04:58:23.000,BRIEF-BBVA Is Fully Confident In Success Of Combination With Sabadell,urn:newsml:reuters.com:20240731:nFWN3JM2CY:1,NS:RTRS,SABE.MC
2024-07-30 16:12:49.000,Banco de Sabadell SA - Half yearly additional financial accounts June 2024,urn:newsml:reuters.com:20240730:nNDLc6zwvt:1,NS:PUBT,SABE.MC
2024-07-30 11:25:28.229,"Unicaja Is Not Looking At M&A, But Always Open For Growth Opportunities, CEO Says",urn:newsml:reuters.com:20240730:nRSD15fmz1:1,NS:SIGDEV,SABE.MC
2024-07-30 11:14:27.000,"BRIEF-Unicaja Is Not Looking At M&A, But Always Open For Growth Opportunities, CEO Says",urn:newsml:reuters.com:20240730:nS0N3G000M:1,NS:RTRS,SABE.MC
2024-07-30 05:02:18.582,"Monday July 29, 2024 Banco de Sabadell ADR Compendium - A Snapshot as of July 29",urn:newsml:newsroom:20240730:nNRAte33l3:0,NS:GLOROU,SABE.MC
2024-07-29 00:00:00.000,"Monday July 29, 2024 Banco de Sabadell ADR Compendium - A Snapshot as of July 29",urn:newsml:newsroom:20240730:nNRAte1f0d:0,NS:GLOROU,SABE.MC
2024-07-28 13:19:08.681,Banco de Sabadell (OTCMKTS:BNDSF) Trading 11.6% Higher --,urn:link:webnews:20240728:nNRAtdlars:0,NS:WKRNEW,SABE.MC
2024-07-27 14:07:16.959,"Banco de Sabadell, S.A. (BNDSF) Q2 2024 Earnings Call Transcript",urn:newsml:newsroom:20240727:nNRAtdfo4m:0,NS:SEECOM,SABE.MC
2024-07-27 04:21:57.637,Weekly: Banco de Sabadell (SAB: EUR1.99) keeps rising: up 14% in 6 weeks; +5c [2.6%],urn:newsml:newsroom:20240727:nNRAtdcceg:0,NS:GLOWEE,SABE.MC
2024-07-26 16:22:31.697,Weekly: Banco de Sabadell (SAB: EUR1.99) keeps rising: up 14% in 6 weeks; +5c [2.6%],urn:newsml:newsroom:20240726:nNRAtd6scf:0,NS:GLOWEE,SABE.MC
2024-07-26 16:17:20.473,Banco de Sabadell (SAB: EUR1.99) offers earnings yield of 11.6%; -1c [0.5%],urn:newsml:newsroom:20240726:nNRAtd6qor:0,NS:GLOSTO,SABE.MC
2024-07-26 11:55:51.000,CORRECTED (OFFICIAL)-Seven banks share data with UK law enforcement in 'dirty money' crackdown,urn:newsml:reuters.com:20240726:nL1N3JH14C:4,NS:RTRS,SABE.MC
2024-07-26 11:12:14.191,Oliu tightens the pulse with BBVA with the purchase of half a million Banco Sabadell shares after the results,urn:newsml:newsroom:20240726:nNRAtd24os:0,NS:NOTENG,SABE.MC
2024-07-26 10:07:43.802,Banco de Sabadell SA (BNDSF) Q2 2024 Earnings Call Transcript Highlights: Strong Profit Growth ...,urn:newsml:newsroom:20240726:nNRAtd1bvm:0,NS:GURCOM,SABE.MC
2024-07-26 09:13:04.411,"Stock market and Ibex 35, live | The Ibex falls and has now been in the red for three consecutive days",urn:newsml:newsroom:20240726:nNRAtd0sj2:0,NS:NOTENG,SABE.MC
2024-07-26 06:04:20.000,Spanish stocks - Factors to watch on July 26,urn:newsml:reuters.com:20240726:nL8N3JH2TN:1,NS:RTRS,SABE.MC
2024-07-25 23:11:56.000,REFILE-Sabadell CEO plays down 'white knight' prospect to stop BBVA bid,urn:newsml:reuters.com:20240725:nL1N3JG1AU:1,NS:RTRS,SABE.MC
2024-07-25 16:17:23.797,Banco de Sabadell (SAB: EUR2.0) offers earnings yield of 11.5%; -2c [1.0%],urn:newsml:newsroom:20240725:nNRAtcrocg:0,NS:GLOSTO,SABE.MC
2024-07-24 16:17:20.810,Banco de Sabadell (SAB: EUR2.02) falls 1.5% from 14-day high; -2c [1.0%],urn:newsml:newsroom:20240724:nNRAtcd63c:0,NS:GLOSTO,SABE.MC
2024-07-24 06:13:13.254,Sabadell can grow alone,urn:newsml:newsroom:20240724:nNRAtc5ku9:0,NS:NOTENG,SABE.MC
2024-07-24 05:13:09.291,Sabadell holds the trump card of another dividend increase before BBVA's takeover vote,urn:newsml:newsroom:20240724:nNRAtc54jp:0,NS:NOTENG,SABE.MC
2024-07-23 19:13:41.169,"González-Bueno and Oliu, after Sabadell's results: ""The bank is running at full speed"".",urn:newsml:newsroom:20240723:nNRAtc0tmk:0,NS:NOTENG,SABE.MC
2024-07-23 16:17:13.344,Banco de Sabadell (SAB: EUR2.04) in top 1% performers of IBEX 35 Index; +4c [2.0%],urn:newsml:newsroom:20240723:nNRAtbyuar:0,NS:GLOSTO,SABE.MC
2024-07-23 16:08:09.000,"Spanish banks, unions agree on 11% wage increase over three years",urn:newsml:reuters.com:20240723:nL8N3JF2D1:4,NS:RTRS,SABE.MC
2024-07-23 15:01:48.767,"Banco de Sabadell, S.A. reports 1H results",urn:newsml:newsroom:20240723:nNRAtbxwk4:0,NS:SEECOM,SABE.MC
2024-07-23 12:03:56.000,BREAKINGVIEWS-Sabadell surfs interest-rate wave away from BBVA,urn:newsml:reuters.com:20240723:nL8N3JF0IW:6,NS:RTRS,SABE.MC
2024-07-23 11:17:18.383,"Sabadell Expects Net Profit Above 1.4 Billion Euros in 2024, CFO Says",urn:newsml:reuters.com:20240723:nRSDzxL9C:1,NS:SIGDEV,SABE.MC
2024-07-23 11:09:48.000,"BRIEF-Sabadell Expects Net Profit Above 1.4 Billion Euros in 2024, CFO Says",urn:newsml:reuters.com:20240723:nS0N3G000E:1,NS:RTRS,SABE.MC
2024-07-23 10:46:13.016,"Sabadell Will Book Record Net Profit In 2024, CEO Says",urn:newsml:reuters.com:20240723:nRSD2WJ7VH:1,NS:SIGDEV,SABE.MC
2024-07-23 10:36:18.000,"UPDATE 4-BBVA target Sabadell forecasts higher lending income, lifts payouts",urn:newsml:reuters.com:20240723:nL8N3JF05T:7,NS:RTRS,SABE.MC
2024-07-23 10:34:50.000,"BRIEF-Sabadell Will Book Record Net Profit In 2024, CEO Says",urn:newsml:reuters.com:20240723:nS0N3G000D:1,NS:RTRS,SABE.MC
2024-07-23 10:12:36.738,Banco Sabadell earns 791 million in the first half of the year and improves dividend forecast by 500 million,urn:newsml:newsroom:20240723:nNRAtbtvwd:0,NS:NOTENG,SABE.MC
2024-07-23 09:42:10.430,TSB profits plummet by a quarter amid --,urn:link:webnews:20240723:nNRAtbtmd0:0,NS:WNCOMA,SABE.MC
2024-07-23 09:32:40.249,TSB bank profits plummet by nearly 25% amid tough mortgage market conditions,urn:newsml:newsroom:20240723:nNRAtbsxz6:0,NS:MIRONL,SABE.MC
2024-07-23 09:12:56.604,Sabadell's profits soared 40.3% with 791 million up to June,urn:newsml:newsroom:20240723:nNRAtbtgq7:0,NS:NOTENG,SABE.MC
2024-07-23 09:12:36.342,Banco Sabadell responds to BBVA's takeover bid with another dividend hike after record profits,urn:newsml:newsroom:20240723:nNRAtbtfmy:0,NS:NOTENG,SABE.MC
2024-07-23 08:26:10.120,"Sabadell Sees Good NII Prospects At TSB In Coming Quarters, CFO Says",urn:newsml:reuters.com:20240723:nRSDb9vSkd:1,NS:SIGDEV,SABE.MC
2024-07-23 08:18:22.000,"BRIEF-Sabadell Sees Good NII Prospects At TSB In Coming Quarters, CFO Says",urn:newsml:reuters.com:20240723:nS0N3G000C:1,NS:RTRS,SABE.MC
2024-07-23 08:13:01.102,"Spain's Banco Sabadell earns 791 million euros through June, up 40.3%.",urn:newsml:newsroom:20240723:nNRAtbsuoz:0,NS:NOTENG,SABE.MC
2024-07-23 08:07:00.253,Sabadell's CEO Says There Are No Breaking-Up Clauses Regarding Nexi Deal,urn:newsml:reuters.com:20240723:nRSD6JYbFK:1,NS:SIGDEV,SABE.MC
2024-07-23 07:56:06.000,BRIEF-Sabadell's CEO Says There Are No Breaking-Up Clauses Regarding Nexi Deal,urn:newsml:reuters.com:20240723:nS0N3G000B:1,NS:RTRS,SABE.MC
2024-07-23 07:45:06.052,"Sabadell Expects Closing Of Nexi Deal After End Of BBVA Takeover Offer, CEO Says",urn:newsml:reuters.com:20240723:nRSD19SKkG:1,NS:SIGDEV,SABE.MC
2024-07-23 07:30:14.000,"BRIEF-Sabadell Expects Closing Of Nexi Deal After End Of BBVA Takeover Offer, CEO Says",urn:newsml:reuters.com:20240723:nS0N3G000A:1,NS:RTRS,SABE.MC
2024-07-23 07:14:41.483,TSB profits slump amid 'challenging' mortgage market --,urn:link:webnews:20240723:nNRAtbs9b9:0,NS:WNCOMA,SABE.MC
2024-07-23 07:13:52.223,"Banco Sabadell earns 791 million up to June, an increase of 40.3%.",urn:newsml:newsroom:20240723:nNRAtbs7rf:0,NS:NOTENG,SABE.MC
2024-07-23 07:13:02.239,Sabadell raises its promised dividend by 21% until 2025: it plans to pay out 2.9 billion euros,urn:newsml:newsroom:20240723:nNRAtbs82h:0,NS:NOTENG,SABE.MC
2024-07-23 07:06:39.093,TSB profits slump amid 'challenging' mortgage market,urn:newsml:newsroom:20240723:nNRAtbs6w9:0,NS:PRETOP,SABE.MC
2024-07-23 07:00:00.000,Q2 2024 Banco de Sabadell SA Earnings Call,urn:newsml:reuters.com:20240723:nTRNb8xNV9:1,NS:TRANS,SABE.MC
2024-07-23 06:57:12.541,TSB profits slump amid 'challenging' mortgage market --,urn:link:webnews:20240723:nNRAtbs43n:0,NS:IRINEX,SABE.MC
2024-07-23 06:57:12.060,Banco de Sabadell Upgrades Growth Forecasts After Profit Beat --,urn:link:webnews:20240723:nNRAtbs2hz:0,NS:WNCOMA,SABE.MC
2024-07-23 06:30:00.000,Banco Sabadell earns 40.3% more and increases the estimated remuneration to shareholders to 2.9 billion in two years,urn:newsml:newsroom:20240725:nNRAtcjer4:0,NS:INDBAN,SABE.MC
2024-07-23 06:21:39.000,Spanish stocks - Factors to watch on July 23,urn:newsml:reuters.com:20240723:nL8N3JF0AE:1,NS:RTRS,SABE.MC
2024-07-23 06:18:18.073,"Sabadell Sees NII Growing In 2025 Compared To 2024, CFO Says",urn:newsml:reuters.com:20240723:nRSD4tmFyV:1,NS:SIGDEV,SABE.MC
2024-07-23 06:18:17.423,"Sabadell Sees Potential To Further Raise Shareholder Distribution, CEO Says",urn:newsml:reuters.com:20240723:nRSD8l2brN:1,NS:SIGDEV,SABE.MC
2024-07-23 06:13:54.033,Sabadell responds to BBVA's takeover bid with a macro-dividend and record profit,urn:newsml:newsroom:20240723:nNRAtbrq49:0,NS:NOTENG,SABE.MC
2024-07-23 06:06:31.000,"BRIEF-Sabadell Sees NII Growing In 2025 Compared To 2024, CFO Says",urn:newsml:reuters.com:20240723:nS0N3G0009:1,NS:RTRS,SABE.MC
2024-07-23 06:05:22.000,"BRIEF-Sabadell Sees Potential To Further Raise Shareholder Distribution, CEO Says",urn:newsml:reuters.com:20240723:nS0N3BV02B:1,NS:RTRS,SABE.MC
2024-07-23 05:57:20.000,"Banco de Sabadell SA - Banco Sabadell delivers record profits up 40,3% and raises estimated shareholder remuneration to 2.9 billion euros",urn:newsml:reuters.com:20240723:nNDL4ntzBr:1,NS:PUBT,SABE.MC
2024-07-23 05:32:18.124,Sabadell Upgrades NII Guidance To Mid-Single Digit Growth In 2024,urn:newsml:reuters.com:20240723:nRSD6ZBSbX:1,NS:SIGDEV,SABE.MC
2024-07-23 05:28:45.000,Banco de Sabadell SA - 2Q24 Financial Report,urn:newsml:reuters.com:20240723:nNDL3xzQFT:1,NS:PUBT,SABE.MC
2024-07-23 05:28:32.000,Banco de Sabadell SA - 2Q24 Results Presentation,urn:newsml:reuters.com:20240723:nNDLCDSdq:1,NS:PUBT,SABE.MC
2024-07-23 05:25:17.956,Sabadell Q2 Net Interest Income At 1.26 Bln Euros,urn:newsml:reuters.com:20240723:nRSD4nD2L9:1,NS:SIGDEV,SABE.MC
2024-07-23 05:25:17.581,Sabadell To Pay Interim Cash Dividend Of 0.08 Eur/Shr In October,urn:newsml:reuters.com:20240723:nRSDw0lDd:1,NS:SIGDEV,SABE.MC
2024-07-23 05:19:14.000,BRIEF-Sabadell Upgrades NII Guidance To Mid-Single Digit Growth In 2024,urn:newsml:reuters.com:20240723:nL8N3JF051:1,NS:RTRS,SABE.MC
2024-07-23 05:16:49.000,BRIEF-Sabadell Plans To Distribute 2.90 Bln Euros Among Its Shareholders In Two Years,urn:newsml:reuters.com:20240723:nS8N3BA046:1,NS:RTRS,SABE.MC
2024-07-23 05:14:03.000,Sabadell's Q2 net profit rises 34.5% from same period in 2023,urn:newsml:reuters.com:20240723:nL8N3JE20U:2,NS:RTRS,SABE.MC
2024-07-23 05:14:02.000,BRIEF-Sabadell Q2 Net Interest Income At 1.26 Bln Euros,urn:newsml:reuters.com:20240723:nS8N3BA042:1,NS:RTRS,SABE.MC
2024-07-23 05:13:51.000,BRIEF-Sabadell To Pay Interim Cash Dividend Of 0.08 Eur/Shr In October,urn:newsml:reuters.com:20240723:nS8N3BA043:1,NS:RTRS,SABE.MC
2024-07-23 00:00:00.000,Sabadell responds to BBVA's takeover bid and boosts dividend to 2.9 billion,urn:newsml:newsroom:20240724:nNRAtc7arg:0,NS:NOTENG,SABE.MC
2024-07-22 16:17:09.651,Banco de Sabadell (SAB: EUR2.0) hits year-high 7th time in three months; +6c [3.1%],urn:newsml:newsroom:20240722:nNRAtbl17e:0,NS:GLOSTO,SABE.MC
2024-07-22 05:00:00.000,PREVIEW-European banks' earnings in spotlight after big share price gains,urn:newsml:reuters.com:20240722:nL8N3J80HE:1,NS:RTRS,SABE.MC
2024-07-20 04:27:15.538,"Weekly: Banco de Sabadell (SAB: EUR1.94) rises for a fifth consecutive week, a five-week rise of 11%; +3c [1.6%]",urn:newsml:newsroom:20240720:nNRAtb1eez:0,NS:GLOWEE,SABE.MC
2024-07-19 17:47:25.048,"German trading: Banco de Sabadell (BDSB: EUR1.94) up 3.2% in 2 days, hits 46-day high; +6c [3.2%]",urn:newsml:newsroom:20240719:nNRAtawfzb:0,NS:GERCOM,SABE.MC
2024-07-19 16:22:56.083,"Weekly: Banco de Sabadell (SAB: EUR1.94) rises for a fifth consecutive week, a five-week rise of 11%; +3c [1.6%]",urn:newsml:newsroom:20240719:nNRAtav3hv:0,NS:GLOWEE,SABE.MC
2024-07-19 16:17:31.107,Banco de Sabadell (SAB: EUR1.94) offers earnings yield of 11.9%; -1c [0.5%],urn:newsml:newsroom:20240719:nNRAtav66a:0,NS:GLOSTO,SABE.MC
2024-07-18 16:17:22.872,"Banco de Sabadell (SAB: EUR1.95) up 3.2% in 2 days, hits 45-day high; +6c [3.2%]",urn:newsml:newsroom:20240718:nNRAtafc0a:0,NS:GLOSTO,SABE.MC
2024-07-18 14:13:20.195,"Gloria Ortiz (Bankinter), on BBVA's takeover bid for Sabadell: ""All corporate operations are an opportunity for the rest"".",urn:newsml:newsroom:20240718:nNRAtadcdi:0,NS:NOTENG,SABE.MC
2024-07-17 16:17:23.605,"Banco de Sabadell (SAB: EUR1.93) in top 2% performers of IBEX 35 Index, hits 37-day high; +4c [2.1%]",urn:newsml:newsroom:20240717:nNRAta1bv4:0,NS:GLOSTO,SABE.MC
2024-07-17 07:07:12.000,BUZZ-Spanish Banks to see supportive NII dynamics in Q2 - Jefferies,urn:newsml:reuters.com:20240717:nL8N3J90AZ:1,NS:RTRS,SABE.MC
2024-07-16 16:17:39.996,Banco de Sabadell (SAB: EUR1.89) offers dividend yield of 3.2%; -1c [0.5%],urn:newsml:newsroom:20240716:nNRAt9mo32:0,NS:GLOSTO,SABE.MC
2024-07-16 09:08:27.711,How Banco de Sabadell's Tax Rate compares to Its Peers,urn:newsml:newsroom:20240716:nNRAt9gjxu:0,NS:GLOSTO,SABE.MC
2024-07-15 16:17:06.285,"Banco de Sabadell (SAB: EUR1.90) offers earnings yield of 12.1%, hits 35-day high; -1c [0.5%]",urn:newsml:newsroom:20240715:nNRAt97q8r:0,NS:GLOSTO,SABE.MC
2024-07-15 15:22:33.613,TSB slashes mortgage rates after Barclays and Virgin in 'big week for borrowers' --,urn:link:webnews:20240715:nNRAt971jt:0,NS:MSNUKA,SABE.MC
2024-07-15 11:41:55.000,FACTBOX-European companies cut jobs as economy sputters,urn:newsml:reuters.com:20240715:nL8N3J70QL:1,NS:RTRS,SABE.MC
2024-07-13 04:21:57.853,Weekly: Banco de Sabadell (SAB: EUR1.91) lifts 2.1% - outperforming 99% of stocks; +4c [2.1%],urn:newsml:newsroom:20240713:nNRAt8nj5i:0,NS:GLOWEE,SABE.MC
2024-07-12 16:22:31.330,Weekly: Banco de Sabadell (SAB: EUR1.91) lifts 2.1% - outperforming 99% of stocks; +4c [2.1%],urn:newsml:newsroom:20240712:nNRAt8hu9b:0,NS:GLOWEE,SABE.MC
2024-07-12 16:17:18.190,"Banco de Sabadell (SAB: EUR1.91) keeps rising, up 3.2% in 3 days; +6c [3.2%]",urn:newsml:newsroom:20240712:nNRAt8i9fp:0,NS:GLOSTO,SABE.MC
2024-07-12 09:03:08.784,"Thursday July 11, 2024 Banco de Sabadell ADR Compendium - A Snapshot as of July 11",urn:newsml:newsroom:20240712:nNRAt8avp1:0,NS:GLOROU,SABE.MC
2024-07-12 05:02:12.399,"Thursday July 11, 2024 Banco de Sabadell ADR Compendium - A Snapshot as of July 11",urn:newsml:newsroom:20240712:nNRAt88xw5:0,NS:GLOROU,SABE.MC
2024-07-11 16:17:30.649,"Banco de Sabadell (SAB: EUR1.89) up 2.2% in 2 days, hits 30-day high; +4c [2.2%]",urn:newsml:newsroom:20240711:nNRAt83ilv:0,NS:GLOSTO,SABE.MC
2024-07-11 16:13:12.792,Kepler Cheveaux predicts that the CNMC will delay the deadlines and analyze BBVA's takeover bid for Sabadell in a second phase.,urn:newsml:newsroom:20240711:nNRAt83sk9:0,NS:NOTENG,SABE.MC
2024-07-11 13:12:45.770,"The CNMC would be in a second phase of analysis in BBVA's takeover bid for Sabadell after detecting competition problems, according to Kepler Cheuv...",urn:newsml:newsroom:20240711:nNRAt819zu:0,NS:NOTENG,SABE.MC
2024-07-11 00:00:00.000,"Thursday July 11, 2024 Banco de Sabadell ADR Compendium - A Snapshot as of July 11",urn:newsml:newsroom:20240712:nNRAt87d5w:0,NS:GLOROU,SABE.MC
2024-07-10 16:17:12.955,Banco de Sabadell (SAB: EUR1.87) offers dividend yield of 3.2%; +2c [1.1%],urn:newsml:newsroom:20240710:nNRAt7nipk:0,NS:GLOSTO,SABE.MC
2024-07-09 16:17:01.659,Banco de Sabadell (SAB: EUR1.85) offers earnings yield of 12.4%; -2c [1.1%],urn:newsml:newsroom:20240709:nNRAt78rcx:0,NS:GLOSTO,SABE.MC
2024-07-09 14:09:15.000,FACTBOX-European companies cut jobs as economy sputters,urn:newsml:reuters.com:20240709:nL8N3J10T8:2,NS:RTRS,SABE.MC
2024-07-09 12:02:01.372,"Monday July 08, 2024 Banco de Sabadell ADR Compendium - A Snapshot as of July 08",urn:newsml:newsroom:20240709:nNRAt74fgt:0,NS:GLOROU,SABE.MC
2024-07-09 09:07:48.626,How Banco de Sabadell's Tax Rate compares to Its Peers,urn:newsml:newsroom:20240709:nNRAt72ix2:0,NS:GLOSTO,SABE.MC
2024-07-09 08:02:17.161,"Monday July 08, 2024 Banco de Sabadell ADR Compendium - A Snapshot as of July 08",urn:newsml:newsroom:20240709:nNRAt71hao:0,NS:GLOROU,SABE.MC
2024-07-08 20:44:21.070,BBVA shareholders overwhelmingly approve capital increase for Banco Sabadell integration,urn:newsml:newsroom:20240708:nNRAt6x2hv:0,NS:PLUCOM,SABE.MC
2024-07-08 00:00:00.000,"Monday July 08, 2024 Banco de Sabadell ADR Compendium - A Snapshot as of July 08",urn:newsml:newsroom:20240709:nNRAt6zbod:0,NS:GLOROU,SABE.MC
2024-07-06 08:57:10.161,"Friday July 05, 2024 What Happened Today to the Banco de Sabadell ADR",urn:newsml:newsroom:20240706:nNRAt6bx16:0,NS:GLOROU,SABE.MC
2024-07-06 04:57:11.288,"Friday July 05, 2024 What Happened Today to the Banco de Sabadell ADR",urn:newsml:newsroom:20240706:nNRAt6akri:0,NS:GLOROU,SABE.MC
2024-07-06 04:22:35.174,Weekly: Banco de Sabadell (SAB: EUR1.87) keeps rising: up 7% in 3 weeks; +7c [3.9%],urn:newsml:newsroom:20240706:nNRAt69zc3:0,NS:GLOWEE,SABE.MC
2024-07-06 02:34:00.286,Spain : BBVA shareholders overwhelmingly approve capital increase for Banco Sabadell integration,urn:newsml:reuters.com:20240706:nNRAt69uze:1,NS:ECLPCM,SABE.MC
2024-07-06 02:32:50.443,Spain : BBVA shareholders overwhelmingly approve capital increase for Banco Sabadell integration,urn:newsml:reuters.com:20240706:nNRAt69p9a:1,NS:ECLBFI,SABE.MC
2024-07-06 02:32:10.536,BBVA shareholders overwhelmingly approve capital increase for Banco Sabadell integration,urn:newsml:newsroom:20240706:nNRAt69qc3:0,NS:INDBAN,SABE.MC
2024-07-05 19:12:50.023,BBVA shareholders 'say yes' to capital increase for Banco Sabadell acquisition,urn:newsml:newsroom:20240705:nNRAt67eaf:0,NS:NOTENG,SABE.MC
2024-07-05 16:22:30.663,Weekly: Banco de Sabadell (SAB: EUR1.87) keeps rising: up 7% in 3 weeks; +7c [3.9%],urn:newsml:newsroom:20240705:nNRAt65oyr:0,NS:GLOWEE,SABE.MC
2024-07-05 16:17:13.161,Banco de Sabadell (SAB: EUR1.87) drops 1.1% on slipping relative strength; -2c [1.1%],urn:newsml:newsroom:20240705:nNRAt662l5:0,NS:GLOSTO,SABE.MC
2024-07-05 11:02:33.000,UPDATE 2-BBVA secures capital increase support to fund Sabadell bid,urn:newsml:reuters.com:20240705:nL8N3IX0EL:2,NS:RTRS,SABE.MC
2024-07-05 10:10:38.341,BBVA Shareholders Approve Capital Increase To Fund The Takeover Bid For Sabadell,urn:newsml:reuters.com:20240705:nRSD6HMG9J:1,NS:SIGDEV,SABE.MC
2024-07-05 09:58:59.000,BRIEF-BBVA Shareholders Approve Capital Increase To Fund The Takeover Bid For Sabadell,urn:newsml:reuters.com:20240705:nS0N3G0002:1,NS:RTRS,SABE.MC
2024-07-05 00:00:00.000,"Friday July 05, 2024 What Happened Today to the Banco de Sabadell ADR",urn:newsml:newsroom:20240706:nNRAt69ucc:0,NS:GLOROU,SABE.MC
2024-07-04 16:17:05.035,Banco de Sabadell (SAB: EUR1.89) up 3.8% in 2 days; +7c [3.8%],urn:newsml:newsroom:20240704:nNRAt5scb4:0,NS:GLOSTO,SABE.MC
2024-07-04 09:13:15.525,"Banco Sabadell's chairman warns that the support of BBVA's board ""does not presuppose the success of the takeover bid"".",urn:newsml:newsroom:20240704:nNRAt5pdf5:0,NS:NOTENG,SABE.MC
2024-07-04 06:12:42.167,"Santander, CaixaBank and Unicaja launch an offensive to Sabadell freelancers",urn:newsml:newsroom:20240704:nNRAt5l2k6:0,NS:NOTENG,SABE.MC
2024-07-03 16:17:24.320,Banco de Sabadell (SAB: EUR1.86) offers earnings yield of 12.4%; +4c [2.2%],urn:newsml:newsroom:20240703:nNRAt5f2pc:0,NS:GLOSTO,SABE.MC
2024-07-02 16:17:10.785,Banco de Sabadell (SAB: EUR1.82) offers dividend yield of 3.3%; -3c [1.6%],urn:newsml:newsroom:20240702:nNRAt51qjz:0,NS:GLOSTO,SABE.MC
2024-07-02 14:43:25.158,Q2/2024: Monthly: Banco de Sabadell (SAB: EUR1.80) in top 1% performers of IBEX 35 Index in past quarter,urn:newsml:newsroom:20240702:nNRAt50jt2:0,NS:GLOSTP,SABE.MC
2024-07-02 09:07:47.720,How Banco de Sabadell's Tax Rate compares to Its Peers,urn:newsml:newsroom:20240702:nNRAt4x08a:0,NS:GLOSTO,SABE.MC
2024-07-02 08:57:38.866,"Monday July 01, 2024 Banco de Sabadell ADR Compendium - A Snapshot as of July 01",urn:newsml:newsroom:20240702:nNRAt4w4wz:0,NS:GLOROU,SABE.MC
2024-07-02 04:57:02.602,"Monday July 01, 2024 Banco de Sabadell ADR Compendium - A Snapshot as of July 01",urn:newsml:newsroom:20240702:nNRAt4tqgg:0,NS:GLOROU,SABE.MC
2024-07-01 16:17:19.012,"Banco de Sabadell (SAB: EUR1.85) keeps rising, up 4.5% in 3 days; +8c [4.5%]",urn:newsml:newsroom:20240701:nNRAt4mvby:0,NS:GLOSTO,SABE.MC
2024-07-01 06:53:09.624,"Banco de Sabadell Compendium - A Snapshot as of June 30, 2024",urn:newsml:newsroom:20240701:nNRAt4fg6l:0,NS:GLOSTO,SABE.MC
2024-07-01 06:53:06.862,Q2/2024: Monthly: Banco de Sabadell (SAB: EUR1.80) in top 1% performers of IBEX 35 Index in past quarter,urn:newsml:newsroom:20240701:nNRAt4fidj:0,NS:GLOSTO,SABE.MC
2024-07-01 00:00:00.000,"Monday July 01, 2024 Banco de Sabadell ADR Compendium - A Snapshot as of July 01",urn:newsml:newsroom:20240702:nNRAt4sg05:0,NS:GLOROU,SABE.MC
2024-07-01 00:00:00.000,"Monday July 01, 2024 Banco de Sabadell ADR: How it compares to other IDRs and ADRs",urn:newsml:newsroom:20240702:nNRAt4s6cu:0,NS:GLOROU,SABE.MC
2024-06-29 16:09:24.408,"Banco de Sabadell, S.A. (OTCMKTS:BNDSY) Short Interest Up 358.8% in June",urn:newsml:newsroom:20240629:nNRAt461cu:0,NS:DAILYQ,SABE.MC
2024-06-29 15:35:08.553,"Banco de Sabadell, S.A. (OTCMKTS:BNDSY) Short Interest Up 358.8% in June --",urn:link:webnews:20240629:nNRAt463kz:0,NS:WKRNEW,SABE.MC
2024-06-29 04:27:21.915,Weekly: Banco de Sabadell (SAB: EUR1.80) up 3.4% in 2 weeks; +3c [1.7%],urn:newsml:newsroom:20240629:nNRAt41i86:0,NS:GLOWEE,SABE.MC
2024-06-28 21:12:07.000,Deals of the day-Mergers and acquisitions,urn:newsml:reuters.com:20240628:nL4N3IQ0LF:1,NS:RTRS,SABE.MC
2024-06-28 16:27:19.595,Q2/2024: Monthly: Banco de Sabadell (SAB: EUR1.80) in top 1% performers of IBEX 35 Index in past quarter,urn:newsml:newsroom:20240628:nNRAt3txn5:0,NS:GLOSTP,SABE.MC
2024-06-28 16:22:24.965,Weekly: Banco de Sabadell (SAB: EUR1.80) up 3.4% in 2 weeks; +3c [1.7%],urn:newsml:newsroom:20240628:nNRAt3thb6:0,NS:GLOWEE,SABE.MC
2024-06-28 16:17:27.410,Banco de Sabadell (SAB: EUR1.80) in 2nd consecutive rise; +3c [1.7%],urn:newsml:newsroom:20240628:nNRAt3u8p0:0,NS:GLOSTO,SABE.MC
2024-06-28 14:25:33.000,"UPDATE 3-BBVA has 'no need' to sweeten Sabadell offer, chairman says",urn:newsml:reuters.com:20240628:nL1N3IQ0DV:2,NS:RTRS,SABE.MC
2024-06-27 16:17:25.820,Banco de Sabadell (SAB: EUR1.79) offers earnings yield of 12.8%; +2c [1.1%],urn:newsml:newsroom:20240627:nNRAt3euj1:0,NS:GLOSTO,SABE.MC
2024-06-27 04:13:14.908,"BBVA loses 18 capital points due to Turkey and Mexico, making it difficult for it to raise its bid for Sabadell",urn:newsml:newsroom:20240627:nNRAt35o0h:0,NS:NOTENG,SABE.MC
2024-06-26 16:17:20.470,Banco de Sabadell (SAB: EUR1.77) offers dividend yield of 3.4%; -2c [1.1%],urn:newsml:newsroom:20240626:nNRAt304ut:0,NS:GLOSTO,SABE.MC
2024-06-26 09:02:16.662,"Tuesday June 25, 2024 What Happened Today to the Banco de Sabadell ADR",urn:newsml:newsroom:20240626:nNRAt2u5jw:0,NS:GLOROU,SABE.MC
2024-06-26 06:41:00.000,Spanish stocks - Factors to watch on June 26,urn:newsml:reuters.com:20240626:nL8N3IO04C:1,NS:RTRS,SABE.MC
2024-06-26 05:12:52.180,Sabadell finalizes sale of a portfolio of 140 M mortgages under special surveillance,urn:newsml:newsroom:20240626:nNRAt2s263:0,NS:NOTENG,SABE.MC
2024-06-26 05:02:24.178,"Tuesday June 25, 2024 What Happened Today to the Banco de Sabadell ADR",urn:newsml:newsroom:20240626:nNRAt2rr35:0,NS:GLOROU,SABE.MC
2024-06-25 16:17:23.059,Banco de Sabadell (SAB: EUR1.79) drops 1.1% on slipping relative strength; -2c [1.1%],urn:newsml:newsroom:20240625:nNRAt2li3p:0,NS:GLOSTO,SABE.MC
2024-06-25 12:47:10.328,Can Banco de Sabadell continue its gains?,urn:newsml:newsroom:20240625:nNRAt2h9hp:0,NS:GLOROU,SABE.MC
2024-06-25 09:42:27.000,Spain – Sabadell securities green portfolio,urn:newsml:reuters.com:20240625:nIfp6c2fjh:1,NS:PFIE,SABE.MC
2024-06-25 09:08:04.190,"Monday June 24, 2024 Banco de Sabadell ADR Compendium - A Snapshot as of June 24",urn:newsml:newsroom:20240625:nNRAt2f0a0:0,NS:GLOROU,SABE.MC
2024-06-25 09:07:15.100,Investors look to see if Banco de Sabadell's recent rally will continue,urn:newsml:newsroom:20240625:nNRAt2dzey:0,NS:GLOROU,SABE.MC
2024-06-25 05:07:37.469,"Monday June 24, 2024 Banco de Sabadell ADR Compendium - A Snapshot as of June 24",urn:newsml:newsroom:20240625:nNRAt2beul:0,NS:GLOROU,SABE.MC
2024-06-25 00:00:00.000,"Tuesday June 25, 2024 What Happened Today to the Banco de Sabadell ADR",urn:newsml:newsroom:20240626:nNRAt2q6rw:0,NS:GLOROU,SABE.MC
2024-06-24 20:52:24.795,Banco de Sabadell's Earnings Growth Lags ICICI Bank,urn:newsml:newsroom:20240624:nNRAt2983i:0,NS:GLOROU,SABE.MC
2024-06-24 18:52:19.294,Banco de Sabadell's Earnings Growth Outperforms Mitsubishi UFJ Financial,urn:newsml:newsroom:20240624:nNRAt27ldb:0,NS:GLOROU,SABE.MC
2024-06-24 16:17:23.506,Banco de Sabadell (SAB: EUR1.81) climbs 2.3% strengthening above moving average price; +4c [2.3%],urn:newsml:newsroom:20240624:nNRAt25lr7:0,NS:GLOSTO,SABE.MC
2024-06-24 10:12:22.000,Banco de Sabadell SA - Banco Sabadell securitises a 1.1 billion portfolio of renewable energy projects,urn:newsml:reuters.com:20240624:nNDL4Npy4P:1,NS:PUBT,SABE.MC
2024-06-24 00:00:00.000,Banco de Sabadell's Earnings Growth Outperforms HDFC Bank,urn:newsml:newsroom:20240625:nNRAt2cpgm:0,NS:GLOROU,SABE.MC
2024-06-24 00:00:00.000,Sabadell securitizes 1.1 billion in loans to renewable projects,urn:newsml:newsroom:20240625:nNRAt2bniu:0,NS:NOTENG,SABE.MC
2024-06-24 00:00:00.000,"Monday June 24, 2024 Banco de Sabadell ADR Compendium - A Snapshot as of June 24",urn:newsml:newsroom:20240625:nNRAt2aiih:0,NS:GLOROU,SABE.MC
2024-06-22 04:22:04.800,Weekly: Banco de Sabadell (SAB: EUR1.77) increases 1.7% on weak volume; +3c [1.7%],urn:newsml:newsroom:20240622:nNRAt1m4sc:0,NS:GLOWEE,SABE.MC
2024-06-21 16:22:26.034,Weekly: Banco de Sabadell (SAB: EUR1.77) increases 1.7% on weak volume; +3c [1.7%],urn:newsml:newsroom:20240621:nNRAt1eh0o:0,NS:GLOWEE,SABE.MC
2024-06-21 16:17:16.606,Banco de Sabadell (SAB: EUR1.77) offers earnings yield of 13%; -1c [0.6%],urn:newsml:newsroom:20240621:nNRAt1eu98:0,NS:GLOSTO,SABE.MC
2024-06-21 12:47:07.974,Can Banco de Sabadell continue its gains?,urn:newsml:newsroom:20240621:nNRAt1bgw1:0,NS:GLOROU,SABE.MC
2024-06-21 11:54:51.000,"UPDATE 2-Impact of alleged spying case on BBVA difficult to assess, Spanish regulator says",urn:newsml:reuters.com:20240621:nL8N3IJ0IC:2,NS:RTRS,SABE.MC
2024-06-21 09:07:51.534,"Thursday June 20, 2024 Banco de Sabadell ADR Compendium - A Snapshot as of June 20",urn:newsml:newsroom:20240621:nNRAt18nj4:0,NS:GLOROU,SABE.MC
2024-06-21 09:07:12.709,Investors look to see if Banco de Sabadell's recent rally will continue,urn:newsml:newsroom:20240621:nNRAt18ma0:0,NS:GLOROU,SABE.MC
2024-06-21 05:08:20.911,"Thursday June 20, 2024 Banco de Sabadell ADR Compendium - A Snapshot as of June 20",urn:newsml:newsroom:20240621:nNRAt1576f:0,NS:GLOROU,SABE.MC
2024-06-21 03:31:57.961,Banco Sabadell revalidates its leadership in transparency and fiscal responsibility of the Ibex 35,urn:newsml:newsroom:20240621:nNRAt14366:0,NS:INDBAN,SABE.MC
2024-06-20 12:47:14.581,Can Banco de Sabadell continue its gains?,urn:newsml:newsroom:20240620:nNRAt0v5vw:0,NS:GLOROU,SABE.MC
2024-06-20 09:07:13.867,Investors look to see if Banco de Sabadell's recent rally will continue,urn:newsml:newsroom:20240620:nNRAt0qyew:0,NS:GLOROU,SABE.MC
2024-06-20 06:30:00.000,Banco Sabadell reaffirms its IBEX 35 leadership in terms of transparency and fiscal accountability,urn:newsml:newsroom:20240713:nNRAt8na33:0,NS:INDBAN,SABE.MC
2024-06-20 05:07:22.520,"Tuesday June 18, 2024 What Happened Today to the Banco de Sabadell ADR",urn:newsml:newsroom:20240620:nNRAt0p53q:0,NS:GLOROU,SABE.MC
2024-06-20 00:00:00.000,"Thursday June 20, 2024 Banco de Sabadell ADR Compendium - A Snapshot as of June 20",urn:newsml:newsroom:20240621:nNRAt13s10:0,NS:GLOROU,SABE.MC
2024-06-19 16:17:13.717,Banco de Sabadell (SAB: EUR1.78) in 3rd consecutive rise; +4c [2.3%],urn:newsml:newsroom:20240619:nNRAt0j624:0,NS:GLOSTO,SABE.MC
2024-06-19 00:00:00.000,BBVA rules out buying other banks if its takeover bid for Banco Sabadell fails,urn:newsml:newsroom:20240620:nNRAt0n93f:0,NS:NOTENG,SABE.MC
2024-06-18 18:52:15.000,"UPDATE 3-Spain could set more conditions in BBVA bid for Sabadell, CNMC head says",urn:newsml:reuters.com:20240618:nL8N3IG0JS:1,NS:RTRS,SABE.MC
2024-06-18 17:57:16.716,Investors concerned as Banco de Sabadell down in recent days,urn:newsml:newsroom:20240618:nNRAt06tp9:0,NS:GLOROU,SABE.MC
2024-06-18 16:57:04.682,Investors concerned as Banco de Sabadell down in recent days,urn:newsml:newsroom:20240618:nNRAt05v3t:0,NS:GLOROU,SABE.MC
2024-06-18 16:52:14.167,Can Banco de Sabadell rebound after recent dip?,urn:newsml:newsroom:20240618:nNRAt06lty:0,NS:GLOROU,SABE.MC
2024-06-18 16:17:09.152,Banco de Sabadell (SAB: EUR1.77) offers dividend yield of 3.4%; +2c [1.1%],urn:newsml:newsroom:20240618:nNRAt06318:0,NS:GLOSTO,SABE.MC
2024-06-18 15:57:02.271,Investors concerned as Banco de Sabadell down in recent days,urn:newsml:newsroom:20240618:nNRAt04sd2:0,NS:GLOROU,SABE.MC
2024-06-18 15:52:14.492,Can Banco de Sabadell rebound after recent dip?,urn:newsml:newsroom:20240618:nNRAt05c2e:0,NS:GLOROU,SABE.MC
2024-06-18 14:52:10.988,Can Banco de Sabadell rebound after recent dip?,urn:newsml:newsroom:20240618:nNRAt046xf:0,NS:GLOROU,SABE.MC
2024-06-18 13:57:18.628,Investors concerned as Banco de Sabadell down in recent days,urn:newsml:newsroom:20240618:nNRAt03hkg:0,NS:GLOROU,SABE.MC
2024-06-18 12:47:24.407,Can Banco de Sabadell rebound after recent dip?,urn:newsml:newsroom:20240618:nNRAt03hss:0,NS:GLOROU,SABE.MC
2024-06-18 12:47:14.677,Can Banco de Sabadell rebound after recent dip?,urn:newsml:newsroom:20240618:nNRAt029al:0,NS:GLOROU,SABE.MC
2024-06-18 08:07:37.689,How Banco de Sabadell's Tax Rate compares to Its Peers,urn:newsml:newsroom:20240618:nNRAszzff5:0,NS:GLOSTO,SABE.MC
2024-06-18 06:00:00.000,GRAPHIC-The euro zone's fragmented banking industry,urn:newsml:reuters.com:20240618:nL8N3HX6KJ:3,NS:RTRS,SABE.MC
2024-06-18 05:57:04.360,Can Banco de Sabadell rebound after recent dip?,urn:newsml:newsroom:20240618:nNRAszwxjj:0,NS:GLOROU,SABE.MC
2024-06-18 05:08:07.413,"Monday June 17, 2024 Banco de Sabadell ADR Compendium - A Snapshot as of June 17",urn:newsml:newsroom:20240618:nNRAszxx69:0,NS:GLOROU,SABE.MC
2024-06-18 00:00:00.000,"Tuesday June 18, 2024 What Happened Today to the Banco de Sabadell ADR",urn:newsml:newsroom:20240619:nNRAt0afg8:0,NS:GLOROU,SABE.MC
2024-06-18 00:00:00.000,"The CNMC's veto of BBVA's takeover bid for Sabadell would be an ""exceptional"" scenario.",urn:newsml:newsroom:20240619:nNRAt0a9fp:0,NS:NOTENG,SABE.MC
2024-06-17 17:57:16.081,Investors concerned as Banco de Sabadell down in recent days,urn:newsml:newsroom:20240617:nNRAszr4v4:0,NS:GLOROU,SABE.MC
2024-06-17 16:57:03.726,Investors concerned as Banco de Sabadell down in recent days,urn:newsml:newsroom:20240617:nNRAszquyi:0,NS:GLOROU,SABE.MC
2024-06-17 16:52:12.449,Can Banco de Sabadell rebound after recent dip?,urn:newsml:newsroom:20240617:nNRAszqo8q:0,NS:GLOROU,SABE.MC
2024-06-17 16:17:02.852,Banco de Sabadell (SAB: EUR1.75) offers earnings yield of 13.1%; +1c [0.6%],urn:newsml:newsroom:20240617:nNRAszpmw8:0,NS:GLOSTO,SABE.MC
2024-06-17 15:57:12.962,Investors concerned as Banco de Sabadell down in recent days,urn:newsml:newsroom:20240617:nNRAszpz5u:0,NS:GLOROU,SABE.MC
2024-06-17 15:52:15.647,Can Banco de Sabadell rebound after recent dip?,urn:newsml:newsroom:20240617:nNRAszpjng:0,NS:GLOROU,SABE.MC
2024-06-17 14:58:22.000,UPDATE 3-BBVA vows to stand by Sabadell's small business customers,urn:newsml:reuters.com:20240617:nL8N3IF0HS:1,NS:RTRS,SABE.MC
2024-06-17 14:52:10.853,Can Banco de Sabadell rebound after recent dip?,urn:newsml:newsroom:20240617:nNRAszp64d:0,NS:GLOROU,SABE.MC
2024-06-17 13:57:14.715,Investors concerned as Banco de Sabadell down in recent days,urn:newsml:newsroom:20240617:nNRAszoxto:0,NS:GLOROU,SABE.MC
2024-06-17 12:47:18.347,Can Banco de Sabadell rebound after recent dip?,urn:newsml:newsroom:20240617:nNRAszoaak:0,NS:GLOROU,SABE.MC
2024-06-17 12:47:10.619,Can Banco de Sabadell rebound after recent dip?,urn:newsml:newsroom:20240617:nNRAszmz5p:0,NS:GLOROU,SABE.MC
2024-06-17 09:59:41.000,BBVA Chairman pledges to maintain Sabadell's strong position in SMES,urn:newsml:reuters.com:20240617:nS0N3BV02I:4,NS:RTRS,SABE.MC
2024-06-17 06:12:41.000,Spanish stocks - Factors to watch on June 17,urn:newsml:reuters.com:20240617:nL8N3IF04R:1,NS:RTRS,SABE.MC
2024-06-17 05:57:02.979,Can Banco de Sabadell rebound after recent dip?,urn:newsml:newsroom:20240617:nNRAsziu0u:0,NS:GLOROU,SABE.MC
2024-06-17 00:00:00.000,"Monday June 17, 2024 Banco de Sabadell ADR Compendium - A Snapshot as of June 17",urn:newsml:newsroom:20240618:nNRAszur9k:0,NS:GLOROU,SABE.MC
2024-06-17 00:00:00.000,"Monday June 17, 2024 Banco de Sabadell ADR: How it compares to other IDRs and ADRs",urn:newsml:newsroom:20240618:nNRAszumk5:0,NS:GLOROU,SABE.MC
2024-06-16 12:07:08.887,Banco de Sabadell ADR soars 75% in 2024,urn:newsml:newsroom:20240616:nNRAszfegx:0,NS:GLOROU,SABE.MC
2024-06-16 06:07:19.516,Banco de Sabadell ADR soars 75% in 2024,urn:newsml:newsroom:20240616:nNRAszdlnx:0,NS:GLOROU,SABE.MC
2024-06-15 22:43:26.837,"Short Interest in Banco de Sabadell, S.A. (OTCMKTS:BNDSY) Decreases By 50.7%",urn:newsml:newsroom:20240615:nNRAszc9h6:0,NS:DAILYQ,SABE.MC
2024-06-15 21:05:28.382,"Banco de Sabadell, S.A. (OTCMKTS:BNDSY) Short Interest Update --",urn:link:webnews:20240615:nNRAszc87n:0,NS:WKRNEW,SABE.MC
2024-06-15 09:02:19.244,"Friday June 14, 2024 What Happened Today to the Banco de Sabadell ADR",urn:newsml:newsroom:20240615:nNRAsz8enc:0,NS:GLOROU,SABE.MC
2024-06-15 05:12:34.547,"Analysts suspend BBVA's takeover bid against Sabadell: ""It is not a good move, there are no advantages"".",urn:newsml:newsroom:20240615:nNRAsz6v4v:0,NS:NOTENG,SABE.MC
2024-06-15 05:02:11.838,"Friday June 14, 2024 What Happened Today to the Banco de Sabadell ADR",urn:newsml:newsroom:20240615:nNRAsz6nw2:0,NS:GLOROU,SABE.MC
2024-06-15 04:22:00.915,Weekly: Banco de Sabadell (SAB: EUR1.74) in bottom 2% performers of IBEX 35 Index in past week; -18c [9.4%],urn:newsml:newsroom:20240615:nNRAsz6wj2:0,NS:GLOWEE,SABE.MC
2024-06-14 17:57:13.383,Investors concerned as Banco de Sabadell down in recent days,urn:newsml:newsroom:20240614:nNRAsz2340:0,NS:GLOROU,SABE.MC
2024-06-14 16:57:03.898,Investors concerned as Banco de Sabadell down in recent days,urn:newsml:newsroom:20240614:nNRAsz15o7:0,NS:GLOROU,SABE.MC
2024-06-14 16:52:13.384,Can Banco de Sabadell rebound after recent dip?,urn:newsml:newsroom:20240614:nNRAsz1ig9:0,NS:GLOROU,SABE.MC
2024-06-14 16:39:49.000,"EXCLUSIVE-Sabadell pauses closing of Nexi deal following BBVA bid, sources say",urn:newsml:reuters.com:20240614:nL8N3IC158:1,NS:RTRS,SABE.MC
2024-06-14 16:22:26.917,Weekly: Banco de Sabadell (SAB: EUR1.74) in bottom 2% performers of IBEX 35 Index in past week; -18c [9.4%],urn:newsml:newsroom:20240614:nNRAsz0w6v:0,NS:GLOWEE,SABE.MC
2024-06-14 16:17:21.591,"Banco de Sabadell (SAB: EUR1.74) continues significant downtrend, falls 2.2%; -4c [2.2%]",urn:newsml:newsroom:20240614:nNRAsz11vc:0,NS:GLOSTO,SABE.MC
2024-06-14 15:57:14.913,Investors concerned as Banco de Sabadell down in recent days,urn:newsml:newsroom:20240614:nNRAsz0dr2:0,NS:GLOROU,SABE.MC
2024-06-14 15:52:16.814,Can Banco de Sabadell rebound after recent dip?,urn:newsml:newsroom:20240614:nNRAsz0lmj:0,NS:GLOROU,SABE.MC
2024-06-14 14:52:12.126,Can Banco de Sabadell rebound after recent dip?,urn:newsml:newsroom:20240614:nNRAsyzi2b:0,NS:GLOROU,SABE.MC
2024-06-14 13:57:21.543,Investors concerned as Banco de Sabadell down in recent days,urn:newsml:newsroom:20240614:nNRAsyypa9:0,NS:GLOROU,SABE.MC
2024-06-14 12:47:17.670,Can Banco de Sabadell rebound after recent dip?,urn:newsml:newsroom:20240614:nNRAsyxqj5:0,NS:GLOROU,SABE.MC
2024-06-14 12:47:09.476,Can Banco de Sabadell rebound after recent dip?,urn:newsml:newsroom:20240614:nNRAsyxng2:0,NS:GLOROU,SABE.MC
2024-06-14 09:07:29.979,"Thursday June 13, 2024 Banco de Sabadell ADR Compendium - A Snapshot as of June 13",urn:newsml:newsroom:20240614:nNRAsyua8m:0,NS:GLOROU,SABE.MC
2024-06-14 05:57:00.274,Can Banco de Sabadell rebound after recent dip?,urn:newsml:newsroom:20240614:nNRAsysuok:0,NS:GLOROU,SABE.MC
2024-06-14 05:13:35.367,Sabadell seeks ways to meet the dividend with the CNMV's approval,urn:newsml:newsroom:20240614:nNRAsyreff:0,NS:NOTENG,SABE.MC
2024-06-14 05:07:45.832,"Thursday June 13, 2024 Banco de Sabadell ADR Compendium - A Snapshot as of June 13",urn:newsml:newsroom:20240614:nNRAsyrhtn:0,NS:GLOROU,SABE.MC
2024-06-14 00:00:00.000,"Friday June 14, 2024 What Happened Today to the Banco de Sabadell ADR",urn:newsml:newsroom:20240615:nNRAsz5u0r:0,NS:GLOROU,SABE.MC
2024-06-14 00:00:00.000,"Weekly: Banco de Sabadell ADR (BNDSY: $3.70) tumbles 11.9%, 6 weeks' volume in a week; -50.05c [11.9%] Vol Index 6.4 [1 is avg]",urn:newsml:newsroom:20240615:nNRAsz5lvv:0,NS:GLOROU,SABE.MC
2024-06-14 00:00:00.000,Banco de Sabadell ADR soars 75% in 2024,urn:newsml:newsroom:20240615:nNRAsz5hob:0,NS:GLOROU,SABE.MC
2024-06-13 22:36:30.837,"Banco de Sabadell, S.A. (OTCMKTS:BNDSF) Short Interest Update --",urn:link:webnews:20240613:nNRAsynvyj:0,NS:WKRNEW,SABE.MC
2024-06-13 16:52:09.527,Can Banco de Sabadell rebound after recent dip?,urn:newsml:newsroom:20240613:nNRAsykzfo:0,NS:GLOROU,SABE.MC
2024-06-13 16:17:21.148,"Banco de Sabadell (SAB: EUR1.78) accelerates decline, down 6.3% in 3 days; -12c [6.3%]",urn:newsml:newsroom:20240613:nNRAsykzid:0,NS:GLOSTO,SABE.MC
2024-06-13 15:52:13.851,Can Banco de Sabadell rebound after recent dip?,urn:newsml:newsroom:20240613:nNRAsyl5m8:0,NS:GLOROU,SABE.MC
2024-06-13 14:52:09.620,Can Banco de Sabadell rebound after recent dip?,urn:newsml:newsroom:20240613:nNRAsyjmbx:0,NS:GLOROU,SABE.MC
2024-06-13 12:47:17.524,Can Banco de Sabadell rebound after recent dip?,urn:newsml:newsroom:20240613:nNRAsyhwi8:0,NS:GLOROU,SABE.MC
2024-06-13 12:47:09.117,Can Banco de Sabadell rebound after recent dip?,urn:newsml:newsroom:20240613:nNRAsyhoxh:0,NS:GLOROU,SABE.MC
2024-06-13 09:07:30.095,"Wednesday June 12, 2024 All You Need to Know About the Banco de Sabadell ADR Today",urn:newsml:newsroom:20240613:nNRAsyfwua:0,NS:GLOROU,SABE.MC
2024-06-13 07:43:07.989,"Real Estate Property Prices In Tire-2 Cities Surge By 10 To 15 Pc Y0Y; Bhopal, Nagpur And 6 Other Cities Driving The Growth --",urn:link:webnews:20240613:nNRAsyeb3h:0,NS:TIMNOW,SABE.MC
2024-06-13 05:56:57.592,Can Banco de Sabadell rebound after recent dip?,urn:newsml:newsroom:20240613:nNRAsyd5ya:0,NS:GLOROU,SABE.MC
2024-06-13 05:13:08.682,Sánchez and Erdogan with Sabadell in the background: heads and tails of BBVA's Turkish bid,urn:newsml:newsroom:20240613:nNRAsyd0in:0,NS:NOTENG,SABE.MC
2024-06-13 05:07:16.630,"Wednesday June 12, 2024 All You Need to Know About the Banco de Sabadell ADR Today",urn:newsml:newsroom:20240613:nNRAsycbq2:0,NS:GLOROU,SABE.MC
2024-06-13 00:00:00.000,"Thursday June 13, 2024 Banco de Sabadell ADR Compendium - A Snapshot as of June 13",urn:newsml:newsroom:20240614:nNRAsyoq8f:0,NS:GLOROU,SABE.MC
2024-06-13 00:00:00.000,"Banco Sabadell bets on continued growth in Mexico, launches savings account",urn:newsml:newsroom:20240614:nNRAsyom03:0,NS:NOTENG,SABE.MC
2024-06-12 16:17:23.092,Banco de Sabadell (SAB: EUR1.83) offers dividend yield of 3.3%; -4c [2.1%],urn:newsml:newsroom:20240612:nNRAsy790d:0,NS:GLOSTO,SABE.MC
2024-06-12 13:26:52.000,Santander's Botin bets on tech revamp starting with US consumer banking,urn:newsml:reuters.com:20240612:nL1N3I90AW:2,NS:RTRS,SABE.MC
2024-06-12 00:00:00.000,"Wednesday June 12, 2024 All You Need to Know About the Banco de Sabadell ADR Today",urn:newsml:newsroom:20240613:nNRAsyb6vw:0,NS:GLOROU,SABE.MC
2024-06-11 19:54:39.000,Deals of the day-Mergers and acquisitions,urn:newsml:reuters.com:20240611:nL4N3I90R4:1,NS:RTRS,SABE.MC
2024-06-11 16:17:11.719,Banco de Sabadell (SAB: EUR1.87) offers earnings yield of 12.3%; -3c [1.6%],urn:newsml:newsroom:20240611:nNRAsxtu1s:0,NS:GLOSTO,SABE.MC
2024-06-11 15:57:17.000,UPDATE 2-Spanish stock market supervisor assesses BBVA's application for $13 billion Sabadell deal,urn:newsml:reuters.com:20240611:nL1N3I90GH:3,NS:RTRS,SABE.MC
2024-06-11 11:37:52.000,Spanish supervisor starts processing BBVA's application for $13 billion Sabadell deal,urn:newsml:reuters.com:20240611:nL8N3I90M1:7,NS:RTRS,SABE.MC
2024-06-11 10:12:06.620,"The Accountant / June 11, 2024",urn:newsml:newsroom:20240611:nNRAsxphp5:0,NS:NOTENG,SABE.MC
2024-06-11 09:08:15.362,How Banco de Sabadell's Tax Rate compares to Its Peers,urn:newsml:newsroom:20240611:nNRAsxomiu:0,NS:GLOSTO,SABE.MC
2024-06-11 06:02:07.201,Monday's Preview: Can Banco de Sabadell continue its recent gains?,urn:newsml:newsroom:20240611:nNRAsxm50p:0,NS:GLOROU,SABE.MC
2024-06-11 05:02:06.434,Monday's Preview: Can Banco de Sabadell continue its recent gains?,urn:newsml:newsroom:20240611:nNRAsxl4zk:0,NS:GLOROU,SABE.MC
2024-06-10 19:53:48.000,Deals of the day-Mergers and acquisitions,urn:newsml:reuters.com:20240610:nL4N3I819T:1,NS:RTRS,SABE.MC
2024-06-10 17:57:10.800,Investors look to see if Banco de Sabadell's recent rally will continue,urn:newsml:newsroom:20240610:nNRAsxgnzp:0,NS:GLOROU,SABE.MC
2024-06-10 16:57:11.405,Investors look to see if Banco de Sabadell's recent rally will continue,urn:newsml:newsroom:20240610:nNRAsxg9yj:0,NS:GLOROU,SABE.MC
2024-06-10 16:52:10.841,Can Banco de Sabadell continue its gains?,urn:newsml:newsroom:20240610:nNRAsxg4ju:0,NS:GLOROU,SABE.MC
2024-06-10 16:17:18.518,Banco de Sabadell (SAB: EUR1.90) drops 1.0% on slipping relative strength; -2c [1.0%],urn:newsml:newsroom:20240610:nNRAsxfi9y:0,NS:GLOSTO,SABE.MC
2024-06-10 15:57:00.898,Investors look to see if Banco de Sabadell's recent rally will continue,urn:newsml:newsroom:20240610:nNRAsxfhr8:0,NS:GLOROU,SABE.MC
2024-06-10 15:52:11.356,Can Banco de Sabadell continue its gains?,urn:newsml:newsroom:20240610:nNRAsxf9cm:0,NS:GLOROU,SABE.MC
2024-06-10 14:52:07.896,Can Banco de Sabadell continue its gains?,urn:newsml:newsroom:20240610:nNRAsxesom:0,NS:GLOROU,SABE.MC
2024-06-10 14:06:48.294,Investors look to see if Banco de Sabadell's recent rally will continue,urn:newsml:newsroom:20240610:nNRAsxe2vt:0,NS:GLOROU,SABE.MC
2024-06-10 12:47:15.398,Can Banco de Sabadell continue its gains?,urn:newsml:newsroom:20240610:nNRAsxd63a:0,NS:GLOROU,SABE.MC
2024-06-10 12:13:43.600,"Carlos Torres mobilizes his shareholders before the takeover bid for Sabadell: ""They will be part of a stronger and more competitive bank"".",urn:newsml:newsroom:20240610:nNRAsxcme3:0,NS:NOTENG,SABE.MC
2024-06-10 12:11:42.618,Sabadell and Goldman initiate coverage in Puig: they recommend buying the stock,urn:newsml:newsroom:20240610:nNRAsxd7bu:0,NS:NOTENG,SABE.MC
2024-06-10 10:37:54.000,BBVA Chairman seeks to drum up shareholder support for Sabadell bid,urn:newsml:reuters.com:20240610:nL8N3I4536:7,NS:RTRS,SABE.MC
2024-06-10 09:07:07.099,Investors look to see if Banco de Sabadell's recent rally will continue,urn:newsml:newsroom:20240610:nNRAsx7vq8:0,NS:GLOROU,SABE.MC
2024-06-10 05:56:58.039,Can Banco de Sabadell continue its gains?,urn:newsml:newsroom:20240610:nNRAsx6kqp:0,NS:GLOROU,SABE.MC
2024-06-10 00:00:00.000,Monday's Preview: Can Banco de Sabadell continue its recent gains?,urn:newsml:newsroom:20240611:nNRAsxkw17:0,NS:GLOROU,SABE.MC
2024-06-10 00:00:00.000,Monday's Preview: Can Banco de Sabadell continue its recent gains?,urn:newsml:newsroom:20240611:nNRAsxkh4h:0,NS:GLOROU,SABE.MC
2024-06-08 09:02:08.396,"Friday June 07, 2024 What Happened Today to the Banco de Sabadell ADR",urn:newsml:newsroom:20240608:nNRAswub93:0,NS:GLOROU,SABE.MC
2024-06-08 05:02:04.628,"Friday June 07, 2024 What Happened Today to the Banco de Sabadell ADR",urn:newsml:newsroom:20240608:nNRAswtieu:0,NS:GLOROU,SABE.MC
2024-06-08 00:00:00.000,Weekly: Banco de Sabadell (SAB: EUR1.92) decreases 1.0% on average volume; -2c [1.0%],urn:newsml:newsroom:20240610:nNRAsxapk2:0,NS:GLOWEE,SABE.MC
2024-06-07 17:57:16.003,Investors look to see if Banco de Sabadell's recent rally will continue,urn:newsml:newsroom:20240607:nNRAswowgk:0,NS:GLOROU,SABE.MC
2024-06-07 16:57:10.887,Investors look to see if Banco de Sabadell's recent rally will continue,urn:newsml:newsroom:20240607:nNRAswoo7u:0,NS:GLOROU,SABE.MC
2024-06-07 16:52:08.345,Can Banco de Sabadell continue its gains?,urn:newsml:newsroom:20240607:nNRAswouz6:0,NS:GLOROU,SABE.MC
2024-06-07 16:22:28.562,Weekly: Banco de Sabadell (SAB: EUR1.92) decreases 1.0% on average volume; -2c [1.0%],urn:newsml:newsroom:20240607:nNRAswo3gh:0,NS:GLOWEE,SABE.MC
2024-06-07 16:17:26.136,"Banco de Sabadell (SAB: EUR1.92) keeps rising, up 3.2% in 3 days; +6c [3.2%]",urn:newsml:newsroom:20240607:nNRAswnygo:0,NS:GLOSTO,SABE.MC
2024-06-07 15:57:13.492,Investors look to see if Banco de Sabadell's recent rally will continue,urn:newsml:newsroom:20240607:nNRAswnkmf:0,NS:GLOROU,SABE.MC
2024-06-07 15:52:10.799,Can Banco de Sabadell continue its gains?,urn:newsml:newsroom:20240607:nNRAswnur4:0,NS:GLOROU,SABE.MC
2024-06-07 14:52:07.381,Can Banco de Sabadell continue its gains?,urn:newsml:newsroom:20240607:nNRAswn9mz:0,NS:GLOROU,SABE.MC
2024-06-07 13:57:16.927,Investors look to see if Banco de Sabadell's recent rally will continue,urn:newsml:newsroom:20240607:nNRAswmabn:0,NS:GLOROU,SABE.MC
2024-06-07 12:47:16.938,Can Banco de Sabadell continue its gains?,urn:newsml:newsroom:20240607:nNRAswlluk:0,NS:GLOROU,SABE.MC
2024-06-07 12:47:07.714,Can Banco de Sabadell continue its gains?,urn:newsml:newsroom:20240607:nNRAswluzk:0,NS:GLOROU,SABE.MC
2024-06-07 10:17:41.000,BREAKINGVIEWS-Spanish bank M&A lies in lap of interest-rate gods,urn:newsml:reuters.com:20240607:nL8N3I5209:2,NS:RTRS,SABE.MC
2024-06-07 09:57:58.000,"UPDATE 2-National bank mergers can pave way for cross-border deals, ECB's De Guindos says",urn:newsml:reuters.com:20240607:nL8N3I51EB:2,NS:RTRS,SABE.MC
2024-06-07 09:07:28.505,"Thursday June 06, 2024 Banco de Sabadell ADR Compendium - A Snapshot as of June 06",urn:newsml:newsroom:20240607:nNRAswixgh:0,NS:GLOROU,SABE.MC
2024-06-07 09:07:07.270,Investors look to see if Banco de Sabadell's recent rally will continue,urn:newsml:newsroom:20240607:nNRAswiudy:0,NS:GLOROU,SABE.MC
2024-06-07 07:34:33.000,"National bank mergers can be step for cross-border deals, ECB's De Guindos says",urn:newsml:reuters.com:20240607:nS0N3BV02G:3,NS:RTRS,SABE.MC
2024-06-07 05:57:13.589,Can Banco de Sabadell continue its gains?,urn:newsml:newsroom:20240607:nNRAswh779:0,NS:GLOROU,SABE.MC
2024-06-07 02:32:00.770,"González-Bueno: Banco Sabadell is committed to shareholder remuneration, supported by excellent prospects for improving its profitability",urn:newsml:newsroom:20240607:nNRAswf9lb:0,NS:INDBAN,SABE.MC
2024-06-07 00:00:00.000,"Sabadell foresees ""negative synergies"" for BBVA in the SME business",urn:newsml:newsroom:20240608:nNRAswsy5l:0,NS:NOTENG,SABE.MC
2024-06-07 00:00:00.000,"Friday June 07, 2024 What Happened Today to the Banco de Sabadell ADR",urn:newsml:newsroom:20240608:nNRAsws9ou:0,NS:GLOROU,SABE.MC
2024-06-06 16:19:51.035,Banco de Sabadell (SAB: EUR1.90) offers dividend yield of 3.2%; +3c [1.6%],urn:newsml:newsroom:20240606:nNRAswatk7:0,NS:GLOSTO,SABE.MC
2024-06-06 14:21:24.000,"Banco de Sabadell SA - González-Bueno: “Banco Sabadell is committed to shareholder returns, supported by excellent prospects for profitability improvement”",urn:newsml:reuters.com:20240606:nNDL4pn5J3:1,NS:PUBT,SABE.MC
2024-06-06 14:11:46.426,Wants Sabadell,urn:newsml:newsroom:20240606:nNRAsw7v3k:0,NS:NOTENG,SABE.MC
2024-06-06 06:02:05.050,Wednesday's Preview: Can Banco de Sabadell continue its recent gains?,urn:newsml:newsroom:20240606:nNRAsw2aji:0,NS:GLOROU,SABE.MC
2024-06-06 05:03:39.945,Wednesday's Preview: Can Banco de Sabadell continue its recent gains?,urn:newsml:newsroom:20240606:nNRAsw0ukk:0,NS:GLOROU,SABE.MC
2024-06-06 00:00:00.000,"Thursday June 06, 2024 Banco de Sabadell ADR Compendium - A Snapshot as of June 06",urn:newsml:newsroom:20240607:nNRAswff2h:0,NS:GLOROU,SABE.MC
2024-06-05 17:57:18.447,Investors look to see if Banco de Sabadell's recent rally will continue,urn:newsml:newsroom:20240605:nNRAsvviur:0,NS:GLOROU,SABE.MC
2024-06-05 16:57:06.522,Investors look to see if Banco de Sabadell's recent rally will continue,urn:newsml:newsroom:20240605:nNRAsvvqit:0,NS:GLOROU,SABE.MC
2024-06-05 16:52:09.196,Can Banco de Sabadell continue its gains?,urn:newsml:newsroom:20240605:nNRAsvvajp:0,NS:GLOROU,SABE.MC
2024-06-05 15:57:06.097,Investors look to see if Banco de Sabadell's recent rally will continue,urn:newsml:newsroom:20240605:nNRAsvu85y:0,NS:GLOROU,SABE.MC
2024-06-05 15:52:08.125,Can Banco de Sabadell continue its gains?,urn:newsml:newsroom:20240605:nNRAsvueww:0,NS:GLOROU,SABE.MC
2024-06-05 14:52:10.493,Can Banco de Sabadell continue its gains?,urn:newsml:newsroom:20240605:nNRAsvudj6:0,NS:GLOROU,SABE.MC
2024-06-05 13:57:19.684,Investors look to see if Banco de Sabadell's recent rally will continue,urn:newsml:newsroom:20240605:nNRAsvtb5l:0,NS:GLOROU,SABE.MC
2024-06-05 12:47:18.867,Can Banco de Sabadell continue its gains?,urn:newsml:newsroom:20240605:nNRAsvs0mv:0,NS:GLOROU,SABE.MC
2024-06-05 12:47:09.399,Can Banco de Sabadell continue its gains?,urn:newsml:newsroom:20240605:nNRAsvs41b:0,NS:GLOROU,SABE.MC
2024-06-05 09:41:25.000,UPDATE 1-BBVA CEO expects Mexican continuity after Sheinbaum win,urn:newsml:reuters.com:20240605:nL8N3I31UL:4,NS:RTRS,SABE.MC
2024-06-05 09:07:24.669,"Tuesday June 04, 2024 What Happened Today to the Banco de Sabadell ADR",urn:newsml:newsroom:20240605:nNRAsvq5xc:0,NS:GLOROU,SABE.MC
2024-06-05 09:07:09.682,Investors look to see if Banco de Sabadell's recent rally will continue,urn:newsml:newsroom:20240605:nNRAsvq4s5:0,NS:GLOROU,SABE.MC
2024-06-05 06:13:11.853,These two BlackRock women could tip the balance in BBVA's takeover bid for Sabadell,urn:newsml:newsroom:20240605:nNRAsvokgu:0,NS:NOTENG,SABE.MC
2024-06-05 05:56:59.487,Can Banco de Sabadell continue its gains?,urn:newsml:newsroom:20240605:nNRAsvokac:0,NS:GLOROU,SABE.MC
2024-06-05 05:07:13.349,"Tuesday June 04, 2024 What Happened Today to the Banco de Sabadell ADR",urn:newsml:newsroom:20240605:nNRAsvnc0z:0,NS:GLOROU,SABE.MC
2024-06-05 00:00:00.000,Wednesday's Preview: Can Banco de Sabadell continue its recent gains?,urn:newsml:newsroom:20240606:nNRAsw0wk6:0,NS:GLOROU,SABE.MC
2024-06-05 00:00:00.000,Wednesday's Preview: Can Banco de Sabadell continue its recent gains?,urn:newsml:newsroom:20240606:nNRAsw0dlg:0,NS:GLOROU,SABE.MC
2024-06-04 17:54:40.000,"UPDATE 1-Spain's BBVA seeks ECB go-ahead for Sabadell hostile bid, source says",urn:newsml:reuters.com:20240604:nL8N3I258J:1,NS:RTRS,SABE.MC
2024-06-04 12:50:02.036,Can Banco de Sabadell rebound after recent dip?,urn:newsml:newsroom:20240604:nNRAsvfjw6:0,NS:GLOROU,SABE.MC
2024-06-04 09:07:23.416,"Monday June 03, 2024 Banco de Sabadell ADR Compendium - A Snapshot as of June 03",urn:newsml:newsroom:20240604:nNRAsvboc1:0,NS:GLOROU,SABE.MC
2024-06-04 09:07:09.153,Investors concerned as Banco de Sabadell down in recent days,urn:newsml:newsroom:20240604:nNRAsvbrup:0,NS:GLOROU,SABE.MC
2024-06-04 07:20:11.000,Spain's anti-trust watchdog: BBVA requests authorisation to take over Sabadell,urn:newsml:reuters.com:20240604:nS8N3GL00Z:5,NS:RTRS,SABE.MC
2024-06-04 05:07:25.255,"Monday June 03, 2024 Banco de Sabadell ADR Compendium - A Snapshot as of June 03",urn:newsml:newsroom:20240604:nNRAsv9elt:0,NS:GLOROU,SABE.MC
2024-06-04 02:33:12.909,"Spain : BBVA convenes a shareholders? meeting to increase capital, thus moving forward with Banco Sabadell?s offer",urn:newsml:reuters.com:20240604:nNRAsv7pb5:1,NS:ECLPCM,SABE.MC
2024-06-04 00:00:00.000,"Tuesday June 04, 2024 What Happened Today to the Banco de Sabadell ADR",urn:newsml:newsroom:20240605:nNRAsvlekz:0,NS:GLOROU,SABE.MC
2024-06-03 00:00:00.000,"Monday June 03, 2024 Banco de Sabadell ADR Compendium - A Snapshot as of June 03",urn:newsml:newsroom:20240604:nNRAsv7zcd:0,NS:GLOROU,SABE.MC
2024-05-31 13:56:37.000,"Rerating, excess capital and Macron aid bank M&A",urn:newsml:reuters.com:20240531:nIfpYjzb1:1,NS:IFR,SABE.MC
2024-05-31 12:12:23.072,BBVA convenes extraordinary meeting on July 5 to increase capital and address the takeover bid for Banco Sabadell,urn:newsml:newsroom:20240531:nNRAsu251d:0,NS:NOTENG,SABE.MC
2024-05-31 10:37:08.125,"FY2023 Annual Report: Banco de Sabadell EPS Growth slows to 64% Corporate Wire Date: 31 May 2024 10:36 CEST Release Date: May 22, 2024",urn:newsml:newsroom:20240531:nNRAsu0qgy:0,NS:GLOUPF,SABE.MC
2024-05-31 09:02:10.952,"Thursday May 30, 2024 Banco de Sabadell ADR Compendium - A Snapshot as of May 30",urn:newsml:newsroom:20240531:nNRAsu0dzy:0,NS:GLOROU,SABE.MC
2024-05-31 08:57:37.443,"Quarterly Report Analysis Q1 2024: Banco de Sabadell reports Net Profit of EUR308m ($333m) Friday May 31, 2024 10:53 CEST",urn:newsml:newsroom:20240531:nNRAstz9cf:0,NS:NEWWIR,SABE.MC
2024-05-31 08:00:05.000,BBVA sets July 5 for vote on share issue to fund Sabadell bid,urn:newsml:reuters.com:20240531:nL8N3HY1CQ:2,NS:RTRS,SABE.MC
2024-05-31 06:13:08.380,Sabadell launches commercial offensive to boost its business in the midst of a takeover bid,urn:newsml:newsroom:20240531:nNRAstxlmi:0,NS:NOTENG,SABE.MC
2024-05-31 05:02:13.169,"Thursday May 30, 2024 Banco de Sabadell ADR Compendium - A Snapshot as of May 30",urn:newsml:newsroom:20240531:nNRAstxcm7:0,NS:GLOROU,SABE.MC
2024-05-30 16:17:19.396,Banco de Sabadell (SAB: EUR1.94) offers earnings yield of 6.7%; +4c [2.1%],urn:newsml:newsroom:20240530:nNRAstrwuk:0,NS:GLOSTO,SABE.MC
2024-05-30 14:13:42.648,Sabadell continues with its non-BBVA business and opens a branch for international customers in Madrid,urn:newsml:newsroom:20240530:nNRAstpryi:0,NS:NOTENG,SABE.MC
2024-05-30 00:00:00.000,Fitch Upgrades Sabadell to 'BBB'; Outlook Stable,urn:newsml:newsroom:20240601:nNRAsugn8t:0,NS:PLUCOM,SABE.MC
2024-05-30 00:00:00.000,Banco Sabadell changes its Redeia recommendation from a 'sell' to a 'buy'.,urn:newsml:newsroom:20240531:nNRAstx1td:0,NS:NOTENG,SABE.MC
2024-05-30 00:00:00.000,"Thursday May 30, 2024 Banco de Sabadell ADR Compendium - A Snapshot as of May 30",urn:newsml:newsroom:20240531:nNRAstvjgp:0,NS:GLOROU,SABE.MC
2024-05-29 20:07:13.000,Deals of the day-Mergers and acquisitions,urn:newsml:reuters.com:20240529:nL4N3HW45G:1,NS:RTRS,SABE.MC
2024-05-29 16:20:46.608,Banco de Sabadell (SAB: EUR1.90) offers dividend yield of 3.2%; -2c [1.0%],urn:newsml:newsroom:20240529:nNRAstef6n:0,NS:GLOSTO,SABE.MC
2024-05-29 14:11:56.000,"UPDATE 2-Sabadell rules out M&A defence against BBVA bid, CEO says",urn:newsml:reuters.com:20240529:nL1N3HW135:2,NS:RTRS,SABE.MC
2024-05-29 14:11:24.019,Banco de Sabadell (OTCMKTS:BNDSY) Stock Price Up 0.1%,urn:newsml:newsroom:20240529:nNRAstctpu:0,NS:AMEBAN,SABE.MC
2024-05-29 13:43:46.000,Deals of the day-Mergers and acquisitions,urn:newsml:reuters.com:20240529:nL4N3HW2ZA:1,NS:RTRS,SABE.MC
2024-05-29 12:10:41.000,Sabadell CEO rules out M&A defence against BBVA bid,urn:newsml:reuters.com:20240529:nL1N3HW0Q1:6,NS:RTRS,SABE.MC
2024-05-29 06:41:16.000,Spanish stocks - Factors to watch on May 29,urn:newsml:reuters.com:20240529:nL8N3HW12D:1,NS:RTRS,SABE.MC
2024-05-29 06:30:00.000,Fitch Upgrades Sabadell to 'BBB'; Outlook Stable,urn:newsml:newsroom:20240610:nNRAsxdy5e:0,NS:INDBAN,SABE.MC
2024-05-28 17:13:58.192,"Oliu assures shareholders that BBVA's takeover bid undervalues Sabadell ""significantly"".",urn:newsml:newsroom:20240528:nNRAst1kwo:0,NS:NOTENG,SABE.MC
2024-05-28 16:17:15.360,Two-bagger Banco de Sabadell (SAB: EUR1.92) increases; +1c [0.5%],urn:newsml:newsroom:20240528:nNRAst06p1:0,NS:GLOSTO,SABE.MC
2024-05-28 16:09:36.000,UPDATE 2-Sabadell pursues retail investors after BBVA bid turns hostile,urn:newsml:reuters.com:20240528:nL1N3HV0S2:1,NS:RTRS,SABE.MC
2024-05-28 12:58:25.041,Alphabet Inc. (NASDAQ:GOOGL) Position Raised by Banco de Sabadell S.A,urn:newsml:newsroom:20240528:nNRAssy23q:0,NS:ZOLCOM,SABE.MC
2024-05-28 11:49:16.000,Sabadell tells shareholders that BBVA bid process may last until 2025,urn:newsml:reuters.com:20240528:nL8N3HV30T:4,NS:RTRS,SABE.MC
2024-05-28 11:37:09.677,Two-bagger Banco de Sabadell ADR (BNDSY: $4.07) increases 1.0%; +4c [1.0%],urn:newsml:newsroom:20240528:nNRAsswt8u:0,NS:GLOROU,SABE.MC
2024-05-28 06:37:16.409,Two-bagger Banco de Sabadell ADR (BNDSY: $4.07) increases 1.0%; +4c [1.0%],urn:newsml:newsroom:20240528:nNRAssuqun:0,NS:GLOROU,SABE.MC
2024-05-28 05:52:14.653,Banco de Sabadell (OTCMKTS:BNDSY) Shares Up 0.1%,urn:newsml:newsroom:20240528:nNRAssrydf:0,NS:ZOLCOM,SABE.MC
2024-05-28 05:48:20.744,Banco de Sabadell (OTCMKTS:BNDSY) Trading 0.1% Higher,urn:newsml:newsroom:20240528:nNRAsssy34:0,NS:TICREP,SABE.MC
2024-05-28 00:00:00.000,Two-bagger Banco de Sabadell ADR (BNDSY: $4.07) increases 1.0%; +4c [1.0%],urn:newsml:newsroom:20240603:nNRAsuxuoc:0,NS:GLOROU,SABE.MC
2024-05-25 22:12:56.004,Banco de Sabadell S.A Sells 943 Shares of JPMorgan Chase & Co. (NYSE:JPM),urn:newsml:newsroom:20240525:nNRAss6tz3:0,NS:MARDAJ,SABE.MC
2024-05-25 22:11:57.297,JPMorgan Chase & Co. (NYSE:JPM) is Banco de Sabadell S.A's 7th Largest Position,urn:newsml:newsroom:20240525:nNRAss8bz8:0,NS:TRADAJ,SABE.MC
2024-05-25 08:57:05.965,"Friday May 24, 2024 What Happened Today to the Banco de Sabadell ADR",urn:newsml:newsroom:20240525:nNRAss34f2:0,NS:GLOROU,SABE.MC
2024-05-25 04:57:04.689,"Friday May 24, 2024 What Happened Today to the Banco de Sabadell ADR",urn:newsml:newsroom:20240525:nNRAss1u6i:0,NS:GLOROU,SABE.MC
2024-05-24 19:49:21.000,Deals of the day-Mergers and acquisitions,urn:newsml:reuters.com:20240524:nL4N3HR30X:1,NS:RTRS,SABE.MC
2024-05-24 18:17:34.000,Spanish bank BBVA seeks authorisation of hostile takeover bid for Sabadell,urn:newsml:reuters.com:20240524:nL8N3HR505:3,NS:RTRS,SABE.MC
2024-05-24 16:22:24.847,Weekly: Banco de Sabadell (SAB: EUR1.91) up 2.1% in 2 weeks; +2c [1.1%],urn:newsml:newsroom:20240524:nNRAsrwf4e:0,NS:GLOWEE,SABE.MC
2024-05-24 16:17:15.787,Banco de Sabadell (SAB: EUR1.91) offers dividend yield of 3.1%; -2c [1.0%],urn:newsml:newsroom:20240524:nNRAsrwiw7:0,NS:GLOSTO,SABE.MC
2024-05-24 00:00:00.000,Two-bagger Banco de Sabadell ADR (BNDSY: $4.07) increases 1.0%; +4c [1.0%],urn:newsml:newsroom:20240525:nNRAss0vp3:0,NS:GLOROU,SABE.MC
2024-05-24 00:00:00.000,"Friday May 24, 2024 What Happened Today to the Banco de Sabadell ADR",urn:newsml:newsroom:20240525:nNRAss0q8c:0,NS:GLOROU,SABE.MC
2024-05-23 17:12:03.843,Banc Sabadell warns of negative effects on its daily business as a result of the takeover bid,urn:newsml:newsroom:20240523:nNRAsrgalu:0,NS:NOTENG,SABE.MC
2024-05-23 16:12:19.190,Corps warns of the negative effects of a BBVA-Sabadell merger for Catalonia,urn:newsml:newsroom:20240523:nNRAsrf72i:0,NS:NOTENG,SABE.MC
2024-05-23 14:35:27.000,Banco de Sabadell SA - Registration Document 2024 (Spanish version),urn:newsml:reuters.com:20240523:nNDL8qKTZ7:1,NS:PUBT,SABE.MC
2024-05-23 09:37:25.637,Banco de Sabadell : Outlook,urn:newsml:newsroom:20240523:nNRAsr8l2w:0,NS:NEWWIR,SABE.MC
2024-05-23 02:44:11.139,Banco de Sabadell S.A Sells 74 Shares of Eli Lilly and Company (NYSE:LLY),urn:newsml:newsroom:20240523:nNRAsr18bz:0,NS:WATNEW,SABE.MC
2024-05-23 02:44:02.742,"Banco de Sabadell S.A Acquires 720 Shares of NIKE, Inc. (NYSE:NKE)",urn:newsml:newsroom:20240523:nNRAsr17ka:0,NS:WATNEW,SABE.MC
2024-05-23 02:18:17.364,Banco de Sabadell S.A Boosts Stake in Accenture plc (NYSE:ACN),urn:newsml:newsroom:20240523:nNRAsqz34z:0,NS:WATNEW,SABE.MC
2024-05-23 02:15:40.785,Caterpillar Inc. (NYSE:CAT) Stock Holdings Lessened by Banco de Sabadell S.A,urn:newsml:newsroom:20240523:nNRAsr0q9p:0,NS:STOOBS,SABE.MC
2024-05-23 02:15:12.593,Banco de Sabadell S.A Has $2.24 Million Stock Position in Target Co. (NYSE:TGT),urn:newsml:newsroom:20240523:nNRAsr1hf4:0,NS:STOOBS,SABE.MC
2024-05-23 02:15:07.099,Eaton Co. plc (NYSE:ETN) Shares Sold by Banco de Sabadell S.A,urn:newsml:newsroom:20240523:nNRAsqzjoc:0,NS:STOOBS,SABE.MC
2024-05-23 02:14:50.555,Banco de Sabadell S.A Has $2.14 Million Position in Union Pacific Co. (NYSE:UNP),urn:newsml:newsroom:20240523:nNRAsr0odp:0,NS:STOOBS,SABE.MC
2024-05-23 02:14:42.222,Wells Fargo & Company (NYSE:WFC) Shares Sold by Banco de Sabadell S.A,urn:newsml:newsroom:20240523:nNRAsqztet:0,NS:COMFIN,SABE.MC
2024-05-23 02:14:38.009,Banco de Sabadell S.A Has $1.14 Million Stock Position in Texas Instruments Incorporated (NASDAQ:TXN),urn:newsml:newsroom:20240523:nNRAsr1b6v:0,NS:COMFIN,SABE.MC
2024-05-23 02:14:28.761,Accenture plc (NYSE:ACN) Shares Purchased by Banco de Sabadell S.A,urn:newsml:newsroom:20240523:nNRAsqz7dk:0,NS:COMFIN,SABE.MC
2024-05-23 02:14:06.502,3M (NYSE:MMM) Shares Bought by Banco de Sabadell S.A,urn:newsml:newsroom:20240523:nNRAsr0q8w:0,NS:COMFIN,SABE.MC
2024-05-23 02:13:07.426,"NIKE, Inc. (NYSE:NKE) Position Increased by Banco de Sabadell S.A",urn:newsml:newsroom:20240523:nNRAsqzjnx:0,NS:COMFIN,SABE.MC
2024-05-23 01:53:53.292,Caterpillar Inc. (NYSE:CAT) Stock Holdings Lessened by Banco de Sabadell S.A,urn:newsml:newsroom:20240523:nNRAsqzltm:0,NS:WATNEW,SABE.MC
2024-05-23 01:48:16.303,Banco de Sabadell S.A Reduces Holdings in Texas Instruments Incorporated (NASDAQ:TXN),urn:newsml:newsroom:20240523:nNRAsqzlt5:0,NS:WATNEW,SABE.MC
2024-05-23 01:47:14.084,Banco de Sabadell S.A Has $2.14 Million Position in Union Pacific Co. (NYSE:UNP),urn:newsml:newsroom:20240523:nNRAsr0amz:0,NS:WATNEW,SABE.MC
2024-05-23 01:18:10.884,"Banco de Sabadell S.A Has $147,000 Stock Holdings in Tesla, Inc. (NASDAQ:TSLA)",urn:newsml:newsroom:20240523:nNRAsqzzad:0,NS:WATNEW,SABE.MC
2024-05-23 01:17:18.848,"Cisco Systems, Inc. (NASDAQ:CSCO) Shares Bought by Banco de Sabadell S.A",urn:newsml:newsroom:20240523:nNRAsr0lcs:0,NS:STOOBS,SABE.MC
2024-05-23 01:11:13.210,Banco de Sabadell S.A Has $2.67 Million Holdings in Bank of America Co. (NYSE:BAC),urn:newsml:newsroom:20240523:nNRAsqzhv6:0,NS:STOOBS,SABE.MC
2024-05-23 01:11:10.239,Banco de Sabadell S.A Acquires 537 Shares of Valero Energy Co. (NYSE:VLO),urn:newsml:newsroom:20240523:nNRAsqza55:0,NS:STOOBS,SABE.MC
2024-05-23 01:10:53.424,Banco de Sabadell S.A Grows Stock Holdings in Medtronic plc (NYSE:MDT),urn:newsml:newsroom:20240523:nNRAsr0w5h:0,NS:STOOBS,SABE.MC
2024-05-23 01:10:23.536,Banco de Sabadell S.A Cuts Position in Sysco Co. (NYSE:SYY),urn:newsml:newsroom:20240523:nNRAsr0ifd:0,NS:STOOBS,SABE.MC
2024-05-23 01:10:22.515,"Banco de Sabadell S.A Increases Stock Position in L3Harris Technologies, Inc. (NYSE:LHX)",urn:newsml:newsroom:20240523:nNRAsr0lau:0,NS:STOOBS,SABE.MC
2024-05-23 01:10:12.892,Banco de Sabadell S.A Lowers Stake in Alphabet Inc. (NASDAQ:GOOG),urn:newsml:newsroom:20240523:nNRAsqz4i9:0,NS:STOOBS,SABE.MC
2024-05-23 01:10:10.309,"Banco de Sabadell S.A Purchases 34,845 Shares of Pfizer Inc. (NYSE:PFE)",urn:newsml:newsroom:20240523:nNRAsqz75f:0,NS:COMFIN,SABE.MC
2024-05-23 01:10:07.707,"Banco de Sabadell S.A Purchases 2,227 Shares of CSX Co. (NASDAQ:CSX)",urn:newsml:newsroom:20240523:nNRAsqz59f:0,NS:COMFIN,SABE.MC
2024-05-23 01:09:38.136,Banco de Sabadell S.A Takes Position in ASML Holding (NASDAQ:ASML),urn:newsml:newsroom:20240523:nNRAsqzsih:0,NS:COMFIN,SABE.MC
2024-05-23 01:09:28.778,"Banco de Sabadell S.A Acquires 53 Shares of BlackRock, Inc. (NYSE:BLK)",urn:newsml:newsroom:20240523:nNRAsr0w4y:0,NS:COMFIN,SABE.MC
2024-05-23 01:09:24.503,"Analog Devices, Inc. (NASDAQ:ADI) Shares Sold by Banco de Sabadell S.A",urn:newsml:newsroom:20240523:nNRAsqzbha:0,NS:COMFIN,SABE.MC
2024-05-23 01:09:23.150,CSX Co. (NASDAQ:CSX) Stake Boosted by Banco de Sabadell S.A,urn:newsml:newsroom:20240523:nNRAsr0if6:0,NS:WATNEW,SABE.MC
2024-05-23 01:09:17.554,"Cisco Systems, Inc. (NASDAQ:CSCO) Shares Bought by Banco de Sabadell S.A",urn:newsml:newsroom:20240523:nNRAsqzudn:0,NS:WATNEW,SABE.MC
2024-05-23 01:09:14.090,Banco de Sabadell S.A Lowers Stake in Alphabet Inc. (NASDAQ:GOOG),urn:newsml:newsroom:20240523:nNRAsr0ark:0,NS:WATNEW,SABE.MC
2024-05-23 01:09:13.606,"Banco de Sabadell S.A Acquires 53 Shares of BlackRock, Inc. (NYSE:BLK)",urn:newsml:newsroom:20240523:nNRAsr0w4t:0,NS:WATNEW,SABE.MC
2024-05-23 01:09:09.573,Pfizer Inc. (NYSE:PFE) Shares Bought by Banco de Sabadell S.A,urn:newsml:newsroom:20240523:nNRAsr0w4q:0,NS:WATNEW,SABE.MC
2024-05-23 00:47:30.218,"Banco de Sabadell S.A Has $97,000 Stock Holdings in Micron Technology, Inc. (NASDAQ:MU)",urn:newsml:newsroom:20240523:nNRAsr0f9k:0,NS:WATNEW,SABE.MC
2024-05-22 16:17:16.807,"Banco de Sabadell (SAB: EUR1.93) accelerates rise, up 2.1% in 2 days; +4c [2.1%] Vol Index 1.4 [1 is avg]",urn:newsml:newsroom:20240522:nNRAsqtevm:0,NS:GLOSTO,SABE.MC
2024-05-22 15:07:50.460,How Banco de Sabadell's Tax Rate compares to Its Peers,urn:newsml:newsroom:20240522:nNRAsqsh2w:0,NS:GLOSTO,SABE.MC
2024-05-21 16:17:29.479,"Banco de Sabadell (SAB: EUR1.90) increases, 2 days' volume in a day; +1c [0.5%] Vol Index 1.6 [1 is avg]",urn:newsml:newsroom:20240521:nNRAsqdxnb:0,NS:GLOSTO,SABE.MC
2024-05-21 12:27:34.000,LIVE MARKETS-More to come from Spanish banks - DB,urn:newsml:reuters.com:20240521:nL8N3HO3LY:1,NS:RTRS,SABE.MC
2024-05-21 08:56:57.214,"Monday May 20, 2024 Banco de Sabadell ADR Compendium - A Snapshot as of May 20",urn:newsml:newsroom:20240521:nNRAsq6pje:0,NS:GLOROU,SABE.MC
2024-05-21 06:08:57.974,How Banco de Sabadell's Tax Rate compares to Its Peers,urn:newsml:newsroom:20240521:nNRAsq4v3x:0,NS:GLOSTO,SABE.MC
2024-05-21 04:56:57.947,"Monday May 20, 2024 Banco de Sabadell ADR Compendium - A Snapshot as of May 20",urn:newsml:newsroom:20240521:nNRAsq3x3l:0,NS:GLOROU,SABE.MC
2024-05-20 21:41:38.875,Mexico analyzes a tax on banks that could halt BBVA's takeover bid for Sabadell,urn:newsml:newsroom:20240520:nNRAsq0c21:0,NS:CENAFT,SABE.MC
2024-05-20 12:37:13.174,Weekly: Banco de Sabadell ADR (BNDSY: $4.03) increases 1.8% on strong volume; +7c [1.8%] Vol Index 2.7 [1 is avg],urn:newsml:newsroom:20240520:nNRAspu9mi:0,NS:GLOROU,SABE.MC
2024-05-20 11:37:12.920,Weekly: Banco de Sabadell ADR (BNDSY: $4.03) increases 1.8% on strong volume; +7c [1.8%] Vol Index 2.7 [1 is avg],urn:newsml:newsroom:20240520:nNRAspt69q:0,NS:GLOROU,SABE.MC
2024-05-20 10:54:05.647,Weekly: Banco de Sabadell ADR (BNDSY: $4.03) increases 1.8% on strong volume; +7c [1.8%] Vol Index 2.7 [1 is avg],urn:newsml:newsroom:20240520:nNRAspt1a0:0,NS:GLOROU,SABE.MC
2024-05-20 06:37:17.633,Weekly: Banco de Sabadell ADR (BNDSY: $4.03) increases 1.8% on strong volume; +7c [1.8%] Vol Index 2.7 [1 is avg],urn:newsml:newsroom:20240520:nNRAspqhie:0,NS:GLOROU,SABE.MC
2024-05-20 06:14:04.000,Spanish stocks - Factors to watch on May 20,urn:newsml:reuters.com:20240520:nL8N3HN0WX:1,NS:RTRS,SABE.MC
2024-05-20 05:13:06.140,The Achilles' heel of BBVA's takeover bid for Sabadell: a figure that calls the merger into question,urn:newsml:newsroom:20240520:nNRAspptz4:0,NS:NOTENG,SABE.MC
2024-05-20 00:00:00.000,"Monday May 20, 2024 Banco de Sabadell ADR Compendium - A Snapshot as of May 20",urn:newsml:newsroom:20240521:nNRAsq1v6q:0,NS:GLOROU,SABE.MC
2024-05-18 08:57:13.276,"Friday May 17, 2024 What Happened Today to the Banco de Sabadell ADR",urn:newsml:newsroom:20240518:nNRAspcnh2:0,NS:GLOROU,SABE.MC
2024-05-18 04:57:05.917,"Friday May 17, 2024 What Happened Today to the Banco de Sabadell ADR",urn:newsml:newsroom:20240518:nNRAspauva:0,NS:GLOROU,SABE.MC
2024-05-18 04:21:55.351,Two-bagger Banco de Sabadell (SAB: EUR1.89) increases 1.1%; +2c [1.1%] Vol Index 1.3 [1 is avg],urn:newsml:newsroom:20240518:nNRAspb2pb:0,NS:GLOWEE,SABE.MC
2024-05-17 16:42:29.266,Two-bagger Banco de Sabadell (SAB: EUR1.89) lifts 1.6% on average volume; +3c [1.6%],urn:newsml:newsroom:20240517:nNRAsp6yqu:0,NS:GLOSTO,SABE.MC
2024-05-17 16:42:08.036,Two-bagger Banco de Sabadell (SAB: EUR1.89) increases 1.1%; +2c [1.1%] Vol Index 1.3 [1 is avg],urn:newsml:newsroom:20240517:nNRAsp6iir:0,NS:GLOWEE,SABE.MC
2024-05-17 08:57:12.109,"Thursday May 16, 2024 Banco de Sabadell ADR Compendium - A Snapshot as of May 16",urn:newsml:newsroom:20240517:nNRAsoxcz6:0,NS:GLOROU,SABE.MC
2024-05-17 04:57:02.663,"Thursday May 16, 2024 Banco de Sabadell ADR Compendium - A Snapshot as of May 16",urn:newsml:newsroom:20240517:nNRAsoui8b:0,NS:GLOROU,SABE.MC
2024-05-17 00:17:05.639,Friday's Preview: Can Banco de Sabadell rebound after being down?,urn:newsml:newsroom:20240517:nNRAsos6kh:0,NS:GLOSTO,SABE.MC
2024-05-17 00:00:00.000,"Friday May 17, 2024 What Happened Today to the Banco de Sabadell ADR",urn:newsml:newsroom:20240518:nNRAspa63z:0,NS:GLOROU,SABE.MC
2024-05-17 00:00:00.000,Weekly: Banco de Sabadell ADR (BNDSY: $4.03) increases 1.8% on strong volume; +7c [1.8%] Vol Index 2.7 [1 is avg],urn:newsml:newsroom:20240518:nNRAsp9oom:0,NS:GLOROU,SABE.MC
2024-05-16 21:12:16.779,"Sabadell insists that BBVA is not telling the truth: ""The merger proposal arrived without negotiation"".",urn:newsml:newsroom:20240516:nNRAsorccf:0,NS:NOTENG,SABE.MC
2024-05-16 16:53:05.846,Fitch Ratings: Spanish Banks Have Headroom to Withstand Countercyclical Buffer Impact,urn:newsml:reuters.com:20240516:nFIT8y68ZV:1,NS:FCH,SABE.MC
2024-05-16 16:17:22.628,Banco de Sabadell (SAB: EUR1.86) drops 2.1% on increasing volatility; -4c [2.1%],urn:newsml:newsroom:20240516:nNRAsomsr1:0,NS:GLOSTO,SABE.MC
2024-05-16 15:18:18.000,"UPDATE 3-Sabadell rejected BBVA bid over capital impact, costs savings, CEO says",urn:newsml:reuters.com:20240516:nL8N3HJ428:1,NS:RTRS,SABE.MC
2024-05-16 14:13:19.728,César González-Bueno (Sabadell) assures that BBVA underestimates the cost of the merger,urn:newsml:newsroom:20240516:nNRAsokzsq:0,NS:NOTENG,SABE.MC
2024-05-16 13:47:46.000,Deals of the day-Mergers and acquisitions,urn:newsml:reuters.com:20240516:nL4N3HJ39F:1,NS:RTRS,SABE.MC
2024-05-16 11:05:11.000,Spain's Sabadell CEO says Spanish takeover law limits what can be done,urn:newsml:reuters.com:20240516:nS0N3BV01Y:2,NS:RTRS,SABE.MC
2024-05-16 00:00:00.000,"Thursday May 16, 2024 Banco de Sabadell ADR Compendium - A Snapshot as of May 16",urn:newsml:newsroom:20240517:nNRAsota9s:0,NS:GLOROU,SABE.MC
2024-05-15 18:17:48.140,Banco de Sabadell files SEC Form 13F: Q1 2024 - Assets Under Management as reported: up 1.9% in the past quarter Corporate Wire Date: Wednesday May...,urn:newsml:newsroom:20240515:nNRAsoa3cy:0,NS:GLOUPI,SABE.MC
2024-05-15 16:17:21.593,Banco de Sabadell (SAB: EUR1.90) lifts 1.6% on rising relative strength; +3c [1.6%],urn:newsml:newsroom:20240515:nNRAso7p10:0,NS:GLOSTO,SABE.MC
2024-05-15 08:57:18.011,"Tuesday May 14, 2024 What Happened Today to the Banco de Sabadell ADR",urn:newsml:newsroom:20240515:nNRAso2zqq:0,NS:GLOROU,SABE.MC
2024-05-15 06:52:25.000,Spanish stocks - Factors to watch on May 15,urn:newsml:reuters.com:20240515:nL8N3HI1RA:1,NS:RTRS,SABE.MC
2024-05-15 05:29:28.630,"Tuesday May 14, 2024 What Happened Today to the Banco de Sabadell ADR",urn:newsml:newsroom:20240515:nNRAso0vsy:0,NS:GLOROU,SABE.MC
2024-05-14 23:07:07.388,"In Spain, Sabadell suspends share buyback after BBVA takeover approach",urn:newsml:newsroom:20240514:nNRAsnv17h:0,NS:NOTENG,SABE.MC
2024-05-14 14:23:23.000,BNP Paribas CEO dampens hopes for European bank M&A revival,urn:newsml:reuters.com:20240514:nL8N3HH59F:2,NS:RTRS,SABE.MC
2024-05-14 12:33:09.094,"Monday May 13, 2024 Banco de Sabadell ADR Compendium - A Snapshot as of May 13",urn:newsml:newsroom:20240514:nNRAsnokfs:0,NS:GLOROU,SABE.MC
2024-05-14 08:36:23.619,"Monday May 13, 2024 Banco de Sabadell ADR Compendium - A Snapshot as of May 13",urn:newsml:newsroom:20240514:nNRAsnmmhm:0,NS:GLOROU,SABE.MC
2024-05-14 04:00:00.000,Mexico Banking 14 May 24,urn:newsml:newsroom:20240516:nNRAsolcy1:0,NS:INDSNA,SABE.MC
2024-05-14 00:00:00.000,"Tuesday May 14, 2024 What Happened Today to the Banco de Sabadell ADR",urn:newsml:newsroom:20240515:nNRAsnva2q:0,NS:GLOROU,SABE.MC
2024-05-13 23:13:30.756,CNMV asks Sabadell to suspend its share buyback due to BBVA's hostile takeover bid,urn:newsml:newsroom:20240513:nNRAsng24s:0,NS:NOTENG,SABE.MC
2024-05-13 19:40:58.755,S&P: BBVA's takeover bid for Sabadell,urn:newsml:newsroom:20240513:nNRAsnejc9:0,NS:CENAFT,SABE.MC
2024-05-13 17:12:34.836,"BBVA could only improve its offer for Sabadell if it sells TSB, says Barclays",urn:newsml:newsroom:20240513:nNRAsncxwl:0,NS:NOTENG,SABE.MC
2024-05-13 12:12:31.983,Barclays opens the door for BBVA to improve its offer for Sabadell if it then sells TSB,urn:newsml:newsroom:20240513:nNRAsn8ru5:0,NS:NOTENG,SABE.MC
2024-05-13 00:16:21.216,Can Banco de Sabadell continue its gains?,urn:newsml:newsroom:20240513:nNRAsn24w6:0,NS:GLOSTO,SABE.MC
2024-05-13 00:00:00.000,"Monday May 13, 2024 Banco de Sabadell ADR Compendium - A Snapshot as of May 13",urn:newsml:newsroom:20240515:nNRAsny62k:0,NS:GLOROU,SABE.MC
2024-05-11 21:12:23.639,"Sabadell minority shareholders call for ""resisting and not selling"" to BBVA",urn:newsml:newsroom:20240511:nNRAsmw92o:0,NS:NOTENG,SABE.MC
2024-05-11 20:46:59.591,Spain: Spanish government rejects new BBVA bid to win over Sabadell shareholders,urn:newsml:newsroom:20240511:nNRAsmwuxn:0,NS:THANEW,SABE.MC
2024-05-11 16:11:21.844,"Sabadell minority shareholders call for ""resisting and not selling"" to BBVA",urn:newsml:newsroom:20240511:nNRAsmvko0:0,NS:NOTENG,SABE.MC
2024-05-11 08:57:21.736,"Friday May 10, 2024 What Happened Today to the Banco de Sabadell ADR",urn:newsml:newsroom:20240511:nNRAsmsve9:0,NS:GLOROU,SABE.MC
2024-05-11 07:13:12.919,Torres can only win or leave if BBVA and Sabadell do not break the stalemate.,urn:newsml:newsroom:20240511:nNRAsmt00p:0,NS:NOTENG,SABE.MC
2024-05-11 04:57:10.984,"Friday May 10, 2024 What Happened Today to the Banco de Sabadell ADR",urn:newsml:newsroom:20240511:nNRAsmrar0:0,NS:GLOROU,SABE.MC
2024-05-11 04:21:57.513,Weekly: Banco de Sabadell (SAB: EUR1.87) decreases 1.1% on high volume; -2c [1.1%] Vol Index 1.9 [1 is avg],urn:newsml:newsroom:20240511:nNRAsmquam:0,NS:GLOWEE,SABE.MC
2024-05-11 00:00:00.000,BBVA presents offer to Banco Sabadell shareholders,urn:newsml:newsroom:20240513:nNRAsnandi:0,NS:PLUCOM,SABE.MC
2024-05-11 00:00:00.000,Heightened Execution Risks from BBVA's Announced Takeover Bid for Sabadell,urn:newsml:newsroom:20240512:nNRAsn1idj:0,NS:PLUCOM,SABE.MC
2024-05-10 19:26:56.884,"May 09, 2024: SUNDAYBUSINESSP BBVA launches hostile bid for banking rival",urn:newsml:newsroom:20240510:nNRAsmnkuw:0,NS:NEWBIH,SABE.MC
2024-05-10 16:22:36.802,Weekly: Banco de Sabadell (SAB: EUR1.87) decreases 1.1% on high volume; -2c [1.1%] Vol Index 1.9 [1 is avg],urn:newsml:newsroom:20240510:nNRAsmlnfu:0,NS:GLOWEE,SABE.MC
2024-05-10 16:17:20.284,Banco de Sabadell (SAB: EUR1.87) offers dividend yield of 3.2%; +1c [0.5%],urn:newsml:newsroom:20240510:nNRAsmlfeg:0,NS:GLOSTO,SABE.MC
2024-05-10 12:34:35.736,Fitch Ratings: Heightened Execution Risks from BBVA’s Announced Takeover Bid for Sabadell,urn:newsml:reuters.com:20240510:nFIT1z8pcd:1,NS:FCH,SABE.MC
2024-05-10 09:28:43.000,UPDATE 2-BBVA's Torres stuns Spain and banking bosses with hostile bid,urn:newsml:reuters.com:20240510:nL1N3HC2ME:2,NS:RTRS,SABE.MC
2024-05-10 09:02:24.496,"Thursday May 09, 2024 Banco de Sabadell ADR Compendium - A Snapshot as of May 09",urn:newsml:newsroom:20240510:nNRAsmgi9s:0,NS:GLOROU,SABE.MC
2024-05-10 07:04:45.000,Spain's Economy Minister: EU banking union would ease concentration concerns,urn:newsml:reuters.com:20240510:nS8N3GL001:1,NS:RTRS,SABE.MC
2024-05-10 06:12:58.144,Bank hostility,urn:newsml:newsroom:20240510:nNRAsmebmu:0,NS:NOTENG,SABE.MC
2024-05-10 04:57:02.114,"Thursday May 09, 2024 Banco de Sabadell ADR Compendium - A Snapshot as of May 09",urn:newsml:newsroom:20240510:nNRAsme1hh:0,NS:GLOROU,SABE.MC
2024-05-10 00:17:04.777,Friday's Preview: Can Banco de Sabadell continue its recent gains?,urn:newsml:newsroom:20240510:nNRAsmc8mp:0,NS:GLOSTO,SABE.MC
2024-05-10 00:00:00.000,"Friday May 10, 2024 What Happened Today to the Banco de Sabadell ADR",urn:newsml:newsroom:20240511:nNRAsmptwe:0,NS:GLOROU,SABE.MC
2024-05-09 23:46:06.000,UPDATE 1-Spanish bank bosses go head-to-head after BBVA turns hostile,urn:newsml:reuters.com:20240509:nL1N3HC3OG:6,NS:RTRS,SABE.MC
2024-05-09 20:10:30.000,LIVE MARKETS-Wall Street shares extend rally; S&P 500 hits one-month peak,urn:newsml:reuters.com:20240509:nL1N3HC34O:3,NS:RTRS,SABE.MC
2024-05-09 18:37:29.000,Spanish bank bosses go head-to-head after BBVA turns hostile,urn:newsml:reuters.com:20240509:nL8N3HC35V:5,NS:RTRS,SABE.MC
2024-05-09 18:30:01.000,"LIVE MARKETS-It's all about the dividends, and the buy backs",urn:newsml:reuters.com:20240509:nL1N3HC2F4:3,NS:RTRS,SABE.MC
2024-05-09 17:25:23.000,LIVE MARKETS-US insurers cut back on bond holdings in 2023 - NAIC,urn:newsml:reuters.com:20240509:nL1N3HC2C7:1,NS:RTRS,SABE.MC
2024-05-09 16:17:21.319,Two-bagger Banco de Sabadell (SAB: EUR1.86) gains 3.3% on extraordinary volume; +6c [3.3%] Vol Index 3.7 [1 is avg],urn:newsml:newsroom:20240509:nNRAsm7sna:0,NS:GLOSTO,SABE.MC
2024-05-09 16:09:56.000,"LIVE MARKETS-US dollar entering downturn, as yield advantage shrinks",urn:newsml:reuters.com:20240509:nL1N3HC23J:2,NS:RTRS,SABE.MC
2024-05-09 15:00:19.000,LIVE MARKETS-US jobless claims hit highest since August,urn:newsml:reuters.com:20240509:nL1N3HC1SK:3,NS:RTRS,SABE.MC
2024-05-09 14:57:58.000,UPDATE 8-Spain's BBVA turns hostile with $13 billion bid for Sabadell,urn:newsml:reuters.com:20240509:nL8N3HC0Y0:2,NS:RTRS,SABE.MC
2024-05-09 14:16:56.000,"LIVE MARKETS-Stocks mixed on jobless claims jump, soggy chips",urn:newsml:reuters.com:20240509:nL1N3HC1LA:3,NS:RTRS,SABE.MC
2024-05-09 13:46:49.000,LIVE MARKETS-Bank of England offers few surprises,urn:newsml:reuters.com:20240509:nL1N3HC1EO:2,NS:RTRS,SABE.MC
2024-05-09 13:17:55.000,LIVE MARKETS-WFII has good news and bad news on the S&P 500: First the...,urn:newsml:reuters.com:20240509:nL1N3HC1E3:3,NS:RTRS,SABE.MC
2024-05-09 13:13:02.927,"BBVA: ""The takeover bid represents a clear generation of value for our shareholders"".",urn:newsml:newsroom:20240509:nNRAsm5fc4:0,NS:NOTENG,SABE.MC
2024-05-09 13:12:50.093,"In Spain, BBVA makes an offer to acquire Banco Sabadell through a share swap",urn:newsml:newsroom:20240509:nNRAsm55up:0,NS:NOTENG,SABE.MC
2024-05-09 13:11:50.139,The Generalitat asks the CNMC and the EC to prevent the takeover bid for Sabadell.,urn:newsml:newsroom:20240509:nNRAsm5pog:0,NS:NOTENG,SABE.MC
2024-05-09 11:31:56.579,BBVA presents offer to Banco Sabadell shareholders,urn:newsml:newsroom:20240509:nNRAsm3jpf:0,NS:INDBAN,SABE.MC
2024-05-09 11:25:29.000,REFILE-LIVE MARKETS-Europe-focused funds record first weekly inflow of 2024 - BofA,urn:newsml:reuters.com:20240509:nL8N3HC467:2,NS:RTRS,SABE.MC
2024-05-09 11:04:15.000,"UPDATE 2-Italy's Nexi beats profit forecast, braces for outcome of BBVA's bid",urn:newsml:reuters.com:20240509:nL8N3HC144:7,NS:RTRS,SABE.MC
2024-05-09 10:46:33.000,UPDATE 2-Spanish government opposes BBVA's $13 billion Sabadell hostile bid,urn:newsml:reuters.com:20240509:nL8N3HC2BR:1,NS:RTRS,SABE.MC
2024-05-09 10:43:11.000,BREAKINGVIEWS-BBVA’s hostile $13 bln M&A bet faces long odds,urn:newsml:reuters.com:20240509:nL8N3HC23P:11,NS:RTRS,SABE.MC
2024-05-09 10:42:07.000,LIVE MARKETS-HOLD-Europe-focused funds record first weekly inflow of 2024 - BofA,urn:newsml:reuters.com:20240509:nL4N3HC2QP:2,NS:RTRS,SABE.MC
2024-05-09 10:13:30.789,BBVA changes strategy and launches hostile takeover bid against Banco Sabadell,urn:newsml:newsroom:20240509:nNRAsm38kp:0,NS:NOTENG,SABE.MC
2024-05-09 10:13:22.237,BBVA launches hostile takeover bid for Sabadell,urn:newsml:newsroom:20240509:nNRAsm3b4r:0,NS:NOTENG,SABE.MC
2024-05-09 09:53:30.000,LIVE MARKETS-Reasons to be bullish,urn:newsml:reuters.com:20240509:nL8N3HC2YH:2,NS:RTRS,SABE.MC
2024-05-09 09:37:25.000,LIVE MARKETS-Q1 reporting season delivering nice surprises - Generali AM,urn:newsml:reuters.com:20240509:nL8N3HC2OP:2,NS:RTRS,SABE.MC
2024-05-09 09:02:55.598,"Wednesday May 08, 2024 All You Need to Know About the Banco de Sabadell ADR Today",urn:newsml:newsroom:20240509:nNRAsm2c99:0,NS:GLOROU,SABE.MC
2024-05-09 08:04:24.000,"LIVE MARKETS-STOXX 600 soft, autos slide, Spain sinks",urn:newsml:reuters.com:20240509:nL8N3HC23S:3,NS:RTRS,SABE.MC
2024-05-09 07:31:05.000,BUZZ-BBVA falls after it announces hostile takeover bid for Sabadell,urn:newsml:reuters.com:20240509:nL8N3HC1T6:1,NS:RTRS,SABE.MC
2024-05-09 07:29:23.710,Nexi CEO: no certainty on Sabadell deal if BBVA's bid succeeds,urn:newsml:reuters.com:20240509:nRSD3STqKH:1,NS:SIGDEV,SABE.MC
2024-05-09 07:19:34.000,Spanish government opposes BBVA's hostile takeover bid on rival Sabadell,urn:newsml:reuters.com:20240509:nS8N3E70B0:1,NS:RTRS,SABE.MC
2024-05-09 07:15:14.000,BRIEF-Nexi CEO: no certainty on Sabadell deal if BBVA's bid succeeds,urn:newsml:reuters.com:20240509:nS8N3EG07Y:1,NS:RTRS,SABE.MC
2024-05-09 06:35:34.000,LIVE MARKETS-European futures mixed before BoE announcement,urn:newsml:reuters.com:20240509:nL8N3HC1JV:2,NS:RTRS,SABE.MC
2024-05-09 06:13:23.809,The market backs Sabadell: profit up 12% before BBVA's offer,urn:newsml:newsroom:20240509:nNRAsm0yv1:0,NS:NOTENG,SABE.MC
2024-05-09 06:12:33.022,"BBVA Sees 3.5% EPS Accretion, Limited Impact on CET1 Capital Ratio After Merger With Sabadell",urn:newsml:reuters.com:20240509:nRSD5PyvpN:1,NS:SIGDEV,SABE.MC
2024-05-09 06:02:32.000,"BRIEF-BBVA Sees 3.5% EPS Accretion, Limited Impact on CET1 Capital Ratio After Merger With Sabadell",urn:newsml:reuters.com:20240509:nFWN3HB2CT:1,NS:RTRS,SABE.MC
2024-05-09 05:24:13.000,BRIEF-BBVA launches takeover bid for Sabadell through share swap,urn:newsml:reuters.com:20240509:nFWN3HB2CJ:1,NS:RTRS,SABE.MC
2024-05-09 05:17:55.000,Spain's BBVA announces new offer for Sabadell on same terms,urn:newsml:reuters.com:20240509:nS0N3BV020:6,NS:RTRS,SABE.MC
2024-05-09 04:57:06.919,"Wednesday May 08, 2024 All You Need to Know About the Banco de Sabadell ADR Today",urn:newsml:newsroom:20240509:nNRAslz79c:0,NS:GLOROU,SABE.MC
2024-05-09 00:00:00.000,"Thursday May 09, 2024 Banco de Sabadell ADR Compendium - A Snapshot as of May 09",urn:newsml:newsroom:20240510:nNRAsmccws:0,NS:GLOROU,SABE.MC
2024-05-08 16:17:22.193,Banco de Sabadell (SAB: EUR1.80) in bottom 1% performers of IBEX 35 Index; -9c [4.8%] Vol Index 2.5 [1 is avg],urn:newsml:newsroom:20240508:nNRAslrzqy:0,NS:GLOSTO,SABE.MC
2024-05-08 16:13:28.910,"TSB, Sabadell's UK subsidiary, to cut 250 jobs and close 36 branches",urn:newsml:newsroom:20240508:nNRAslr5xf:0,NS:NOTENG,SABE.MC
2024-05-08 13:18:36.000,"UPDATE 1-Sabadell's UK bank TSB plans new job cuts, branch closures",urn:newsml:reuters.com:20240508:nL8N3HB5NP:12,NS:RTRS,SABE.MC
2024-05-08 11:26:48.000,UPDATE 2-BBVA told Sabadell it would not improve offer before it was rejected,urn:newsml:reuters.com:20240508:nL1N3HB0NF:9,NS:RTRS,SABE.MC
2024-05-08 10:33:56.000,"Sabadell's UK arm TSB plans fresh job cuts, branch closures",urn:newsml:reuters.com:20240508:nL8N3HB4GP:6,NS:RTRS,SABE.MC
2024-05-08 09:02:43.172,"Tuesday May 07, 2024 What Happened Today to the Banco de Sabadell ADR",urn:newsml:newsroom:20240508:nNRAsllq12:0,NS:GLOROU,SABE.MC
2024-05-08 06:56:58.000,"BBVA told Sabadell it would not improve takeover offer, Sabadell says",urn:newsml:reuters.com:20240508:nL1N3HB0MC:3,NS:RTRS,SABE.MC
2024-05-08 06:12:40.857,Analysts fail: Banco Sabadell to improve profits also in 2025,urn:newsml:newsroom:20240508:nNRAslkgej:0,NS:NOTENG,SABE.MC
2024-05-08 05:02:18.002,"Tuesday May 07, 2024 What Happened Today to the Banco de Sabadell ADR",urn:newsml:newsroom:20240508:nNRAsljwds:0,NS:GLOROU,SABE.MC
2024-05-08 00:00:00.000,"Sabadell's British subsidiary, TSB, has 36 branches and 250 workers in its adjustment plan in the country.",urn:newsml:newsroom:20240509:nNRAsm2rtq:0,NS:NOTENG,SABE.MC
2024-05-08 00:00:00.000,"Wednesday May 08, 2024 All You Need to Know About the Banco de Sabadell ADR Today",urn:newsml:newsroom:20240509:nNRAslxtpn:0,NS:GLOROU,SABE.MC
2024-05-07 16:32:24.000,UPDATE 3-BBVA's Spanish expansion plans hit after Sabadell rejects takeover offer,urn:newsml:reuters.com:20240507:nL1N3HA0ZE:2,NS:RTRS,SABE.MC
2024-05-07 11:27:14.000,BREAKINGVIEWS-Spanish minnow upsets EU bank bosses’ M&A dreams,urn:newsml:reuters.com:20240507:nL8N3HA3RJ:2,NS:RTRS,SABE.MC
2024-05-07 10:11:54.312,"Oliu and González Bueno explain in a video to their employees the 'no' to BBVA: ""Sabadell is today a strong entity, with a future"".",urn:newsml:newsroom:20240507:nNRAsl62xk:0,NS:NOTENG,SABE.MC
2024-05-07 09:14:08.824,"Ibex 35 rises 0.5% at the open, pending BBVA (+1.7%) and Banco Sabadell (-3.4%)",urn:newsml:newsroom:20240507:nNRAsl4ekr:0,NS:NOTENG,SABE.MC
2024-05-07 08:08:05.000,BBVA shares rise after Sabadell rejects takeover proposal,urn:newsml:reuters.com:20240507:nL8N3HA30A:5,NS:RTRS,SABE.MC
2024-05-07 06:09:07.138,Banco de Sabadell's Earnings Growth Lags Banco Bilbao Vizcaya Argentaria,urn:newsml:newsroom:20240507:nNRAsl37wp:0,NS:GLOSTO,SABE.MC
2024-05-07 06:03:21.000,Spanish stocks - Factors to watch on May 7,urn:newsml:reuters.com:20240507:nL8N3HA210:1,NS:RTRS,SABE.MC
2024-05-07 00:00:00.000,"Tuesday May 07, 2024 What Happened Today to the Banco de Sabadell ADR",urn:newsml:newsroom:20240508:nNRAslix2y:0,NS:GLOROU,SABE.MC
2024-05-06 20:14:09.071,"BBVA ""regrets"" Sabadell's rejection of its ""attractive"" offer",urn:newsml:newsroom:20240506:nNRAskxb96:0,NS:NOTENG,SABE.MC
2024-05-06 19:24:41.000,UPDATE 5-Spanish bank Sabadell rejects $12.9 bln BBVA merger proposal,urn:newsml:reuters.com:20240506:nL1N3H90CW:3,NS:RTRS,SABE.MC
2024-05-06 17:22:18.000,UPDATE 1-Spain's Sabadell rejects merger proposal from rival BBVA,urn:newsml:reuters.com:20240506:nL8N3H95NV:4,NS:RTRS,SABE.MC
2024-05-06 15:07:45.933,Monthly: Banco de Sabadell (SAB: EUR1.80) in top 1% performers of IBEX 35 Index in April 2024,urn:newsml:newsroom:20240506:nNRAskujtt:0,NS:GLOSTP,SABE.MC
2024-05-06 07:57:41.000,"Sabadell's board meets to analyse BBVA bid proposal, newspapers say",urn:newsml:reuters.com:20240506:nL8N3H45UD:5,NS:RTRS,SABE.MC
2024-05-06 06:47:59.000,LIVE MARKETS-European futures inch higher,urn:newsml:reuters.com:20240506:nL8N3H915T:2,NS:RTRS,SABE.MC
2024-05-06 05:12:43.166,"BBVA and Sabadell, the final straight, by La Vanguardia",urn:newsml:newsroom:20240506:nNRAsklaz4:0,NS:NOTENG,SABE.MC
2024-05-06 00:00:00.000,Banco Sabadell rejects unsolicited merger offer by BBVA,urn:newsml:newsroom:20240507:nNRAsl0lyt:0,NS:NOTENG,SABE.MC
2024-05-06 00:00:00.000,Sabadell rejects rival BBVA's merger proposal,urn:newsml:newsroom:20240507:nNRAskz9bm:0,NS:NOTENG,SABE.MC
2024-05-05 21:13:33.211,BBVA and Sabadell merger accentuates the lack of competition in the Spanish financial system,urn:newsml:newsroom:20240505:nNRAskjtjs:0,NS:NOTENG,SABE.MC
2024-05-03 16:17:26.639,"Banco de Sabadell (SAB: EUR1.89) keeps rising, up 15% in 3 days; +25c [15.2%] Vol Index 4.0 [1 is avg]",urn:newsml:newsroom:20240503:nNRAsjzfcn:0,NS:GLOSTO,SABE.MC
2024-05-03 08:57:27.346,"Thursday May 02, 2024 Banco de Sabadell ADR Compendium - A Snapshot as of May 02",urn:newsml:newsroom:20240503:nNRAsjrz4f:0,NS:GLOROU,SABE.MC
2024-05-03 04:57:11.909,"Thursday May 02, 2024 Banco de Sabadell ADR Compendium - A Snapshot as of May 02",urn:newsml:newsroom:20240503:nNRAsjq7rq:0,NS:GLOROU,SABE.MC
2024-05-03 00:17:34.159,Can Banco de Sabadell continue its gains?,urn:newsml:newsroom:20240503:nNRAsjmkul:0,NS:GLOSTO,SABE.MC
2024-05-02 17:08:05.995,Banco de Sabadell's Earnings Growth Lags Banco Bilbao Vizcaya Argentaria,urn:newsml:newsroom:20240502:nNRAsjhik6:0,NS:GLOSTO,SABE.MC
2024-05-02 16:17:26.823,Banco de Sabadell (SAB: EUR1.86) hits year-high 22nd time in three months; +6c [3.3%] Vol Index 4.0 [1 is avg],urn:newsml:newsroom:20240502:nNRAsjh3pv:0,NS:GLOSTO,SABE.MC
2024-05-02 16:12:01.111,Valencia puts obstacles to BBVA-Sabadell: it concentrates 60% of the regional market with CaixaBank,urn:newsml:newsroom:20240502:nNRAsjgu8h:0,NS:NOTENG,SABE.MC
2024-05-02 15:13:07.732,BBVA accelerates negotiations for a merger with Banco Sabadell,urn:newsml:newsroom:20240502:nNRAsjg414:0,NS:NOTENG,SABE.MC
2024-05-02 13:06:14.000,"UPDATE 2-Sabadell taps advisers for BBVA options after takeover offer, sources say",urn:newsml:reuters.com:20240502:nL1N3H50HN:3,NS:RTRS,SABE.MC
2024-05-02 12:08:59.000,"Sabadell enlists Morgan Stanley, Goldman Sachs after BBVA takeover offer, sources say",urn:newsml:reuters.com:20240502:nL8N3H54RO:4,NS:RTRS,SABE.MC
2024-05-02 10:41:23.000,Deals of the day-Mergers and acquisitions,urn:newsml:reuters.com:20240502:nL4N3H567U:1,NS:RTRS,SABE.MC
2024-05-02 08:41:17.000,BREAKINGVIEWS-M&A-shy EU bank investors are own worst enemy,urn:newsml:reuters.com:20240502:nL8N3H5274:2,NS:RTRS,SABE.MC
2024-05-02 08:36:30.000,"LIVE MARKETS-STOXX going nowhere, ""low quality beat"" for Novo",urn:newsml:reuters.com:20240502:nL8N3H52GV:1,NS:RTRS,SABE.MC
2024-05-02 07:35:42.000,Sabadell shares jump after rival BBVA's merger proposal,urn:newsml:reuters.com:20240502:nL8N3H522M:3,NS:RTRS,SABE.MC
2024-05-02 06:33:06.366,Banco de Sabadell announces dividend,urn:newsml:newsroom:20240502:nNRAsj9shl:0,NS:NEWWIR,SABE.MC
2024-05-02 06:17:41.794,Monthly: Banco de Sabadell (SAB: EUR1.80) in top 1% performers of IBEX 35 Index in April 2024,urn:newsml:newsroom:20240502:nNRAsja1f1:0,NS:GLOSTO,SABE.MC
2024-05-02 00:00:00.000,"Thursday May 02, 2024 Banco de Sabadell ADR Compendium - A Snapshot as of May 02",urn:newsml:newsroom:20240503:nNRAsjmn8l:0,NS:GLOROU,SABE.MC
2024-05-01 17:49:38.000,FACTBOX-Spain's BBVA offers 12 bln euros to win over Sabadell,urn:newsml:reuters.com:20240501:nL1N3H41X1:1,NS:RTRS,SABE.MC
2024-05-01 17:34:53.000,FACTBOX-Spain's BBVA offers 12 bln euros to win over Sabadell,urn:newsml:reuters.com:20240501:nL8N3H4469:2,NS:RTRS,SABE.MC
2024-05-01 13:32:46.000,UPDATE 3-Spain's BBVA submits 12-bln-euro offer for Sabadell,urn:newsml:reuters.com:20240501:nL8N3H41YM:11,NS:RTRS,SABE.MC
2024-05-01 12:11:43.037,"BBVA offers Sabadell's shareholders 2.26 euros for each of its shares, a premium of 30%.",urn:newsml:newsroom:20240501:nNRAsj0c3h:0,NS:NOTENG,SABE.MC
2024-05-01 11:49:18.952,Fitch Ratings: Potential BBVA–Sabadell Merger Would Widen Gap with Spain’s Second-Tier Banks,urn:newsml:reuters.com:20240501:nFIT8dv1v9:1,NS:FCH,SABE.MC
2024-05-01 10:16:47.000,Spain's BBVA submits merger proposal with Sabadell,urn:newsml:reuters.com:20240501:nS0N3BV01U:2,NS:RTRS,SABE.MC
2024-05-01 08:00:00.000,RPT-BREAKINGVIEWS-Overdue $80 bln Spain bank merger has new hurdles,urn:newsml:reuters.com:20240501:nL4N3H4149:7,NS:RTRS,SABE.MC
2024-05-01 06:30:00.000,BBVA proposes merging with Banco Sabadell to create a European leader,urn:newsml:newsroom:20240502:nNRAsjh4bo:0,NS:INDBAN,SABE.MC
2024-04-30 17:04:06.000,UPDATE 5-Spain's BBVA takes aim again at $10 bln Sabadell,urn:newsml:reuters.com:20240430:nL8N3H35V5:11,NS:RTRS,SABE.MC
2024-04-30 16:38:40.000,BREAKINGVIEWS-Overdue $80 bln Spain bank merger has new hurdles,urn:newsml:reuters.com:20240430:nL8N3H362I:5,NS:RTRS,SABE.MC
2024-04-30 16:22:30.284,Monthly: Banco de Sabadell (SAB: EUR1.80) in top 1% performers of IBEX 35 Index in April 2024,urn:newsml:newsroom:20240430:nNRAsioh27:0,NS:GLOSTP,SABE.MC
2024-04-30 16:17:17.787,Banco de Sabadell (SAB: EUR1.80) offers dividend yield of 3.3%; +16c [9.8%] Vol Index 5.3 [1 is avg],urn:newsml:newsroom:20240430:nNRAsioebi:0,NS:GLOSTO,SABE.MC
2024-04-30 12:04:39.000,BBVA says it will explore possible merger with Sabadell,urn:newsml:reuters.com:20240430:nS8N3E70AT:3,NS:RTRS,SABE.MC
2024-04-30 09:13:35.821,"Large banks obtain 6.6 billion euros in profits in the first quarter, up 17.2%.",urn:newsml:newsroom:20240430:nNRAsij9jj:0,NS:NOTENG,SABE.MC
2024-04-30 09:13:17.741,"Large banks once again shoot up their profits, earning 6.6 billion in the first quarter of 2024",urn:newsml:newsroom:20240430:nNRAsij64s:0,NS:NOTENG,SABE.MC
2024-04-30 00:00:00.000,"Sabadell, four years after the other merger attempt: 9.7 billion in the stock market and 1.3 billion in profits",urn:newsml:newsroom:20240501:nNRAsiv8cl:0,NS:NOTENG,SABE.MC
2024-04-29 14:07:23.336,How Banco de Sabadell's Tax Rate compares to Its Peers,urn:newsml:newsroom:20240429:nNRAsi7ahu:0,NS:GLOSTO,SABE.MC
2024-04-29 08:40:02.000,Banco de Sabadell SA - Workplace Health and Safety Report 2023,urn:newsml:reuters.com:20240429:nNDL47g8yJ:1,NS:PUBT,SABE.MC
2024-04-26 16:37:03.002,"Banco de Sabadell, S.A. (BNDSF) Q1 2024 Earnings Call Transcript",urn:newsml:newsroom:20240426:nNRAshfitr:0,NS:SEECOM,SABE.MC
2024-04-26 14:37:53.000,Banco de Sabadell SA - G-SIB 2023,urn:newsml:reuters.com:20240426:nNDL7dNyMS:1,NS:PUBT,SABE.MC
2024-04-26 14:37:15.000,Banco de Sabadell SA - G-SIB 2023 (Versió en anglès),urn:newsml:reuters.com:20240426:nNDL3kjdRP:1,NS:PUBT,SABE.MC
2024-04-26 06:44:32.000,Spanish stocks - Factors to watch on April 26,urn:newsml:reuters.com:20240426:nL5N3GZ1UQ:1,NS:RTRS,SABE.MC
2024-04-26 05:12:19.633,"Sabadell earns 308 million in the first quarter, up 50%, after paying 192 million of the banking tax",urn:newsml:newsroom:20240426:nNRAsh6fpq:0,NS:NOTENG,SABE.MC
2024-04-25 23:13:14.086,Banco Sabadell hits record highs on the stock market after rising almost 9% on doubling first quarter profit,urn:newsml:newsroom:20240425:nNRAsh49j7:0,NS:NOTENG,SABE.MC
2024-04-25 21:46:15.298,Matrix Renewables Completes Project Financing of USD190.68 Million for a 239MW Spanish solar PV portfolio,urn:newsml:reuters.com:20240425:nNRAsh2ypc:1,NS:DATMTR,SABE.MC
2024-04-25 17:51:51.179,"Banco de Sabadell, S.A. reports Q1 results",urn:newsml:newsroom:20240425:nNRAsh0yyr:0,NS:SEECOM,SABE.MC
2024-04-25 16:17:15.002,Banco de Sabadell (SAB: EUR1.64) in top 1% performers of IBEX 35 Index; +13c [8.6%] Vol Index 7.7 [1 is avg],urn:newsml:newsroom:20240425:nNRAsh07f9:0,NS:GLOSTO,SABE.MC
2024-04-25 13:12:47.464,"Sabadell records a record profit of 308 million euros in the first quarter, up 50.4%.",urn:newsml:newsroom:20240425:nNRAsgxrl6:0,NS:NOTENG,SABE.MC
2024-04-25 12:44:04.768,Sareb 2023 Revenues At 2.75 Bln Euros,urn:newsml:reuters.com:20240425:nRSD6qWHRL:1,NS:SIGDEV,SABE.MC
2024-04-25 12:32:24.000,BRIEF-Sareb 2023 Revenues At 2.75 Bln Euros,urn:newsml:reuters.com:20240425:nL5N3GY6GO:1,NS:RTRS,SABE.MC
2024-04-25 10:30:02.036,Sabadell CEO Sees Decline In NII In Spain Next Year,urn:newsml:reuters.com:20240425:nRSD7xb35H:1,NS:SIGDEV,SABE.MC
2024-04-25 10:17:47.000,BRIEF-Sabadell CEO Sees Decline In NII In Spain Next Year,urn:newsml:reuters.com:20240425:nS0N3BV01Q:1,NS:RTRS,SABE.MC
2024-04-25 10:13:38.774,"Banco Sabadell earns 308 million in the first quarter, a 50% increase, despite the 192 million of extraordinary taxes",urn:newsml:newsroom:20240425:nNRAsgv4mc:0,NS:NOTENG,SABE.MC
2024-04-25 09:17:56.585,"Banc Sabadell earns 308 million in the first quarter, an increase of 50.4%.",urn:newsml:newsroom:20240425:nNRAsgv5br:0,NS:NOTENG,SABE.MC
2024-04-25 09:15:30.480,Banco Sabadell earns 308 million euros up to March and increases its profit by 50%.,urn:newsml:newsroom:20240425:nNRAsgu9gb:0,NS:NOTENG,SABE.MC
2024-04-25 09:15:18.871,"Sabadell maintains its record profits, with 308 million in the first quarter, up 50%.",urn:newsml:newsroom:20240425:nNRAsgucwu:0,NS:NOTENG,SABE.MC
2024-04-25 08:44:05.245,Sabadell CEO's Does Not See Scope to Sell British TSB Unit,urn:newsml:reuters.com:20240425:nRSD830HCM:1,NS:SIGDEV,SABE.MC
2024-04-25 08:32:16.000,BRIEF-Sabadell CEO's Does Not See Scope to Sell British TSB Unit,urn:newsml:reuters.com:20240425:nS0N3BV01P:1,NS:RTRS,SABE.MC
2024-04-25 08:26:20.680,"Sabadell Sees Cost Of Risk Gradually Falling In Coming Quarters In Spain, CFO Says",urn:newsml:reuters.com:20240425:nRSD6H7zQw:1,NS:SIGDEV,SABE.MC
2024-04-25 08:15:53.000,"BRIEF-Sabadell Sees Cost Of Risk Gradually Falling In Coming Quarters In Spain, CFO Says",urn:newsml:reuters.com:20240425:nS0N3BV01O:1,NS:RTRS,SABE.MC
2024-04-25 08:13:05.063,"Sabadell earns 308 million, up 50.4%, increases profitability and reduces provisions",urn:newsml:newsroom:20240425:nNRAsgtox8:0,NS:NOTENG,SABE.MC
2024-04-25 08:09:52.461,Sabadell: Too Early To Assess Impact From Potential Higher Countercyclical Buffer On Capital,urn:newsml:reuters.com:20240425:nRSDP2T3M:1,NS:SIGDEV,SABE.MC
2024-04-25 07:55:37.000,BRIEF-Sabadell: Too Early To Assess Impact From Potential Higher Countercyclical Buffer On Capital,urn:newsml:reuters.com:20240425:nS0N3BV01I:1,NS:RTRS,SABE.MC
2024-04-25 07:52:27.000,"UPDATE 3-Sabadell sees higher lending income in 2024, shares jump",urn:newsml:reuters.com:20240425:nL5N3GY0YQ:1,NS:RTRS,SABE.MC
2024-04-25 07:42:13.000,BUZZ-Sabadell jumps to nearly 6-year high after Q1 net profit beat,urn:newsml:reuters.com:20240425:nL5N3GY2US:1,NS:RTRS,SABE.MC
2024-04-25 07:15:14.334,"Sabadell earns 308M in the year to March, up 50%, due to interest rates and less provisions",urn:newsml:newsroom:20240425:nNRAsgtosc:0,NS:NOTENG,SABE.MC
2024-04-25 07:15:13.626,"Sabadell records a record profit of 308 million euros in the first quarter, up 50.4%.",urn:newsml:newsroom:20240425:nNRAsgtbs1:0,NS:NOTENG,SABE.MC
2024-04-25 07:00:00.000,Q1 2024 Banco de Sabadell SA Earnings Call,urn:newsml:reuters.com:20240425:nTRN8YVMDd:1,NS:TRANS,SABE.MC
2024-04-25 06:56:25.000,Banco de Sabadell SA - 1Q24 Results Presentation,urn:newsml:reuters.com:20240425:nNDL5054yh:1,NS:PUBT,SABE.MC
2024-04-25 06:53:08.000,Banco de Sabadell SA - 1Q24 Financial Report,urn:newsml:reuters.com:20240425:nNDL4ZtrQJ:1,NS:PUBT,SABE.MC
2024-04-25 06:51:52.000,"Banco de Sabadell SA - Banco Sabadell earns net profit of 308 million euros, 50.4% higher YoY, and raises its capital ratio to 13.3%",urn:newsml:reuters.com:20240425:nNDL3lBgFM:1,NS:PUBT,SABE.MC
2024-04-25 06:30:00.000,"Banco Sabadell earns net profit of 308 million euros, 50.4% higher YoY, and raises its capital ratio to 13.3%",urn:newsml:newsroom:20240504:nNRAsk90i5:0,NS:INDBAN,SABE.MC
2024-04-25 06:20:55.000,Spanish stocks - Factors to watch on April 25,urn:newsml:reuters.com:20240425:nL5N3GY1HQ:1,NS:RTRS,SABE.MC
2024-04-25 06:00:00.000,Q1 2024 Banco de Sabadell SA Earnings Call - Final,urn:newsml:newsroom:20240506:nNRAskp2lf:0,NS:FDFAIR,SABE.MC
2024-04-25 05:21:42.559,Sabadell Upgrades 2024 Guidance,urn:newsml:reuters.com:20240425:nRSD9dZCWD:1,NS:SIGDEV,SABE.MC
2024-04-25 05:08:15.000,BRIEF-Sabadell Q1 Net Profit 308 Million Euros,urn:newsml:reuters.com:20240425:nS8N3C901I:1,NS:RTRS,SABE.MC
2024-04-25 05:06:53.000,BRIEF-Sabadell Upgrades 2024 Guidance,urn:newsml:reuters.com:20240425:nFWN3GY0BJ:1,NS:RTRS,SABE.MC
2024-04-25 05:04:13.000,Sabadell's Q1 net profit rises 50% from same period in 2023,urn:newsml:reuters.com:20240425:nL5N3GX8W2:4,NS:RTRS,SABE.MC
2024-04-25 00:17:34.906,Can Banco de Sabadell rebound after recent dip?,urn:newsml:newsroom:20240425:nNRAsgosez:0,NS:GLOSTO,SABE.MC
2024-04-24 16:17:22.037,"Banco de Sabadell (SAB: EUR1.51) decreases, 3 days' volume in a day; -1c [0.7%] Vol Index 3.4 [1 is avg]",urn:newsml:newsroom:20240424:nNRAsgkr6e:0,NS:GLOSTO,SABE.MC
2024-04-24 16:08:28.634,How Banco de Sabadell's Tax Rate compares to Its Peers,urn:newsml:newsroom:20240424:nNRAsgldkm:0,NS:GLOSTO,SABE.MC
2024-04-24 00:17:31.640,Can Banco de Sabadell continue its gains?,urn:newsml:newsroom:20240424:nNRAsga5b6:0,NS:GLOSTO,SABE.MC
2024-04-23 16:17:17.380,"Banco de Sabadell (SAB: EUR1.52) continues significant uptrend, climbs 2.0%; +3c [2.0%] Vol Index 1.4 [1 is avg]",urn:newsml:newsroom:20240423:nNRAsg5spz:0,NS:GLOSTO,SABE.MC
2024-04-23 07:07:14.047,Banco de Sabadell's Earnings Growth Outperforms Bankinter,urn:newsml:newsroom:20240423:nNRAsfzuqn:0,NS:GLOSTO,SABE.MC
2024-04-23 06:07:36.461,How Banco de Sabadell's Tax Rate compares to Its Peers,urn:newsml:newsroom:20240423:nNRAsfzmf9:0,NS:GLOSTO,SABE.MC
2024-04-23 00:17:20.489,Tuesday's Preview: Can Banco de Sabadell continue its recent gains?,urn:newsml:newsroom:20240423:nNRAsfw0z5:0,NS:GLOSTO,SABE.MC
2024-04-22 16:17:05.631,Banco de Sabadell (SAB: EUR1.49) offers dividend yield of 4%; +1c [0.7%],urn:newsml:newsroom:20240422:nNRAsfr7ua:0,NS:GLOSTO,SABE.MC
2024-04-22 06:17:23.501,Weekly: Banco de Sabadell (SAB: EUR1.48) in top 3% performers of IBEX 35 Index in past week; +6.979c [4.9%],urn:newsml:newsroom:20240422:nNRAsfkxgb:0,NS:GLOSTO,SABE.MC
2024-04-22 00:17:23.387,Monday's Preview: Can Banco de Sabadell rebound after being down?,urn:newsml:newsroom:20240422:nNRAsfiu0h:0,NS:GLOSTO,SABE.MC
2024-04-20 04:27:02.706,Weekly: Banco de Sabadell (SAB: EUR1.48) in top 3% performers of IBEX 35 Index in past week; +6.979c [4.9%],urn:newsml:newsroom:20240420:nNRAsf69tz:0,NS:GLOWEE,SABE.MC
2024-04-19 16:22:41.927,Weekly: Banco de Sabadell (SAB: EUR1.48) in top 3% performers of IBEX 35 Index in past week; +6.979c [4.9%],urn:newsml:newsroom:20240419:nNRAsf19jj:0,NS:GLOWEE,SABE.MC
2024-04-19 16:17:22.851,Banco de Sabadell (SAB: EUR1.48) drops 1.3% on slipping relative strength; -2c [1.3%],urn:newsml:newsroom:20240419:nNRAsf1k9h:0,NS:GLOSTO,SABE.MC
2024-04-18 16:26:04.044,Banco de Sabadell (SAB: EUR1.50) up 7.1% in 2 days; +10c [7.1%],urn:newsml:newsroom:20240418:nNRAselvab:0,NS:GLOSTO,SABE.MC
2024-04-18 14:27:31.404,"Banco de Sabadell, S.A. goes ex dividend tomorrow",urn:newsml:newsroom:20240418:nNRAsejzjf:0,NS:SEECOM,SABE.MC
2024-04-18 11:53:41.087,"Banco de Sabadell, S.A. (OTCMKTS:BNDSY) Declares Dividend of $0.05",urn:newsml:newsroom:20240418:nNRAsehj4u:0,NS:TICREP,SABE.MC
2024-04-17 16:16:18.241,Banco de Sabadell (SAB: EUR1.44) in top 2% performers of IBEX 35 Index; ex-Dividend; +4c [2.9%],urn:newsml:newsroom:20240417:nNRAse4owy:0,NS:GLOSTO,SABE.MC
2024-04-17 05:40:29.341,"Short Interest in Banco de Sabadell, S.A. (OTCMKTS:BNDSF) Grows By 11.2%",urn:newsml:newsroom:20240417:nNRAsdyfah:0,NS:TRADAJ,SABE.MC
2024-04-16 16:17:15.142,Banco de Sabadell (SAB: EUR1.40) offers dividend yield of 4.3%; ex-Dividend; -2c [1.4%],urn:newsml:newsroom:20240416:nNRAsdsopz:0,NS:GLOSTO,SABE.MC
2024-04-16 16:09:04.136,"Banco de Sabadell, S.A. (OTCMKTS:BNDSF) Short Interest Up 11.2% in March",urn:newsml:newsroom:20240416:nNRAsdt0b8:0,NS:CERGEM,SABE.MC
2024-04-16 06:08:11.573,How Banco de Sabadell's Tax Rate compares to Its Peers,urn:newsml:newsroom:20240416:nNRAsdlss0:0,NS:GLOSTO,SABE.MC
2024-04-16 00:17:19.544,Tuesday's Preview: Can Banco de Sabadell continue its recent gains?,urn:newsml:newsroom:20240416:nNRAsdiu5n:0,NS:GLOSTO,SABE.MC
2024-04-15 16:17:14.902,"Banco de Sabadell (SAB: EUR1.45) inches higher, resistance at 12-day EMA; +1c [0.7%]",urn:newsml:newsroom:20240415:nNRAsdfhaz:0,NS:GLOSTO,SABE.MC
2024-04-15 10:08:18.849,Banco de Sabadell SA's Dividend Analysis,urn:newsml:newsroom:20240415:nNRAsdb0dg:0,NS:GURCOM,SABE.MC
2024-04-15 06:27:21.830,Weekly: Banco de Sabadell (SAB: EUR1.44) in bottom 1% performers of IBEX 35 Index in past week; -9c [5.9%],urn:newsml:newsroom:20240415:nNRAsd8y37:0,NS:GLOSTO,SABE.MC
2024-04-15 00:16:50.576,Can Banco de Sabadell rebound after recent dip?,urn:newsml:newsroom:20240415:nNRAsd7voo:0,NS:GLOSTO,SABE.MC
2024-04-13 04:27:36.126,Weekly: Banco de Sabadell (SAB: EUR1.44) in bottom 1% performers of IBEX 35 Index in past week; -9c [5.9%],urn:newsml:newsroom:20240413:nNRAscvsw3:0,NS:GLOWEE,SABE.MC
2024-04-12 16:22:26.484,Weekly: Banco de Sabadell (SAB: EUR1.44) in bottom 1% performers of IBEX 35 Index in past week; -9c [5.9%],urn:newsml:newsroom:20240412:nNRAscq31v:0,NS:GLOWEE,SABE.MC
2024-04-12 16:17:18.434,Banco de Sabadell (SAB: EUR1.44) down 5.3% in 2 days; -8c [5.3%] Vol Index 1.2 [1 is avg],urn:newsml:newsroom:20240412:nNRAscpz8b:0,NS:GLOSTO,SABE.MC
2024-04-12 14:18:32.781,Banco de Sabadell (OTCMKTS:BNDSY)  Shares Down 8.8%,urn:newsml:newsroom:20240412:nNRAscoj6d:0,NS:TICREP,SABE.MC
2024-04-12 14:18:28.455,Banco de Sabadell (OTCMKTS:BNDSY)  Shares Down 8.8%,urn:newsml:newsroom:20240412:nNRAscowhr:0,NS:DAILYQ,SABE.MC
2024-04-12 12:07:40.606,"Banco de Sabadell, S.A. (OTCMKTS:BNDSY) Plans Dividend Increase – $0.05 Per Share",urn:newsml:newsroom:20240412:nNRAscn264:0,NS:MARDAJ,SABE.MC
2024-04-12 11:37:57.673,"Banco de Sabadell, S.A. (OTCMKTS:BNDSY) Plans Dividend Increase – $0.05 Per Share",urn:newsml:newsroom:20240412:nNRAscnbjg:0,NS:DAILYQ,SABE.MC
2024-04-12 00:17:26.051,Friday's Preview: Can Banco de Sabadell rebound after being down?,urn:newsml:newsroom:20240412:nNRAscg4r3:0,NS:GLOSTO,SABE.MC
2024-04-11 16:17:18.532,Banco de Sabadell (SAB: EUR1.47) slides 3.3% on slipping relative strength; -5c [3.3%] Vol Index 1.2 [1 is avg],urn:newsml:newsroom:20240411:nNRAscck7v:0,NS:GLOSTO,SABE.MC
2024-04-11 00:17:52.288,Investors look to see if Banco de Sabadell's recent rally will continue,urn:newsml:newsroom:20240411:nNRAsc0qxw:0,NS:GLOSTO,SABE.MC
2024-04-10 20:13:01.301,Banco Sabadell's Board of Directors' remuneration approved with 97% of the vote,urn:newsml:newsroom:20240410:nNRAsbyt2w:0,NS:NOTENG,SABE.MC
2024-04-10 18:14:01.082,Sabadell reaches 40% female representation on its board of directors,urn:newsml:newsroom:20240410:nNRAsbxlm0:0,NS:NOTENG,SABE.MC
2024-04-10 17:12:36.950,"Josep Oliu: ""Banco Sabadell has closed the best year in its history and 2024 will consolidate its business model"".",urn:newsml:newsroom:20240410:nNRAsbwkw3:0,NS:NOTENG,SABE.MC
2024-04-10 16:17:24.342,Banco de Sabadell (SAB: EUR1.52) lifts 1.3% strengthening above moving average price; +2c [1.3%],urn:newsml:newsroom:20240410:nNRAsbx4yl:0,NS:GLOSTO,SABE.MC
2024-04-10 14:07:39.072,How Banco de Sabadell's Tax Rate compares to Its Peers,urn:newsml:newsroom:20240410:nNRAsbvpiu:0,NS:GLOSTO,SABE.MC
2024-04-10 11:57:06.000,Banco de Sabadell SA - Josep Oliu: “Banco Sabadell has closed the books on the best year in its history and 2024 will be the year in which it consolidates its business model”,urn:newsml:reuters.com:20240410:nNDL6Vr12N:1,NS:PUBT,SABE.MC
2024-04-10 06:30:00.000,"Josep Oliu: ""Banco Sabadell has closed the books on the best year in its history and 2024 will be the year in which it consolidates its business mo...",urn:newsml:newsroom:20240413:nNRAscxvle:0,NS:INDBAN,SABE.MC
2024-04-10 00:17:20.025,Investors concerned as Banco de Sabadell down in recent days,urn:newsml:newsroom:20240410:nNRAsbk3bk:0,NS:GLOSTO,SABE.MC
2024-04-10 00:00:00.000,"Wednesday April 10, 2024 Banco de Sabadell ADR: How it compares to other IDRs and ADRs",urn:newsml:newsroom:20240411:nNRAsc0zrj:0,NS:GLOROU,SABE.MC
2024-04-09 18:13:21.127,Banco Sabadell closes the door to mergers in order to continue to grow,urn:newsml:newsroom:20240409:nNRAsbhbbq:0,NS:NOTENG,SABE.MC
2024-04-09 17:12:30.562,"Oliu does not give in to pro-independence supporters and once again rules out Sabadell returning its headquarters to Catalonia: ""There have been no...",urn:newsml:newsroom:20240409:nNRAsbfsvz:0,NS:NOTENG,SABE.MC
2024-04-09 16:16:58.254,Banco de Sabadell (SAB: EUR1.50) in bottom 1% performers of IBEX 35 Index; -5c [3.2%],urn:newsml:newsroom:20240409:nNRAsbez2r:0,NS:GLOSTO,SABE.MC
2024-04-09 16:13:16.562,"Oliu (Sabadell): ""I wish De Cos would continue six more years at the Bank of Spain"".",urn:newsml:newsroom:20240409:nNRAsbe50n:0,NS:NOTENG,SABE.MC
2024-04-09 15:27:49.000,UPDATE 2-Sabadell feels no pressure from British M&A activity to sell TSB,urn:newsml:reuters.com:20240409:nL5N3GI3Z9:1,NS:RTRS,SABE.MC
2024-04-09 13:42:32.000,Spain's Sabadell: no pressure to sell British unit TSB,urn:newsml:reuters.com:20240409:nS0N3BV00J:3,NS:RTRS,SABE.MC
2024-04-09 11:28:07.641,How Banco de Sabadell's Tax Rate compares to Its Peers,urn:newsml:newsroom:20240409:nNRAsb5q8q:0,NS:GLOSTO,SABE.MC
2024-04-09 00:17:08.143,Can Banco de Sabadell continue its gains?,urn:newsml:newsroom:20240409:nNRAsb3m79:0,NS:GLOSTO,SABE.MC
2024-04-08 16:16:55.596,Banco de Sabadell (SAB: EUR1.55) hits year-high 16th time in one month; +2c [1.3%],urn:newsml:newsroom:20240408:nNRAsaytl4:0,NS:GLOSTO,SABE.MC
2024-04-08 06:17:26.674,Weekly: Banco de Sabadell (SAB: EUR1.53) in top 2% performers of IBEX 35 Index in past week; +7c [4.8%],urn:newsml:newsroom:20240408:nNRAsaqwsp:0,NS:GLOSTO,SABE.MC
2024-04-08 00:16:51.322,Monday's Preview: Can Banco de Sabadell rebound after being down?,urn:newsml:newsroom:20240408:nNRAsaoxs5:0,NS:GLOSTO,SABE.MC
2024-04-06 04:26:57.031,Weekly: Banco de Sabadell (SAB: EUR1.53) in top 2% performers of IBEX 35 Index in past week; +7c [4.8%],urn:newsml:newsroom:20240406:nNRAsadahx:0,NS:GLOWEE,SABE.MC
2024-04-05 16:22:27.533,Weekly: Banco de Sabadell (SAB: EUR1.53) in top 2% performers of IBEX 35 Index in past week; +7c [4.8%],urn:newsml:newsroom:20240405:nNRAsa8267:0,NS:GLOWEE,SABE.MC
2024-04-05 16:18:51.042,Banco de Sabadell (SAB: EUR1.53) falls 0.6% from 14-day high; -1c [0.6%],urn:newsml:newsroom:20240405:nNRAsa7vnm:0,NS:GLOSTO,SABE.MC
2024-04-05 00:17:35.854,Friday's Preview: Can Banco de Sabadell continue its recent gains?,urn:newsml:newsroom:20240405:nNRAs9xp0x:0,NS:GLOSTO,SABE.MC
2024-04-04 16:17:09.716,Banco de Sabadell (SAB: EUR1.54) hits year-high 14th time in one month; +2c [1.3%] Vol Index 1.2 [1 is avg],urn:newsml:newsroom:20240404:nNRAs9tbdk:0,NS:GLOSTO,SABE.MC
2024-04-04 01:17:28.615,Investors look to see if Banco de Sabadell's recent rally will continue,urn:newsml:newsroom:20240404:nNRAs9kf2a:0,NS:GLOSTO,SABE.MC
2024-04-03 17:17:28.237,Banco de Sabadell (SAB: EUR1.52) in top 1% performers of IBEX 35 Index; +6c [4.1%] Vol Index 1.3 [1 is avg],urn:newsml:newsroom:20240403:nNRAs9gdva:0,NS:GLOSTO,SABE.MC
2024-04-03 15:07:58.455,How Banco de Sabadell's Tax Rate compares to Its Peers,urn:newsml:newsroom:20240403:nNRAs9f5o4:0,NS:GLOSTO,SABE.MC
2024-04-02 14:42:55.388,Monthly: Banco de Sabadell (SAB: EUR1.46) in top 1% performers of IBEX 35 Index in March 2024,urn:newsml:newsroom:20240402:nNRAs8zemc:0,NS:GLOSTP,SABE.MC
2024-04-02 06:17:50.867,"Banco de Sabadell Compendium - A Snapshot as of March 31, 2024",urn:newsml:newsroom:20240402:nNRAs8t3eu:0,NS:GLOSTO,SABE.MC
2024-04-02 06:17:36.938,Monthly: Banco de Sabadell (SAB: EUR1.46) in top 1% performers of IBEX 35 Index in March 2024,urn:newsml:newsroom:20240402:nNRAs8tbid:0,NS:GLOSTO,SABE.MC
2024-04-02 06:09:16.180,How Banco de Sabadell's Tax Rate compares to Its Peers,urn:newsml:newsroom:20240402:nNRAs8syfb:0,NS:GLOSTO,SABE.MC
2024-04-02 04:27:41.460,"Weekly: Banco de Sabadell (SAB: EUR1.46) rises for a seventh consecutive week, a seven-week rise of 32%; +3c [2.1%]",urn:newsml:newsroom:20240402:nNRAs8shzw:0,NS:GLOWEE,SABE.MC
2024-03-28 17:37:02.199,End-of-Quarter Synopsis Monthly : Banco de Sabadell (SAB: EUR1.46) in top 1% performers of IBEX 35 Index in March 2024,urn:newsml:newsroom:20240328:nNRAs7k38v:0,NS:GLOSTO,SABE.MC
2024-03-28 17:22:43.521,"Weekly: Banco de Sabadell (SAB: EUR1.46) rises for a seventh consecutive week, a seven-week rise of 32%; +3c [2.1%]",urn:newsml:newsroom:20240328:nNRAs7jicl:0,NS:GLOWEE,SABE.MC
2024-03-28 17:22:33.279,Monthly: Banco de Sabadell (SAB: EUR1.46) in top 1% performers of IBEX 35 Index in March 2024,urn:newsml:newsroom:20240328:nNRAs7juob:0,NS:GLOSTP,SABE.MC
2024-03-28 17:17:37.749,Banco de Sabadell (SAB: EUR1.46) lifts 1.4% strengthening above moving average price; +2c [1.4%],urn:newsml:newsroom:20240328:nNRAs7k1ad:0,NS:GLOSTO,SABE.MC
2024-03-27 17:17:24.443,Banco de Sabadell (SAB: EUR1.44) offers dividend yield of 3.5%; -1c [0.7%],urn:newsml:newsroom:20240327:nNRAs748iz:0,NS:GLOSTO,SABE.MC
2024-03-27 16:07:49.487,How Banco de Sabadell's Tax Rate compares to Its Peers,urn:newsml:newsroom:20240327:nNRAs73m1u:0,NS:GLOSTO,SABE.MC
2024-03-26 17:40:45.000,Banco de Sabadell SA - Annual report 2023,urn:newsml:reuters.com:20240326:nNDL9z4yXD:1,NS:PUBT,SABE.MC
2024-03-26 17:17:25.338,Banco de Sabadell (SAB: EUR1.45) hits year-high 10th time in one month; +2c [1.4%],urn:newsml:newsroom:20240326:nNRAs6qmvt:0,NS:GLOSTO,SABE.MC
2024-03-26 09:07:12.504,Investors concerned as Banco de Sabadell down in recent days,urn:newsml:newsroom:20240326:nNRAs6jhpf:0,NS:GLOROU,SABE.MC
2024-03-25 21:52:03.335,Banco de Sabadell's Earnings Growth Lags ICICI Bank,urn:newsml:newsroom:20240325:nNRAs6eold:0,NS:GLOROU,SABE.MC
2024-03-25 20:52:09.357,Banco de Sabadell's Earnings Growth Lags HDFC Bank,urn:newsml:newsroom:20240325:nNRAs6e4op:0,NS:GLOROU,SABE.MC
2024-03-25 18:52:13.247,Banco de Sabadell's Earnings Growth Lags PT Bank Mandiri,urn:newsml:newsroom:20240325:nNRAs6d5nj:0,NS:GLOROU,SABE.MC
2024-03-25 17:17:38.310,Banco de Sabadell (SAB: EUR1.43) falls 1.4% from 14-day high; -1c [0.7%],urn:newsml:newsroom:20240325:nNRAs6c961:0,NS:GLOSTO,SABE.MC
2024-03-25 15:07:35.426,How Banco de Sabadell's Tax Rate compares to Its Peers,urn:newsml:newsroom:20240325:nNRAs6b394:0,NS:GLOSTO,SABE.MC
2024-03-25 07:43:00.000,Spanish stocks - Factors to watch on March 25,urn:newsml:reuters.com:20240325:nL5N3G30V7:1,NS:RTRS,SABE.MC
2024-03-23 05:27:54.231,Weekly: Banco de Sabadell (SAB: EUR1.44) climbs 4.3%; +6c [4.3%],urn:newsml:newsroom:20240323:nNRAs5otvk:0,NS:GLOWEE,SABE.MC
2024-03-22 17:22:51.265,Weekly: Banco de Sabadell (SAB: EUR1.44) climbs 4.3%; +6c [4.3%],urn:newsml:newsroom:20240322:nNRAs5jfax:0,NS:GLOWEE,SABE.MC
2024-03-22 17:17:22.391,Banco de Sabadell (SAB: EUR1.44) hits year-high 9th time in one month; +1c [0.7%],urn:newsml:newsroom:20240322:nNRAs5jed8:0,NS:GLOSTO,SABE.MC
2024-03-22 15:23:35.000,"REFILE-UPDATE 1-Thousands of Spanish bank staff strike to demand pay rise, union says",urn:newsml:reuters.com:20240322:nL2N3G01IS:2,NS:RTRS,SABE.MC
2024-03-22 11:03:52.000,"Thousands of Spanish bank staff strike to demand pay rise, union says",urn:newsml:reuters.com:20240322:nL5N3FZ6F7:3,NS:RTRS,SABE.MC
2024-03-22 00:00:00.000,"Moody's affirms Baa1 long-term deposit and issuer ratings of TSB Bank plc and Baa3 long-term issuer rating of TSB Banking Group plc, outlook change...",urn:newsml:newsroom:20240323:nNRAs5qekv:0,NS:PLUCOM,SABE.MC
2024-03-21 05:07:50.188,Banco de Sabadell (OTCMKTS:BNDSF) Trading Down 1.3%,urn:newsml:newsroom:20240321:nNRAs4w4vz:0,NS:COMFIN,SABE.MC
2024-03-20 18:07:06.960,CaixaBank's Earnings Growth Lags Banco de Sabadell,urn:newsml:newsroom:20240320:nNRAs4qyy9:0,NS:GLOSTO,SABE.MC
2024-03-20 09:06:39.228,Investors look to see if Banco de Sabadell's recent rally will continue,urn:newsml:newsroom:20240320:nNRAs4jsyx:0,NS:GLOROU,SABE.MC
2024-03-20 07:12:57.974,Banco Sabadell already gained almost 20% in March and is the most bullish in Europe,urn:newsml:newsroom:20240320:nNRAs4io02:0,NS:NOTENG,SABE.MC
2024-03-19 17:17:19.110,Banco de Sabadell (SAB: EUR1.43) hits year-high 6th time in one month; +3c [2.1%],urn:newsml:newsroom:20240319:nNRAs4bs6m:0,NS:GLOSTO,SABE.MC
2024-03-19 14:13:18.908,Banco Sabadell launches an offensive to grow its self-employed business,urn:newsml:newsroom:20240319:nNRAs492b8:0,NS:NOTENG,SABE.MC
2024-03-18 17:17:19.568,Banco de Sabadell (SAB: EUR1.40) hits year-high 5th time in one month; +2c [1.4%],urn:newsml:newsroom:20240318:nNRAs3wt0p:0,NS:GLOSTO,SABE.MC
2024-03-18 12:52:45.000,"BUZZ-Citi sees European Banks' valuation cheap but Q1 miss likely, adds Barclays to top picks",urn:newsml:reuters.com:20240318:nL5N3FW2PG:1,NS:RTRS,SABE.MC
