versionCreated,headline,storyId,sourceCode,cRIC
2025-05-21 22:19:39.880,Banco Santander (SAN: PLN29.80) falls 1.5% from 14-day high; -46 PLN groszy [-1.5%],urn:newsml:newsroom:20250521:nNRAwfxbvo:0,NS:POLSTO,SAN.MC
2025-05-21 16:22:22.994,Banco Santander ADR (SAN US: $7.95) offers 15th lowest Price Earnings growth of 0.51 in the BNY Mellon Composite ADR Index; +$3.32 [71.7%],urn:newsml:newsroom:20250521:nNRAwft4ds:0,NS:GLOROU,SAN.MC
2025-05-21 16:22:21.864,"Past Week: Banco Santander (SAN: EUR7.04) rises for a third consecutive week, a three-week rise of 14%; +86c [13.9%]",urn:newsml:newsroom:20250521:nNRAwft4sq:0,NS:SPANEW,SAN.MC
2025-05-21 16:17:29.874,Banco Santander (SAN: EUR7.04) offers earnings yield of 9.3%,urn:newsml:newsroom:20250521:nNRAwft24c:0,NS:SPANEW,SAN.MC
2025-05-21 13:07:33.000,Santander UK plc - Issuer Document,urn:newsml:reuters.com:20250521:nNDL4V7jG:1,NS:PUBT,SAN.MC
2025-05-21 12:34:19.407,"Captrust Financial Advisors Has $310,000 Stake in Banco Santander, S.A. (NYSE:SAN)",urn:newsml:newsroom:20250521:nNRAwfprmw:0,NS:AMEBAN,SAN.MC
2025-05-21 11:57:30.000,LIVE MARKETS-Hot UK inflation: not as bad as it looks?,urn:newsml:reuters.com:20250521:nL4N3RT0XI:1,NS:RTRS,SAN.MC
2025-05-21 11:18:17.000,"LIVE MARKETS-Choppy waters now, but Europe bull case building - MS",urn:newsml:reuters.com:20250521:nL8N3RT0TD:1,NS:RTRS,SAN.MC
2025-05-21 10:43:48.000,Banco Santander SA - Solvency and financial condition report Santander Insurance Group,urn:newsml:reuters.com:20250521:nNDL9d2kkq:1,NS:PUBT,SAN.MC
2025-05-21 10:27:12.829,Banco Santander (LON:BNC) Sets New 52-Week High – Here's Why,urn:link:webnews:20250521:nNRAwfnn3y:0,NS:DAIPOL,SAN.MC
2025-05-21 10:18:36.322,Banco Santander (NYSE:SAN) Sets New 1-Year High – Should You Buy?,urn:newsml:newsroom:20250521:nNRAwfnhiy:0,NS:TRADAJ,SAN.MC
2025-05-21 09:54:04.998,EQS-AFR: Allane SE: Preliminary announcement of the publication of quarterly reports and quarterly/interim statements,urn:newsml:reuters.com:20250521:nEQ1JKBJa:1,NS:EQS,SAN.MC
2025-05-21 09:47:45.683,Banco Santander (LON:BNC) Sets New 12-Month High – What's Next?,urn:newsml:newsroom:20250521:nNRAwfn14h:0,NS:TICREP,SAN.MC
2025-05-21 09:47:38.854,Banco Santander (LON:BNC) Sets New 52-Week High – Here's Why,urn:newsml:newsroom:20250521:nNRAwfn1zv:0,NS:DAILYQ,SAN.MC
2025-05-21 09:12:15.462,How Banco Santander's dividend compares to Bankinter,urn:newsml:newsroom:20250521:nNRAwfmme8:0,NS:SPANEW,SAN.MC
2025-05-21 08:17:23.794,How Banco Santander's dividend compares to Banco de Sabadell,urn:newsml:newsroom:20250521:nNRAwflrrv:0,NS:SPANEW,SAN.MC
2025-05-21 08:17:22.714,How CaixaBank's dividend compares to Banco Santander,urn:newsml:newsroom:20250521:nNRAwflsgq:0,NS:SPANEW,SAN.MC
2025-05-21 07:17:50.840,How Banco Bilbao Vizcaya Argentaria's dividend compares to Banco Santander,urn:newsml:newsroom:20250521:nNRAwfky3g:0,NS:SPANEW,SAN.MC
2025-05-21 07:17:50.195,How Banco Santander's dividend compares to Banco Bilbao Vizcaya Argentaria,urn:newsml:newsroom:20250521:nNRAwfkydp:0,NS:SPANEW,SAN.MC
2025-05-21 06:18:19.895,How Banco Santander's dividend compares to CaixaBank,urn:newsml:newsroom:20250521:nNRAwfk1gg:0,NS:SPANEW,SAN.MC
2025-05-21 06:18:18.766,How Banco de Sabadell's dividend compares to Banco Santander,urn:newsml:newsroom:20250521:nNRAwfk1gh:0,NS:SPANEW,SAN.MC
2025-05-21 00:17:43.344,Can Banco Santander continue its gains?,urn:newsml:newsroom:20250521:nNRAwfgohe:0,NS:GLOSTO,SAN.MC
2025-05-20 22:14:40.744,"Banco Santander (SAN: PLN30.26) accelerates rise, up 4.0% in 2 days; +PLN1.17 [+4.0%] Vol Index 2.1 [1 is avg]",urn:newsml:newsroom:20250520:nNRAwffjr6:0,NS:POLSTO,SAN.MC
2025-05-20 16:22:40.018,"Past Week: Banco Santander (SAN: EUR7.04) rises for a second consecutive week, a two-week rise of 11%; +69c [10.9%]",urn:newsml:newsroom:20250520:nNRAwfbddx:0,NS:SPANEW,SAN.MC
2025-05-20 16:17:32.476,Banco Santander (SAN: EUR7.04) hits year-high 19th time in three months; +10c [+1.4%] Vol Index 1.4 [1 is avg],urn:newsml:newsroom:20250520:nNRAwfbb77:0,NS:SPANEW,SAN.MC
2025-05-20 15:37:01.576,Banco Santander ADR (SAN US: $7.95) offers 15th lowest Price Earnings growth of 0.51 in the BNY Mellon Composite ADR Index; +$3.32 [71.7%],urn:newsml:newsroom:20250520:nNRAwfaor5:0,NS:GLOROU,SAN.MC
2025-05-20 14:47:13.918,Is Banco Santander Chile (BSAC) Stock Outpacing Its Finance Peers This Year?,urn:newsml:reuters.com:20250520:nNRAwf9zbi:1,NS:ZACKSC,SAN.MC
2025-05-20 06:18:42.455,Banco Santander continues to underperform Unicaja Banco by 0.2% year to date,urn:newsml:newsroom:20250520:nNRAwf2joz:0,NS:SPANEW,SAN.MC
2025-05-20 00:17:03.618,Tuesday's Preview: Can Banco Santander continue its recent gains?,urn:newsml:newsroom:20250520:nNRAwez97m:0,NS:GLOSTO,SAN.MC
2025-05-19 22:14:26.458,Banco Santander (SAN: PLN29.55) hits year-high 20th time in three months; +46 PLN groszy [+1.6%] Vol Index 2.0 [1 is avg],urn:newsml:newsroom:20250519:nNRAweydvk:0,NS:POLSTO,SAN.MC
2025-05-19 16:23:31.657,Past Week: Banco Santander (SAN: EUR6.94) up 9% in 2 weeks; +56c [8.8%],urn:newsml:newsroom:20250519:nNRAweu6bc:0,NS:SPANEW,SAN.MC
2025-05-19 16:17:53.091,Banco Santander (SAN: EUR6.94) hits year-high 19th time in three months; +3c [+0.4%],urn:newsml:newsroom:20250519:nNRAweu0au:0,NS:SPANEW,SAN.MC
2025-05-19 15:38:24.331,Banco Santander ADR (SAN US: $7.80) offers 15th lowest Price Earnings growth of 0.5 in the BNY Mellon Composite ADR Index; +$3.17 [68.5%],urn:newsml:newsroom:20250519:nNRAwet8kk:0,NS:GLOROU,SAN.MC
2025-05-19 14:58:56.748,Bristol Myers Squibb First Quarter 13F Filing: Banco Santander increases its holding in Bristol Myers Squibb,urn:newsml:newsroom:20250519:nNRAwesogr:0,NS:NEWWIR,SAN.MC
2025-05-19 14:52:13.289,Bristol Myers Squibb First Quarter 13F Filing: Banco Santander increases its holding in Bristol Myers Squibb,urn:newsml:newsroom:20250519:nNRAweslj9:0,NS:NEWWIR,SAN.MC
2025-05-19 14:43:07.175,Bristol Myers Squibb First Quarter 13F Filing: Banco Santander increases its holding in Bristol Myers Squibb,urn:newsml:newsroom:20250519:nNRAwese2h:0,NS:NEWWIR,SAN.MC
2025-05-19 14:37:37.319,Bristol Myers Squibb First Quarter 13F Filing: Banco Santander increases its holding in Bristol Myers Squibb,urn:newsml:newsroom:20250519:nNRAwesbcy:0,NS:NEWWIR,SAN.MC
2025-05-19 14:34:12.835,Bristol Myers Squibb First Quarter 13F Filing: Banco Santander increases its holding in Bristol Myers Squibb,urn:newsml:newsroom:20250519:nNRAwesa5n:0,NS:NEWWIR,SAN.MC
2025-05-19 14:32:56.696,Bristol Myers Squibb First Quarter 13F Filing: Banco Santander increases its holding in Bristol Myers Squibb,urn:newsml:newsroom:20250519:nNRAwes9pm:0,NS:NEWWIR,SAN.MC
2025-05-19 14:28:39.416,Bristol Myers Squibb First Quarter 13F Filing: Banco Santander increases its holding in Bristol Myers Squibb,urn:newsml:newsroom:20250519:nNRAwes6ni:0,NS:NEWWIR,SAN.MC
2025-05-19 14:28:07.511,Bristol Myers Squibb First Quarter 13F Filing: Banco Santander increases its holding in Bristol Myers Squibb,urn:newsml:newsroom:20250519:nNRAwes7ms:0,NS:NEWWIR,SAN.MC
2025-05-19 13:57:29.989,Fitch Affirms Santander Holdings USA at 'A-'; Outlook Stable,urn:newsml:reuters.com:20250519:nFIT99z5N2:1,NS:FCH,SAN.MC
2025-05-19 12:02:42.332,Bristol Myers Squibb First Quarter 13F Filing: Banco Santander increases its holding in Bristol Myers Squibb,urn:newsml:newsroom:20250519:nNRAwepotl:0,NS:NEWWIR,SAN.MC
2025-05-19 11:52:46.325,Bristol Myers Squibb First Quarter 13F Filing: Banco Santander increases its holding in Bristol Myers Squibb,urn:newsml:newsroom:20250519:nNRAwepeoj:0,NS:NEWWIR,SAN.MC
2025-05-19 11:47:56.039,Bristol Myers Squibb First Quarter 13F Filing: Banco Santander increases its holding in Bristol Myers Squibb,urn:newsml:newsroom:20250519:nNRAwepcnr:0,NS:NEWWIR,SAN.MC
2025-05-19 11:43:03.360,Bristol Myers Squibb First Quarter 13F Filing: Banco Santander increases its holding in Bristol Myers Squibb,urn:newsml:newsroom:20250519:nNRAwep9a4:0,NS:NEWWIR,SAN.MC
2025-05-19 11:42:37.181,Bristol Myers Squibb First Quarter 13F Filing: Banco Santander increases its holding in Bristol Myers Squibb,urn:newsml:newsroom:20250519:nNRAwep9nu:0,NS:NEWWIR,SAN.MC
2025-05-19 11:38:21.522,Bristol Myers Squibb First Quarter 13F Filing: Banco Santander increases its holding in Bristol Myers Squibb,urn:newsml:newsroom:20250519:nNRAwep78a:0,NS:NEWWIR,SAN.MC
2025-05-19 11:33:49.038,Bristol Myers Squibb First Quarter 13F Filing: Banco Santander increases its holding in Bristol Myers Squibb,urn:newsml:newsroom:20250519:nNRAwep49f:0,NS:NEWWIR,SAN.MC
2025-05-19 11:33:24.071,Bristol Myers Squibb First Quarter 13F Filing: Banco Santander increases its holding in Bristol Myers Squibb,urn:newsml:newsroom:20250519:nNRAwep2jh:0,NS:NEWWIR,SAN.MC
2025-05-19 09:12:07.663,Banco Santander continues to outperform CaixaBank by 11.8% year to date,urn:newsml:newsroom:20250519:nNRAwentc5:0,NS:SPANEW,SAN.MC
2025-05-19 08:57:04.356,"Banco Santander, S.A. (NYSE:SAN) Given Consensus Rating of ""Buy"" by Analysts",urn:newsml:newsroom:20250519:nNRAwenqvy:0,NS:TICREP,SAN.MC
2025-05-19 08:17:22.994,Banco Santander continues to outperform Bankinter by 5.8% year to date,urn:newsml:newsroom:20250519:nNRAwenmfh:0,NS:SPANEW,SAN.MC
2025-05-19 08:17:22.020,CaixaBank continues to underperform Banco Santander by 11.8% year to date,urn:newsml:newsroom:20250519:nNRAwennxb:0,NS:SPANEW,SAN.MC
2025-05-19 07:17:54.997,Banco Bilbao Vizcaya Argentaria continues to underperform Banco Santander by 13.1% year to date,urn:newsml:newsroom:20250519:nNRAwen40v:0,NS:SPANEW,SAN.MC
2025-05-19 07:17:54.395,Banco Santander continues to outperform Banco de Sabadell by 9.7% year to date,urn:newsml:newsroom:20250519:nNRAwen40w:0,NS:SPANEW,SAN.MC
2025-05-19 07:03:04.112,Bristol Myers Squibb First Quarter 13F Filing: Banco Santander increases its holding in Bristol Myers Squibb,urn:newsml:newsroom:20250519:nNRAwemvjy:0,NS:NEWWIR,SAN.MC
2025-05-19 06:57:15.987,Bristol Myers Squibb First Quarter 13F Filing: Banco Santander increases its holding in Bristol Myers Squibb,urn:newsml:newsroom:20250519:nNRAwems3c:0,NS:NEWWIR,SAN.MC
2025-05-19 06:52:27.821,Bristol Myers Squibb First Quarter 13F Filing: Banco Santander increases its holding in Bristol Myers Squibb,urn:newsml:newsroom:20250519:nNRAwemrmy:0,NS:NEWWIR,SAN.MC
2025-05-19 06:44:15.906,Bristol Myers Squibb First Quarter 13F Filing: Banco Santander increases its holding in Bristol Myers Squibb,urn:newsml:newsroom:20250519:nNRAwemnzk:0,NS:NEWWIR,SAN.MC
2025-05-19 06:43:56.493,Bristol Myers Squibb First Quarter 13F Filing: Banco Santander increases its holding in Bristol Myers Squibb,urn:newsml:newsroom:20250519:nNRAwemp0a:0,NS:NEWWIR,SAN.MC
2025-05-19 06:39:04.059,Bristol Myers Squibb First Quarter 13F Filing: Banco Santander increases its holding in Bristol Myers Squibb,urn:newsml:newsroom:20250519:nNRAwemn2e:0,NS:NEWWIR,SAN.MC
2025-05-19 06:38:18.779,Bristol Myers Squibb First Quarter 13F Filing: Banco Santander increases its holding in Bristol Myers Squibb,urn:newsml:newsroom:20250519:nNRAwemn1n:0,NS:NEWWIR,SAN.MC
2025-05-19 06:34:27.934,Bristol Myers Squibb First Quarter 13F Filing: Banco Santander increases its holding in Bristol Myers Squibb,urn:newsml:newsroom:20250519:nNRAwemkuv:0,NS:NEWWIR,SAN.MC
2025-05-19 06:28:36.731,Weekly: Banco Santander (SAN: EUR6.91) shares post best week in three weeks; +26c [3.9%],urn:newsml:newsroom:20250519:nNRAwemhqx:0,NS:SPANEW,SAN.MC
2025-05-19 06:18:12.499,Banco Santander continues to outperform Banco Bilbao Vizcaya Argentaria by 13.1% year to date,urn:newsml:newsroom:20250519:nNRAwem92p:0,NS:SPANEW,SAN.MC
2025-05-18 12:07:25.976,"Banco Santander Brasil ADR jumps 36% in 2025, outperforming 88% of the market",urn:newsml:newsroom:20250518:nNRAwega31:0,NS:GLOROU,SAN.MC
2025-05-18 06:07:16.007,"Banco Santander Brasil ADR jumps 36% in 2025, outperforming 88% of the market",urn:newsml:newsroom:20250518:nNRAwee0gr:0,NS:GLOROU,SAN.MC
2025-05-18 03:33:31.417,Caterpillar First Quarter 13F Filing: Banco Santander reduces its shares by 16.8%,urn:newsml:newsroom:20250518:nNRAwed7h6:0,NS:NEWWIR,SAN.MC
2025-05-18 03:32:42.587,Caterpillar First Quarter 13F Filing: Banco Santander reduces its shares by 16.8%,urn:newsml:newsroom:20250518:nNRAwed8fm:0,NS:NEWWIR,SAN.MC
2025-05-18 03:28:22.174,Caterpillar First Quarter 13F Filing: Banco Santander reduces its shares by 16.8%,urn:newsml:newsroom:20250518:nNRAwed82x:0,NS:NEWWIR,SAN.MC
2025-05-18 03:27:48.195,Bristol Myers Squibb First Quarter 13F Filing: Banco Santander increases its holding in Bristol Myers Squibb,urn:newsml:newsroom:20250518:nNRAwed7mj:0,NS:NEWWIR,SAN.MC
2025-05-18 03:24:16.702,Caterpillar First Quarter 13F Filing: Banco Santander reduces its shares by 16.8%,urn:newsml:newsroom:20250518:nNRAwed6jc:0,NS:NEWWIR,SAN.MC
2025-05-18 03:18:07.700,Caterpillar First Quarter 13F Filing: Banco Santander reduces its shares by 16.8%,urn:newsml:newsroom:20250518:nNRAwed6qz:0,NS:NEWWIR,SAN.MC
2025-05-18 03:12:54.131,Caterpillar First Quarter 13F Filing: Banco Santander reduces its shares by 16.8%,urn:newsml:newsroom:20250518:nNRAwed4c2:0,NS:NEWWIR,SAN.MC
2025-05-18 03:12:45.381,Bristol Myers Squibb First Quarter 13F Filing: Banco Santander increases its holding in Bristol Myers Squibb,urn:newsml:newsroom:20250518:nNRAwed4bw:0,NS:NEWWIR,SAN.MC
2025-05-18 03:08:07.793,Caterpillar First Quarter 13F Filing: Banco Santander reduces its shares by 16.8%,urn:newsml:newsroom:20250518:nNRAwed44z:0,NS:NEWWIR,SAN.MC
2025-05-18 03:07:34.155,Caterpillar First Quarter 13F Filing: Banco Santander reduces its shares by 16.8%,urn:newsml:newsroom:20250518:nNRAwed3mk:0,NS:NEWWIR,SAN.MC
2025-05-18 02:59:23.230,Caterpillar First Quarter 13F Filing: Banco Santander reduces its shares by 16.8%,urn:newsml:newsroom:20250518:nNRAwed1w9:0,NS:NEWWIR,SAN.MC
2025-05-18 02:59:22.235,Bristol Myers Squibb First Quarter 13F Filing: Banco Santander increases its holding in Bristol Myers Squibb,urn:newsml:newsroom:20250518:nNRAwed2j1:0,NS:NEWWIR,SAN.MC
2025-05-18 02:52:58.769,Caterpillar First Quarter 13F Filing: Banco Santander reduces its shares by 16.8%,urn:newsml:newsroom:20250518:nNRAwed2vk:0,NS:NEWWIR,SAN.MC
2025-05-18 02:52:39.931,Bristol Myers Squibb First Quarter 13F Filing: Banco Santander increases its holding in Bristol Myers Squibb,urn:newsml:newsroom:20250518:nNRAwed1rm:0,NS:NEWWIR,SAN.MC
2025-05-18 02:47:39.356,Bristol Myers Squibb First Quarter 13F Filing: Banco Santander increases its holding in Bristol Myers Squibb,urn:newsml:newsroom:20250518:nNRAwecm5z:0,NS:NEWWIR,SAN.MC
2025-05-18 02:42:15.300,Bristol Myers Squibb First Quarter 13F Filing: Banco Santander increases its holding in Bristol Myers Squibb,urn:newsml:newsroom:20250518:nNRAwecn4q:0,NS:NEWWIR,SAN.MC
2025-05-18 02:37:24.334,Bristol Myers Squibb First Quarter 13F Filing: Banco Santander increases its holding in Bristol Myers Squibb,urn:newsml:newsroom:20250518:nNRAwecj7v:0,NS:NEWWIR,SAN.MC
2025-05-18 02:29:14.440,Bristol Myers Squibb First Quarter 13F Filing: Banco Santander increases its holding in Bristol Myers Squibb,urn:newsml:newsroom:20250518:nNRAwecghf:0,NS:NEWWIR,SAN.MC
2025-05-18 02:28:53.374,Bristol Myers Squibb First Quarter 13F Filing: Banco Santander increases its holding in Bristol Myers Squibb,urn:newsml:newsroom:20250518:nNRAwech18:0,NS:NEWWIR,SAN.MC
2025-05-18 02:24:18.752,Bristol Myers Squibb First Quarter 13F Filing: Banco Santander increases its holding in Bristol Myers Squibb,urn:newsml:newsroom:20250518:nNRAwechoy:0,NS:NEWWIR,SAN.MC
2025-05-18 02:23:28.926,Bristol Myers Squibb First Quarter 13F Filing: Banco Santander increases its holding in Bristol Myers Squibb,urn:newsml:newsroom:20250518:nNRAwecgna:0,NS:NEWWIR,SAN.MC
2025-05-18 02:23:05.108,Bristol Myers Squibb First Quarter 13F Filing: Banco Santander increases its holding in Bristol Myers Squibb,urn:newsml:newsroom:20250518:nNRAwecgbp:0,NS:NEWWIR,SAN.MC
2025-05-17 23:33:31.199,Caterpillar First Quarter 13F Filing: Banco Santander reduces its shares by 16.8%,urn:newsml:newsroom:20250517:nNRAwebuip:0,NS:NEWWIR,SAN.MC
2025-05-17 23:32:41.784,Caterpillar First Quarter 13F Filing: Banco Santander reduces its shares by 16.8%,urn:newsml:newsroom:20250517:nNRAwebswl:0,NS:NEWWIR,SAN.MC
2025-05-17 23:28:26.873,Caterpillar First Quarter 13F Filing: Banco Santander reduces its shares by 16.8%,urn:newsml:newsroom:20250517:nNRAwebrs1:0,NS:NEWWIR,SAN.MC
2025-05-17 23:27:51.536,Bristol Myers Squibb First Quarter 13F Filing: Banco Santander increases its holding in Bristol Myers Squibb,urn:newsml:newsroom:20250517:nNRAwebsr2:0,NS:NEWWIR,SAN.MC
2025-05-17 23:24:26.684,Caterpillar First Quarter 13F Filing: Banco Santander reduces its shares by 16.8%,urn:newsml:newsroom:20250517:nNRAwebrx6:0,NS:NEWWIR,SAN.MC
2025-05-17 23:18:15.466,Caterpillar First Quarter 13F Filing: Banco Santander reduces its shares by 16.8%,urn:newsml:newsroom:20250517:nNRAwebqhc:0,NS:NEWWIR,SAN.MC
2025-05-17 23:12:54.326,Caterpillar First Quarter 13F Filing: Banco Santander reduces its shares by 16.8%,urn:newsml:newsroom:20250517:nNRAwebr1t:0,NS:NEWWIR,SAN.MC
2025-05-17 23:12:48.672,Bristol Myers Squibb First Quarter 13F Filing: Banco Santander increases its holding in Bristol Myers Squibb,urn:newsml:newsroom:20250517:nNRAwebq0y:0,NS:NEWWIR,SAN.MC
2025-05-17 23:08:09.078,Caterpillar First Quarter 13F Filing: Banco Santander reduces its shares by 16.8%,urn:newsml:newsroom:20250517:nNRAwebnjk:0,NS:NEWWIR,SAN.MC
2025-05-17 23:07:36.206,Caterpillar First Quarter 13F Filing: Banco Santander reduces its shares by 16.8%,urn:newsml:newsroom:20250517:nNRAwebov5:0,NS:NEWWIR,SAN.MC
2025-05-17 23:07:32.386,Bristol Myers Squibb First Quarter 13F Filing: Banco Santander increases its holding in Bristol Myers Squibb,urn:newsml:newsroom:20250517:nNRAwebnw3:0,NS:NEWWIR,SAN.MC
2025-05-17 22:59:31.326,Bristol Myers Squibb First Quarter 13F Filing: Banco Santander increases its holding in Bristol Myers Squibb,urn:newsml:newsroom:20250517:nNRAwebmb8:0,NS:NEWWIR,SAN.MC
2025-05-17 22:59:21.801,Caterpillar First Quarter 13F Filing: Banco Santander reduces its shares by 16.8%,urn:newsml:newsroom:20250517:nNRAwebmb9:0,NS:NEWWIR,SAN.MC
2025-05-17 22:53:01.605,Caterpillar First Quarter 13F Filing: Banco Santander reduces its shares by 16.8%,urn:newsml:newsroom:20250517:nNRAweblj1:0,NS:NEWWIR,SAN.MC
2025-05-17 22:52:41.314,Bristol Myers Squibb First Quarter 13F Filing: Banco Santander increases its holding in Bristol Myers Squibb,urn:newsml:newsroom:20250517:nNRAwebm4w:0,NS:NEWWIR,SAN.MC
2025-05-17 22:47:40.747,Bristol Myers Squibb First Quarter 13F Filing: Banco Santander increases its holding in Bristol Myers Squibb,urn:newsml:newsroom:20250517:nNRAwebl09:0,NS:NEWWIR,SAN.MC
2025-05-17 22:42:15.412,Bristol Myers Squibb First Quarter 13F Filing: Banco Santander increases its holding in Bristol Myers Squibb,urn:newsml:newsroom:20250517:nNRAwebjaw:0,NS:NEWWIR,SAN.MC
2025-05-17 22:29:13.884,Bristol Myers Squibb First Quarter 13F Filing: Banco Santander increases its holding in Bristol Myers Squibb,urn:newsml:newsroom:20250517:nNRAwebicb:0,NS:NEWWIR,SAN.MC
2025-05-17 22:28:48.408,Bristol Myers Squibb First Quarter 13F Filing: Banco Santander increases its holding in Bristol Myers Squibb,urn:newsml:newsroom:20250517:nNRAwebiku:0,NS:NEWWIR,SAN.MC
2025-05-17 22:24:24.504,Bristol Myers Squibb First Quarter 13F Filing: Banco Santander increases its holding in Bristol Myers Squibb,urn:newsml:newsroom:20250517:nNRAwebhi9:0,NS:NEWWIR,SAN.MC
2025-05-17 22:23:33.757,Bristol Myers Squibb First Quarter 13F Filing: Banco Santander increases its holding in Bristol Myers Squibb,urn:newsml:newsroom:20250517:nNRAwebi62:0,NS:NEWWIR,SAN.MC
2025-05-17 22:23:07.013,Bristol Myers Squibb First Quarter 13F Filing: Banco Santander increases its holding in Bristol Myers Squibb,urn:newsml:newsroom:20250517:nNRAwebggr:0,NS:NEWWIR,SAN.MC
2025-05-17 20:12:27.469,Getnet consolidates its position as a strategic pillar for Banco Santander,urn:newsml:newsroom:20250517:nNRAweb0fl:0,NS:NOTENG,SAN.MC
2025-05-17 17:28:25.103,Caterpillar First Quarter 13F Filing: Banco Santander reduces its shares by 16.8%,urn:newsml:newsroom:20250517:nNRAwea94u:0,NS:NEWWIR,SAN.MC
2025-05-17 17:22:52.734,Caterpillar First Quarter 13F Filing: Banco Santander reduces its shares by 16.8%,urn:newsml:newsroom:20250517:nNRAwea6xm:0,NS:NEWWIR,SAN.MC
2025-05-17 17:22:51.543,Caterpillar First Quarter 13F Filing: Banco Santander reduces its shares by 16.8%,urn:newsml:newsroom:20250517:nNRAwea8ce:0,NS:NEWWIR,SAN.MC
2025-05-17 17:17:32.131,Caterpillar First Quarter 13F Filing: Banco Santander reduces its shares by 16.8%,urn:newsml:newsroom:20250517:nNRAwea6u2:0,NS:NEWWIR,SAN.MC
2025-05-17 17:17:30.939,Caterpillar First Quarter 13F Filing: Banco Santander reduces its shares by 16.8%,urn:newsml:newsroom:20250517:nNRAwea7w2:0,NS:NEWWIR,SAN.MC
2025-05-17 17:13:06.718,Bristol Myers Squibb First Quarter 13F Filing: Banco Santander increases its holding in Bristol Myers Squibb,urn:newsml:newsroom:20250517:nNRAwea57f:0,NS:NEWWIR,SAN.MC
2025-05-17 17:13:05.744,Bristol Myers Squibb First Quarter 13F Filing: Banco Santander increases its holding in Bristol Myers Squibb,urn:newsml:newsroom:20250517:nNRAwea3xw:0,NS:NEWWIR,SAN.MC
2025-05-17 17:09:02.654,Caterpillar First Quarter 13F Filing: Banco Santander reduces its shares by 16.8%,urn:newsml:newsroom:20250517:nNRAwea33b:0,NS:NEWWIR,SAN.MC
2025-05-17 17:09:01.766,Caterpillar First Quarter 13F Filing: Banco Santander reduces its shares by 16.8%,urn:newsml:newsroom:20250517:nNRAwea3rc:0,NS:NEWWIR,SAN.MC
2025-05-17 16:53:23.946,Caterpillar First Quarter 13F Filing: Banco Santander reduces its shares by 16.8%,urn:newsml:newsroom:20250517:nNRAwe9zd8:0,NS:NEWWIR,SAN.MC
2025-05-17 16:53:16.389,Caterpillar First Quarter 13F Filing: Banco Santander reduces its shares by 16.8%,urn:newsml:newsroom:20250517:nNRAwea0lx:0,NS:NEWWIR,SAN.MC
2025-05-17 16:47:59.682,Caterpillar First Quarter 13F Filing: Banco Santander reduces its shares by 16.8%,urn:newsml:newsroom:20250517:nNRAwe9zs3:0,NS:NEWWIR,SAN.MC
2025-05-17 16:44:54.306,Caterpillar First Quarter 13F Filing: Banco Santander reduces its shares by 16.8%,urn:newsml:newsroom:20250517:nNRAwe9wzn:0,NS:NEWWIR,SAN.MC
2025-05-17 16:44:44.555,Caterpillar First Quarter 13F Filing: Banco Santander reduces its shares by 16.8%,urn:newsml:newsroom:20250517:nNRAwe9xmr:0,NS:NEWWIR,SAN.MC
2025-05-17 16:44:41.848,Caterpillar First Quarter 13F Filing: Banco Santander reduces its shares by 16.8%,urn:newsml:newsroom:20250517:nNRAwe9xy1:0,NS:NEWWIR,SAN.MC
2025-05-17 16:44:01.755,Bristol Myers Squibb First Quarter 13F Filing: Banco Santander increases its holding in Bristol Myers Squibb,urn:newsml:newsroom:20250517:nNRAwe9y8h:0,NS:NEWWIR,SAN.MC
2025-05-17 16:43:59.674,Bristol Myers Squibb First Quarter 13F Filing: Banco Santander increases its holding in Bristol Myers Squibb,urn:newsml:newsroom:20250517:nNRAwe9xlj:0,NS:NEWWIR,SAN.MC
2025-05-17 16:43:42.811,Bristol Myers Squibb First Quarter 13F Filing: Banco Santander increases its holding in Bristol Myers Squibb,urn:newsml:newsroom:20250517:nNRAwe9ynf:0,NS:NEWWIR,SAN.MC
2025-05-17 16:39:05.652,Caterpillar First Quarter 13F Filing: Banco Santander reduces its shares by 16.8%,urn:newsml:newsroom:20250517:nNRAwe9x31:0,NS:NEWWIR,SAN.MC
2025-05-17 16:29:51.800,Caterpillar First Quarter 13F Filing: Banco Santander reduces its shares by 16.8%,urn:newsml:newsroom:20250517:nNRAwe9tkf:0,NS:NEWWIR,SAN.MC
2025-05-17 16:29:37.961,Caterpillar First Quarter 13F Filing: Banco Santander reduces its shares by 16.8%,urn:newsml:newsroom:20250517:nNRAwe9tk4:0,NS:NEWWIR,SAN.MC
2025-05-17 16:29:37.113,Caterpillar First Quarter 13F Filing: Banco Santander reduces its shares by 16.8%,urn:newsml:newsroom:20250517:nNRAwe9uj0:0,NS:NEWWIR,SAN.MC
2025-05-17 16:28:25.004,Caterpillar First Quarter 13F Filing: Banco Santander reduces its shares by 16.8%,urn:newsml:newsroom:20250517:nNRAwe9v68:0,NS:NEWWIR,SAN.MC
2025-05-17 16:28:24.184,Caterpillar First Quarter 13F Filing: Banco Santander reduces its shares by 16.8%,urn:newsml:newsroom:20250517:nNRAwe9ur5:0,NS:NEWWIR,SAN.MC
2025-05-17 16:28:19.328,Bristol Myers Squibb First Quarter 13F Filing: Banco Santander increases its holding in Bristol Myers Squibb,urn:newsml:newsroom:20250517:nNRAwe9v63:0,NS:NEWWIR,SAN.MC
2025-05-17 16:28:18.727,Bristol Myers Squibb First Quarter 13F Filing: Banco Santander increases its holding in Bristol Myers Squibb,urn:newsml:newsroom:20250517:nNRAwe9ur1:0,NS:NEWWIR,SAN.MC
2025-05-17 16:24:41.579,Caterpillar First Quarter 13F Filing: Banco Santander reduces its shares by 16.8%,urn:newsml:newsroom:20250517:nNRAwe9u4y:0,NS:NEWWIR,SAN.MC
2025-05-17 16:24:29.519,Bristol Myers Squibb First Quarter 13F Filing: Banco Santander increases its holding in Bristol Myers Squibb,urn:newsml:newsroom:20250517:nNRAwe9tfn:0,NS:NEWWIR,SAN.MC
2025-05-17 16:19:20.381,Caterpillar First Quarter 13F Filing: Banco Santander reduces its shares by 16.8%,urn:newsml:newsroom:20250517:nNRAwe9t9w:0,NS:NEWWIR,SAN.MC
2025-05-17 16:18:46.099,Caterpillar First Quarter 13F Filing: Banco Santander reduces its shares by 16.8%,urn:newsml:newsroom:20250517:nNRAwe9swy:0,NS:NEWWIR,SAN.MC
2025-05-17 16:18:40.638,Bristol Myers Squibb First Quarter 13F Filing: Banco Santander increases its holding in Bristol Myers Squibb,urn:newsml:newsroom:20250517:nNRAwe9swu:0,NS:NEWWIR,SAN.MC
2025-05-17 16:05:11.971,Caterpillar First Quarter 13F Filing: Banco Santander reduces its shares by 16.8%,urn:newsml:newsroom:20250517:nNRAwe9pkx:0,NS:NEWWIR,SAN.MC
2025-05-17 16:05:11.396,Caterpillar First Quarter 13F Filing: Banco Santander reduces its shares by 16.8%,urn:newsml:newsroom:20250517:nNRAwe9pku:0,NS:NEWWIR,SAN.MC
2025-05-17 16:05:09.919,Bristol Myers Squibb First Quarter 13F Filing: Banco Santander increases its holding in Bristol Myers Squibb,urn:newsml:newsroom:20250517:nNRAwe9pto:0,NS:NEWWIR,SAN.MC
2025-05-17 16:05:08.987,Bristol Myers Squibb First Quarter 13F Filing: Banco Santander increases its holding in Bristol Myers Squibb,urn:newsml:newsroom:20250517:nNRAwe9ptj:0,NS:NEWWIR,SAN.MC
2025-05-17 16:04:45.499,Bristol Myers Squibb First Quarter 13F Filing: Banco Santander increases its holding in Bristol Myers Squibb,urn:newsml:newsroom:20250517:nNRAwe9pt5:0,NS:NEWWIR,SAN.MC
2025-05-17 16:04:40.359,Caterpillar First Quarter 13F Filing: Banco Santander reduces its shares by 16.8%,urn:newsml:newsroom:20250517:nNRAwe9oi1:0,NS:NEWWIR,SAN.MC
2025-05-17 15:39:01.787,Caterpillar First Quarter 13F Filing: Banco Santander reduces its shares by 16.8%,urn:newsml:newsroom:20250517:nNRAwe9g5o:0,NS:NEWWIR,SAN.MC
2025-05-17 15:39:00.850,Caterpillar First Quarter 13F Filing: Banco Santander reduces its shares by 16.8%,urn:newsml:newsroom:20250517:nNRAwe9g5l:0,NS:NEWWIR,SAN.MC
2025-05-17 15:38:21.539,Bristol Myers Squibb First Quarter 13F Filing: Banco Santander increases its holding in Bristol Myers Squibb,urn:newsml:newsroom:20250517:nNRAwe9frt:0,NS:NEWWIR,SAN.MC
2025-05-17 15:38:20.741,Bristol Myers Squibb First Quarter 13F Filing: Banco Santander increases its holding in Bristol Myers Squibb,urn:newsml:newsroom:20250517:nNRAwe9frs:0,NS:NEWWIR,SAN.MC
2025-05-17 13:51:58.216,Caterpillar First Quarter 13F Filing: Banco Santander reduces its shares by 16.8%,urn:newsml:newsroom:20250517:nNRAwe8r02:0,NS:NEWWIR,SAN.MC
2025-05-17 12:42:07.722,Caterpillar First Quarter 13F Filing: Banco Santander reduces its shares by 16.8%,urn:newsml:newsroom:20250517:nNRAwe8bfh:0,NS:NEWWIR,SAN.MC
2025-05-17 11:47:13.041,Caterpillar First Quarter 13F Filing: Banco Santander reduces its shares by 16.8%,urn:newsml:newsroom:20250517:nNRAwe7v94:0,NS:NEWWIR,SAN.MC
2025-05-17 11:39:37.031,Caterpillar First Quarter 13F Filing: Banco Santander reduces its shares by 16.8%,urn:newsml:newsroom:20250517:nNRAwe7uln:0,NS:NEWWIR,SAN.MC
2025-05-17 11:33:14.553,Caterpillar First Quarter 13F Filing: Banco Santander reduces its shares by 16.8%,urn:newsml:newsroom:20250517:nNRAwe7rav:0,NS:NEWWIR,SAN.MC
2025-05-17 11:28:35.788,Caterpillar First Quarter 13F Filing: Banco Santander reduces its shares by 16.8%,urn:newsml:newsroom:20250517:nNRAwe7onx:0,NS:NEWWIR,SAN.MC
2025-05-17 11:28:28.070,Bristol Myers Squibb First Quarter 13F Filing: Banco Santander increases its holding in Bristol Myers Squibb,urn:newsml:newsroom:20250517:nNRAwe7pho:0,NS:NEWWIR,SAN.MC
2025-05-17 11:23:53.485,Caterpillar First Quarter 13F Filing: Banco Santander reduces its shares by 16.8%,urn:newsml:newsroom:20250517:nNRAwe7pbb:0,NS:NEWWIR,SAN.MC
2025-05-17 11:23:21.682,Caterpillar First Quarter 13F Filing: Banco Santander reduces its shares by 16.8%,urn:newsml:newsroom:20250517:nNRAwe7pod:0,NS:NEWWIR,SAN.MC
2025-05-17 11:23:17.882,Bristol Myers Squibb First Quarter 13F Filing: Banco Santander increases its holding in Bristol Myers Squibb,urn:newsml:newsroom:20250517:nNRAwe7ohq:0,NS:NEWWIR,SAN.MC
2025-05-17 11:19:24.238,Bristol Myers Squibb First Quarter 13F Filing: Banco Santander increases its holding in Bristol Myers Squibb,urn:newsml:newsroom:20250517:nNRAwe7nlh:0,NS:NEWWIR,SAN.MC
2025-05-17 11:14:30.944,Caterpillar First Quarter 13F Filing: Banco Santander reduces its shares by 16.8%,urn:newsml:newsroom:20250517:nNRAwe7nr4:0,NS:NEWWIR,SAN.MC
2025-05-17 11:14:30.169,Bristol Myers Squibb First Quarter 13F Filing: Banco Santander increases its holding in Bristol Myers Squibb,urn:newsml:newsroom:20250517:nNRAwe7mle:0,NS:NEWWIR,SAN.MC
2025-05-17 11:08:19.426,Caterpillar First Quarter 13F Filing: Banco Santander reduces its shares by 16.8%,urn:newsml:newsroom:20250517:nNRAwe7kza:0,NS:NEWWIR,SAN.MC
2025-05-17 11:07:56.818,Bristol Myers Squibb First Quarter 13F Filing: Banco Santander increases its holding in Bristol Myers Squibb,urn:newsml:newsroom:20250517:nNRAwe7jqh:0,NS:NEWWIR,SAN.MC
2025-05-17 11:02:19.798,Caterpillar First Quarter 13F Filing: Banco Santander reduces its shares by 16.8%,urn:newsml:newsroom:20250517:nNRAwe7ic3:0,NS:NEWWIR,SAN.MC
2025-05-17 09:42:13.914,Caterpillar First Quarter 13F Filing: Banco Santander reduces its shares by 16.8%,urn:newsml:newsroom:20250517:nNRAwe6qlq:0,NS:NEWWIR,SAN.MC
2025-05-17 09:35:35.425,Banco Santander (NYSE:SAN) Sets New 52-Week High – Here's What Happened,urn:newsml:newsroom:20250517:nNRAwe6oqd:0,NS:STOOBS,SAN.MC
2025-05-17 09:02:06.477,Banco Santander (NYSE:SAN) Sets New 52-Week High – Here's What Happened,urn:newsml:newsroom:20250517:nNRAwe6cvc:0,NS:TRADAJ,SAN.MC
2025-05-17 08:57:01.176,Caterpillar First Quarter 13F Filing: Banco Santander reduces its shares by 16.8%,urn:newsml:newsroom:20250517:nNRAwe6c2l:0,NS:NEWWIR,SAN.MC
2025-05-17 08:52:01.841,Bristol Myers Squibb First Quarter 13F Filing: Banco Santander increases its holding in Bristol Myers Squibb,urn:newsml:newsroom:20250517:nNRAwe6awy:0,NS:NEWWIR,SAN.MC
2025-05-17 07:51:57.897,Caterpillar First Quarter 13F Filing: Banco Santander reduces its shares by 16.8%,urn:newsml:newsroom:20250517:nNRAwe5wlz:0,NS:NEWWIR,SAN.MC
2025-05-17 07:21:45.029,Caterpillar First Quarter 13F Filing: Banco Santander reduces its shares by 16.8%,urn:newsml:newsroom:20250517:nNRAwe5ohk:0,NS:NEWWIR,SAN.MC
2025-05-17 07:17:00.390,Bristol Myers Squibb First Quarter 13F Filing: Banco Santander increases its holding in Bristol Myers Squibb,urn:newsml:newsroom:20250517:nNRAwe5nev:0,NS:NEWWIR,SAN.MC
2025-05-17 06:18:52.859,Caterpillar First Quarter 13F Filing: Banco Santander reduces its shares by 16.8%,urn:newsml:newsroom:20250517:nNRAwe53pg:0,NS:NEWWIR,SAN.MC
2025-05-17 06:18:52.092,Bristol Myers Squibb First Quarter 13F Filing: Banco Santander increases its holding in Bristol Myers Squibb,urn:newsml:newsroom:20250517:nNRAwe53pf:0,NS:NEWWIR,SAN.MC
2025-05-17 06:12:32.024,Caterpillar First Quarter 13F Filing: Banco Santander reduces its shares by 16.8%,urn:newsml:newsroom:20250517:nNRAwe514c:0,NS:NEWWIR,SAN.MC
2025-05-17 06:07:46.936,Bristol Myers Squibb First Quarter 13F Filing: Banco Santander increases its holding in Bristol Myers Squibb,urn:newsml:newsroom:20250517:nNRAwe4zy2:0,NS:NEWWIR,SAN.MC
2025-05-17 05:47:17.038,Caterpillar First Quarter 13F Filing: Banco Santander reduces its shares by 16.8%,urn:newsml:newsroom:20250517:nNRAwe4vj6:0,NS:NEWWIR,SAN.MC
2025-05-17 05:47:15.993,Bristol Myers Squibb First Quarter 13F Filing: Banco Santander increases its holding in Bristol Myers Squibb,urn:newsml:newsroom:20250517:nNRAwe4w5p:0,NS:NEWWIR,SAN.MC
2025-05-17 04:51:53.080,Caterpillar First Quarter 13F Filing: Banco Santander reduces its shares by 16.8%,urn:newsml:newsroom:20250517:nNRAwe4gdf:0,NS:NEWWIR,SAN.MC
2025-05-17 04:32:06.870,Bristol Myers Squibb First Quarter 13F Filing: Banco Santander increases its holding in Bristol Myers Squibb,urn:newsml:newsroom:20250517:nNRAwe4c8u:0,NS:NEWWIR,SAN.MC
2025-05-17 04:27:57.092,Weekly: Banco Santander (SAN: PLN29.09) accelerates rise: up 8% in 2 weeks; +PLN1.19 [4.3%],urn:newsml:newsroom:20250517:nNRAwe4bez:0,NS:GLOWEE,SAN.MC
2025-05-17 04:27:54.723,Weekly: Banco Santander (SAN: EUR6.91) shares post best week in three weeks; +26c [3.9%],urn:newsml:newsroom:20250517:nNRAwe4c3a:0,NS:GLOWEE,SAN.MC
2025-05-17 03:42:03.953,Bristol Myers Squibb First Quarter 13F Filing: Banco Santander increases its holding in Bristol Myers Squibb,urn:newsml:newsroom:20250517:nNRAwe3xr5:0,NS:NEWWIR,SAN.MC
2025-05-17 03:02:57.593,"Banco Santander Brasil ADR jumps 36% in 2025, outperforming 88% of the market",urn:newsml:newsroom:20250517:nNRAwe3r8n:0,NS:GLOROU,SAN.MC
2025-05-17 02:47:10.951,Bristol Myers Squibb First Quarter 13F Filing: Banco Santander increases its holding in Bristol Myers Squibb,urn:newsml:newsroom:20250517:nNRAwe3k95:0,NS:NEWWIR,SAN.MC
2025-05-17 02:01:55.774,Bristol Myers Squibb First Quarter 13F Filing: Banco Santander increases its holding in Bristol Myers Squibb,urn:newsml:newsroom:20250517:nNRAwe2xqq:0,NS:NEWWIR,SAN.MC
2025-05-17 00:27:05.349,Bristol Myers Squibb First Quarter 13F Filing: Banco Santander increases its holding in Bristol Myers Squibb,urn:newsml:newsroom:20250517:nNRAwe2fyw:0,NS:NEWWIR,SAN.MC
2025-05-16 23:42:04.174,Bristol Myers Squibb First Quarter 13F Filing: Banco Santander increases its holding in Bristol Myers Squibb,urn:newsml:newsroom:20250516:nNRAwe24sf:0,NS:NEWWIR,SAN.MC
2025-05-16 22:23:46.259,Weekly: Banco Santander (SAN: PLN29.09) accelerates rise: up 8% in 2 weeks; +PLN1.19 [4.3%],urn:newsml:newsroom:20250516:nNRAwe1jmd:0,NS:GLOWEE,SAN.MC
2025-05-16 22:17:41.603,Banco Santander (SAN: PLN29.09) hits year-high 21st time in three months; +19 PLN groszy [+0.7%],urn:newsml:newsroom:20250516:nNRAwe1hvz:0,NS:POLSTO,SAN.MC
2025-05-16 21:17:03.211,Bristol Myers Squibb First Quarter 13F Filing: Banco Santander increases its holding in Bristol Myers Squibb,urn:newsml:newsroom:20250516:nNRAwe10jv:0,NS:NEWWIR,SAN.MC
2025-05-16 21:13:27.684,"Santander (SANB11): 1Q25 results, momentum and outlook",urn:newsml:newsroom:20250516:nNRAwe0yrr:0,NS:NOTENG,SAN.MC
2025-05-16 20:12:02.305,Bristol Myers Squibb First Quarter 13F Filing: Banco Santander increases its holding in Bristol Myers Squibb,urn:newsml:newsroom:20250516:nNRAwe0btu:0,NS:NEWWIR,SAN.MC
2025-05-16 19:17:08.975,Bristol Myers Squibb First Quarter 13F Filing: Banco Santander increases its holding in Bristol Myers Squibb,urn:newsml:newsroom:20250516:nNRAwdzpvh:0,NS:NEWWIR,SAN.MC
2025-05-16 16:23:41.973,Weekly: Banco Santander (SAN: EUR6.91) shares post best week in three weeks; +26c [3.9%],urn:newsml:newsroom:20250516:nNRAwdxeqd:0,NS:GLOWEE,SAN.MC
2025-05-16 16:22:31.981,Weekly: Banco Santander (SAN: EUR6.91) shares post best week in three weeks; +26c [3.9%],urn:newsml:newsroom:20250516:nNRAwdxcgd:0,NS:SPANEW,SAN.MC
2025-05-16 16:17:25.693,Banco Santander (SAN: EUR6.91) closes at 7.4% above VWAP; +4c [+0.6%],urn:newsml:newsroom:20250516:nNRAwdxav6:0,NS:SPANEW,SAN.MC
2025-05-16 15:35:35.125,Santander UK Says Thomas Scholar To Succeed William Vereker As Chair On August 1,urn:newsml:reuters.com:20250516:nRSD45L5Wl:1,NS:SIGDEV,SAN.MC
2025-05-16 15:20:13.448,REG - Santander UKGrp Hdgs Santander UK Plc - Chair Appointment,urn:newsml:newsroom:20250516:nRSP0793Ja:0,NS:LSE,SAN.MC
2025-05-16 15:15:59.000,REG - Santander UKGrp Hdgs Santander UK Plc  - Chair Appointment,urn:newsml:reuters.com:20250516:nRSP0793Ja:1,NS:LSE,SAN.MC
2025-05-16 14:47:18.024,Should Value Investors Buy Banco Santander Chile (BSAC) Stock?,urn:newsml:reuters.com:20250516:nNRAwdvutt:1,NS:ZACKSC,SAN.MC
2025-05-16 10:17:08.000,Tialis Essential IT plc - Annual Financial Report 2024,urn:newsml:reuters.com:20250516:nNDL8fqL0:1,NS:PUBT,SAN.MC
2025-05-16 08:17:22.039,Banco Santander (NYSE:SAN) Stock Rating Upgraded by StockNews.com,urn:newsml:newsroom:20250516:nNRAwdpths:0,NS:DAILYQ,SAN.MC
2025-05-15 22:14:44.954,Banco Santander (SAN: PLN28.90) decreases on weak volume; -4 PLN groszy [-0.1%],urn:newsml:newsroom:20250515:nNRAwdkbd0:0,NS:POLSTO,SAN.MC
2025-05-15 16:51:21.000,Banco Santander-Chile - Pilar III – Market Discipline (English) (98caa84b f534 4251 bcb4 d1ad99ea6d7e),urn:newsml:reuters.com:20250515:nNDL5GVwr5:1,NS:PUBT,SAN.MC
2025-05-15 16:37:18.589,How Banco Santander's Tax Rate compares to Its Peers,urn:newsml:newsroom:20250515:nNRAwdgfdb:0,NS:GLOROU,SAN.MC
2025-05-15 16:22:30.291,Past Week: Banco Santander (SAN: EUR6.87) climbs 4.7% - outperforming 88% of stocks; +31c [4.7%],urn:newsml:newsroom:20250515:nNRAwdg6ag:0,NS:SPANEW,SAN.MC
2025-05-15 16:17:21.672,Banco Santander (SAN: EUR6.87) offers earnings yield of 9.5%; -3c [-0.4%],urn:newsml:newsroom:20250515:nNRAwdg1bo:0,NS:SPANEW,SAN.MC
2025-05-15 15:47:36.162,Banco Santander ADR (SAN US: $7.61) offers 15th lowest Price Earnings growth of 0.49 in the BNY Mellon Composite ADR Index; +$2.98 [64.4%],urn:newsml:newsroom:20250515:nNRAwdf97z:0,NS:GLOROU,SAN.MC
2025-05-15 14:52:35.756,How Banco Santander's Tax Rate compares to Its Peers,urn:newsml:newsroom:20250515:nNRAwdeh8r:0,NS:GLOROU,SAN.MC
2025-05-15 10:47:31.528,Banco Santander (NYSE:SAN) Reaches New 52-Week High – Here's Why,urn:newsml:newsroom:20250515:nNRAwda8bq:0,NS:WATNEW,SAN.MC
2025-05-15 10:47:22.553,Banco Santander (LON:BNC) Sets New 1-Year High – What's Next?,urn:newsml:newsroom:20250515:nNRAwda8hz:0,NS:DAILYQ,SAN.MC
2025-05-15 06:18:49.673,How Banco Santander's dividend compares to Unicaja Banco,urn:newsml:newsroom:20250515:nNRAwd6q0f:0,NS:SPANEW,SAN.MC
2025-05-15 00:17:07.039,Can Banco Santander continue its gains?,urn:newsml:newsroom:20250515:nNRAwd3qcr:0,NS:GLOSTO,SAN.MC
2025-05-14 22:19:06.650,Banco Santander (SAN: PLN28.94) hits year-high 20th time in three months; +34 PLN groszy [+1.2%],urn:newsml:newsroom:20250514:nNRAwd2t1j:0,NS:POLSTO,SAN.MC
2025-05-14 16:22:32.780,Past Week: Banco Santander (SAN: EUR6.90) jumps 9% - outperforming 90% of stocks; +55c [8.7%] Vol Index 1.5 [1 is avg],urn:newsml:newsroom:20250514:nNRAwcyb64:0,NS:SPANEW,SAN.MC
2025-05-14 16:17:22.025,"Banco Santander (SAN: EUR6.90) keeps rising, up 8.7% in 5 days; +55c [+8.7%] Vol Index 1.5 [1 is avg]",urn:newsml:newsroom:20250514:nNRAwcy90j:0,NS:SPANEW,SAN.MC
2025-05-14 15:11:47.129,RIC Energy signs €25.5 million green finance deal to build 54 MW solar power portfolio in Italy,urn:newsml:newsroom:20250514:nNRAwcx4ur:0,NS:NOTENG,SAN.MC
2025-05-14 10:38:11.357,Banco Santander (NYSE:SAN) Upgraded by StockNews.com to Buy Rating,urn:newsml:newsroom:20250514:nNRAwcu4qt:0,NS:WATNEW,SAN.MC
2025-05-14 09:12:15.253,How Banco Santander's dividend compares to Bankinter,urn:newsml:newsroom:20250514:nNRAwcte6l:0,NS:SPANEW,SAN.MC
2025-05-14 08:17:33.873,How Banco Santander's dividend compares to Banco de Sabadell,urn:newsml:newsroom:20250514:nNRAwcszrv:0,NS:SPANEW,SAN.MC
2025-05-14 08:17:32.579,How CaixaBank's dividend compares to Banco Santander,urn:newsml:newsroom:20250514:nNRAwct0wq:0,NS:SPANEW,SAN.MC
2025-05-14 07:17:15.087,How Banco Bilbao Vizcaya Argentaria's dividend compares to Banco Santander,urn:newsml:newsroom:20250514:nNRAwcshux:0,NS:SPANEW,SAN.MC
2025-05-14 07:17:14.648,How Banco Santander's dividend compares to Banco Bilbao Vizcaya Argentaria,urn:newsml:newsroom:20250514:nNRAwcsh7s:0,NS:SPANEW,SAN.MC
2025-05-14 06:18:38.578,How Banco Santander's dividend compares to CaixaBank,urn:newsml:newsroom:20250514:nNRAwcrzu4:0,NS:SPANEW,SAN.MC
2025-05-14 06:18:37.066,How Banco de Sabadell's dividend compares to Banco Santander,urn:newsml:newsroom:20250514:nNRAwcrz4l:0,NS:SPANEW,SAN.MC
2025-05-14 03:54:14.000,Banco Santander (Brasil) SA - 1Q25 IFRS Financial Statements,urn:newsml:reuters.com:20250514:nNDL9lSlXt:1,NS:PUBT,SAN.MC
2025-05-14 00:13:12.392,"Banco Santander to close 19 branches, corresponding to 5% of its U.S. network",urn:newsml:newsroom:20250514:nNRAwcpmsg:0,NS:NOTENG,SAN.MC
2025-05-13 22:47:05.000,Banco Santander-Chile - Resumen Mensual Financiero Abril 2025,urn:newsml:reuters.com:20250513:nNDL129BW3:1,NS:PUBT,SAN.MC
2025-05-13 22:19:18.773,Banco Santander (SAN: PLN28.60) hits year-high 20th time in three months; +27 PLN groszy [+1.0%] Vol Index 1.6 [1 is avg],urn:newsml:newsroom:20250513:nNRAwcotho:0,NS:POLSTO,SAN.MC
2025-05-13 19:48:05.000,Banco Santander SA - 9 years FIXED rate Senior Preferred Structured 05/34 SPE 049,urn:newsml:reuters.com:20250513:nNDL2BrKn5:1,NS:PUBT,SAN.MC
2025-05-13 16:27:18.653,"SPANISH BANKS COMPANY TOP 1 DAILY: TOP MOMENTUM UP IN THE PAST WEEK End-of-day: Tuesday May 13, 2025 16:00 (EST: 10:00, GMT: 15:00)",urn:newsml:newsroom:20250513:nNRAwclbh4:0,NS:GLOUPM,SAN.MC
2025-05-13 16:22:40.391,Banco Santander (SAN: EUR6.78) offers earnings yield of 9.7%; +1c [+0.1%],urn:newsml:newsroom:20250513:nNRAwcl8g9:0,NS:SPANEW,SAN.MC
2025-05-13 16:22:32.069,Past Week: Banco Santander (SAN: EUR6.78) gains 7% - outperforming 90% of stocks; +43c [6.8%] Vol Index 1.6 [1 is avg],urn:newsml:newsroom:20250513:nNRAwcl8ta:0,NS:SPANEW,SAN.MC
2025-05-13 15:42:38.848,Banco Santander ADR (SAN US: $7.49) offers 15th lowest Price Earnings growth of 0.48 in the BNY Mellon Composite ADR Index; +$2.86 [61.8%],urn:newsml:newsroom:20250513:nNRAwckh6p:0,NS:GLOROU,SAN.MC
2025-05-13 13:38:22.000,Grifols SA - Conference call transcript (ac59a972 e0a1 3edb df9f 8e7db542ef78t1747143133113),urn:newsml:reuters.com:20250513:nNDL5kx8vT:1,NS:PUBT,SAN.MC
2025-05-13 10:56:59.261,UBS maintains Buy on NatWest despite £11 bln Santander U.K. bid rejection,urn:newsml:newsroom:20250513:nNRAwcgf25:0,NS:INVCOM,SAN.MC
2025-05-13 06:57:05.757,Reviewing Banco Santander (Brasil) (NYSE:BSBR) and Erste Group Bank (OTCMKTS:EBKDY),urn:newsml:newsroom:20250513:nNRAwce4sj:0,NS:TICREP,SAN.MC
2025-05-13 06:45:54.000,Spanish stocks - Factors to watch on May 13,urn:newsml:reuters.com:20250513:nL8N3RL0BC:1,NS:RTRS,SAN.MC
2025-05-13 06:20:09.669,Banco Santander continues to underperform Unicaja Banco by 3.8% in the past three months,urn:newsml:newsroom:20250513:nNRAwcdsyp:0,NS:SPANEW,SAN.MC
2025-05-13 06:13:42.374,Tycoon Tchenguiz shoots twice: the keys to the million-dollar lawsuit against Cuatrecasas,urn:newsml:newsroom:20250513:nNRAwcdq8e:0,NS:NOTENG,SAN.MC
2025-05-13 00:17:17.970,Traders look to see if Banco Santander's recent rally will continue,urn:newsml:newsroom:20250513:nNRAwcb39y:0,NS:GLOSTO,SAN.MC
2025-05-12 22:19:42.292,"Banco Santander (SAN: PLN28.33) lifts 1.5%, outperforming 88% of the market; +43 PLN groszy [+1.5%] Vol Index 2.1 [1 is avg]",urn:newsml:newsroom:20250512:nNRAwcad93:0,NS:POLSTO,SAN.MC
2025-05-12 20:12:56.189,Santander reaches its highest market capitalization in its history: 102 billion euros,urn:newsml:newsroom:20250512:nNRAwc9iwm:0,NS:NOTENG,SAN.MC
2025-05-12 16:22:28.019,Past Week: Banco Santander (SAN: EUR6.77) gains 6% - outperforming 91% of stocks; +39c [6.1%] Vol Index 1.6 [1 is avg],urn:newsml:newsroom:20250512:nNRAwc72qj:0,NS:SPANEW,SAN.MC
2025-05-12 16:22:25.262,"SPANISH BANKS COMPANY TOP 1 DAILY: TOP MOMENTUM UP IN THE PAST WEEK End-of-day: Monday May 12, 2025 16:00 (EST: 10:00, GMT: 15:00)",urn:newsml:newsroom:20250512:nNRAwc71s8:0,NS:GLOUPM,SAN.MC
2025-05-12 16:17:45.380,Banco Santander (SAN: EUR6.77) hits year-high 20th time in three months; +12c [+1.8%] Vol Index 1.2 [1 is avg],urn:newsml:newsroom:20250512:nNRAwc6zsa:0,NS:SPANEW,SAN.MC
2025-05-12 14:02:51.974,SAN's Business Restructuring Initiatives Driving Growth: Time to Buy?,urn:newsml:reuters.com:20250512:nNRAwc50y7:1,NS:ZACKSC,SAN.MC
2025-05-12 13:29:20.000,Banco Santander-Chile - Pilar III – Market Discipline (English) (Pilar III Santander 4Q2023 EN),urn:newsml:reuters.com:20250512:nNDL3RZlYc:1,NS:PUBT,SAN.MC
2025-05-12 11:53:22.340,Moody's affirms Santander BP's rating at 'A2' with stable outlook,urn:newsml:reuters.com:20250512:nNRAwc3gjf:1,NS:PAPINS,SAN.MC
2025-05-12 09:38:09.084,"Ellevest Inc. Purchases 3,263 Shares of Banco Santander, S.A. (NYSE:SAN)",urn:link:webnews:20250512:nNRAwc2929:0,NS:DAIPOL,SAN.MC
2025-05-12 09:32:22.177,"Ellevest Inc. Purchases 3,263 Shares of Banco Santander, S.A. (NYSE:SAN)",urn:newsml:newsroom:20250512:nNRAwc23qe:0,NS:DAILYQ,SAN.MC
2025-05-12 09:17:18.427,Banco Santander continues to underperform CaixaBank by 2.5% in the past three months,urn:newsml:newsroom:20250512:nNRAwc1zmn:0,NS:SPANEW,SAN.MC
2025-05-12 08:18:24.249,Banco Santander continues to underperform Bankinter by 10.0% in the past three months,urn:newsml:newsroom:20250512:nNRAwc1kcg:0,NS:SPANEW,SAN.MC
2025-05-12 08:18:23.148,CaixaBank continues to outperform Banco Santander by 2.5% in the past three months,urn:newsml:newsroom:20250512:nNRAwc1jam:0,NS:SPANEW,SAN.MC
2025-05-12 08:14:10.209,"Banco Santander, S.A. (NYSE:SAN) Given Consensus Rating of ""Buy"" by Analysts",urn:link:webnews:20250512:nNRAwc1h6o:0,NS:DAIPOL,SAN.MC
2025-05-12 08:12:21.684,"Banco Santander, S.A. (NYSE:SAN) Given Consensus Rating of ""Buy"" by Analysts",urn:newsml:newsroom:20250512:nNRAwc1i4t:0,NS:DAILYQ,SAN.MC
2025-05-12 07:17:46.141,Banco Bilbao Vizcaya Argentaria continues to underperform Banco Santander by 7.5% in the past three months,urn:newsml:newsroom:20250512:nNRAwc14lo:0,NS:SPANEW,SAN.MC
2025-05-12 07:17:45.314,Banco Santander continues to outperform Banco de Sabadell by 6.8% in the past three months,urn:newsml:newsroom:20250512:nNRAwc13k7:0,NS:SPANEW,SAN.MC
2025-05-12 06:52:11.000,UPDATE 1-UK Stocks-Factors to watch on May 12,urn:newsml:reuters.com:20250512:nL4N3RK0DZ:1,NS:RTRS,SAN.MC
2025-05-12 06:18:12.712,Banco Santander continues to outperform Banco Bilbao Vizcaya Argentaria by 7.5% in the past three months,urn:newsml:newsroom:20250512:nNRAwc0j6l:0,NS:SPANEW,SAN.MC
2025-05-12 05:03:41.000,UK Stocks-Factors to watch on May 12,urn:newsml:reuters.com:20250512:nL4N3RK08X:1,NS:RTRS,SAN.MC
2025-05-11 21:13:26.332,Cuatrecasas faces a 213 million claim for Santander Financial City,urn:newsml:newsroom:20250511:nNRAwbykee:0,NS:NOTENG,SAN.MC
2025-05-11 12:07:09.520,Banco Santander Brasil ADR jumps 36% in 2025,urn:newsml:newsroom:20250511:nNRAwbvzop:0,NS:GLOROU,SAN.MC
2025-05-11 11:27:43.427,Banco Santander (NYSE:SAN) Reaches New 1-Year High – Still a Buy?,urn:newsml:newsroom:20250511:nNRAwbvezf:0,NS:TICREP,SAN.MC
2025-05-11 09:12:34.469,"Banco Santander, S.A. (NYSE:SAN) Stake Boosted by Jane Street Group LLC",urn:newsml:newsroom:20250511:nNRAwbuoug:0,NS:WATNEW,SAN.MC
2025-05-11 06:07:26.036,Banco Santander Brasil ADR jumps 36% in 2025,urn:newsml:newsroom:20250511:nNRAwbtpg0:0,NS:GLOROU,SAN.MC
2025-05-11 02:37:23.492,Portugal: eib provides 400 million loan to santander to boost financing for smes and mid-caps and the agricultural sector,urn:newsml:reuters.com:20250511:nNRAwbsofo:1,NS:ECLPCM,SAN.MC
2025-05-11 02:36:35.075,Portugal: eib provides 400 million loan to santander to boost financing for smes and mid-caps and the agricultural sector,urn:newsml:reuters.com:20250511:nNRAwbspc2:1,NS:ECLBFI,SAN.MC
2025-05-10 04:22:27.690,Weekly: Banco Santander (SAN: PLN27.90) lifts 3.9% - outperforming 89% of stocks; +PLN1.05 [3.9%] Vol Index 2.2 [1 is avg],urn:newsml:newsroom:20250510:nNRAwbm9iz:0,NS:GLOWEE,SAN.MC
2025-05-10 03:07:17.727,Banco Santander Brasil ADR jumps 36% in 2025,urn:newsml:newsroom:20250510:nNRAwblxfc:0,NS:GLOROU,SAN.MC
2025-05-10 02:37:11.768,Santander receives ?400 million from the aid to strengthen funding for SMEs and midcaps in Portugal including the agricultural sector,urn:newsml:reuters.com:20250510:nNRAwbllgh:1,NS:ECLPCM,SAN.MC
2025-05-09 22:22:54.996,Weekly: Banco Santander (SAN: PLN27.90) lifts 3.9% - outperforming 89% of stocks; +PLN1.05 [3.9%] Vol Index 2.2 [1 is avg],urn:newsml:newsroom:20250509:nNRAwbk7bt:0,NS:GLOWEE,SAN.MC
2025-05-09 22:18:15.683,"Banco Santander (SAN: PLN27.90) increases, 2 days' volume in a day; +15 PLN groszy [+0.5%] Vol Index 1.9 [1 is avg]",urn:newsml:newsroom:20250509:nNRAwbk5to:0,NS:POLSTO,SAN.MC
2025-05-09 17:37:20.350,Santander rejects NatWest's £10-12 billion bid for UK retail bank - FT,urn:newsml:newsroom:20250509:nNRAwbhqtn:0,NS:INVCOA,SAN.MC
2025-05-09 17:05:57.000,Santander rejected NatWest's £11bn bid for UK retail unit -FT,urn:newsml:reuters.com:20250509:nIfpbnK47:1,NS:IFR,SAN.MC
2025-05-09 16:56:53.178,Santander rejects NatWest's £10-12 billion bid for UK retail bank - FT,urn:newsml:newsroom:20250509:nNRAwbh5g1:0,NS:INVCOM,SAN.MC
2025-05-09 15:42:01.446,Banco Santander ADR (SAN US: $7.42) offers 15th lowest Price Earnings growth of 0.47 in the BNY Mellon Composite ADR Index; +$2.79 [60.3%],urn:newsml:newsroom:20250509:nNRAwbg0hx:0,NS:GLOROU,SAN.MC
2025-05-09 15:36:57.000,"UPDATE 1-Santander rejects NatWest's nearly $15 billion bid for UK retail unit, FT reports",urn:newsml:reuters.com:20250509:nL4N3RH1MS:5,NS:RTRS,SAN.MC
2025-05-09 15:01:48.000,"Santander rejects NatWest's nearly $15 billion bid for UK retail unit, FT reports",urn:newsml:reuters.com:20250509:nL4N3RH1MK:3,NS:RTRS,SAN.MC
2025-05-08 22:19:28.192,Banco Santander (SAN: PLN27.75) lifts 1.8% strengthening above moving average price; +50 PLN groszy [+1.8%] Vol Index 3.4 [1 is avg],urn:newsml:newsroom:20250508:nNRAwb65ko:0,NS:POLSTO,SAN.MC
2025-05-08 22:14:08.428,"Northern Trust Corp Has $49.14 Million Stock Holdings in Banco Santander, S.A. (NYSE:SAN)",urn:link:webnews:20250508:nNRAwb62s0:0,NS:DAIPOL,SAN.MC
2025-05-08 20:36:51.228,Nedbank's Earnings Growth Lags Banco Santander,urn:newsml:newsroom:20250508:nNRAwb53d2:0,NS:GLOROU,SAN.MC
2025-05-08 20:36:50.468,BDO Unibank's Earnings Growth Lags Banco Santander,urn:newsml:newsroom:20250508:nNRAwb534i:0,NS:GLOROU,SAN.MC
2025-05-08 20:36:48.946,Bangkok Bank's Earnings Growth Lags Banco Santander,urn:newsml:newsroom:20250508:nNRAwb544a:0,NS:GLOROU,SAN.MC
2025-05-08 20:36:48.316,Mizuho Financial's Earnings Growth Outperforms Banco Santander,urn:newsml:newsroom:20250508:nNRAwb53ca:0,NS:GLOROU,SAN.MC
2025-05-08 20:36:48.287,Commerzbank's Earnings Growth Outperforms Banco Santander,urn:newsml:newsroom:20250508:nNRAwb53cf:0,NS:GLOROU,SAN.MC
2025-05-08 20:29:12.466,"Tower Research Capital LLC TRC Raises Stock Position in Banco Santander, S.A. (NYSE:SAN)",urn:link:webnews:20250508:nNRAwb51eh:0,NS:ETFDAI,SAN.MC
2025-05-08 19:37:02.372,Commonwealth Bank of Australia's Earnings Growth Lags Banco Santander,urn:newsml:newsroom:20250508:nNRAwb4nir:0,NS:GLOROU,SAN.MC
2025-05-08 19:36:59.974,HDFC Bank's Earnings Growth Lags Banco Santander,urn:newsml:newsroom:20250508:nNRAwb4n5k:0,NS:GLOROU,SAN.MC
2025-05-08 18:52:13.018,BDO Unibank's Earnings Growth Lags Banco Santander,urn:newsml:newsroom:20250508:nNRAwb40a6:0,NS:GLOROU,SAN.MC
2025-05-08 18:52:11.317,Nedbank's Earnings Growth Lags Banco Santander,urn:newsml:newsroom:20250508:nNRAwb41ev:0,NS:GLOROU,SAN.MC
2025-05-08 18:52:10.590,Commerzbank's Earnings Growth Outperforms Banco Santander,urn:newsml:newsroom:20250508:nNRAwb40yi:0,NS:GLOROU,SAN.MC
2025-05-08 18:52:08.395,Bangkok Bank's Earnings Growth Lags Banco Santander,urn:newsml:newsroom:20250508:nNRAwb40ka:0,NS:GLOROU,SAN.MC
2025-05-08 18:52:08.304,Mizuho Financial's Earnings Growth Outperforms Banco Santander,urn:newsml:newsroom:20250508:nNRAwb41os:0,NS:GLOROU,SAN.MC
2025-05-08 17:52:18.220,Commonwealth Bank of Australia's Earnings Growth Lags Banco Santander,urn:newsml:newsroom:20250508:nNRAwb3b55:0,NS:GLOROU,SAN.MC
2025-05-08 17:52:15.351,HDFC Bank's Earnings Growth Lags Banco Santander,urn:newsml:newsroom:20250508:nNRAwb3b4t:0,NS:GLOROU,SAN.MC
2025-05-08 17:37:17.422,Unicredit Spa's Earnings Growth Outperforms Banco Santander,urn:newsml:newsroom:20250508:nNRAwb376r:0,NS:GLOROU,SAN.MC
2025-05-08 17:37:13.920,Sumitomo Mitsui Trust Holdings's Earnings Growth Lags Banco Santander,urn:newsml:newsroom:20250508:nNRAwb37ju:0,NS:GLOROU,SAN.MC
2025-05-08 17:37:12.782,Danske Bank's Earnings Growth Lags Banco Santander,urn:newsml:newsroom:20250508:nNRAwb375g:0,NS:GLOROU,SAN.MC
2025-05-08 17:37:11.807,United Overseas Bank's Earnings Growth Lags Banco Santander,urn:newsml:newsroom:20250508:nNRAwb3758:0,NS:GLOROU,SAN.MC
2025-05-08 17:37:10.826,Svenska Handelsbanken's Earnings Growth Lags Banco Santander,urn:newsml:newsroom:20250508:nNRAwb3750:0,NS:GLOROU,SAN.MC
2025-05-08 17:37:09.966,Nordea Bank's Earnings Growth Outperforms Banco Santander,urn:newsml:newsroom:20250508:nNRAwb374s:0,NS:GLOROU,SAN.MC
2025-05-08 17:37:09.734,ICICI Bank's Earnings Growth Outperforms Banco Santander,urn:newsml:newsroom:20250508:nNRAwb36v2:0,NS:GLOROU,SAN.MC
2025-05-08 17:37:09.680,Oversea-Chinese Banking's Earnings Growth Lags Banco Santander,urn:newsml:newsroom:20250508:nNRAwb363a:0,NS:GLOROU,SAN.MC
2025-05-08 17:37:08.962,Agricultural Bank of China's Earnings Growth Lags Banco Santander,urn:newsml:newsroom:20250508:nNRAwb37i8:0,NS:GLOROU,SAN.MC
2025-05-08 17:37:08.864,China Merchants Bank's Earnings Growth Lags Banco Santander,urn:newsml:newsroom:20250508:nNRAwb3746:0,NS:GLOROU,SAN.MC
2025-05-08 17:37:08.484,Hachijuni Bank's Earnings Growth Lags Banco Santander,urn:newsml:newsroom:20250508:nNRAwb374f:0,NS:GLOROU,SAN.MC
2025-05-08 16:37:31.992,Abn Amro Bank's Earnings Growth Lags Banco Santander,urn:newsml:newsroom:20250508:nNRAwb2add:0,NS:GLOROU,SAN.MC
2025-05-08 16:37:31.810,PT Bank Rakyat's Earnings Growth Lags Banco Santander,urn:newsml:newsroom:20250508:nNRAwb2b3f:0,NS:GLOROU,SAN.MC
2025-05-08 16:37:25.381,Sumitomo Mitsui Financial's Earnings Growth Lags Banco Santander,urn:newsml:newsroom:20250508:nNRAwb29ce:0,NS:GLOROU,SAN.MC
2025-05-08 16:37:21.178,How Banco Santander's Tax Rate compares to Its Peers,urn:newsml:newsroom:20250508:nNRAwb2a92:0,NS:GLOROU,SAN.MC
2025-05-08 16:17:13.145,Banco Santander (SAN: EUR6.56) hits year-high 19th time in three months; +21c [+3.3%] Vol Index 2.6 [1 is avg],urn:newsml:newsroom:20250508:nNRAwb1w5p:0,NS:SPANEW,SAN.MC
2025-05-08 15:52:32.599,Oversea-Chinese Banking's Earnings Growth Lags Banco Santander,urn:newsml:newsroom:20250508:nNRAwb1ioo:0,NS:GLOROU,SAN.MC
2025-05-08 15:52:31.174,Nordea Bank's Earnings Growth Outperforms Banco Santander,urn:newsml:newsroom:20250508:nNRAwb1h9u:0,NS:GLOROU,SAN.MC
2025-05-08 15:52:29.884,Unicredit Spa's Earnings Growth Outperforms Banco Santander,urn:newsml:newsroom:20250508:nNRAwb1ipx:0,NS:GLOROU,SAN.MC
2025-05-08 15:52:28.391,Sumitomo Mitsui Trust Holdings's Earnings Growth Lags Banco Santander,urn:newsml:newsroom:20250508:nNRAwb1huq:0,NS:GLOROU,SAN.MC
2025-05-08 15:52:25.446,China Merchants Bank's Earnings Growth Lags Banco Santander,urn:newsml:newsroom:20250508:nNRAwb1h9d:0,NS:GLOROU,SAN.MC
2025-05-08 15:52:25.268,Danske Bank's Earnings Growth Lags Banco Santander,urn:newsml:newsroom:20250508:nNRAwb1i88:0,NS:GLOROU,SAN.MC
2025-05-08 15:52:24.852,Agricultural Bank of China's Earnings Growth Lags Banco Santander,urn:newsml:newsroom:20250508:nNRAwb1h95:0,NS:GLOROU,SAN.MC
2025-05-08 15:52:24.152,United Overseas Bank's Earnings Growth Lags Banco Santander,urn:newsml:newsroom:20250508:nNRAwb1i7u:0,NS:GLOROU,SAN.MC
2025-05-08 15:52:24.102,ICICI Bank's Earnings Growth Outperforms Banco Santander,urn:newsml:newsroom:20250508:nNRAwb1iyf:0,NS:GLOROU,SAN.MC
2025-05-08 15:52:23.111,Svenska Handelsbanken's Earnings Growth Lags Banco Santander,urn:newsml:newsroom:20250508:nNRAwb1i7p:0,NS:GLOROU,SAN.MC
2025-05-08 15:52:21.818,Hachijuni Bank's Earnings Growth Lags Banco Santander,urn:newsml:newsroom:20250508:nNRAwb1i6y:0,NS:GLOROU,SAN.MC
2025-05-08 15:42:17.023,Banco Santander ADR (SAN US: $7.32) offers 15th lowest Price Earnings growth of 0.46 in the BNY Mellon Composite ADR Index; +$2.69 [58.1%],urn:newsml:newsroom:20250508:nNRAwb1dhw:0,NS:GLOROU,SAN.MC
2025-05-08 14:53:44.000,Banco Santander-Chile - Earnings Webcast (1Q25 results),urn:newsml:reuters.com:20250508:nNDL3HSKMp:1,NS:PUBT,SAN.MC
2025-05-08 14:52:44.590,Abn Amro Bank's Earnings Growth Lags Banco Santander,urn:newsml:newsroom:20250508:nNRAwb0qeh:0,NS:GLOROU,SAN.MC
2025-05-08 14:52:44.180,Sumitomo Mitsui Financial's Earnings Growth Lags Banco Santander,urn:newsml:newsroom:20250508:nNRAwb0r31:0,NS:GLOROU,SAN.MC
2025-05-08 14:52:43.615,PT Bank Rakyat's Earnings Growth Lags Banco Santander,urn:newsml:newsroom:20250508:nNRAwb0qdv:0,NS:GLOROU,SAN.MC
2025-05-08 14:52:37.808,How Banco Santander's Tax Rate compares to Its Peers,urn:newsml:newsroom:20250508:nNRAwb0ooz:0,NS:GLOROU,SAN.MC
2025-05-08 14:00:00.000,Q1 2025 Banco Santander-Chile Earnings Call,urn:newsml:reuters.com:20250508:nTRN36nPcQ:1,NS:TRANS,SAN.MC
2025-05-08 13:13:21.856,Large banks close to 8.5 billion in first quarter profit,urn:newsml:newsroom:20250508:nNRAwazg6e:0,NS:NOTENG,SAN.MC
2025-05-08 08:52:40.561,"Northern Trust Corp Has $49.14 Million Holdings in Banco Santander, S.A. (NYSE:SAN)",urn:newsml:newsroom:20250508:nNRAwaws2t:0,NS:TICREP,SAN.MC
2025-05-08 08:52:19.243,"Northern Trust Corp Has $49.14 Million Stock Holdings in Banco Santander, S.A. (NYSE:SAN)",urn:newsml:newsroom:20250508:nNRAwaws27:0,NS:DAILYQ,SAN.MC
2025-05-08 07:17:38.267,Banco Santander's Earnings Growth Lags Banco de Sabadell,urn:newsml:newsroom:20250508:nNRAwavyz1:0,NS:SPANEW,SAN.MC
2025-05-08 06:18:11.065,Banco Santander's Earnings Growth Outperforms Bankinter,urn:newsml:newsroom:20250508:nNRAwavks1:0,NS:SPANEW,SAN.MC
2025-05-08 06:18:09.736,Banco de Sabadell's Earnings Growth Outperforms Banco Santander,urn:newsml:newsroom:20250508:nNRAwavjsz:0,NS:SPANEW,SAN.MC
2025-05-08 06:18:09.413,How Banco Santander's Tax Rate compares to Its Peers,urn:newsml:newsroom:20250508:nNRAwavk6z:0,NS:SPANEW,SAN.MC
2025-05-08 06:18:08.277,How Banco Santander's dividend compares to Unicaja Banco,urn:newsml:newsroom:20250508:nNRAwavjss:0,NS:SPANEW,SAN.MC
2025-05-08 06:18:08.208,Banco Santander continues to underperform Unicaja Banco by 4.4% in the past month,urn:newsml:newsroom:20250508:nNRAwavjgd:0,NS:SPANEW,SAN.MC
2025-05-07 22:19:24.754,Banco Santander (SAN: PLN27.25) closes at 6.4% above VWAP; +25 PLN groszy [+0.9%] Vol Index 1.2 [1 is avg],urn:newsml:newsroom:20250507:nNRAwascbt:0,NS:POLSTO,SAN.MC
2025-05-07 16:27:13.510,Past Week: Banco Santander (SAN: EUR6.35) lifts 2.8% - outperforming 87% of stocks; +17c [2.8%],urn:newsml:newsroom:20250507:nNRAwaozfa:0,NS:SPANEW,SAN.MC
2025-05-07 16:22:36.152,Banco Santander (SAN: EUR6.35) offers earnings yield of 10.3%; Vol Index 1.9 [1 is avg],urn:newsml:newsroom:20250507:nNRAwaoybv:0,NS:SPANEW,SAN.MC
2025-05-07 15:58:30.781,REG - Banco Santander S.A. - Santander informs of the MREL determined by SRB,urn:newsml:newsroom:20250507:nRSG7593Ha:0,NS:LSE,SAN.MC
2025-05-07 15:58:28.000,REG - Banco Santander S.A.  - Santander informs of the MREL determined by SRB,urn:newsml:reuters.com:20250507:nRSG7593Ha:1,NS:LSE,SAN.MC
2025-05-07 15:37:16.545,Banco Santander ADR (SAN US: $7.22) offers 14th lowest Price Earnings growth of 0.46 in the BNY Mellon Composite ADR Index; +$2.59 [55.9%],urn:newsml:newsroom:20250507:nNRAwaoern:0,NS:GLOROU,SAN.MC
2025-05-07 15:24:11.196,"Banco Santander (NYSE:SAN) Cut to ""Hold"" at StockNews.com",urn:link:webnews:20250507:nNRAwaobz1:0,NS:ETFDAI,SAN.MC
2025-05-07 14:40:29.604,"(EN) Banco Santander, S.A. Quarterly Presentation (83388510)",urn:newsml:reuters.com:20250507:nGLF6Bh8Th:3,NS:GLFILE,SAN.MC
2025-05-07 13:20:49.000,Chile's Codelco signs $500 million insurer-backed credit agreement,urn:newsml:reuters.com:20250507:nS0N3QB02A:3,NS:RTRS,SAN.MC
2025-05-07 09:47:04.000,FACTBOX-European companies cut jobs in response to slowing economy,urn:newsml:reuters.com:20250507:nL1N3RF0EB:1,NS:RTRS,SAN.MC
2025-05-07 09:12:15.871,How Banco Santander's dividend compares to Bankinter,urn:newsml:newsroom:20250507:nNRAwak89u:0,NS:SPANEW,SAN.MC
2025-05-07 08:17:14.540,How Banco Santander's dividend compares to Banco de Sabadell,urn:newsml:newsroom:20250507:nNRAwajkia:0,NS:SPANEW,SAN.MC
2025-05-07 08:17:13.429,How CaixaBank's dividend compares to Banco Santander,urn:newsml:newsroom:20250507:nNRAwajk55:0,NS:SPANEW,SAN.MC
2025-05-07 07:17:24.708,How Banco Bilbao Vizcaya Argentaria's dividend compares to Banco Santander,urn:newsml:newsroom:20250507:nNRAwaj279:0,NS:SPANEW,SAN.MC
2025-05-07 07:17:24.370,How Banco Santander's dividend compares to Banco Bilbao Vizcaya Argentaria,urn:newsml:newsroom:20250507:nNRAwaj1jb:0,NS:SPANEW,SAN.MC
2025-05-07 06:19:51.044,How Banco Santander's dividend compares to CaixaBank,urn:newsml:newsroom:20250507:nNRAwaijta:0,NS:SPANEW,SAN.MC
2025-05-07 06:19:49.788,How Banco de Sabadell's dividend compares to Banco Santander,urn:newsml:newsroom:20250507:nNRAwaijtb:0,NS:SPANEW,SAN.MC
2025-05-07 00:17:14.499,Can Banco Santander rebound after recent dip?,urn:newsml:newsroom:20250507:nNRAwagdaa:0,NS:GLOSTO,SAN.MC
2025-05-06 22:23:18.059,Banco Santander (SAN: PLN27.0) drops 1.1% on high volume; -30 PLN groszy [-1.1%] Vol Index 2.3 [1 is avg],urn:newsml:newsroom:20250506:nNRAwaflb1:0,NS:POLSTO,SAN.MC
2025-05-06 21:11:30.958,Santander announces sale of assets in Poland to Austrian Erste Group for US$ 7.9 billion,urn:newsml:newsroom:20250506:nNRAwaf6sg:0,NS:NOTENG,SAN.MC
2025-05-06 20:13:23.568,Santander accelerates expansion in the Americas with sale in Poland,urn:newsml:newsroom:20250506:nNRAwaeuu4:0,NS:NOTENG,SAN.MC
2025-05-06 18:30:06.356,Santander to offload 49% stake in Polish business to Erste for €7bn,urn:link:webnews:20250506:nNRAwae33e:0,NS:YAHNEX,SAN.MC
2025-05-06 16:32:32.012,Past Week: Banco Santander (SAN: EUR6.35) shares post worst week in four weeks; -8c [-1.2%],urn:newsml:newsroom:20250506:nNRAwad1zi:0,NS:SPANEW,SAN.MC
2025-05-06 16:22:24.943,Banco Santander (SAN: EUR6.35) offers dividend yield of 3.3%; -3c [-0.5%],urn:newsml:newsroom:20250506:nNRAwacxuj:0,NS:SPANEW,SAN.MC
2025-05-06 15:47:33.053,Banco Santander ADR (SAN US: $7.16) offers 15th lowest Price Earnings growth of 0.45 in the BNY Mellon Composite ADR Index; +$2.53 [54.6%],urn:newsml:newsroom:20250506:nNRAwacjtg:0,NS:GLOROU,SAN.MC
2025-05-06 13:21:58.013,"Fitch Ratings: Santander's Polish Divestment Prioritises Growth, Shareholder Returns",urn:newsml:reuters.com:20250506:nFIT4ch6W6:1,NS:FCH,SAN.MC
2025-05-06 09:17:22.746,Banco Santander continues to outperform CaixaBank by 9.1% in the past month,urn:newsml:newsroom:20250506:nNRAwa8o85:0,NS:SPANEW,SAN.MC
2025-05-06 08:32:22.205,Banco Santander (LON:BNC) Share Price Passes Above Fifty Day Moving Average – Here's Why,urn:newsml:newsroom:20250506:nNRAwa87z1:0,NS:TRADAJ,SAN.MC
2025-05-06 08:29:32.461,"First Trust Advisors LP Increases Stock Holdings in Banco Santander, S.A. (NYSE:SAN)",urn:link:webnews:20250506:nNRAwa87s6:0,NS:ETFDAI,SAN.MC
2025-05-06 08:17:42.441,Banco Santander continues to outperform Bankinter by 0.8% in the past month,urn:newsml:newsroom:20250506:nNRAwa84g7:0,NS:SPANEW,SAN.MC
2025-05-06 07:17:45.547,Banco Santander continues to outperform Banco de Sabadell by 6.2% in the past month,urn:newsml:newsroom:20250506:nNRAwa7lnr:0,NS:SPANEW,SAN.MC
2025-05-06 06:17:42.793,Banco Santander continues to outperform Banco Bilbao Vizcaya Argentaria by 1.6% in the past month,urn:newsml:newsroom:20250506:nNRAwa7001:0,NS:SPANEW,SAN.MC
2025-05-06 06:17:41.732,CaixaBank continues to underperform Banco Santander by 9.1% in the past month,urn:newsml:newsroom:20250506:nNRAwa7003:0,NS:SPANEW,SAN.MC
2025-05-06 06:00:22.243,REG - Banco Santander S.A. - Santander announces sale of 49%of Santander Polska,urn:newsml:newsroom:20250506:nRSF3353Ha:0,NS:LSE,SAN.MC
2025-05-06 06:00:04.000,REG - Banco Santander S.A.  - Santander announces sale of 49%of Santander Polska,urn:newsml:reuters.com:20250506:nRSF3353Ha:1,NS:LSE,SAN.MC
2025-05-06 04:42:04.864,Santander sells 49% of Santander Polska to Erste Grup for 7 billion euros,urn:newsml:newsroom:20250506:nNRAwa6am3:0,NS:CENAFT,SAN.MC
2025-05-06 03:02:54.790,"Monthly: Banco Santander (SAN: PLN26.25) lifts 2%, 3 months' volume in a month",urn:newsml:newsroom:20250506:nNRAwa5tu8:0,NS:GLOSTP,SAN.MC
2025-05-06 00:17:18.124,Traders look to see if Banco Santander's recent rally will continue,urn:newsml:newsroom:20250506:nNRAwa4e4x:0,NS:GLOSTO,SAN.MC
2025-05-06 00:14:16.855,Santander sells 49% of its Polish subsidiary to Austria's Erste for a capital gain of 2 billion euros,urn:newsml:newsroom:20250506:nNRAwa4blb:0,NS:NOTENG,SAN.MC
2025-05-05 23:22:12.043,Is Banco Santander (SAN) The Best Performing Large Cap Stock So Far in 2025?,urn:link:webnews:20250505:nNRAwa3yw1:0,NS:INSMON,SAN.MC
2025-05-05 22:14:55.703,"Banco Santander (SAN: PLN27.30) lifts 1.7%, outperforming 90% of the market; +45 PLN groszy [+1.7%] Vol Index 2.3 [1 is avg]",urn:newsml:newsroom:20250505:nNRAwa3kaz:0,NS:POLSTO,SAN.MC
2025-05-05 19:03:09.094,Santander Sells Bulk of Polish Banking Business for $7.9 Billion,urn:link:webnews:20250505:nNRAwa1x5s:0,NS:PYMCOM,SAN.MC
2025-05-05 17:12:13.711,Santander announces sale of assets in Poland to Austrian Erste Group for US$ 7.9 billion,urn:newsml:newsroom:20250505:nNRAwa0q6e:0,NS:NOTENG,SAN.MC
2025-05-05 16:17:40.927,Banco Santander (SAN: EUR6.38) in top 1% performers of IBEX 35 Index; +20c [+3.2%],urn:newsml:newsroom:20250505:nNRAw9zygm:0,NS:SPANEW,SAN.MC
2025-05-05 15:37:34.097,Banco Santander ADR (SAN US: $7.20) offers 15th lowest Price Earnings growth of 0.46 in the BNY Mellon Composite ADR Index; +$2.57 [55.5%],urn:newsml:newsroom:20250505:nNRAw9zhcw:0,NS:GLOROU,SAN.MC
2025-05-05 15:28:42.000,UPDATE 4-Austria's Erste Group strikes deal with Santander to expand in Poland,urn:newsml:reuters.com:20250505:nL8N3RD073:1,NS:RTRS,SAN.MC
2025-05-05 14:26:03.000,BREAKINGVIEWS-Santander’s Polish retreat looks counterintuitive,urn:newsml:reuters.com:20250505:nL4N3RD13A:2,NS:RTRS,SAN.MC
2025-05-05 13:54:36.037,Chair Of Santander Says Bank Is Fully Focused On Organic Growth In The U.S.,urn:newsml:reuters.com:20250505:nRSD3WLFfQ:1,NS:SIGDEV,SAN.MC
2025-05-05 13:41:08.000,BRIEF-Chair Of Santander Says Bank Is Fully Focused On Organic Growth In The U.S.,urn:newsml:reuters.com:20250505:nS8N3OC0E6:1,NS:RTRS,SAN.MC
2025-05-05 10:12:44.158,Santander sells 49% of its Polish subsidiary to Erste for 6.8 billion and realizes capital gains of 2 billion,urn:newsml:newsroom:20250505:nNRAw9vyim:0,NS:NOTENG,SAN.MC
2025-05-05 10:12:32.668,Santander sells 49% of its Polish subsidiary for 6.8 billion and opens the door to acquisitions,urn:newsml:newsroom:20250505:nNRAw9vyi1:0,NS:NOTENG,SAN.MC
2025-05-05 10:12:22.531,Santander sells 49% of Polish unit to Erste Bank for 6.8 billion,urn:newsml:newsroom:20250505:nNRAw9vytl:0,NS:NOTENG,SAN.MC
2025-05-05 09:11:43.285,Santander announces the sale of 49% of its Polish subsidiary to Erste Group,urn:newsml:newsroom:20250505:nNRAw9vmue:0,NS:NOTENG,SAN.MC
2025-05-05 08:57:34.892,Erste Group Bank AG CEO - It Makes No Sense For Us To Go Above 49% In The Polish Santander Subsidiary - Call,urn:newsml:reuters.com:20250505:nRSD7C63DG:1,NS:SIGDEV,SAN.MC
2025-05-05 08:11:43.945,Santander sells 49% of its Polish subsidiary to Erste for 6.8 billion and realizes capital gains of 2 billion,urn:newsml:newsroom:20250505:nNRAw9v332:0,NS:NOTENG,SAN.MC
2025-05-05 08:04:14.000,"LIVE MARKETS-European shares mixed, energy lags",urn:newsml:reuters.com:20250505:nL8N3RD0AM:2,NS:RTRS,SAN.MC
2025-05-05 07:53:04.283,UPDATE: Erste Group Bank to buy 49 pct of Santander BP lender and 50 pct in Santander TFI for total of EUR 7 bln,urn:newsml:reuters.com:20250505:nNRAw9uwt9:1,NS:PAPINS,SAN.MC
2025-05-05 07:53:03.211,Erste Group Bank to buy 49 pct Santander BP lender and 50 pct in Santander TFI for total of EUR 7 bln,urn:newsml:reuters.com:20250505:nNRAw9uwt8:1,NS:PAPINS,SAN.MC
2025-05-05 06:58:51.531,Santander To Sell 49% Of Santander Polska To Erste Group Bank For 6.8 Bln Euros,urn:newsml:reuters.com:20250505:nRSDgQ5nW:1,NS:SIGDEV,SAN.MC
2025-05-05 06:58:36.404,Santander To Sell 49% Of Santander Polska To Erste Group Bank For 6.8 Bln Euros,urn:newsml:reuters.com:20250505:nRSD42Sy3d:1,NS:SIGDEV,SAN.MC
2025-05-05 06:47:34.000,BRIEF-Santander To Sell 49% Of Santander Polska To Erste Group Bank For 6.8 Bln Euros,urn:newsml:reuters.com:20250505:nFWN3RC00S:1,NS:RTRS,SAN.MC
2025-05-05 06:43:33.000,Spain's Santander sells 49% in Polish unit to Erste for $7.7 bln,urn:newsml:reuters.com:20250505:nL8N3RC0E1:3,NS:RTRS,SAN.MC
2025-05-05 06:40:37.000,"Austria's Erste Group acquires 49% of Santander Bank Polska, 50% of Santander TFI",urn:newsml:reuters.com:20250505:nFWN3RA47U:4,NS:RTRS,SAN.MC
2025-05-05 06:36:13.000,BRIEF-Erste Group Acquires 49% Controlling Stake In Santander Bank Polska And 50% In Santander Tfi,urn:newsml:reuters.com:20250505:nL8N3RD06J:1,NS:RTRS,SAN.MC
2025-05-05 06:35:45.891,PTA-News: Erste Group Bank AG: Erste Group invests in Central and Eastern European growth,urn:newsml:reuters.com:20250505:nPexCX2bZa:1,NS:PTX,SAN.MC
2025-05-05 06:35:44.306,Erste Group invests in Central and Eastern European growth,urn:newsml:reuters.com:20250505:nPexN6Mcga:1,NS:PTX,SAN.MC
2025-05-04 09:27:23.137,"Stifel Financial Corp Sells 39,940 Shares of Banco Santander, S.A. (NYSE:SAN)",urn:newsml:newsroom:20250504:nNRAw9pr2n:0,NS:DAILYQ,SAN.MC
2025-05-03 15:34:01.090,"American Trust Investment Advisors LLC Invests $1.15 Million in Banco Santander, S.A. (NYSE:SAN)",urn:newsml:newsroom:20250503:nNRAw9m7en:0,NS:MARDAJ,SAN.MC
2025-05-03 12:47:59.661,"Advanced Portfolio Management LLC Increases Stock Holdings in Banco Santander, S.A. (NYSE:SAN)",urn:newsml:newsroom:20250503:nNRAw9la9f:0,NS:TRADAJ,SAN.MC
2025-05-03 11:32:31.822,"Coldstream Capital Management Inc. Acquires 4,431 Shares of Banco Santander, S.A. (NYSE:SAN)",urn:newsml:newsroom:20250503:nNRAw9kvzx:0,NS:TICREP,SAN.MC
2025-05-03 10:57:22.785,"Coldstream Capital Management Inc. Increases Stock Position in Banco Santander, S.A. (NYSE:SAN)",urn:newsml:newsroom:20250503:nNRAw9kmyb:0,NS:DAILYQ,SAN.MC
2025-05-03 10:07:48.185,"Two Sigma Securities LLC Invests $61,000 in Banco Santander, S.A. (NYSE:SAN)",urn:newsml:newsroom:20250503:nNRAw9kdlo:0,NS:WATNEW,SAN.MC
2025-05-03 10:07:27.125,"Two Sigma Securities LLC Invests $61,000 in Banco Santander, S.A. (NYSE:SAN)",urn:newsml:newsroom:20250503:nNRAw9ke7e:0,NS:TICREP,SAN.MC
2025-05-03 07:11:58.350,Banco Santander dividend stays out of 'The Portfolio' but a buying opportunity still awaits,urn:newsml:newsroom:20250503:nNRAw9iydj:0,NS:NOTENG,SAN.MC
2025-05-03 04:42:27.673,Weekly: Banco Santander (SAN: PLN26.85) increases 1.3%; +35 PLN groszy [1.3%] Vol Index 1.3 [1 is avg],urn:newsml:newsroom:20250503:nNRAw9hy6h:0,NS:GLOWEE,SAN.MC
2025-05-02 22:37:20.523,Weekly: Banco Santander (SAN: PLN26.85) increases 1.3%; +35 PLN groszy [1.3%] Vol Index 1.3 [1 is avg],urn:newsml:newsroom:20250502:nNRAw9gh1e:0,NS:GLOWEE,SAN.MC
2025-05-02 22:27:30.892,Banco Santander (SAN: PLN26.85) climbs 2.3% strengthening above moving average price; +60 PLN groszy [+2.3%],urn:newsml:newsroom:20250502:nNRAw9geyu:0,NS:POLSTO,SAN.MC
2025-05-02 21:06:39.000,Banco Santander (Brasil) SA - Dados Econômico-Financeiros,urn:newsml:reuters.com:20250502:nNDL3SL28r:1,NS:PUBT,SAN.MC
2025-05-02 17:38:08.051,"Why Banco Santander, S.A. (SAN) Is Surging in 2025",urn:link:webnews:20250502:nNRAw9eb0p:0,NS:YAHNEX,SAN.MC
2025-05-02 17:18:09.652,"Why Banco Santander, S.A. (SAN) Is Surging in 2025",urn:link:webnews:20250502:nNRAw9e5a6:0,NS:INSMON,SAN.MC
2025-05-02 11:39:19.000,FACTBOX-European companies cut jobs in response to slowing economy,urn:newsml:reuters.com:20250502:nL8N3RA0YD:1,NS:RTRS,SAN.MC
2025-05-02 07:48:16.753,"Barclays PLC Acquires 496,309 Shares of Banco Santander, S.A. (NYSE:SAN)",urn:link:webnews:20250502:nNRAw96a0i:0,NS:MARBEA,SAN.MC
2025-05-02 06:36:59.660,"Monthly: Banco Santander (SAN: PLN26.25) increases 2%, 3 months' volume in a month",urn:newsml:newsroom:20250502:nNRAw95em3:0,NS:POLSTO,SAN.MC
2025-05-01 16:37:29.008,How Banco Santander's Tax Rate compares to Its Peers,urn:newsml:newsroom:20250501:nNRAw8y6rl:0,NS:GLOROU,SAN.MC
2025-05-01 15:43:02.276,Banco Santander ADR (SAN US: $7.01) offers 16th lowest Price Earnings growth of 0.44 in the BNY Mellon Composite ADR Index; +$2.38 [51.4%],urn:newsml:newsroom:20250501:nNRAw8xc2e:0,NS:GLOROU,SAN.MC
2025-05-01 14:52:33.876,How Banco Santander's Tax Rate compares to Its Peers,urn:newsml:newsroom:20250501:nNRAw8wmcs:0,NS:GLOROU,SAN.MC
2025-05-01 13:03:17.876,"Banco Santander, S.A. (NYSE:SAN) Q1 2025 Earnings Call Transcript",urn:link:webnews:20250501:nNRAw8v0fn:0,NS:INSMON,SAN.MC
2025-05-01 12:33:22.789,"Banco Santander, S.A. (NYSE:SAN) Q1 2025 Earnings Call Transcript",urn:link:webnews:20250501:nNRAw8uaey:0,NS:INSMON,SAN.MC
2025-05-01 12:13:24.693,"Aquatic Capital Management LLC Raises Position in Banco Santander, S.A. (NYSE:SAN)",urn:newsml:newsroom:20250501:nNRAw8tyn7:0,NS:TICREP,SAN.MC
2025-05-01 10:27:40.641,"Banco Santander, S.A. (NYSE:SAN) Position Boosted by Aquatic Capital Management LLC",urn:newsml:newsroom:20250501:nNRAw8siyd:0,NS:WATNEW,SAN.MC
2025-05-01 09:12:54.969,Santander to spin off UK consumer business while remaining cautious on sale of Polish business,urn:newsml:newsroom:20250501:nNRAw8rte5:0,NS:NOTENG,SAN.MC
2025-05-01 07:30:13.431,Banco Santander SA (SAN) Q1 2025 Earnings Call Highlights: Record Profit and Strategic Growth Plans,urn:link:webnews:20250501:nNRAw8qq07:0,NS:YAHNEX,SAN.MC
2025-05-01 06:22:21.845,"Monthly: Banco Santander (SAN: EUR6.18) decreases, 2 months' volume in a month",urn:newsml:newsroom:20250501:nNRAw8pt88:0,NS:SPANEW,SAN.MC
2025-05-01 06:19:37.682,How Banco Santander's dividend compares to Unicaja Banco,urn:newsml:newsroom:20250501:nNRAw8pru0:0,NS:SPANEW,SAN.MC
2025-05-01 06:19:00.526,How Banco Santander's Tax Rate compares to Its Peers,urn:newsml:newsroom:20250501:nNRAw8ppe0:0,NS:SPANEW,SAN.MC
2025-05-01 06:18:53.207,Banco Santander continues to outperform Unicaja Banco by 6.3% year to date,urn:newsml:newsroom:20250501:nNRAw8pppi:0,NS:SPANEW,SAN.MC
2025-05-01 06:08:12.132,Banco Santander SA (SAN) Q1 2025 Earnings Call Highlights: Record Profit and Strategic Growth Plans,urn:newsml:newsroom:20250501:nNRAw8pl03:0,NS:GURCOM,SAN.MC
2025-04-30 22:22:32.007,"Monthly: Banco Santander (SAN: PLN26.25) lifts 2%, 3 months' volume in a month",urn:newsml:newsroom:20250430:nNRAw8lowi:0,NS:GLOSTP,SAN.MC
2025-04-30 22:14:44.886,"Banco Santander (SAN: PLN26.25) slides 3.7%, 3 days' volume in a day; -PLN1.02 [-3.7%] Vol Index 2.7 [1 is avg]",urn:newsml:newsroom:20250430:nNRAw8lmxj:0,NS:POLSTO,SAN.MC
2025-04-30 16:17:26.442,Banco Santander (SAN: EUR6.18) offers earnings yield of 10.6%; -25c [-3.9%] Vol Index 3.9 [1 is avg],urn:newsml:newsroom:20250430:nNRAw8gt3r:0,NS:SPANEW,SAN.MC
2025-04-30 15:12:38.810,Santander's earnings up 19% in the first quarter of 2025,urn:newsml:newsroom:20250430:nNRAw8fr6x:0,NS:NOTENG,SAN.MC
2025-04-30 14:45:37.000,WRAPUP 1-Europe's major banks signal caution as ominous outlook tempers profit wins,urn:newsml:reuters.com:20250430:nL1N3R80FM:5,NS:RTRS,SAN.MC
2025-04-30 14:13:28.063,"Santander obtains a record profit of 3,402 million in the first quarter, up 19%, but falls more than 5% in the stock market",urn:newsml:newsroom:20250430:nNRAw8erg3:0,NS:NOTENG,SAN.MC
2025-04-30 14:09:57.000,Banco Santander-Chile reports results for the quarter ended March 31 - Earnings Summary,urn:newsml:reuters.com:20250430:nL8N3R829Q:1,NS:RTRS,SAN.MC
2025-04-30 13:01:15.178,Banco Santander-Chile: Q1 Earnings Snapshot,urn:newsml:reuters.com:20250430:nNRAw8dhpo:1,NS:ASSOPR,SAN.MC
2025-04-30 13:00:14.409,"WealthCollab LLC Has $36,000 Stock Position in Banco Santander, S.A. (NYSE:SAN)",urn:link:webnews:20250430:nNRAw8dhcm:0,NS:DAIPOL,SAN.MC
2025-04-30 12:46:45.000,Banco Santander-Chile - Management Commentary (English) (a4ccf846 3581 4141 9732 b838cb651126),urn:newsml:reuters.com:20250430:nNDL9kZ3zF:1,NS:PUBT,SAN.MC
2025-04-30 12:42:31.095,"WealthCollab LLC Has $36,000 Stock Position in Banco Santander, S.A. (NYSE:SAN)",urn:newsml:newsroom:20250430:nNRAw8d24x:0,NS:DAILYQ,SAN.MC
2025-04-30 12:35:49.733,Banco Santander-Chile Announces First Quarter 2025 Earnings,urn:newsml:reuters.com:20250430:nRSD66Fd1w:1,NS:SIGDEV,SAN.MC
2025-04-30 12:13:05.973,"The Supreme Court sentences Santander and CaixaBank to pay 8 million to three schools for ""swaps"".",urn:newsml:newsroom:20250430:nNRAw8cmh1:0,NS:NOTENG,SAN.MC
2025-04-30 12:00:00.928,Banco Santander-Chile Announces First Quarter 2025 Earnings,urn:newsml:reuters.com:20250430:nGNX1RL737:1,NS:GNW,SAN.MC
2025-04-30 12:00:00.000,Q1 2025 Banco Santander Brasil SA Earnings Call,urn:newsml:reuters.com:20250430:nTRN8tWf7s:1,NS:TRANS,SAN.MC
2025-04-30 11:16:16.189,Santander Is Spinning Off Its UK Consumer Lending Unit As Part Of Broader Strategy - CEO,urn:newsml:reuters.com:20250430:nRSD1b1svs:1,NS:SIGDEV,SAN.MC
2025-04-30 11:05:52.000,UPDATE 1-Santander Brasil's net profit up in Q1 despite 'challenging' macro scenario,urn:newsml:reuters.com:20250430:nL1N3R80HH:1,NS:RTRS,SAN.MC
2025-04-30 11:04:03.000,BRIEF-Santander Is Spinning Off Its UK Consumer Lending Unit As Part Of Broader Strategy - CEO,urn:newsml:reuters.com:20250430:nS8N3OC0E3:1,NS:RTRS,SAN.MC
2025-04-30 10:56:10.000,WRAPUP 1-Polish banks expect growth in corporate loans while awaiting interest rates cut,urn:newsml:reuters.com:20250430:nL1N3R80EM:6,NS:RTRS,SAN.MC
2025-04-30 10:55:11.374,"Santander posts record-breaking profits, dodging falling interest rates and tariff pressures",urn:link:webnews:20250430:nNRAw8bbgy:0,NS:FORONL,SAN.MC
2025-04-30 10:45:45.608,"(EN) Banco Santander, S.A. Interim Q1 (83305053)",urn:newsml:reuters.com:20250430:nGLFt4N2D:3,NS:GLFILE,SAN.MC
2025-04-30 10:43:47.946,"(EN) Banco Santander, S.A. Interim Q1 (83305039)",urn:newsml:reuters.com:20250430:nGLF8SC7k6:3,NS:GLFILE,SAN.MC
2025-04-30 10:13:19.450,Santander monitors market uncertainty but sticks to higher profits in 2025,urn:link:webnews:20250430:nNRAw8apd0:0,NS:MSNUKA,SAN.MC
2025-04-30 10:07:06.045,Banco Santander: Q1 Earnings Snapshot,urn:link:webnews:20250430:nNRAw8am0s:0,NS:YAHNEX,SAN.MC
2025-04-30 10:04:00.062,Banco Santander (SAN) Reports Decline in Q1 Earnings,urn:newsml:newsroom:20250430:nNRAw8akel:0,NS:GURCOM,SAN.MC
2025-04-30 09:50:18.237,Spanish bank Santander reports rise in profit in first quarter,urn:newsml:newsroom:20250430:nNRAw8adce:0,NS:DPAENG,SAN.MC
2025-04-30 09:50:05.000,Banco Santander (Brasil) SA - 1Q25 Earnings Release,urn:newsml:reuters.com:20250430:nNDL4Jml3W:1,NS:PUBT,SAN.MC
2025-04-30 09:46:54.000,Santander Brasil's net profit rises 27.8% in Q1,urn:newsml:reuters.com:20250430:nS0N3QG01I:1,NS:RTRS,SAN.MC
2025-04-30 09:37:06.696,Santander Sees No Reason To Increase Provisions On Motor Finance Ruling In Uk,urn:newsml:reuters.com:20250430:nRSD68DHcJ:1,NS:SIGDEV,SAN.MC
2025-04-30 09:37:06.368,Santander Sees No Reason To Increase Provisions On Motor Finance Ruling In Uk,urn:newsml:reuters.com:20250430:nRSD37bs5b:1,NS:SIGDEV,SAN.MC
2025-04-30 09:29:47.000,BRIEF-Santander Sees No Reason To Increase Provisions On Motor Finance Ruling In Uk,urn:newsml:reuters.com:20250430:nS8N3OC0DT:1,NS:RTRS,SAN.MC
2025-04-30 09:27:12.000,Banco Santander (Brasil) SA - Dados Econômico-Financeiros,urn:newsml:reuters.com:20250430:nNDL8vrCd2:1,NS:PUBT,SAN.MC
2025-04-30 09:20:36.000,Banco Santander (Brasil) SA - Dados Econômico-Financeiros,urn:newsml:reuters.com:20250430:nNDL9pscS2:1,NS:PUBT,SAN.MC
2025-04-30 09:14:08.469,"Banco Santander earns 509 million euros in Brazil through March, down 9.3%.",urn:newsml:newsroom:20250430:nNRAw89y35:0,NS:NOTENG,SAN.MC
2025-04-30 09:13:18.854,"Santander Group with profits of 3,402 million in the first quarter, up 19%",urn:newsml:newsroom:20250430:nNRAw89xp0:0,NS:NOTENG,SAN.MC
2025-04-30 09:12:10.416,How Banco Santander's dividend compares to Bankinter,urn:newsml:newsroom:20250430:nNRAw89vm2:0,NS:SPANEW,SAN.MC
2025-04-30 09:07:21.798,Banco Santander: Q1 Earnings Snapshot,urn:newsml:reuters.com:20250430:nNRAw89t6q:1,NS:ASSOPR,SAN.MC
2025-04-30 09:00:00.000,Q1 2025 Santander Bank Polska SA Earnings Call,urn:newsml:reuters.com:20250430:nTRN2W6Wfx:1,NS:TRANS,SAN.MC
2025-04-30 08:32:50.000,UPDATE 3-Santander monitors market uncertainty but sticks to higher profits in 2025,urn:newsml:reuters.com:20250430:nL8N3R8072:6,NS:RTRS,SAN.MC
2025-04-30 08:25:20.735,"Barclays PLC Has $3.06 Million Stock Position in Banco Santander, S.A. (NYSE:SAN)",urn:link:webnews:20250430:nNRAw89a4u:0,NS:ETFDAI,SAN.MC
2025-04-30 08:17:13.317,How Banco Santander's dividend compares to Banco de Sabadell,urn:newsml:newsroom:20250430:nNRAw896vj:0,NS:SPANEW,SAN.MC
2025-04-30 08:17:11.762,How CaixaBank's dividend compares to Banco Santander,urn:newsml:newsroom:20250430:nNRAw896iu:0,NS:SPANEW,SAN.MC
2025-04-30 08:14:31.000,LIVE MARKETS-STOXX inches higher on heavy earnings day,urn:newsml:reuters.com:20250430:nL8N3R80U8:1,NS:RTRS,SAN.MC
2025-04-30 08:14:30.416,"Banco Santander earns 3,402 million euros in the first nine months, up 19%.",urn:newsml:newsroom:20250430:nNRAw895z4:0,NS:NOTENG,SAN.MC
2025-04-30 08:00:00.000,Q1 2025 Banco Santander SA Earnings Call,urn:newsml:reuters.com:20250430:nTRN5Xt9Pq:1,NS:TRANS,SAN.MC
2025-04-30 07:53:31.401,Erste Group Bank sees acquiring 49 pct stake in Santander BP lender as questionable,urn:newsml:reuters.com:20250430:nNRAw88tg3:1,NS:PAPINS,SAN.MC
2025-04-30 07:31:35.000,BUZZ-Santander shares edge down after missing Q1 estimates in several markets,urn:newsml:reuters.com:20250430:nL8N3R80OV:1,NS:RTRS,SAN.MC
2025-04-30 07:31:11.000,Banco Santander SA reports results for the quarter ended March 31 - Earnings Summary,urn:newsml:reuters.com:20250430:nL8N3R80P3:1,NS:RTRS,SAN.MC
2025-04-30 07:17:15.341,How Banco Bilbao Vizcaya Argentaria's dividend compares to Banco Santander,urn:newsml:newsroom:20250430:nNRAw88fr3:0,NS:SPANEW,SAN.MC
2025-04-30 07:17:15.181,How Banco Santander's dividend compares to Banco Bilbao Vizcaya Argentaria,urn:newsml:newsroom:20250430:nNRAw88g0w:0,NS:SPANEW,SAN.MC
2025-04-30 07:14:10.891,"Santander earns 3,402M in the first nine months, up 19%, and reiterates targets for 2025",urn:newsml:newsroom:20250430:nNRAw88f79:0,NS:NOTENG,SAN.MC
2025-04-30 07:04:39.000,Banco Santander SA - 1Q2025 Earnings presentation: Supplementary Info,urn:newsml:reuters.com:20250430:nNDL41ZbVm:1,NS:PUBT,SAN.MC
2025-04-30 06:53:16.342,"Santander BP lender's Q1 net profit at PLN 1.733 mln, above expectations",urn:newsml:reuters.com:20250430:nNRAw8820d:1,NS:PAPINS,SAN.MC
2025-04-30 06:50:29.790,Santander achieves record profit of 3.402 billion in the first quarter of the year,urn:link:webnews:20250430:nNRAw881ft:0,NS:ARADOC,SAN.MC
2025-04-30 06:21:46.000,Banco Santander SA - 1Q2025 Earnings presentation,urn:newsml:reuters.com:20250430:nNDL3drV6Z:1,NS:PUBT,SAN.MC
2025-04-30 06:19:30.865,How Banco Santander's dividend compares to CaixaBank,urn:newsml:newsroom:20250430:nNRAw87ldv:0,NS:SPANEW,SAN.MC
2025-04-30 06:19:29.967,How Banco de Sabadell's dividend compares to Banco Santander,urn:newsml:newsroom:20250430:nNRAw87mpd:0,NS:SPANEW,SAN.MC
2025-04-30 06:16:53.000,Banco Santander SA - 1Q 2025 Financial report,urn:newsml:reuters.com:20250430:nNDL6qycRw:1,NS:PUBT,SAN.MC
2025-04-30 06:15:06.511,REG - Santander UKGrp Hdgs Santander UK Plc - Quarterly Management Statement – Q1 2025,urn:newsml:newsroom:20250430:nRSd7087Ga:0,NS:LSE,SAN.MC
2025-04-30 06:15:00.000,REG - Santander UKGrp Hdgs Santander UK Plc  - Quarterly Management Statement – Q1 2025,urn:newsml:reuters.com:20250430:nRSd7087Ga:1,NS:LSE,SAN.MC
2025-04-30 06:00:11.618,REG - Banco Santander S.A. - 1Q 2025 Results report & analyst presentation,urn:newsml:newsroom:20250430:nRSd7907Ga:0,NS:LSE,SAN.MC
2025-04-30 05:46:32.000,UPDATE 1-Santander Bank Polska's first-quarter net profit rises 10.8% on year,urn:newsml:reuters.com:20250430:nL1N3R8068:3,NS:RTRS,SAN.MC
2025-04-30 05:16:40.000,Banco Santander SA - Q1'25 Earnings Presentation (Supplementary information),urn:newsml:reuters.com:20250430:nNDL3qGFJh:1,NS:PUBT,SAN.MC
2025-04-30 05:15:40.000,Banco Santander SA - Q1'25 Earnings Presentation,urn:newsml:reuters.com:20250430:nNDL64KrQt:1,NS:PUBT,SAN.MC
2025-04-30 05:14:59.000,Banco Santander SA - Q1'25 Financial Report,urn:newsml:reuters.com:20250430:nNDLx9JWm:1,NS:PUBT,SAN.MC
2025-04-30 05:03:18.990,Santander Q1 Net Profit 3.40 Bln Euros,urn:newsml:reuters.com:20250430:nRSD164XlN:1,NS:SIGDEV,SAN.MC
2025-04-30 04:56:41.828,Santander Q1 CET1 Capital Ratio 12.9%,urn:newsml:reuters.com:20250430:nRSD9Tr1bN:1,NS:SIGDEV,SAN.MC
2025-04-30 04:55:03.000,Santander's first quarter net profit up 19% from same period in 2024,urn:newsml:reuters.com:20250430:nL8N3R509V:1,NS:RTRS,SAN.MC
2025-04-30 04:54:24.000,BRIEF-Santander Q1 Net Profit 3.40 Bln Euros,urn:newsml:reuters.com:20250430:nFWN3R8032:1,NS:RTRS,SAN.MC
2025-04-30 04:54:06.000,Santander Bank Polska's first-quarter net profit rises 10.8% on year,urn:newsml:reuters.com:20250430:nL8N3R70LO:2,NS:RTRS,SAN.MC
2025-04-30 04:47:18.703,BRIEF-Santander Q1 CET1 Capital Ratio 12.9%,urn:newsml:reuters.com:20250430:nPLX459217:1,NS:RTRS,SAN.MC
2025-04-30 00:00:00.000,Banco Santander reports Q1 results,urn:newsml:newsroom:20250507:nNRAwarqpt:0,NS:PLUCOM,SAN.MC
2025-04-29 22:14:51.341,Banco Santander (SAN: PLN27.27) falls 2.5% from 14-day high; -46 PLN groszy [-1.7%],urn:newsml:newsroom:20250429:nNRAw8337p:0,NS:POLSTO,SAN.MC
2025-04-29 21:45:07.306,Erste Group May Acquire 49% Stake in Santander Bank Polska for USD8 billion,urn:newsml:reuters.com:20250429:nNRAw82snb:1,NS:DATMTR,SAN.MC
2025-04-29 19:34:07.087,Ecopetrol receives authorisation for $500m loan from Banco Santander,urn:newsml:reuters.com:20250429:nNRAw81mdh:1,NS:DATMTR,SAN.MC
2025-04-29 15:42:43.132,Banco Santander ADR (SAN US: $7.38) offers 16th lowest Price Earnings growth of 0.47 in the BNY Mellon Composite ADR Index; +$2.75 [59.4%],urn:newsml:newsroom:20250429:nNRAw7yhki:0,NS:GLOROU,SAN.MC
2025-04-29 14:38:29.000,Banco Santander (Brasil) SA - OGM and EGM on 04/25/2025 minute - (04.25.2025),urn:newsml:reuters.com:20250429:nNDL4nZJzy:1,NS:PUBT,SAN.MC
2025-04-29 12:06:14.867,"Banco Santander, S.A. (LON:BNC) Declares Dividend of €0.11",urn:link:webnews:20250429:nNRAw7uo07:0,NS:MARBEA,SAN.MC
2025-04-29 10:11:59.328,"Economic situation, pension reform and increased competition: the main risks detailed by Banco de Chile and Santander before the U.S. SEC",urn:newsml:newsroom:20250429:nNRAw7t4ga:0,NS:NOTENG,SAN.MC
2025-04-29 10:07:09.000,UPDATE 3-BBVA warns of US tariff uncertainty on Mexican business,urn:newsml:reuters.com:20250429:nL8N3R70CP:7,NS:RTRS,SAN.MC
2025-04-29 08:02:24.000,"UPDATE 4-HSBC sounds Trump tariff alarm, taking shine off Q1 profit beat and buyback",urn:newsml:reuters.com:20250429:nL1N3R703J:1,NS:RTRS,SAN.MC
2025-04-29 07:40:23.000,EARNINGS POLL-Santander Bank Polska first-quarter net profit seen up 3% y/y,urn:newsml:reuters.com:20250429:nL8N3R61HM:1,NS:RTRS,SAN.MC
2025-04-29 06:23:18.897,Banco Santander (SAN) to Release Quarterly Earnings on Wednesday,urn:link:webnews:20250429:nNRAw7q5qd:0,NS:ETFDAI,SAN.MC
2025-04-29 06:20:13.107,Banco Santander continues to outperform Unicaja Banco by 1.8% in the past month,urn:newsml:newsroom:20250429:nNRAw7q4ht:0,NS:SPANEW,SAN.MC
2025-04-29 06:17:18.000,Spanish stocks - Factors to watch on April 29,urn:newsml:reuters.com:20250429:nL1N3R705L:1,NS:RTRS,SAN.MC
2025-04-28 22:14:38.433,Banco Santander (SAN: PLN27.73) hits year-high 23rd time in three months; +23 PLN groszy [+0.8%],urn:newsml:newsroom:20250428:nNRAw7lzef:0,NS:POLSTO,SAN.MC
2025-04-28 15:43:06.555,Banco Santander ADR (SAN US: $7.42) offers 16th lowest Price Earnings growth of 0.47 in the BNY Mellon Composite ADR Index; +$2.79 [60.3%],urn:newsml:newsroom:20250428:nNRAw7hal7:0,NS:GLOROU,SAN.MC
2025-04-28 15:16:27.966,"Santander distributes this Friday 1,666 million euros among its shareholders for the dividend of 0.11 euros",urn:newsml:newsroom:20250428:nNRAw7gtt1:0,NS:NOTENG,SAN.MC
2025-04-28 14:30:33.000,UPDATE 2-Erste in talks with Santander to buy 49% of its Polish unit,urn:newsml:reuters.com:20250428:nL1N3R60JX:4,NS:RTRS,SAN.MC
2025-04-28 13:30:12.390,Santander confirms talks to sell 49% stake in Santander Polska,urn:newsml:newsroom:20250428:nNRAw7fcw0:0,NS:ALLNEX,SAN.MC
2025-04-28 13:12:01.714,"Erste Group Confirms That It Is Currently In Discussions With Banco Santander, S.A. For Potential Acquisition Of A 49% Stake In Santander Bank Polska",urn:newsml:reuters.com:20250428:nRSD79X9QN:1,NS:SIGDEV,SAN.MC
2025-04-28 13:12:01.445,"Erste Group Confirms That It Is Currently In Discussions With Banco Santander, S.A. For Potential Acquisition Of A 49% Stake In Santander Bank Polska",urn:newsml:reuters.com:20250428:nRSD1qryHG:1,NS:SIGDEV,SAN.MC
2025-04-28 13:10:08.000,Banco Santander-Chile <BSAC.N> expected to post earnings of 58 cents a share - Earnings Preview,urn:newsml:reuters.com:20250428:nL8N3R61AD:1,NS:RTRS,SAN.MC
2025-04-28 12:56:47.000,"BRIEF-Erste Group Confirms That It Is Currently In Discussions With Banco Santander, S.A. For Potential Acquisition Of A 49% Stake In Santander Bank Polska",urn:newsml:reuters.com:20250428:nFWN3R61L8:1,NS:RTRS,SAN.MC
2025-04-28 09:12:04.707,Banco Santander continues to outperform CaixaBank by 7.0% in the past month,urn:newsml:newsroom:20250428:nNRAw7bqxd:0,NS:SPANEW,SAN.MC
2025-04-28 08:17:19.493,Banco Santander continues to outperform Bankinter by 0.1% in the past month,urn:newsml:newsroom:20250428:nNRAw7azsf:0,NS:SPANEW,SAN.MC
2025-04-28 08:17:18.205,CaixaBank continues to underperform Banco Santander by 7.0% in the past month,urn:newsml:newsroom:20250428:nNRAw7azse:0,NS:SPANEW,SAN.MC
2025-04-28 08:01:51.666,"727,838 Shares in Banco Santander, S.A. (NYSE:SAN) Acquired by Raymond James Financial Inc.",urn:link:webnews:20250428:nNRAw7aspv:0,NS:ETFDAI,SAN.MC
2025-04-28 07:52:59.750,"Banco Santander, S.A. (LON:BNC) Declares Dividend Increase – €0.11 Per Share",urn:newsml:newsroom:20250428:nNRAw7apz9:0,NS:ZOLCOM,SAN.MC
2025-04-28 07:19:07.867,Banco Santander continues to outperform Banco de Sabadell by 1.1% in the past month,urn:newsml:newsroom:20250428:nNRAw7aanc:0,NS:SPANEW,SAN.MC
2025-04-28 06:56:03.000,Banco Santander SA <SAN.N> expected to post earnings of 19 cents a share - Earnings Preview,urn:newsml:reuters.com:20250428:nL8N3R60C1:1,NS:RTRS,SAN.MC
2025-04-28 06:17:27.061,Banco Santander continues to outperform Banco Bilbao Vizcaya Argentaria by 0.7% in the past month,urn:newsml:newsroom:20250428:nNRAw79iln:0,NS:SPANEW,SAN.MC
2025-04-28 04:47:29.000,UK Stocks-Factors to watch on April 28,urn:newsml:reuters.com:20250428:nL4N3PU09V:1,NS:RTRS,SAN.MC
2025-04-27 16:19:11.507,Banco Santander (NYSE:SAN) Reaches New 12-Month High - Time to Buy?,urn:link:webnews:20250427:nNRAw75aho:0,NS:MARBEA,SAN.MC
2025-04-27 12:12:56.808,"Santander distributes this Friday 1,666 million euros among its shareholders for the dividend of 0.11 euros",urn:newsml:newsroom:20250427:nNRAw7406j:0,NS:NOTENG,SAN.MC
2025-04-27 08:18:12.283,Banco Santander (NYSE:SAN) Hits New 1-Year High – Time to Buy?,urn:link:webnews:20250427:nNRAw72ca3:0,NS:DAIPOL,SAN.MC
2025-04-27 08:17:08.214,Banco Santander (NYSE:SAN) Hits New 12-Month High – Here's What Happened,urn:newsml:newsroom:20250427:nNRAw72c8a:0,NS:TICREP,SAN.MC
2025-04-27 08:17:06.120,Banco Santander (NYSE:SAN) Hits New 1-Year High – Time to Buy?,urn:newsml:newsroom:20250427:nNRAw72bco:0,NS:DAILYQ,SAN.MC
2025-04-26 14:49:30.000,UPDATE 3-Top British bank chiefs urge finance minister to scrap ring-fencing in letter,urn:newsml:reuters.com:20250426:nL1N3R402C:1,NS:RTRS,SAN.MC
2025-04-26 04:27:22.728,Weekly: Banco Santander (SAN: PLN27.50) gains 7% - outperforming 86% of stocks; +PLN1.89 [7.4%] Vol Index 2.9 [1 is avg],urn:newsml:newsroom:20250426:nNRAw6qt0f:0,NS:GLOWEE,SAN.MC
2025-04-26 03:52:15.065,"Banco Santander Brasil ADR jumps 27% in 2025, outperforming 85% of the market",urn:newsml:newsroom:20250426:nNRAw6qlg9:0,NS:GLOROU,SAN.MC
2025-04-25 22:56:03.000,Banco Santander (Brasil) SA - 04/25/2025 - OGM and EGM on 04/25/2025 minute,urn:newsml:reuters.com:20250425:nNDLc7LXrd:1,NS:PUBT,SAN.MC
2025-04-25 22:22:22.553,Weekly: Banco Santander (SAN: PLN27.50) gains 7% - outperforming 86% of stocks; +PLN1.89 [7.4%] Vol Index 2.9 [1 is avg],urn:newsml:newsroom:20250425:nNRAw6od1g:0,NS:GLOWEE,SAN.MC
2025-04-25 22:17:15.927,Banco Santander (SAN: PLN27.50) gains 3.8% strengthening above moving average price; +PLN1 [+3.8%] Vol Index 3.2 [1 is avg],urn:newsml:newsroom:20250425:nNRAw6ochf:0,NS:POLSTO,SAN.MC
2025-04-25 16:32:10.123,Banco Santander ADR (SAN US: $7.24) offers 16th lowest Price Earnings growth of 0.46 in the BNY Mellon Composite ADR Index; +$2.61 [56.4%],urn:newsml:newsroom:20250425:nNRAw6l0mc:0,NS:GLOROU,SAN.MC
2025-04-25 14:47:14.833,Are Investors Undervaluing Banco Santander Chile (BSAC) Right Now?,urn:newsml:reuters.com:20250425:nNRAw6jo45:1,NS:ZACKSC,SAN.MC
2025-04-25 12:16:04.000,Banco Santander Brasil SA <SANB11.SA> expected to post earnings of 99 centavos a share - Earnings Preview,urn:newsml:reuters.com:20250425:nL8N3R318P:1,NS:RTRS,SAN.MC
2025-04-25 12:13:05.000,Banco Santander Brasil SA <BSBR.N> expected to post earnings of 17 cents a share - Earnings Preview,urn:newsml:reuters.com:20250425:nL8N3R318K:1,NS:RTRS,SAN.MC
2025-04-25 11:52:50.093,EARNINGS EXPECTATIONS: Santander BP lender seen netting nearly PLN 1.62 bln in Q1 2025,urn:newsml:reuters.com:20250425:nNRAw6gu1c:1,NS:PAPINS,SAN.MC
2025-04-25 10:19:06.067,Banco Santander continues to outperform CaixaBank by 12.8% year to date,urn:newsml:newsroom:20250425:nNRAw6fhbd:0,NS:SPANEW,SAN.MC
2025-04-25 10:19:00.942,"GeoWealth Management LLC Grows Stock Holdings in Banco Santander, S.A. (NYSE:SAN)",urn:newsml:newsroom:20250425:nNRAw6fg5w:0,NS:TRADAJ,SAN.MC
2025-04-25 09:12:14.637,Banco Santander continues to outperform Bankinter by 7.0% year to date,urn:newsml:newsroom:20250425:nNRAw6em9m:0,NS:SPANEW,SAN.MC
2025-04-25 09:12:13.216,CaixaBank continues to underperform Banco Santander by 12.8% year to date,urn:newsml:newsroom:20250425:nNRAw6emw8:0,NS:SPANEW,SAN.MC
2025-04-25 08:36:22.181,Banco Santander (SAN) Projected to Post Quarterly Earnings on Wednesday,urn:link:webnews:20250425:nNRAw6e7yd:0,NS:MARBEA,SAN.MC
2025-04-25 08:16:58.390,Banco Santander continues to outperform Banco de Sabadell by 3.4% year to date,urn:newsml:newsroom:20250425:nNRAw6e2gj:0,NS:SPANEW,SAN.MC
2025-04-25 07:17:03.688,Banco Santander continues to outperform Banco Bilbao Vizcaya Argentaria by 10.5% year to date,urn:newsml:newsroom:20250425:nNRAw6db3f:0,NS:SPANEW,SAN.MC
2025-04-24 22:19:20.691,Banco Santander (SAN: PLN26.50) drops 1.5% on increasing volatility; -40 PLN groszy [-1.5%] Vol Index 1.2 [1 is avg],urn:newsml:newsroom:20250424:nNRAw680go:0,NS:POLSTO,SAN.MC
2025-04-24 16:37:17.267,How Banco Santander's Tax Rate compares to Its Peers,urn:newsml:newsroom:20250424:nNRAw62un0:0,NS:GLOROU,SAN.MC
2025-04-24 16:17:29.486,Banco Santander (SAN: EUR6.25) offers earnings yield of 10.5%; -7c [-1.1%],urn:newsml:newsroom:20250424:nNRAw62kad:0,NS:SPANEW,SAN.MC
2025-04-24 14:52:31.930,How Banco Santander's Tax Rate compares to Its Peers,urn:newsml:newsroom:20250424:nNRAw614m4:0,NS:GLOROU,SAN.MC
2025-04-24 11:02:19.007,"Banco Santander, S.A. (NYSE:SAN) Receives Consensus Rating of ""Buy"" from Brokerages",urn:newsml:newsroom:20250424:nNRAw5xyt9:0,NS:DAILYQ,SAN.MC
2025-04-24 08:13:27.869,Santander forecasts low growth in Mexico without reaching a recession,urn:newsml:newsroom:20250424:nNRAw5wp29:0,NS:NOTENG,SAN.MC
2025-04-24 06:48:19.000,Spanish stocks - Factors to watch on April 24,urn:newsml:reuters.com:20250424:nL1N3R207I:1,NS:RTRS,SAN.MC
2025-04-24 06:22:05.827,How Banco Santander's Tax Rate compares to Its Peers,urn:newsml:newsroom:20250424:nNRAw5v554:0,NS:SPANEW,SAN.MC
2025-04-24 06:22:05.586,How Banco Santander's dividend compares to Unicaja Banco,urn:newsml:newsroom:20250424:nNRAw5v4kx:0,NS:SPANEW,SAN.MC
2025-04-23 22:22:16.435,"Banco Santander (SAN: PLN26.90) adds PLN20 billion ($5 billion) (4.5%) in MCap, top heavyweight rise in WIG Index; +PLN1.15 [+4.5%] Vol Index 6.5 [...",urn:newsml:newsroom:20250423:nNRAw5r7af:0,NS:POLSTO,SAN.MC
2025-04-23 19:10:15.381,Banco Santander is trading 1.87 percent higher with a volume of EUR 198 mn on Wednesday 23rd of April,urn:newsml:newsroom:20250423:nNRAw5pb16:0,NS:STOCKP,SAN.MC
2025-04-23 14:18:12.204,Banco Santander continues to outperform Unicaja Banco by 11.2% year to date,urn:newsml:newsroom:20250423:nNRAw5l26c:0,NS:SPANEW,SAN.MC
2025-04-23 10:59:37.873,REG - Banco Santander S.A. - 1st Quarter 2025 Results Notice,urn:newsml:newsroom:20250423:nRSW8883Fa:0,NS:LSE,SAN.MC
2025-04-23 10:59:36.000,REG - Banco Santander S.A.  - 1st Quarter 2025 Results Notice,urn:newsml:reuters.com:20250423:nRSW8883Fa:1,NS:LSE,SAN.MC
2025-04-23 09:37:10.000,PREVIEW-Tariff turmoil casts pall over European banks' 2025 earnings power,urn:newsml:reuters.com:20250423:nL8N3R010E:7,NS:RTRS,SAN.MC
2025-04-23 09:12:12.137,How Banco Santander's dividend compares to Bankinter,urn:newsml:newsroom:20250423:nNRAw5garj:0,NS:SPANEW,SAN.MC
2025-04-23 08:17:29.912,Banco Santander (Brasil) (BSBR) to Release Earnings on Wednesday,urn:newsml:newsroom:20250423:nNRAw5flv8:0,NS:WATNEW,SAN.MC
2025-04-23 08:17:21.534,Banco Santander (Brasil) (BSBR) to Release Quarterly Earnings on Wednesday,urn:newsml:newsroom:20250423:nNRAw5fmpr:0,NS:TICREP,SAN.MC
2025-04-23 08:17:06.672,How Banco Santander's dividend compares to Banco de Sabadell,urn:newsml:newsroom:20250423:nNRAw5fmo7:0,NS:SPANEW,SAN.MC
2025-04-23 08:17:05.660,How CaixaBank's dividend compares to Banco Santander,urn:newsml:newsroom:20250423:nNRAw5fmxn:0,NS:SPANEW,SAN.MC
2025-04-23 07:17:32.881,How Banco Bilbao Vizcaya Argentaria's dividend compares to Banco Santander,urn:newsml:newsroom:20250423:nNRAw5exci:0,NS:SPANEW,SAN.MC
2025-04-23 07:17:32.313,How Banco Santander's dividend compares to Banco Bilbao Vizcaya Argentaria,urn:newsml:newsroom:20250423:nNRAw5ew7k:0,NS:SPANEW,SAN.MC
2025-04-23 06:17:18.185,How Banco Santander's dividend compares to CaixaBank,urn:newsml:newsroom:20250423:nNRAw5e25i:0,NS:SPANEW,SAN.MC
2025-04-23 06:17:16.927,How Banco de Sabadell's dividend compares to Banco Santander,urn:newsml:newsroom:20250423:nNRAw5e2uo:0,NS:SPANEW,SAN.MC
2025-04-23 03:12:40.761,"Banco Santander lowers its 2025 and 2026 GDP projections due to the impact on Chile of the ""relevant threat"" of the trade war",urn:newsml:newsroom:20250423:nNRAw5c9gp:0,NS:NOTENG,SAN.MC
2025-04-22 22:17:04.815,Banco Santander (SAN: PLN25.75) increases on thin volume; +14 PLN groszy [+0.5%],urn:newsml:newsroom:20250422:nNRAw59wxz:0,NS:POLSTO,SAN.MC
2025-04-22 16:27:02.964,Banco Santander ADR (SAN US: $6.89) offers 16th lowest Price Earnings growth of 0.43 in the BNY Mellon Composite ADR Index; +$2.26 [48.8%],urn:newsml:newsroom:20250422:nNRAw563n2:0,NS:GLOROU,SAN.MC
2025-04-22 16:27:02.558,"SPANISH BANKS COMPANY TOP 1 DAILY: TOP MOMENTUM UP IN THE PAST WEEK End-of-day: Tuesday April 22, 2025 16:00 (EST: 10:00, GMT: 15:00)",urn:newsml:newsroom:20250422:nNRAw563cg:0,NS:GLOUPM,SAN.MC
2025-04-22 15:39:08.588,Vista Energy acquires Petronas stake in Argentine oil field,urn:newsml:newsroom:20250422:nNRAw55b3x:0,NS:BNEINT,SAN.MC
2025-04-22 15:37:10.774,"Banco Santander, S.A. (NYSE:SAN) Position Reduced by Mariner LLC",urn:link:webnews:20250422:nNRAw55a9f:0,NS:ETFDAI,SAN.MC
2025-04-22 10:53:51.000,FACTBOX-European companies cut jobs as economy slows,urn:newsml:reuters.com:20250422:nL8N3R00FN:2,NS:RTRS,SAN.MC
2025-04-22 04:22:08.858,Weekly: Banco Santander (SAN: PLN25.61) climbs 6% on robust volume; +PLN1.41 [5.8%] Vol Index 1.6 [1 is avg],urn:newsml:newsroom:20250422:nNRAw4vr7y:0,NS:GLOWEE,SAN.MC
2025-04-22 02:14:07.830,Walmart Fourth Quarter 13F Filing: Banco Santander augments its shareholding by 0.2%,urn:newsml:newsroom:20250422:nNRAw4uprs:0,NS:NEWWIR,SAN.MC
2025-04-21 22:14:06.496,Walmart Fourth Quarter 13F Filing: Banco Santander augments its shareholding by 0.2%,urn:newsml:newsroom:20250421:nNRAw4t4fg:0,NS:NEWWIR,SAN.MC
2025-04-21 16:26:54.744,Banco Santander ADR (SAN US: $6.64) offers 16th lowest Price Earnings growth of 0.42 in the BNY Mellon Composite ADR Index; +$2.01 [43.4%],urn:newsml:newsroom:20250421:nNRAw4puup:0,NS:GLOROU,SAN.MC
2025-04-21 13:33:22.216,Walmart Fourth Quarter 13F Filing: Banco Santander augments its shareholding by 0.2%,urn:newsml:newsroom:20250421:nNRAw4nm3r:0,NS:NEWWIR,SAN.MC
2025-04-21 11:33:45.154,Walmart Fourth Quarter 13F Filing: Banco Santander augments its shareholding by 0.2%,urn:newsml:newsroom:20250421:nNRAw4lh3t:0,NS:NEWWIR,SAN.MC
2025-04-21 10:17:07.362,Banco Santander continues to outperform CaixaBank by 4.9% year to date,urn:newsml:newsroom:20250421:nNRAw4kjqm:0,NS:SPANEW,SAN.MC
2025-04-21 09:17:33.986,CaixaBank continues to underperform Banco Santander by 4.9% year to date,urn:newsml:newsroom:20250421:nNRAw4jywr:0,NS:SPANEW,SAN.MC
2025-04-21 09:17:32.280,Banco Santander continues to outperform Bankinter by 5.6% year to date,urn:newsml:newsroom:20250421:nNRAw4jxs8:0,NS:SPANEW,SAN.MC
2025-04-21 08:16:53.332,Banco Santander continues to outperform Banco de Sabadell by 1.3% year to date,urn:newsml:newsroom:20250421:nNRAw4ja8e:0,NS:SPANEW,SAN.MC
2025-04-21 07:17:07.031,Banco Santander continues to outperform Banco Bilbao Vizcaya Argentaria by 7.6% year to date,urn:newsml:newsroom:20250421:nNRAw4ir8b:0,NS:SPANEW,SAN.MC
2025-04-21 06:33:35.750,Walmart Fourth Quarter 13F Filing: Banco Santander augments its shareholding by 0.2%,urn:newsml:newsroom:20250421:nNRAw4i1i9:0,NS:NEWWIR,SAN.MC
2025-04-20 10:17:57.953,Banco Santander (LON:BNC) Stock Crosses Above 50-Day Moving Average – What's Next?,urn:newsml:newsroom:20250420:nNRAw4c80e:0,NS:TICREP,SAN.MC
2025-04-20 10:17:56.788,Banco Santander (LON:BNC) Shares Cross Above Fifty Day Moving Average – Here's What Happened,urn:newsml:newsroom:20250420:nNRAw4c80b:0,NS:DAILYQ,SAN.MC
2025-04-20 10:13:09.452,Banco Santander (LON:BNC) Shares Cross Above Fifty Day Moving Average – Here's What Happened,urn:link:webnews:20250420:nNRAw4c7tq:0,NS:DAIPOL,SAN.MC
2025-04-20 07:15:06.689,Banco Santander (LON:BNC) Shares Pass Above Fifty Day Moving Average - What's Next?,urn:link:webnews:20250420:nNRAw4axgs:0,NS:MARBEA,SAN.MC
2025-04-20 06:25:31.256,"Santander Bank Not Liable for Customer's $750K Crypto Loss, Court Confirms",urn:link:webnews:20250420:nNRAw4ao1b:0,NS:CRYPTV,SAN.MC
2025-04-20 06:21:37.346,"Santander Bank Not Liable for Customer's $750K Crypto Loss, Court Confirms",urn:link:webnews:20250420:nNRAw4an9v:0,NS:BITNEW,SAN.MC
2025-04-19 15:07:29.062,"Banco Santander Brasil ADR jumps 20% in 2025, outperforming 82% of the market",urn:newsml:newsroom:20250419:nNRAw46l2a:0,NS:GLOROU,SAN.MC
2025-04-19 11:43:06.782,Santander unit,urn:link:webnews:20250419:nNRAw44nli:0,NS:PORNEX,SAN.MC
2025-04-19 07:57:34.233,"Banco Santander Brasil ADR jumps 20% in 2025, outperforming 82% of the market",urn:newsml:newsroom:20250419:nNRAw42wv5:0,NS:GLOROU,SAN.MC
2025-04-19 07:43:11.545,"Banco Santander, S.A. (NYSE:SAN) Given Consensus Recommendation of ""Buy"" by Analysts",urn:link:webnews:20250419:nNRAw42rtb:0,NS:MARBEA,SAN.MC
2025-04-19 07:43:09.523,Banco Santander (LON:BNC) Stock Crosses Above Fifty Day Moving Average – Should You Sell?,urn:link:webnews:20250419:nNRAw42rt6:0,NS:ETFDAI,SAN.MC
2025-04-19 06:16:53.054,Santander escapes liability in customer's costly CoinEgg crypto scam,urn:newsml:newsroom:20250419:nNRAw425u9:0,NS:CRYPTT,SAN.MC
2025-04-19 05:27:23.396,"Banco Santander Brasil ADR jumps 20% in 2025, outperforming 82% of the market",urn:newsml:newsroom:20250419:nNRAw41uvy:0,NS:GLOROU,SAN.MC
2025-04-18 09:27:14.529,"Sagespring Wealth Partners LLC Purchases Shares of 32,147 Banco Santander, S.A. (NYSE:SAN)",urn:newsml:newsroom:20250418:nNRAw3tk5c:0,NS:TICREP,SAN.MC
2025-04-18 04:32:09.730,Weekly: Banco Santander (SAN: EUR5.94) climbs 4.9% on high volume; +28c [4.9%] Vol Index 2.0 [1 is avg],urn:newsml:newsroom:20250418:nNRAw3quf0:0,NS:GLOWEE,SAN.MC
2025-04-18 03:12:37.978,"Banco Santander Brasil ADR jumps 20% in 2025, outperforming 82% of the market",urn:newsml:newsroom:20250418:nNRAw3qaxs:0,NS:GLOROU,SAN.MC
2025-04-17 22:20:02.562,Weekly: Banco Santander (SAN: PLN25.61) climbs 6% on robust volume; +PLN1.41 [5.8%] Vol Index 1.6 [1 is avg],urn:newsml:newsroom:20250417:nNRAw3nzo3:0,NS:GLOWEE,SAN.MC
2025-04-17 22:13:17.373,Banco Santander (SAN: PLN25.61) decreases on weak volume; -23 PLN groszy [-0.9%],urn:newsml:newsroom:20250417:nNRAw3ny41:0,NS:POLSTO,SAN.MC
2025-04-17 19:22:16.068,Walmart Fourth Quarter 13F Filing: Banco Santander augments its shareholding by 0.2%,urn:newsml:newsroom:20250417:nNRAw3mbk1:0,NS:NEWWIR,SAN.MC
2025-04-17 16:38:09.276,How Banco Santander's Tax Rate compares to Its Peers,urn:newsml:newsroom:20250417:nNRAw3jup3:0,NS:GLOROU,SAN.MC
2025-04-17 16:23:06.017,Weekly: Banco Santander (SAN: EUR5.94) climbs 4.9% on high volume; +28c [4.9%] Vol Index 2.0 [1 is avg],urn:newsml:newsroom:20250417:nNRAw3jnf8:0,NS:GLOWEE,SAN.MC
2025-04-17 16:18:35.746,Banco Santander (SAN: EUR5.94) offers earnings yield of 11%; -9c [-1.5%] Vol Index 1.6 [1 is avg],urn:newsml:newsroom:20250417:nNRAw3jkzx:0,NS:SPANEW,SAN.MC
2025-04-17 15:46:50.392,Banco Santander ADR (SAN US: $6.71) offers 15th lowest Price Earnings growth of 0.42 in the BNY Mellon Composite ADR Index; +$2.08 [44.9%],urn:newsml:newsroom:20250417:nNRAw3iyys:0,NS:GLOROU,SAN.MC
2025-04-17 14:53:56.280,How Banco Santander's Tax Rate compares to Its Peers,urn:newsml:newsroom:20250417:nNRAw3hvq7:0,NS:GLOROU,SAN.MC
2025-04-17 06:20:05.451,How Banco Santander's dividend compares to Unicaja Banco,urn:newsml:newsroom:20250417:nNRAw3a61e:0,NS:SPANEW,SAN.MC
2025-04-17 00:14:13.049,Should Value Investors Buy Banco Santander (SAN) Stock?,urn:link:webnews:20250417:nNRAw36yxa:0,NS:YAHNEX,SAN.MC
2025-04-16 22:19:30.502,Banco Santander (SAN: PLN25.84) decreases on strong volume; -7 PLN groszy [-0.3%] Vol Index 2.7 [1 is avg],urn:newsml:newsroom:20250416:nNRAw364bd:0,NS:POLSTO,SAN.MC
2025-04-16 16:18:09.507,"Banco Santander (SAN: EUR6.03) keeps rising, up 7.9% in 3 days; +44c [+7.9%] Vol Index 2.4 [1 is avg]",urn:newsml:newsroom:20250416:nNRAw31qzx:0,NS:SPANEW,SAN.MC
2025-04-16 15:42:55.049,Banco Santander ADR (SAN US: $6.74) offers 16th lowest Price Earnings growth of 0.43 in the BNY Mellon Composite ADR Index; +$2.11 [45.6%],urn:newsml:newsroom:20250416:nNRAw312fc:0,NS:GLOROU,SAN.MC
2025-04-16 14:47:33.877,Should Value Investors Buy Banco Santander (SAN) Stock?,urn:newsml:reuters.com:20250416:nNRAw305l1:1,NS:ZACKSC,SAN.MC
2025-04-16 09:17:46.779,How Banco Santander's dividend compares to CaixaBank,urn:newsml:newsroom:20250416:nNRAw2ur2j:0,NS:SPANEW,SAN.MC
2025-04-16 08:17:20.426,How Banco Santander's dividend compares to Bankinter,urn:newsml:newsroom:20250416:nNRAw2u01r:0,NS:SPANEW,SAN.MC
2025-04-16 07:17:15.078,How Banco Santander's dividend compares to Banco Bilbao Vizcaya Argentaria,urn:newsml:newsroom:20250416:nNRAw2t5vz:0,NS:SPANEW,SAN.MC
2025-04-16 06:30:00.000,"Santander Bank Polska named a ""Leader of the World of Finance""",urn:newsml:newsroom:20250425:nNRAw6gidp:0,NS:INDBAN,SAN.MC
2025-04-16 06:17:49.081,How Banco Bilbao Vizcaya Argentaria's dividend compares to Banco Santander,urn:newsml:newsroom:20250416:nNRAw2sbqn:0,NS:SPANEW,SAN.MC
2025-04-16 06:17:42.876,How Banco de Sabadell's dividend compares to Banco Santander,urn:newsml:newsroom:20250416:nNRAw2sbqo:0,NS:SPANEW,SAN.MC
2025-04-16 06:17:42.872,How Banco Santander's dividend compares to Banco de Sabadell,urn:newsml:newsroom:20250416:nNRAw2scdf:0,NS:SPANEW,SAN.MC
2025-04-16 06:17:41.850,How CaixaBank's dividend compares to Banco Santander,urn:newsml:newsroom:20250416:nNRAw2sc3l:0,NS:SPANEW,SAN.MC
2025-04-15 22:12:26.938,"Banco Santander (SAN: PLN25.91) adds PLN18 billion ($5 billion) (4.3%) in MCap, top heavyweight rise in WIG Index; +PLN1.06 [+4.3%] Vol Index 1.4 [...",urn:newsml:newsroom:20250415:nNRAw2o6qz:0,NS:POLSTO,SAN.MC
2025-04-15 16:18:27.401,Banco Santander (SAN: EUR6.01) in top 1% performers of IBEX 35 Index; +21c [+3.6%] Vol Index 4.1 [1 is avg],urn:newsml:newsroom:20250415:nNRAw2jmkc:0,NS:SPANEW,SAN.MC
2025-04-15 15:44:04.056,Banco Santander ADR (SAN US: $6.74) offers 16th lowest Price Earnings growth of 0.43 in the BNY Mellon Composite ADR Index; +$2.11 [45.6%],urn:newsml:newsroom:20250415:nNRAw2iwcs:0,NS:GLOROU,SAN.MC
2025-04-15 12:58:17.029,Banco Santander (SAN): The Best Performing Stock in Europe,urn:link:webnews:20250415:nNRAw2gew0:0,NS:INSMON,SAN.MC
2025-04-15 11:52:57.860,UPDATE: Santander BP lender to pay PLN 46.37 dividend per share,urn:newsml:reuters.com:20250415:nNRAw2f8b1:1,NS:PAPINS,SAN.MC
2025-04-15 11:32:05.726,Santander branches powered by green energy provided by Greenvolt,urn:newsml:newsroom:20250415:nNRAw2eui4:0,NS:INDBAN,SAN.MC
2025-04-15 10:52:57.984,Santander BP lender to pay PLN 46.37 dividend per share,urn:newsml:reuters.com:20250415:nNRAw2ec0h:1,NS:PAPINS,SAN.MC
2025-04-15 08:47:22.071,"Fmr LLC Boosts Holdings in Banco Santander, S.A. (NYSE:SAN)",urn:newsml:newsroom:20250415:nNRAw2cknc:0,NS:WATNEW,SAN.MC
2025-04-15 06:18:01.650,Banco Santander continues to outperform Unicaja Banco by 6.6% in the past three months,urn:newsml:newsroom:20250415:nNRAw2alos:0,NS:SPANEW,SAN.MC
2025-04-14 22:14:02.694,"Banco Santander (SAN: PLN24.85) gains 3.2%, outperforming 88% of the market; +78 PLN groszy [+3.2%]",urn:newsml:newsroom:20250414:nNRAw26jzz:0,NS:POLSTO,SAN.MC
2025-04-14 16:38:06.720,Barclays Adjusts Price Target for Banco Santander (SAN) While Maintaining Overweight Rating | ...,urn:newsml:newsroom:20250414:nNRAw220t4:0,NS:GURCOM,SAN.MC
2025-04-14 16:18:59.187,"Banco Santander (SAN: EUR5.80) gains 3.8%, outperforming 93% of the market; +21c [+3.8%] Vol Index 1.3 [1 is avg]",urn:newsml:newsroom:20250414:nNRAw21okp:0,NS:SPANEW,SAN.MC
2025-04-14 16:12:24.116,Partnership between Greenvolt and Banco Santander ensures the supply of green energy to 100 branches,urn:newsml:newsroom:20250414:nNRAw21ide:0,NS:NOTENG,SAN.MC
2025-04-14 15:51:40.175,Banco Santander ADR (SAN US: $6.54) offers 16th lowest Price Earnings growth of 0.42 in the BNY Mellon Composite ADR Index; +$1.91 [41.3%],urn:newsml:newsroom:20250414:nNRAw20s1l:0,NS:GLOROU,SAN.MC
2025-04-14 12:53:07.387,Benefit Systems inks PLN 1.78 bln financing deals with Santander and state development bank,urn:newsml:reuters.com:20250414:nNRAw1x47e:1,NS:PAPINS,SAN.MC
2025-04-14 09:12:24.451,Banco Santander continues to outperform CaixaBank by 9.1% in the past three months,urn:newsml:newsroom:20250414:nNRAw1u368:0,NS:SPANEW,SAN.MC
2025-04-14 08:17:24.909,Banco Santander continues to outperform Bankinter by 5.6% in the past three months,urn:newsml:newsroom:20250414:nNRAw1tgfd:0,NS:SPANEW,SAN.MC
2025-04-14 08:17:19.010,CaixaBank continues to underperform Banco Santander by 9.1% in the past three months,urn:newsml:newsroom:20250414:nNRAw1tgfb:0,NS:SPANEW,SAN.MC
2025-04-14 07:19:34.751,Banco Bilbao Vizcaya Argentaria continues to underperform Banco Santander by 7.4% in the past three months,urn:newsml:newsroom:20250414:nNRAw1srgg:0,NS:SPANEW,SAN.MC
2025-04-14 07:19:27.114,Banco Santander continues to outperform Banco de Sabadell by 2.2% in the past three months,urn:newsml:newsroom:20250414:nNRAw1sq4l:0,NS:SPANEW,SAN.MC
2025-04-14 07:19:26.367,Banco de Sabadell continues to underperform Banco Santander by 2.2% in the past three months,urn:newsml:newsroom:20250414:nNRAw1sqhx:0,NS:SPANEW,SAN.MC
2025-04-14 06:19:17.219,Banco Santander continues to outperform Banco Bilbao Vizcaya Argentaria by 7.4% in the past three months,urn:newsml:newsroom:20250414:nNRAw1s0bh:0,NS:SPANEW,SAN.MC
2025-04-13 12:07:51.233,Banco Santander Brasil ADR climbs 17% in 2025,urn:newsml:newsroom:20250413:nNRAw1lv2p:0,NS:GLOROU,SAN.MC
2025-04-13 08:45:37.636,Banco Santander (LON:BNC) Shares Pass Above 50 Day Moving Average - Should You Sell?,urn:link:webnews:20250413:nNRAw1km52:0,NS:MARBEA,SAN.MC
2025-04-13 06:07:24.569,Banco Santander Brasil ADR climbs 17% in 2025,urn:newsml:newsroom:20250413:nNRAw1jc9o:0,NS:GLOROU,SAN.MC
2025-04-13 00:34:07.758,Banco Santander (LON:BNC) Stock Price Crosses Above Fifty Day Moving Average – Time to Sell?,urn:newsml:newsroom:20250413:nNRAw1hn28:0,NS:STOOBS,SAN.MC
2025-04-12 20:29:13.873,Banco Santander (LON:BNC) Share Price Crosses Above 50 Day Moving Average – Here's Why,urn:newsml:newsroom:20250412:nNRAw1g2r0:0,NS:TRADAJ,SAN.MC
2025-04-12 16:31:27.515,"Legacy Financial Advisors Inc. Sells 6,753 Shares of Banco Santander, S.A. (NYSE:SAN)",urn:newsml:newsroom:20250412:nNRAw1cfsn:0,NS:TRADAJ,SAN.MC
2025-04-12 04:27:43.020,Weekly: Banco Santander (SAN: EUR5.59) increases 1.8% on strong volume; +10c [1.8%] Vol Index 2.9 [1 is avg],urn:newsml:newsroom:20250412:nNRAw19aja:0,NS:GLOWEE,SAN.MC
2025-04-12 04:22:26.923,"Weekly: Banco Santander (SAN: PLN24.07) climbs 4.8%, 3 weeks' volume in a week; +PLN1.10 [4.8%] Vol Index 3.4 [1 is avg]",urn:newsml:newsroom:20250412:nNRAw199zw:0,NS:GLOWEE,SAN.MC
2025-04-12 03:07:43.358,Banco Santander Brasil ADR climbs 17% in 2025,urn:newsml:newsroom:20250412:nNRAw18sm9:0,NS:GLOROU,SAN.MC
2025-04-11 22:19:40.906,"Weekly: Banco Santander (SAN: PLN24.07) climbs 4.8%, 3 weeks' volume in a week; +PLN1.10 [4.8%] Vol Index 3.4 [1 is avg]",urn:newsml:newsroom:20250411:nNRAw169w6:0,NS:GLOWEE,SAN.MC
2025-04-11 22:14:06.495,"Banco Santander (SAN: PLN24.07) decreases, 2 days' volume in a day; -13 PLN groszy [-0.5%] Vol Index 2.4 [1 is avg]",urn:newsml:newsroom:20250411:nNRAw1672a:0,NS:POLSTO,SAN.MC
2025-04-11 16:23:04.706,Weekly: Banco Santander (SAN: EUR5.59) increases 1.8% on strong volume; +10c [1.8%] Vol Index 2.9 [1 is avg],urn:newsml:newsroom:20250411:nNRAw117ie:0,NS:GLOWEE,SAN.MC
2025-04-11 16:18:45.364,Banco Santander (SAN: EUR5.59) offers earnings yield of 11.7%; -7c [-1.2%] Vol Index 1.5 [1 is avg],urn:newsml:newsroom:20250411:nNRAw112ha:0,NS:SPANEW,SAN.MC
2025-04-11 15:43:07.288,Banco Santander ADR (SAN US: $6.38) offers 15th lowest Price Earnings growth of 0.41 in the BNY Mellon Composite ADR Index; +$1.75 [37.8%],urn:newsml:newsroom:20250411:nNRAw10hrb:0,NS:GLOROU,SAN.MC
2025-04-11 08:40:36.790,Santander Bank Polska Says Juan De Porras Aguirre Won't Seek Re-Election As Deputy CEO,urn:newsml:reuters.com:20250411:nRSD9nR4nt:1,NS:SIGDEV,SAN.MC
2025-04-10 22:12:08.374,Banco Santander (SAN: PLN24.20) jumps 5.5% on spectacular volume; +PLN1.26 [+5.5%] Vol Index 7.5 [1 is avg],urn:newsml:newsroom:20250410:nNRAw0nmj6:0,NS:POLSTO,SAN.MC
2025-04-10 16:38:08.261,How Banco Santander's Tax Rate compares to Its Peers,urn:newsml:newsroom:20250410:nNRAw0jovm:0,NS:GLOROU,SAN.MC
2025-04-10 16:18:17.290,Banco Santander (SAN: EUR5.66) jumps 5.4% on miniscule volume; +29c [+5.4%],urn:newsml:newsroom:20250410:nNRAw0je4b:0,NS:SPANEW,SAN.MC
2025-04-10 15:43:22.719,Banco Santander ADR (SAN US: $6.30) offers 15th lowest Price Earnings growth of 0.41 in the BNY Mellon Composite ADR Index; +$1.67 [36.1%],urn:newsml:newsroom:20250410:nNRAw0itv7:0,NS:GLOROU,SAN.MC
2025-04-10 14:54:00.058,How Banco Santander's Tax Rate compares to Its Peers,urn:newsml:newsroom:20250410:nNRAw0i0w7:0,NS:GLOROU,SAN.MC
2025-04-10 11:02:59.858,Banco Santander (SAN) Receives Strong Buy Rating Amid Rising Earnings Estimates,urn:newsml:newsroom:20250410:nNRAw0dh67:0,NS:GURCOM,SAN.MC
2025-04-10 10:11:51.532,DBRS confirms Banco Santander's long-term issuer rating and stable trend,urn:newsml:newsroom:20250410:nNRAw0csi3:0,NS:NOTENG,SAN.MC
2025-04-10 07:17:03.798,Banco Santander's Earnings Growth Outperforms Bankinter,urn:newsml:newsroom:20250410:nNRAw0aorh:0,NS:SPANEW,SAN.MC
2025-04-10 06:17:53.615,Banco de Sabadell's Earnings Growth Outperforms Banco Santander,urn:newsml:newsroom:20250410:nNRAw09twt:0,NS:SPANEW,SAN.MC
2025-04-10 06:17:49.735,How Banco Santander's Tax Rate compares to Its Peers,urn:newsml:newsroom:20250410:nNRAw09twp:0,NS:SPANEW,SAN.MC
2025-04-10 06:17:49.719,Banco Santander's Earnings Growth Lags Banco de Sabadell,urn:newsml:newsroom:20250410:nNRAw09v9i:0,NS:SPANEW,SAN.MC
2025-04-10 06:17:47.369,How Banco Santander's dividend compares to Unicaja Banco,urn:newsml:newsroom:20250410:nNRAw09v34:0,NS:SPANEW,SAN.MC
2025-04-09 22:12:06.790,Banco Santander (SAN: PLN22.94) sinks 4.4% on thin volume; -PLN1.06 [-4.4%],urn:newsml:newsroom:20250409:nNRAw05qtc:0,NS:POLSTO,SAN.MC
2025-04-09 16:18:39.407,"Banco Santander (SAN: EUR5.37) continues significant downtrend, falls 2.4%; -13c [-2.4%] Vol Index 2.8 [1 is avg]",urn:newsml:newsroom:20250409:nNRAw01shw:0,NS:SPANEW,SAN.MC
2025-04-09 15:43:13.455,Banco Santander ADR (SAN US: $5.88) offers 16th lowest Price Earnings growth of 0.39 in the BNY Mellon Composite ADR Index; +$1.25 [27.0%],urn:newsml:newsroom:20250409:nNRAw016l8:0,NS:GLOROU,SAN.MC
2025-04-09 11:44:13.000,BUZZ-European banks fall further after China's additional tariffs of 84% on US goods,urn:newsml:reuters.com:20250409:nL5N3QN0ZN:1,NS:RTRS,SAN.MC
2025-04-09 09:12:13.645,How Banco Santander's dividend compares to CaixaBank,urn:newsml:newsroom:20250409:nNRAvzv02f:0,NS:SPANEW,SAN.MC
2025-04-09 08:17:33.879,How Banco Santander's dividend compares to Bankinter,urn:newsml:newsroom:20250409:nNRAvzuf7k:0,NS:SPANEW,SAN.MC
2025-04-09 07:17:09.868,How Banco Santander's dividend compares to Banco Bilbao Vizcaya Argentaria,urn:newsml:newsroom:20250409:nNRAvztoho:0,NS:SPANEW,SAN.MC
2025-04-09 06:18:30.512,How Banco Bilbao Vizcaya Argentaria's dividend compares to Banco Santander,urn:newsml:newsroom:20250409:nNRAvzswmk:0,NS:SPANEW,SAN.MC
2025-04-09 06:18:25.516,How Banco de Sabadell's dividend compares to Banco Santander,urn:newsml:newsroom:20250409:nNRAvzsvpi:0,NS:SPANEW,SAN.MC
2025-04-09 06:18:22.358,How Banco Santander's dividend compares to Banco de Sabadell,urn:newsml:newsroom:20250409:nNRAvzsvph:0,NS:SPANEW,SAN.MC
2025-04-09 06:18:17.436,How CaixaBank's dividend compares to Banco Santander,urn:newsml:newsroom:20250409:nNRAvzswz5:0,NS:SPANEW,SAN.MC
2025-04-09 06:09:39.000,Spanish stocks - Factors to watch on April 9,urn:newsml:reuters.com:20250409:nL5N3QN06P:1,NS:RTRS,SAN.MC
2025-04-09 05:51:12.000,Poland - Factors to Watch April 9,urn:newsml:reuters.com:20250409:nL5N3QN05O:1,NS:RTRS,SAN.MC
2025-04-08 22:28:47.282,Banco Santander (SAN: PLN24.0) surges 7.1% strengthening above moving average price; +PLN1.60 [+7.1%] Vol Index 2.7 [1 is avg],urn:newsml:newsroom:20250408:nNRAvzotrh:0,NS:POLSTO,SAN.MC
2025-04-08 22:27:11.166,"Santander considers options for $8 billion stake in Polish unit, report says",urn:link:webnews:20250408:nNRAvzosck:0,NS:GLOREV,SAN.MC
2025-04-08 17:49:08.814,Banco Santander considering options for stake in Polish unit — report,urn:link:webnews:20250408:nNRAvzm2nv:0,NS:DIGITA,SAN.MC
2025-04-08 16:45:44.000,"UPDATE 2-Santander considers options for $8 billion stake in Polish unit, report says",urn:newsml:reuters.com:20250408:nL3N3QM1CF:6,NS:RTRS,SAN.MC
2025-04-08 16:23:12.230,Banco Santander (SAN: EUR5.50) shares rise after 3 days of declines; +26c [+5.0%] Vol Index 3.4 [1 is avg],urn:newsml:newsroom:20250408:nNRAvzkr83:0,NS:SPANEW,SAN.MC
2025-04-08 16:13:21.864,Santander studies a possible sale of its Polish subsidiary,urn:newsml:newsroom:20250408:nNRAvzkmzc:0,NS:NOTENG,SAN.MC
2025-04-08 15:42:28.236,Banco Santander ADR (SAN US: $6.01) offers 16th lowest Price Earnings growth of 0.39 in the BNY Mellon Composite ADR Index; +$1.38 [29.8%],urn:newsml:newsroom:20250408:nNRAvzjzta:0,NS:GLOROU,SAN.MC
2025-04-08 09:31:55.813,Banco Santander: Atempo Growth reaches first close of its second fund and raises EUR 300 million to invest in European technology,urn:newsml:newsroom:20250408:nNRAvzejgd:0,NS:INDBAN,SAN.MC
2025-04-08 08:27:04.605,Banco Santander is trading -4.57 percent lower with a volume of EUR 629.8 mn on Tuesday 8th of April,urn:newsml:newsroom:20250408:nNRAvzdokg:0,NS:STOCKP,SAN.MC
2025-04-08 06:17:38.902,Banco Santander continues to underperform Unicaja Banco by 3.1% in the past month,urn:newsml:newsroom:20250408:nNRAvzc5i2:0,NS:SPANEW,SAN.MC
2025-04-08 05:26:29.888,Banco Santander Sees Unusually Large Options Volume (NYSE:SAN),urn:link:webnews:20250408:nNRAvzblwu:0,NS:ETFDAI,SAN.MC
2025-04-07 22:12:14.190,"Banco Santander (SAN: PLN22.40) falls 2.5%, 4 days' volume in a day; -57 PLN groszy [-2.5%] Vol Index 3.8 [1 is avg]",urn:newsml:newsroom:20250407:nNRAvz85ce:0,NS:POLSTO,SAN.MC
2025-04-07 20:51:09.461,Banco Santander Target of Unusually Large Options Trading (NYSE:SAN),urn:newsml:newsroom:20250407:nNRAvz7cvd:0,NS:CERGEM,SAN.MC
2025-04-07 18:00:33.401,First Quarter 2025 Analyst and Investor Webcast / Conference Call,urn:newsml:newsroom:20250407:nVMNrzhyra:0,NS:CMNW,SAN.MC
2025-04-07 17:32:53.043,Banco Santander Chile: First Quarter 2025 Analyst and Investor Webcast / Conference Call,urn:newsml:reuters.com:20250407:nGNX6T0cgY:1,NS:GNW,SAN.MC
2025-04-07 16:17:41.131,Banco Santander (SAN: EUR5.24) offers earnings yield of 12.5%; -25c [-4.6%] Vol Index 6.7 [1 is avg],urn:newsml:newsroom:20250407:nNRAvz4784:0,NS:SPANEW,SAN.MC
2025-04-07 15:02:29.455,Banco Santander Sees Unusually Large Options Volume (NYSE:SAN),urn:newsml:newsroom:20250407:nNRAvz32q6:0,NS:WATNEW,SAN.MC
2025-04-07 14:44:27.046,"Monthly: Banco Santander (SAN: PLN25.69) wipes off PLN5 billion ($1 billion) in MCap in March, highest loser in Bank sector",urn:newsml:newsroom:20250407:nNRAvz2s82:0,NS:GLOSTP,SAN.MC
2025-04-07 10:35:11.953,"Quadrant Capital Group LLC Acquires 10,078 Shares of Banco Santander, S.A. (NYSE:SAN)",urn:link:webnews:20250407:nNRAvyytc2:0,NS:DAIPOL,SAN.MC
2025-04-07 10:32:30.561,"Quadrant Capital Group LLC Buys 10,078 Shares of Banco Santander, S.A. (NYSE:SAN)",urn:newsml:newsroom:20250407:nNRAvyyssp:0,NS:TICREP,SAN.MC
2025-04-07 10:32:13.603,"Quadrant Capital Group LLC Acquires 10,078 Shares of Banco Santander, S.A. (NYSE:SAN)",urn:newsml:newsroom:20250407:nNRAvyyr86:0,NS:DAILYQ,SAN.MC
2025-04-07 10:15:27.000,Banco Santander SA - Atempo Growth reaches first close of its second fund and raises EUR 300 million to invest in European technology,urn:newsml:reuters.com:20250407:nNDL5wGDWg:1,NS:PUBT,SAN.MC
2025-04-07 09:53:18.220,"Pitcairn Co. Acquires 6,282 Shares of Banco Santander, S.A. (NYSE:SAN)",urn:link:webnews:20250407:nNRAvyybaw:0,NS:WKRNEW,SAN.MC
2025-04-07 09:12:09.983,Banco Santander continues to underperform CaixaBank by 5.2% in the past month,urn:newsml:newsroom:20250407:nNRAvyxx4l:0,NS:SPANEW,SAN.MC
2025-04-07 08:12:10.564,Banco Santander continues to underperform Bankinter by 7.9% in the past month,urn:newsml:newsroom:20250407:nNRAvywvtk:0,NS:SPANEW,SAN.MC
2025-04-07 08:12:09.353,CaixaBank continues to outperform Banco Santander by 5.2% in the past month,urn:newsml:newsroom:20250407:nNRAvywu4o:0,NS:SPANEW,SAN.MC
2025-04-07 08:00:00.000,"Santander, BNDES back Mombak reforestation, drawing on Brazil climate fund",urn:newsml:reuters.com:20250407:nL2N3QH1D5:1,NS:RTRS,SAN.MC
2025-04-07 07:12:13.633,Banco Bilbao Vizcaya Argentaria continues to outperform Banco Santander by 0.3% in the past month,urn:newsml:newsroom:20250407:nNRAvyw5lj:0,NS:SPANEW,SAN.MC
2025-04-07 07:12:13.213,Banco Santander continues to underperform Banco de Sabadell by 2.6% in the past month,urn:newsml:newsroom:20250407:nNRAvyw4ks:0,NS:SPANEW,SAN.MC
2025-04-07 07:12:12.145,Banco de Sabadell continues to outperform Banco Santander by 2.6% in the past month,urn:newsml:newsroom:20250407:nNRAvyw5cd:0,NS:SPANEW,SAN.MC
2025-04-07 06:56:49.000,UPDATE 1-UK Stocks-Factors to watch on April 7,urn:newsml:reuters.com:20250407:nL3N3QL0IP:1,NS:RTRS,SAN.MC
2025-04-07 06:12:22.071,Banco Santander continues to underperform Banco Bilbao Vizcaya Argentaria by 0.3% in the past month,urn:newsml:newsroom:20250407:nNRAvyvhy8:0,NS:SPANEW,SAN.MC
2025-04-07 04:46:07.000,UK Stocks-Factors to watch on April 7,urn:newsml:reuters.com:20250407:nL3N3QL0FQ:1,NS:RTRS,SAN.MC
2025-04-07 00:16:47.576,Banco Santander down in recent days,urn:newsml:newsroom:20250407:nNRAvyt6t1:0,NS:GLOSTO,SAN.MC
2025-04-05 11:33:12.996,"Santander UK lines up ex-Treasury chief Tom Scholar as new chair, Sky News reports",urn:link:webnews:20250405:nNRAvyi2e7:0,NS:GLOREV,SAN.MC
2025-04-05 09:27:10.763,"Summit Financial LLC Buys Shares of 18,065 Banco Santander, S.A. (NYSE:SAN)",urn:newsml:newsroom:20250405:nNRAvygu3r:0,NS:WATNEW,SAN.MC
2025-04-05 09:05:26.000,"UPDATE 1-Santander UK lines up ex-Treasury chief Tom Scholar as new chair, Sky News reports",urn:newsml:reuters.com:20250405:nL2N3QJ022:2,NS:RTRS,SAN.MC
2025-04-05 08:28:31.267,Santander UK Lines Up Ex-Treasury Chief Tom Scholar As New Chair- Sky News,urn:newsml:reuters.com:20250405:nRSD6QxNyD:1,NS:SIGDEV,SAN.MC
2025-04-05 08:24:15.000,"Santander UK lines up ex-Treasury chief Tom Scholar as new chair, Sky News reports",urn:newsml:reuters.com:20250405:nL3N3QJ01Z:1,NS:RTRS,SAN.MC
2025-04-05 08:18:34.000,BRIEF-Santander UK Lines Up Ex-Treasury Chief Tom Scholar As New Chair- Sky News,urn:newsml:reuters.com:20250405:nFWN3QI218:1,NS:RTRS,SAN.MC
2025-04-05 04:27:39.902,Weekly: Banco Santander (SAN: EUR5.49) plunges 13% on strong volume; -83c [13.1%] Vol Index 3.0 [1 is avg],urn:newsml:newsroom:20250405:nNRAvyejld:0,NS:GLOWEE,SAN.MC
2025-04-05 04:22:09.370,Weekly: Banco Santander (SAN: PLN22.97) plunges 14% on spectacular volume; -PLN3.63 [13.6%] Vol Index 6.2 [1 is avg],urn:newsml:newsroom:20250405:nNRAvyei07:0,NS:GLOWEE,SAN.MC
2025-04-05 03:37:01.405,Banco Santander (LON:BNC) Stock Price Crosses Above Fifty Day Moving Average – What's Next?,urn:newsml:newsroom:20250405:nNRAvye5lx:0,NS:WATNEW,SAN.MC
2025-04-05 03:12:38.457,"In the face of the crisis opened by Trump, Botín praises that Europe aims to ""increase investment"".",urn:newsml:newsroom:20250405:nNRAvydy46:0,NS:NOTENG,SAN.MC
2025-04-05 01:12:31.555,Santander CEO warns of uncertainty over trade war,urn:newsml:newsroom:20250405:nNRAvyd47a:0,NS:NOTENG,SAN.MC
2025-04-04 22:17:29.192,Weekly: Banco Santander (SAN: PLN22.97) plunges 14% on spectacular volume; -PLN3.63 [13.6%] Vol Index 6.2 [1 is avg],urn:newsml:newsroom:20250404:nNRAvybvz2:0,NS:GLOWEE,SAN.MC
2025-04-04 22:12:33.123,"Banco Santander (SAN: PLN22.97) in bottom 3% performers of WIG Index, hits 57-day low; -PLN2.69 [-10.5%] Vol Index 4.0 [1 is avg]",urn:newsml:newsroom:20250404:nNRAvybtfc:0,NS:POLSTO,SAN.MC
2025-04-04 20:53:03.231,"(EN) Banco Santander, S.A. Annual General Meeting (82919032)",urn:newsml:reuters.com:20250404:nGLF3pljq2:2,NS:GLFILE,SAN.MC
2025-04-04 17:12:06.947,"Botín warns of business uncertainty, but maintains Santander's targets for 2025",urn:newsml:newsroom:20250404:nNRAvy8gle:0,NS:NOTENG,SAN.MC
2025-04-04 17:11:10.712,"Banco Santander, S.A. (NYSE:SAN) Shares Bought by Mitsubishi UFJ Asset Management Co. Ltd.",urn:link:webnews:20250404:nNRAvy8g0c:0,NS:ETFDAI,SAN.MC
2025-04-04 16:23:06.829,Weekly: Banco Santander (SAN: EUR5.49) plunges 13% on strong volume; -83c [13.1%] Vol Index 3.0 [1 is avg],urn:newsml:newsroom:20250404:nNRAvy7t2j:0,NS:GLOWEE,SAN.MC
2025-04-04 16:22:30.394,Banco Santander (SAN: EUR5.49) offers dividend yield of 3.6%; -53c [-8.8%] Vol Index 5.7 [1 is avg],urn:newsml:newsroom:20250404:nNRAvy7q6a:0,NS:SPANEW,SAN.MC
2025-04-04 15:30:27.000,UPDATE 3-Santander boss Botin warns of impact from US tariffs but says bank's diversification will help,urn:newsml:reuters.com:20250404:nL5N3QI097:1,NS:RTRS,SAN.MC
2025-04-04 15:26:02.000,Banco Santander-Chile - Management Commentary (English) (b9d8e6de 5105 4248 bfc2 177a14cc2d97),urn:newsml:reuters.com:20250404:nNDL29R0HD:1,NS:PUBT,SAN.MC
2025-04-04 15:24:57.000,Banco Santander SA - Approved resolutions and voting results (jga 2025 04 04 approved resolutions and voting en),urn:newsml:reuters.com:20250404:nNDL3jL4Gb:1,NS:PUBT,SAN.MC
2025-04-04 14:13:32.568,"Ana Botín: Santander maintains all its objectives for 2025 despite ""an uncertain global environment"".",urn:newsml:newsroom:20250404:nNRAvy5jw1:0,NS:NOTENG,SAN.MC
2025-04-04 13:15:33.678,"Banco Santander maintains its 2025 targets while ""monitoring"" the impact of tariffs: ""Our markets continue to show resilience"".",urn:newsml:newsroom:20250404:nNRAvy4oq6:0,NS:NOTENG,SAN.MC
2025-04-04 13:12:00.081,Santander's Botin Says UK Unit Is Not Up For Sale But Will Evaluate Opportunities,urn:newsml:reuters.com:20250404:nRSDbYc56B:1,NS:SIGDEV,SAN.MC
2025-04-04 13:03:19.000,BRIEF-Santander's Botin Says UK Unit Is Not Up For Sale But Will Evaluate Opportunities,urn:newsml:reuters.com:20250404:nS8N3OC0DJ:1,NS:RTRS,SAN.MC
2025-04-04 12:32:27.000,Banco Santander SA - Hector Grisi’s speech (jga 2025 04 04 hector grisi s speech en),urn:newsml:reuters.com:20250404:nNDL7hF4d7:1,NS:PUBT,SAN.MC
2025-04-04 12:32:22.000,Banco Santander SA - Ana Botin’s speech (jga 2025 04 04 ana botin s speech en),urn:newsml:reuters.com:20250404:nNDLVQDvR:1,NS:PUBT,SAN.MC
2025-04-04 11:57:33.622,Santander Expects Fee Growth To Accelerate At Corporate And Investment Banking Unit,urn:newsml:reuters.com:20250404:nRSD35BJ0M:1,NS:SIGDEV,SAN.MC
2025-04-04 11:45:10.000,BRIEF-Santander Expects Fee Growth To Accelerate At Corporate And Investment Banking Unit,urn:newsml:reuters.com:20250404:nS8N3OC0C2:1,NS:RTRS,SAN.MC
2025-04-04 11:26:50.875,Banco Santander expects Q1 RoTE post-AT1 of 15.7%,urn:newsml:newsroom:20250404:nNRAvy2vtd:0,NS:SEECOM,SAN.MC
2025-04-04 11:12:22.494,Santander confirms 2025 targets despite Trump's tariffs,urn:newsml:newsroom:20250404:nNRAvy2qxi:0,NS:NOTENG,SAN.MC
2025-04-04 10:39:39.000,BUZZ-European banks drop further after China's retaliation against US tariffs,urn:newsml:reuters.com:20250404:nL5N3QI0NL:1,NS:RTRS,SAN.MC
2025-04-04 10:13:37.432,Botín points to Santander's market diversification to avoid Trump's tariffs,urn:newsml:newsroom:20250404:nNRAvy2054:0,NS:NOTENG,SAN.MC
2025-04-04 09:19:36.600,"(EN) Banco Santander, S.A. Press (82913775)",urn:newsml:reuters.com:20250404:nGLF73Rvnj:2,NS:GLFILE,SAN.MC
2025-04-04 09:13:53.999,Santander expects to close the first quarter with a return of 15.7% and reiterates its objectives for 2025,urn:newsml:newsroom:20250404:nNRAvy19jg:0,NS:NOTENG,SAN.MC
2025-04-04 09:13:11.082,Banco Santander closes the first quarter with a return of 15.7% and maintains intact its objectives for the year,urn:newsml:newsroom:20250404:nNRAvy196q:0,NS:NOTENG,SAN.MC
2025-04-04 07:32:08.000,"BUZZ-European banks extend losses on US tariffs, recession fears",urn:newsml:reuters.com:20250404:nL5N3QI0CO:1,NS:RTRS,SAN.MC
2025-04-04 07:13:57.631,Santander expects to raise capital and profitability in the first quarter despite commercial tensions,urn:newsml:newsroom:20250404:nNRAvxzyjz:0,NS:NOTENG,SAN.MC
2025-04-04 06:26:47.239,"Santander Expects Continued Growth In Q1, ROTE Post-AT1 At About 15.7%",urn:newsml:reuters.com:20250404:nRSDn97xr:1,NS:SIGDEV,SAN.MC
2025-04-04 06:25:02.000,Santander on track to meet 2025 targets after gaining customers in first quarter,urn:newsml:reuters.com:20250404:nL5N3QH25A:2,NS:RTRS,SAN.MC
2025-04-04 06:16:51.000,"BRIEF-Santander Expects Continued Growth In Q1, ROTE Post-AT1 At About 15.7%",urn:newsml:reuters.com:20250404:nFWN3QH1B0:1,NS:RTRS,SAN.MC
2025-04-04 06:08:20.000,"Banco Santander SA - 2025 Santander Annual General Meeting Santander expects continued growth in the first quarter, with RoTE post AT1 improving to c.15.7%, CET1 rising to 12.9% and all 2025 targets reaffirmed",urn:newsml:reuters.com:20250404:nNDL8jltBp:1,NS:PUBT,SAN.MC
2025-04-03 23:51:49.779,Banco Santander (SAN: PLN25.66) decreases on spectacular volume; -3 PLN groszy [-0.1%] Vol Index 9.5 [1 is avg],urn:newsml:newsroom:20250403:nNRAvxvh3z:0,NS:POLSTO,SAN.MC
2025-04-03 19:20:15.937,"One of the world's biggest banks may have to focus on niches to break ""barriers"" in Canada",urn:link:webnews:20250403:nNRAvxsv8u:0,NS:NIPJOU,SAN.MC
2025-04-03 16:37:30.306,How Banco Santander's Tax Rate compares to Its Peers,urn:newsml:newsroom:20250403:nNRAvxqjbk:0,NS:GLOROU,SAN.MC
2025-04-03 16:17:27.268,Banco Santander (SAN: EUR6.02) tumbles 5.2% on strong volume; -33c [-5.2%] Vol Index 3.1 [1 is avg],urn:newsml:newsroom:20250403:nNRAvxq81m:0,NS:SPANEW,SAN.MC
2025-04-03 14:52:44.591,How Banco Santander's Tax Rate compares to Its Peers,urn:newsml:newsroom:20250403:nNRAvxonok:0,NS:GLOROU,SAN.MC
2025-04-03 10:47:59.000,BUZZ-European banks slide on recession worries after sweeping US tariffs,urn:newsml:reuters.com:20250403:nL5N3QH0WC:1,NS:RTRS,SAN.MC
2025-04-03 06:13:04.173,How Banco Santander's Tax Rate compares to Its Peers,urn:newsml:newsroom:20250403:nNRAvxh9d1:0,NS:SPANEW,SAN.MC
2025-04-03 06:13:03.447,Banco Santander continues to outperform Unicaja Banco by 3.8% year to date,urn:newsml:newsroom:20250403:nNRAvxh8yw:0,NS:SPANEW,SAN.MC
2025-04-03 06:13:02.561,How Banco Santander's dividend compares to Unicaja Banco,urn:newsml:newsroom:20250403:nNRAvxh7pw:0,NS:SPANEW,SAN.MC
2025-04-03 03:32:49.648,"Banco Santander, S.A. (NYSE:SAN) Short Interest Down 15.8% in March",urn:newsml:newsroom:20250403:nNRAvxfsr2:0,NS:COMFIN,SAN.MC
2025-04-03 01:17:47.952,Can Banco Santander continue its gains?,urn:newsml:newsroom:20250403:nNRAvxekah:0,NS:GLOSTO,SAN.MC
2025-04-02 17:17:26.895,Banco Santander (SAN: EUR6.35) shares rise after 4 days of declines; +15c [+2.4%] Vol Index 1.4 [1 is avg],urn:newsml:newsroom:20250402:nNRAvx9qyh:0,NS:SPANEW,SAN.MC
2025-04-02 16:12:40.113,Banco Santander continues to outperform Bankinter by 4.9% year to date,urn:newsml:newsroom:20250402:nNRAvx8pci:0,NS:SPANEW,SAN.MC
2025-04-02 15:13:30.556,Banco Bilbao Vizcaya Argentaria continues to underperform Banco Santander by 6.2% year to date,urn:newsml:newsroom:20250402:nNRAvx7v2l:0,NS:SPANEW,SAN.MC
2025-04-02 15:13:25.487,Banco Santander continues to outperform Banco de Sabadell by 1.8% year to date,urn:newsml:newsroom:20250402:nNRAvx7trf:0,NS:SPANEW,SAN.MC
2025-04-02 14:12:58.760,Banco de Sabadell continues to underperform Banco Santander by 1.8% year to date,urn:newsml:newsroom:20250402:nNRAvx7196:0,NS:SPANEW,SAN.MC
2025-04-02 10:12:05.104,"May Hill Capital LLC Acquires New Position in Banco Santander, S.A. (NYSE:SAN)",urn:newsml:newsroom:20250402:nNRAvx38ln:0,NS:WATNEW,SAN.MC
2025-04-02 09:38:20.973,"Banco Santander, S.A. (NYSE:SAN) Shares Sold by Arrowstreet Capital Limited Partnership",urn:link:webnews:20250402:nNRAvx2x1f:0,NS:WKRNEW,SAN.MC
2025-04-02 09:12:14.967,How Banco Santander's dividend compares to CaixaBank,urn:newsml:newsroom:20250402:nNRAvx2naf:0,NS:SPANEW,SAN.MC
2025-04-02 08:12:41.751,How Banco Santander's dividend compares to Bankinter,urn:newsml:newsroom:20250402:nNRAvx1z6d:0,NS:SPANEW,SAN.MC
2025-04-02 07:13:26.724,How Banco Santander's dividend compares to Banco Bilbao Vizcaya Argentaria,urn:newsml:newsroom:20250402:nNRAvx1929:0,NS:SPANEW,SAN.MC
2025-04-02 06:12:03.995,How Banco Bilbao Vizcaya Argentaria's dividend compares to Banco Santander,urn:newsml:newsroom:20250402:nNRAvx0gt0:0,NS:SPANEW,SAN.MC
2025-04-02 06:12:03.985,How Banco Santander's dividend compares to Banco de Sabadell,urn:newsml:newsroom:20250402:nNRAvx0frm:0,NS:SPANEW,SAN.MC
2025-04-02 06:12:01.490,How Banco de Sabadell's dividend compares to Banco Santander,urn:newsml:newsroom:20250402:nNRAvx0f6e:0,NS:SPANEW,SAN.MC
2025-04-02 06:12:00.712,How CaixaBank's dividend compares to Banco Santander,urn:newsml:newsroom:20250402:nNRAvx0g42:0,NS:SPANEW,SAN.MC
2025-04-02 06:07:24.331,"Banco Santander Compendium - A Snapshot as of March 31, 2025 Monday March 31, 2025",urn:newsml:newsroom:20250402:nNRAvx0cg1:0,NS:SPANEW,SAN.MC
2025-04-02 01:17:41.845,Wednesday's Preview: Can Banco Santander rebound after being down?,urn:newsml:newsroom:20250402:nNRAvwxru1:0,NS:GLOSTO,SAN.MC
2025-04-01 13:55:40.000,US bond manager PIMCO looks abroad as US exceptionalism fades,urn:newsml:reuters.com:20250401:nL2N3QF0JH:6,NS:RTRS,SAN.MC
2025-04-01 13:43:16.313,Can Santander crack Canada?,urn:link:webnews:20250401:nNRAvwq3ts:0,NS:INVEXE,SAN.MC
2025-04-01 10:02:14.266,"End-of-Quarter Synopsis Monthly : Banco Santander (SAN: PLN25.69) wipes off PLN5 billion ($1 billion) in MCap in March, highest loser in Bank sector",urn:newsml:newsroom:20250401:nNRAvwmg3y:0,NS:POLSTO,SAN.MC
2025-04-01 09:52:30.546,"Monthly: Banco Santander (SAN: PLN25.69) wipes off PLN5 billion ($1 billion) in MCap in March, highest loser in Bank sector",urn:newsml:newsroom:20250401:nNRAvwmdx6:0,NS:POLSTO,SAN.MC
2025-04-01 09:52:19.722,"Banco Santander Compendium - A Snapshot as of March 31, 2025 Monday March 31, 2025",urn:newsml:newsroom:20250401:nNRAvwmcfl:0,NS:POLSTO,SAN.MC
2025-04-01 09:47:40.234,"Monthly: Banco Santander (SAN: PLN25.69) wipes off PLN5 billion ($1 billion) in MCap in March, highest loser in Bank sector",urn:newsml:newsroom:20250401:nNRAvwma89:0,NS:GLOSTP,SAN.MC
2025-04-01 09:37:05.078,Banco Santander (SAN: PLN25.69) drops 3.4% on increasing volatility; -91 PLN groszy [-3.4%] Vol Index 5.3 [1 is avg],urn:newsml:newsroom:20250401:nNRAvwm8jy:0,NS:POLSTO,SAN.MC
2025-04-01 09:17:24.406,"Banco Santander, S.A. (NYSE:SAN) Short Interest Down 15.8% in March",urn:newsml:newsroom:20250401:nNRAvwm2ry:0,NS:TRADAJ,SAN.MC
2025-04-01 05:00:00.000,RPT-EXPLAINER-Is Britain on the cusp of another multibillion-pound consumer finance scandal?,urn:newsml:reuters.com:20250401:nL2N3Q90NZ:1,NS:RTRS,SAN.MC
2025-04-01 01:13:46.322,"Santander, CaixaBank and Sabadell sell 3,700 million in non-performing loans",urn:newsml:newsroom:20250401:nNRAvwg8u8:0,NS:NOTENG,SAN.MC
2025-03-31 17:17:35.459,"Banco Santander (SAN: EUR6.20) keeps sliding, down 6.3% in 4 days; -42c [-6.3%] Vol Index 1.7 [1 is avg]",urn:newsml:newsroom:20250331:nNRAvwb9hc:0,NS:SPANEW,SAN.MC
2025-03-31 14:42:26.596,Are Investors Undervaluing Banco Santander (SAN) Right Now?,urn:newsml:reuters.com:20250331:nNRAvw90mo:1,NS:ZACKSC,SAN.MC
2025-03-31 10:23:15.000,"Banco Santander SA - Senior Preferred, Serie 3132",urn:newsml:reuters.com:20250331:nNDL54LzfZ:1,NS:PUBT,SAN.MC
2025-03-31 08:12:27.840,Banco Santander continues to outperform Bankinter by 7.3% in the past three months,urn:newsml:newsroom:20250331:nNRAvw4gwr:0,NS:SPANEW,SAN.MC
2025-03-31 07:12:34.363,Banco Santander continues to underperform Banco de Sabadell by 1.0% in the past three months,urn:newsml:newsroom:20250331:nNRAvw3opt:0,NS:SPANEW,SAN.MC
2025-03-31 07:12:32.157,Banco Bilbao Vizcaya Argentaria continues to underperform Banco Santander by 8.0% in the past three months,urn:newsml:newsroom:20250331:nNRAvw3ph0:0,NS:SPANEW,SAN.MC
2025-03-31 07:12:30.510,Banco de Sabadell continues to outperform Banco Santander by 1.0% in the past three months,urn:newsml:newsroom:20250331:nNRAvw3p2q:0,NS:SPANEW,SAN.MC
2025-03-31 05:13:09.865,"Santander close to 100,000 M but is the Spanish bank with the lowest price/earnings ratio",urn:newsml:newsroom:20250331:nNRAvw2dhf:0,NS:NOTENG,SAN.MC
2025-03-31 01:16:45.688,Banco Santander down in recent days,urn:newsml:newsroom:20250331:nNRAvw0tfk:0,NS:GLOSTO,SAN.MC
2025-03-30 12:07:16.175,"Banco Santander Brasil ADR jumps 22% in 2025, outperforming 83% of the market",urn:newsml:newsroom:20250330:nNRAvvwtju:0,NS:GLOROU,SAN.MC
2025-03-30 10:27:34.376,"RWA Wealth Partners LLC Has $7.92 Million Stake in Banco Santander, S.A. (NYSE:SAN)",urn:newsml:newsroom:20250330:nNRAvvw8kk:0,NS:TRADAJ,SAN.MC
2025-03-30 06:07:19.767,"Banco Santander Brasil ADR jumps 22% in 2025, outperforming 83% of the market",urn:newsml:newsroom:20250330:nNRAvvu7fp:0,NS:GLOROU,SAN.MC
2025-03-30 04:26:58.681,Weekly: Banco Santander (SAN: EUR6.32) shares post worst week in thirteen weeks; -12c [1.9%] Vol Index 1.6 [1 is avg],urn:newsml:newsroom:20250330:nNRAvvtn1e:0,NS:GLOWEE,SAN.MC
2025-03-29 18:28:10.682,"Proficio Capital Partners LLC Invests $100,000 in Banco Santander, S.A. (NYSE:SAN)",urn:link:webnews:20250329:nNRAvvq26h:0,NS:ETFDAI,SAN.MC
2025-03-29 08:04:06.692,"Banco Santander, S.A. (NYSE:SAN) Given Average Rating of ""Buy"" by Analysts",urn:link:webnews:20250329:nNRAvvldqy:0,NS:ETFDAI,SAN.MC
2025-03-29 05:22:29.064,"Weekly: Banco Santander (SAN: PLN26.60) drops 2.7%, 2 weeks' volume in a week; -75 PLN groszy [2.7%] Vol Index 2.4 [1 is avg]",urn:newsml:newsroom:20250329:nNRAvvjzp1:0,NS:GLOWEE,SAN.MC
2025-03-29 03:32:16.570,"Banco Santander Brasil ADR jumps 22% in 2025, outperforming 83% of the market",urn:newsml:newsroom:20250329:nNRAvvje0q:0,NS:GLOROU,SAN.MC
2025-03-28 23:22:16.465,"Weekly: Banco Santander (SAN: PLN26.60) drops 2.7%, 2 weeks' volume in a week; -75 PLN groszy [2.7%] Vol Index 2.4 [1 is avg]",urn:newsml:newsroom:20250328:nNRAvvh58i:0,NS:GLOWEE,SAN.MC
2025-03-28 23:17:11.772,Banco Santander (SAN: PLN26.60) falls 2.6% on weak volume; -70 PLN groszy [-2.6%],urn:newsml:newsroom:20250328:nNRAvvh3l5:0,NS:POLSTO,SAN.MC
2025-03-28 22:42:36.421,NRG Energy top gainer in Banco Santander climbs 6.6% in 86 days; -57c [-0.6%],urn:newsml:newsroom:20250328:nNRAvvgsx7:0,NS:GLOSTO,SAN.MC
2025-03-28 20:54:09.042,NRG Energy top gainer in Banco Santander climbs 6.6% in 86 days; -57c [-0.6%],urn:newsml:newsroom:20250328:nNRAvvfiis:0,NS:GLOSTO,SAN.MC
2025-03-28 17:29:13.874,Banco Santander (LON:BNC) Sets New 52-Week High – Still a Buy?,urn:link:webnews:20250328:nNRAvvcz4b:0,NS:DAIPOL,SAN.MC
2025-03-28 17:23:15.512,Weekly: Banco Santander (SAN: EUR6.32) shares post worst week in thirteen weeks; -12c [1.9%] Vol Index 1.6 [1 is avg],urn:newsml:newsroom:20250328:nNRAvvcwyx:0,NS:GLOWEE,SAN.MC
2025-03-28 17:17:46.266,Banco Santander (SAN: EUR6.32) offers earnings yield of 10.3%; -13c [-2.0%] Vol Index 1.8 [1 is avg],urn:newsml:newsroom:20250328:nNRAvvcqme:0,NS:SPANEW,SAN.MC
2025-03-28 16:37:11.497,How Banco Santander's Tax Rate compares to Its Peers,urn:newsml:newsroom:20250328:nNRAvvc1qg:0,NS:GLOROU,SAN.MC
2025-03-28 16:30:33.000,Banco Santander SA - Sustainability presentation FY´24,urn:newsml:reuters.com:20250328:nNDLtkBhp:1,NS:PUBT,SAN.MC
2025-03-28 16:10:28.000,"Banco Santander-Chile - Santander-Chile Financial Statements as of December 31, 2024 – English",urn:newsml:reuters.com:20250328:nNDL2b5skR:1,NS:PUBT,SAN.MC
2025-03-28 15:13:10.572,Santander Totta pays dividends of 0.60 euros as of March 31st,urn:newsml:newsroom:20250328:nNRAvvazv3:0,NS:NOTENG,SAN.MC
2025-03-28 14:52:18.856,How Banco Santander's Tax Rate compares to Its Peers,urn:newsml:newsroom:20250328:nNRAvvasy8:0,NS:GLOROU,SAN.MC
2025-03-28 13:11:37.418,"Santander passed the 100 billion mark this week, becoming the largest in the EU",urn:newsml:newsroom:20250328:nNRAvv9k0x:0,NS:NOTENG,SAN.MC
2025-03-28 09:53:47.079,Banco Santander (LON:BNC) Sets New 52-Week High – Should You Buy?,urn:newsml:newsroom:20250328:nNRAvv7f9x:0,NS:TICREP,SAN.MC
2025-03-28 09:52:10.289,Banco Santander (LON:BNC) Sets New 52-Week High – Still a Buy?,urn:newsml:newsroom:20250328:nNRAvv7fqd:0,NS:DAILYQ,SAN.MC
2025-03-28 05:02:44.292,Banco Santander (LON:BNC) Stock Crosses Above Fifty Day Moving Average – Here's Why,urn:newsml:newsroom:20250328:nNRAvv4yfi:0,NS:CERGEM,SAN.MC
2025-03-28 03:17:04.526,Banco Santander (LON:BNC) Shares Cross Above 50 Day Moving Average – What's Next?,urn:newsml:newsroom:20250328:nNRAvv41jt:0,NS:WATNEW,SAN.MC
2025-03-28 03:12:20.861,Ana Botín believes Trump's tariffs will affect the U.S. more than Europe in the short term,urn:newsml:newsroom:20250328:nNRAvv3zry:0,NS:NOTENG,SAN.MC
2025-03-28 01:17:11.597,Can Banco Santander rebound after recent dip?,urn:newsml:newsroom:20250328:nNRAvv32gq:0,NS:GLOSTO,SAN.MC
2025-03-27 23:17:03.798,"Banco Santander (SAN: PLN27.30) drops 1.3%, 3 days' volume in a day; -36 PLN groszy [-1.3%] Vol Index 2.8 [1 is avg]",urn:newsml:newsroom:20250327:nNRAvv2ad4:0,NS:POLSTO,SAN.MC
2025-03-27 17:22:44.757,Banco Santander (SAN: EUR6.45) down 2.6% in 2 days; -17c [-2.6%] Vol Index 1.6 [1 is avg],urn:newsml:newsroom:20250327:nNRAvuyoha:0,NS:SPANEW,SAN.MC
2025-03-27 13:48:18.000,Santander's Botin wants EU to let banks use buffers for defence investment,urn:newsml:reuters.com:20250327:nL5N3Q91K1:1,NS:RTRS,SAN.MC
2025-03-27 11:08:07.666,Banco Santander (LON:BNC) Reaches New 12-Month High - Here's What Happened,urn:link:webnews:20250327:nNRAvut4mc:0,NS:MARBEA,SAN.MC
2025-03-27 08:16:11.000,"Santander and BBVA seek favourable capital treatment from ECB, Cinco Dias reports",urn:newsml:reuters.com:20250327:nL2N3QA07B:1,NS:RTRS,SAN.MC
2025-03-27 08:13:24.059,"Santander transfers 600,000 customers as it disposes of consumer portfolios",urn:newsml:newsroom:20250327:nNRAvurclu:0,NS:NOTENG,SAN.MC
2025-03-27 08:12:15.613,Banco Santander's Earnings Growth Outperforms Bankinter,urn:newsml:newsroom:20250327:nNRAvurds9:0,NS:SPANEW,SAN.MC
2025-03-27 07:12:31.228,Banco Santander's Earnings Growth Lags Banco de Sabadell,urn:newsml:newsroom:20250327:nNRAvuqp3u:0,NS:SPANEW,SAN.MC
2025-03-27 07:12:30.610,Banco de Sabadell's Earnings Growth Outperforms Banco Santander,urn:newsml:newsroom:20250327:nNRAvuqp3v:0,NS:SPANEW,SAN.MC
2025-03-27 07:12:30.128,How Banco Santander's Tax Rate compares to Its Peers,urn:newsml:newsroom:20250327:nNRAvuqo6a:0,NS:SPANEW,SAN.MC
2025-03-27 06:00:00.000,EXPLAINER-Is Britain on the cusp of another multibillion-pound consumer finance scandal?,urn:newsml:reuters.com:20250327:nL5N3Q81LO:2,NS:RTRS,SAN.MC
2025-03-27 01:55:13.592,"Short Interest in Santander Bank Polska S.A. (OTCMKTS:BKZHF) Increases By 1,100.0%",urn:link:webnews:20250327:nNRAvunysi:0,NS:WKRNEW,SAN.MC
2025-03-27 01:17:20.390,Thursday's Preview: Can Banco Santander rebound after being down?,urn:newsml:newsroom:20250327:nNRAvunpz8:0,NS:GLOSTO,SAN.MC
2025-03-26 23:21:54.843,Banco Santander (SAN: PLN27.66) closes at 5.5% above VWAP on strong volume; +6 PLN groszy [+0.2%] Vol Index 3.3 [1 is avg],urn:newsml:newsroom:20250326:nNRAvumzp1:0,NS:POLSTO,SAN.MC
2025-03-26 18:26:55.336,"German trading: Banco Santander (BSD2: EUR6.52) loses EUR1 billion ($2 billion) (1.4%) in MCap, steepest heavyweight fall in Bank sector; -9c [-1.4...",urn:newsml:newsroom:20250326:nNRAvuk0o2:0,NS:GERCOM,SAN.MC
2025-03-26 17:22:45.463,Banco Santander (SAN: EUR6.50) drops 1.8% on increasing volatility; -12c [-1.8%] Vol Index 1.4 [1 is avg],urn:newsml:newsroom:20250326:nNRAvuj65o:0,NS:SPANEW,SAN.MC
2025-03-26 11:12:49.664,MEF agrees loan for more than $1.3 billion with Banco Santander,urn:newsml:newsroom:20250326:nNRAvudmq6:0,NS:NOTENG,SAN.MC
2025-03-26 10:17:11.274,"Corient Private Wealth LLC Raises Position in Banco Santander, S.A. (NYSE:SAN)",urn:link:webnews:20250326:nNRAvucsb6:0,NS:ETFDAI,SAN.MC
2025-03-26 09:12:51.595,How Banco Santander's dividend compares to Bankinter,urn:newsml:newsroom:20250326:nNRAvubyej:0,NS:SPANEW,SAN.MC
2025-03-26 08:51:13.962,Santander Plans to Sell €462 Million of Spanish Home Loans,urn:link:webnews:20250326:nNRAvubms8:0,NS:YAHUKI,SAN.MC
2025-03-26 07:50:39.650,Banco Santander (LON:BNC) Shares Cross Above Fifty Day Moving Average - Here's Why,urn:link:webnews:20250326:nNRAvuavm1:0,NS:MARBEA,SAN.MC
2025-03-26 07:13:52.728,How Banco Bilbao Vizcaya Argentaria's dividend compares to Banco Santander,urn:newsml:newsroom:20250326:nNRAvuadtc:0,NS:SPANEW,SAN.MC
2025-03-26 07:13:50.409,How Banco de Sabadell's dividend compares to Banco Santander,urn:newsml:newsroom:20250326:nNRAvuadtd:0,NS:SPANEW,SAN.MC
2025-03-26 07:13:46.672,How Banco Santander's dividend compares to Banco de Sabadell,urn:newsml:newsroom:20250326:nNRAvuae6w:0,NS:SPANEW,SAN.MC
2025-03-26 01:17:33.773,Wednesday's Preview: Can Banco Santander continue its recent gains?,urn:newsml:newsroom:20250326:nNRAvu7833:0,NS:GLOSTO,SAN.MC
2025-03-25 23:52:06.821,Santander UK wins bid to throw out lawsuit over push payment fraud,urn:link:webnews:20250325:nNRAvu6l6c:0,NS:MSNUKA,SAN.MC
2025-03-25 23:46:52.078,"Banco Santander (SAN: PLN27.60) increases, 2 days' volume in a day; +19 PLN groszy [+0.7%] Vol Index 2.4 [1 is avg]",urn:newsml:newsroom:20250325:nNRAvu6l1w:0,NS:POLSTO,SAN.MC
2025-03-25 22:32:27.632,NRG Energy top gainer in Banco Santander climbs 14.5% in 83 days; -58c [-0.6%],urn:newsml:newsroom:20250325:nNRAvu5xoy:0,NS:GLOSTO,SAN.MC
2025-03-25 20:59:01.588,NRG Energy top gainer in Banco Santander climbs 14.5% in 83 days; -58c [-0.6%],urn:newsml:newsroom:20250325:nNRAvu585l:0,NS:GLOSTO,SAN.MC
2025-03-25 17:17:27.909,"Banco Santander (SAN: EUR6.62) accelerates rise, up 2.8% in 2 days; +18c [+2.8%] Vol Index 1.6 [1 is avg]",urn:newsml:newsroom:20250325:nNRAvu2kuf:0,NS:SPANEW,SAN.MC
2025-03-25 15:28:32.000,Santander UK wins bid to throw out lawsuit over push payment fraud,urn:newsml:reuters.com:20250325:nL2N3Q80K2:1,NS:RTRS,SAN.MC
2025-03-25 14:15:57.000,Brazil´s Itau files new lawsuit against former CFO,urn:newsml:reuters.com:20250325:nL2N3Q70N4:1,NS:RTRS,SAN.MC
2025-03-25 14:07:44.000,Santander UK plc - Issuer Document,urn:newsml:reuters.com:20250325:nNDL3G07sG:1,NS:PUBT,SAN.MC
2025-03-25 14:07:43.000,Santander UK plc - Issuer Document,urn:newsml:reuters.com:20250325:nNDLCL2Zc:1,NS:PUBT,SAN.MC
2025-03-25 13:14:59.449,Santander surpasses 100 billion in stock market value with the boost from JP Morgan and UBS,urn:newsml:newsroom:20250325:nNRAvtywxm:0,NS:NOTENG,SAN.MC
2025-03-25 08:31:51.652,Banco Santander renews its support for the Community of Madrid's sustainability strategy with €350 million in financing,urn:newsml:newsroom:20250325:nNRAvtug0h:0,NS:INDBAN,SAN.MC
2025-03-25 01:58:12.119,Panama receives 1.2 billion euro loan from Banco Santander,urn:link:webnews:20250325:nNRAvtqlct:0,NS:DECHER,SAN.MC
2025-03-25 01:17:35.054,Traders look to see if Banco Santander's recent rally will continue,urn:newsml:newsroom:20250325:nNRAvtqb2l:0,NS:GLOSTO,SAN.MC
2025-03-24 23:21:53.439,Banco Santander (SAN: PLN27.41) up 3.0% in 2 days; +81 PLN groszy [+3.0%] Vol Index 1.6 [1 is avg],urn:newsml:newsroom:20250324:nNRAvtpjby:0,NS:POLSTO,SAN.MC
2025-03-24 17:42:24.735,"NRG Energy top gainer in Banco Santander climbs 10.9% in 79 days Monday March 24, 2025 07:03 EDT",urn:newsml:newsroom:20250324:nNRAvtm34z:0,NS:GLOBUL,SAN.MC
2025-03-24 17:22:37.567,Banco Santander (SAN: EUR6.50) offers earnings yield of 10.1%; +6c [+0.9%] Vol Index 1.7 [1 is avg],urn:newsml:newsroom:20250324:nNRAvtlwcd:0,NS:SPANEW,SAN.MC
2025-03-24 17:07:14.545,Banco Santander continues to underperform Bankinter by 5.0% in the past month,urn:newsml:newsroom:20250324:nNRAvtll2i:0,NS:SPANEW,SAN.MC
2025-03-24 16:37:27.000,Banco Santander SA - 1 year FIXED rate Senior Preferred Structured 03/26 SPE 048,urn:newsml:reuters.com:20250324:nNDL1kX2Bn:1,NS:PUBT,SAN.MC
2025-03-24 16:12:32.275,Banco Bilbao Vizcaya Argentaria continues to underperform Banco Santander by 3.0% in the past month,urn:newsml:newsroom:20250324:nNRAvtknd0:0,NS:SPANEW,SAN.MC
2025-03-24 16:12:31.804,Banco Santander continues to underperform Banco de Sabadell by 1.1% in the past month,urn:newsml:newsroom:20250324:nNRAvtkodg:0,NS:SPANEW,SAN.MC
2025-03-24 16:12:30.496,Banco de Sabadell continues to outperform Banco Santander by 1.1% in the past month,urn:newsml:newsroom:20250324:nNRAvtknzy:0,NS:SPANEW,SAN.MC
2025-03-24 15:43:04.334,"NRG Energy top gainer in Banco Santander climbs 10.9% in 79 days Monday March 24, 2025 07:03 EDT",urn:newsml:newsroom:20250324:nNRAvtk2v1:0,NS:GLOBUL,SAN.MC
2025-03-24 14:18:45.000,Santander UK plc - Issuer Document,urn:newsml:reuters.com:20250324:nNDL7qFhYY:1,NS:PUBT,SAN.MC
2025-03-24 14:02:57.829,"NRG Energy top gainer in Banco Santander climbs 10.9% in 79 days Monday March 24, 2025 07:03 EDT",urn:newsml:newsroom:20250324:nNRAvtir8p:0,NS:GLOBUL,SAN.MC
2025-03-24 10:13:43.000,UPDATE 1-Bank of England launches 2025 bank capital stress test,urn:newsml:reuters.com:20250324:nL5N3Q70KY:1,NS:RTRS,SAN.MC
2025-03-24 10:12:54.599,How Banco Santander's dividend compares to Bankinter,urn:newsml:newsroom:20250324:nNRAvtffwb:0,NS:SPANEW,SAN.MC
2025-03-24 09:12:19.916,Barclays predicts mixed fortunes for BBVA and Santander,urn:newsml:newsroom:20250324:nNRAvtem3a:0,NS:NOTENG,SAN.MC
2025-03-24 08:12:38.114,How Banco Bilbao Vizcaya Argentaria's dividend compares to Banco Santander,urn:newsml:newsroom:20250324:nNRAvtdy0n:0,NS:SPANEW,SAN.MC
2025-03-24 08:12:36.489,How Banco Santander's dividend compares to Banco de Sabadell,urn:newsml:newsroom:20250324:nNRAvtdyqc:0,NS:SPANEW,SAN.MC
2025-03-24 08:12:36.160,How Banco de Sabadell's dividend compares to Banco Santander,urn:newsml:newsroom:20250324:nNRAvtdy9a:0,NS:SPANEW,SAN.MC
2025-03-24 06:00:00.000,ANALYSIS-Klarna IPO filing spurs hope of British fintech listings,urn:newsml:reuters.com:20250324:nL8N3PX1TM:1,NS:RTRS,SAN.MC
2025-03-24 04:42:51.436,"Banco Santander Brasil ADR jumps 21% in 2025, outperforming 81% of the market",urn:newsml:newsroom:20250324:nNRAvtbp85:0,NS:GLOROU,SAN.MC
2025-03-24 04:42:09.084,"Banco Santander Brasil ADR jumps 21% in 2025, outperforming 81% of the market",urn:newsml:newsroom:20250324:nNRAvtbnsd:0,NS:GLOROU,SAN.MC
2025-03-24 01:16:47.323,Monday's Preview: Can Banco Santander continue its recent gains?,urn:newsml:newsroom:20250324:nNRAvtabw4:0,NS:GLOSTO,SAN.MC
2025-03-23 11:17:31.642,"Summit Global Investments Buys 92,987 Shares of Banco Santander, S.A. (NYSE:SAN)",urn:newsml:newsroom:20250323:nNRAvt6quv:0,NS:WATNEW,SAN.MC
2025-03-23 10:17:48.212,"10,267 Shares in Banco Santander, S.A. (NYSE:SAN) Purchased by HUB Investment Partners LLC",urn:newsml:newsroom:20250323:nNRAvt6bzk:0,NS:TRADAJ,SAN.MC
2025-03-23 08:20:10.625,"Banco Santander, S.A. (NYSE:SAN) Receives Consensus Rating of ""Buy"" from Brokerages",urn:link:webnews:20250323:nNRAvt5b20:0,NS:WKRNEW,SAN.MC
2025-03-22 10:45:11.419,Banco Santander (NYSE:SAN) Shares Gap Down – Time to Sell?,urn:link:webnews:20250322:nNRAvszbmt:0,NS:WKRNEW,SAN.MC
2025-03-22 09:43:14.027,"Parallel Advisors LLC Decreases Holdings in Banco Santander, S.A. (NYSE:SAN)",urn:link:webnews:20250322:nNRAvsywym:0,NS:WKRNEW,SAN.MC
2025-03-22 08:50:44.532,"Banco Santander, S.A. (NYSE:SAN) Shares Sold by Natixis Advisors LLC",urn:newsml:newsroom:20250322:nNRAvsyij1:0,NS:STOOBS,SAN.MC
2025-03-22 05:28:06.569,Weekly: Banco Santander (SAN: EUR6.44) lifts 3.7% - outperforming 89% of stocks; +23c [3.7%] Vol Index 2.6 [1 is avg],urn:newsml:newsroom:20250322:nNRAvswxbv:0,NS:GLOWEE,SAN.MC
2025-03-21 23:17:10.815,Banco Santander (SAN: PLN27.35) climbs 2.8% strengthening above moving average price; +75 PLN groszy [+2.8%],urn:newsml:newsroom:20250321:nNRAvsuk6z:0,NS:POLSTO,SAN.MC
2025-03-21 22:55:07.461,Santander Holdings USA Prices Public Offering of 5.473% Fixed-to-Floating Rate Senior Notes Due 2029 for USD850 Million,urn:newsml:reuters.com:20250321:nNRAvsudo0:1,NS:DATMTR,SAN.MC
2025-03-21 17:41:59.477,"NRG Energy top gainer in Banco Santander climbs 9.4% in 78 days Friday March 21, 2025 07:03 EDT",urn:newsml:newsroom:20250321:nNRAvsrkbn:0,NS:GLOBUL,SAN.MC
2025-03-21 17:22:58.956,Weekly: Banco Santander (SAN: EUR6.44) lifts 3.7% - outperforming 89% of stocks; +23c [3.7%] Vol Index 2.6 [1 is avg],urn:newsml:newsroom:20250321:nNRAvsrcc5:0,NS:GLOWEE,SAN.MC
2025-03-21 17:17:32.075,Banco Santander (SAN: EUR6.44) strengthens above moving average price; +4c [+0.6%] Vol Index 5.0 [1 is avg],urn:newsml:newsroom:20250321:nNRAvsrbbq:0,NS:SPANEW,SAN.MC
2025-03-21 15:52:53.555,"NRG Energy top gainer in Banco Santander climbs 9.4% in 78 days Friday March 21, 2025 07:03 EDT",urn:newsml:newsroom:20250321:nNRAvsq1h8:0,NS:GLOBUL,SAN.MC
2025-03-21 13:57:51.671,"NRG Energy top gainer in Banco Santander climbs 9.4% in 78 days Friday March 21, 2025 07:03 EDT",urn:newsml:newsroom:20250321:nNRAvso74j:0,NS:GLOBUL,SAN.MC
2025-03-21 06:11:46.109,"BBVA, Banamex, Santander and these other banks will be fined by Cofece for this reason",urn:newsml:newsroom:20250321:nNRAvshlyv:0,NS:NOTENG,SAN.MC
2025-03-21 01:17:14.420,Banco Santander down in recent days,urn:newsml:newsroom:20250321:nNRAvsf8ib:0,NS:GLOSTO,SAN.MC
2025-03-21 00:00:00.000,"Banco Santander Brasil ADR jumps 21% in 2025, outperforming 81% of the market",urn:newsml:newsroom:20250324:nNRAvtblkc:0,NS:GLOROU,SAN.MC
2025-03-20 23:16:51.491,Banco Santander (SAN: PLN26.60) in bottom 3% performers of WIG Index; -PLN1.10 [-4.0%] Vol Index 1.4 [1 is avg],urn:newsml:newsroom:20250320:nNRAvsef2c:0,NS:POLSTO,SAN.MC
2025-03-20 22:45:07.697,Santander Holdings USA Prices Public Offering of 5.473% Fixed-to-Floating Rate Senior Notes Due 2029 for USD850 Million,urn:newsml:reuters.com:20250320:nNRAvse76z:1,NS:DATMTR,SAN.MC
2025-03-20 22:43:07.122,Santander Holdings USA Prices USD750 Million in Public Offering of 5.741% Fixed-to-Floating Rate Senior Notes due 2031,urn:newsml:reuters.com:20250320:nNRAvse5va:1,NS:DATMTR,SAN.MC
2025-03-20 22:41:08.635,Santander Holdings USA Prices USD400 Million in Public Offering of Floating Rate Senior Notes due 2029,urn:newsml:reuters.com:20250320:nNRAvse6qb:1,NS:DATMTR,SAN.MC
2025-03-20 17:48:16.267,Banco Santander (NYSE:SAN) Shares Gap Down – Should You Sell?,urn:newsml:newsroom:20250320:nNRAvsbe5o:0,NS:COMFIN,SAN.MC
2025-03-20 17:42:22.428,"NRG Energy top gainer in Banco Santander climbs 5.4% in 77 days Thursday March 20, 2025 07:03 EDT",urn:newsml:newsroom:20250320:nNRAvsbbw5:0,NS:GLOBUL,SAN.MC
2025-03-20 17:23:00.471,Banco Santander (SAN: EUR6.40) down 2.7% in 2 days; -18c [-2.7%] Vol Index 1.3 [1 is avg],urn:newsml:newsroom:20250320:nNRAvsb43w:0,NS:SPANEW,SAN.MC
2025-03-20 16:44:16.000,Banco Santander SA - 25 years FIXED rate Senior Non Preferred Structured 03/50 SPE 047,urn:newsml:reuters.com:20250320:nNDL4qhg8d:1,NS:PUBT,SAN.MC
2025-03-20 15:52:38.164,"NRG Energy top gainer in Banco Santander climbs 5.4% in 77 days Thursday March 20, 2025 07:03 EDT",urn:newsml:newsroom:20250320:nNRAvs9hb6:0,NS:GLOBUL,SAN.MC
2025-03-20 15:34:01.364,Banco Santander (NYSE:SAN) Trading 3.7% Higher – Here's Why,urn:newsml:newsroom:20250320:nNRAvs918r:0,NS:MARDAJ,SAN.MC
2025-03-20 14:12:35.315,Santander announces branch closures and employee layoffs: Here's what we know,urn:newsml:newsroom:20250320:nNRAvs7z9v:0,NS:NOTENG,SAN.MC
2025-03-20 13:47:37.021,"NRG Energy top gainer in Banco Santander climbs 5.4% in 77 days Thursday March 20, 2025 07:03 EDT",urn:newsml:newsroom:20250320:nNRAvs7i39:0,NS:GLOBUL,SAN.MC
2025-03-20 13:12:00.021,Santander closures map: Where are the 95 branches set to shut across the UK?,urn:newsml:reuters.com:20250319:nNRAvrqz62:10,NS:INDEPE,SAN.MC
2025-03-20 12:52:08.927,Santander closures map: Where are the 95 branches set to shut across the UK?,urn:link:webnews:20250320:nNRAvs6pmu:0,NS:YAHNEX,SAN.MC
2025-03-20 08:57:48.507,"Banco Santander, S.A. (NYSE:SAN) Shares Bought by PDS Planning Inc",urn:newsml:newsroom:20250320:nNRAvs3atv:0,NS:TRADAJ,SAN.MC
2025-03-20 06:11:46.000,PRESS DIGEST-British Business - March 20,urn:newsml:reuters.com:20250320:nL4N3Q30AS:1,NS:RTRS,SAN.MC
2025-03-20 01:29:13.388,Santander to close another 95 branches putting 750 jobs at risk,urn:link:webnews:20250320:nNRAvryvkl:0,NS:MSNUKA,SAN.MC
2025-03-20 01:17:06.327,Can Banco Santander rebound after recent dip?,urn:newsml:newsroom:20250320:nNRAvrysbd:0,NS:GLOSTO,SAN.MC
2025-03-20 01:15:42.213,Banco Santander (Brasil) S.A. (NYSE:BSBR) Sees Significant Growth in Short Interest,urn:link:webnews:20250320:nNRAvrys0b:0,NS:MARBEA,SAN.MC
2025-03-19 23:21:52.759,Banco Santander (SAN: PLN27.70) hits year-high 22nd time in three months; +20 PLN groszy [+0.7%] Vol Index 1.6 [1 is avg],urn:newsml:newsroom:20250319:nNRAvrxwtj:0,NS:POLSTO,SAN.MC
2025-03-19 22:47:08.466,Santander Holdings USA Prices USD750 Million in Public Offering of 5.741% Fixed-to-Floating Rate Senior Notes due 2031,urn:newsml:reuters.com:20250319:nNRAvrxlv3:1,NS:DATMTR,SAN.MC
2025-03-19 22:46:07.777,Santander Holdings USA Prices USD400 Million in Public Offering of Floating Rate Senior Notes due 2029,urn:newsml:reuters.com:20250319:nNRAvrxjuc:1,NS:DATMTR,SAN.MC
2025-03-19 22:22:22.062,Banco Santander (NYSE:SAN) Trading 3.7% Higher - Time to Buy?,urn:link:webnews:20250319:nNRAvrxarq:0,NS:MARBEA,SAN.MC
2025-03-19 22:06:11.379,Mapped: The 95 Santander branches set to close across the UK,urn:link:webnews:20250319:nNRAvrx46k:0,NS:MSNUKA,SAN.MC
2025-03-19 21:12:51.495,Santander closes 95 U.K. branches and plans to lay off 750 employees,urn:newsml:newsroom:20250319:nNRAvrwiky:0,NS:NOTENG,SAN.MC
2025-03-19 17:17:30.990,Banco Santander (SAN: EUR6.56) decreases on high volume; -2c [-0.3%] Vol Index 2.4 [1 is avg],urn:newsml:newsroom:20250319:nNRAvrv0yy:0,NS:SPANEW,SAN.MC
2025-03-19 16:37:12.859,How Banco Santander's Tax Rate compares to Its Peers,urn:newsml:newsroom:20250319:nNRAvrujjq:0,NS:GLOROU,SAN.MC
2025-03-19 14:52:20.309,How Banco Santander's Tax Rate compares to Its Peers,urn:newsml:newsroom:20250319:nNRAvrsp6r:0,NS:GLOROU,SAN.MC
2025-03-19 13:48:12.000,Banco Santander SA - 15 years FIXED rate Senior Preferred Structured 03/40 SPE 046,urn:newsml:reuters.com:20250319:nNDLbr0pTb:1,NS:PUBT,SAN.MC
2025-03-19 13:02:24.198,Santander announces 95 bank closures: Use our map to see if your local branch is shutting,urn:newsml:newsroom:20250319:nNRAvrqukv:0,NS:MIRONL,SAN.MC
2025-03-19 11:47:34.105,Mapped: The 95 Santander branches set to close across the UK,urn:link:webnews:20250319:nNRAvrpmrn:0,NS:YAHIRE,SAN.MC
2025-03-19 10:01:21.000,Santander UK €750m 3yr FRN / €1bn 5yr fixed opco seniors - stats out,urn:newsml:reuters.com:20250319:nIfp9DMl7M:1,NS:IFR,SAN.MC
2025-03-19 09:53:19.966,Santander BP lender plans to pay PLN 46.37 dividend per share,urn:newsml:reuters.com:20250319:nNRAvro37x:1,NS:PAPINS,SAN.MC
2025-03-19 09:46:11.427,Santander Bank Polska Recommends Dividend Of 46.37 Zlotys/Shr For 2024,urn:newsml:reuters.com:20250319:nRSD9q6vDw:1,NS:SIGDEV,SAN.MC
2025-03-19 09:07:38.000,FACTBOX-European companies cut jobs as economy slows,urn:newsml:reuters.com:20250319:nL8N3Q20FT:2,NS:RTRS,SAN.MC
2025-03-19 08:59:16.102,"Banco Santander to close 95 UK branches, reduce staff",urn:link:webnews:20250319:nNRAvrndji:0,NS:EDGEMA,SAN.MC
2025-03-19 08:49:45.000,"UPDATE 2-Santander UK to axe a fifth of branches, around 750 jobs at risk",urn:newsml:reuters.com:20250319:nL8N3Q20A3:2,NS:RTRS,SAN.MC
2025-03-19 08:01:53.000,UPDATE 1-UK Stocks-Factors to watch on March 19,urn:newsml:reuters.com:20250319:nL4N3Q20KD:1,NS:RTRS,SAN.MC
2025-03-19 07:18:44.000,Santander UK says around 750 staff risk losing jobs after fresh branch closures,urn:newsml:reuters.com:20250319:nL8N3Q2095:3,NS:RTRS,SAN.MC
2025-03-19 07:13:17.573,How Banco Santander's Tax Rate compares to Its Peers,urn:newsml:newsroom:20250319:nNRAvrm5p0:0,NS:SPANEW,SAN.MC
2025-03-19 01:17:25.597,Wednesday's Preview: Can Banco Santander continue its recent gains?,urn:newsml:newsroom:20250319:nNRAvrinbw:0,NS:GLOSTO,SAN.MC
2025-03-19 00:33:00.256,Banco Santander (NYSE:SAN) Trading 3.7% Higher – Time to Buy?,urn:newsml:newsroom:20250319:nNRAvribxe:0,NS:COMFIN,SAN.MC
2025-03-18 22:38:05.032,NRG Energy top gainer in Banco Santander climbs 7.0% in 76 days; -$1.39 [-1.4%],urn:newsml:newsroom:20250318:nNRAvrhksp:0,NS:GLOSTO,SAN.MC
2025-03-18 20:58:38.284,NRG Energy top gainer in Banco Santander climbs 7.0% in 76 days; -$1.39 [-1.4%],urn:newsml:newsroom:20250318:nNRAvrgqz5:0,NS:GLOSTO,SAN.MC
2025-03-18 19:07:07.239,Traders Buy Large Volume of Banco Santander Call Options (NYSE:SAN),urn:newsml:newsroom:20250318:nNRAvrfe24:0,NS:TRADAJ,SAN.MC
2025-03-18 18:16:09.172,"Banco Santander, S.A. (NYSE:SAN) Stake Lowered by PNC Financial Services Group Inc.",urn:link:webnews:20250318:nNRAvres6a:0,NS:ETFDAI,SAN.MC
2025-03-18 17:17:17.686,Banco Santander (SAN: EUR6.58) offers earnings yield of 9.9%; +25c [+3.9%] Vol Index 3.4 [1 is avg],urn:newsml:newsroom:20250318:nNRAvre2n6:0,NS:SPANEW,SAN.MC
2025-03-18 13:20:27.000,UPDATE 3-Spain's Santander eyes US expansion through Verizon partnership,urn:newsml:reuters.com:20250317:nL4N3Q01OD:1,NS:RTRS,SAN.MC
2025-03-18 10:42:38.252,"Choate Investment Advisors Invests $57,000 in Banco Santander, S.A. (NYSE:SAN)",urn:newsml:newsroom:20250318:nNRAvr8e6g:0,NS:TRADAJ,SAN.MC
2025-03-18 08:53:27.473,Santander BP lender may potentially pay out PLN 4.74 bln in dividends in 2025,urn:newsml:reuters.com:20250318:nNRAvr6ybf:1,NS:PAPINS,SAN.MC
2025-03-18 04:36:30.000,PRESS DIGEST - Wall Street Journal - March 18,urn:newsml:reuters.com:20250318:nL4N3Q10AO:1,NS:RTRS,SAN.MC
2025-03-18 01:17:05.661,Traders look to see if Banco Santander's recent rally will continue,urn:newsml:newsroom:20250318:nNRAvr1pcd:0,NS:GLOSTO,SAN.MC
2025-03-17 20:13:03.384,Santander and Atitlan raise $300 million in their agricultural investment fund,urn:newsml:newsroom:20250317:nNRAvqyqbe:0,NS:NOTENG,SAN.MC
2025-03-17 17:53:41.650,Santander BP Says Poland's KNF Has No Objection To Potential 840.9 Mln Zloty Dividend Addition,urn:newsml:reuters.com:20250317:nRSD21RzHZ:1,NS:SIGDEV,SAN.MC
2025-03-17 17:38:00.827,"SPANISH BANKS COMPANY TOP 1 DAILY: TOP MOMENTUM UP IN THE PAST WEEK End-of-day: Monday March 17, 2025 16:00 (EST: 11:00, GMT: 15:00)",urn:newsml:newsroom:20250317:nNRAvqwzu2:0,NS:GLOUPM,SAN.MC
2025-03-17 17:26:43.033,"Banco Santander (SAN: EUR6.33) keeps rising, up 8.0% in 4 days; +47c [+8.0%] Vol Index 1.9 [1 is avg]",urn:newsml:newsroom:20250317:nNRAvqwsca:0,NS:SPANEW,SAN.MC
2025-03-17 17:16:42.688,Banco Santander continues to outperform Bankinter by 4.2% year to date,urn:newsml:newsroom:20250317:nNRAvqwno3:0,NS:SPANEW,SAN.MC
2025-03-17 16:22:30.102,Banco Bilbao Vizcaya Argentaria continues to outperform Banco Santander by 0.2% year to date,urn:newsml:newsroom:20250317:nNRAvqvvl1:0,NS:SPANEW,SAN.MC
2025-03-17 16:22:28.959,Banco Santander continues to underperform Banco de Sabadell by 4.9% year to date,urn:newsml:newsroom:20250317:nNRAvqvuyv:0,NS:SPANEW,SAN.MC
2025-03-17 16:22:28.359,Banco de Sabadell continues to outperform Banco Santander by 4.9% year to date,urn:newsml:newsroom:20250317:nNRAvqvuyy:0,NS:SPANEW,SAN.MC
2025-03-17 10:12:16.233,How Banco Santander's dividend compares to Bankinter,urn:newsml:newsroom:20250317:nNRAvqqjko:0,NS:SPANEW,SAN.MC
2025-03-17 08:12:15.715,How Banco Bilbao Vizcaya Argentaria's dividend compares to Banco Santander,urn:newsml:newsroom:20250317:nNRAvqouyq:0,NS:SPANEW,SAN.MC
2025-03-17 08:12:15.120,How Banco de Sabadell's dividend compares to Banco Santander,urn:newsml:newsroom:20250317:nNRAvqowbt:0,NS:SPANEW,SAN.MC
2025-03-17 08:12:14.812,How Banco Santander's dividend compares to Banco de Sabadell,urn:newsml:newsroom:20250317:nNRAvqovq2:0,NS:SPANEW,SAN.MC
2025-03-17 01:16:47.154,Can Banco Santander continue its gains?,urn:newsml:newsroom:20250317:nNRAvqlcp3:0,NS:GLOSTO,SAN.MC
2025-03-16 17:03:52.169,Banco Santander Brasil ADR climbs 18% in 2025,urn:newsml:newsroom:20250316:nNRAvqja4e:0,NS:GLOROU,SAN.MC
2025-03-16 17:02:47.714,Banco Santander Brasil ADR climbs 18% in 2025,urn:newsml:newsroom:20250316:nNRAvqj7cj:0,NS:GLOROU,SAN.MC
2025-03-16 17:02:30.791,Banco Santander Brasil ADR climbs 18% in 2025,urn:newsml:newsroom:20250316:nNRAvqj8ch:0,NS:GLOROU,SAN.MC
2025-03-16 14:12:07.917,Santander paid more than €1 million to 418 major bankers in 2024,urn:newsml:newsroom:20250316:nNRAvqidz2:0,NS:NOTENG,SAN.MC
2025-03-16 11:12:12.164,"HBK Sorce Advisory LLC Has $80,000 Stock Holdings in Banco Santander, S.A. (NYSE:SAN)",urn:newsml:newsroom:20250316:nNRAvqhd9t:0,NS:TRADAJ,SAN.MC
2025-03-16 10:37:11.059,"Gallacher Capital Management LLC Has $475,000 Stock Holdings in Banco Santander, S.A. (NYSE:SAN)",urn:link:webnews:20250316:nNRAvqh6i5:0,NS:WKRNEW,SAN.MC
2025-03-15 12:32:21.786,"Impact Capital Partners LLC Makes New $81,000 Investment in Banco Santander, S.A. (NYSE:SAN)",urn:newsml:newsroom:20250315:nNRAvqa6dq:0,NS:TRADAJ,SAN.MC
2025-03-15 05:27:22.615,"Weekly: Banco Santander (SAN: EUR6.21) decreases 0.2%, 2 weeks' volume in a week; -1c [0.2%] Vol Index 2.1 [1 is avg]",urn:newsml:newsroom:20250315:nNRAvq7b4p:0,NS:GLOWEE,SAN.MC
2025-03-14 23:12:23.578,Banco Santander (SAN: PLN26.0) climbs 3.0% strengthening above moving average price; +75 PLN groszy [+3.0%] Vol Index 5.3 [1 is avg],urn:newsml:newsroom:20250314:nNRAvq5f34:0,NS:POLSTO,SAN.MC
2025-03-14 17:22:21.943,"Weekly: Banco Santander (SAN: EUR6.21) decreases 0.2%, 2 weeks' volume in a week; -1c [0.2%] Vol Index 2.1 [1 is avg]",urn:newsml:newsroom:20250314:nNRAvq2dvj:0,NS:GLOWEE,SAN.MC
2025-03-14 17:17:42.885,"Banco Santander (SAN: EUR6.21) keeps rising, up 6.0% in 3 days; +35c [+6.0%] Vol Index 1.9 [1 is avg]",urn:newsml:newsroom:20250314:nNRAvq2c9o:0,NS:SPANEW,SAN.MC
2025-03-14 16:29:09.800,Newscasts - Germany’s boost for Europe,urn:newsml:reuters.com:20250314:nRTV9rlbtY:22,NS:RTRS,SAN.MC
2025-03-14 08:12:11.119,Banco Santander's Earnings Growth Outperforms Bankinter,urn:newsml:newsroom:20250314:nNRAvpu70h:0,NS:SPANEW,SAN.MC
2025-03-14 07:53:22.272,Santander BP lender meets dividend payout requirements of up to 75 pct of 2024 profit,urn:newsml:reuters.com:20250314:nNRAvptyny:1,NS:PAPINS,SAN.MC
2025-03-14 07:12:36.495,Banco de Sabadell's Earnings Growth Outperforms Banco Santander,urn:newsml:newsroom:20250314:nNRAvpthmm:0,NS:SPANEW,SAN.MC
2025-03-14 07:12:36.198,Banco Santander's Earnings Growth Lags Banco de Sabadell,urn:newsml:newsroom:20250314:nNRAvpthmn:0,NS:SPANEW,SAN.MC
2025-03-14 01:17:01.544,Friday's Preview: Can Banco Santander continue its recent gains?,urn:newsml:newsroom:20250314:nNRAvpq9jd:0,NS:GLOSTO,SAN.MC
2025-03-13 20:07:08.166,Companhia Siderúrgica Nacional (SID) Q4 2024 Earnings Call Transcript,urn:newsml:newsroom:20250313:nNRAvpnrh0:0,NS:SEECOM,SAN.MC
2025-03-13 17:17:40.775,Banco Santander (SAN: EUR6.01) up 2.6% in 2 days; +15c [+2.6%] Vol Index 1.7 [1 is avg],urn:newsml:newsroom:20250313:nNRAvpls9q:0,NS:SPANEW,SAN.MC
2025-03-13 16:09:50.448,Santander BP Says Poland's KNF Recommends Dividend At Max. 75% Of 2024 Profit,urn:newsml:reuters.com:20250313:nRSDzHB7y:1,NS:SIGDEV,SAN.MC
2025-03-13 14:13:55.926,Goldman Sachs declares a 3% stake in Santander with derivatives,urn:newsml:newsroom:20250313:nNRAvpj7rd:0,NS:NOTENG,SAN.MC
2025-03-13 12:31:23.000,Banco Santander SA - AT1 Additional Information December 2024,urn:newsml:reuters.com:20250313:nNDLc39V1Y:1,NS:PUBT,SAN.MC
2025-03-13 12:31:18.000,Banco Santander SA - AT1 Additional Information September 2024,urn:newsml:reuters.com:20250313:nNDL17nqNL:1,NS:PUBT,SAN.MC
2025-03-13 08:44:41.301,"Natural Investments LLC Makes New $140,000 Investment in Banco Santander, S.A. (NYSE:SAN)",urn:link:webnews:20250313:nNRAvpedvy:0,NS:WKRNEW,SAN.MC
2025-03-13 01:16:59.824,Traders look to see if Banco Santander's recent rally will continue,urn:newsml:newsroom:20250313:nNRAvp9yul:0,NS:GLOSTO,SAN.MC
2025-03-12 21:14:40.000,Banco Santander-Chile - Monthly financial summary February 2025,urn:newsml:reuters.com:20250312:nNDL2cpzLY:1,NS:PUBT,SAN.MC
2025-03-12 17:17:48.114,Banco Santander (SAN: EUR6.0) offers earnings yield of 10.9%; +14c [+2.4%] Vol Index 1.9 [1 is avg],urn:newsml:newsroom:20250312:nNRAvp5txd:0,NS:SPANEW,SAN.MC
2025-03-12 11:17:15.991,"Banco Santander, S.A. (NYSE:SAN) Announces Semi-annual Dividend of $0.12",urn:link:webnews:20250312:nNRAvp106s:0,NS:WKRNEW,SAN.MC
2025-03-12 08:13:22.336,How Banco Santander's Tax Rate compares to Its Peers,urn:newsml:newsroom:20250312:nNRAvoyjf3:0,NS:SPANEW,SAN.MC
2025-03-12 01:17:14.301,Wednesday's Preview: Can Banco Santander rebound after being down?,urn:newsml:newsroom:20250312:nNRAvoupyz:0,NS:GLOSTO,SAN.MC
2025-03-11 20:13:11.865,"Banco Santander, S.A. (NYSE:SAN) Raises Dividend to $0.12 Per Share",urn:link:webnews:20250311:nNRAvosf0r:0,NS:MARBEA,SAN.MC
2025-03-11 17:17:42.185,"Banco Santander (SAN: EUR5.86) keeps sliding, down 7.1% in 3 days; -45c [-7.1%] Vol Index 2.2 [1 is avg]",urn:newsml:newsroom:20250311:nNRAvoqh5b:0,NS:SPANEW,SAN.MC
2025-03-11 17:05:44.879,Emerson Electric Co. (NYSE:EMR) Shares Sold by Banco Santander S.A.,urn:newsml:newsroom:20250311:nNRAvoq6qa:0,NS:CERGEM,SAN.MC
2025-03-11 16:32:23.023,Emerson Electric Co. (NYSE:EMR) Shares Sold by Banco Santander S.A.,urn:newsml:newsroom:20250311:nNRAvopmu2:0,NS:WATNEW,SAN.MC
2025-03-11 14:11:47.000,Santander UK plc - Issuer Document,urn:newsml:reuters.com:20250311:nNDL4s00dX:1,NS:PUBT,SAN.MC
2025-03-11 14:11:46.000,Santander UK plc - Issuer Document,urn:newsml:reuters.com:20250311:nNDL4KsD8v:1,NS:PUBT,SAN.MC
2025-03-11 14:09:08.660,Banco Santander (LON:BNC) Stock Price Passes Above 50-Day Moving Average – Here's What Happened,urn:link:webnews:20250311:nNRAvontey:0,NS:ETFDAI,SAN.MC
2025-03-11 12:17:18.418,"Altria Group, Inc. (NYSE:MO) Shares Sold by Banco Santander S.A.",urn:newsml:newsroom:20250311:nNRAvom35l:0,NS:TRADAJ,SAN.MC
2025-03-11 11:42:29.368,Banco Santander S.A. Reduces Stock Position in General Motors (NYSE:GM),urn:newsml:newsroom:20250311:nNRAvolbgk:0,NS:DAILYQ,SAN.MC
2025-03-11 11:42:28.839,Banco Santander S.A. Purchases New Shares in KKR & Co. Inc. (NYSE:KKR),urn:newsml:newsroom:20250311:nNRAvolb2e:0,NS:TRADAJ,SAN.MC
2025-03-11 11:42:23.546,"Banco Santander S.A. Sells 368,904 Shares of General Motors (NYSE:GM)",urn:newsml:newsroom:20250311:nNRAvolb2c:0,NS:TICREP,SAN.MC
2025-03-11 11:07:56.495,Banco Santander S.A. Decreases Holdings in EQT Co. (NYSE:EQT),urn:newsml:newsroom:20250311:nNRAvokxqt:0,NS:TRADAJ,SAN.MC
2025-03-11 11:03:58.953,Unilever PLC (NYSE:UL) Shares Sold by Banco Santander S.A.,urn:newsml:newsroom:20250311:nNRAvokusn:0,NS:COMFIN,SAN.MC
2025-03-11 11:03:17.053,"Banco Santander S.A. Invests $316,000 in Leidos Holdings, Inc. (NYSE:LDOS)",urn:newsml:newsroom:20250311:nNRAvoku28:0,NS:COMFIN,SAN.MC
2025-03-11 11:03:12.210,First Trust Nasdaq Cybersecurity ETF (NASDAQ:CIBR) Shares Sold by Banco Santander S.A.,urn:newsml:newsroom:20250311:nNRAvoku1s:0,NS:COMFIN,SAN.MC
2025-03-11 10:37:41.539,"Banco Santander S.A. Has $244,000 Stake in eBay Inc. (NASDAQ:EBAY)",urn:newsml:newsroom:20250311:nNRAvokldi:0,NS:TRADAJ,SAN.MC
2025-03-11 10:37:32.956,"1,507 Shares in Lennar Co. (NYSE:LEN) Acquired by Banco Santander S.A.",urn:newsml:newsroom:20250311:nNRAvokkq5:0,NS:DAILYQ,SAN.MC
2025-03-11 10:37:18.464,"Banco Santander S.A. Takes $257,000 Position in Expedia Group, Inc. (NASDAQ:EXPE)",urn:newsml:newsroom:20250311:nNRAvokjrb:0,NS:WATNEW,SAN.MC
2025-03-11 09:57:51.403,"10,812 Shares in iShares Global Clean Energy ETF (NASDAQ:ICLN) Acquired by Banco Santander S.A.",urn:newsml:newsroom:20250311:nNRAvok461:0,NS:TICREP,SAN.MC
2025-03-11 09:52:22.368,"Banco Santander S.A. Sells 24,634 Shares of Best Buy Co., Inc. (NYSE:BBY)",urn:newsml:newsroom:20250311:nNRAvok02k:0,NS:TICREP,SAN.MC
2025-03-11 09:52:20.025,"Banco Santander S.A. Invests $400,000 in Arthur J. Gallagher & Co. (NYSE:AJG)",urn:link:webnews:20250311:nNRAvok1sv:0,NS:WKRNEW,SAN.MC
2025-03-11 09:52:16.925,"Best Buy Co., Inc. (NYSE:BBY) Position Reduced by Banco Santander S.A.",urn:newsml:newsroom:20250311:nNRAvok0rg:0,NS:DAILYQ,SAN.MC
2025-03-11 09:52:15.510,"Sun Communities, Inc. (NYSE:SUI) Stake Cut by Banco Santander S.A.",urn:newsml:newsroom:20250311:nNRAvok01n:0,NS:WATNEW,SAN.MC
2025-03-11 09:52:08.754,Banco Santander S.A. Acquires New Stake in Carnival Co. & plc (NYSE:CCL),urn:newsml:newsroom:20250311:nNRAvok1ra:0,NS:WATNEW,SAN.MC
2025-03-11 09:52:07.320,"Banco Santander S.A. Acquires Shares of 4,707 Phillips 66 (NYSE:PSX)",urn:newsml:newsroom:20250311:nNRAvok0qn:0,NS:TICREP,SAN.MC
2025-03-11 09:27:42.050,"Banco Santander S.A. Sells 8,442 Shares of Hecla Mining (NYSE:HL)",urn:newsml:newsroom:20250311:nNRAvojq4o:0,NS:WATNEW,SAN.MC
2025-03-11 09:22:32.314,"Banco Santander S.A. Decreases Stake in Prudential Financial, Inc. (NYSE:PRU)",urn:newsml:newsroom:20250311:nNRAvojdgp:0,NS:TICREP,SAN.MC
2025-03-11 09:22:25.430,Banco Santander S.A. Takes Position in iShares Global Clean Energy ETF (NASDAQ:ICLN),urn:newsml:newsroom:20250311:nNRAvojcqd:0,NS:DAILYQ,SAN.MC
2025-03-11 09:22:18.753,"Prudential Financial, Inc. (NYSE:PRU) Shares Sold by Banco Santander S.A.",urn:newsml:newsroom:20250311:nNRAvojei6:0,NS:DAILYQ,SAN.MC
2025-03-11 09:22:17.437,"Charter Communications, Inc. (NASDAQ:CHTR) Shares Sold by Banco Santander S.A.",urn:newsml:newsroom:20250311:nNRAvojdt3:0,NS:DAILYQ,SAN.MC
2025-03-11 09:22:05.739,Banco Santander S.A. Acquires 349 Shares of The Estée Lauder Companies Inc. (NYSE:EL),urn:newsml:newsroom:20250311:nNRAvojcmg:0,NS:TRADAJ,SAN.MC
2025-03-11 09:19:17.291,"Banco Santander S.A. Has $225,000 Stake in Martin Marietta Materials, Inc. (NYSE:MLM)",urn:link:webnews:20250311:nNRAvojafw:0,NS:WKRNEW,SAN.MC
2025-03-11 09:18:18.968,"Banco Santander S.A. Invests $424,000 in CSX Co. (NASDAQ:CSX)",urn:link:webnews:20250311:nNRAvojae0:0,NS:WKRNEW,SAN.MC
2025-03-11 09:17:58.066,"Banco Santander S.A. Makes New Investment in Marvell Technology, Inc. (NASDAQ:MRVL)",urn:newsml:newsroom:20250311:nNRAvoja88:0,NS:TICREP,SAN.MC
2025-03-11 09:17:48.183,"Banco Santander S.A. Sells 1,488 Shares of MetLife, Inc. (NYSE:MET)",urn:newsml:newsroom:20250311:nNRAvoj9ul:0,NS:TICREP,SAN.MC
2025-03-11 09:17:21.178,"Banco Santander S.A. Sells 1,488 Shares of MetLife, Inc. (NYSE:MET)",urn:newsml:newsroom:20250311:nNRAvojb1b:0,NS:DAILYQ,SAN.MC
2025-03-11 09:17:17.628,"Banco Santander S.A. Sells 37,765 Shares of Kimco Realty Corp (NYSE:KIM)",urn:newsml:newsroom:20250311:nNRAvoja71:0,NS:TRADAJ,SAN.MC
2025-03-11 08:29:18.204,"Altria Group, Inc. (NYSE:MO) Shares Sold by Banco Santander S.A.",urn:link:webnews:20250311:nNRAvoilg4:0,NS:MARBEA,SAN.MC
2025-03-11 08:28:44.951,"Banco Santander S.A. Sells 3,293 Shares of Prudential Financial, Inc. (NYSE:PRU)",urn:link:webnews:20250311:nNRAvoilfa:0,NS:MARBEA,SAN.MC
2025-03-10 23:16:51.910,Banco Santander (SAN: PLN25.13) declines 3.3% on slipping relative strength; -87 PLN groszy [-3.3%],urn:newsml:newsroom:20250310:nNRAvodr56:0,NS:POLSTO,SAN.MC
2025-03-10 21:12:20.019,Banks. What is behind the merger of two heavyweights to shore up agribusiness financing?,urn:newsml:newsroom:20250310:nNRAvocwh1:0,NS:NOTENG,SAN.MC
2025-03-10 20:12:08.559,"Banco Santander, S.A. (NYSE:SAN) Declares Dividend Increase – $0.12 Per Share",urn:newsml:newsroom:20250310:nNRAvocdc3:0,NS:TICREP,SAN.MC
2025-03-10 20:12:03.137,"Banco Santander, S.A. (NYSE:SAN) Raises Dividend to $0.12 Per Share",urn:newsml:newsroom:20250310:nNRAvocchp:0,NS:DAILYQ,SAN.MC
2025-03-10 17:17:44.864,Banco Santander (SAN: EUR5.95) in bottom 2% performers of IBEX 35 Index; -27c [-4.3%] Vol Index 2.6 [1 is avg],urn:newsml:newsroom:20250310:nNRAvoahgy:0,NS:SPANEW,SAN.MC
2025-03-10 17:07:06.707,Banco Santander continues to outperform Bankinter by 3.3% in the past three months,urn:newsml:newsroom:20250310:nNRAvoac7s:0,NS:SPANEW,SAN.MC
2025-03-10 16:12:23.241,Banco Bilbao Vizcaya Argentaria continues to outperform Banco Santander by 3.0% in the past three months,urn:newsml:newsroom:20250310:nNRAvo9g5q:0,NS:SPANEW,SAN.MC
2025-03-10 16:12:22.250,Banco Santander continues to underperform Banco de Sabadell by 8.6% in the past three months,urn:newsml:newsroom:20250310:nNRAvo9eqo:0,NS:SPANEW,SAN.MC
2025-03-10 16:12:21.385,Banco de Sabadell continues to outperform Banco Santander by 8.6% in the past three months,urn:newsml:newsroom:20250310:nNRAvo9ejh:0,NS:SPANEW,SAN.MC
2025-03-10 15:17:02.287,AT&T Inc. (NYSE:T) Position Cut by Banco Santander S.A.,urn:newsml:newsroom:20250310:nNRAvo8oxg:0,NS:TRADAJ,SAN.MC
2025-03-10 15:07:41.491,"Banco Santander S.A. Sells 6,231 Shares of The Hershey Company (NYSE:HSY)",urn:newsml:newsroom:20250310:nNRAvo8kiv:0,NS:ZOLCOM,SAN.MC
2025-03-10 15:07:10.374,Banco Santander S.A. Grows Position in FedEx Co. (NYSE:FDX),urn:newsml:newsroom:20250310:nNRAvo8igi:0,NS:ZOLCOM,SAN.MC
2025-03-10 14:47:18.255,Banco Santander S.A. Makes New Investment in The Southern Company (NYSE:SO),urn:newsml:newsroom:20250310:nNRAvo8ckc:0,NS:DAILYQ,SAN.MC
2025-03-10 14:17:20.500,"Banco Santander S.A. Purchases 1,599 Shares of United Parcel Service, Inc. (NYSE:UPS)",urn:newsml:newsroom:20250310:nNRAvo83zo:0,NS:DAILYQ,SAN.MC
2025-03-10 13:47:29.401,Banco Santander S.A. Acquires 510 Shares of Duke Energy Co. (NYSE:DUK),urn:newsml:newsroom:20250310:nNRAvo7jlz:0,NS:WATNEW,SAN.MC
2025-03-10 13:47:29.053,Banco Santander S.A. Boosts Stock Position in Target Co. (NYSE:TGT),urn:newsml:newsroom:20250310:nNRAvo7j81:0,NS:DAILYQ,SAN.MC
2025-03-10 13:46:18.817,"Banco Santander S.A. Has $945,000 Stock Holdings in The Hershey Company (NYSE:HSY)",urn:link:webnews:20250310:nNRAvo7ihu:0,NS:WKRNEW,SAN.MC
2025-03-10 13:12:11.632,Verizon Communications Inc. (NYSE:VZ) Shares Sold by Banco Santander S.A.,urn:newsml:newsroom:20250310:nNRAvo74jz:0,NS:TRADAJ,SAN.MC
2025-03-10 11:29:18.105,"Banco Santander S.A. Acquires 6,984 Shares of Chipotle Mexican Grill, Inc. (NYSE:CMG)",urn:link:webnews:20250310:nNRAvo5ji9:0,NS:WKRNEW,SAN.MC
2025-03-10 11:27:19.542,"Banco Santander S.A. Sells 2,910 Shares of Yum China Holdings, Inc. (NYSE:YUMC)",urn:newsml:newsroom:20250310:nNRAvo5jdf:0,NS:DAILYQ,SAN.MC
2025-03-10 10:52:28.092,"Banco Santander S.A. Has $879,000 Stake in Builders FirstSource, Inc. (NYSE:BLDR)",urn:newsml:newsroom:20250310:nNRAvo53hd:0,NS:TICREP,SAN.MC
2025-03-10 10:50:22.368,"Banco Santander S.A. Acquires 316 Shares of Watts Water Technologies, Inc. (NYSE:WTS)",urn:link:webnews:20250310:nNRAvo51de:0,NS:WKRNEW,SAN.MC
2025-03-10 10:50:22.023,AstraZeneca PLC (NASDAQ:AZN) Position Raised by Banco Santander S.A.,urn:link:webnews:20250310:nNRAvo5211:0,NS:WKRNEW,SAN.MC
2025-03-10 10:21:14.092,"Banco Santander S.A. Takes $829,000 Position in Paylocity Holding Co. (NASDAQ:PCTY)",urn:link:webnews:20250310:nNRAvo4mmd:0,NS:WKRNEW,SAN.MC
2025-03-10 10:17:46.696,Banco Santander S.A. Raises Stock Position in General Electric (NYSE:GE),urn:newsml:newsroom:20250310:nNRAvo4l4e:0,NS:DAILYQ,SAN.MC
2025-03-10 10:17:46.027,Banco Santander S.A. Reduces Holdings in Targa Resources Corp. (NYSE:TRGP),urn:newsml:newsroom:20250310:nNRAvo4l4d:0,NS:COMFIN,SAN.MC
2025-03-10 10:12:13.777,How Banco Santander's dividend compares to Bankinter,urn:newsml:newsroom:20250310:nNRAvo4iqo:0,NS:SPANEW,SAN.MC
2025-03-10 10:12:09.569,"Germany, in the sights of Spanish banks",urn:newsml:newsroom:20250310:nNRAvo4j2l:0,NS:NOTENG,SAN.MC
2025-03-10 10:09:03.632,The Charles Schwab Co. (NYSE:SCHW) Shares Bought by Banco Santander S.A.,urn:newsml:newsroom:20250310:nNRAvo4gth:0,NS:TRADAJ,SAN.MC
2025-03-10 08:58:13.387,AT&T Inc. (NYSE:T) Position Cut by Banco Santander S.A.,urn:link:webnews:20250310:nNRAvo3jxp:0,NS:MARBEA,SAN.MC
2025-03-10 08:57:23.066,"Banco Santander S.A. Acquires Shares of 11,608 Restaurant Brands International Inc. (NYSE:QSR)",urn:newsml:newsroom:20250310:nNRAvo3ioi:0,NS:WATNEW,SAN.MC
2025-03-10 08:57:21.592,"Banco Santander S.A. Takes $814,000 Position in Xylem Inc. (NYSE:XYL)",urn:newsml:newsroom:20250310:nNRAvo3jlk:0,NS:TICREP,SAN.MC
2025-03-10 08:57:18.245,Banco Santander S.A. Boosts Stock Position in Baker Hughes (NASDAQ:BKR),urn:newsml:newsroom:20250310:nNRAvo3i8z:0,NS:TICREP,SAN.MC
2025-03-10 08:57:17.446,Banco Santander S.A. Makes New Investment in The Southern Company (NYSE:SO),urn:link:webnews:20250310:nNRAvo3j7h:0,NS:MARBEA,SAN.MC
2025-03-10 08:57:17.280,Amgen Inc. (NASDAQ:AMGN) Shares Sold by Banco Santander S.A.,urn:link:webnews:20250310:nNRAvo3i8t:0,NS:MARBEA,SAN.MC
2025-03-10 08:57:15.103,"Banco Santander S.A. Cuts Stake in Apollo Global Management, Inc. (NYSE:APO)",urn:newsml:newsroom:20250310:nNRAvo3i8h:0,NS:TRADAJ,SAN.MC
2025-03-10 08:57:08.569,"Paycom Software, Inc. (NYSE:PAYC) Shares Sold by Banco Santander S.A.",urn:newsml:newsroom:20250310:nNRAvo3hyf:0,NS:DAILYQ,SAN.MC
2025-03-10 08:57:07.639,"Banco Santander S.A. Has $988,000 Stake in Baker Hughes (NASDAQ:BKR)",urn:newsml:newsroom:20250310:nNRAvo3i83:0,NS:DAILYQ,SAN.MC
2025-03-10 08:57:05.064,"Banco Santander S.A. Purchases Shares of 7,015 Xylem Inc. (NYSE:XYL)",urn:newsml:newsroom:20250310:nNRAvo3hyd:0,NS:DAILYQ,SAN.MC
2025-03-10 08:55:19.841,"Banco Santander S.A. Takes $924,000 Position in Upstart Holdings, Inc. (NASDAQ:UPST)",urn:link:webnews:20250310:nNRAvo3ix7:0,NS:MARBEA,SAN.MC
2025-03-10 08:55:19.803,"Banco Santander S.A. Cuts Stake in Apollo Global Management, Inc. (NYSE:APO)",urn:link:webnews:20250310:nNRAvo3h4s:0,NS:MARBEA,SAN.MC
2025-03-10 08:55:19.579,"Banco Santander S.A. Invests $875,000 in Vulcan Materials (NYSE:VMC)",urn:link:webnews:20250310:nNRAvo3huf:0,NS:MARBEA,SAN.MC
2025-03-10 08:55:19.569,Banco Santander S.A. Acquires New Holdings in Arm Holdings plc (NASDAQ:ARM),urn:link:webnews:20250310:nNRAvo3ix9:0,NS:MARBEA,SAN.MC
2025-03-10 08:55:19.545,"Banco Santander S.A. Invests $984,000 in CRH plc (NYSE:CRH)",urn:link:webnews:20250310:nNRAvo3h4z:0,NS:MARBEA,SAN.MC
2025-03-10 08:54:42.398,Banco Santander S.A. Acquires New Holdings in Occidental Petroleum Co. (NYSE:OXY),urn:link:webnews:20250310:nNRAvo3iw7:0,NS:MARBEA,SAN.MC
2025-03-10 08:54:21.100,"Mondelez International, Inc. (NASDAQ:MDLZ) Shares Sold by Banco Santander S.A.",urn:link:webnews:20250310:nNRAvo3ii4:0,NS:WKRNEW,SAN.MC
2025-03-10 08:53:21.413,"Banco Santander S.A. Has $687,000 Stock Position in Regency Centers Co. (NASDAQ:REG)",urn:link:webnews:20250310:nNRAvo3i2j:0,NS:WKRNEW,SAN.MC
2025-03-10 08:52:24.058,Banco Santander S.A. Decreases Stock Position in Ambev S.A. (NYSE:ABEV),urn:newsml:newsroom:20250310:nNRAvo3ifi:0,NS:DAILYQ,SAN.MC
2025-03-10 08:52:18.229,Rio Tinto Group (NYSE:RIO) Shares Purchased by Banco Santander S.A.,urn:newsml:newsroom:20250310:nNRAvo3hqk:0,NS:WATNEW,SAN.MC
2025-03-10 08:52:14.828,Banco Santander S.A. Cuts Stake in Ambev S.A. (NYSE:ABEV),urn:newsml:newsroom:20250310:nNRAvo3irp:0,NS:TICREP,SAN.MC
2025-03-10 08:51:46.266,Banco Santander S.A. Decreases Stock Position in Ambev S.A. (NYSE:ABEV),urn:link:webnews:20250310:nNRAvo3gdl:0,NS:MARBEA,SAN.MC
2025-03-10 08:51:22.171,"Banco Santander S.A. Purchases 4,803 Shares of Texas Instruments Incorporated (NASDAQ:TXN)",urn:link:webnews:20250310:nNRAvo3hlx:0,NS:WKRNEW,SAN.MC
2025-03-10 08:50:44.543,Banco Santander S.A. Grows Holdings in Fair Isaac Co. (NYSE:FICO),urn:link:webnews:20250310:nNRAvo3gp9:0,NS:MARBEA,SAN.MC
2025-03-10 08:48:24.587,Rio Tinto Group (NYSE:RIO) Shares Purchased by Banco Santander S.A.,urn:link:webnews:20250310:nNRAvo3ett:0,NS:MARBEA,SAN.MC
2025-03-10 08:48:23.961,Banco Santander S.A. Cuts Stake in Boston Scientific Co. (NYSE:BSX),urn:link:webnews:20250310:nNRAvo3fjm:0,NS:MARBEA,SAN.MC
2025-03-10 08:12:26.117,How Banco Santander's dividend compares to Banco de Sabadell,urn:newsml:newsroom:20250310:nNRAvo34xz:0,NS:SPANEW,SAN.MC
2025-03-10 08:12:23.888,How Banco Bilbao Vizcaya Argentaria's dividend compares to Banco Santander,urn:newsml:newsroom:20250310:nNRAvo33gj:0,NS:SPANEW,SAN.MC
2025-03-10 08:12:22.450,How Banco de Sabadell's dividend compares to Banco Santander,urn:newsml:newsroom:20250310:nNRAvo34no:0,NS:SPANEW,SAN.MC
2025-03-10 05:13:23.913,Spanish banks' dividend yields soar above Ibex after record year,urn:newsml:newsroom:20250310:nNRAvo17yh:0,NS:NOTENG,SAN.MC
2025-03-10 01:16:44.706,Can Banco Santander rebound after recent dip?,urn:newsml:newsroom:20250310:nNRAvnzvn6:0,NS:GLOSTO,SAN.MC
2025-03-09 23:48:19.853,"Banco Santander S.A. Buys 4,162 Shares of Novo Nordisk A/S (NYSE:NVO)",urn:newsml:newsroom:20250309:nNRAvnzgbj:0,NS:MARDAJ,SAN.MC
2025-03-09 17:48:35.068,Banco Santander S.A. Has $2.62 Million Position in UBS Group AG (NYSE:UBS),urn:newsml:newsroom:20250309:nNRAvny3lf:0,NS:COMFIN,SAN.MC
2025-03-09 17:48:25.017,Banco Santander S.A. Acquires 305 Shares of Moody's Co. (NYSE:MCO),urn:newsml:newsroom:20250309:nNRAvny1yu:0,NS:COMFIN,SAN.MC
2025-03-09 17:48:02.767,Banco Santander S.A. Has $2.63 Million Stock Position in ASML Holding (NASDAQ:ASML),urn:newsml:newsroom:20250309:nNRAvny382:0,NS:COMFIN,SAN.MC
2025-03-09 15:38:28.129,Banco Santander S.A. Increases Stock Position in Intuit Inc. (NASDAQ:INTU),urn:newsml:newsroom:20250309:nNRAvnxiz0:0,NS:TRADAJ,SAN.MC
2025-03-09 15:38:15.252,"Yum! Brands, Inc. (NYSE:YUM) Shares Purchased by Banco Santander S.A.",urn:newsml:newsroom:20250309:nNRAvnxiyu:0,NS:CERGEM,SAN.MC
2025-03-09 15:37:50.547,"Banco Santander S.A. Sells 1,084 Shares of Costco Wholesale Co. (NASDAQ:COST)",urn:newsml:newsroom:20250309:nNRAvnxiil:0,NS:MARDAJ,SAN.MC
2025-03-09 15:36:55.238,Banco Santander S.A. Cuts Stake in Starbucks Co. (NASDAQ:SBUX),urn:newsml:newsroom:20250309:nNRAvnxh37:0,NS:MARDAJ,SAN.MC
2025-03-09 15:36:14.039,Bristol-Myers Squibb (NYSE:BMY) Shares Sold by Banco Santander S.A.,urn:link:webnews:20250309:nNRAvnxhh5:0,NS:WKRNEW,SAN.MC
2025-03-09 15:35:43.269,Banco Santander S.A. Raises Position in Intuit Inc. (NASDAQ:INTU),urn:newsml:newsroom:20250309:nNRAvnxi2y:0,NS:STOOBS,SAN.MC
2025-03-09 15:34:38.688,Banco Santander S.A. Grows Stock Position in Abbott Laboratories (NYSE:ABT),urn:newsml:newsroom:20250309:nNRAvnxhq1:0,NS:MARDAJ,SAN.MC
2025-03-09 15:07:12.194,"Banco Santander S.A. Acquires 98,135 Shares of Devon Energy Co. (NYSE:DVN)",urn:newsml:newsroom:20250309:nNRAvnxbmz:0,NS:DAILYQ,SAN.MC
2025-03-09 15:07:10.530,Banco Santander S.A. Raises Holdings in Devon Energy Co. (NYSE:DVN),urn:newsml:newsroom:20250309:nNRAvnxcyt:0,NS:TICREP,SAN.MC
2025-03-09 14:57:27.084,Deere & Company (NYSE:DE) Shares Sold by Banco Santander S.A.,urn:newsml:newsroom:20250309:nNRAvnx9pe:0,NS:DAILYQ,SAN.MC
2025-03-09 14:57:01.365,"Banco Santander S.A. Sells 2,092 Shares of Deere & Company (NYSE:DE)",urn:newsml:newsroom:20250309:nNRAvnxap1:0,NS:TICREP,SAN.MC
2025-03-09 14:47:32.129,"Banco Santander S.A. Has $2.99 Million Stock Holdings in Cheniere Energy, Inc. (NYSE:LNG)",urn:newsml:newsroom:20250309:nNRAvnx86f:0,NS:ZOLCOM,SAN.MC
2025-03-09 14:27:33.892,Banco Santander S.A. Has $4.34 Million Position in FactSet Research Systems Inc. (NYSE:FDS),urn:newsml:newsroom:20250309:nNRAvnx5lj:0,NS:DAILYQ,SAN.MC
2025-03-09 14:27:19.924,"Banco Santander S.A. Buys 1,536 Shares of FactSet Research Systems Inc. (NYSE:FDS)",urn:newsml:newsroom:20250309:nNRAvnx6dw:0,NS:TICREP,SAN.MC
2025-03-09 13:27:07.862,"EMCOR Group, Inc. (NYSE:EME) Shares Bought by Banco Santander S.A.",urn:newsml:newsroom:20250309:nNRAvnww0f:0,NS:DAILYQ,SAN.MC
2025-03-09 12:55:07.949,Banco Santander S.A. Has $2.97 Million Holdings in Albemarle Co. (NYSE:ALB),urn:link:webnews:20250309:nNRAvnwixh:0,NS:WKRNEW,SAN.MC
2025-03-09 12:52:12.230,"Banco Santander S.A. Buys 36,664 Shares of iShares 20+ Year Treasury Bond ETF (NASDAQ:TLT)",urn:newsml:newsroom:20250309:nNRAvnwi66:0,NS:TRADAJ,SAN.MC
2025-03-09 12:07:12.070,Banco Santander S.A. Has $5.15 Million Stake in Shell plc (NYSE:SHEL),urn:newsml:newsroom:20250309:nNRAvnw8pb:0,NS:DAILYQ,SAN.MC
2025-03-09 12:04:11.855,"Banco Santander S.A. Cuts Stock Position in AMETEK, Inc. (NYSE:AME)",urn:link:webnews:20250309:nNRAvnw9la:0,NS:WKRNEW,SAN.MC
2025-03-09 11:44:12.866,"Banco Santander S.A. Has $2.99 Million Stake in Cheniere Energy, Inc. (NYSE:LNG)",urn:link:webnews:20250309:nNRAvnw4v6:0,NS:WKRNEW,SAN.MC
2025-03-09 11:22:43.524,Banco Santander S.A. Has $3.43 Million Stake in Centene Co. (NYSE:CNC),urn:newsml:newsroom:20250309:nNRAvnw1x9:0,NS:WATNEW,SAN.MC
2025-03-09 11:22:39.571,"NextEra Energy, Inc. (NYSE:NEE) Shares Sold by Banco Santander S.A.",urn:newsml:newsroom:20250309:nNRAvnw0w9:0,NS:TRADAJ,SAN.MC
2025-03-09 11:22:34.710,"Banco Santander S.A. Acquires Shares of 83,380 Freeport-McMoRan Inc. (NYSE:FCX)",urn:newsml:newsroom:20250309:nNRAvnw1iw:0,NS:DAILYQ,SAN.MC
2025-03-09 11:22:22.777,Banco Santander S.A. Invests $3.18 Million in Freeport-McMoRan Inc. (NYSE:FCX),urn:newsml:newsroom:20250309:nNRAvnw1x3:0,NS:TICREP,SAN.MC
2025-03-09 11:22:13.709,"Banco Santander S.A. Acquires 1,443,986 Shares of Banco Bradesco S.A. (NYSE:BBD)",urn:newsml:newsroom:20250309:nNRAvnw1ij:0,NS:TRADAJ,SAN.MC
2025-03-09 11:07:11.044,"Banco Santander S.A. Sells 2,748 Shares of iShares Global Infrastructure ETF (NASDAQ:IGF)",urn:link:webnews:20250309:nNRAvnvxii:0,NS:WKRNEW,SAN.MC
2025-03-09 10:12:35.474,Banco Santander S.A. Sells 755 Shares of Chubb Limited (NYSE:CB),urn:newsml:newsroom:20250309:nNRAvnvofd:0,NS:TRADAJ,SAN.MC
2025-03-09 10:12:33.074,"Banco Santander S.A. Takes Position in MasTec, Inc. (NYSE:MTZ)",urn:newsml:newsroom:20250309:nNRAvnvnpz:0,NS:TICREP,SAN.MC
2025-03-09 10:12:32.104,"Banco Santander S.A. Takes Position in MasTec, Inc. (NYSE:MTZ)",urn:newsml:newsroom:20250309:nNRAvnvnpv:0,NS:DAILYQ,SAN.MC
2025-03-09 10:12:29.201,"Banco Santander S.A. Sells 167,820 Shares of NIKE, Inc. (NYSE:NKE)",urn:newsml:newsroom:20250309:nNRAvnvncg:0,NS:TICREP,SAN.MC
2025-03-09 10:11:32.362,Deere & Company (NYSE:DE) Shares Sold by Banco Santander S.A.,urn:link:webnews:20250309:nNRAvnvocr:0,NS:MARBEA,SAN.MC
2025-03-09 10:11:29.085,Intel Co. (NASDAQ:INTC) Shares Acquired by Banco Santander S.A.,urn:link:webnews:20250309:nNRAvnvny9:0,NS:MARBEA,SAN.MC
2025-03-09 10:11:12.175,"Banco Santander S.A. Acquires 9,391 Shares of Alibaba Group Holding Limited (NYSE:BABA)",urn:link:webnews:20250309:nNRAvnvn0q:0,NS:MARBEA,SAN.MC
2025-03-09 10:07:09.352,Banco Santander S.A. Grows Position in Philip Morris International Inc. (NYSE:PM),urn:link:webnews:20250309:nNRAvnvmw8:0,NS:MARBEA,SAN.MC
2025-03-09 10:05:31.465,"Banco Santander S.A. Lowers Stake in Reinsurance Group of America, Incorporated (NYSE:RGA)",urn:link:webnews:20250309:nNRAvnvltr:0,NS:MARBEA,SAN.MC
2025-03-09 10:05:12.419,"D.R. Horton, Inc. (NYSE:DHI) Shares Purchased by Banco Santander S.A.",urn:link:webnews:20250309:nNRAvnvkh4:0,NS:MARBEA,SAN.MC
2025-03-09 10:05:10.692,"Vertex, Inc. (NASDAQ:VERX) Shares Sold by Banco Santander S.A.",urn:link:webnews:20250309:nNRAvnvkrr:0,NS:MARBEA,SAN.MC
2025-03-09 10:03:13.771,"Banco Santander S.A. Trims Stake in The Goldman Sachs Group, Inc. (NYSE:GS)",urn:link:webnews:20250309:nNRAvnvm49:0,NS:MARBEA,SAN.MC
2025-03-09 10:03:13.545,Banco Santander S.A. Has $35.12 Million Position in Caterpillar Inc. (NYSE:CAT),urn:link:webnews:20250309:nNRAvnvlgs:0,NS:MARBEA,SAN.MC
2025-03-09 10:03:13.352,The Progressive Co. (NYSE:PGR) Shares Acquired by Banco Santander S.A.,urn:link:webnews:20250309:nNRAvnvlgt:0,NS:MARBEA,SAN.MC
2025-03-09 10:03:13.328,Banco Santander S.A. Has $43.35 Million Stock Position in Citigroup Inc. (NYSE:C),urn:link:webnews:20250309:nNRAvnvlqo:0,NS:MARBEA,SAN.MC
2025-03-09 10:03:13.252,"Banco Santander S.A. Purchases 1,734 Shares of Booking Holdings Inc. (NASDAQ:BKNG)",urn:link:webnews:20250309:nNRAvnvlqn:0,NS:MARBEA,SAN.MC
2025-03-09 10:02:43.797,Adobe Inc. (NASDAQ:ADBE) Shares Acquired by Banco Santander S.A.,urn:link:webnews:20250309:nNRAvnvm3s:0,NS:MARBEA,SAN.MC
2025-03-09 01:17:46.581,"Banco Santander S.A. Buys 64,538 Shares of The Home Depot, Inc. (NYSE:HD)",urn:newsml:newsroom:20250309:nNRAvnsral:0,NS:COMFIN,SAN.MC
2025-03-09 01:17:34.713,"Applied Materials, Inc. (NASDAQ:AMAT) Holdings Raised by Banco Santander S.A.",urn:newsml:newsroom:20250309:nNRAvnsraf:0,NS:COMFIN,SAN.MC
2025-03-08 23:05:39.503,"Banco Santander S.A. Lowers Stock Holdings in Tesla, Inc. (NASDAQ:TSLA)",urn:newsml:newsroom:20250308:nNRAvnsbfm:0,NS:STOOBS,SAN.MC
2025-03-08 23:04:32.045,Vanguard Intermediate-Term Corporate Bond ETF (NASDAQ:VCIT) Shares Sold by Banco Santander S.A.,urn:newsml:newsroom:20250308:nNRAvnsb3y:0,NS:MARDAJ,SAN.MC
2025-03-08 23:03:41.250,Oracle Co. (NYSE:ORCL) Shares Acquired by Banco Santander S.A.,urn:newsml:newsroom:20250308:nNRAvnsbb6:0,NS:CERGEM,SAN.MC
2025-03-08 23:03:35.245,Banco Santander S.A. Increases Stake in Broadcom Inc. (NASDAQ:AVGO),urn:newsml:newsroom:20250308:nNRAvnsb1s:0,NS:CERGEM,SAN.MC
2025-03-08 23:03:12.727,Banco Santander S.A. Reduces Stock Holdings in UnitedHealth Group Incorporated (NYSE:UNH),urn:newsml:newsroom:20250308:nNRAvnsb12:0,NS:MARDAJ,SAN.MC
2025-03-08 23:02:45.053,"Banco Santander S.A. Sells 2,399 Shares of The Coca-Cola Company (NYSE:KO)",urn:newsml:newsroom:20250308:nNRAvnsb8x:0,NS:STOOBS,SAN.MC
2025-03-08 18:12:14.004,Banco Santander S.A. Increases Stock Holdings in McDonald's Co. (NYSE:MCD),urn:newsml:newsroom:20250308:nNRAvnr9fi:0,NS:TICREP,SAN.MC
2025-03-08 18:07:15.547,Banco Santander S.A. Increases Position in Oracle Co. (NYSE:ORCL),urn:newsml:newsroom:20250308:nNRAvnr6y7:0,NS:WATNEW,SAN.MC
2025-03-08 18:06:13.380,"Banco Santander S.A. Sells 5,210 Shares of Visa Inc. (NYSE:V)",urn:link:webnews:20250308:nNRAvnr64g:0,NS:WKRNEW,SAN.MC
2025-03-08 17:37:06.336,"Banco Santander S.A. Has $32.63 Million Holdings in Uber Technologies, Inc. (NYSE:UBER)",urn:newsml:newsroom:20250308:nNRAvnr0sz:0,NS:TRADAJ,SAN.MC
2025-03-08 17:32:04.922,Banco Santander S.A. Has $43.35 Million Stock Position in Citigroup Inc. (NYSE:C),urn:newsml:newsroom:20250308:nNRAvnqzod:0,NS:TRADAJ,SAN.MC
2025-03-08 17:08:09.685,"Banco Santander S.A. Lowers Stock Holdings in Waste Management, Inc. (NYSE:WM)",urn:link:webnews:20250308:nNRAvnqwz7:0,NS:WKRNEW,SAN.MC
2025-03-08 17:03:47.860,Banco Santander S.A. Reduces Position in Pfizer Inc. (NYSE:PFE),urn:newsml:newsroom:20250308:nNRAvnqx63:0,NS:COMFIN,SAN.MC
2025-03-08 17:02:16.579,"Banco Santander S.A. Sells 12,832 Shares of Exxon Mobil Co. (NYSE:XOM)",urn:newsml:newsroom:20250308:nNRAvnqvfd:0,NS:TICREP,SAN.MC
2025-03-08 16:37:08.800,iShares 7-10 Year Treasury Bond ETF (NASDAQ:IEF) Shares Sold by Banco Santander S.A.,urn:newsml:newsroom:20250308:nNRAvnqry7:0,NS:WATNEW,SAN.MC
2025-03-08 16:30:11.156,Banco Santander S.A. Has $19.38 Million Stake in Cintas Co. (NASDAQ:CTAS),urn:link:webnews:20250308:nNRAvnqr30:0,NS:WKRNEW,SAN.MC
2025-03-08 16:27:10.044,"Banco Santander S.A. Boosts Stake in Merck & Co., Inc. (NYSE:MRK)",urn:newsml:newsroom:20250308:nNRAvnqrqe:0,NS:DAILYQ,SAN.MC
2025-03-08 16:27:09.522,"Banco Santander S.A. Buys New Shares in Simon Property Group, Inc. (NYSE:SPG)",urn:link:webnews:20250308:nNRAvnqr0y:0,NS:WKRNEW,SAN.MC
2025-03-08 15:27:04.311,Banco Santander S.A. Has $35.12 Million Position in Caterpillar Inc. (NYSE:CAT),urn:newsml:newsroom:20250308:nNRAvnqf9p:0,NS:WATNEW,SAN.MC
2025-03-08 15:23:11.171,Colgate-Palmolive (NYSE:CL) Holdings Decreased by Banco Santander S.A.,urn:link:webnews:20250308:nNRAvnqfj7:0,NS:WKRNEW,SAN.MC
2025-03-08 14:53:22.413,"D.R. Horton, Inc. (NYSE:DHI) Shares Purchased by Banco Santander S.A.",urn:newsml:newsroom:20250308:nNRAvnq9kv:0,NS:TRADAJ,SAN.MC
2025-03-08 14:52:47.702,Banco Santander S.A. Increases Position in Halliburton (NYSE:HAL),urn:newsml:newsroom:20250308:nNRAvnq9js:0,NS:WATNEW,SAN.MC
2025-03-08 14:52:38.274,"Motorola Solutions, Inc. (NYSE:MSI) Shares Bought by Banco Santander S.A.",urn:newsml:newsroom:20250308:nNRAvnq84q:0,NS:WATNEW,SAN.MC
2025-03-08 14:52:36.026,"Banco Santander S.A. Sells 61,319 Shares of iShares 3-7 Year Treasury Bond ETF (NASDAQ:IEI)",urn:newsml:newsroom:20250308:nNRAvnq9jh:0,NS:TRADAJ,SAN.MC
2025-03-08 14:52:30.512,"Banco Santander S.A. Purchases 1,494 Shares of The Travelers Companies, Inc. (NYSE:TRV)",urn:newsml:newsroom:20250308:nNRAvnq8fv:0,NS:STOOBS,SAN.MC
2025-03-08 14:52:28.108,Comcast Co. (NASDAQ:CMCSA) Shares Acquired by Banco Santander S.A.,urn:newsml:newsroom:20250308:nNRAvnq9j9:0,NS:DAILYQ,SAN.MC
2025-03-08 14:52:27.663,Banco Santander S.A. Has $23.89 Million Stake in Comcast Co. (NASDAQ:CMCSA),urn:newsml:newsroom:20250308:nNRAvnq84g:0,NS:TICREP,SAN.MC
2025-03-08 14:52:26.952,Lam Research Co. (NASDAQ:LRCX) Shares Purchased by Banco Santander S.A.,urn:newsml:newsroom:20250308:nNRAvnq9j7:0,NS:WATNEW,SAN.MC
2025-03-08 14:51:43.534,"Cisco Systems, Inc. (NASDAQ:CSCO) Position Lessened by Banco Santander S.A.",urn:newsml:newsroom:20250308:nNRAvnq82h:0,NS:CERGEM,SAN.MC
2025-03-08 14:50:01.387,"Banco Santander S.A. Purchases 1,734 Shares of Booking Holdings Inc. (NASDAQ:BKNG)",urn:newsml:newsroom:20250308:nNRAvnq6pd:0,NS:MARDAJ,SAN.MC
2025-03-08 14:49:52.889,Banco Santander S.A. Has $19.18 Million Stock Holdings in Invesco QQQ (NASDAQ:QQQ),urn:newsml:newsroom:20250308:nNRAvnq7e8:0,NS:STOOBS,SAN.MC
2025-03-08 14:49:44.295,Banco Santander S.A. Raises Holdings in QUALCOMM Incorporated (NASDAQ:QCOM),urn:newsml:newsroom:20250308:nNRAvnq7dy:0,NS:MARDAJ,SAN.MC
2025-03-08 14:22:04.881,"Banco Santander S.A. Sells 10,685 Shares of Invesco QQQ (NASDAQ:QQQ)",urn:newsml:newsroom:20250308:nNRAvnpsf3:0,NS:TRADAJ,SAN.MC
2025-03-08 14:20:14.542,"Banco Santander S.A. Buys 21,649 Shares of Fox Co. (NASDAQ:FOXA)",urn:link:webnews:20250308:nNRAvnptu8:0,NS:WKRNEW,SAN.MC
2025-03-08 13:38:32.279,Banco Santander S.A. Increases Stock Holdings in iShares Short Treasury Bond ETF (NASDAQ:SHV),urn:link:webnews:20250308:nNRAvnpkdo:0,NS:WKRNEW,SAN.MC
2025-03-08 13:37:26.443,Edison International (NYSE:EIX) Shares Sold by Banco Santander S.A.,urn:newsml:newsroom:20250308:nNRAvnpkc8:0,NS:TICREP,SAN.MC
2025-03-08 13:37:25.123,"Banco Santander S.A. Trims Stake in The Goldman Sachs Group, Inc. (NYSE:GS)",urn:newsml:newsroom:20250308:nNRAvnpkqb:0,NS:TRADAJ,SAN.MC
2025-03-08 13:37:24.548,"Banco Santander S.A. Lowers Stake in Reinsurance Group of America, Incorporated (NYSE:RGA)",urn:newsml:newsroom:20250308:nNRAvnpj95:0,NS:WATNEW,SAN.MC
2025-03-08 13:37:13.958,"Vertex, Inc. (NASDAQ:VERX) Shares Sold by Banco Santander S.A.",urn:newsml:newsroom:20250308:nNRAvnpjkh:0,NS:DAILYQ,SAN.MC
2025-03-08 13:37:09.398,Edison International (NYSE:EIX) Shares Sold by Banco Santander S.A.,urn:newsml:newsroom:20250308:nNRAvnpj8k:0,NS:DAILYQ,SAN.MC
2025-03-08 13:32:18.179,Mastercard Incorporated (NYSE:MA) Shares Purchased by Banco Santander S.A.,urn:newsml:newsroom:20250308:nNRAvnpj21:0,NS:TRADAJ,SAN.MC
2025-03-08 11:09:38.012,"Banco Santander S.A. Acquires 16,663 Shares of Ferrari (NYSE:RACE)",urn:link:webnews:20250308:nNRAvnof63:0,NS:MARBEA,SAN.MC
2025-03-08 11:06:31.388,"Banco Santander S.A. Has $32.63 Million Holdings in Uber Technologies, Inc. (NYSE:UBER)",urn:link:webnews:20250308:nNRAvnod1f:0,NS:MARBEA,SAN.MC
2025-03-08 11:04:13.143,"Banco Santander S.A. Acquires 64,538 Shares of The Home Depot, Inc. (NYSE:HD)",urn:link:webnews:20250308:nNRAvnocov:0,NS:MARBEA,SAN.MC
2025-03-08 05:27:29.458,Weekly: Banco Santander (SAN: EUR6.22) unchanged on firm volume,urn:newsml:newsroom:20250308:nNRAvnljcs:0,NS:GLOWEE,SAN.MC
2025-03-07 17:22:40.157,Weekly: Banco Santander (SAN: EUR6.22) unchanged on firm volume,urn:newsml:newsroom:20250307:nNRAvnf9te:0,NS:GLOWEE,SAN.MC
2025-03-07 17:17:42.695,"Banco Santander (SAN: EUR6.22) loses EUR2 billion ($2 billion) (1.4%) in MCap, steepest heavyweight fall in Banks company; -9c [-1.4%] Vol Index 1....",urn:newsml:newsroom:20250307:nNRAvnf5zz:0,NS:SPANEW,SAN.MC
2025-03-07 12:53:11.000,Santander UK Group Holdings plc - Annual Report and Accounts,urn:newsml:reuters.com:20250307:nNDL69rNGB:1,NS:PUBT,SAN.MC
2025-03-07 10:30:01.722,REG - Santander UK Plc - Annual Financial Report,urn:newsml:newsroom:20250307:nRSG8243Za:0,NS:LSE,SAN.MC
2025-03-07 10:30:01.477,REG - Santander UKGrp Hdgs - Annual Financial Report,urn:newsml:newsroom:20250307:nRSG8241Za:0,NS:LSE,SAN.MC
2025-03-07 10:30:00.000,REG - Santander UKGrp Hdgs  - Annual Financial Report,urn:newsml:reuters.com:20250307:nRSG8241Za:1,NS:LSE,SAN.MC
2025-03-07 08:12:01.875,Banco Santander's Earnings Growth Outperforms Bankinter,urn:newsml:newsroom:20250307:nNRAvn7glc:0,NS:SPANEW,SAN.MC
2025-03-07 07:13:02.083,Banco Santander's Earnings Growth Lags Banco de Sabadell,urn:newsml:newsroom:20250307:nNRAvn6p4h:0,NS:SPANEW,SAN.MC
2025-03-07 07:13:00.593,Banco de Sabadell's Earnings Growth Outperforms Banco Santander,urn:newsml:newsroom:20250307:nNRAvn6o54:0,NS:SPANEW,SAN.MC
2025-03-07 01:17:22.092,Can Banco Santander continue its gains?,urn:newsml:newsroom:20250307:nNRAvn3qes:0,NS:GLOSTO,SAN.MC
2025-03-06 18:49:53.000,Banco Santander SA - 10 years Fixed rate Subordinated 03/35 SUBSAN-248,urn:newsml:reuters.com:20250306:nNDL5P2VDs:1,NS:PUBT,SAN.MC
2025-03-06 18:29:11.000,Banco Santander SA - 10 years Fixed rate Subordinated 03/35 SUBSAN-249,urn:newsml:reuters.com:20250306:nNDL5H4bg8:1,NS:PUBT,SAN.MC
2025-03-06 17:22:36.629,"IBEX 35 SPANISH TOP 7 DAILY: PRICE RISES ON STRONG VOLUMES IN THE PAST MONTH End-of-day: Thursday March 06, 2025 16:00 (EST: 10:00, GMT: 15:00)",urn:newsml:newsroom:20250306:nNRAvmyvxp:0,NS:GLOUPM,SAN.MC
2025-03-06 17:17:23.057,Banco Santander (SAN: EUR6.31) offers earnings yield of 10.4%; +15c [+2.4%],urn:newsml:newsroom:20250306:nNRAvmyvej:0,NS:SPANEW,SAN.MC
2025-03-06 13:22:07.057,"Banco Santander, S.A. (NYSE:SAN) Shares Sold by Schechter Investment Advisors LLC",urn:newsml:newsroom:20250306:nNRAvmv8wh:0,NS:MARDAJ,SAN.MC
2025-03-06 07:20:18.000,"Santander hires Barclays, Goldman Sachs for Ebury IPO, Expansion reports",urn:newsml:reuters.com:20250306:nL5N3PP0BV:3,NS:RTRS,SAN.MC
2025-03-06 05:06:07.930,Banco Santander (NYSE:SAN) Reaches New 52-Week High – Should You Buy?,urn:newsml:newsroom:20250306:nNRAvmp1fo:0,NS:CERGEM,SAN.MC
2025-03-06 01:17:04.846,Thursday's Preview: Can Banco Santander continue its recent gains?,urn:newsml:newsroom:20250306:nNRAvmnf9k:0,NS:GLOSTO,SAN.MC
2025-03-05 17:37:12.498,How Banco Santander's Tax Rate compares to Its Peers,urn:newsml:newsroom:20250305:nNRAvmixu4:0,NS:GLOROU,SAN.MC
2025-03-05 17:17:40.994,Banco Santander (SAN: EUR6.16) gains 4.1% on rising relative strength; +24c [+4.1%],urn:newsml:newsroom:20250305:nNRAvmioms:0,NS:SPANEW,SAN.MC
2025-03-05 15:52:17.854,How Banco Santander's Tax Rate compares to Its Peers,urn:newsml:newsroom:20250305:nNRAvmhddk:0,NS:GLOROU,SAN.MC
2025-03-05 15:43:34.000,Grifols SA - Conference call transcript (e5d630f2 399c cb70 78b3 2819ba648a9at1741187817117),urn:newsml:reuters.com:20250305:nNDL9yKvHt:1,NS:PUBT,SAN.MC
2025-03-05 13:27:23.943,"Carrera Capital Advisors Increases Holdings in Banco Santander, S.A. (NYSE:SAN)",urn:newsml:newsroom:20250305:nNRAvmfd0l:0,NS:DAILYQ,SAN.MC
2025-03-05 12:35:23.000,Banco Santander SA - 10 years FIXED rate Senior Preferred Estructurado 03/35 SPE 044,urn:newsml:reuters.com:20250305:nNDL9kBfqK:1,NS:PUBT,SAN.MC
2025-03-05 11:36:48.754,Polaris Renewable Energy Announces Closing Of Acquisition In Puerto Rico,urn:newsml:newsroom:20250305:nNRAvmdolg:0,NS:GULOIL,SAN.MC
2025-03-05 11:17:48.586,"Banco Santander, S.A. (NYSE:SAN) Receives Consensus Recommendation of ""Buy"" from Analysts",urn:newsml:newsroom:20250305:nNRAvmdi83:0,NS:WATNEW,SAN.MC
2025-03-05 10:12:15.458,Banco Santander defends the value of female technological talent,urn:newsml:newsroom:20250305:nNRAvmcqms:0,NS:NOTENG,SAN.MC
2025-03-05 07:12:23.137,How Banco Santander's Tax Rate compares to Its Peers,urn:newsml:newsroom:20250305:nNRAvmafch:0,NS:SPANEW,SAN.MC
2025-03-05 06:00:00.000,BREAKINGVIEWS-Europe will struggle to slip US economic chokehold,urn:newsml:reuters.com:20250305:nL5N3PN20R:6,NS:RTRS,SAN.MC
2025-03-05 01:17:11.066,Wednesday's Preview: Can Banco Santander rebound after being down?,urn:newsml:newsroom:20250305:nNRAvm79ms:0,NS:GLOSTO,SAN.MC
2025-03-04 22:47:40.774,Banco Santander to Acquire 89.9% Stake in Tresmares Capital,urn:newsml:reuters.com:20250304:nNRAvm64rk:1,NS:DATMTR,SAN.MC
2025-03-04 17:17:39.414,Banco Santander (SAN: EUR5.92) in bottom 2% performers of IBEX 35 Index; -38c [-6.0%] Vol Index 2.9 [1 is avg],urn:newsml:newsroom:20250304:nNRAvm2gb0:0,NS:SPANEW,SAN.MC
2025-03-04 15:26:12.020,Polaris Renewable Energy closes buy of 26-MW wind farm in Puerto Rico,urn:newsml:reuters.com:20250304:nNRAvm0qwa:1,NS:SEEREN,SAN.MC
2025-03-04 14:12:32.654,"Be Tech! with Santander, one of Banco Santander's projects that promotes female technological talent.",urn:newsml:newsroom:20250304:nNRAvlzrtt:0,NS:NOTENG,SAN.MC
2025-03-04 10:24:30.000,Trump tariffs push Mexico's peso toward 2022 lows,urn:newsml:reuters.com:20250304:nL5N3PN0U1:4,NS:RTRS,SAN.MC
2025-03-04 01:17:10.987,Traders look to see if Banco Santander's recent rally will continue,urn:newsml:newsroom:20250304:nNRAvlquyy:0,NS:GLOSTO,SAN.MC
2025-03-04 00:58:13.957,Polaris Renewable Energy Announces Closing Of Acquisition In Puerto Rico,urn:link:webnews:20250304:nNRAvlqp94:0,NS:CANSTA,SAN.MC
2025-03-03 21:32:44.064,Banco Santander (NYSE:SAN) Hits New 52-Week High – Time to Buy?,urn:newsml:newsroom:20250303:nNRAvlp8ez:0,NS:COMFIN,SAN.MC
2025-03-03 18:42:12.035,"NRG Energy top gainer in Banco Santander jumps 17.0% in 58 days Monday March 03, 2025 07:03 EST",urn:newsml:newsroom:20250303:nNRAvlnk0j:0,NS:GLOBUL,SAN.MC
2025-03-03 18:04:47.000,Banco Santander SA - 10 years FIXED rate Senior Preferred Estructurado 04/35 SPE 043,urn:newsml:reuters.com:20250303:nNDL7xtFFz:1,NS:PUBT,SAN.MC
2025-03-03 17:17:41.017,Banco Santander (SAN: EUR6.30) in 2nd consecutive rise; +10c [+1.6%] Vol Index 2.7 [1 is avg],urn:newsml:newsroom:20250303:nNRAvlmjns:0,NS:SPANEW,SAN.MC
2025-03-03 17:07:13.112,Banco Santander continues to outperform Bankinter by 12.3% in the past month,urn:newsml:newsroom:20250303:nNRAvlmdq4:0,NS:SPANEW,SAN.MC
2025-03-03 17:04:17.171,Banco Santander (NYSE:SAN) Hits New 52-Week High - Time to Buy?,urn:link:webnews:20250303:nNRAvlmcaa:0,NS:MARBEA,SAN.MC
2025-03-03 16:43:13.044,"NRG Energy top gainer in Banco Santander jumps 17.0% in 58 days Monday March 03, 2025 07:03 EST",urn:newsml:newsroom:20250303:nNRAvlm0th:0,NS:GLOBUL,SAN.MC
2025-03-03 16:12:07.782,Banco Bilbao Vizcaya Argentaria continues to underperform Banco Santander by 9.4% in the past month,urn:newsml:newsroom:20250303:nNRAvllki5:0,NS:SPANEW,SAN.MC
2025-03-03 16:12:06.862,Banco Santander continues to outperform Banco de Sabadell by 9.0% in the past month,urn:newsml:newsroom:20250303:nNRAvlljga:0,NS:SPANEW,SAN.MC
2025-03-03 16:12:06.084,Banco de Sabadell continues to underperform Banco Santander by 9.0% in the past month,urn:newsml:newsroom:20250303:nNRAvlljg9:0,NS:SPANEW,SAN.MC
2025-03-03 15:22:21.787,"NRG Energy top gainer in Banco Santander jumps 17.0% in 58 days Monday March 03, 2025 07:03 EST",urn:newsml:newsroom:20250303:nNRAvlkx6y:0,NS:GLOBUL,SAN.MC
2025-03-03 11:37:41.000,"Banco Santander SA - Senior Preferred, Serie 2981",urn:newsml:reuters.com:20250303:nNDL4jzPHf:1,NS:PUBT,SAN.MC
2025-03-03 10:42:40.180,"Oppenheimer Asset Management Inc. Decreases Stock Holdings in Banco Santander, S.A. (NYSE:SAN)",urn:newsml:newsroom:20250303:nNRAvlgqdn:0,NS:TRADAJ,SAN.MC
2025-03-03 10:12:08.151,How Banco Santander's dividend compares to Bankinter,urn:newsml:newsroom:20250303:nNRAvlgf5v:0,NS:SPANEW,SAN.MC
2025-03-03 09:47:26.026,"Banco Santander, S.A. (NYSE:SAN) Given Average Recommendation of ""Buy"" by Brokerages",urn:newsml:newsroom:20250303:nNRAvlg36j:0,NS:DAILYQ,SAN.MC
2025-03-03 09:47:25.456,"Banco Santander, S.A. (NYSE:SAN) Receives Average Recommendation of ""Buy"" from Brokerages",urn:newsml:newsroom:20250303:nNRAvlg1vi:0,NS:TICREP,SAN.MC
2025-03-03 08:53:12.603,"Banco Santander, S.A. (OTCMKTS:BCDRF) Short Interest Down 47.9% in February",urn:link:webnews:20250303:nNRAvlfh8y:0,NS:WKRNEW,SAN.MC
2025-03-03 08:12:27.730,How Banco Bilbao Vizcaya Argentaria's dividend compares to Banco Santander,urn:newsml:newsroom:20250303:nNRAvlf1l9:0,NS:SPANEW,SAN.MC
2025-03-03 08:12:26.893,How Banco Santander's dividend compares to Banco de Sabadell,urn:newsml:newsroom:20250303:nNRAvlf0w8:0,NS:SPANEW,SAN.MC
2025-03-03 08:12:25.816,How Banco de Sabadell's dividend compares to Banco Santander,urn:newsml:newsroom:20250303:nNRAvlf18z:0,NS:SPANEW,SAN.MC
2025-03-03 07:27:40.842,Monthly: Banco Santander (SAN: EUR6.22) in top 2% performers of IBEX 35 Index in February 2025,urn:newsml:newsroom:20250303:nNRAvle95n:0,NS:SPANEW,SAN.MC
2025-03-03 01:16:45.597,Monday's Preview: Can Banco Santander continue its recent gains?,urn:newsml:newsroom:20250303:nNRAvlb8mv:0,NS:GLOSTO,SAN.MC
2025-03-02 13:07:15.199,Banco Santander Brasil ADR climbs 12% in 2025,urn:newsml:newsroom:20250302:nNRAvl828y:0,NS:GLOROU,SAN.MC
2025-03-02 07:07:18.424,Banco Santander Brasil ADR climbs 12% in 2025,urn:newsml:newsroom:20250302:nNRAvl5kjn:0,NS:GLOROU,SAN.MC
2025-03-01 06:20:09.559,"Banco Santander, S.A. (NYSE:SAN) Given Average Rating of ""Buy"" by Brokerages",urn:link:webnews:20250301:nNRAvkxesv:0,NS:ETFDAI,SAN.MC
2025-03-01 05:27:58.397,Weekly: Banco Santander (SAN: EUR6.22) shares post best week in three weeks; +34c [5.8%] Vol Index 2.5 [1 is avg],urn:newsml:newsroom:20250301:nNRAvkwz9m:0,NS:GLOWEE,SAN.MC
2025-03-01 04:28:48.954,Banco Santander Brasil ADR climbs 12% in 2025,urn:newsml:newsroom:20250301:nNRAvkwh5u:0,NS:GLOROU,SAN.MC
2025-03-01 04:11:40.242,"Ana Botín earned 13.8 million as chairwoman of Banco Santander, 13% more than in 2023",urn:newsml:newsroom:20250301:nNRAvkwbli:0,NS:NOTENG,SAN.MC
2025-03-01 02:13:55.093,Santander closes out of court litigation with BNP and UniversalPay,urn:newsml:newsroom:20250301:nNRAvkvc6q:0,NS:NOTENG,SAN.MC
2025-02-28 22:35:45.966,"(EN) Banco Santander, S.A. Full Year (82488402)",urn:newsml:reuters.com:20250228:nGLF15r74q:2,NS:GLFILE,SAN.MC
2025-02-28 21:38:06.403,"(EN) Banco Santander, S.A. Notice of AGM (82485713)",urn:newsml:reuters.com:20250228:nGLF6WPPt9:2,NS:GLFILE,SAN.MC
2025-02-28 21:14:18.181,"(EN) Banco Santander, S.A. Governance Principles / Guidelines (82485934)",urn:newsml:reuters.com:20250228:nGLF3bNpmG:2,NS:GLFILE,SAN.MC
2025-02-28 21:09:33.820,"(EN) Banco Santander, S.A. Governance Principles / Guidelines (82485719)",urn:newsml:reuters.com:20250228:nGLF7D22KZ:2,NS:GLFILE,SAN.MC
2025-02-28 21:09:09.276,"(EN) Banco Santander, S.A. Notice of AGM (82485717)",urn:newsml:reuters.com:20250228:nGLF4DvShB:2,NS:GLFILE,SAN.MC
2025-02-28 20:13:19.648,"Santander Totta says that the new Board of Directors elected for the 2025-202 term, awaits the conclusion of the fit & proper process",urn:newsml:newsroom:20250228:nNRAvkso7k:0,NS:NOTENG,SAN.MC
2025-02-28 19:10:04.273,"NOS, S.G.P.S., S.A (ZONNF) Full Year 2024 Results Earnings Call Transcript",urn:newsml:newsroom:20250228:nNRAvkrxpt:0,NS:SEECOM,SAN.MC
2025-02-28 17:22:54.329,Weekly: Banco Santander (SAN: EUR6.22) shares post best week in three weeks; +34c [5.8%] Vol Index 2.5 [1 is avg],urn:newsml:newsroom:20250228:nNRAvkqgut:0,NS:GLOWEE,SAN.MC
2025-02-28 17:22:26.782,Banco Santander (SAN: EUR6.22) offers earnings yield of 10.5%; +2c [+0.3%] Vol Index 3.6 [1 is avg],urn:newsml:newsroom:20250228:nNRAvkqeq6:0,NS:SPANEW,SAN.MC
2025-02-28 14:12:21.126,MPF opens investigation against former Itaú CFO accused of fraud,urn:newsml:newsroom:20250228:nNRAvknueo:0,NS:NOTENG,SAN.MC
2025-02-28 12:13:54.715,"Botín earns 13.7 million as Chairman of Santander, a 12% increase",urn:newsml:newsroom:20250228:nNRAvklqlv:0,NS:NOTENG,SAN.MC
2025-02-28 11:13:57.966,"Ana Botín, chairwoman of Santander, earned 13.7 million in 2024, a 12% increase",urn:newsml:newsroom:20250228:nNRAvkkw4s:0,NS:NOTENG,SAN.MC
2025-02-28 10:51:52.000,"Banco Santander SA - Executive committee’s report on the issue of contingently convertible preferred securities approved by the executive committee on 6 May 2024, pursuant to the authorization granted under resolution 5º D at the meeting held on 31 March 2023 (jga 2025 04 04 executive committees report on the issue of preferred securities contingently convertible en)",urn:newsml:reuters.com:20250228:nNDLChyrl:1,NS:PUBT,SAN.MC
2025-02-28 10:50:30.000,Banco Santander SA - (b.2.7) the report of the audit committee on related-party transactions (section 4.12) (p. 303); (ifa 2024 consolidated annual financial report en),urn:newsml:reuters.com:20250228:nNDL3sr1ZD:1,NS:PUBT,SAN.MC
2025-02-28 10:49:55.000,Banco Santander SA - (b.2.6) the report of the innovation and technology committee (section 4.10) (p. 300); (ifa 2024 consolidated annual financial report en),urn:newsml:reuters.com:20250228:nNDL6zx8Pv:1,NS:PUBT,SAN.MC
2025-02-28 10:49:18.000,"Banco Santander SA - (b.2.5) the report of the responsible banking, sustainability and culture committee (section 4.9) (p. 297); (ifa 2024 consolidated annual financial report en)",urn:newsml:reuters.com:20250228:nNDLb0nMl2:1,NS:PUBT,SAN.MC
2025-02-28 10:48:44.000,"Banco Santander SA - (b.2.4) the report of the risk supervision, regulation and compliance committee (section 4.8) (p. 293); (ifa 2024 consolidated annual financial report en)",urn:newsml:reuters.com:20250228:nNDL4hLQMh:1,NS:PUBT,SAN.MC
2025-02-28 10:48:07.000,Banco Santander SA - (b.2.3) the report of the remuneration committee (which also includes the specific report on the directors’ remuneration policy to which item 7 A of the agenda refers) (section 4.7) (p. 289); (ifa 2024 consolidated annual financial report en),urn:newsml:reuters.com:20250228:nNDL9lrYfj:1,NS:PUBT,SAN.MC
2025-02-28 10:47:40.000,Banco Santander SA - (b.2.2) the report of the nomination committee (section 4.6) (p. 285); (ifa 2024 consolidated annual financial report en),urn:newsml:reuters.com:20250228:nNDL6QGHkm:1,NS:PUBT,SAN.MC
2025-02-28 10:47:06.000,Banco Santander SA - (b.2.1) the report of the audit committee (which also includes the report on independence of the auditor) (section 4.5) (p. 279); (ifa 2024 consolidated annual financial report en),urn:newsml:reuters.com:20250228:nNDL8LjKKm:1,NS:PUBT,SAN.MC
2025-02-28 10:46:24.000,"Banco Santander SA - Proposed resolutions and explanatory reports. The document includes general information on the general meeting (means of participation, amongst others), an executive summary of the proposed resolutions and supplementary information (jga 2025 04 04 proposed resolutions and explanatory reports en)",urn:newsml:reuters.com:20250228:nNDLc7p0Mg:1,NS:PUBT,SAN.MC
2025-02-28 10:38:12.375,"(EN) Banco Santander, S.A. Full Year (82475435)",urn:newsml:reuters.com:20250228:nGLF1v8Wzw:2,NS:GLFILE,SAN.MC
2025-02-28 10:26:52.000,UPDATE 1-Santander's Botin gets 13% pay rise to take home 13.8 million euros in 2024,urn:newsml:reuters.com:20250228:nL5N3PJ0OH:3,NS:RTRS,SAN.MC
2025-02-28 10:15:58.527,REG - Banco Santander S.A. - 2024 UK Annual Report,urn:newsml:newsroom:20250228:nRSb9030Ya:0,NS:LSE,SAN.MC
2025-02-28 10:15:57.000,REG - Banco Santander S.A.  - 2024 UK Annual Report,urn:newsml:reuters.com:20250228:nRSb9030Ya:1,NS:LSE,SAN.MC
2025-02-28 10:14:41.000,Banco Santander SA - II. Auditor's report and consolidated financial statements (p. 560) (ifa2024consolidatedannualfinancialreporten),urn:newsml:reuters.com:20250228:nNDL3cGGlh:1,NS:PUBT,SAN.MC
2025-02-28 10:14:11.000,"Banco Santander SA - Glossary of terms, acronyms and abbreviations (p. 554) (ifa2024consolidatedannualfinancialreporten)",urn:newsml:reuters.com:20250228:nNDLKT3Ps:1,NS:PUBT,SAN.MC
2025-02-28 10:13:26.000,Banco Santander SA - Risk management and compliance (p. 502) (ifa2024consolidatedannualfinancialreporten),urn:newsml:reuters.com:20250228:nNDL9w5W1n:1,NS:PUBT,SAN.MC
2025-02-28 10:13:03.000,Banco Santander SA - Economic and financial review (p. 384) (ifa2024consolidatedannualfinancialreporten),urn:newsml:reuters.com:20250228:nNDLbgT0hd:1,NS:PUBT,SAN.MC
2025-02-28 10:12:16.000,Banco Santander SA - Corporate governance (p. 232) (ifa2024consolidatedannualfinancialreporten),urn:newsml:reuters.com:20250228:nNDL7shXfw:1,NS:PUBT,SAN.MC
2025-02-28 10:05:15.000,Banco Santander SA - Business model and strategy (p. 7) (ifa2024consolidatedannualfinancialreporten),urn:newsml:reuters.com:20250228:nNDL7GWRFW:1,NS:PUBT,SAN.MC
2025-02-28 10:04:32.000,Banco Santander SA - I. Consolidated directors' report* (p. 4) which comprises: (ifa2024consolidatedannualfinancialreporten),urn:newsml:reuters.com:20250228:nNDL8Vj5Ch:1,NS:PUBT,SAN.MC
2025-02-28 10:04:00.000,Banco Santander SA - Consolidated annual financial report (ifa2024consolidatedannualfinancialreporten),urn:newsml:reuters.com:20250228:nNDL1wGBzX:1,NS:PUBT,SAN.MC
2025-02-28 09:42:26.000,Banco Santander SA - UK Annual Report 2024,urn:newsml:reuters.com:20250228:nNDL987s9R:1,NS:PUBT,SAN.MC
2025-02-28 09:27:34.000,Santander's Botin gets 13% pay rise in 2024 to 13.77 mln euros,urn:newsml:reuters.com:20250228:nS8N3OC0CM:2,NS:RTRS,SAN.MC
2025-02-28 08:12:24.690,Banco Santander's Earnings Growth Outperforms Bankinter,urn:newsml:newsroom:20250228:nNRAvkijfn:0,NS:SPANEW,SAN.MC
2025-02-28 07:13:07.806,Banco Santander's Earnings Growth Lags Banco de Sabadell,urn:newsml:newsroom:20250228:nNRAvkhren:0,NS:SPANEW,SAN.MC
2025-02-28 07:13:07.745,Banco de Sabadell's Earnings Growth Outperforms Banco Santander,urn:newsml:newsroom:20250228:nNRAvkht1a:0,NS:SPANEW,SAN.MC
2025-02-28 01:17:02.874,Banco Santander down in recent days,urn:newsml:newsroom:20250228:nNRAvkemnn:0,NS:GLOSTO,SAN.MC
2025-02-27 22:58:14.432,Brazilian prosecutors investigate top Santander executive,urn:link:webnews:20250227:nNRAvkdlsw:0,NS:YAHNEX,SAN.MC
2025-02-27 22:41:53.215,Brazilian prosecutors investigate top Santander executive,urn:link:webnews:20250227:nNRAvkdgiu:0,NS:YAHUKI,SAN.MC
2025-02-27 22:23:35.000,Brazilian prosecutors investigate top Santander executive,urn:newsml:reuters.com:20250227:nL2N3PI1FV:3,NS:RTRS,SAN.MC
2025-02-27 21:11:56.624,MPF-SP asks police to open investigation into Santander director,urn:newsml:newsroom:20250227:nNRAvkcor9:0,NS:NOTENG,SAN.MC
2025-02-27 20:12:20.314,Santander's future accounting director under criminal investigation in Brazil,urn:newsml:newsroom:20250227:nNRAvkc6cg:0,NS:NOTENG,SAN.MC
2025-02-27 17:17:42.032,"Banco Santander (SAN: EUR6.20) decreases, 3 days' volume in a day; -3c [-0.5%] Vol Index 3.2 [1 is avg]",urn:newsml:newsroom:20250227:nNRAvka2ga:0,NS:SPANEW,SAN.MC
2025-02-27 15:13:29.431,Be careful if you receive this SMS from Banco Santander: don't do this if you don't want to be a victim of the 'wrong loan scam'.,urn:newsml:newsroom:20250227:nNRAvk8b2h:0,NS:NOTENG,SAN.MC
2025-02-27 15:07:05.940,"Telefonica, S.A. (TEF) Q4 2024 Earnings Call Transcript",urn:newsml:newsroom:20250227:nNRAvk885r:0,NS:SEECOM,SAN.MC
2025-02-27 07:07:25.274,Banco Santander (SAN: PLN25.31) hits year-high 13th time in one month; +47 PLN groszy [+1.9%],urn:newsml:newsroom:20250227:nNRAvk1drt:0,NS:POLSTO,SAN.MC
2025-02-27 01:17:21.339,Thursday's Preview: Can Banco Santander continue its recent gains?,urn:newsml:newsroom:20250227:nNRAvjy6ev:0,NS:GLOSTO,SAN.MC
2025-02-26 17:37:12.877,How Banco Santander's Tax Rate compares to Its Peers,urn:newsml:newsroom:20250226:nNRAvjte9i:0,NS:GLOROU,SAN.MC
2025-02-26 17:17:48.682,"Banco Santander (SAN: EUR6.23) accelerates rise, up 7.0% in 4 days",urn:newsml:newsroom:20250226:nNRAvjt4vx:0,NS:SPANEW,SAN.MC
2025-02-26 17:17:46.386,"Banco Santander (SAN: EUR6.23) accelerates rise, up 7.0% in 4 days; +41c [+7.0%] Vol Index 1.9 [1 is avg]",urn:newsml:newsroom:20250226:nNRAvjt3q9:0,NS:SPANEW,SAN.MC
2025-02-26 15:52:15.572,How Banco Santander's Tax Rate compares to Its Peers,urn:newsml:newsroom:20250226:nNRAvjrl18:0,NS:GLOROU,SAN.MC
2025-02-26 14:15:26.230,"Keefe, Bruyette & Woods Upgrades Banco Santander (NYSE:SAN) to ""Moderate Buy""",urn:link:webnews:20250226:nNRAvjq4xf:0,NS:WKRNEW,SAN.MC
2025-02-26 13:10:21.717,"Banco Santander (NYSE:SAN) Upgraded by Keefe, Bruyette & Woods to Moderate Buy Rating",urn:link:webnews:20250226:nNRAvjp1tv:0,NS:MARBEA,SAN.MC
2025-02-26 11:27:41.625,"Banco Santander (NYSE:SAN) Upgraded by Keefe, Bruyette & Woods to Moderate Buy Rating",urn:newsml:newsroom:20250226:nNRAvjn6vf:0,NS:TRADAJ,SAN.MC
2025-02-26 09:55:22.070,"Fitch Takes Rating Actions on Santander Bank Mortgage Credit-Linked Notes, Series 2023-MTG1",urn:newsml:newsroom:20250226:nNRAvjlq46:0,NS:PLUCOM,SAN.MC
2025-02-26 07:27:50.000,Spanish stocks - Factors to watch on Feb 26,urn:newsml:reuters.com:20250226:nL5N3PH0HR:1,NS:RTRS,SAN.MC
2025-02-26 07:13:31.574,How Banco Santander's Tax Rate compares to Its Peers,urn:newsml:newsroom:20250226:nNRAvjkmvr:0,NS:SPANEW,SAN.MC
2025-02-26 07:00:11.952,REG - Banco Santander S.A. - Dividend declaration & agreement to call 2025 AGM,urn:newsml:newsroom:20250226:nRSZ4432Ya:0,NS:LSE,SAN.MC
2025-02-26 07:00:01.000,REG - Banco Santander S.A.  - Dividend declaration & agreement to call 2025 AGM,urn:newsml:reuters.com:20250226:nRSZ4432Ya:1,NS:LSE,SAN.MC
2025-02-26 06:13:25.642,Two ex-Santander and one ex-McKinsey to consolidate firefighting equipment sector,urn:newsml:newsroom:20250226:nNRAvjk00d:0,NS:NOTENG,SAN.MC
2025-02-26 04:12:13.579,Santander raises its cash dividend by 19% vs. 2023,urn:newsml:newsroom:20250226:nNRAvjiws1:0,NS:NOTENG,SAN.MC
2025-02-26 01:17:23.651,Traders look to see if Banco Santander's recent rally will continue,urn:newsml:newsroom:20250226:nNRAvjhjwk:0,NS:GLOSTO,SAN.MC
2025-02-26 01:14:04.391,"Santander raises its dividend by 19% and CaixaBank by 11%, in a record year",urn:newsml:newsroom:20250226:nNRAvjhhgo:0,NS:NOTENG,SAN.MC
2025-02-25 22:12:14.412,Banco Santander proposes a final dividend of 11 cents per share,urn:newsml:newsroom:20250225:nNRAvjg2ok:0,NS:NOTENG,SAN.MC
2025-02-25 21:13:28.653,Santander increases its cash dividend by 19%.,urn:newsml:newsroom:20250225:nNRAvjfm31:0,NS:NOTENG,SAN.MC
2025-02-25 20:13:40.869,Santander increases its cash dividend by 19%.,urn:newsml:newsroom:20250225:nNRAvjeyyo:0,NS:NOTENG,SAN.MC
2025-02-25 20:13:37.014,Santander to pay a dividend of 11 cents per share and convenes a shareholders' meeting to renew Ana Botín as chairman,urn:newsml:newsroom:20250225:nNRAvjey0i:0,NS:NOTENG,SAN.MC
2025-02-25 19:55:55.372,"(EN) Banco Santander, S.A. Annual General Meeting (82426214)",urn:newsml:reuters.com:20250225:nGLF7fCHvg:1,NS:GLFILE,SAN.MC
2025-02-25 19:41:15.000,Santander raises total cash dividend by 19% in 2024,urn:newsml:reuters.com:20250225:nL5N3PG2EJ:1,NS:RTRS,SAN.MC
2025-02-25 18:43:47.000,"Banco Santander SA - Santander approves a final cash dividend per share of 11 euro cents, increasing 2024 cash payments by 19%",urn:newsml:reuters.com:20250225:nNDL9V4Kj6:1,NS:PUBT,SAN.MC
2025-02-25 17:17:49.088,"Banco Santander (SAN: EUR6.05) accelerates rise, up 4.0% in 3 days",urn:newsml:newsroom:20250225:nNRAvjcpag:0,NS:SPANEW,SAN.MC
2025-02-25 17:17:37.129,"Banco Santander (SAN: EUR6.05) accelerates rise, up 4.0% in 3 days; +23c [+4.0%] Vol Index 1.9 [1 is avg]",urn:newsml:newsroom:20250225:nNRAvjcptu:0,NS:SPANEW,SAN.MC
2025-02-24 17:22:50.809,Banco Santander (SAN: EUR5.96) offers earnings yield of 11%,urn:newsml:newsroom:20250224:nNRAviw47j:0,NS:SPANEW,SAN.MC
2025-02-24 17:22:30.981,Banco Santander (SAN: EUR5.96) offers earnings yield of 11%; +8c [+1.4%],urn:newsml:newsroom:20250224:nNRAviw3ym:0,NS:SPANEW,SAN.MC
2025-02-24 16:12:22.807,Banco Bilbao Vizcaya Argentaria continues to underperform Banco Santander by 3.9% in the past month,urn:newsml:newsroom:20250224:nNRAviv3i8:0,NS:SPANEW,SAN.MC
2025-02-24 08:12:22.204,How Banco Bilbao Vizcaya Argentaria's dividend compares to Banco Santander,urn:newsml:newsroom:20250224:nNRAvio70o:0,NS:SPANEW,SAN.MC
2025-02-22 14:14:45.907,Crediscotia is acquired by Santander: a change of strategy,urn:newsml:newsroom:20250222:nNRAviawkx:0,NS:NOTENG,SAN.MC
2025-02-22 11:31:53.024,"Fitch Upgrades SPIRE's Series 2023-265 CLN to 'A+sf' on Banco Santander, S.A. Upgrade",urn:newsml:newsroom:20250222:nNRAvi9i4b:0,NS:INDINV,SAN.MC
2025-02-22 05:22:04.271,Weekly: Banco Santander (SAN: EUR5.88) keeps rising: up 35% in 8 weeks; +9c [1.6%] Vol Index 1.6 [1 is avg],urn:newsml:newsroom:20250222:nNRAvi6po9:0,NS:GLOWEE,SAN.MC
2025-02-22 04:12:54.690,"Banco Santander appoints head of Aragón, Navarra and La Rioja as director for Valencia and Murcia",urn:newsml:newsroom:20250222:nNRAvi63ml:0,NS:NOTENG,SAN.MC
2025-02-21 23:17:31.626,"Banco Santander (SAN: PLN24.70) rises in 4 out of last 5 days, 5-day rise of 3.0%",urn:newsml:newsroom:20250221:nNRAvi41wr:0,NS:POLSTO,SAN.MC
2025-02-21 23:07:13.473,"Repsol, S.A. (REPYY) Q4 2024 Earnings Call Transcript",urn:newsml:newsroom:20250221:nNRAvi3xb9:0,NS:SEECOM,SAN.MC
2025-02-21 17:22:52.428,Weekly: Banco Santander (SAN: EUR5.88) keeps rising: up 35% in 8 weeks; +9c [1.6%] Vol Index 1.6 [1 is avg],urn:newsml:newsroom:20250221:nNRAvi00dm:0,NS:GLOWEE,SAN.MC
2025-02-21 17:18:32.406,Banco Santander (SAN: EUR5.88) in 2nd consecutive rise,urn:newsml:newsroom:20250221:nNRAvhzvm7:0,NS:SPANEW,SAN.MC
2025-02-21 17:18:22.891,Banco Santander (SAN: EUR5.88) in 2nd consecutive rise; +3c [+0.5%] Vol Index 2.2 [1 is avg],urn:newsml:newsroom:20250221:nNRAvhzvje:0,NS:SPANEW,SAN.MC
2025-02-21 17:13:58.851,"Banco Santander, new sponsor of the Williams team",urn:newsml:newsroom:20250221:nNRAvhzqk1:0,NS:NOTENG,SAN.MC
2025-02-21 06:30:00.000,Banco Santander appoints Javier Gallardo as territorial director for the Valencian Community and Murcia,urn:newsml:newsroom:20250224:nNRAviogv1:0,NS:INDBAN,SAN.MC
2025-02-20 23:17:06.208,Banco Santander (SAN: PLN24.52) strengthens above moving average price,urn:newsml:newsroom:20250220:nNRAvhnftm:0,NS:POLSTO,SAN.MC
2025-02-20 17:22:52.000,"Banco Santander (SAN: EUR5.82) increases, 2 days' volume in a day",urn:newsml:newsroom:20250220:nNRAvhhxx5:0,NS:SPANEW,SAN.MC
2025-02-20 17:22:37.638,"Banco Santander (SAN: EUR5.82) increases, 2 days' volume in a day; +1c [+0.2%] Vol Index 2.3 [1 is avg]",urn:newsml:newsroom:20250220:nNRAvhhw5x:0,NS:SPANEW,SAN.MC
2025-02-20 15:48:45.000,Banco Santander SA - 15 years FIXED rate Senior Non Preferred Structured 02/40 SNPE 041,urn:newsml:reuters.com:20250220:nNDL2CyS9F:1,NS:PUBT,SAN.MC
2025-02-20 15:13:31.014,How Banco Bilbao Vizcaya Argentaria's dividend compares to Banco Santander,urn:newsml:newsroom:20250220:nNRAvhfou6:0,NS:SPANEW,SAN.MC
2025-02-20 14:13:10.258,Details of the millionaire robbery at Banco Santander: almost $169 million defrauded,urn:newsml:newsroom:20250220:nNRAvhet3o:0,NS:NOTENG,SAN.MC
2025-02-20 06:12:02.607,"Bank begins ""hunt"" for customers who committed millionaire fraud: this was the method used to take advantage of the security flaw",urn:newsml:newsroom:20250220:nNRAvh7sqp:0,NS:NOTENG,SAN.MC
2025-02-19 17:40:11.000,Banco Santander SA - 7 years FIXED rate Senior Preferred 02/32 SNP 247,urn:newsml:reuters.com:20250219:nNDL1T20WY:1,NS:PUBT,SAN.MC
2025-02-19 15:12:01.971,Banco Santander targets customers who swindled it out of $169 million with computer error,urn:newsml:newsroom:20250219:nNRAvgzfj7:0,NS:NOTENG,SAN.MC
2025-02-19 13:40:18.000,CORRECTED-UPDATE 1-Banco Santander announces over $2 bln investment in Mexico in three years,urn:newsml:reuters.com:20250218:nL2N3P90WV:1,NS:RTRS,SAN.MC
2025-02-19 11:39:47.134,Fitch Upgrades Santander Bank Polska's IDR to 'A-' Following Banco Santander's Upgrade,urn:newsml:newsroom:20250219:nNRAvgvz39:0,NS:PLUCOM,SAN.MC
2025-02-19 09:11:53.819,President announces investment of $2 billion dollars by Santander Bank in Mexico,urn:newsml:newsroom:20250219:nNRAvgu172:0,NS:NOTENG,SAN.MC
2025-02-19 04:41:43.202,Santander to invest more than $2 billion dollars in Mexico,urn:newsml:newsroom:20250219:nNRAvgqtzv:0,NS:CENAFT,SAN.MC
2025-02-19 02:06:48.284,Spanish bank Santander to invest US $2B in Mexico,urn:newsml:newsroom:20250219:nNRAvgp50r:0,NS:MEXDAI,SAN.MC
2025-02-18 22:12:40.655,Santander's CEO announces investments of US$2 billion in Mexico,urn:newsml:newsroom:20250218:nNRAvgne53:0,NS:NOTENG,SAN.MC
2025-02-18 21:11:55.563,Indirect to Trump? Santander announces investment of $2 billion dollars in Mexico 'despite uncertainty'.,urn:newsml:newsroom:20250218:nNRAvgmu8f:0,NS:NOTENG,SAN.MC
2025-02-18 20:13:34.834,Santander's CEO announces US$2 billion investment in Mexico,urn:newsml:newsroom:20250218:nNRAvgmasx:0,NS:NOTENG,SAN.MC
2025-02-18 20:12:47.868,Santander's CEO announces US$2 billion investment in Mexico,urn:newsml:newsroom:20250218:nNRAvgm9tl:0,NS:NOTENG,SAN.MC
2025-02-18 20:03:31.915,Banco Santander announces over $2 billion investment in Mexico in three years,urn:link:webnews:20250218:nNRAvgm7xl:0,NS:YAHUKI,SAN.MC
2025-02-18 18:13:26.364,Santander to invest US$2 billion in Mexico,urn:newsml:newsroom:20250218:nNRAvgl1wd:0,NS:NOTENG,SAN.MC
2025-02-18 18:12:06.486,Banco Santander to invest 1.9 billion euros in Mexico,urn:newsml:newsroom:20250218:nNRAvgkzes:0,NS:NOTENG,SAN.MC
2025-02-18 17:13:40.551,Sheinbaum announces Santander Bank to invest $4 billion in Mexico,urn:newsml:newsroom:20250218:nNRAvgk78n:0,NS:NOTENG,SAN.MC
2025-02-18 17:12:22.129,Santander to invest $2 billion dollars in Mexico: Sheinbaum,urn:newsml:newsroom:20250218:nNRAvgk73e:0,NS:NOTENG,SAN.MC
2025-02-18 16:47:59.959,Banco Santander (SAN: EUR5.95) offers earnings yield of 11%,urn:newsml:newsroom:20250218:nNRAvgjvac:0,NS:SPANEW,SAN.MC
2025-02-18 16:47:23.883,Banco Santander (SAN: EUR5.95) offers earnings yield of 11%; +14c [+2.4%] Vol Index 1.5 [1 is avg],urn:newsml:newsroom:20250218:nNRAvgju3p:0,NS:SPANEW,SAN.MC
2025-02-18 16:13:14.403,Santander to invest more than US$2 billion in Mexico,urn:newsml:newsroom:20250218:nNRAvgj8uv:0,NS:NOTENG,SAN.MC
2025-02-18 16:12:29.578,Sheinbaum announces investment of more than 2 billion dollars from Santander,urn:newsml:newsroom:20250218:nNRAvgj7da:0,NS:NOTENG,SAN.MC
2025-02-18 10:31:56.856,Fitch Upgrades Santander Bank Polska's IDR to 'A-' Following Banco Santander's Upgrade,urn:newsml:newsroom:20250218:nNRAvgdq3i:0,NS:INDBAN,SAN.MC
2025-02-18 09:12:56.509,Prison for a letter carrier for misappropriating cards sent by the bank to its customers and withdrawing money at ATMs across Spain,urn:newsml:newsroom:20250218:nNRAvgceie:0,NS:NOTENG,SAN.MC
2025-02-18 07:13:44.434,Santander signs a banker to develop its new proposition for ultra-wealthy customers,urn:newsml:newsroom:20250218:nNRAvgax2x:0,NS:NOTENG,SAN.MC
2025-02-18 07:11:27.700,"""There is confidence in the country"": Sheinbaum meets with Santander president",urn:newsml:newsroom:20250218:nNRAvgauxs:0,NS:NOTENG,SAN.MC
2025-02-17 17:12:34.301,Banco Santander (SAN: EUR5.81) hits year-high 15th time in one month,urn:newsml:newsroom:20250217:nNRAvg4o7f:0,NS:SPANEW,SAN.MC
2025-02-17 17:12:18.035,Banco Santander (SAN: EUR5.81) hits year-high 15th time in one month; +2c [+0.3%],urn:newsml:newsroom:20250217:nNRAvg4nyz:0,NS:SPANEW,SAN.MC
2025-02-17 16:58:31.000,Banco Santander SA - 10 years FIXED rate Senior Non Preferred 02/35 SNP 246,urn:newsml:reuters.com:20250217:nNDL6J0RbP:1,NS:PUBT,SAN.MC
2025-02-17 16:25:26.220,Fitch Upgrades Santander Bank Polska's IDR to 'A-' Following Banco Santander's Upgrade,urn:newsml:reuters.com:20250217:nFIT7y2RpC:1,NS:FCH,SAN.MC
2025-02-17 14:07:45.000,Banco Santander SA - 10 years FIXED rate Senior Non Preferred 02/35 SNP 245,urn:newsml:reuters.com:20250217:nNDL7xMXSr:1,NS:PUBT,SAN.MC
2025-02-17 09:24:20.468,Banco Santander (LON:BNC) Reaches New 1-Year High - Still a Buy?,urn:link:webnews:20250217:nNRAvfz1z3:0,NS:MARBEA,SAN.MC
2025-02-17 08:12:33.641,"Expansión's First on Masdar, Santander, Elon Musk, Tencent, Paris summit and Xi Jinping",urn:newsml:newsroom:20250217:nNRAvfyaa4:0,NS:NOTENG,SAN.MC
2025-02-17 08:08:36.439,Banco Bilbao Vizcaya Argentaria continues to underperform Banco Santander by 2.3% year to date,urn:newsml:newsroom:20250217:nNRAvfy8jd:0,NS:SPANEW,SAN.MC
2025-02-15 12:54:12.306,"Banco Santander (NYSE:SAN) Downgraded to ""Hold"" Rating by The Goldman Sachs Group",urn:link:webnews:20250215:nNRAvfl1nl:0,NS:MARBEA,SAN.MC
2025-02-15 10:22:28.755,"Chevy Chase Trust Holdings LLC Boosts Stake in Banco Santander, S.A. (NYSE:SAN)",urn:newsml:newsroom:20250215:nNRAvfk0jj:0,NS:WATNEW,SAN.MC
2025-02-15 05:57:00.164,Weekly: Banco Santander (SAN: EUR5.79) keeps rising: up 32% in 7 weeks; +26c [4.7%] Vol Index 1.4 [1 is avg],urn:newsml:newsroom:20250215:nNRAvfhrgs:0,NS:GLOWEE,SAN.MC
2025-02-14 16:53:37.215,Weekly: Banco Santander (SAN: EUR5.79) keeps rising: up 32% in 7 weeks; +26c [4.7%] Vol Index 1.4 [1 is avg],urn:newsml:newsroom:20250214:nNRAvfakts:0,NS:GLOWEE,SAN.MC
2025-02-14 16:49:17.189,Banco Santander (SAN: EUR5.79) hits year-high 14th time in one month,urn:newsml:newsroom:20250214:nNRAvfae4w:0,NS:SPANEW,SAN.MC
2025-02-14 16:48:55.204,Banco Santander (SAN: EUR5.79) hits year-high 14th time in one month; +6c [+1.0%] Vol Index 1.8 [1 is avg],urn:newsml:newsroom:20250214:nNRAvfabmf:0,NS:SPANEW,SAN.MC
2025-02-14 14:12:11.967,Santander makes progress on its green finance target,urn:newsml:newsroom:20250214:nNRAvf797a:0,NS:NOTENG,SAN.MC
2025-02-14 13:32:24.347,"Banco Santander (NYSE:SAN) Downgraded by The Goldman Sachs Group to ""Hold""",urn:newsml:newsroom:20250214:nNRAvf6kjx:0,NS:WATNEW,SAN.MC
2025-02-14 12:52:26.153,"Banco Santander (NYSE:SAN) Downgraded to ""Hold"" Rating by The Goldman Sachs Group",urn:newsml:newsroom:20250214:nNRAvf5pxj:0,NS:TICREP,SAN.MC
2025-02-14 12:52:19.265,"Banco Santander (NYSE:SAN) Downgraded to ""Hold"" Rating by The Goldman Sachs Group",urn:newsml:newsroom:20250214:nNRAvf5po3:0,NS:DAILYQ,SAN.MC
2025-02-14 10:21:08.000,UPDATE 3-British lender NatWest posts better than expected annual profit,urn:newsml:reuters.com:20250214:nL4N3P50N5:1,NS:RTRS,SAN.MC
2025-02-14 09:53:39.000,"REFILE-In Europe, ordinary Russians are shunned by wary banks",urn:newsml:reuters.com:20250214:nL8N3OY19S:6,NS:RTRS,SAN.MC
2025-02-14 05:13:33.346,Santander overtakes Iberdrola to become the second most valuable listed company on the Ibex 35,urn:newsml:newsroom:20250214:nNRAvezb1f:0,NS:NOTENG,SAN.MC
2025-02-14 00:17:07.766,Can Banco Santander rebound after recent dip?,urn:newsml:newsroom:20250214:nNRAvex1oe:0,NS:GLOSTO,SAN.MC
2025-02-13 18:58:39.000,Santander says UK business is not for sale,urn:newsml:reuters.com:20250213:nL4N3P41SM:4,NS:RTRS,SAN.MC
2025-02-13 16:48:02.556,Banco Santander (SAN: EUR5.73) falls 1.2% from 14-day high,urn:newsml:newsroom:20250213:nNRAvervsn:0,NS:SPANEW,SAN.MC
2025-02-13 16:47:43.926,Banco Santander (SAN: EUR5.73) falls 1.2% from 14-day high; -4c [-0.7%],urn:newsml:newsroom:20250213:nNRAvervq5:0,NS:SPANEW,SAN.MC
2025-02-13 11:57:29.327,Banco Santander (Brasil) (NYSE:BSBR) Upgraded by The Goldman Sachs Group to Neutral Rating,urn:newsml:newsroom:20250213:nNRAvenhvm:0,NS:DAILYQ,SAN.MC
2025-02-13 11:57:10.475,The Goldman Sachs Group Upgrades Banco Santander (Brasil) (NYSE:BSBR) to Neutral,urn:newsml:newsroom:20250213:nNRAvenhu6:0,NS:TICREP,SAN.MC
2025-02-13 11:43:50.000,"Banco Santander SA - Banco Santander, S.A. - Final Results Announcement",urn:newsml:reuters.com:20250213:nNDL9yh3Bd:1,NS:PUBT,SAN.MC
2025-02-13 11:03:45.053,Fitch Upgrades Santander to 'A'; Outlook Stable,urn:newsml:newsroom:20250213:nNRAvemlmi:0,NS:PLUCOM,SAN.MC
2025-02-12 23:06:57.707,"Mapfre, S.A. (MPFRF) Q4 2024 Earnings Call Transcript",urn:newsml:newsroom:20250212:nNRAvef1dd:0,NS:SEECOM,SAN.MC
2025-02-12 22:06:16.000,Banco Santander-Chile - Monthly financial summary January 2025,urn:newsml:reuters.com:20250212:nNDL7ss1Fv:1,NS:PUBT,SAN.MC
2025-02-12 20:23:09.063,Banco Santander (LON:BNC) Reaches New 1-Year High - Should You Buy?,urn:link:webnews:20250212:nNRAvedk80:0,NS:MARBEA,SAN.MC
2025-02-12 20:12:39.296,"Analysts' Upgrades for February 12th (ANDE, BSBR, CMP, CRSP, CTRN, CXW, DELL, EOG, ERO, EXK)",urn:newsml:newsroom:20250212:nNRAvedewc:0,NS:ZOLCOM,SAN.MC
2025-02-12 19:51:25.718,"(EN) Banco Santander, S.A. Monthly Presentation (82284718)",urn:newsml:reuters.com:20250212:nGLF3B8906:3,NS:GLFILE,SAN.MC
2025-02-12 19:14:18.242,"Analysts' Upgrades for February 12th (ANDE, BSBR, CMP, CRSP, CTRN, CXW, DELL, EOG, ERO, EXK)",urn:link:webnews:20250212:nNRAvectvx:0,NS:WKRNEW,SAN.MC
2025-02-12 16:48:23.000,"Banco Santander SA - Senior Preferred, Serie 2861",urn:newsml:reuters.com:20250212:nNDL5BLTLT:1,NS:PUBT,SAN.MC
2025-02-12 16:48:09.729,Banco Santander (SAN: EUR5.77) offers earnings yield of 11.3%,urn:newsml:newsroom:20250212:nNRAveap93:0,NS:SPANEW,SAN.MC
2025-02-12 16:47:45.969,Banco Santander (SAN: EUR5.77) offers earnings yield of 11.3%; +12c [+2.1%] Vol Index 1.7 [1 is avg],urn:newsml:newsroom:20250212:nNRAveap1s:0,NS:SPANEW,SAN.MC
2025-02-12 14:36:53.000,Banco Santander-Chile - CONFERENCE CALL ON SANTANDER CHILE’S RESULTS FOR THE 4Q OF 2024,urn:newsml:reuters.com:20250212:nNDL3Ph8zG:1,NS:PUBT,SAN.MC
2025-02-12 14:33:58.021,"EIB, Banco Santander guarantees to fuel wind power equipment making",urn:newsml:reuters.com:20250212:nNRAve8pqx:1,NS:SEEREN,SAN.MC
2025-02-12 13:58:14.938,Banco Santander (Brasil) (NYSE:BSBR) Upgraded by The Goldman Sachs Group to Neutral Rating,urn:link:webnews:20250212:nNRAve82qp:0,NS:MARBEA,SAN.MC
2025-02-12 10:07:40.814,Banco de Sabadell's Earnings Growth Outperforms Banco Santander,urn:newsml:newsroom:20250212:nNRAve4cxm:0,NS:SPANEW,SAN.MC
2025-02-12 09:42:25.852,Banco Santander (NYSE:SAN) Hits New 52-Week High – Here's What Happened,urn:newsml:newsroom:20250212:nNRAve3ur4:0,NS:TICREP,SAN.MC
2025-02-12 06:07:02.501,"Santander Bank's U.S. CEO steps down, succeeded by North American head",urn:newsml:newsroom:20250212:nNRAve161q:0,NS:BOSBUS,SAN.MC
2025-02-11 22:53:06.251,Air Products and Chemicals Prices USD516.2 Million in Private Placement 2.950% Notes Due 2031,urn:newsml:reuters.com:20250211:nNRAvdx0wm:1,NS:DATMTR,SAN.MC
2025-02-11 22:45:14.043,International Business Machines to Raise USD774.3 Million in Public Offering of 3.800% Notes Due 2045,urn:newsml:reuters.com:20250211:nNRAvdwzak:1,NS:DATMTR,SAN.MC
2025-02-11 18:50:59.000,Banco Santander SA - FY'24 Institutional Presentation,urn:newsml:reuters.com:20250211:nNDL6jwksj:1,NS:PUBT,SAN.MC
2025-02-11 18:07:53.814,Banco Santander's Earnings Growth Outperforms Bankinter,urn:newsml:newsroom:20250211:nNRAvdu5l4:0,NS:SPANEW,SAN.MC
2025-02-11 17:58:31.363,Fitch Upgrades Santander to 'A'; Outlook Stable,urn:newsml:reuters.com:20250211:nFITjfQWw:1,NS:FCH,SAN.MC
2025-02-11 17:08:09.862,Banco Santander's Earnings Growth Lags Banco de Sabadell,urn:newsml:newsroom:20250211:nNRAvdt96l:0,NS:SPANEW,SAN.MC
2025-02-11 16:52:57.310,Banco Santander (MA:SAN EUR5.65) in today's trading buy signal: Bullish Candlestick chart pattern,urn:newsml:newsroom:20250211:nNRAvdt2h1:0,NS:GLOBUL,SAN.MC
2025-02-11 16:47:59.415,Banco Santander (SAN: EUR5.65) in top 1% performers of IBEX 35 Index,urn:newsml:newsroom:20250211:nNRAvdsy9s:0,NS:SPANEW,SAN.MC
2025-02-11 16:47:44.884,Banco Santander (SAN: EUR5.65) in top 1% performers of IBEX 35 Index; +17c [+3.1%] Vol Index 1.5 [1 is avg],urn:newsml:newsroom:20250211:nNRAvdsy80:0,NS:SPANEW,SAN.MC
2025-02-11 16:09:08.266,How Banco Santander's Tax Rate compares to Its Peers,urn:newsml:newsroom:20250211:nNRAvdse0s:0,NS:SPANEW,SAN.MC
2025-02-11 12:50:11.145,Neinor Homes steps into flex living with Banco Santander and will co-invest €60mn in a project located in Madrid,urn:newsml:newsroom:20250211:nNRAvdp1zv:0,NS:FINMON,SAN.MC
2025-02-11 11:27:02.833,Goldman Sachs Fourth Quarter 13F Filing: Banco Santander reduces its shares by 18.4%,urn:newsml:newsroom:20250211:nNRAvdnumf:0,NS:NEWWIR,SAN.MC
2025-02-11 09:04:11.498,Neinor Homes steps into flex living with Banco Santander and will co-invest €60mn in a project located in Madrid,urn:link:webnews:20250211:nNRAvdlsbl:0,NS:FINDEH,SAN.MC
2025-02-11 08:08:27.541,How Banco Bilbao Vizcaya Argentaria's dividend compares to Banco Santander,urn:newsml:newsroom:20250211:nNRAvdl7ad:0,NS:SPANEW,SAN.MC
2025-02-11 00:16:35.278,Tuesday's Preview: Can Banco Santander rebound after being down?,urn:newsml:newsroom:20250211:nNRAvdh4ne:0,NS:GLOSTO,SAN.MC
2025-02-10 19:47:19.000,Portugal court spares big banks from paying millions in fines for mortgage collusion,urn:newsml:reuters.com:20250210:nL8N3P121P:5,NS:RTRS,SAN.MC
2025-02-10 17:57:46.461,Neinor Homes steps into flex living with Banco Santander and will co-invest €60mn in a project located in Madrid,urn:link:webnews:20250210:nNRAvddo72:0,NS:TAICHI,SAN.MC
2025-02-10 17:42:42.817,Neinor Homes steps into flex living with Banco Santander and will co-invest €60mn in a project located in Madrid,urn:newsml:reuters.com:20250210:nGNXP9nsy:1,NS:GNW,SAN.MC
2025-02-10 16:47:19.870,Banco Santander (SAN: EUR5.48) down 2.5% in 2 days,urn:newsml:newsroom:20250210:nNRAvdclvh:0,NS:SPANEW,SAN.MC
2025-02-10 16:47:10.867,Banco Santander (SAN: EUR5.48) down 2.5% in 2 days; -14c [-2.5%] Vol Index 1.3 [1 is avg],urn:newsml:newsroom:20250210:nNRAvdclkr:0,NS:SPANEW,SAN.MC
2025-02-10 08:13:35.626,Ebury lands in Ireland and brings its worldwide presence to 43 offices,urn:newsml:newsroom:20250210:nNRAvd5f8m:0,NS:NOTENG,SAN.MC
2025-02-10 08:07:38.273,Banco Bilbao Vizcaya Argentaria continues to outperform Banco Santander by 1.5% in the past three months,urn:newsml:newsroom:20250210:nNRAvd5cg7:0,NS:SPANEW,SAN.MC
2025-02-10 06:56:07.000,Neinor Homes SA - Neinor Homes steps into flex living with Banco Santander and will co-invest €60mn in a project located in Madrid,urn:newsml:reuters.com:20250210:nNDL5zQ1JZ:1,NS:PUBT,SAN.MC
2025-02-10 00:16:50.198,Banco Santander down in recent days,urn:newsml:newsroom:20250210:nNRAvd273b:0,NS:GLOSTO,SAN.MC
2025-02-09 17:12:07.364,Banco Santander warns about cybercriminals: this is how this fraud attempt works,urn:newsml:newsroom:20250209:nNRAvd0nqd:0,NS:NOTENG,SAN.MC
2025-02-09 08:46:57.116,"Santander reports profit of €12,574 million (up 14%) in 2024, exceeding all targets for the year",urn:newsml:newsroom:20250209:nNRAvcxztt:0,NS:EURUNI,SAN.MC
2025-02-09 05:26:32.207,Walmart Fourth Quarter 13F Filing: Banco Santander continued to increase its shareholding,urn:newsml:newsroom:20250209:nNRAvcx7qs:0,NS:NEWWIR,SAN.MC
2025-02-09 02:31:49.835,IBM Fourth Quarter 13F Filing: Banco Santander decreases its shareholding by 24.6%,urn:newsml:newsroom:20250209:nNRAvcwe3m:0,NS:NEWWIR,SAN.MC
2025-02-09 02:06:58.323,Goldman Sachs Fourth Quarter 13F Filing: Banco Santander reduces its shares by 18.4%,urn:newsml:newsroom:20250209:nNRAvcwag9:0,NS:NEWWIR,SAN.MC
2025-02-08 22:46:49.504,PayPal Fourth Quarter 13F Filing: Banco Santander continued to decrease its shareholding,urn:newsml:newsroom:20250208:nNRAvcvo86:0,NS:NEWWIR,SAN.MC
2025-02-08 22:31:23.797,Tesla Fourth Quarter 13F Filing: Banco Santander cuts 5.6% of its shares,urn:newsml:newsroom:20250208:nNRAvcvlyk:0,NS:NEWWIR,SAN.MC
2025-02-08 21:37:38.796,Banco Santander (SAN) Still a Bargain? Jim Cramer Thinks So,urn:link:webnews:20250208:nNRAvcvfsf:0,NS:INSMON,SAN.MC
2025-02-08 20:22:11.483,"Banco Santander files SEC Form 13F: Q4 2024 - Reported AUM down 2.0% Corporate Wire Date: Saturday February 08, 2025 15:12 EST",urn:newsml:newsroom:20250208:nNRAvcv5ez:0,NS:GLOUPI,SAN.MC
2025-02-08 19:06:53.613,"Banco Santander files SEC Form 13F: Q4 2024 - Reported AUM down 2.0% Corporate Wire Date: Saturday February 08, 2025 04:05 EST",urn:newsml:newsroom:20250208:nNRAvcuva1:0,NS:GLOUPI,SAN.MC
2025-02-08 13:21:41.159,Banco Santander (LON:BNC) Sets New 1-Year High - What's Next?,urn:link:webnews:20250208:nNRAvcsqh0:0,NS:MARBEA,SAN.MC
2025-02-08 12:31:52.328,IBM Fourth Quarter 13F Filing: Banco Santander decreases its shareholding by 24.6%,urn:newsml:newsroom:20250208:nNRAvcsfbj:0,NS:NEWWIR,SAN.MC
2025-02-08 10:56:58.637,Tesla Fourth Quarter 13F Filing: Banco Santander cuts 5.6% of its shares,urn:newsml:newsroom:20250208:nNRAvcru8u:0,NS:NEWWIR,SAN.MC
2025-02-08 05:52:00.014,Weekly: Banco Santander (SAN: EUR5.53) in top 2% performers of IBEX 35 Index in past week; +58c [11.7%] Vol Index 2.4 [1 is avg],urn:newsml:newsroom:20250208:nNRAvcp60f:0,NS:GLOWEE,SAN.MC
2025-02-07 19:50:06.029,Santander faces uncertainty over motor finance fuling,urn:newsml:reuters.com:20250207:nNRAvckds2:1,NS:DATMTR,SAN.MC
2025-02-07 18:45:45.267,European Equities Close Lower in Friday Trading; Banco Santander Says it Doesn't Want to Buy Novo Banco,urn:link:webnews:20250207:nNRAvcjoka:0,NS:YAHNEX,SAN.MC
2025-02-07 16:48:25.220,Weekly: Banco Santander (SAN: EUR5.53) in top 2% performers of IBEX 35 Index in past week; +58c [11.7%] Vol Index 2.4 [1 is avg],urn:newsml:newsroom:20250207:nNRAvchwsp:0,NS:GLOWEE,SAN.MC
2025-02-07 16:48:05.843,Banco Santander (SAN: EUR5.53) offers dividend yield of 3.6%,urn:newsml:newsroom:20250207:nNRAvchutm:0,NS:SPANEW,SAN.MC
2025-02-07 16:47:26.223,Banco Santander (SAN: EUR5.53) offers dividend yield of 3.6%; -9c [-1.6%] Vol Index 1.6 [1 is avg],urn:newsml:newsroom:20250207:nNRAvchum4:0,NS:SPANEW,SAN.MC
2025-02-07 16:00:00.000,Q4 2024 Banco Santander-Chile Earnings Call,urn:newsml:reuters.com:20250207:nTRN2F5LRc:1,NS:TRANS,SAN.MC
2025-02-07 15:11:23.000,Banco Santander-Chile - 4Q24 Earnings Webcast,urn:newsml:reuters.com:20250207:nNDL68kDbW:1,NS:PUBT,SAN.MC
2025-02-07 14:54:49.000,Santander's Portugal CEO rules out buying Novo Banco,urn:newsml:reuters.com:20250207:nL8N3OY1H8:1,NS:RTRS,SAN.MC
2025-02-07 11:01:14.961,"(EN) Banco Santander, S.A. Full Year Presentation (82220745)",urn:newsml:reuters.com:20250207:nGLF3KmSYB:2,NS:GLFILE,SAN.MC
2025-02-07 10:37:41.737,"Banco Santander, S.A. (NYSE:SAN) Shares Acquired by Trust Point Inc.",urn:newsml:newsroom:20250207:nNRAvcciil:0,NS:TICREP,SAN.MC
2025-02-07 09:13:28.117,"Large Spanish banks earn 31,768 million in 2024, up 21%, and break a new record",urn:newsml:newsroom:20250207:nNRAvcb403:0,NS:NOTENG,SAN.MC
2025-02-07 08:12:13.531,Santander Mexico's earnings decline in 2024; reports 3.4% growth in credit placement,urn:newsml:newsroom:20250207:nNRAvcadgr:0,NS:NOTENG,SAN.MC
2025-02-07 08:10:40.073,Record profits for Santander Group,urn:link:webnews:20250207:nNRAvcaczx:0,NS:PORNEX,SAN.MC
2025-02-07 05:10:55.655,Volvo and Santander form alliance to offer preferential rates,urn:newsml:newsroom:20250207:nNRAvc8cx8:0,NS:NOTENG,SAN.MC
2025-02-06 19:00:09.140,"Banco Santander (NYSE:SAN) Releases Earnings Results, Hits Estimates",urn:link:webnews:20250206:nNRAvc2mev:0,NS:MARBEA,SAN.MC
2025-02-06 17:42:09.382,"Banco Santander (NYSE:SAN) Releases Quarterly Earnings Results, Hits Expectations",urn:link:webnews:20250206:nNRAvc1m8m:0,NS:MARBEA,SAN.MC
2025-02-06 16:51:47.000,Bank senior issuance back with a bang,urn:newsml:reuters.com:20250206:nIfp569T7v:1,NS:IFR,SAN.MC
2025-02-06 16:48:00.306,Banco Santander (SAN: EUR5.62) offers earnings yield of 11.6%,urn:newsml:newsroom:20250206:nNRAvc0u9v:0,NS:SPANEW,SAN.MC
2025-02-06 16:47:39.979,Banco Santander (SAN: EUR5.62) offers earnings yield of 11.6%; +23c [+4.3%] Vol Index 2.8 [1 is avg],urn:newsml:newsroom:20250206:nNRAvc0s0x:0,NS:SPANEW,SAN.MC
2025-02-06 16:11:18.201,Banco Santander (NYSE:SAN) Reaches New 52-Week High - Should You Buy?,urn:link:webnews:20250206:nNRAvc0afg:0,NS:MARBEA,SAN.MC
2025-02-06 14:25:33.000,CORRECTED-BREAKINGVIEWS-Ana Botín’s final target looks the hardest to bag,urn:newsml:reuters.com:20250205:nL8N3OW15W:5,NS:RTRS,SAN.MC
2025-02-06 14:09:38.780,"Banco Santander, S.A. Acquires Significant Stake in Adecoagro SA",urn:newsml:newsroom:20250206:nNRAvbykbb:0,NS:GURCOM,SAN.MC
2025-02-06 13:27:26.905,"Banco Santander, S.A. (NYSE:SAN) Q4 2024 Earnings Call Transcript",urn:link:webnews:20250206:nNRAvbxy1m:0,NS:INSMON,SAN.MC
2025-02-06 13:02:20.406,"Banco Santander (NYSE:SAN) Posts Quarterly Earnings Results, Hits Estimates",urn:newsml:newsroom:20250206:nNRAvbxfsn:0,NS:TRADAJ,SAN.MC
2025-02-06 11:11:50.283,"Santander shares: record profit of 12,574 million, up 14%.",urn:newsml:newsroom:20250206:nNRAvbvufu:0,NS:NOTENG,SAN.MC
2025-02-06 10:13:19.792,Santander and Volvo Car strengthen their alliance,urn:newsml:newsroom:20250206:nNRAvbv1jz:0,NS:NOTENG,SAN.MC
2025-02-06 07:42:39.792,Banco Santander SA (SAN) (FY 2024) Earnings Call Highlights: Record Profits and Strategic Growth,urn:link:webnews:20250206:nNRAvbstgj:0,NS:YAHNEX,SAN.MC
2025-02-06 07:07:12.133,Banco Santander SA (SAN) (FY 2024) Earnings Call Highlights: Record Profits and Strategic Growth,urn:newsml:newsroom:20250206:nNRAvbse9n:0,NS:GURCOM,SAN.MC
2025-02-06 04:14:07.743,Why Banco Santander SA (SAN) Went Up on Wednesday,urn:link:webnews:20250206:nNRAvbqs43:0,NS:INSMON,SAN.MC
2025-02-06 00:12:40.613,Santander obtained a profit of 12.574 billion euros at global level in 2024; Mexico contributed 1.671 billion euros.,urn:newsml:newsroom:20250206:nNRAvbop3a:0,NS:NOTENG,SAN.MC
2025-02-06 00:05:07.957,Santander reports record profit for third straight year,urn:link:webnews:20250206:nNRAvbomyv:0,NS:YAHNEX,SAN.MC
2025-02-05 23:53:42.791,Annual profit up for Spanish bank Santander,urn:link:webnews:20250205:nNRAvbok2x:0,NS:YAHNEX,SAN.MC
2025-02-05 23:13:18.035,"The stock market rewards Santander with a one-day gain of 6,275 million, half of what it earned in all of 2024",urn:newsml:newsroom:20250205:nNRAvbo9wd:0,NS:NOTENG,SAN.MC
2025-02-05 22:12:02.659,Santander announces record profit of €12.574 billion in 2024,urn:newsml:newsroom:20250205:nNRAvbnr06:0,NS:NOTENG,SAN.MC
2025-02-05 22:11:09.577,Record 2024 profit boosts Santander's stock market by more than 8%.,urn:newsml:newsroom:20250205:nNRAvbnqw4:0,NS:NOTENG,SAN.MC
2025-02-05 20:12:15.405,Banco Santander Credits Technology Platforms for Achievement of Record Results,urn:link:webnews:20250205:nNRAvbmoyd:0,NS:PYMCOM,SAN.MC
2025-02-05 18:33:04.012,"Banco Santander (NYSE:SAN) Releases Earnings Results, Hits Estimates",urn:newsml:newsroom:20250205:nNRAvblhoa:0,NS:COMFIN,SAN.MC
2025-02-05 17:19:04.000,UPDATE 2-Europe's STOXX 600 closes higher on healthcare boost; auto stocks slide,urn:newsml:reuters.com:20250205:nL4N3OW0UT:6,NS:RTRS,SAN.MC
2025-02-05 17:13:06.790,"Banco Santander earns 12,574 million euros in 2024 and exceeds targets",urn:newsml:newsroom:20250205:nNRAvbkf6u:0,NS:NOTENG,SAN.MC
2025-02-05 17:12:10.080,Santander achieved record profit of US$13 billion in 2024; exceeds analysts' expectations,urn:newsml:newsroom:20250205:nNRAvbkcaw:0,NS:NOTENG,SAN.MC
2025-02-05 17:07:15.329,"Banco Santander, S.A. (SAN) Q4 2024 Earnings Call Transcript",urn:newsml:newsroom:20250205:nNRAvbk94z:0,NS:SEECOM,SAN.MC
2025-02-05 17:01:51.230,Banco Santander targets 16.5% RoTE post AT1s while planning €10B share buybacks for 2025-2026,urn:newsml:newsroom:20250205:nNRAvbk81d:0,NS:SEECOM,SAN.MC
2025-02-05 16:52:21.990,"SPANISH BANKS COMPANY TOP 1 DAILY: TOP MOMENTUM UP IN THE PAST WEEK End-of-day: Wednesday February 05, 2025 16:00 (EST: 10:00, GMT: 15:00)",urn:newsml:newsroom:20250205:nNRAvbk32h:0,NS:GLOUPM,SAN.MC
2025-02-05 16:52:19.290,"Banco Santander (NYSE:SAN) Releases Quarterly Earnings Results, Hits Expectations",urn:newsml:newsroom:20250205:nNRAvbk3ol:0,NS:WATNEW,SAN.MC
2025-02-05 16:48:39.060,Banco Santander (SAN: EUR5.39) offers dividend yield of 3.7%,urn:newsml:newsroom:20250205:nNRAvbk0pu:0,NS:SPANEW,SAN.MC
2025-02-05 16:47:53.524,Banco Santander (SAN: EUR5.39) in top 1% performers of IBEX 35 Index; +39c [+7.8%] Vol Index 5.4 [1 is avg],urn:newsml:newsroom:20250205:nNRAvbk1b7:0,NS:SPANEW,SAN.MC
2025-02-05 16:34:50.000,"Portugal's central bank chief positive on Novo Banco IPO, urges caution on M&A",urn:newsml:reuters.com:20250205:nL8N3OW27N:2,NS:RTRS,SAN.MC
2025-02-05 16:25:45.278,Santander Polska beats profit expectations in Q4 2024,urn:newsml:newsroom:20250205:nNRAvbjo8m:0,NS:BNEINT,SAN.MC
2025-02-05 16:20:57.966,Santander UK staff brace for fresh job cuts after profits tumble 38%,urn:newsml:newsroom:20250205:nNRAvbjlkx:0,NS:BUSMAT,SAN.MC
2025-02-05 15:45:41.243,Santander profits collapse as questions swirl over bank's UK future,urn:link:webnews:20250205:nNRAvbj1tw:0,NS:MSNUKA,SAN.MC
2025-02-05 15:11:43.893,"Ángel Ron, former president of Popular, rejects fraud in the 2016 capital increase: ""The accounts are irrefutable"".",urn:newsml:newsroom:20250205:nNRAvbim36:0,NS:NOTENG,SAN.MC
2025-02-05 14:59:14.967,Santander UK profit slumps as questions remain over future of British arm,urn:link:webnews:20250205:nNRAvbihu4:0,NS:YAHNEX,SAN.MC
2025-02-05 14:48:11.000,UPDATE 2-Santander Brasil shares up as Q4 net profit beats forecasts,urn:newsml:reuters.com:20250205:nL1N3OW0EB:1,NS:RTRS,SAN.MC
2025-02-05 14:41:33.324,"Santander flies: earns 12,574 million (+14%) in 2024, exceeds targets and announces buybacks",urn:newsml:newsroom:20250205:nNRAvbi9dp:0,NS:CENAFT,SAN.MC
2025-02-05 14:34:40.284,Santander reports record profit for third straight year,urn:link:webnews:20250205:nNRAvbi8hu:0,NS:MISBUS,SAN.MC
2025-02-05 14:28:42.332,Santander Brasil's net profit surges 75% in Q4,urn:link:webnews:20250205:nNRAvbi4j3:0,NS:GLOREV,SAN.MC
2025-02-05 14:13:04.125,"Banco Santander earns a record 12,574 million in 2024, up 13.5%.",urn:newsml:newsroom:20250205:nNRAvbhwjt:0,NS:NOTENG,SAN.MC
2025-02-05 14:13:02.100,All the damage to employment caused by Yolanda Díaz,urn:newsml:newsroom:20250205:nNRAvbhvvx:0,NS:NOTENG,SAN.MC
2025-02-05 14:12:59.237,"Big day for Yolanda Díaz, black day for labor market",urn:newsml:newsroom:20250205:nNRAvbhw60:0,NS:NOTENG,SAN.MC
2025-02-05 14:12:33.529,Markets on edge over Trump's tariffs,urn:newsml:newsroom:20250205:nNRAvbhw4q:0,NS:NOTENG,SAN.MC
2025-02-05 13:35:48.623,"Santander reports record profit for third straight year Valentin BONTEMPS Feb 5, 2025 33 mins ago",urn:link:webnews:20250205:nNRAvbh9vv:0,NS:SAITRI,SAN.MC
2025-02-05 13:12:15.599,Santander launches 10 billion buyback for the next few years,urn:newsml:newsroom:20250205:nNRAvbh11c:0,NS:NOTENG,SAN.MC
2025-02-05 13:11:54.708,Banco Santander reports Q4 results,urn:newsml:newsroom:20250205:nNRAvbgzb8:0,NS:SEECOM,SAN.MC
2025-02-05 12:32:37.044,Santander Sees Impact Of Around 380 Mln Euros From Banking Tax In Spain,urn:newsml:reuters.com:20250205:nRSD5yyxkf:1,NS:SIGDEV,SAN.MC
2025-02-05 12:21:42.000,BRIEF-Santander Sees Impact Of Around 380 Mln Euros From Banking Tax In Spain,urn:newsml:reuters.com:20250205:nS0N3G002P:1,NS:RTRS,SAN.MC
2025-02-05 12:16:49.671,Chairman Of Spain's Santander: Unit In The UK Is Not Up For Sale,urn:newsml:reuters.com:20250205:nRSD2fFP1R:1,NS:SIGDEV,SAN.MC
2025-02-05 12:11:58.747,Santander UK profit slumps as questions remain over future of British arm,urn:newsml:reuters.com:20250205:nNRAvbe5wp:5,NS:INDEPE,SAN.MC
2025-02-05 12:02:30.557,Santander UK profit sinks nearly 40% on £295m motor finance provisions,urn:newsml:newsroom:20250205:nNRAvbfvuj:0,NS:DAIONL,SAN.MC
2025-02-05 12:00:17.000,Banco Santander SA reports results for the quarter ended December 31 - Earnings Summary,urn:newsml:reuters.com:20250205:nL8N3OW1HM:1,NS:RTRS,SAN.MC
2025-02-05 12:00:15.000,BRIEF-Chairman Of Spain's Santander: Unit In The UK Is Not Up For Sale,urn:newsml:reuters.com:20250205:nS0N3G002O:1,NS:RTRS,SAN.MC
2025-02-05 11:41:47.881,"Banco Santander Q4 GAAP EPS $0.21 Beats $0.19 Estimate, Sales $17.10B Beat $15.20B Estimate",urn:newsml:newsroom:20250205:nNRAvbfhl6:0,NS:BENZIN,SAN.MC
2025-02-05 11:24:40.195,"Santander profits rise for third straight year, chair Ana Botin says 'in a challenging market we outperform peers'",urn:link:webnews:20250205:nNRAvbf950:0,NS:FORONL,SAN.MC
2025-02-05 11:13:13.450,"Santander Group with record profits of 12,574 million euros in 2024",urn:newsml:newsroom:20250205:nNRAvbf461:0,NS:NOTENG,SAN.MC
2025-02-05 11:11:29.000,Banco Santander (Brasil) SA - 4Q24 BRGAAP Financial Statements,urn:newsml:reuters.com:20250205:nNDL2HHbsv:1,NS:PUBT,SAN.MC
2025-02-05 10:47:25.000,"UPDATE 4-Santander announces 10 billion euros in buybacks, sees higher profitability",urn:newsml:reuters.com:20250205:nL8N3OW0D4:1,NS:RTRS,SAN.MC
2025-02-05 10:43:48.213,Santander CFO's: NII In Spain Could Drop By Around 5% To 6% If Rates Stabilize Around 2%,urn:newsml:reuters.com:20250205:nRSD8X6fnq:1,NS:SIGDEV,SAN.MC
2025-02-05 10:30:40.000,BRIEF-Santander CFO's: NII In Spain Could Drop By Around 5% To 6% If Rates Stabilize Around 2%,urn:newsml:reuters.com:20250205:nS0N3G002N:1,NS:RTRS,SAN.MC
2025-02-05 10:30:20.000,UPDATE 1-Santander Bank Polska's Q4 net profit slips but beats expectations,urn:newsml:reuters.com:20250205:nS8N3O60BO:5,NS:RTRS,SAN.MC
2025-02-05 10:13:28.979,Santander rises more than 8% after breaking new profit record and announcing share buyback,urn:newsml:newsroom:20250205:nNRAvbe62z:0,NS:NOTENG,SAN.MC
2025-02-05 10:13:17.053,"Banco Santander closes 2024 with a new profit record: 12,574 million euros",urn:newsml:newsroom:20250205:nNRAvbe5fl:0,NS:NOTENG,SAN.MC
2025-02-05 10:13:08.833,"Banco Santander earns 14% more in 2024 and sets a new profit record: 12,574 million euros",urn:newsml:newsroom:20250205:nNRAvbe6q6:0,NS:NOTENG,SAN.MC
2025-02-05 10:12:55.517,Santander's profits increase 14% to 12.5 billion in 2024,urn:newsml:newsroom:20250205:nNRAvbe61n:0,NS:NOTENG,SAN.MC
2025-02-05 10:11:46.833,"Santander's Chairman: ""We Remain Committed To Our UK Unit""",urn:newsml:reuters.com:20250205:nRSD5vR5tH:1,NS:SIGDEV,SAN.MC
2025-02-05 10:04:52.129,Banco Santander: Q4 Earnings Snapshot,urn:newsml:reuters.com:20250205:nNRAvbe2dq:1,NS:ASSOPR,SAN.MC
2025-02-05 10:04:07.000,"BRIEF-Santander's Chairman: ""We Remain Committed To Our UK Unit""",urn:newsml:reuters.com:20250205:nS0N35V02E:1,NS:RTRS,SAN.MC
2025-02-05 10:01:02.000,Banco Santander SA - FY'24 Fixed Income Investor presentation,urn:newsml:reuters.com:20250205:nNDL718Djw:1,NS:PUBT,SAN.MC
2025-02-05 09:40:16.000,Santander Brasil's net profit surges 75% in Q4,urn:newsml:reuters.com:20250205:nS0N3OI011:1,NS:RTRS,SAN.MC
2025-02-05 09:34:42.809,Santander reports record profit for third straight year,urn:link:webnews:20250205:nNRAvbdi3i:0,NS:WNCOMA,SAN.MC
2025-02-05 09:30:00.000,Full Year 2024 Santander Bank Polska SA Earnings Call,urn:newsml:reuters.com:20250205:nTRNbby88x:1,NS:TRANS,SAN.MC
2025-02-05 09:23:19.315,UpdateAnnual profit up for Spanish bank Santander,urn:newsml:newsroom:20250205:nNRAvbddfp:0,NS:DPAENG,SAN.MC
2025-02-05 09:20:19.854,Annual profit up for Spanish bank Santander,urn:newsml:newsroom:20250205:nNRAvbdban:0,NS:DPAENG,SAN.MC
2025-02-05 09:20:16.250,Santander bullish as full-year profits jump,urn:link:webnews:20250205:nNRAvbdbmq:0,NS:DIGITA,SAN.MC
2025-02-05 09:17:57.000,LIVE MARKETS-Big gainers but Stoxx 600 flat,urn:newsml:reuters.com:20250205:nL8N3OW118:2,NS:RTRS,SAN.MC
2025-02-05 09:16:50.798,Santander surges as record profit paves was way €10bn buyback,urn:newsml:newsroom:20250205:nNRAvbdb24:0,NS:PROUKA,SAN.MC
2025-02-05 09:07:54.602,Banco Santander's Earnings Growth Outperforms Bankinter,urn:newsml:newsroom:20250205:nNRAvbd5k3:0,NS:SPANEW,SAN.MC
2025-02-05 09:07:54.001,Banco de Sabadell's Earnings Growth Outperforms Banco Santander,urn:newsml:newsroom:20250205:nNRAvbd76q:0,NS:SPANEW,SAN.MC
2025-02-05 09:07:11.691,Santander UK profit slumps as questions remain over future of British arm,urn:newsml:newsroom:20250205:nNRAvbd6tl:0,NS:PRETOP,SAN.MC
2025-02-05 09:00:00.000,Full Year 2024 Banco Santander SA Earnings Call,urn:newsml:reuters.com:20250205:nTRN9T06W8:1,NS:TRANS,SAN.MC
2025-02-05 08:48:39.403,Santander Reports Record Profit For Third Straight Year,urn:newsml:newsroom:20250205:nNRAvbcvic:0,NS:INTTIM,SAN.MC
2025-02-05 08:27:06.000,"REFILE-BUZZ-Santander at 7-yr highs after profit beat, buyback plan",urn:newsml:reuters.com:20250205:nL8N3OW0J6:2,NS:RTRS,SAN.MC
2025-02-05 08:14:00.407,"Santander earns 14% more (12,574M) and announces 10,000M share buybacks",urn:newsml:newsroom:20250205:nNRAvbcemy:0,NS:NOTENG,SAN.MC
2025-02-05 08:13:40.136,"Banco Santander raises its profit by 14% and sets a new record by earning 12,574 million euros in 2024",urn:newsml:newsroom:20250205:nNRAvbceln:0,NS:NOTENG,SAN.MC
2025-02-05 08:13:37.500,"Banco Santander earns a record 12,574 million in 2024, up 13.5%.",urn:newsml:newsroom:20250205:nNRAvbcf1z:0,NS:NOTENG,SAN.MC
2025-02-05 08:13:19.000,"Santander earns 12,574 million in 2024, up 14%.",urn:newsml:newsroom:20250205:nNRAvbcdac:0,NS:NOTENG,SAN.MC
2025-02-05 07:55:01.914,Santander reports record profit for third straight year,urn:link:webnews:20250205:nNRAvbc3d1:0,NS:LATNIG,SAN.MC
2025-02-05 07:42:40.000,Banco Santander SA - 2024 Earnings presentation,urn:newsml:reuters.com:20250205:nNDL415T9f:1,NS:PUBT,SAN.MC
2025-02-05 07:42:37.000,Banco Santander SA - 2024 Earnings presentation: Supplementary Info,urn:newsml:reuters.com:20250205:nNDLb4NxpK:1,NS:PUBT,SAN.MC
2025-02-05 07:35:52.000,Banco Santander SA - 2024 Financial report,urn:newsml:reuters.com:20250205:nNDL6NVJGS:1,NS:PUBT,SAN.MC
2025-02-05 07:32:59.574,Santander UK Sees Gradual Return To Net Lending Growth In 2025,urn:newsml:reuters.com:20250205:nRSD2HhMZV:1,NS:SIGDEV,SAN.MC
2025-02-05 07:23:07.000,Santander Bank Polska's Q4 net profit slips but beats expectations,urn:newsml:reuters.com:20250205:nL8N3OV19R:3,NS:RTRS,SAN.MC
2025-02-05 07:13:25.466,"Santander earns 12,574 million in 2024 in its best year ever",urn:newsml:newsroom:20250205:nNRAvbbczc:0,NS:NOTENG,SAN.MC
2025-02-05 07:10:08.347,REG - Santander UKGrp Hdgs Santander UK Plc - Quarterly Management Statement – Q4 2024,urn:newsml:newsroom:20250205:nRSE9157Va:0,NS:LSE,SAN.MC
2025-02-05 07:10:02.000,REG - Santander UKGrp Hdgs Santander UK Plc  - Quarterly Management Statement – Q4 2024,urn:newsml:reuters.com:20250205:nRSE9157Va:1,NS:LSE,SAN.MC
2025-02-05 07:00:04.290,REG - Banco Santander S.A. - Commencement of a program to repurchase own shares,urn:newsml:newsroom:20250205:nRSE9909Va:0,NS:LSE,SAN.MC
2025-02-05 07:00:00.000,REG - Banco Santander S.A.  - Commencement of a program to repurchase own shares,urn:newsml:reuters.com:20250205:nRSE9909Va:1,NS:LSE,SAN.MC
2025-02-05 06:55:44.470,Santander reports record profit for third straight year,urn:link:webnews:20250205:nNRAvbb4v0:0,NS:NAICOM,SAN.MC
2025-02-05 06:31:02.375,"Santander BP Prelim. Q4 Net Profit At 913.4 Mln Zlotys, Above Expectations",urn:newsml:reuters.com:20250205:nRSD5N0glr:1,NS:SIGDEV,SAN.MC
2025-02-05 06:18:43.000,Banco Santander SA - FY'24 Earnings Presentation (Supplementary information),urn:newsml:reuters.com:20250205:nNDL3zFYDs:1,NS:PUBT,SAN.MC
2025-02-05 06:18:37.714,Santander Q4 Net Profit 3.27 Bln Euros,urn:newsml:reuters.com:20250205:nRSD29DMNp:1,NS:SIGDEV,SAN.MC
2025-02-05 06:05:21.000,BRIEF-Santander Q4 Net Profit 3.27 Bln Euros,urn:newsml:reuters.com:20250205:nFWN3OW00J:1,NS:RTRS,SAN.MC
2025-02-05 05:57:04.000,Banco Santander SA - FY'24 Earnings Presentation,urn:newsml:reuters.com:20250205:nNDL8s2vG8:1,NS:PUBT,SAN.MC
2025-02-05 05:56:56.000,Banco Santander SA - FY'24 Financial Report,urn:newsml:reuters.com:20250205:nNDL5f7GF8:1,NS:PUBT,SAN.MC
2025-02-05 05:56:39.624,"Santander Q4 Total Income EUR 16,026 Million",urn:newsml:reuters.com:20250205:nRSD2Fw5Tz:1,NS:SIGDEV,SAN.MC
2025-02-05 05:54:58.000,Santander's Q4 net profit up 11% compared to same period in 2023,urn:newsml:reuters.com:20250205:nL8N3OV2LM:3,NS:RTRS,SAN.MC
2025-02-05 05:48:52.000,"Banco Santander SA - Santander Results 2024 - Santander reports profit of €12,574 million (up 14%) in 2024, exceeding all targets for the year",urn:newsml:reuters.com:20250205:nNDL8v3bfW:1,NS:PUBT,SAN.MC
2025-02-05 05:48:01.690,"BRIEF-Santander Q4 Total Income EUR 16,026 Million",urn:newsml:reuters.com:20250205:nPLX62E5D8:1,NS:RTRS,SAN.MC
2025-02-05 00:07:18.320,"Banco Santander, S.A. (SAN): Among the Most Profitable Bank Stocks to Buy According to Analysts",urn:link:webnews:20250205:nNRAvb7hp4:0,NS:INSMON,SAN.MC
2025-02-04 22:27:20.153,Santander Bank Polska (WA:SPL PLN497.60) in today's trading buy signal: Bullish Candlestick chart pattern,urn:newsml:newsroom:20250204:nNRAvb6pv8:0,NS:GLOBUL,SAN.MC
2025-02-04 18:07:50.914,Banco Santander's Earnings Growth Lags Banco de Sabadell,urn:newsml:newsroom:20250204:nNRAvb3w46:0,NS:SPANEW,SAN.MC
2025-02-04 17:07:29.390,How Banco Santander's Tax Rate compares to Its Peers,urn:newsml:newsroom:20250204:nNRAvb31ii:0,NS:SPANEW,SAN.MC
2025-02-04 16:47:59.018,Banco Santander (SAN: EUR5.0) offers dividend yield of 4%,urn:newsml:newsroom:20250204:nNRAvb2prb:0,NS:SPANEW,SAN.MC
2025-02-04 16:47:38.760,Banco Santander (SAN: EUR5.0) climbs 2.9% strengthening above moving average price; +14c [+2.9%],urn:newsml:newsroom:20250204:nNRAvb2q94:0,NS:SPANEW,SAN.MC
2025-02-04 15:52:24.791,Eli Lilly and Company Third Quarter 13F Filing: Banco Santander trims its shareholding by 2.5%,urn:newsml:newsroom:20250204:nNRAvb1uvz:0,NS:NEWWIR,SAN.MC
2025-02-04 15:43:47.362,Monthly: Banco Santander (SAN: EUR4.95) up 13% in 2 months,urn:newsml:newsroom:20250204:nNRAvb1o8u:0,NS:GLOSTP,SAN.MC
2025-02-04 11:11:40.000,EARNINGS POLL-Santander's Polish bank Q4 net profit seen down 15% y/y,urn:newsml:reuters.com:20250204:nL8N3OU17X:1,NS:RTRS,SAN.MC
2025-02-04 09:33:07.179,Banco Santander (Brasil) (BSBR) to Release Quarterly Earnings on Wednesday,urn:newsml:newsroom:20250204:nNRAvavyfs:0,NS:COMFIN,SAN.MC
2025-02-04 08:08:38.489,How Banco Bilbao Vizcaya Argentaria's dividend compares to Banco Santander,urn:newsml:newsroom:20250204:nNRAvauufi:0,NS:SPANEW,SAN.MC
2025-02-04 05:13:03.486,Openbank exceeds $2 billion in deposits in the United States,urn:newsml:newsroom:20250204:nNRAvasv65:0,NS:NOTENG,SAN.MC
2025-02-03 20:11:34.703,Santander appeals an ECB decision on its capital ratio to the European Court of Justice.,urn:newsml:newsroom:20250203:nNRAvao8k0:0,NS:NOTENG,SAN.MC
2025-02-03 19:13:09.578,Santander appeals to the CJEU against an ECB decision on its capital ratio,urn:newsml:newsroom:20250203:nNRAvanmm1:0,NS:NOTENG,SAN.MC
2025-02-03 18:13:26.214,Santander engages in legal battle with the ECB over the calculation of its capital ratios,urn:newsml:newsroom:20250203:nNRAvan0fa:0,NS:NOTENG,SAN.MC
2025-02-03 17:32:50.629,"German trading: Banco Santander (BSD2: EUR4.86) accelerates decline, down 2.8% in 2 days; -14c [-2.8%] Vol Index 1.5 [1 is avg]",urn:newsml:newsroom:20250203:nNRAvamhc3:0,NS:GERCOM,SAN.MC
2025-02-03 16:54:00.127,Banco Santander (SAN: EUR4.86) offers earnings yield of 13.5%,urn:newsml:newsroom:20250203:nNRAvalvvs:0,NS:SPANEW,SAN.MC
2025-02-03 16:53:31.911,Banco Santander (SAN: EUR4.86) offers dividend yield of 4.1%; -9c [-1.8%] Vol Index 1.3 [1 is avg],urn:newsml:newsroom:20250203:nNRAvalu0p:0,NS:SPANEW,SAN.MC
2025-02-03 15:12:24.546,Banco Santander SA's Openbank Surpasses $2 Billion in U.S. Deposits,urn:newsml:newsroom:20250203:nNRAvakis3:0,NS:GURCOM,SAN.MC
2025-02-03 15:12:13.942,Banco Santander SA (SAN) Achieves $2 Billion in Deposits with Openbank Platform in the U.S.,urn:newsml:newsroom:20250203:nNRAvakgvy:0,NS:GURCOM,SAN.MC
2025-02-03 15:02:39.838,CORRECTING and REPLACING Openbank by Santander hits $2 billion in deposits in the United States,urn:newsml:newsroom:20250203:nNRAvakdpv:0,NS:GURCOM,SAN.MC
2025-02-03 14:06:52.317,Santander's digital bank hits $2B in deposits in U.S.,urn:newsml:newsroom:20250203:nNRAvajow1:0,NS:SEECOM,SAN.MC
2025-02-03 11:04:21.000,Banco Santander SA <SAN.N> expected to post earnings of 18 cents a share - Earnings Preview,urn:newsml:reuters.com:20250203:nL8N3OU0WN:1,NS:RTRS,SAN.MC
2025-02-03 09:17:50.820,"OLD National Bancorp IN Has $155,000 Stock Holdings in Banco Santander, S.A. (NYSE:SAN)",urn:link:webnews:20250203:nNRAvaf9i6:0,NS:WKRNEW,SAN.MC
2025-02-03 08:07:52.503,Banco Bilbao Vizcaya Argentaria continues to outperform Banco Santander by 5.8% in the past month,urn:newsml:newsroom:20250203:nNRAvaekny:0,NS:SPANEW,SAN.MC
2025-02-03 07:44:52.000,GRAPHIC-Take Five: Big Trump tariffs are here,urn:newsml:reuters.com:20250203:nL1N3OU08M:2,NS:RTRS,SAN.MC
2025-02-03 07:08:15.758,Monthly: Banco Santander (SAN: EUR4.95) up 13% in 2 months,urn:newsml:newsroom:20250203:nNRAvadtxx:0,NS:SPANEW,SAN.MC
2025-02-02 05:52:00.115,Oracle Second Quarter 13F Filing: Banco Santander slashes 38.2% of its shareholding,urn:newsml:newsroom:20250202:nNRAva5hxh:0,NS:NEWWIR,SAN.MC
2025-02-01 05:57:05.733,"Weekly: Banco Santander (SAN: EUR4.95) rises for a fifth consecutive week, a five-week rise of 13%; +7c [1.4%]",urn:newsml:newsroom:20250201:nNRAv9xuvf:0,NS:GLOWEE,SAN.MC
2025-01-31 19:29:30.000,"UPDATE 2-Santander names Riley as CEO of Santander US, part of wider reshuffle",urn:newsml:reuters.com:20250131:nL5N3OR22V:1,NS:RTRS,SAN.MC
2025-01-31 17:34:08.801,Santander Chile announces Andrs Trautmann Buc as new Chief Executive Officer (CEO) and Country Head,urn:newsml:newsroom:20250131:nVMN3sW9la:0,NS:CMNW,SAN.MC
2025-01-31 17:15:08.000,"Christiana Riley to succeed Tim Wennes as new CEO of Santander US, Botin says",urn:newsml:reuters.com:20250131:nS0N3G001D:2,NS:RTRS,SAN.MC
2025-01-31 16:57:51.780,Monthly: Banco Santander (SAN: EUR4.95) up 13% in 2 months,urn:newsml:newsroom:20250131:nNRAv9qp7m:0,NS:GLOSTP,SAN.MC
2025-01-31 16:53:26.523,Banco Santander-Chile Says CEO Román Blanco Reinosa To Leave Co,urn:newsml:reuters.com:20250131:nRSD7XKgLk:1,NS:SIGDEV,SAN.MC
2025-01-31 16:53:12.546,"Weekly: Banco Santander (SAN: EUR4.95) rises for a fifth consecutive week, a five-week rise of 13%; +7c [1.4%]",urn:newsml:newsroom:20250131:nNRAv9qmgb:0,NS:GLOWEE,SAN.MC
2025-01-31 16:49:48.328,Banco Santander (SAN: EUR4.95) offers dividend yield of 4%,urn:newsml:newsroom:20250131:nNRAv9qj2l:0,NS:SPANEW,SAN.MC
2025-01-31 16:49:29.113,Santander Chile announces Andrés Trautmann Buc as new Chief Executive Officer (CEO) and Country Head,urn:newsml:reuters.com:20250131:nGNX7nhfCZ:1,NS:GNW,SAN.MC
2025-01-31 16:48:41.875,Banco Santander (SAN: EUR4.95) offers earnings yield of 13.2%; -6c [1.2%],urn:newsml:newsroom:20250131:nNRAv9qf3e:0,NS:SPANEW,SAN.MC
2025-01-31 16:02:05.000,Portugal says Novo Banco IPO likely to be for stake of up to 30%,urn:newsml:reuters.com:20250131:nL5N3OR1P7:4,NS:RTRS,SAN.MC
2025-01-31 14:19:09.314,Fourth Quarter 2024 Earnings,urn:newsml:newsroom:20250131:nVMN0QHb5a:0,NS:CMNW,SAN.MC
2025-01-31 11:18:47.248,Banco Santander-Chile: Q4 Earnings Snapshot,urn:newsml:reuters.com:20250131:nNRAv9lion:1,NS:ASSOPR,SAN.MC
2025-01-31 11:00:00.203,Banco Santander-Chile Announces Fourth Quarter 2024 Earnings,urn:newsml:reuters.com:20250131:nGNXNVfft:1,NS:GNW,SAN.MC
2025-01-31 08:47:05.000,GRAPHIC-Take Five: The big Trump tariff countdown,urn:newsml:reuters.com:20250131:nL5N3OQ2LU:10,NS:RTRS,SAN.MC
2025-01-30 16:52:20.674,"IBEX 35 SPANISH TOP 4 DAILY: PRICE RISES ON HIGH VOLATILITY IN THE PAST MONTH End-of-day: Thursday January 30, 2025 16:00 (EST: 10:00, GMT: 15:00)",urn:newsml:newsroom:20250130:nNRAv9ahng:0,NS:GLOUPM,SAN.MC
2025-01-30 16:47:35.731,Banco Santander (SAN: EUR5.01) offers dividend yield of 4%,urn:newsml:newsroom:20250130:nNRAv9afdq:0,NS:SPANEW,SAN.MC
2025-01-30 16:47:27.000,Banco Santander (SAN: EUR5.01) hits year-high 7th time in one month; +2c [0.4%],urn:newsml:newsroom:20250130:nNRAv9aeyq:0,NS:SPANEW,SAN.MC
2025-01-30 12:10:52.000,EARNINGS POLL-Poland's mBank seen posting 920 mln zlotys net profit in Q4,urn:newsml:reuters.com:20250130:nL5N3OQ14H:1,NS:RTRS,SAN.MC
2025-01-30 07:00:20.734,"REG - Fintel PLC - Trading Update, Completion and Notice of Results",urn:newsml:newsroom:20250130:nRSd1870Va:0,NS:LSE,SAN.MC
2025-01-30 07:00:04.000,"REG - Fintel PLC  - Trading Update, Completion and Notice of Results",urn:newsml:reuters.com:20250130:nRSd1870Va:1,NS:LSE,SAN.MC
2025-01-29 18:08:20.000,Banco Santander SA - Final Terms,urn:newsml:reuters.com:20250129:nNDL61zvFT:1,NS:PUBT,SAN.MC
2025-01-29 16:47:43.249,Banco Santander (SAN: EUR4.99) offers dividend yield of 4%,urn:newsml:newsroom:20250129:nNRAv8ucch:0,NS:GLOSTO,SAN.MC
2025-01-29 16:47:27.200,Banco Santander (SAN: EUR4.99) hits year-high 6th time in one month; +7c [1.4%] Vol Index 1.3 [1 is avg],urn:newsml:newsroom:20250129:nNRAv8ub1j:0,NS:GLOSTO,SAN.MC
2025-01-29 16:42:36.000,Banco Santander SA - 10 years FIXED rate Senior Preferred 01/33 SP-243,urn:newsml:reuters.com:20250129:nNDL2TVcQ5:1,NS:PUBT,SAN.MC
2025-01-29 13:35:09.000,Banco Santander-Chile <BSAC.N> expected to post earnings of 70 cents a share - Earnings Preview,urn:newsml:reuters.com:20250129:nL5N3OP1EI:1,NS:RTRS,SAN.MC
2025-01-29 11:07:24.281,REG - Banco Santander S.A. - Notice of 2024 Results Presentation,urn:newsml:newsroom:20250129:nRSc1432Va:0,NS:LSE,SAN.MC
2025-01-29 11:07:22.000,REG - Banco Santander S.A.  - Notice of 2024 Results Presentation,urn:newsml:reuters.com:20250129:nRSc1432Va:1,NS:LSE,SAN.MC
2025-01-29 09:55:15.000,MOVES - Vereker quits as Santander UK chair,urn:newsml:reuters.com:20250129:nIfpbC8DhZ:1,NS:IFR,SAN.MC
2025-01-29 08:09:07.907,Banco Santander's Earnings Growth Outperforms Bankinter,urn:newsml:newsroom:20250129:nNRAv8n8ma:0,NS:SPANEW,SAN.MC
2025-01-29 08:07:46.738,Banco Santander (Brasil) (BSBR) Expected to Announce Quarterly Earnings on Wednesday,urn:newsml:newsroom:20250129:nNRAv8n6jd:0,NS:TICREP,SAN.MC
2025-01-29 05:08:33.000,UK Stocks-Factors to watch on Jan 29,urn:newsml:reuters.com:20250129:nL3N3OP09R:1,NS:RTRS,SAN.MC
2025-01-29 04:39:20.000,PRESS DIGEST-Financial Times - Jan 29,urn:newsml:reuters.com:20250129:nL3N3OP08B:1,NS:RTRS,SAN.MC
2025-01-29 04:27:48.000,PRESS DIGEST-British Business - Jan 29,urn:newsml:reuters.com:20250129:nL3N3OP084:1,NS:RTRS,SAN.MC
2025-01-28 20:12:59.702,Resignation of the chairman of Banco Santander's UK subsidiary,urn:newsml:newsroom:20250128:nNRAv8gxkp:0,NS:NOTENG,SAN.MC
2025-01-28 18:07:50.578,Banco Santander's Earnings Growth Lags Banco de Sabadell,urn:newsml:newsroom:20250128:nNRAv8fmt9:0,NS:SPANEW,SAN.MC
2025-01-28 18:07:50.010,Banco de Sabadell's Earnings Growth Outperforms Banco Santander,urn:newsml:newsroom:20250128:nNRAv8fmta:0,NS:SPANEW,SAN.MC
2025-01-28 17:46:18.000,UPDATE 1-Santander UK chair William Vereker to step down,urn:newsml:reuters.com:20250128:nL5N3OO1XO:4,NS:RTRS,SAN.MC
2025-01-28 17:09:54.000,Santander UK chair William Vereker to step down,urn:newsml:reuters.com:20250128:nFWN3OO1GP:1,NS:RTRS,SAN.MC
2025-01-28 17:07:43.304,How Banco Santander's Tax Rate compares to Its Peers,urn:newsml:newsroom:20250128:nNRAv8er1e:0,NS:SPANEW,SAN.MC
2025-01-28 16:48:14.780,Banco Santander (SAN: EUR4.92) offers earnings yield of 13.3%,urn:newsml:newsroom:20250128:nNRAv8eh14:0,NS:GLOSTO,SAN.MC
2025-01-28 16:47:50.531,Banco Santander (SAN: EUR4.92) offers dividend yield of 4.1%; +1c [0.2%] Vol Index 1.2 [1 is avg],urn:newsml:newsroom:20250128:nNRAv8eflr:0,NS:GLOSTO,SAN.MC
2025-01-28 16:33:11.475,REG - Santander UKGrp Hdgs Santander UK Plc - Directorate Change,urn:newsml:newsroom:20250128:nRSb0087Va:0,NS:LSE,SAN.MC
2025-01-28 16:32:55.000,REG - Santander UKGrp Hdgs Santander UK Plc  - Directorate Change,urn:newsml:reuters.com:20250128:nRSb0087Va:1,NS:LSE,SAN.MC
2025-01-28 15:52:27.649,Philip Morris International Third Quarter 13F Filing: Banco Santander continued to decrease its shareholding,urn:newsml:newsroom:20250128:nNRAv8dplq:0,NS:NEWWIR,SAN.MC
2025-01-28 11:28:33.000,REFILE-PREVIEW-European banks may find it tough to repeat strong end-of-year performance,urn:newsml:reuters.com:20250128:nL5N3OK0QO:8,NS:RTRS,SAN.MC
2025-01-28 10:19:11.249,Banco Santander (SAN) Projected to Post Quarterly Earnings on Wednesday,urn:newsml:newsroom:20250128:nNRAv88u1c:0,NS:CERGEM,SAN.MC
2025-01-28 08:09:05.038,How Banco Bilbao Vizcaya Argentaria's dividend compares to Banco Santander,urn:newsml:newsroom:20250128:nNRAv86zra:0,NS:SPANEW,SAN.MC
2025-01-28 07:06:56.440,Banco Santander (SAN) to Release Quarterly Earnings on Wednesday,urn:newsml:newsroom:20250128:nNRAv86bdl:0,NS:WATNEW,SAN.MC
2025-01-27 16:48:24.497,Banco Santander (SAN: EUR4.91) offers dividend yield of 4.1%,urn:newsml:newsroom:20250127:nNRAv7yuh3:0,NS:GLOSTO,SAN.MC
2025-01-27 16:47:42.518,Banco Santander (SAN: EUR4.91) offers earnings yield of 13.3%; +3c [0.6%],urn:newsml:newsroom:20250127:nNRAv7yr0p:0,NS:GLOSTO,SAN.MC
2025-01-27 16:42:19.000,"EXCLUSIVE-Enel, KKR among potential bidders for UK's Cubico, sources say",urn:newsml:reuters.com:20250127:nL5N3ON0TQ:1,NS:RTRS,SAN.MC
2025-01-27 11:44:13.000,DHB Bank to reduce its presence in Belgium,urn:newsml:reuters.com:20250127:nL5N3ON0OE:4,NS:RTRS,SAN.MC
2025-01-27 11:09:00.000,Banco Santander SA - 6 years FIXED rate Senior Non Preferred 01/31 SNP 245,urn:newsml:reuters.com:20250127:nNDL6Fp79Z:1,NS:PUBT,SAN.MC
2025-01-27 08:07:53.831,Banco Bilbao Vizcaya Argentaria continues to outperform Banco Santander by 3.9% in the past month,urn:newsml:newsroom:20250127:nNRAv7rxnx:0,NS:SPANEW,SAN.MC
2025-01-27 07:35:05.000,Banco Santander SA <SAN.N> expected to post earnings of 18 cents a share - Earnings Preview,urn:newsml:reuters.com:20250127:nL5N3ON09Y:1,NS:RTRS,SAN.MC
2025-01-27 07:32:43.000,Banco Santander SA <SAN.MC> expected to post earnings of 14 cents a share - Earnings Preview,urn:newsml:reuters.com:20250127:nL5N3ON09S:1,NS:RTRS,SAN.MC
2025-01-26 08:31:29.354,Walmart Third Quarter 13F Filing: Banco Santander boosts its shareholding by 17.1%,urn:newsml:newsroom:20250126:nNRAv7kptp:0,NS:NEWWIR,SAN.MC
2025-01-26 08:14:38.787,"Moody's Ratings announces completion of a periodic review of ratings of Banco Santander, S.A. (Uruguay)",urn:newsml:newsroom:20250126:nNRAv7kb59:0,NS:PLUCOM,SAN.MC
2025-01-26 06:12:06.337,Philip Morris International Third Quarter 13F Filing: Banco Santander slashes 31.1% of its shareholding,urn:newsml:newsroom:20250126:nNRAv7jnef:0,NS:NEWWIR,SAN.MC
2025-01-25 19:36:55.670,Netflix Third Quarter 13F Filing: Banco Santander trims its shareholding by 4.5%,urn:newsml:newsroom:20250125:nNRAv7hbkr:0,NS:NEWWIR,SAN.MC
2025-01-25 16:42:16.583,Walmart Third Quarter 13F Filing: Banco Santander continued to increase its shareholding,urn:newsml:newsroom:20250125:nNRAv7gox7:0,NS:NEWWIR,SAN.MC
2025-01-25 16:31:57.045,Walmart Second Quarter 13F Filing: Banco Santander augments its shareholding by 1.8%,urn:newsml:newsroom:20250125:nNRAv7gnqx:0,NS:NEWWIR,SAN.MC
2025-01-25 09:11:59.139,PayPal Third Quarter 13F Filing: Banco Santander cuts 9.7% of its shares,urn:newsml:newsroom:20250125:nNRAv7diq6:0,NS:NEWWIR,SAN.MC
2025-01-25 08:21:53.256,Netflix Third Quarter 13F Filing: Banco Santander continued to decrease its shareholding,urn:newsml:newsroom:20250125:nNRAv7d3bs:0,NS:NEWWIR,SAN.MC
2025-01-25 05:52:15.050,"Weekly: Banco Santander (SAN: EUR4.88) rises for a fourth consecutive week, a four-week rise of 12%; +9c [1.9%]",urn:newsml:newsroom:20250125:nNRAv7bocq:0,NS:GLOWEE,SAN.MC
2025-01-25 05:32:10.784,Salesforce Third Quarter 13F Filing: Banco Santander continued to decrease its shareholding,urn:newsml:newsroom:20250125:nNRAv7bklk:0,NS:NEWWIR,SAN.MC
2025-01-24 18:11:53.438,Fears for mortgage market amid rumours of Santander's UK exit,urn:newsml:reuters.com:20250122:nNRAv667iu:7,NS:INDEPE,SAN.MC
2025-01-24 16:57:19.189,"IBEX 35 SPANISH TOP 4 DAILY: PRICE RISES ON HIGH VOLATILITY IN THE PAST MONTH End-of-day: Friday January 24, 2025 16:00 (EST: 10:00, GMT: 15:00)",urn:newsml:newsroom:20250124:nNRAv74yc9:0,NS:GLOUPM,SAN.MC
2025-01-24 16:53:33.827,"Weekly: Banco Santander (SAN: EUR4.88) rises for a fourth consecutive week, a four-week rise of 12%; +9c [1.9%]",urn:newsml:newsroom:20250124:nNRAv74wm0:0,NS:GLOWEE,SAN.MC
2025-01-24 16:48:15.469,Banco Santander (SAN: EUR4.88) offers dividend yield of 4.1%,urn:newsml:newsroom:20250124:nNRAv74rde:0,NS:GLOSTO,SAN.MC
2025-01-24 16:47:58.682,Banco Santander (SAN: EUR4.88) hits year-high 3rd time in one month; +3c [0.6%],urn:newsml:newsroom:20250124:nNRAv74qkb:0,NS:GLOSTO,SAN.MC
2025-01-24 16:12:01.106,Tesla Third Quarter 13F Filing: Banco Santander cuts 7.3% of its shares,urn:newsml:newsroom:20250124:nNRAv746qr:0,NS:NEWWIR,SAN.MC
2025-01-24 12:55:27.000,"Banco Santander SA - Senior Preferred, Serie 2817",urn:newsml:reuters.com:20250124:nNDL8MHqh:1,NS:PUBT,SAN.MC
2025-01-24 10:01:35.240,Adobe Third Quarter 13F Filing: Banco Santander slashes 40.2% of its shareholding,urn:newsml:newsroom:20250124:nNRAv6yx6g:0,NS:NEWWIR,SAN.MC
2025-01-24 09:42:18.323,Banco Santander (NYSE:SAN) Cut to Hold at StockNews.com,urn:newsml:newsroom:20250124:nNRAv6yo7b:0,NS:DAILYQ,SAN.MC
2025-01-23 16:48:13.736,Banco Santander (SAN: EUR4.85) offers dividend yield of 4.1%,urn:newsml:newsroom:20250123:nNRAv6ofca:0,NS:GLOSTO,SAN.MC
2025-01-23 16:47:44.442,Banco Santander (SAN: EUR4.85) climbs 2.8% on rising relative strength; +13c [2.8%],urn:newsml:newsroom:20250123:nNRAv6oetq:0,NS:GLOSTO,SAN.MC
2025-01-23 15:28:03.000,"Banco Santander SA - Banco Santander, S.A. - Final Results Announcement",urn:newsml:reuters.com:20250123:nNDL968gQF:1,NS:PUBT,SAN.MC
2025-01-23 14:48:22.855,Is Banco Santander (SAN) the Most Undervalued Bank Stock to Invest in According to Analysts?,urn:link:webnews:20250123:nNRAv6mkik:0,NS:INSMON,SAN.MC
2025-01-23 14:20:57.000,Santander UK plc - Issuer Document,urn:newsml:reuters.com:20250123:nNDL1Dvjsr:1,NS:PUBT,SAN.MC
2025-01-23 14:06:36.000,Santander UK plc - Issuer Document,urn:newsml:reuters.com:20250123:nNDL3MB48p:1,NS:PUBT,SAN.MC
2025-01-23 09:27:05.048,Adobe Third Quarter 13F Filing: Banco Santander slashes 40.2% of its shareholding,urn:newsml:newsroom:20250123:nNRAv6ihvb:0,NS:NEWWIR,SAN.MC
2025-01-22 16:48:10.150,Banco Santander (SAN: EUR4.72) offers earnings yield of 13.9%,urn:newsml:newsroom:20250122:nNRAv68hls:0,NS:GLOSTO,SAN.MC
2025-01-22 16:47:43.232,Banco Santander (SAN: EUR4.72) offers dividend yield of 4.2%; -7c [1.5%],urn:newsml:newsroom:20250122:nNRAv68gbt:0,NS:GLOSTO,SAN.MC
2025-01-22 16:36:35.049,Pfizer Third Quarter 13F Filing: Banco Santander trims its shareholding by 0.3%,urn:newsml:newsroom:20250122:nNRAv685uq:0,NS:NEWWIR,SAN.MC
2025-01-22 16:26:59.232,NIKE Class B Third Quarter 13F Filing: Banco Santander cuts 8.1% of its shares,urn:newsml:newsroom:20250122:nNRAv684bm:0,NS:NEWWIR,SAN.MC
2025-01-22 15:33:48.670,Mexico Banking 21 Jan 25_EN,urn:newsml:newsroom:20250122:nNRAv67bro:0,NS:INDSNA,SAN.MC
2025-01-22 12:07:22.660,Santander faces customer backlash over threat to leave UK,urn:link:webnews:20250122:nNRAv6489g:0,NS:MSNUKA,SAN.MC
2025-01-22 11:32:27.235,Santander boss issues major update over fears bank could leave the UK,urn:newsml:newsroom:20250122:nNRAv63pn8:0,NS:MIRONL,SAN.MC
2025-01-22 10:57:06.771,Tesla Third Quarter 13F Filing: Banco Santander cuts 7.3% of its shares,urn:newsml:newsroom:20250122:nNRAv63biy:0,NS:NEWWIR,SAN.MC
2025-01-22 09:13:08.264,"Andrés Sansone, chief economist of Banco Santander: ""2025 in macroeconomic terms will be better than 2024"".",urn:newsml:newsroom:20250122:nNRAv61ro8:0,NS:NOTENG,SAN.MC
2025-01-22 08:44:42.763,Banco Santander (SAN) Projected to Post Earnings on Wednesday,urn:link:webnews:20250122:nNRAv61e6y:0,NS:MARBEA,SAN.MC
2025-01-22 08:42:15.864,Banco Santander (SAN) Projected to Post Earnings on Wednesday,urn:newsml:newsroom:20250122:nNRAv61df6:0,NS:TICREP,SAN.MC
2025-01-22 06:47:13.000,"Banco Santander (NYSE:SAN) Downgraded by StockNews.com to ""Hold""",urn:newsml:newsroom:20250122:nNRAv5zx0b:0,NS:TICREP,SAN.MC
2025-01-21 19:49:58.000,UPDATE 3-Banks running Trump 'war rooms' as bosses prepare for trade ructions,urn:newsml:reuters.com:20250121:nL5N3OH0EX:1,NS:RTRS,SAN.MC
2025-01-21 17:07:48.701,How Banco Santander's Tax Rate compares to Its Peers,urn:newsml:newsroom:20250121:nNRAv5sccv:0,NS:GLOSTO,SAN.MC
2025-01-21 16:48:01.963,Banco Santander (SAN: EUR4.79) offers dividend yield of 4.2%,urn:newsml:newsroom:20250121:nNRAv5s361:0,NS:GLOSTO,SAN.MC
2025-01-21 16:47:34.438,Banco Santander (SAN: EUR4.79) offers earnings yield of 13.7%; -10c [2.0%],urn:newsml:newsroom:20250121:nNRAv5s0sc:0,NS:GLOSTO,SAN.MC
2025-01-21 14:41:36.684,Santander advises 'buy' Indra and gives it a 40% upside potential,urn:newsml:newsroom:20250121:nNRAv5q6ux:0,NS:CENAFT,SAN.MC
2025-01-21 13:37:01.503,Boeing Third Quarter 13F Filing: Banco Santander trims its shareholding by 4.1%,urn:newsml:newsroom:20250121:nNRAv5p03e:0,NS:NEWWIR,SAN.MC
2025-01-21 11:16:39.000,UPDATE 2-UK's Reeves seeks to shield lenders in car loan mis-selling case,urn:newsml:reuters.com:20250121:nL2N3OH0EZ:3,NS:RTRS,SAN.MC
2025-01-21 10:25:46.000,UPDATE 1-Santander's Botin says loves Britain and it will remain a core market,urn:newsml:reuters.com:20250121:nL5N3OH0MU:1,NS:RTRS,SAN.MC
2025-01-21 09:28:03.000,"Santander's Botin tells Davos: UK is, will remain core market",urn:newsml:reuters.com:20250121:nS8N3OC0D2:1,NS:RTRS,SAN.MC
2025-01-21 08:08:45.728,How Banco Bilbao Vizcaya Argentaria's dividend compares to Banco Santander,urn:newsml:newsroom:20250121:nNRAv5kik9:0,NS:GLOSTO,SAN.MC
2025-01-21 06:13:15.254,Banco Santander's dilemma: is it a good option to leave the UK?,urn:newsml:newsroom:20250121:nNRAv5je6j:0,NS:NOTENG,SAN.MC
2025-01-21 00:58:10.667,Santander faces customer backlash and exodus over threat to leave UK,urn:link:webnews:20250121:nNRAv5gfx2:0,NS:YAHIRE,SAN.MC
2025-01-21 00:54:00.000,"UK's Reeves launches bid to protect car-loan providers in mis-selling case, FT reports",urn:newsml:reuters.com:20250121:nL3N3OG13R:4,NS:RTRS,SAN.MC
2025-01-20 22:47:06.872,Dos Grados Acquires Two Photovoltaic Solar Parks in Tordesillas,urn:newsml:reuters.com:20250120:nNRAv5fea7:1,NS:DATMTR,SAN.MC
2025-01-20 17:49:31.000,Banco Santander SA - 25 year FIXED rate Senior Preferred Estructurado 01/50 SPE 040,urn:newsml:reuters.com:20250120:nNDLHjY4g:1,NS:PUBT,SAN.MC
2025-01-20 16:52:03.511,"SPANISH BANKS COMPANY TOP 1 DAILY: TOP MOMENTUM UP IN THE PAST WEEK End-of-day: Monday January 20, 2025 16:00 (EST: 10:00, GMT: 15:00)",urn:newsml:newsroom:20250120:nNRAv5cxo2:0,NS:GLOUPM,SAN.MC
2025-01-20 16:47:36.240,Banco Santander (SAN: EUR4.89) offers dividend yield of 4.1%,urn:newsml:newsroom:20250120:nNRAv5cv7a:0,NS:GLOSTO,SAN.MC
2025-01-20 16:47:16.454,Banco Santander (SAN: EUR4.89) hits year-high 2nd time in one month; +10c [2.1%] Vol Index 1.4 [1 is avg],urn:newsml:newsroom:20250120:nNRAv5cuo5:0,NS:GLOSTO,SAN.MC
2025-01-20 16:32:40.989,Santander rushes guidance to managers as it reviews its future in UK,urn:newsml:reuters.com:20250120:nNRAv5bh7a:5,NS:THEGRD,SAN.MC
2025-01-20 14:40:39.828,Santander rushes guidance to managers as it reviews its future in UK,urn:link:webnews:20250120:nNRAv5bi9r:0,NS:WNCOMA,SAN.MC
2025-01-20 14:15:29.000,"BREAKINGVIEWS-Barclays-Santander UK is a matter of when, and how",urn:newsml:reuters.com:20250120:nL5N3OG0CN:1,NS:RTRS,SAN.MC
2025-01-20 13:55:19.000,UPDATE 1-UK's Reeves to meet key financial services sectors,urn:newsml:reuters.com:20250120:nL5N3OG0S0:1,NS:RTRS,SAN.MC
2025-01-20 13:24:09.000,UPDATE 1-Bank of England says it is open to pro-growth bank reforms,urn:newsml:reuters.com:20250120:nL5N3OG0PI:4,NS:RTRS,SAN.MC
2025-01-20 12:53:12.000,BoE says it is open to discussing more pro-growth measures with UK government,urn:newsml:reuters.com:20250120:nS8N3NA06Q:3,NS:RTRS,SAN.MC
2025-01-20 08:08:04.636,Banco Bilbao Vizcaya Argentaria continues to outperform Banco Santander by 2.0% year to date,urn:newsml:newsroom:20250120:nNRAv573gv:0,NS:GLOSTO,SAN.MC
2025-01-20 07:41:38.000,UPDATE 1-UK Stocks-Factors to watch on Jan 20,urn:newsml:reuters.com:20250120:nL3N3OG0GI:1,NS:RTRS,SAN.MC
2025-01-20 05:21:00.000,UK Stocks-Factors to watch on Jan 20,urn:newsml:reuters.com:20250120:nL3N3OG0AP:1,NS:RTRS,SAN.MC
2025-01-19 19:24:44.000,"UPDATE 2-Santander reviews UK retail banking presence amid broader assessment, source says",urn:newsml:reuters.com:20250119:nL2N3OF02N:1,NS:RTRS,SAN.MC
2025-01-19 14:17:38.906,"Santander considers UK exit amid frustrations with high street banking, FT reports --",urn:link:webnews:20250119:nNRAv51345:0,NS:MSNUKA,SAN.MC
2025-01-18 23:21:23.805,Boeing Third Quarter 13F Filing: Banco Santander trims its shareholding by 4.1%,urn:newsml:newsroom:20250118:nNRAv4wdwj:0,NS:NEWWIR,SAN.MC
2025-01-18 05:56:59.371,Weekly: Banco Santander (SAN: EUR4.79) accelerates rise: up 9% in 2 weeks; +22c [4.8%],urn:newsml:newsroom:20250118:nNRAv4pvrc:0,NS:GLOWEE,SAN.MC
2025-01-17 16:53:35.457,Weekly: Banco Santander (SAN: EUR4.79) accelerates rise: up 9% in 2 weeks; +22c [4.8%],urn:newsml:newsroom:20250117:nNRAv4iv2z:0,NS:GLOWEE,SAN.MC
2025-01-17 16:48:07.035,Banco Santander (SAN: EUR4.79) offers dividend yield of 4.2%,urn:newsml:newsroom:20250117:nNRAv4io3r:0,NS:GLOSTO,SAN.MC
2025-01-17 16:47:49.216,"Banco Santander (SAN: EUR4.79) rises in 4 out of last 5 days, 5-day rise of 4.8%; +3c [0.6%]",urn:newsml:newsroom:20250117:nNRAv4ip1l:0,NS:GLOSTO,SAN.MC
2025-01-17 10:34:31.000,Banco Santander SA - 10 year Fixed rate Senior Non Preferred 01/2035 SNP 242,urn:newsml:reuters.com:20250117:nNDL3HQnbL:1,NS:PUBT,SAN.MC
2025-01-17 10:12:58.000,Banco Santander SA - 10 year Fixed rate Senior Non Preferred 01/2025 SNP 242,urn:newsml:reuters.com:20250117:nNDL4hYbPp:1,NS:PUBT,SAN.MC
2025-01-17 10:12:52.000,Banco Santander SA - 5 year Fixed rate Senior Non Preferred 01/2025 SNP 241,urn:newsml:reuters.com:20250117:nNDL3bJbXN:1,NS:PUBT,SAN.MC
2025-01-17 02:05:28.002,"Banco Santander, S.A. (OTCMKTS:BCDRF) Short Interest Update",urn:newsml:newsroom:20250117:nNRAv47bxr:0,NS:MARDAJ,SAN.MC
2025-01-16 22:53:09.393,Ebury Partners to Acquire ArcaPay,urn:newsml:reuters.com:20250116:nNRAv45xf7:1,NS:DATMTR,SAN.MC
2025-01-16 16:48:15.111,"Banco Santander (SAN: EUR4.76) offers earnings yield of 13.7%, hits 262-day high",urn:newsml:newsroom:20250116:nNRAv41yy1:0,NS:GLOSTO,SAN.MC
2025-01-16 16:47:40.706,"Banco Santander (SAN: EUR4.76) offers dividend yield of 4.2%, hits 262-day high; -2c [0.4%]",urn:newsml:newsroom:20250116:nNRAv41xsj:0,NS:GLOSTO,SAN.MC
2025-01-16 14:38:55.000,UPDATE 1-TransUnion buys out banks in Mexican credit bureau arm in $560 million deal,urn:newsml:reuters.com:20250116:nL1N3OC0J9:3,NS:RTRS,SAN.MC
2025-01-16 12:38:04.000,Banco Santander Mexico to sell stake in TransUnion Mexico,urn:newsml:reuters.com:20250116:nS8N3MB04N:4,NS:RTRS,SAN.MC
2025-01-16 12:04:53.000,FACTBOX-European companies cut jobs as economy sputters,urn:newsml:reuters.com:20250116:nL8N3OC0O1:4,NS:RTRS,SAN.MC
2025-01-16 11:12:09.567,35 UF to be returned to the bank: Justice determines that the theft from the account was the customer's responsibility,urn:newsml:newsroom:20250116:nNRAv3wgy1:0,NS:NOTENG,SAN.MC
2025-01-15 18:18:14.000,Spanish watchdog says concentration of banks not behind lower deposit returns,urn:newsml:reuters.com:20250115:nL5N3MZ14Y:1,NS:RTRS,SAN.MC
2025-01-15 16:48:12.764,"Banco Santander (SAN: EUR4.78) offers dividend yield of 4.2%, hits 261-day high",urn:newsml:newsroom:20250115:nNRAv3l46i:0,NS:GLOSTO,SAN.MC
2025-01-15 16:47:40.420,"Banco Santander (SAN: EUR4.78) offers earnings yield of 13.7%, hits 261-day high; +10c [2.1%]",urn:newsml:newsroom:20250115:nNRAv3l30k:0,NS:GLOSTO,SAN.MC
2025-01-15 09:08:42.678,Banco Santander's Earnings Growth Outperforms Bankinter,urn:newsml:newsroom:20250115:nNRAv3e10n:0,NS:GLOSTO,SAN.MC
2025-01-15 08:08:04.685,Banco de Sabadell's Earnings Growth Outperforms Banco Santander,urn:newsml:newsroom:20250115:nNRAv3dd9a:0,NS:GLOSTO,SAN.MC
2025-01-14 18:08:02.105,Banco Santander's Earnings Growth Lags Banco de Sabadell,urn:newsml:newsroom:20250114:nNRAv35buv:0,NS:GLOSTO,SAN.MC
2025-01-14 17:37:17.363,"German trading: Banco Santander (BSD2: EUR4.68) adds EUR2 billion ($2 billion) (3.1%) in MCap, top heavyweight rise in Bank sector; +14c [3.1%] Vol...",urn:newsml:newsroom:20250114:nNRAv34vfg:0,NS:GERCOM,SAN.MC
2025-01-14 17:07:37.357,How Banco Santander's Tax Rate compares to Its Peers,urn:newsml:newsroom:20250114:nNRAv34gyp:0,NS:GLOSTO,SAN.MC
2025-01-14 16:48:01.027,"Banco Santander (SAN: EUR4.68) offers dividend yield of 4.3%, hits 32-day high",urn:newsml:newsroom:20250114:nNRAv3466f:0,NS:GLOSTO,SAN.MC
2025-01-14 16:47:46.677,"Banco Santander (SAN: EUR4.68) accelerates rise, up 2.4% in 2 days; +11c [2.4%]",urn:newsml:newsroom:20250114:nNRAv34728:0,NS:GLOSTO,SAN.MC
2025-01-14 13:59:15.910,Fourth Quarter 2024 Analyst and Investor Webcast / Conference Call,urn:newsml:newsroom:20250114:nVMNtbHSQa:0,NS:CMNW,SAN.MC
2025-01-14 10:12:49.358,Ebury to acquire Lithuanian international payments provider ArcaPay,urn:newsml:newsroom:20250114:nNRAv2yk0g:0,NS:NOTENG,SAN.MC
2025-01-14 10:12:24.701,Ebury to acquire Lithuanian international payments provider ArcaPay,urn:newsml:newsroom:20250114:nNRAv2yhoc:0,NS:NOTENG,SAN.MC
2025-01-14 08:08:43.368,How Banco Bilbao Vizcaya Argentaria's dividend compares to Banco Santander,urn:newsml:newsroom:20250114:nNRAv2wxvc:0,NS:GLOSTO,SAN.MC
2025-01-13 22:38:37.695,Santander Consumer Bank Raises USD44.84 Million in Private Placement of Floating Rate Senior Unsecured Bonds Due 2028,urn:newsml:reuters.com:20250113:nNRAv2s9os:1,NS:DATMTR,SAN.MC
2025-01-13 22:35:39.000,Banco Santander-Chile - Monthly financial summary December 2024,urn:newsml:reuters.com:20250113:nNDL1KFClW:1,NS:PUBT,SAN.MC
2025-01-13 21:46:29.042,Banco Santander Chile: Announces Fourth Quarter 2024 Analyst and Investor Webcast / Conference Call,urn:newsml:reuters.com:20250113:nGNX8wRd3F:1,NS:GNW,SAN.MC
2025-01-13 21:26:21.000,Banco Santander-Chile - Banco Santander Chile and Subsidiaries Consolidated Financial Information Form 6 K,urn:newsml:reuters.com:20250113:nNDL3LPj75:1,NS:PUBT,SAN.MC
2025-01-13 16:47:55.783,Banco Santander (SAN: EUR4.58) offers dividend yield of 4.4%,urn:newsml:newsroom:20250113:nNRAv2oa15:0,NS:GLOSTO,SAN.MC
2025-01-13 16:47:23.824,Banco Santander (SAN: EUR4.58) rises on increasing volatility; +1c [0.2%],urn:newsml:newsroom:20250113:nNRAv2o88h:0,NS:GLOSTO,SAN.MC
2025-01-13 10:06:29.545,Can Banco Santander rebound after recent dip?,urn:newsml:newsroom:20250113:nNRAv2izb0:0,NS:GLOROU,SAN.MC
2025-01-13 10:05:04.000,CORRECTED-Brazil startup partners with agro firm to reforest degraded Amazon land,urn:newsml:reuters.com:20250113:nL1N3O50N4:1,NS:RTRS,SAN.MC
2025-01-13 08:06:56.632,Banco Bilbao Vizcaya Argentaria continues to outperform Banco Santander by 4.9% in the past three months,urn:newsml:newsroom:20250113:nNRAv2ho38:0,NS:GLOSTO,SAN.MC
2025-01-12 13:07:05.499,Banco Santander ADR decreases 4.7% in 2025,urn:newsml:newsroom:20250112:nNRAv2co84:0,NS:GLOROU,SAN.MC
2025-01-12 07:07:21.573,Banco Santander ADR decreases 4.7% in 2025,urn:newsml:newsroom:20250112:nNRAv2amrz:0,NS:GLOROU,SAN.MC
2025-01-11 14:18:43.185,"Friday January 10, 2025 What Happened Today to the Banco Santander ADR",urn:newsml:newsroom:20250111:nNRAv271k4:0,NS:GLOROU,SAN.MC
2025-01-11 07:58:03.968,"Friday January 10, 2025 What Happened Today to the Banco Santander ADR",urn:newsml:newsroom:20250111:nNRAv24hqe:0,NS:GLOROU,SAN.MC
2025-01-11 05:57:12.724,Weekly: Banco Santander (SAN: EUR4.57) climbs 4.1% on below average volume; +18c [4.1%],urn:newsml:newsroom:20250111:nNRAv23qmj:0,NS:GLOWEE,SAN.MC
2025-01-11 04:02:13.545,Banco Santander ADR decreases 4.7% in 2025,urn:newsml:newsroom:20250111:nNRAv232uf:0,NS:GLOROU,SAN.MC
2025-01-11 03:52:24.548,"Friday January 10, 2025 What Happened Today to the Banco Santander ADR",urn:newsml:newsroom:20250111:nNRAv230r5:0,NS:GLOROU,SAN.MC
2025-01-11 03:52:07.690,"Friday January 10, 2025 Banco Santander ADR: How it compares to other IDRs and ADRs",urn:newsml:newsroom:20250111:nNRAv2300w:0,NS:GLOROU,SAN.MC
2025-01-10 17:42:15.900,German trading: Banco Santander (BSD2: EUR4.58) in 2nd consecutive rise; +4c [0.9%] Vol Index 1.6 [1 is avg],urn:newsml:newsroom:20250110:nNRAv1yt4o:0,NS:GERCOM,SAN.MC
2025-01-10 16:53:05.952,Weekly: Banco Santander (SAN: EUR4.57) climbs 4.1% on below average volume; +18c [4.1%],urn:newsml:newsroom:20250110:nNRAv1y63e:0,NS:GLOWEE,SAN.MC
2025-01-10 16:49:03.376,Banco Santander trades 0 percent unchanged on Friday 10th of January,urn:newsml:newsroom:20250110:nNRAv1y3qm:0,NS:STOCKP,SAN.MC
2025-01-10 16:47:24.398,Banco Santander (SAN: EUR4.57) offers dividend yield of 4.4%,urn:newsml:newsroom:20250110:nNRAv1xz6h:0,NS:GLOSTO,SAN.MC
2025-01-10 12:33:06.000,FACTBOX-European companies cut jobs as economy sputters,urn:newsml:reuters.com:20250110:nL8N3O60QR:1,NS:RTRS,SAN.MC
2025-01-09 16:47:38.024,Banco Santander (SAN: EUR4.57) offers earnings yield of 14.3%; +2c [0.4%],urn:newsml:newsroom:20250109:nNRAv1ke1s:0,NS:GLOSTO,SAN.MC
2025-01-08 16:47:39.785,Banco Santander (SAN: EUR4.55) decreases on slipping relative strength; -4c [0.9%],urn:newsml:newsroom:20250108:nNRAv15plg:0,NS:GLOSTO,SAN.MC
2025-01-08 15:08:12.219,Banco Santander's Earnings Growth Outperforms Bankinter,urn:newsml:newsroom:20250108:nNRAv14g38:0,NS:GLOSTO,SAN.MC
2025-01-08 14:04:29.000,Santander UK plc - Issuer Document,urn:newsml:reuters.com:20250108:nNDL7jTZSs:1,NS:PUBT,SAN.MC
2025-01-08 14:03:48.000,Santander UK plc - Issuer Document,urn:newsml:reuters.com:20250108:nNDLcdF1ry:1,NS:PUBT,SAN.MC
2025-01-08 11:07:44.673,Banco Santander's Earnings Growth Lags Banco de Sabadell,urn:newsml:newsroom:20250108:nNRAv116xh:0,NS:GLOSTO,SAN.MC
2025-01-08 10:08:21.165,How Banco Santander's Tax Rate compares to Its Peers,urn:newsml:newsroom:20250108:nNRAv10ia5:0,NS:GLOSTO,SAN.MC
2025-01-08 09:08:02.900,Banco de Sabadell's Earnings Growth Outperforms Banco Santander,urn:newsml:newsroom:20250108:nNRAv0zvg5:0,NS:GLOSTO,SAN.MC
2025-01-08 09:07:55.779,Banco Santander continues to underperform Unicaja Banco by 4.4% in the past month,urn:newsml:newsroom:20250108:nNRAv0zu3i:0,NS:GLOSTO,SAN.MC
2025-01-08 08:08:47.966,Banco Santander continues to outperform CaixaBank by 0.4% in the past month,urn:newsml:newsroom:20250108:nNRAv0z8r4:0,NS:GLOSTO,SAN.MC
2025-01-08 06:07:41.973,Fiscal Q1 2025 Revenues --,urn:link:webnews:20250108:nNRAv0y56u:0,NS:FINGEV,SAN.MC
2025-01-07 22:11:44.760,Santander launches four simultaneous bond repurchase offers in exchange for cash,urn:newsml:newsroom:20250107:nNRAv0untv:0,NS:NOTENG,SAN.MC
2025-01-07 18:07:40.265,Banco Santander continues to outperform Bankinter by 0.6% in the past month,urn:newsml:newsroom:20250107:nNRAv0sch9:0,NS:GLOSTO,SAN.MC
2025-01-07 17:07:24.904,Banco Santander continues to underperform Banco de Sabadell by 5.3% in the past month,urn:newsml:newsroom:20250107:nNRAv0rgnx:0,NS:GLOSTO,SAN.MC
2025-01-07 16:47:22.375,Banco Santander (SAN: EUR4.59) offers dividend yield of 4.4%; +6c [1.3%],urn:newsml:newsroom:20250107:nNRAv0r5jv:0,NS:GLOSTO,SAN.MC
2025-01-07 15:08:24.553,Banco Bilbao Vizcaya Argentaria continues to outperform Banco Santander by 5.1% in the past month,urn:newsml:newsroom:20250107:nNRAv0pz9q:0,NS:GLOSTO,SAN.MC
2025-01-07 15:07:48.775,Banco Santander Continues to Underperform its Peers,urn:newsml:newsroom:20250107:nNRAv0pxvo:0,NS:GLOSTO,SAN.MC
2025-01-07 08:09:37.437,How Banco Bilbao Vizcaya Argentaria's dividend compares to Banco Santander,urn:newsml:newsroom:20250107:nNRAv0kxqz:0,NS:GLOSTO,SAN.MC
2025-01-07 03:14:07.290,Division in the transport union due to the trucker's strike on January 7,urn:newsml:newsroom:20250107:nNRAv0hwhp:0,NS:NOTENG,SAN.MC
2025-01-07 03:13:05.116,Banco Santander files for Tonka Tomicic's bankruptcy due to millions of dollars in debtsExclusive subscriber,urn:newsml:newsroom:20250107:nNRAv0hwvg:0,NS:NOTENG,SAN.MC
2025-01-07 02:11:48.481,URGENT | Famous bank reportedly filed for bankruptcy of Tonka Tomicic,urn:newsml:newsroom:20250107:nNRAv0hes0:0,NS:NOTENG,SAN.MC
2025-01-06 16:47:35.211,Banco Santander (SAN: EUR4.53) up 3.4% in 2 days; +15c [3.4%],urn:newsml:newsroom:20250106:nNRAv0c1a4:0,NS:GLOSTO,SAN.MC
2025-01-06 15:44:14.796,Monthly: Banco Santander (SAN: EUR4.46) rises 2% on high volatility in December 2024,urn:newsml:newsroom:20250106:nNRAv0b92b:0,NS:GLOSTP,SAN.MC
2025-01-04 05:51:59.654,Weekly: Banco Santander (SAN: EUR4.39) increases 0.5% on below average volume; +2c [0.5%],urn:newsml:newsroom:20250104:nNRAuzrdc3:0,NS:GLOWEE,SAN.MC
2025-01-03 16:49:36.445,Weekly: Banco Santander (SAN: EUR4.39) increases 0.5% on below average volume; +2c [0.5%],urn:newsml:newsroom:20250103:nNRAuzl7kb:0,NS:GLOWEE,SAN.MC
2025-01-03 16:49:04.278,Banco Santander (SAN: EUR4.39) offers earnings yield of 14.9%; +1c [0.2%],urn:newsml:newsroom:20250103:nNRAuzl6qb:0,NS:GLOSTO,SAN.MC
2025-01-03 15:40:57.000,"Banco Santander SA - Senior Preferred, Serie 2721",urn:newsml:reuters.com:20250103:nNDLc368yX:1,NS:PUBT,SAN.MC
2025-01-03 12:52:48.353,Santander BP lender increases legal risk impact of FX loans on Q4 result to PLN 1.17 bln,urn:newsml:reuters.com:20250103:nNRAuzictv:1,NS:PAPINS,SAN.MC
2025-01-03 12:32:52.428,Santander BP Legal Risk Estimate Change To Up Q4 2024 Pre-Tax Profit Impact By 119.4 Mln Zlotys,urn:newsml:reuters.com:20250103:nRSD8lXsv6:1,NS:SIGDEV,SAN.MC
2025-01-03 08:31:55.996,"Santander supports Spanish agri-food sector with €5.3 billion in 2024, up 23%",urn:newsml:newsroom:20250103:nNRAuzffn1:0,NS:INDBAN,SAN.MC
2025-01-03 07:07:43.599,Banco Santander continues to underperform Unicaja Banco by 32.8% year to date,urn:newsml:newsroom:20250103:nNRAuzemm6:0,NS:GLOSTO,SAN.MC
2025-01-02 21:07:47.000,Banco Santander SA - Consolidated Financial Statements Form 6 K,urn:newsml:reuters.com:20250102:nNDLsQfRg:1,NS:PUBT,SAN.MC
2025-01-02 16:47:11.915,"Banco Santander (SAN: EUR4.38) in bottom 2% performers of IBEX 35 Index, hits 92-day low; -8c [1.8%]",urn:newsml:newsroom:20250102:nNRAuz80b5:0,NS:GLOSTO,SAN.MC
2025-01-02 13:12:38.242,Intesa Sanpaolo leads the Eurozone by market capitalisation --,urn:link:webnews:20250102:nNRAuz5f8q:0,NS:YAHNEX,SAN.MC
2025-01-02 13:03:39.583,Intesa Sanpaolo leads the Eurozone by market capitalisation --,urn:link:webnews:20250102:nNRAuz5brf:0,NS:FINDEH,SAN.MC
2025-01-02 13:00:10.909,Intesa Sanpaolo leads the Eurozone by market capitalisation --,urn:link:webnews:20250102:nNRAuz566r:0,NS:NIPJOU,SAN.MC
2025-01-02 12:59:41.450,Intesa Sanpaolo leads the Eurozone by market capitalisation --,urn:link:webnews:20250102:nNRAuz54ux:0,NS:GRAIND,SAN.MC
2025-01-02 10:07:20.359,Banco Santander continues to underperform CaixaBank by 33.5% year to date,urn:newsml:newsroom:20250102:nNRAuz35xk:0,NS:GLOSTO,SAN.MC
2025-01-02 09:07:23.673,Banco Santander continues to underperform Bankinter by 18.1% year to date,urn:newsml:newsroom:20250102:nNRAuz2naf:0,NS:GLOSTO,SAN.MC
2025-01-02 08:08:23.659,Banco de Sabadell continues to outperform Banco Santander by 56.9% year to date,urn:newsml:newsroom:20250102:nNRAuz239i:0,NS:GLOSTO,SAN.MC
2025-01-02 08:08:22.607,Banco Bilbao Vizcaya Argentaria continues to underperform Banco Santander by 0.5% year to date,urn:newsml:newsroom:20250102:nNRAuz22kd:0,NS:GLOSTO,SAN.MC
2025-01-02 08:08:13.452,Banco Santander continues to underperform Banco de Sabadell by 56.9% year to date,urn:newsml:newsroom:20250102:nNRAuz22ke:0,NS:GLOSTO,SAN.MC
2025-01-02 07:17:52.878,Monthly: Banco Santander (SAN: EUR4.46) rises 2% on high volatility in December 2024,urn:newsml:newsroom:20250102:nNRAuz1l8m:0,NS:GLOSTO,SAN.MC
2025-01-02 07:17:47.190,"Banco Santander climbs 23% in 2024, outperforming Banks company Tuesday December 31, 2024",urn:newsml:newsroom:20250102:nNRAuz1kbd:0,NS:GLOSTO,SAN.MC
2025-01-02 07:14:19.435,Banco Santander continues to outperform Banco Bilbao Vizcaya Argentaria by 0.5% year to date,urn:newsml:newsroom:20250102:nNRAuz1i4h:0,NS:GLOSTO,SAN.MC
2025-01-02 07:14:18.754,Banco de Sabadell's Earnings Growth Outperforms Banco Santander,urn:newsml:newsroom:20250102:nNRAuz1igc:0,NS:GLOSTO,SAN.MC
2025-01-01 18:00:58.989,With a trading volume of EUR 57.5 mn SAN.MC trades 1.55 percent higher today,urn:newsml:newsroom:20250101:nNRAuyx15x:0,NS:STOCKP,SAN.MC
2025-01-01 03:57:25.073,End-of-Quarter Synopsis Monthly : Banco Santander (SAN: EUR4.46) rises 2% on high volatility in December 2024,urn:newsml:newsroom:20250101:nNRAuyrrnp:0,NS:GLOSTO,SAN.MC
2025-01-01 03:53:49.079,Monthly: Banco Santander (SAN: EUR4.46) rises 2% on high volatility in December 2024,urn:newsml:newsroom:20250101:nNRAuyrrwy:0,NS:GLOSTP,SAN.MC
2025-01-01 03:47:27.099,Banco Santander (SAN: EUR4.46) offers dividend yield of 4.5%; +7c [1.6%],urn:newsml:newsroom:20250101:nNRAuyrjyn:0,NS:GLOSTO,SAN.MC
2024-12-31 18:07:20.078,Banco Santander's Earnings Growth Outperforms Bankinter,urn:newsml:newsroom:20241231:nNRAuynzew:0,NS:GLOSTO,SAN.MC
2024-12-31 17:08:43.344,Banco Santander's Earnings Growth Lags Banco de Sabadell,urn:newsml:newsroom:20241231:nNRAuynd2r:0,NS:GLOSTO,SAN.MC
2024-12-31 16:07:25.357,How Banco Santander's Tax Rate compares to Its Peers,urn:newsml:newsroom:20241231:nNRAuymovd:0,NS:GLOSTO,SAN.MC
2024-12-31 15:08:10.606,Banco Santander Continues to Underperform its Peers,urn:newsml:newsroom:20241231:nNRAuym4ya:0,NS:GLOSTO,SAN.MC
2024-12-31 09:07:50.941,How Banco Santander's dividend compares to Banco Bilbao Vizcaya Argentaria,urn:newsml:newsroom:20241231:nNRAuyi003:0,NS:GLOSTO,SAN.MC
2024-12-31 08:59:07.743,Banco Santander trades 0.19 percent higher on Tuesday 31st of December,urn:newsml:newsroom:20241231:nNRAuyhven:0,NS:STOCKP,SAN.MC
2024-12-31 08:08:32.963,How Banco Bilbao Vizcaya Argentaria's dividend compares to Banco Santander,urn:newsml:newsroom:20241231:nNRAuyhcyf:0,NS:GLOSTO,SAN.MC
2024-12-30 16:52:22.934,Banco Santander (SAN: EUR4.39) in 2nd consecutive rise; +7c [1.6%],urn:newsml:newsroom:20241230:nNRAuya2ks:0,NS:GLOSTO,SAN.MC
2024-12-30 10:07:23.155,Banco Santander continues to outperform CaixaBank by 1.4% in the past month,urn:newsml:newsroom:20241230:nNRAuy5bes:0,NS:GLOSTO,SAN.MC
2024-12-30 09:07:54.351,Banco Santander continues to underperform Bankinter by 3.2% in the past month,urn:newsml:newsroom:20241230:nNRAuy4p4k:0,NS:GLOSTO,SAN.MC
2024-12-30 09:07:07.054,SANTANDER BANK 2024-B: Moody's Assigns B3 Rating to Class F Notes,urn:newsml:newsroom:20241230:nNRAuy4op0:0,NS:TROREP,SAN.MC
2024-12-30 08:08:39.309,Banco de Sabadell continues to outperform Banco Santander by 2.5% in the past month,urn:newsml:newsroom:20241230:nNRAuy4265:0,NS:GLOSTO,SAN.MC
2024-12-30 08:08:20.762,Banco Santander continues to underperform Banco de Sabadell by 2.5% in the past month,urn:newsml:newsroom:20241230:nNRAuy42ui:0,NS:GLOSTO,SAN.MC
2024-12-30 08:08:20.271,Banco Bilbao Vizcaya Argentaria continues to outperform Banco Santander by 2.3% in the past month,urn:newsml:newsroom:20241230:nNRAuy42hs:0,NS:GLOSTO,SAN.MC
2024-12-30 07:08:09.977,Banco Santander continues to underperform Banco Bilbao Vizcaya Argentaria by 2.3% in the past month,urn:newsml:newsroom:20241230:nNRAuy3kkx:0,NS:GLOSTO,SAN.MC
2024-12-28 15:12:07.424,Banco Santander is trading -0.24 percent lower with a volume of EUR 40.9 mn on Saturday 28th of December,urn:newsml:newsroom:20241228:nNRAuxswoo:0,NS:STOCKP,SAN.MC
2024-12-28 05:52:02.039,Weekly: Banco Santander (SAN: EUR4.37) drops 3.1% on average volume; -14c [3.1%],urn:newsml:newsroom:20241228:nNRAuxp5rn:0,NS:GLOWEE,SAN.MC
2024-12-27 16:52:44.519,Weekly: Banco Santander (SAN: EUR4.37) drops 3.1% on average volume; -14c [3.1%],urn:newsml:newsroom:20241227:nNRAuxjm5w:0,NS:GLOWEE,SAN.MC
2024-12-27 16:47:33.286,Banco Santander (SAN: EUR4.37) offers earnings yield of 15%; +5c [1.2%],urn:newsml:newsroom:20241227:nNRAuxjico:0,NS:GLOSTO,SAN.MC
2024-12-26 19:42:01.885,"Coty top decliner in Banco Santander plummets 23.4% in 84 days Thursday December 26, 2024 07:12 EST",urn:newsml:newsroom:20241226:nNRAux76fs:0,NS:GLOBEA,SAN.MC
2024-12-26 17:42:23.433,"Coty top decliner in Banco Santander plummets 23.4% in 84 days Thursday December 26, 2024 07:12 EST",urn:newsml:newsroom:20241226:nNRAux64iq:0,NS:GLOBEA,SAN.MC
2024-12-26 14:41:34.703,Banco Santander makes strategic decisions on its stake in Caceis,urn:newsml:newsroom:20241226:nNRAux415d:0,NS:CENAFT,SAN.MC
2024-12-26 12:47:58.626,"Coty top decliner in Banco Santander plummets 23.4% in 84 days Thursday December 26, 2024 07:12 EST",urn:newsml:newsroom:20241226:nNRAux2mpq:0,NS:GLOBEA,SAN.MC
2024-12-25 21:11:53.279,On Wednesday 25th of December Banco Santander trades -0.24 percent lower,urn:newsml:newsroom:20241225:nNRAuwwn7a:0,NS:STOCKP,SAN.MC
2024-12-24 17:07:08.716,How Banco Santander's Tax Rate compares to Its Peers,urn:newsml:newsroom:20241224:nNRAuwlouo:0,NS:GLOSTO,SAN.MC
2024-12-24 16:07:28.038,Banco Santander continues to underperform Unicaja Banco by 27.3% year to date,urn:newsml:newsroom:20241224:nNRAuwl4d9:0,NS:GLOSTO,SAN.MC
2024-12-24 15:08:40.575,Banco Santander Continues to Underperform its Peers,urn:newsml:newsroom:20241224:nNRAuwkjrd:0,NS:GLOSTO,SAN.MC
2024-12-24 09:08:37.277,How Banco Santander's dividend compares to Banco Bilbao Vizcaya Argentaria,urn:newsml:newsroom:20241224:nNRAuwgc70:0,NS:GLOSTO,SAN.MC
2024-12-24 08:07:49.736,How Banco Bilbao Vizcaya Argentaria's dividend compares to Banco Santander,urn:newsml:newsroom:20241224:nNRAuwfpzs:0,NS:GLOSTO,SAN.MC
2024-12-23 16:52:26.040,Banco Santander (SAN: EUR4.32) offers dividend yield of 4.6%; -6c [1.4%],urn:newsml:newsroom:20241223:nNRAuw7zp1:0,NS:GLOSTO,SAN.MC
2024-12-23 12:53:54.171,Santander BP lender sees over PLN 1.05 bln in consolidated cost of FX mortgage risk in Q4,urn:newsml:reuters.com:20241223:nNRAuw4yvg:1,NS:PAPINS,SAN.MC
2024-12-23 11:23:50.444,With a trading volume of EUR 288.8 mn SAN.MC trades -0.95 percent lower today,urn:newsml:newsroom:20241223:nNRAuw3wmj:0,NS:STOCKP,SAN.MC
2024-12-23 10:07:27.233,Banco Santander continues to underperform CaixaBank by 21.1% year to date,urn:newsml:newsroom:20241223:nNRAuw34kj:0,NS:GLOSTO,SAN.MC
2024-12-23 09:07:40.833,Banco Santander continues to underperform Bankinter by 10.9% year to date,urn:newsml:newsroom:20241223:nNRAuw292b:0,NS:GLOSTO,SAN.MC
2024-12-23 08:07:34.999,Banco Bilbao Vizcaya Argentaria continues to underperform Banco Santander by 2.9% year to date,urn:newsml:newsroom:20241223:nNRAuw1m7x:0,NS:GLOSTO,SAN.MC
2024-12-23 08:07:33.837,Banco Santander continues to underperform Banco de Sabadell by 50.8% year to date,urn:newsml:newsroom:20241223:nNRAuw1m7y:0,NS:GLOSTO,SAN.MC
2024-12-23 07:08:06.187,Banco Santander continues to outperform Banco Bilbao Vizcaya Argentaria by 2.9% year to date,urn:newsml:newsroom:20241223:nNRAuw13nt:0,NS:GLOSTO,SAN.MC
2024-12-21 14:18:07.143,"Coty top decliner in Banco Santander plummets 23.4% in 81 days, hits twenty-six-month low; +4c [0.6%] Vol Index 1.6 [1 is avg]",urn:newsml:newsroom:20241221:nNRAuvpla9:0,NS:GLOSTO,SAN.MC
2024-12-21 13:12:48.083,Amazon used to defraud,urn:newsml:newsroom:20241221:nNRAuvp4t3:0,NS:NOTENG,SAN.MC
2024-12-21 07:33:31.382,"Coty top decliner in Banco Santander plummets 23.4% in 81 days, hits twenty-six-month low; +4c [0.6%] Vol Index 1.6 [1 is avg]",urn:newsml:newsroom:20241221:nNRAuvn0ci:0,NS:GLOSTO,SAN.MC
2024-12-21 05:57:08.887,Weekly: Banco Santander (SAN: EUR4.38) in bottom 1% performers of IBEX 35 Index in past week; -30c [6.4%],urn:newsml:newsroom:20241221:nNRAuvm9kx:0,NS:GLOWEE,SAN.MC
2024-12-20 22:54:39.280,Credit Agricole to Acquire Additional 30.5% Stake in CACEIS from Banco Santander,urn:newsml:reuters.com:20241220:nNRAuvj8pf:1,NS:DATMTR,SAN.MC
2024-12-20 21:45:48.000,Deals of the day-Mergers and acquisitions,urn:newsml:reuters.com:20241220:nL4N3NL1B8:1,NS:RTRS,SAN.MC
2024-12-20 18:55:24.699,"Credit Agricole Sa: Crédit Agricole S.A. has signed an agreement for the acquisition of Santander's 30.5% stake in CACEIS, its asset services provi...",urn:newsml:newsroom:20241220:nNRAuvh30g:0,NS:PLUCOM,SAN.MC
2024-12-20 16:52:55.450,Weekly: Banco Santander (SAN: EUR4.38) in bottom 1% performers of IBEX 35 Index in past week; -30c [6.4%],urn:newsml:newsroom:20241220:nNRAuvf9pi:0,NS:GLOWEE,SAN.MC
2024-12-20 16:47:31.884,Banco Santander (SAN: EUR4.38) down 2.9% in 2 days; -13c [2.9%],urn:newsml:newsroom:20241220:nNRAuvf5rf:0,NS:GLOSTO,SAN.MC
2024-12-20 14:55:29.000,Banco Santander SA - 10 years FIXED rate Senior Preferred Estructurado 12/34 SPE 038,urn:newsml:reuters.com:20241220:nNDL32F4cc:1,NS:PUBT,SAN.MC
2024-12-20 14:55:24.000,Banco Santander SA - 7 years FIXED rate Senior Preferred Estructurado 12/31 SPE 039,urn:newsml:reuters.com:20241220:nNDL6qYs4G:1,NS:PUBT,SAN.MC
2024-12-20 14:36:22.000,Deals of the day-Mergers and acquisitions,urn:newsml:reuters.com:20241220:nL4N3NL0VM:1,NS:RTRS,SAN.MC
2024-12-20 14:09:29.922,"Coty top decliner in Banco Santander plummets 23.8% in 80 days, hits 31-day low; +1c [0.1%]",urn:newsml:newsroom:20241220:nNRAuvdblc:0,NS:GLOSTO,SAN.MC
2024-12-20 12:18:40.776,"Moody's Ratings assigns definitive ratings to Santander Bank Auto Credit-Linked Notes, Series 2024-B",urn:newsml:newsroom:20241220:nNRAuvbk92:0,NS:PLUCOM,SAN.MC
2024-12-20 12:14:43.401,Credit Agricole buys remainder of Caceis custody and asset JV from Santander --,urn:link:webnews:20241220:nNRAuvbhre:0,NS:MSNUKA,SAN.MC
2024-12-20 11:13:35.031,Crédit Agricole Buys Santander's 30.5% Stake in CACEIS,urn:newsml:newsroom:20241220:nNRAuvarj6:0,NS:MARUSA,SAN.MC
2024-12-20 11:00:25.634,Americas Awards,urn:newsml:reuters.com:20241220:nIfpVQ0sv:1,NS:PFIE,SAN.MC
2024-12-20 10:02:43.208,Crédit Agricole to acquire Santander stake in Caceis --,urn:link:webnews:20241220:nNRAuv9v96:0,NS:FINEXT,SAN.MC
2024-12-20 09:07:15.215,Santander sells Caceis stake back to Credit Agricole --,urn:link:webnews:20241220:nNRAuv960x:0,NS:DIGITA,SAN.MC
2024-12-20 08:41:37.865,"Credit Agricole Sa: Crédit Agricole S.A. has signed an agreement for the acquisition of Santander's 30.5% stake in CACEIS, its asset services provi...",urn:newsml:newsroom:20241220:nNRAuv8wd4:0,NS:FINMON,SAN.MC
2024-12-20 07:34:34.481,"Coty top decliner in Banco Santander plummets 23.8% in 80 days, hits 31-day low; +1c [0.1%]",urn:newsml:newsroom:20241220:nNRAuv7ykg:0,NS:GLOSTO,SAN.MC
2024-12-20 07:32:32.000,UPDATE 1-Credit Agricole buys remainder of Caceis custody and asset JV from Santander,urn:newsml:reuters.com:20241220:nL6N3NL07X:2,NS:RTRS,SAN.MC
2024-12-20 07:25:15.000,Spanish stocks - Factors to watch on Dec 20,urn:newsml:reuters.com:20241220:nL8N3NL08L:1,NS:RTRS,SAN.MC
2024-12-20 07:00:04.457,REG - Banco Santander S.A. - Agreement for the sale of stake in CACEIS,urn:newsml:newsroom:20241220:nRST8436Qa:0,NS:LSE,SAN.MC
2024-12-20 06:55:56.000,Credit Agricole buys remainder of Caceis custody and asset JV from Santander,urn:newsml:reuters.com:20241220:nL1N3NL04T:5,NS:RTRS,SAN.MC
2024-12-20 05:48:40.156,Credit Agricole To Acquire Santander's 30.5% Stake In CACEIS --,urn:link:webnews:20241220:nNRAuv6shp:0,NS:FINDEH,SAN.MC
2024-12-20 03:14:00.283,Credit Agricole To Acquire Santander's 30.5% Stake In CACEIS,urn:newsml:newsroom:20241220:nNRAuv5o2m:0,NS:RTTNEW,SAN.MC
2024-12-20 01:01:38.782,"Credit Agricole Sa: Crédit Agricole S.A. has signed an agreement for the acquisition of Santander's 30.5% stake in CACEIS, its asset services provi...",urn:link:webnews:20241220:nNRAuv4my7:0,NS:FINSWI,SAN.MC
2024-12-20 00:03:40.047,"Credit Agricole Sa: Crédit Agricole S.A. has signed an agreement for the acquisition of Santander's 30.5% stake in CACEIS, its asset services provi...",urn:link:webnews:20241220:nNRAuv46o4:0,NS:TAICHI,SAN.MC
2024-12-19 21:36:01.078,Banco Santander (NYSE:SAN) Shares Gap Down – What's Next?,urn:newsml:newsroom:20241219:nNRAuv36pt:0,NS:CERGEM,SAN.MC
2024-12-19 21:01:29.692,"MIL-OSI: Credit Agricole Sa: Crédit Agricole S.A. has signed an agreement for the acquisition of Santander's 30.5% stake in CACEIS, its asset servi...",urn:newsml:newsroom:20241219:nNRAuv2ydk:0,NS:FORNZN,SAN.MC
2024-12-19 20:36:01.369,"(EN) Banco Santander, S.A. ESG (81637831)",urn:newsml:reuters.com:20241219:nGLF3VN46b:2,NS:GLFILE,SAN.MC
2024-12-19 20:10:35.141,Credit Agricole Says Signed An Agreement For The Acquisition Of Santander’s 30.5% Stake In CACEIS,urn:newsml:reuters.com:20241219:nRSD5vbhmj:1,NS:SIGDEV,SAN.MC
2024-12-19 20:04:13.925,"Credit Agricole Sa: Crédit Agricole S.A. has signed an agreement for the acquisition of Santander's 30.5% stake in CACEIS, its asset services provi...",urn:link:webnews:20241219:nNRAuv2bpj:0,NS:FINGEV,SAN.MC
2024-12-19 19:59:58.571,Santander Says Entered Into Agreement With Crédit Agricole For Sale To Crédit Agricole S.A. Of Its 30.5% Stake In CACEIS,urn:newsml:reuters.com:20241219:nRSD34ZPFp:1,NS:SIGDEV,SAN.MC
2024-12-19 19:56:47.000,BRIEF-Credit Agricole Says Signed An Agreement For The Acquisition Of Santander’s 30.5% Stake In CACEIS,urn:newsml:reuters.com:20241219:nTUA5SSSFV:1,NS:RTRS,SAN.MC
2024-12-19 19:47:40.000,BRIEF-Santander Says Entered Into Agreement With Crédit Agricole For Sale To Crédit Agricole S.A. Of Its 30.5% Stake In CACEIS,urn:newsml:reuters.com:20241219:nFWN3NK16E:1,NS:RTRS,SAN.MC
2024-12-19 19:42:04.597,"Coty top decliner in Banco Santander plummets 24.0% in 78 days, hits 29-day low Thursday December 19, 2024 07:12 EST",urn:newsml:newsroom:20241219:nNRAuv21yl:0,NS:GLOBEA,SAN.MC
2024-12-19 17:42:32.924,"Coty top decliner in Banco Santander plummets 24.0% in 78 days, hits 29-day low Thursday December 19, 2024 07:12 EST",urn:newsml:newsroom:20241219:nNRAuv0rwk:0,NS:GLOBEA,SAN.MC
2024-12-19 16:48:08.156,Banco Santander (SAN: EUR4.40) falls 2.4% on slipping relative strength; -11c [2.4%],urn:newsml:newsroom:20241219:nNRAuv00l7:0,NS:GLOSTO,SAN.MC
2024-12-19 13:21:14.000,FACTBOX-European companies cut jobs as economy sputters,urn:newsml:reuters.com:20241219:nL8N3NK0PQ:2,NS:RTRS,SAN.MC
2024-12-19 12:52:12.914,"Coty top decliner in Banco Santander plummets 24.0% in 78 days, hits 29-day low Thursday December 19, 2024 07:12 EST",urn:newsml:newsroom:20241219:nNRAuuw9bo:0,NS:GLOBEA,SAN.MC
2024-12-19 11:32:13.776,Santander's €60 Billion in Asset Shifts Is Set to Slow Next Year --,urn:link:webnews:20241219:nNRAuuva5j:0,NS:YAHNEX,SAN.MC
2024-12-19 06:30:00.000,"CRÉDIT AGRICOLE ANNOUNCES THE SIGNING OF AN AGREEMENT TO ACQUIRE SANTANDER'S 30.5% STAKE IN CACEIS, ITS ASSET SERVICING SUBSIDIARY, WITH THE AIM OF...",urn:newsml:newsroom:20241223:nNRAuw09n1:0,NS:INDBAN,SAN.MC
2024-12-18 16:47:41.181,Banco Santander (SAN: EUR4.51) offers earnings yield of 14.5%; +3c [0.7%],urn:newsml:newsroom:20241218:nNRAuuk8mi:0,NS:GLOSTO,SAN.MC
2024-12-18 12:11:34.542,"Wolverine Trading LLC Lowers Stock Position in Banco Santander, S.A. (NYSE:SAN)",urn:newsml:newsroom:20241218:nNRAuufzo1:0,NS:TICREP,SAN.MC
2024-12-18 10:48:31.646,"Banco Santander, S.A. (NYSE:SAN) Shares Bought by M&T Bank Corp --",urn:link:webnews:20241218:nNRAuuf3ek:0,NS:WKRNEW,SAN.MC
2024-12-18 10:46:13.173,"Stifel Financial Corp Grows Stock Position in Banco Santander, S.A. (NYSE:SAN) --",urn:link:webnews:20241218:nNRAuuez1z:0,NS:ETFDAI,SAN.MC
2024-12-18 08:07:58.159,Banco Santander's Earnings Growth Outperforms Bankinter,urn:newsml:newsroom:20241218:nNRAuud9o0:0,NS:GLOSTO,SAN.MC
2024-12-18 08:07:57.773,Banco de Sabadell's Earnings Growth Outperforms Banco Santander,urn:newsml:newsroom:20241218:nNRAuud88k:0,NS:GLOSTO,SAN.MC
2024-12-18 06:00:11.187,Op risk data: Santander in car crash of motor-finance fail --,urn:link:webnews:20241218:nNRAuubjzt:0,NS:RISNET,SAN.MC
2024-12-17 22:02:33.000,"Banco Santander SA - Senior Preferred, Serie 2729",urn:newsml:reuters.com:20241217:nNDL6ZTqlC:1,NS:PUBT,SAN.MC
2024-12-17 18:07:53.229,Banco Santander's Earnings Growth Lags Banco de Sabadell,urn:newsml:newsroom:20241217:nNRAuu5636:0,NS:GLOSTO,SAN.MC
2024-12-17 17:22:27.000,"UPDATE 2-Banks, oil stocks knock European shares to two-week lows",urn:newsml:reuters.com:20241217:nL4N3NI0KP:6,NS:RTRS,SAN.MC
2024-12-17 17:06:57.059,How Banco Santander's Tax Rate compares to Its Peers,urn:newsml:newsroom:20241217:nNRAuu4fk1:0,NS:GLOSTO,SAN.MC
2024-12-17 16:47:45.378,Banco Santander (SAN: EUR4.48) offers dividend yield of 4.5%; -19c [4.1%],urn:newsml:newsroom:20241217:nNRAuu44ba:0,NS:GLOSTO,SAN.MC
2024-12-17 14:04:00.000,UPDATE 3-Barclays loses UK motor finance challenge as redress looms,urn:newsml:reuters.com:20241217:nL8N3NI0JE:1,NS:RTRS,SAN.MC
2024-12-17 09:08:06.498,How Banco Santander's dividend compares to Banco Bilbao Vizcaya Argentaria,urn:newsml:newsroom:20241217:nNRAutxs90:0,NS:GLOSTO,SAN.MC
2024-12-17 08:09:10.197,How Banco Bilbao Vizcaya Argentaria's dividend compares to Banco Santander,urn:newsml:newsroom:20241217:nNRAutx3fi:0,NS:GLOSTO,SAN.MC
2024-12-16 19:42:23.048,"Coty top decliner in Banco Santander plunges 18.4% in 73 days Monday December 16, 2024 07:12 EST",urn:newsml:newsroom:20241216:nNRAutqsve:0,NS:GLOBEA,SAN.MC
2024-12-16 17:42:24.581,"Coty top decliner in Banco Santander plunges 18.4% in 73 days Monday December 16, 2024 07:12 EST",urn:newsml:newsroom:20241216:nNRAutpf9d:0,NS:GLOBEA,SAN.MC
2024-12-16 16:52:46.888,Banco Santander (SAN: EUR4.67) falls 1.5% from 14-day high; -1c [0.2%],urn:newsml:newsroom:20241216:nNRAutot5o:0,NS:GLOSTO,SAN.MC
2024-12-16 15:35:11.874,Mortgage price war erupts ahead of Christmas --,urn:link:webnews:20241216:nNRAutntl8:0,NS:MSNUKA,SAN.MC
2024-12-16 13:05:09.787,"Coty top decliner in Banco Santander plunges 18.4% in 73 days Monday December 16, 2024 07:12 EST",urn:newsml:newsroom:20241216:nNRAutlz2m:0,NS:GLOBEA,SAN.MC
2024-12-16 11:44:01.840,"Moody's Ratings affirms ratings of Santander Holdings USA, Inc. (senior unsecured at Baa2) and Santander Bank, N.A. (issuer rating at Baa1), outloo...",urn:newsml:newsroom:20241216:nNRAutklfj:0,NS:PLUCOM,SAN.MC
2024-12-16 08:07:57.782,Banco Bilbao Vizcaya Argentaria continues to underperform Banco Santander by 0.4% in the past three months,urn:newsml:newsroom:20241216:nNRAutibck:0,NS:GLOSTO,SAN.MC
2024-12-16 07:13:18.872,Banco Santander continues to outperform Banco Bilbao Vizcaya Argentaria by 0.4% in the past three months,urn:newsml:newsroom:20241216:nNRAuthv4o:0,NS:GLOSTO,SAN.MC
2024-12-16 07:07:22.990,"Banco Santander Compendium - A Snapshot as of December 13, 2024",urn:newsml:newsroom:20241216:nNRAuthouc:0,NS:GLOSTO,SAN.MC
2024-12-14 05:52:01.539,"Weekly: Banco Santander (SAN: EUR4.68) rises for a third consecutive week, a three-week rise of 7%; +5c [1.1%]",urn:newsml:newsroom:20241214:nNRAut0v4f:0,NS:GLOWEE,SAN.MC
2024-12-13 20:25:20.680,Banco Santander trades 0.53 percent higher on Friday 13th of December,urn:newsml:newsroom:20241213:nNRAuswufp:0,NS:STOCKP,SAN.MC
2024-12-13 19:42:05.990,"Coty top decliner in Banco Santander plunges 18.7% in 72 days Friday December 13, 2024 07:12 EST",urn:newsml:newsroom:20241213:nNRAuswbag:0,NS:GLOBEA,SAN.MC
2024-12-13 17:42:29.227,"Coty top decliner in Banco Santander plunges 18.7% in 72 days Friday December 13, 2024 07:12 EST",urn:newsml:newsroom:20241213:nNRAusuyq1:0,NS:GLOBEA,SAN.MC
2024-12-13 16:48:12.887,"Weekly: Banco Santander (SAN: EUR4.68) rises for a third consecutive week, a three-week rise of 7%; +5c [1.1%]",urn:newsml:newsroom:20241213:nNRAusu2lc:0,NS:GLOWEE,SAN.MC
2024-12-13 16:47:48.011,Banco Santander (SAN: EUR4.68) in 2nd consecutive rise; +4c [0.9%],urn:newsml:newsroom:20241213:nNRAusu1rr:0,NS:GLOSTO,SAN.MC
2024-12-13 16:29:08.471,"Charles Schwab Investment Management Inc. Purchases 193,255 Shares of Banco Santander, S.A. (NYSE:SAN) --",urn:link:webnews:20241213:nNRAustv2e:0,NS:ETFDAI,SAN.MC
2024-12-13 14:16:28.000,Who's moving where,urn:newsml:reuters.com:20241213:nIfp705n7g:1,NS:IFR,SAN.MC
2024-12-13 12:52:10.688,"Coty top decliner in Banco Santander plunges 18.7% in 72 days Friday December 13, 2024 07:12 EST",urn:newsml:newsroom:20241213:nNRAusqw38:0,NS:GLOBEA,SAN.MC
2024-12-13 10:00:04.016,REG - Santander UKGrp Hdgs Santander UK Plc - Directorate Change,urn:newsml:newsroom:20241213:nRSM0381Qa:0,NS:LSE,SAN.MC
2024-12-13 10:00:01.000,REG - Santander UKGrp Hdgs Santander UK Plc  - Directorate Change,urn:newsml:reuters.com:20241213:nRSM0381Qa:1,NS:LSE,SAN.MC
2024-12-13 09:52:22.000,Banco Santander SA - 4 years FIXED rate Senior Preferred 12/28 SP-240,urn:newsml:reuters.com:20241213:nNDL8w9fTC:1,NS:PUBT,SAN.MC
2024-12-13 08:42:24.073,Morgan Stanley Set To Buy 900 Million Euros Of Santander Mortgages - Bloomberg News,urn:newsml:reuters.com:20241213:nRSD1rWTm:1,NS:SIGDEV,SAN.MC
2024-12-13 08:28:39.000,BRIEF-Morgan Stanley Set To Buy 900 Million Euros Of Santander Mortgages - Bloomberg News,urn:newsml:reuters.com:20241213:nFWN3ND1R1:1,NS:RTRS,SAN.MC
2024-12-13 06:12:49.296,Santander Hires Nitin Prabhu As Global Head Of Digital Consumer Bank,urn:newsml:reuters.com:20241213:nRSD1snNKt:1,NS:SIGDEV,SAN.MC
2024-12-12 16:47:41.447,"Banco Santander (SAN: EUR4.67) offers earnings yield of 14%, hits 191-day high; +3c [0.6%]",urn:newsml:newsroom:20241212:nNRAusf3p4:0,NS:GLOSTO,SAN.MC
2024-12-12 06:30:00.000,Fitch Affirms Santander Bank Auto Credit-Linked Notes 2022-A,urn:newsml:newsroom:20241227:nNRAuxciib:0,NS:INDBAN,SAN.MC
2024-12-11 21:42:18.000,Banco Santander-Chile - Monthly financial summary November 2024,urn:newsml:reuters.com:20241211:nNDL35zlRY:1,NS:PUBT,SAN.MC
2024-12-11 21:07:09.000,Banco Santander-Chile - Banco Santander Chile and Subsidiaries Consolidated Financial Information Form 6 K,urn:newsml:reuters.com:20241211:nNDLc5c4c2:1,NS:PUBT,SAN.MC
2024-12-11 16:47:35.705,Banco Santander (SAN: EUR4.64) offers dividend yield of 4.3%; -3c [0.6%],urn:newsml:newsroom:20241211:nNRAurzut9:0,NS:GLOSTO,SAN.MC
2024-12-11 15:06:44.000,UPDATE 3-UK's Close Bros granted permission to appeal motor finance ruling,urn:newsml:reuters.com:20241211:nL4N3NC0RH:1,NS:RTRS,SAN.MC
2024-12-11 13:33:36.917,SREP Capital Requirements 2025 --,urn:link:webnews:20241211:nNRAurx13s:0,NS:DIGITA,SAN.MC
2024-12-11 12:00:06.282,REG - Banco Santander S.A. - SREP Capital Requirements 2025,urn:newsml:newsroom:20241211:nRSK7194Pa:0,NS:LSE,SAN.MC
2024-12-11 12:00:00.000,REG - Banco Santander S.A.  - SREP Capital Requirements 2025,urn:newsml:reuters.com:20241211:nRSK7194Pa:1,NS:LSE,SAN.MC
2024-12-11 08:40:15.647,Santander Hires Nitin Prabhu As Global Head Of Digital Consumer Bank,urn:newsml:reuters.com:20241211:nRSD1snNKt:1,NS:SIGDEV,SAN.MC
2024-12-11 08:27:13.000,BRIEF-Santander Hires Nitin Prabhu As Global Head Of Digital Consumer Bank,urn:newsml:reuters.com:20241211:nFWN3NC0MB:1,NS:RTRS,SAN.MC
2024-12-11 08:02:18.000,Banco Santander SA - Santander hires Nitin Prabhu as global head of Digital Consumer Bank,urn:newsml:reuters.com:20241211:nNDL4Fyf3l:1,NS:PUBT,SAN.MC
2024-12-10 18:47:12.097,"Investment Analysts' Downgrades for December 10th (AAOI, AMBA, APO, BSBR, BSIG, BTGOF, CARM, CCI, CHCI, CNC)",urn:newsml:newsroom:20241210:nNRAurlvw6:0,NS:ZOLCOM,SAN.MC
2024-12-10 18:17:19.952,"Investment Analysts' Downgrades for December 10th (AAOI, AMBA, APO, BSBR, BSIG, BTGOF, CARM, CCI, CHCI, CNC) --",urn:link:webnews:20241210:nNRAurlkvr:0,NS:WKRNEW,SAN.MC
2024-12-10 16:47:39.731,Banco Santander (SAN: EUR4.67) closes at 4.3% above VWAP; +4c [0.9%],urn:newsml:newsroom:20241210:nNRAurk8ys:0,NS:GLOSTO,SAN.MC
2024-12-10 14:34:51.104,Banco Santander (Brasil) (NYSE:BSBR) Downgraded to Neutral Rating by Bank of America --,urn:link:webnews:20241210:nNRAuri8v1:0,NS:MARBEA,SAN.MC
2024-12-10 11:57:40.523,"Monday December 09, 2024 Banco Santander ADR Compendium - A Snapshot as of December 09",urn:newsml:newsroom:20241210:nNRAurg380:0,NS:GLOROU,SAN.MC
2024-12-10 11:35:14.034,"Groupama Asset Managment Invests $53,000 in Banco Santander, S.A. (NYSE:SAN) --",urn:link:webnews:20241210:nNRAurfqag:0,NS:WKRNEW,SAN.MC
2024-12-10 07:57:46.992,"Monday December 09, 2024 Banco Santander ADR Compendium - A Snapshot as of December 09",urn:newsml:newsroom:20241210:nNRAurd8g7:0,NS:GLOROU,SAN.MC
2024-12-10 03:57:17.073,"Monday December 09, 2024 Banco Santander ADR: How it compares to other IDRs and ADRs",urn:newsml:newsroom:20241210:nNRAurb5t3:0,NS:GLOROU,SAN.MC
2024-12-10 03:52:45.220,"Monday December 09, 2024 Banco Santander ADR Compendium - A Snapshot as of December 09",urn:newsml:newsroom:20241210:nNRAurb4qn:0,NS:GLOROU,SAN.MC
2024-12-09 19:42:14.171,"Coty top decliner in Banco Santander tumbles 17.1% in 66 days Monday December 09, 2024 07:12 EST",urn:newsml:newsroom:20241209:nNRAur6u3u:0,NS:GLOBEA,SAN.MC
2024-12-09 17:42:43.940,"Coty top decliner in Banco Santander tumbles 17.1% in 66 days Monday December 09, 2024 07:12 EST",urn:newsml:newsroom:20241209:nNRAur5ok8:0,NS:GLOBEA,SAN.MC
2024-12-09 17:21:15.777,Banco Santander trades -0.79 percent lower on Monday 9th of December,urn:newsml:newsroom:20241209:nNRAur59lu:0,NS:STOCKP,SAN.MC
2024-12-09 16:37:27.000,Banco Santander SA - 7 years FIXED rate Senior Non Preferred 12/31 SNP 239,urn:newsml:reuters.com:20241209:nNDL367FWV:1,NS:PUBT,SAN.MC
2024-12-09 14:14:01.000,Santander UK plc - Issuer Document,urn:newsml:reuters.com:20241209:nNDL2R1g3J:1,NS:PUBT,SAN.MC
2024-12-09 13:13:01.565,Apollo and Santander Partner on a $370 Million Infrastructure Portfolio Financing,urn:newsml:newsroom:20241209:nVMNKTXqga:0,NS:CMNW,SAN.MC
2024-12-09 13:04:59.542,"Coty top decliner in Banco Santander tumbles 17.1% in 66 days Monday December 09, 2024 07:12 EST",urn:newsml:newsroom:20241209:nNRAur1z30:0,NS:GLOBEA,SAN.MC
2024-12-09 09:00:00.049,Apollo and Santander Partner on a $370 Million Infrastructure Portfolio Financing,urn:newsml:reuters.com:20241209:nGNX71sQCy:1,NS:GNW,SAN.MC
2024-12-09 08:07:34.433,Banco Bilbao Vizcaya Argentaria continues to underperform Banco Santander by 0.3% in the past month,urn:newsml:newsroom:20241209:nNRAuqy6u8:0,NS:GLOSTO,SAN.MC
2024-12-09 07:07:15.546,Banco Santander continues to outperform Banco Bilbao Vizcaya Argentaria by 0.3% in the past month,urn:newsml:newsroom:20241209:nNRAuqxobk:0,NS:GLOSTO,SAN.MC
2024-12-07 14:14:09.313,"Friday December 06, 2024 What Happened Today to the Banco Santander ADR",urn:newsml:newsroom:20241207:nNRAuqmzj0:0,NS:GLOROU,SAN.MC
2024-12-07 10:52:12.157,Banco Santander (NYSE:SAN) Shares Gap Up – What's Next?,urn:newsml:newsroom:20241207:nNRAuqlthl:0,NS:TRADAJ,SAN.MC
2024-12-07 08:53:06.787,Commission clears creation of joint venture by Banco Santander and Pemberton,urn:newsml:newsroom:20241207:nNRAuqkv07:0,NS:FINLAW,SAN.MC
2024-12-07 07:57:21.697,"Friday December 06, 2024 What Happened Today to the Banco Santander ADR",urn:newsml:newsroom:20241207:nNRAuqkf53:0,NS:GLOROU,SAN.MC
2024-12-07 05:57:05.034,Weekly: Banco Santander (SAN: EUR4.63) climbs 5% on weak volume; +24c [5.5%],urn:newsml:newsroom:20241207:nNRAuqjfnn:0,NS:GLOWEE,SAN.MC
2024-12-07 04:02:27.911,"Weekly: Banco Santander ADR (SAN US: NYSE: $4.86) climbs 5.2%, 2 weeks' volume in a week",urn:newsml:newsroom:20241207:nNRAuqiijz:0,NS:GLOROU,SAN.MC
2024-12-07 04:02:09.997,Weekly: Banco Santander ADR (SAN US: NYSE: $4.86) climbs 5% on high volume; +24c [5.2%] Vol Index 2.2 [1 is avg],urn:newsml:newsroom:20241207:nNRAuqii8v:0,NS:GLOROU,SAN.MC
2024-12-07 03:57:14.952,"Friday December 06, 2024 Banco Santander ADR: How it compares to other IDRs and ADRs",urn:newsml:newsroom:20241207:nNRAuqigtc:0,NS:GLOROU,SAN.MC
2024-12-07 03:52:47.399,"Friday December 06, 2024 What Happened Today to the Banco Santander ADR",urn:newsml:newsroom:20241207:nNRAuqifxf:0,NS:GLOROU,SAN.MC
2024-12-06 16:53:02.515,Weekly: Banco Santander (SAN: EUR4.63) climbs 5% on weak volume; +24c [5.5%],urn:newsml:newsroom:20241206:nNRAuqbygw:0,NS:GLOWEE,SAN.MC
2024-12-06 16:52:29.793,"Banco Santander (SAN: EUR4.63) offers earnings yield of 14.1%, hits 185-day high; -2c [0.4%]",urn:newsml:newsroom:20241206:nNRAuqbwp9:0,NS:GLOSTO,SAN.MC
2024-12-06 15:11:21.051,Fitch Assigns Final 'BBB+' Rating to Santander Mexico's Senior Unsecured Notes,urn:newsml:reuters.com:20241206:nFITbxzdj1:1,NS:FCH,SAN.MC
2024-12-06 14:13:09.000,"Novo Banco shareholders agree to unblock dividends, pave way for sale",urn:newsml:reuters.com:20241206:nL5N3N70RO:2,NS:RTRS,SAN.MC
2024-12-06 12:09:05.230,"Thursday December 05, 2024 Banco Santander ADR Compendium - A Snapshot as of December 05",urn:newsml:newsroom:20241206:nNRAuq8jnd:0,NS:GLOROU,SAN.MC
2024-12-06 09:17:57.198,"Thursday December 05, 2024 Banco Santander ADR Compendium - A Snapshot as of December 05",urn:newsml:newsroom:20241206:nNRAuq6if7:0,NS:GLOROU,SAN.MC
2024-12-06 08:13:12.036,Santander transfers more than 330 million in non-performing loans to Fortress,urn:newsml:newsroom:20241206:nNRAuq5w7h:0,NS:NOTENG,SAN.MC
2024-12-06 04:07:58.866,"Thursday December 05, 2024 Banco Santander ADR Compendium - A Snapshot as of December 05",urn:newsml:newsroom:20241206:nNRAuq41va:0,NS:GLOROU,SAN.MC
2024-12-06 03:12:33.217,Santander Mexico receives recognition for its commitment to inclusion and diversity in the workforce,urn:newsml:newsroom:20241206:nNRAuq3snp:0,NS:NOTENG,SAN.MC
2024-12-05 16:53:47.000,Banco de España - The Banco de España designates a Global Systemically Important Institution and sets its macroprudential capital buffer rate for 2026,urn:newsml:reuters.com:20241205:nNDL6DVc5J:1,NS:PUBT,SAN.MC
2024-12-05 16:47:36.258,"Banco Santander (SAN: EUR4.65) keeps rising, up 6.4% in 3 days; +28c [6.4%]",urn:newsml:newsroom:20241205:nNRAupzkk7:0,NS:GLOSTO,SAN.MC
2024-12-05 11:14:56.000,FACTBOX-European companies cut jobs as economy sputters,urn:newsml:reuters.com:20241205:nL5N3N60EG:4,NS:RTRS,SAN.MC
2024-12-05 10:32:14.805,Santander and Pemberton form joint venture for Supply Chain Finance --,urn:link:webnews:20241205:nNRAupu7ic:0,NS:PAYNET,SAN.MC
2024-12-05 03:52:55.891,"Wednesday December 04, 2024 All You Need to Know About the Banco Santander ADR Today",urn:newsml:newsroom:20241205:nNRAupprgf:0,NS:GLOROU,SAN.MC
2024-12-05 03:52:33.440,"Wednesday December 04, 2024 Banco Santander ADR: How it compares to other IDRs and ADRs",urn:newsml:newsroom:20241205:nNRAuppr6m:0,NS:GLOROU,SAN.MC
2024-12-05 03:12:41.915,SBS approves full purchase of CrediScotia in Peru by Banco Santander: what does it mean for users?,urn:newsml:newsroom:20241205:nNRAuppjbw:0,NS:NOTENG,SAN.MC
2024-12-04 21:45:04.531,With a trading volume of PLN 35.4 mn BKZHY trades -1.35 percent lower today,urn:newsml:newsroom:20241204:nNRAupn39g:0,NS:STOCKP,SAN.MC
2024-12-04 19:42:14.072,"Coty top decliner in Banco Santander plunges 18.3% in 63 days Wednesday December 04, 2024 07:12 EST",urn:newsml:newsroom:20241204:nNRAupm7al:0,NS:GLOBEA,SAN.MC
2024-12-04 17:43:38.351,"German trading: Banco Santander (BSD2: EUR4.49) keeps rising, up 3.5% in 3 days; +15c [3.5%] Vol Index 2.3 [1 is avg]",urn:newsml:newsroom:20241204:nNRAupl0q9:0,NS:GERCOM,SAN.MC
2024-12-04 17:42:34.970,"Coty top decliner in Banco Santander plunges 18.3% in 63 days Wednesday December 04, 2024 07:12 EST",urn:newsml:newsroom:20241204:nNRAupkztq:0,NS:GLOBEA,SAN.MC
2024-12-04 16:47:30.946,Banco Santander (SAN: EUR4.48) up 2.5% in 2 days; +11c [2.5%],urn:newsml:newsroom:20241204:nNRAupkd5s:0,NS:GLOSTO,SAN.MC
2024-12-04 16:23:58.475,Fitch Assigns Santander Mexico's Proposed Senior Unsecured Notes 'BBB+(EXP)' Rating,urn:newsml:reuters.com:20241204:nFIT3B1SCV:1,NS:FCH,SAN.MC
2024-12-04 13:36:53.230,On Wednesday 4th of December Banco Santander trades 1.45 percent higher,urn:newsml:newsroom:20241204:nNRAupi9ra:0,NS:STOCKP,SAN.MC
2024-12-04 12:47:46.512,"Coty top decliner in Banco Santander plunges 18.3% in 63 days Wednesday December 04, 2024 07:12 EST",urn:newsml:newsroom:20241204:nNRAuphd3h:0,NS:GLOBEA,SAN.MC
2024-12-04 11:57:27.114,"Tuesday December 03, 2024 What Happened Today to the Banco Santander ADR",urn:newsml:newsroom:20241204:nNRAupgsq3:0,NS:GLOROU,SAN.MC
2024-12-04 07:57:19.111,"Tuesday December 03, 2024 What Happened Today to the Banco Santander ADR",urn:newsml:newsroom:20241204:nNRAupdvhj:0,NS:GLOROU,SAN.MC
2024-12-04 03:53:00.130,"Tuesday December 03, 2024 What Happened Today to the Banco Santander ADR",urn:newsml:newsroom:20241204:nNRAupbd3u:0,NS:GLOROU,SAN.MC
2024-12-03 17:07:25.593,How Banco Santander's Tax Rate compares to Its Peers,urn:newsml:newsroom:20241203:nNRAup4zl4:0,NS:GLOSTO,SAN.MC
2024-12-03 16:47:37.354,Banco Santander (SAN: EUR4.43) offers dividend yield of 4.5%; +6c [1.4%],urn:newsml:newsroom:20241203:nNRAup4pep:0,NS:GLOSTO,SAN.MC
2024-12-03 15:43:55.115,"Monthly: Banco Santander (SAN: EUR4.39) decreases 2%, trailing 61% of stocks",urn:newsml:newsroom:20241203:nNRAup3s3s:0,NS:GLOSTP,SAN.MC
2024-12-03 11:57:16.114,"Monday December 02, 2024 Banco Santander ADR Compendium - A Snapshot as of December 02",urn:newsml:newsroom:20241203:nNRAup0i24:0,NS:GLOROU,SAN.MC
2024-12-03 09:08:13.643,How Banco Santander's dividend compares to Banco Bilbao Vizcaya Argentaria,urn:newsml:newsroom:20241203:nNRAuoxtam:0,NS:GLOSTO,SAN.MC
2024-12-03 08:07:51.638,How Banco Bilbao Vizcaya Argentaria's dividend compares to Banco Santander,urn:newsml:newsroom:20241203:nNRAuov43z:0,NS:GLOSTO,SAN.MC
2024-12-03 07:57:15.774,"Monday December 02, 2024 Banco Santander ADR Compendium - A Snapshot as of December 02",urn:newsml:newsroom:20241203:nNRAuou1n1:0,NS:GLOROU,SAN.MC
2024-12-03 03:57:16.891,"Monday December 02, 2024 Banco Santander ADR: How it compares to other IDRs and ADRs",urn:newsml:newsroom:20241203:nNRAuokkhm:0,NS:GLOROU,SAN.MC
2024-12-03 03:52:45.312,"Monday December 02, 2024 Banco Santander ADR Compendium - A Snapshot as of December 02",urn:newsml:newsroom:20241203:nNRAuoizi3:0,NS:GLOROU,SAN.MC
2024-12-02 20:15:25.552,On Monday 2nd of December Santander Bank Polska trades -0.5 percent lower,urn:newsml:newsroom:20241202:nNRAuo26gh:0,NS:STOCKP,SAN.MC
2024-12-02 19:42:15.794,"Coty top decliner in Banco Santander plunges 19.6% in 59 days Monday December 02, 2024 07:12 EST",urn:newsml:newsroom:20241202:nNRAuo162t:0,NS:GLOBEA,SAN.MC
2024-12-02 17:43:21.074,"Coty top decliner in Banco Santander plunges 19.6% in 59 days Monday December 02, 2024 07:12 EST",urn:newsml:newsroom:20241202:nNRAunvdyg:0,NS:GLOBEA,SAN.MC
2024-12-02 17:04:13.000,Banco Santander-Chile - Banco Santander Chile: Interim Consolidated Financial Statements Form 6 K,urn:newsml:reuters.com:20241202:nNDL2YLyf7:1,NS:PUBT,SAN.MC
2024-12-02 15:08:21.000,The Goldman Sachs Group Inc. - Philippe Gallone Joins Goldman Sachs as Partner and Head of Healthcare Investment Banking in EMEA,urn:newsml:reuters.com:20241202:nNDL1KDNrB:1,NS:PUBT,SAN.MC
2024-12-02 13:20:10.391,"Coty top decliner in Banco Santander plunges 19.6% in 59 days Monday December 02, 2024 07:12 EST",urn:newsml:newsroom:20241202:nNRAunkd0x:0,NS:GLOBEA,SAN.MC
2024-12-02 07:08:38.643,Banco Santander continues to outperform Banco Bilbao Vizcaya Argentaria by 7.4% year to date,urn:newsml:newsroom:20241202:nNRAun4ktl:0,NS:GLOSTO,SAN.MC
2024-12-02 07:08:33.156,"Monthly: Banco Santander (SAN: EUR4.39) decreases 2%, trailing 61% of stocks",urn:newsml:newsroom:20241202:nNRAun4azi:0,NS:GLOSTO,SAN.MC
2024-12-01 21:43:39.236,Portugal: EIB Group and Santander provide 183 million to improve energy efficiency in buildings,urn:newsml:newsroom:20241201:nNRAumzmee:0,NS:THANEW,SAN.MC
2024-11-30 14:24:49.281,"Friday November 29, 2024 What Happened Today to the Banco Santander ADR",urn:newsml:newsroom:20241130:nNRAumqyq1:0,NS:GLOROU,SAN.MC
2024-11-30 09:27:31.074,"Friday November 29, 2024 What Happened Today to the Banco Santander ADR",urn:newsml:newsroom:20241130:nNRAumpaee:0,NS:GLOROU,SAN.MC
2024-11-30 05:57:05.048,Weekly: Banco Santander (SAN: EUR4.39) increases 0.7% on weak volume; +3c [0.7%],urn:newsml:newsroom:20241130:nNRAumnlf6:0,NS:GLOWEE,SAN.MC
2024-11-30 05:27:21.796,"Friday November 29, 2024 Banco Santander ADR: How it compares to other IDRs and ADRs",urn:newsml:newsroom:20241130:nNRAumnfwb:0,NS:GLOROU,SAN.MC
2024-11-30 05:22:48.546,"Friday November 29, 2024 What Happened Today to the Banco Santander ADR",urn:newsml:newsroom:20241130:nNRAumncuy:0,NS:GLOROU,SAN.MC
2024-11-30 02:09:06.077,With a trading volume of EUR 628.7 k SAN.MC trades -0.03 percent lower today,urn:newsml:newsroom:20241130:nNRAumm59m:0,NS:STOCKP,SAN.MC
2024-11-29 19:22:39.751,"Wednesday November 27, 2024 All You Need to Know About the Banco Santander ADR Today",urn:newsml:newsroom:20241129:nNRAumjc59:0,NS:GLOROU,SAN.MC
2024-11-29 16:58:03.928,"Monthly: Banco Santander (SAN: EUR4.39) decreases 2%, trailing 61% of stocks",urn:newsml:newsroom:20241129:nNRAumhclr:0,NS:GLOSTP,SAN.MC
2024-11-29 16:58:02.282,Weekly: Banco Santander (SAN: EUR4.39) increases 0.7% on weak volume; +3c [0.7%],urn:newsml:newsroom:20241129:nNRAumhdrp:0,NS:GLOWEE,SAN.MC
2024-11-29 15:27:12.630,"Wednesday November 27, 2024 All You Need to Know About the Banco Santander ADR Today",urn:newsml:newsroom:20241129:nNRAumfzr6:0,NS:GLOROU,SAN.MC
2024-11-29 09:17:30.970,StockNews.com Downgrades Banco Santander (Brasil) (NYSE:BSBR) to Hold,urn:newsml:newsroom:20241129:nNRAuma1n4:0,NS:WATNEW,SAN.MC
2024-11-28 13:59:30.000,FACTBOX-European companies cut jobs as economy sputters,urn:newsml:reuters.com:20241128:nL5N3MZ0UW:3,NS:RTRS,SAN.MC
2024-11-28 11:22:22.885,"Wednesday November 27, 2024 Banco Santander ADR: How it compares to other IDRs and ADRs",urn:newsml:newsroom:20241128:nNRAulzu6i:0,NS:GLOROU,SAN.MC
2024-11-28 11:17:59.812,"Wednesday November 27, 2024 All You Need to Know About the Banco Santander ADR Today",urn:newsml:newsroom:20241128:nNRAulzqgu:0,NS:GLOROU,SAN.MC
2024-11-27 19:12:08.690,EIB Group and Santander pledge 183 million to improve the energy efficiency of buildings,urn:newsml:newsroom:20241127:nNRAulqgz4:0,NS:NOTENG,SAN.MC
2024-11-27 12:49:13.000,FACTBOX-European companies cut jobs as economy sputters,urn:newsml:reuters.com:20241127:nL5N3MY0OV:1,NS:RTRS,SAN.MC
2024-11-27 02:18:40.317,Blackstone Unit To Buy Interests In $1 Bln Infrastructure Loan Portfolio From Banco Santander --,urn:link:webnews:20241127:nNRAulcarm:0,NS:FINSWI,SAN.MC
2024-11-27 00:17:11.990,Can Banco Santander rebound after recent dip?,urn:newsml:newsroom:20241127:nNRAulbh08:0,NS:GLOSTO,SAN.MC
2024-11-26 17:07:00.234,Banco de Sabadell's Earnings Growth Outperforms Banco Santander,urn:newsml:newsroom:20241126:nNRAul782g:0,NS:GLOSTO,SAN.MC
2024-11-26 16:52:36.784,Past Week: Banco Santander (SAN: EUR4.39) in bottom 3% performers of IBEX 35 Index in past week; -13c [-2.9%],urn:newsml:newsroom:20241126:nNRAul71uw:0,NS:GLOSTO,SAN.MC
2024-11-26 16:47:38.274,Banco Santander (SAN: EUR4.39) offers earnings yield of 14.9%; -6c [1.3%],urn:newsml:newsroom:20241126:nNRAul6xns:0,NS:GLOSTO,SAN.MC
2024-11-26 15:15:56.000,Head of Santander's Portuguese arm says Novo Banco could be of interest,urn:newsml:reuters.com:20241126:nL5N3MX1BO:2,NS:RTRS,SAN.MC
2024-11-26 13:13:27.693,Blackstone Unit To Buy Interests In $1 Bln Infrastructure Loan Portfolio From Banco Santander,urn:newsml:newsroom:20241126:nNRAul3kzs:0,NS:RTTNEW,SAN.MC
2024-11-26 12:53:39.446,Blackstone Unit To Buy Interests In $1 Bln Infrastructure Loan Portfolio From Banco Santander --,urn:link:webnews:20241126:nNRAul35x8:0,NS:FINDEH,SAN.MC
2024-11-26 10:00:00.000,"EXCLUSIVE-Brazil's government and banks in talks to take Novonor's Braskem stake, sources say",urn:newsml:reuters.com:20241126:nL1N3MQ0YH:2,NS:RTRS,SAN.MC
2024-11-26 09:07:56.086,How Banco Santander's dividend compares to Banco Bilbao Vizcaya Argentaria,urn:newsml:newsroom:20241126:nNRAul0bv8:0,NS:GLOSTO,SAN.MC
2024-11-26 08:09:17.726,How Banco Bilbao Vizcaya Argentaria's dividend compares to Banco Santander,urn:newsml:newsroom:20241126:nNRAukzhlr:0,NS:GLOSTO,SAN.MC
2024-11-26 08:09:17.387,How CaixaBank's dividend compares to Banco Santander,urn:newsml:newsroom:20241126:nNRAukzioz:0,NS:GLOSTO,SAN.MC
2024-11-26 00:17:20.184,Can Banco Santander continue its gains?,urn:newsml:newsroom:20241126:nNRAukuzev:0,NS:GLOSTO,SAN.MC
2024-11-25 16:57:58.840,Banco Santander (SAN: EUR4.45) offers dividend yield of 4.5%; +9c [2.1%],urn:newsml:newsroom:20241125:nNRAukqmiz:0,NS:GLOSTO,SAN.MC
2024-11-25 16:57:47.213,Past Week: Banco Santander (SAN: EUR4.45) in bottom 3% performers of IBEX 35 Index in past week; -15c [-3.3%],urn:newsml:newsroom:20241125:nNRAukqn3g:0,NS:GLOSTO,SAN.MC
2024-11-25 13:16:45.213,JPMorgan Chase & Co. Upgrades Banco Santander (Brasil) (NYSE:BSBR) to Overweight --,urn:link:webnews:20241125:nNRAuknsfc:0,NS:MARBEA,SAN.MC
2024-11-25 11:46:57.232,"JP Morgan Upgrades Banco Santander to Overweight, Lowers Price Target to $6",urn:newsml:newsroom:20241125:nNRAukmfvv:0,NS:BENZIN,SAN.MC
2024-11-25 11:30:36.000,FACTBOX-European companies cut jobs as economy sputters,urn:newsml:reuters.com:20241125:nL5N3MW08X:1,NS:RTRS,SAN.MC
2024-11-25 10:33:45.173,Is Banco Santander (SAN) the Most Profitable European Financial Company to Invest In? --,urn:link:webnews:20241125:nNRAuklogi:0,NS:INSMON,SAN.MC
2024-11-25 07:30:59.000,Spanish stocks - Factors to watch on Nov 25,urn:newsml:reuters.com:20241125:nL5N3MW04W:1,NS:RTRS,SAN.MC
2024-11-25 07:07:23.498,Banco Santander continues to underperform Banco Bilbao Vizcaya Argentaria by 2.4% in the past month,urn:newsml:newsroom:20241125:nNRAukjk97:0,NS:GLOSTO,SAN.MC
2024-11-25 00:16:49.828,Monday's Preview: Can Banco Santander rebound after being down?,urn:newsml:newsroom:20241125:nNRAukgstd:0,NS:GLOSTO,SAN.MC
2024-11-24 13:08:40.919,Banco Santander S.A. Takes Position in Discover Financial Services (NYSE:DFS) --,urn:link:webnews:20241124:nNRAuke6qf:0,NS:WKRNEW,SAN.MC
2024-11-24 13:07:16.455,Banco Santander Brasil ADR tumbles 31% in 2024,urn:newsml:newsroom:20241124:nNRAuke4oi:0,NS:GLOROU,SAN.MC
2024-11-24 11:32:10.425,Banco Santander S.A. Makes New Investment in Loews Co. (NYSE:L) --,urn:link:webnews:20241124:nNRAukdn6j:0,NS:WKRNEW,SAN.MC
2024-11-24 11:32:10.078,"Banco Santander S.A. Takes $497,000 Position in Ryanair Holdings plc (NASDAQ:RYAAY) --",urn:link:webnews:20241124:nNRAukdmmo:0,NS:WKRNEW,SAN.MC
2024-11-24 10:33:41.325,"Banco Santander (NYSE:SAN) Lowered to ""Hold"" Rating by StockNews.com --",urn:link:webnews:20241124:nNRAukdblx:0,NS:WKRNEW,SAN.MC
2024-11-24 09:49:41.312,"Pathstone Holdings LLC Has $3.93 Million Position in Banco Santander, S.A. (NYSE:SAN) --",urn:link:webnews:20241124:nNRAukd1cx:0,NS:ETFDAI,SAN.MC
2024-11-24 07:07:13.224,Banco Santander Brasil ADR tumbles 31% in 2024,urn:newsml:newsroom:20241124:nNRAukbsmt:0,NS:GLOROU,SAN.MC
2024-11-23 15:28:07.706,Banco Santander S.A. Sells 68 Shares of Cummins Inc. (NYSE:CMI) --,urn:link:webnews:20241123:nNRAuk7zjr:0,NS:WKRNEW,SAN.MC
2024-11-23 13:30:57.632,"Banco Santander S.A. Purchases Shares of 1,576 Wingstop Inc. (NASDAQ:WING) --",urn:link:webnews:20241123:nNRAuk6roj:0,NS:WKRNEW,SAN.MC
2024-11-23 13:22:10.225,Haleon plc (NYSE:HLN) Shares Acquired by Banco Santander S.A. --,urn:link:webnews:20241123:nNRAuk6rb3:0,NS:WKRNEW,SAN.MC
2024-11-23 13:19:38.458,"Banco Santander S.A. Grows Position in United Parcel Service, Inc. (NYSE:UPS) --",urn:link:webnews:20241123:nNRAuk6r7d:0,NS:WKRNEW,SAN.MC
2024-11-23 12:15:37.273,Banco Santander S.A. Acquires New Position in Baker Hughes (NASDAQ:BKR) --,urn:link:webnews:20241123:nNRAuk6eyx:0,NS:WKRNEW,SAN.MC
2024-11-23 11:06:35.819,"Banco Santander S.A. Sells 3,560 Shares of Duke Energy Co. (NYSE:DUK) --",urn:link:webnews:20241123:nNRAuk60cs:0,NS:WKRNEW,SAN.MC
2024-11-23 05:57:03.451,Weekly: Banco Santander (SAN: EUR4.36) shares post worst week in eleven weeks; -20c [4.4%],urn:newsml:newsroom:20241123:nNRAuk3umv:0,NS:GLOWEE,SAN.MC
2024-11-23 04:37:19.057,Banco Santander Brasil ADR tumbles 31% in 2024,urn:newsml:newsroom:20241123:nNRAuk38sr:0,NS:GLOROU,SAN.MC
2024-11-22 20:00:46.014,"Banco Santander S.A. Buys Shares of 116,318 Exelon Co. (NASDAQ:EXC) --",urn:link:webnews:20241122:nNRAujzij7:0,NS:WKRNEW,SAN.MC
2024-11-22 16:52:38.603,Weekly: Banco Santander (SAN: EUR4.36) shares post worst week in eleven weeks; -20c [4.4%],urn:newsml:newsroom:20241122:nNRAujx1b6:0,NS:GLOWEE,SAN.MC
2024-11-22 16:47:49.480,"Banco Santander (SAN: EUR4.36) in bottom 2% performers of IBEX 35 Index, hits 50-day low; -17c [3.8%] Vol Index 1.7 [1 is avg]",urn:newsml:newsroom:20241122:nNRAujwz8z:0,NS:GLOSTO,SAN.MC
2024-11-22 15:14:08.863,"Banco Santander S.A. Purchases 61,054 Shares of CME Group Inc. (NASDAQ:CME) --",urn:link:webnews:20241122:nNRAujvqa2:0,NS:WKRNEW,SAN.MC
2024-11-22 15:11:27.301,Santander's Getnet Appoints Juan Franco As New Global CEO,urn:newsml:reuters.com:20241122:nRSD75wslw:1,NS:SIGDEV,SAN.MC
2024-11-22 15:08:54.000,Banco Santander SA - Getnet to appoint Juan Franco as new global CEO,urn:newsml:reuters.com:20241122:nNDL9bn8BC:1,NS:PUBT,SAN.MC
2024-11-22 15:00:00.000,BRIEF-Santander's Getnet Appoints Juan Franco As New Global CEO,urn:newsml:reuters.com:20241122:nS8N3J809V:1,NS:RTRS,SAN.MC
2024-11-22 14:41:11.815,"Banco Santander S.A. Acquires 3,445 Shares of TotalEnergies SE (NYSE:TTE) --",urn:link:webnews:20241122:nNRAujvaoj:0,NS:WKRNEW,SAN.MC
2024-11-22 14:17:37.432,Banco Santander S.A. Trims Stock Position in Johnson & Johnson (NYSE:JNJ),urn:newsml:newsroom:20241122:nNRAujv1fh:0,NS:COMFIN,SAN.MC
2024-11-22 13:41:35.000,Banco Santander SA - 8 years FIXED rate Senior Preferred 11/32 SP-237,urn:newsml:reuters.com:20241122:nNDL2LpK1z:1,NS:PUBT,SAN.MC
2024-11-22 13:18:34.593,Banco Santander S.A. Has $4.96 Million Stake in The AES Co. (NYSE:AES),urn:newsml:newsroom:20241122:nNRAuju60t:0,NS:MARDAJ,SAN.MC
2024-11-22 13:17:55.203,"Banco Santander S.A. Sells 24,218 Shares of Incyte Co. (NASDAQ:INCY)",urn:newsml:newsroom:20241122:nNRAuju6jq:0,NS:MARDAJ,SAN.MC
2024-11-22 13:17:44.133,Banco Santander S.A. Boosts Holdings in Nucor Co. (NYSE:NUE),urn:newsml:newsroom:20241122:nNRAuju5lr:0,NS:MARDAJ,SAN.MC
2024-11-22 13:14:19.387,"Banco Santander S.A. Decreases Stake in Workday, Inc. (NASDAQ:WDAY) --",urn:link:webnews:20241122:nNRAuju5g0:0,NS:WKRNEW,SAN.MC
2024-11-22 13:14:19.355,"Banco Santander S.A. Acquires 2,295 Shares of T. Rowe Price Group, Inc. (NASDAQ:TROW) --",urn:link:webnews:20241122:nNRAuju6tp:0,NS:WKRNEW,SAN.MC
2024-11-22 12:39:09.781,Banco Santander S.A. Trims Stock Position in Johnson & Johnson (NYSE:JNJ) --,urn:link:webnews:20241122:nNRAujtjbd:0,NS:MARBEA,SAN.MC
2024-11-22 12:38:09.807,The Cigna Group (NYSE:CI) Shares Purchased by Banco Santander S.A. --,urn:link:webnews:20241122:nNRAujthcp:0,NS:MARBEA,SAN.MC
2024-11-22 12:33:33.816,"Banco Santander S.A. Takes $7.19 Million Position in Ross Stores, Inc. (NASDAQ:ROST) --",urn:link:webnews:20241122:nNRAujthh2:0,NS:WKRNEW,SAN.MC
2024-11-22 12:26:33.826,"Banco Santander S.A. Trims Position in Revvity, Inc. (NYSE:RVTY) --",urn:link:webnews:20241122:nNRAujtdrl:0,NS:WKRNEW,SAN.MC
2024-11-22 12:23:11.681,Banco Santander S.A. Has $9.02 Million Stake in Moody's Co. (NYSE:MCO) --,urn:link:webnews:20241122:nNRAujtdx1:0,NS:MARBEA,SAN.MC
2024-11-22 12:21:16.329,"Banco Santander S.A. Purchases 33,097 Shares of NextEra Energy, Inc. (NYSE:NEE) --",urn:link:webnews:20241122:nNRAujtcwg:0,NS:MARBEA,SAN.MC
2024-11-22 12:21:15.981,"Banco Santander S.A. Buys New Position in Altria Group, Inc. (NYSE:MO) --",urn:link:webnews:20241122:nNRAujtdi1:0,NS:MARBEA,SAN.MC
2024-11-22 12:21:15.782,Banco Santander S.A. Boosts Holdings in Nucor Co. (NYSE:NUE) --,urn:link:webnews:20241122:nNRAujtd67:0,NS:MARBEA,SAN.MC
2024-11-22 12:21:15.772,Banco Santander S.A. Has $3.23 Million Holdings in Albemarle Co. (NYSE:ALB) --,urn:link:webnews:20241122:nNRAujtdi4:0,NS:MARBEA,SAN.MC
2024-11-22 12:21:15.106,"Banco Santander S.A. Takes $2.79 Million Position in Best Buy Co., Inc. (NYSE:BBY) --",urn:link:webnews:20241122:nNRAujtd62:0,NS:MARBEA,SAN.MC
2024-11-22 12:21:15.007,"Banco Santander S.A. Sells 21,171 Shares of CVS Health Co. (NYSE:CVS) --",urn:link:webnews:20241122:nNRAujtdhx:0,NS:MARBEA,SAN.MC
2024-11-22 12:20:52.305,Banco Santander S.A. Has $4.96 Million Stake in The AES Co. (NYSE:AES) --,urn:link:webnews:20241122:nNRAujtcv4:0,NS:MARBEA,SAN.MC
2024-11-22 08:19:23.649,"Banco Santander S.A. Raises Stock Position in Cisco Systems, Inc. (NASDAQ:CSCO)",urn:newsml:newsroom:20241122:nNRAujpvhi:0,NS:STOOBS,SAN.MC
2024-11-22 07:39:42.000,FACTBOX-European companies cut jobs as economy sputters,urn:newsml:reuters.com:20241122:nL8N3MR17Y:2,NS:RTRS,SAN.MC
2024-11-22 05:34:42.867,Banco Santander S.A. Cuts Holdings in The Procter & Gamble Company (NYSE:PG),urn:newsml:newsroom:20241122:nNRAujo9oi:0,NS:WATNEW,SAN.MC
2024-11-22 05:34:04.163,Mastercard Incorporated (NYSE:MA) Shares Sold by Banco Santander S.A.,urn:newsml:newsroom:20241122:nNRAujoano:0,NS:WATNEW,SAN.MC
2024-11-22 05:32:46.925,Walmart Inc. (NYSE:WMT) Shares Acquired by Banco Santander S.A.,urn:newsml:newsroom:20241122:nNRAujoacu:0,NS:TRADAJ,SAN.MC
2024-11-22 01:11:44.226,"Banco Santander fixed term deposit with new rate: how much you will earn now with $400,000",urn:newsml:newsroom:20241122:nNRAujlj6e:0,NS:NOTENG,SAN.MC
2024-11-22 00:47:05.040,Banco Santander S.A. Has $31.92 Million Stock Holdings in Adobe Inc. (NASDAQ:ADBE),urn:newsml:newsroom:20241122:nNRAujlbcu:0,NS:DAILYQ,SAN.MC
2024-11-22 00:17:09.285,Friday's Preview: Can Banco Santander continue its recent gains?,urn:newsml:newsroom:20241122:nNRAujl4wp:0,NS:GLOSTO,SAN.MC
2024-11-21 22:08:19.143,Fitch Affirms Santander Mexico's IDRs at 'BBB+'; Outlook Stable,urn:newsml:reuters.com:20241121:nFIT78pYvL:1,NS:FCH,SAN.MC
2024-11-21 18:01:14.096,Banco Santander S.A. Increases Stock Holdings in Thermo Fisher Scientific Inc. (NYSE:TMO) --,urn:link:webnews:20241121:nNRAujhto4:0,NS:WKRNEW,SAN.MC
2024-11-21 17:43:35.000,UPDATE 2-Spain's lower house approves tax package extending bank windfall tax,urn:newsml:reuters.com:20241121:nL1N3MS0KE:5,NS:RTRS,SAN.MC
2024-11-21 17:42:28.176,"German trading: Banco Santander (BSD2: EUR4.51) increases, 2 days' volume in a day; +2c [0.4%] Vol Index 2.3 [1 is avg]",urn:newsml:newsroom:20241121:nNRAujhlr8:0,NS:GERCOM,SAN.MC
2024-11-21 17:02:52.325,Fitch Affirms Santander UK Group Holdings at 'A'; Outlook Stable,urn:newsml:reuters.com:20241121:nFIT88gDZY:1,NS:FCH,SAN.MC
2024-11-21 16:47:35.233,Banco Santander (SAN: EUR4.53) increases; +4c [0.9%],urn:newsml:newsroom:20241121:nNRAujgtow:0,NS:GLOSTO,SAN.MC
2024-11-21 15:08:21.234,"Banco Santander S.A. Has $44.25 Million Stake in Salesforce, Inc. (NYSE:CRM) --",urn:link:webnews:20241121:nNRAujf63c:0,NS:MARBEA,SAN.MC
2024-11-21 15:08:17.510,Banco Santander S.A. Has $31.92 Million Stock Holdings in Adobe Inc. (NASDAQ:ADBE) --,urn:link:webnews:20241121:nNRAujf53o:0,NS:MARBEA,SAN.MC
2024-11-21 15:03:43.685,"Banco Santander S.A. Has $22.65 Million Stock Position in Fortinet, Inc. (NASDAQ:FTNT) --",urn:link:webnews:20241121:nNRAujf1o2:0,NS:MARBEA,SAN.MC
2024-11-21 15:03:16.944,Banco Santander S.A. Makes New $20.94 Million Investment in The Kroger Co. (NYSE:KR) --,urn:link:webnews:20241121:nNRAujf393:0,NS:WKRNEW,SAN.MC
2024-11-21 15:01:23.642,Banco Santander S.A. Has $12.75 Million Holdings in AbbVie Inc. (NYSE:ABBV) --,urn:link:webnews:20241121:nNRAujf25d:0,NS:MARBEA,SAN.MC
2024-11-21 15:01:18.457,"Banco Santander S.A. Acquires 370,275 Shares of Bank of America Co. (NYSE:BAC) --",urn:link:webnews:20241121:nNRAujf255:0,NS:MARBEA,SAN.MC
2024-11-21 14:52:32.701,"Banco Santander S.A. Boosts Stock Position in The Goldman Sachs Group, Inc. (NYSE:GS) --",urn:link:webnews:20241121:nNRAujexh2:0,NS:MARBEA,SAN.MC
2024-11-21 14:52:14.741,Bristol-Myers Squibb (NYSE:BMY) Shares Acquired by Banco Santander S.A. --,urn:link:webnews:20241121:nNRAujewem:0,NS:MARBEA,SAN.MC
2024-11-21 14:49:46.287,"Banco Santander S.A. Sells 7,814 Shares of QUALCOMM Incorporated (NASDAQ:QCOM) --",urn:link:webnews:20241121:nNRAujevjp:0,NS:MARBEA,SAN.MC
2024-11-21 09:28:12.219,Santander Markets At Least a Dozen SRTs in Move to Boost Profits --,urn:link:webnews:20241121:nNRAujamgy:0,NS:YAHNEX,SAN.MC
2024-11-21 08:04:07.000,UPDATE 1-Britain's FCA consults on motor finance complaints extension,urn:newsml:reuters.com:20241121:nL8N3MS0E0:5,NS:RTRS,SAN.MC
2024-11-21 07:57:12.236,Banco Santander (SAN): The Financial Powerhouse Thriving Under $25 --,urn:link:webnews:20241121:nNRAuj9efp:0,NS:INSMON,SAN.MC
2024-11-21 00:17:10.302,Banco Santander down in recent days,urn:newsml:newsroom:20241121:nNRAuj5am6:0,NS:GLOSTO,SAN.MC
2024-11-20 21:21:39.598,Santander puts aside £295m to cover possible motor finance claims --,urn:link:webnews:20241120:nNRAuj3wmg:0,NS:GRAIND,SAN.MC
2024-11-20 17:42:32.282,German trading: Banco Santander (BSD2: EUR4.49) down 2.2% in 2 days; -10c [2.2%],urn:newsml:newsroom:20241120:nNRAuj1n1k:0,NS:GERCOM,SAN.MC
2024-11-20 16:47:51.966,Banco Santander (SAN: EUR4.49) offers earnings yield of 14.6%; -3c [0.7%],urn:newsml:newsroom:20241120:nNRAuj0xia:0,NS:GLOSTO,SAN.MC
2024-11-20 12:13:01.688,Santander sets aside EUR 350 million to cover car finance claims in UK,urn:newsml:newsroom:20241120:nNRAuiwvbg:0,NS:NOTENG,SAN.MC
2024-11-20 11:43:13.833,Santander puts aside £295m to cover possible motor finance claims --,urn:link:webnews:20241120:nNRAuiwbz9:0,NS:DIGITA,SAN.MC
2024-11-20 10:19:15.240,Santander suffers £295m hit from motor finance scandal --,urn:link:webnews:20241120:nNRAuivg4r:0,NS:YAHNEX,SAN.MC
2024-11-20 09:12:59.351,Santander makes a provision of 350 million for the UK car finance judgment,urn:newsml:newsroom:20241120:nNRAuiuljv:0,NS:NOTENG,SAN.MC
2024-11-20 08:26:33.000,UPDATE 2-Santander UK sets aside $375 million to cover possible motor finance claims,urn:newsml:reuters.com:20241120:nL8N3MR0AF:5,NS:RTRS,SAN.MC
2024-11-20 08:17:01.369,Santander UK makes £295m provision for motor finance claims,urn:newsml:newsroom:20241120:nNRAuiu160:0,NS:PROUKA,SAN.MC
2024-11-20 07:59:33.000,UPDATE 1-UK Stocks-Factors to watch on Nov 20,urn:newsml:reuters.com:20241120:nL4N3MR0EX:1,NS:RTRS,SAN.MC
2024-11-20 07:39:45.019,Santander launches fintech in Mexico to expand digital services --,urn:link:webnews:20241120:nNRAuitngf:0,NS:GLOREV,SAN.MC
2024-11-20 07:39:40.357,Santander UK's Q3 PBT Falls To 143 Mln Stg,urn:newsml:reuters.com:20241120:nRSD3Z8Dvs:1,NS:SIGDEV,SAN.MC
2024-11-20 07:32:32.000,Santander UK makes provision against possible motor finance redress claims,urn:newsml:reuters.com:20241120:nFWN3MR08K:1,NS:RTRS,SAN.MC
2024-11-20 07:17:28.725,REG - Santander UKGrp Hdgs Santander UK Plc - 3rd Quarter Results,urn:newsml:newsroom:20241120:nRST8720Ma:0,NS:LSE,SAN.MC
2024-11-20 07:15:01.000,REG - Santander UKGrp Hdgs Santander UK Plc  - 3rd Quarter Results,urn:newsml:reuters.com:20241120:nRST8720Ma:1,NS:LSE,SAN.MC
2024-11-20 03:07:03.968,XP Inc. (XP) Q3 2024 Earnings Call Transcript,urn:newsml:newsroom:20241120:nNRAuiqpb6:0,NS:SEECOM,SAN.MC
2024-11-20 00:17:05.458,Can Banco Santander rebound after recent dip?,urn:newsml:newsroom:20241120:nNRAuipf8s:0,NS:GLOSTO,SAN.MC
2024-11-20 00:02:39.668,Santander launches fintech in Mexico to expand digital services --,urn:link:webnews:20241120:nNRAuip6l5:0,NS:STRMLS,SAN.MC
2024-11-19 19:25:13.589,Santander launches fintech in Mexico to expand digital services --,urn:link:webnews:20241119:nNRAuimzc0:0,NS:CHAASI,SAN.MC
2024-11-19 19:22:51.223,Santander launches fintech in Mexico to expand digital services --,urn:link:webnews:20241119:nNRAuimxkz:0,NS:YAHNEX,SAN.MC
2024-11-19 19:11:10.000,Santander launches fintech in Mexico to expand digital services,urn:newsml:reuters.com:20241119:nL1N3MQ0X4:5,NS:RTRS,SAN.MC
2024-11-19 16:47:36.121,Banco Santander (SAN: EUR4.52) offers dividend yield of 4.4%; -8c [1.7%],urn:newsml:newsroom:20241119:nNRAuil1ll:0,NS:GLOSTO,SAN.MC
2024-11-19 16:08:18.534,How Banco Santander's Tax Rate compares to Its Peers,urn:newsml:newsroom:20241119:nNRAuikidl:0,NS:GLOSTO,SAN.MC
2024-11-19 09:08:24.043,How Banco Santander's dividend compares to Banco Bilbao Vizcaya Argentaria,urn:newsml:newsroom:20241119:nNRAuieeai:0,NS:GLOSTO,SAN.MC
2024-11-19 09:00:29.000,UPDATE 1-Rothschild opens wealth management office in Dubai to tap wealth influx,urn:newsml:reuters.com:20241119:nL1N3MQ095:4,NS:RTRS,SAN.MC
2024-11-19 08:09:38.500,How Banco Bilbao Vizcaya Argentaria's dividend compares to Banco Santander,urn:newsml:newsroom:20241119:nNRAuidk17:0,NS:GLOSTO,SAN.MC
2024-11-19 08:09:25.246,How CaixaBank's dividend compares to Banco Santander,urn:newsml:newsroom:20241119:nNRAuidkb2:0,NS:GLOSTO,SAN.MC
2024-11-19 05:00:00.000,Rothschild launches wealth management office in Dubai to tap wealth influx,urn:newsml:reuters.com:20241119:nL8N3MP0IN:2,NS:RTRS,SAN.MC
2024-11-19 00:17:17.389,Traders look to see if Banco Santander's recent rally will continue,urn:newsml:newsroom:20241119:nNRAui9c2a:0,NS:GLOSTO,SAN.MC
2024-11-18 21:42:09.904,Banco Santander trades 1.75 percent higher on Monday 18th of November,urn:newsml:newsroom:20241118:nNRAui86pc:0,NS:STOCKP,SAN.MC
2024-11-18 16:47:32.693,"Banco Santander (SAN: EUR4.60) keeps rising, up 4.5% in 3 days; +20c [4.5%]",urn:newsml:newsroom:20241118:nNRAui4s9l:0,NS:GLOSTO,SAN.MC
2024-11-18 07:07:34.680,Banco Santander continues to outperform Banco Bilbao Vizcaya Argentaria by 7.3% year to date,urn:newsml:newsroom:20241118:nNRAuhy1kx:0,NS:GLOSTO,SAN.MC
2024-11-17 08:52:09.020,"Apollon Wealth Management LLC Buys 3,663 Shares of Banco Santander, S.A. (NYSE:SAN)",urn:newsml:newsroom:20241117:nNRAuhqkt4:0,NS:TICREP,SAN.MC
2024-11-16 06:47:56.501,Weekly: Banco Santander (SAN: EUR4.56) lifts 3.2% on thin volume; +14c [3.2%],urn:newsml:newsroom:20241116:nNRAuhipir:0,NS:GLOWEE,SAN.MC
2024-11-15 20:07:14.252,"Técnicas Reunidas, S.A. (TNISF) Q3 2024 Earnings Call Transcript",urn:newsml:newsroom:20241115:nNRAuhdqjd:0,NS:SEECOM,SAN.MC
2024-11-15 18:02:14.814,German trading: Banco Santander (BSD2: EUR4.56) up 4.3% in 2 days; +19c [4.3%] Vol Index 1.3 [1 is avg],urn:newsml:newsroom:20241115:nNRAuhcbqy:0,NS:GERCOM,SAN.MC
2024-11-15 16:53:18.867,Weekly: Banco Santander (SAN: EUR4.56) lifts 3.2% on thin volume; +14c [3.2%],urn:newsml:newsroom:20241115:nNRAuhbjpv:0,NS:GLOWEE,SAN.MC
2024-11-15 16:47:47.944,Banco Santander (SAN: EUR4.56) up 3.6% in 2 days; +16c [3.6%],urn:newsml:newsroom:20241115:nNRAuhbdoz:0,NS:GLOSTO,SAN.MC
2024-11-15 16:10:45.000,"Banco Santander SA - Senior Preferred, Serie 2594",urn:newsml:reuters.com:20241115:nNDL18F8J6:1,NS:PUBT,SAN.MC
2024-11-15 16:10:43.000,"Banco Santander SA - Senior Preferred, Serie 2587",urn:newsml:reuters.com:20241115:nNDL9jMlKL:1,NS:PUBT,SAN.MC
2024-11-15 16:10:28.000,"Banco Santander SA - Senior Preferred, Serie 2595",urn:newsml:reuters.com:20241115:nNDL9bnYd5:1,NS:PUBT,SAN.MC
2024-11-15 14:45:33.000,Santander picks new head of European corporate DCM,urn:newsml:reuters.com:20241115:nIfp6lHb9R:1,NS:IFR,SAN.MC
2024-11-15 00:17:21.529,Friday's Preview: Can Banco Santander continue its recent gains?,urn:newsml:newsroom:20241115:nNRAuh063z:0,NS:GLOSTO,SAN.MC
2024-11-14 18:37:52.033,Banco Santander trades 0.02 percent higher on Thursday 14th of November,urn:newsml:newsroom:20241114:nNRAugxb67:0,NS:STOCKP,SAN.MC
2024-11-14 18:02:21.068,German trading: Banco Santander (BSD2: EUR4.49) climbs 2.7% on average volume; +12c [2.7%],urn:newsml:newsroom:20241114:nNRAugwp9o:0,NS:GERCOM,SAN.MC
2024-11-14 16:48:38.708,Banco Santander (SAN: EUR4.50) offers earnings yield of 14.5%; +10c [2.3%],urn:newsml:newsroom:20241114:nNRAugvrrh:0,NS:GLOSTO,SAN.MC
2024-11-14 14:52:47.000,Banco Santander-Chile - Pilar III – Market Disicpline (English),urn:newsml:reuters.com:20241114:nNDL93HDCD:1,NS:PUBT,SAN.MC
2024-11-14 11:37:16.000,Banco Santander SA - 9M´24 Santander Covered Bond presentation,urn:newsml:reuters.com:20241114:nNDL8vzjsb:1,NS:PUBT,SAN.MC
2024-11-14 00:17:31.687,Thursday's Preview: Can Banco Santander rebound after being down?,urn:newsml:newsroom:20241114:nNRAugjvci:0,NS:GLOSTO,SAN.MC
2024-11-13 21:19:35.000,Banco Santander-Chile - Banco Santander Chile and Subsidiaries Consolidated Financial Information Form 6 K,urn:newsml:reuters.com:20241113:nNDL8vDwbg:1,NS:PUBT,SAN.MC
2024-11-13 17:35:56.720,On Wednesday 13th of November Banco Santander trades -2.75 percent lower,urn:newsml:newsroom:20241113:nNRAugg7q6:0,NS:STOCKP,SAN.MC
2024-11-13 16:47:34.261,Banco Santander (SAN: EUR4.40) offers dividend yield of 4.5%; -1c [0.2%],urn:newsml:newsroom:20241113:nNRAugfjxq:0,NS:GLOSTO,SAN.MC
2024-11-13 15:51:50.111,Argentina Banking 12 November 2024_EN,urn:newsml:newsroom:20241113:nNRAugerhn:0,NS:INDSNA,SAN.MC
2024-11-13 10:01:51.059,"Catalytic Wealth RIA LLC Acquires Shares of 13,648 Banco Santander, S.A. (NYSE:SAN) --",urn:link:webnews:20241113:nNRAug9xup:0,NS:WKRNEW,SAN.MC
2024-11-13 08:07:34.384,Banco de Sabadell's Earnings Growth Outperforms Banco Santander,urn:newsml:newsroom:20241113:nNRAug8n0f:0,NS:GLOSTO,SAN.MC
2024-11-13 08:07:33.901,Banco Santander's Earnings Growth Outperforms Bankinter,urn:newsml:newsroom:20241113:nNRAug8n0g:0,NS:GLOSTO,SAN.MC
2024-11-13 00:36:17.887,Banco Santander (SAN.MC) is trading 2.09 percent higher on Tuesday 12th of November and has a trading volume of EUR 93.7 mn,urn:newsml:newsroom:20241113:nNRAug40eq:0,NS:STOCKP,SAN.MC
2024-11-12 18:07:37.051,Banco Santander's Earnings Growth Lags Banco de Sabadell,urn:newsml:newsroom:20241112:nNRAug0j3x:0,NS:GLOSTO,SAN.MC
2024-11-12 17:11:50.775,Banco Santander Chile appoints Patricia Perez as its new Finance Manager,urn:newsml:newsroom:20241112:nNRAufzquk:0,NS:NOTENG,SAN.MC
2024-11-12 17:07:54.832,How Banco Santander's Tax Rate compares to Its Peers,urn:newsml:newsroom:20241112:nNRAufzqod:0,NS:GLOSTO,SAN.MC
2024-11-12 16:47:37.918,Banco Santander (SAN: EUR4.41) falls 2.4%; -11c [2.4%],urn:newsml:newsroom:20241112:nNRAufze1d:0,NS:GLOSTO,SAN.MC
2024-11-12 15:17:00.168,Santander latest to up mortgage rates as 'sticky inflation' worries rise,urn:newsml:newsroom:20241112:nNRAufxzjn:0,NS:PROUKA,SAN.MC
2024-11-12 09:08:08.623,How Banco Santander's dividend compares to Banco Bilbao Vizcaya Argentaria,urn:newsml:newsroom:20241112:nNRAuft4ag:0,NS:GLOSTO,SAN.MC
2024-11-12 08:08:24.838,How Banco Bilbao Vizcaya Argentaria's dividend compares to Banco Santander,urn:newsml:newsroom:20241112:nNRAufsaed:0,NS:GLOSTO,SAN.MC
2024-11-12 08:08:24.589,How CaixaBank's dividend compares to Banco Santander,urn:newsml:newsroom:20241112:nNRAufsbbo:0,NS:GLOSTO,SAN.MC
2024-11-12 00:17:09.636,Traders look to see if Banco Santander's recent rally will continue,urn:newsml:newsroom:20241112:nNRAufor6f:0,NS:GLOSTO,SAN.MC
2024-11-11 22:43:37.321,"Equitix Completes Project Financing of USD291.28 Million for Refinancing of Wind Power, Solar and Battery Storage Projects in Spain",urn:newsml:reuters.com:20241111:nNRAufnyc6:1,NS:DATMTR,SAN.MC
2024-11-11 18:22:35.245,German trading: Banco Santander (BSD2: EUR4.53) climbs 3.0% after finding support; +13c [3.0%],urn:newsml:newsroom:20241111:nNRAufltqp:0,NS:GERCOM,SAN.MC
2024-11-11 16:52:25.150,Banco Santander (SAN: EUR4.52) climbs 2.3%; +10c [2.3%],urn:newsml:newsroom:20241111:nNRAufkls6:0,NS:GLOSTO,SAN.MC
2024-11-11 08:12:50.090,Santander Poland's share price soars after announcing higher-than-expected earnings,urn:newsml:newsroom:20241111:nNRAufeaz4:0,NS:NOTENG,SAN.MC
2024-11-11 07:13:32.591,"Banco Santander Compendium - A Snapshot as of November 08, 2024",urn:newsml:newsroom:20241111:nNRAufdmao:0,NS:GLOSTO,SAN.MC
2024-11-11 07:08:53.466,Banco Santander continues to outperform Banco Bilbao Vizcaya Argentaria by 4.9% in the past three months,urn:newsml:newsroom:20241111:nNRAufdkts:0,NS:GLOSTO,SAN.MC
2024-11-11 07:08:11.282,Weekly: Banco Santander (SAN: EUR4.63) climbs 5% on thin volume; +23c [5.2%],urn:newsml:newsroom:20241111:nNRAufdjo2:0,NS:GLOSTO,SAN.MC
2024-11-11 06:21:16.591,Banco Santander trades -1.88 percent lower on Monday 11th of November,urn:newsml:newsroom:20241111:nNRAufbial:0,NS:STOCKP,SAN.MC
2024-11-11 00:16:50.596,Can Banco Santander rebound after recent dip?,urn:newsml:newsroom:20241111:nNRAuf2mbk:0,NS:GLOSTO,SAN.MC
2024-11-10 20:42:32.282,Banco Santander (NYSE:SAN) Rating Increased to Buy at StockNews.com,urn:newsml:newsroom:20241110:nNRAuf1rxr:0,NS:DAILYQ,SAN.MC
2024-11-10 13:07:22.456,Banco Santander Brasil ADR tumbles 28% in 2024,urn:newsml:newsroom:20241110:nNRAuezzjp:0,NS:GLOROU,SAN.MC
2024-11-10 08:12:25.724,"Banco Santander earns a record 9,309 million euros through September, up 14%.",urn:newsml:newsroom:20241110:nNRAuey53f:0,NS:NOTENG,SAN.MC
2024-11-10 08:12:14.802,"Banco Santander earns 1,771 million euros in Brazil, up 24.2% to September",urn:newsml:newsroom:20241110:nNRAuey52z:0,NS:NOTENG,SAN.MC
2024-11-10 07:07:25.637,Banco Santander Brasil ADR tumbles 28% in 2024,urn:newsml:newsroom:20241110:nNRAuext5j:0,NS:GLOROU,SAN.MC
2024-11-10 05:12:07.686,"Jefferies highlights Santander's ""solid dynamics"" in the third quarter, despite Argentina's impact",urn:newsml:newsroom:20241110:nNRAuexdc9:0,NS:NOTENG,SAN.MC
2024-11-09 09:08:02.141,Weekly: Banco Santander (SAN: EUR4.42) falls 4.1% on firm volume; -19c [4.1%],urn:newsml:newsroom:20241109:nNRAues0pb:0,NS:GLOWEE,SAN.MC
2024-11-09 04:17:19.593,Banco Santander Brasil ADR tumbles 28% in 2024,urn:newsml:newsroom:20241109:nNRAueq1wc:0,NS:GLOROU,SAN.MC
2024-11-08 16:53:18.038,Weekly: Banco Santander (SAN: EUR4.42) falls 4.1% on firm volume; -19c [4.1%],urn:newsml:newsroom:20241108:nNRAuekd19:0,NS:GLOWEE,SAN.MC
2024-11-08 16:47:50.636,Banco Santander (SAN: EUR4.42) offers earnings yield of 14.8%; -10c [2.2%],urn:newsml:newsroom:20241108:nNRAuek7nl:0,NS:GLOSTO,SAN.MC
2024-11-08 14:19:00.000,Santander UK plc - Issuer Document,urn:newsml:reuters.com:20241108:nNDL5rZrMZ:1,NS:PUBT,SAN.MC
2024-11-08 14:08:51.000,Santander UK plc - Issuer Document,urn:newsml:reuters.com:20241108:nNDLbnXbjz:1,NS:PUBT,SAN.MC
2024-11-08 09:32:21.618,WFW advises Banco Santander on hybrid renewable energy system financing --,urn:link:webnews:20241108:nNRAuedhqe:0,NS:WININT,SAN.MC
2024-11-08 00:17:02.743,Can Banco Santander continue its gains?,urn:newsml:newsroom:20241108:nNRAue85gj:0,NS:GLOSTO,SAN.MC
2024-11-07 21:13:51.446,Banco Santander singled out as key financier of Amazon deforestation,urn:newsml:newsroom:20241107:nNRAue6rz4:0,NS:NOTENG,SAN.MC
2024-11-07 16:47:27.610,Banco Santander (SAN: EUR4.52) offers dividend yield of 4.4%; +11c [2.5%] Vol Index 1.2 [1 is avg],urn:newsml:newsroom:20241107:nNRAue3ls2:0,NS:GLOSTO,SAN.MC
2024-11-07 12:07:12.768,"Telefónica, S.A. (TEF) Q3 2024 Earnings Call Transcript",urn:newsml:newsroom:20241107:nNRAudz0o0:0,NS:SEECOM,SAN.MC
2024-11-07 06:13:35.780,Charge to the Central Bank over the opening of offshore accounts,urn:newsml:newsroom:20241107:nNRAuduvgs:0,NS:NOTENG,SAN.MC
2024-11-06 16:47:26.595,Banco Santander (SAN: EUR4.41) shares fall after 5 days of rises; -22c [4.8%] Vol Index 2.3 [1 is avg],urn:newsml:newsroom:20241106:nNRAudnh93:0,NS:GLOSTO,SAN.MC
2024-11-06 07:07:28.311,How Banco Santander's dividend compares to Unicaja Banco,urn:newsml:newsroom:20241106:nNRAudfn9f:0,NS:GLOSTO,SAN.MC
2024-11-06 00:17:39.361,Wednesday's Preview: Can Banco Santander continue its recent gains?,urn:newsml:newsroom:20241106:nNRAudc619:0,NS:GLOSTO,SAN.MC
2024-11-05 22:48:07.714,Stonepeak Partners Acquires 50% Interest in Coastal Virginia Offshore Wind Project from Dominion Energy,urn:newsml:reuters.com:20241105:nNRAudbego:1,NS:DATMTR,SAN.MC
2024-11-05 18:07:51.709,Banco de Sabadell's Earnings Growth Outperforms Banco Santander,urn:newsml:newsroom:20241105:nNRAud8pd7:0,NS:GLOSTO,SAN.MC
2024-11-05 18:07:51.312,Banco Santander's Earnings Growth Outperforms Bankinter,urn:newsml:newsroom:20241105:nNRAud8pjd:0,NS:GLOSTO,SAN.MC
2024-11-05 17:08:12.171,Banco Santander's Earnings Growth Lags Banco de Sabadell,urn:newsml:newsroom:20241105:nNRAud80dl:0,NS:GLOSTO,SAN.MC
2024-11-05 16:52:43.747,Banco Santander (SAN: EUR4.63) in 5th consecutive rise; +22c [5.0%],urn:newsml:newsroom:20241105:nNRAud7q03:0,NS:GLOSTO,SAN.MC
2024-11-05 16:52:40.958,Weekly: Banco Santander (SAN: EUR4.63) climbs 5% on thin volume; +23c [5.2%],urn:newsml:newsroom:20241105:nNRAud7q13:0,NS:GLOSTO,SAN.MC
2024-11-05 16:07:53.801,How Banco Santander's Tax Rate compares to Its Peers,urn:newsml:newsroom:20241105:nNRAud77bp:0,NS:GLOSTO,SAN.MC
2024-11-05 15:08:04.902,Banco Santander continues to underperform Unicaja Banco by 1.6% in the past month,urn:newsml:newsroom:20241105:nNRAud6byl:0,NS:GLOSTO,SAN.MC
2024-11-05 14:41:14.000,"Spain's Cox to raise up to $242 mln in IPO, valuing company at $1 bln",urn:newsml:reuters.com:20241105:nL8N3MC1US:1,NS:RTRS,SAN.MC
2024-11-05 13:12:14.000,FACTBOX-European companies cut jobs as economy sputters,urn:newsml:reuters.com:20241105:nL8N3MC1GH:4,NS:RTRS,SAN.MC
2024-11-05 12:02:59.457,"Banco Santander, S.A. (NYSE:SAN) Shares Purchased by QRG Capital Management Inc.",urn:newsml:newsroom:20241105:nNRAud3uca:0,NS:MARDAJ,SAN.MC
2024-11-05 11:08:04.369,How Banco Santander's dividend compares to CaixaBank,urn:newsml:newsroom:20241105:nNRAud334a:0,NS:GLOSTO,SAN.MC
2024-11-05 10:15:11.000,"CEE MARKETS-FX stuck near lows with eyes on U.S. vote, rate meetings",urn:newsml:reuters.com:20241105:nL8N3MC0FL:6,NS:RTRS,SAN.MC
2024-11-05 10:08:13.075,How Banco Santander's dividend compares to Bankinter,urn:newsml:newsroom:20241105:nNRAud2cb1:0,NS:GLOSTO,SAN.MC
2024-11-05 09:56:49.748,"Private Advisor Group LLC Acquires 11,866 Shares of Banco Santander, S.A. (NYSE:SAN)",urn:newsml:newsroom:20241105:nNRAud26wv:0,NS:TICREP,SAN.MC
2024-11-05 09:27:19.150,"Banco Santander, S.A. (NYSE:SAN) Stock Position Increased by Raymond James & Associates",urn:newsml:newsroom:20241105:nNRAud1t7m:0,NS:TICREP,SAN.MC
2024-11-05 09:08:06.147,How Banco Santander's dividend compares to Banco Bilbao Vizcaya Argentaria,urn:newsml:newsroom:20241105:nNRAud1khi:0,NS:GLOSTO,SAN.MC
2024-11-05 08:08:59.407,How CaixaBank's dividend compares to Banco Santander,urn:newsml:newsroom:20241105:nNRAud0unt:0,NS:GLOSTO,SAN.MC
2024-11-05 08:08:52.568,How Banco Bilbao Vizcaya Argentaria's dividend compares to Banco Santander,urn:newsml:newsroom:20241105:nNRAud0v2j:0,NS:GLOSTO,SAN.MC
2024-11-05 08:08:44.978,How Banco de Sabadell's dividend compares to Banco Santander,urn:newsml:newsroom:20241105:nNRAud0ucc:0,NS:GLOSTO,SAN.MC
2024-11-05 08:08:42.075,How Banco Santander's dividend compares to Banco de Sabadell,urn:newsml:newsroom:20241105:nNRAud0tey:0,NS:GLOSTO,SAN.MC
2024-11-05 07:07:48.990,How Banco Santander's dividend compares to Its Peers,urn:newsml:newsroom:20241105:nNRAud01wd:0,NS:GLOSTO,SAN.MC
2024-11-05 00:17:14.012,Traders look to see if Banco Santander's recent rally will continue,urn:newsml:newsroom:20241105:nNRAucwqz2:0,NS:GLOSTO,SAN.MC
2024-11-04 21:12:03.137,Ana Botín offers zero-rate loans to employees affected by DANA,urn:newsml:newsroom:20241104:nNRAucvaps:0,NS:NOTENG,SAN.MC
2024-11-04 16:57:56.406,Weekly: Banco Santander (SAN: EUR4.62) up 3.2% in 2 weeks; +14.178c [3.2%],urn:newsml:newsroom:20241104:nNRAucsr0t:0,NS:GLOSTO,SAN.MC
2024-11-04 16:52:58.409,Banco Santander (SAN: EUR4.62) offers earnings yield of 14.2%; +1c [0.2%],urn:newsml:newsroom:20241104:nNRAucslch:0,NS:GLOSTO,SAN.MC
2024-11-04 16:52:48.239,Weekly: Banco Santander (SAN: EUR4.62) up 3.2% in 2 weeks; +14.178c [3.2%],urn:newsml:newsroom:20241104:nNRAucsl58:0,NS:GLOSTO,SAN.MC
2024-11-04 16:26:07.000,Banco Santander-Chile - 3Q24 Conference Call Transcript,urn:newsml:reuters.com:20241104:nNDL5ZNdsc:1,NS:PUBT,SAN.MC
2024-11-04 15:47:58.791,"Monthly: Santander Bank Polska (SPL: PLN447.70) falls 1%, trailing 59% of stocks",urn:newsml:newsroom:20241104:nNRAucrtqq:0,NS:GLOSTP,SAN.MC
2024-11-04 15:43:35.788,"Monthly: Banco Santander (SAN: EUR4.50) decreases 2%, trailing 61% of stocks",urn:newsml:newsroom:20241104:nNRAucrqi2:0,NS:GLOSTP,SAN.MC
2024-11-04 10:07:30.157,Banco Santander continues to underperform CaixaBank by 2.3% in the past month,urn:newsml:newsroom:20241104:nNRAucnkei:0,NS:GLOSTO,SAN.MC
2024-11-04 09:08:07.523,Banco Santander continues to outperform Bankinter by 6.5% in the past month,urn:newsml:newsroom:20241104:nNRAucmvvu:0,NS:GLOSTO,SAN.MC
2024-11-04 08:07:23.099,Banco de Sabadell continues to underperform Banco Santander by 5.6% in the past month,urn:newsml:newsroom:20241104:nNRAucm58e:0,NS:GLOSTO,SAN.MC
2024-11-04 08:07:22.626,Banco Santander continues to outperform Banco de Sabadell by 5.6% in the past month,urn:newsml:newsroom:20241104:nNRAucm5y2:0,NS:GLOSTO,SAN.MC
2024-11-04 07:08:17.142,Banco Santander continues to outperform Banco Bilbao Vizcaya Argentaria by 5.1% in the past month,urn:newsml:newsroom:20241104:nNRAuclp4l:0,NS:GLOSTO,SAN.MC
2024-11-04 07:08:00.107,Weekly: Banco Santander (SAN: EUR4.61) lifts 2.9% on average volume; +13.178c [2.9%],urn:newsml:newsroom:20241104:nNRAuclnv1:0,NS:GLOSTO,SAN.MC
2024-11-04 07:07:55.647,"Monthly: Santander Bank Polska (SPL: PLN447.70) decreases 1%, trailing 59% of stocks",urn:newsml:newsroom:20241104:nNRAuclndj:0,NS:GLOSTO,SAN.MC
2024-11-04 05:12:19.748,Judicial endorsement of Santander's new clauses for its private banking employees,urn:newsml:newsroom:20241104:nNRAuckkds:0,NS:NOTENG,SAN.MC
2024-11-04 00:16:50.241,Can Banco Santander continue its gains?,urn:newsml:newsroom:20241104:nNRAucj1ne:0,NS:GLOSTO,SAN.MC
2024-11-03 03:14:40.023,Banco Santander (NYSE:SAN) Downgraded to Hold Rating by StockNews.com --,urn:link:webnews:20241103:nNRAucdpad:0,NS:MARBEA,SAN.MC
2024-11-03 02:07:03.580,"CTT - Correios De Portugal, S.A. (CTTPY) Q3 2024 Earnings Call Transcript",urn:newsml:newsroom:20241103:nNRAucdb93:0,NS:SEECOM,SAN.MC
2024-11-02 05:52:03.973,Weekly: Banco Santander (SAN: EUR4.61) lifts 2.9% on average volume; +13.178c [2.9%],urn:newsml:newsroom:20241102:nNRAuc7bd9:0,NS:GLOWEE,SAN.MC
2024-11-01 21:02:58.754,Q3 2024 Santander Bank Polska SA Earnings Call Transcript,urn:newsml:newsroom:20241101:nNRAuc41y2:0,NS:GURCOM,SAN.MC
2024-11-01 17:12:22.160,Santander: Fed's stance that wages are not a concern in the inflation scenario may be premature,urn:newsml:newsroom:20241101:nNRAuc1sb1:0,NS:NOTENG,SAN.MC
2024-11-01 16:53:21.983,Weekly: Banco Santander (SAN: EUR4.61) lifts 2.9% on average volume; +13.178c [2.9%],urn:newsml:newsroom:20241101:nNRAuc1if3:0,NS:GLOWEE,SAN.MC
2024-11-01 16:52:26.966,Weekly: Banco Santander (SAN: EUR4.61) lifts 2.9% on average volume; +13.178c [2.9%],urn:newsml:newsroom:20241101:nNRAuc1hyx:0,NS:GLOSTO,SAN.MC
2024-11-01 16:47:44.562,"Banco Santander (SAN: EUR4.61) offers dividend yield of 4.3%, hits 143-day high; +11c [2.4%]",urn:newsml:newsroom:20241101:nNRAuc1cf3:0,NS:GLOSTO,SAN.MC
2024-11-01 10:51:10.525,Banco Santander to cut UK jobs as part of cost-saving efforts --,urn:link:webnews:20241101:nNRAubwpg3:0,NS:PAYNET,SAN.MC
2024-11-01 10:08:22.186,Banco Santander continues to underperform CaixaBank by 30.3% year to date,urn:newsml:newsroom:20241101:nNRAubw2bn:0,NS:GLOSTO,SAN.MC
2024-11-01 09:07:25.408,Banco Santander continues to underperform Bankinter by 9.6% year to date,urn:newsml:newsroom:20241101:nNRAubvfx6:0,NS:GLOSTO,SAN.MC
2024-11-01 08:27:44.111,"Monthly: Banco Santander (SAN: EUR4.50) decreases 2%, trailing 61% of stocks",urn:newsml:newsroom:20241101:nNRAubv1a7:0,NS:GLOSTO,SAN.MC
2024-11-01 08:08:38.032,Banco de Sabadell continues to outperform Banco Santander by 42.2% year to date,urn:newsml:newsroom:20241101:nNRAubuqag:0,NS:GLOSTO,SAN.MC
2024-11-01 08:08:37.684,Banco Santander continues to underperform Banco de Sabadell by 42.2% year to date,urn:newsml:newsroom:20241101:nNRAubuqah:0,NS:GLOSTO,SAN.MC
2024-11-01 07:07:34.508,Banco Santander continues to outperform Banco Bilbao Vizcaya Argentaria by 8.2% year to date,urn:newsml:newsroom:20241101:nNRAubu37j:0,NS:GLOSTO,SAN.MC
2024-10-31 22:42:45.450,"Monthly: Santander Bank Polska (SPL: PLN447.70) falls 1%, trailing 59% of stocks",urn:newsml:newsroom:20241031:nNRAubqbax:0,NS:GLOSTP,SAN.MC
2024-10-31 20:12:55.254,"Large banks earn 23,656 million in nine months, up 20%, despite the ECB's rate cut",urn:newsml:newsroom:20241031:nNRAubp8up:0,NS:NOTENG,SAN.MC
2024-10-31 19:05:48.215,"(EN) Banco Santander, S.A. Investor Presentation (81019678)",urn:newsml:reuters.com:20241031:nGLF7Z6zfM:3,NS:GLFILE,SAN.MC
2024-10-31 18:02:14.670,"German trading: Banco Santander (BSD2: EUR4.49) inches higher, resistance at 12-day EMA; +9c [2.0%]",urn:newsml:newsroom:20241031:nNRAubnpg4:0,NS:GERCOM,SAN.MC
2024-10-31 16:57:55.789,"Monthly: Banco Santander (SAN: EUR4.50) decreases 2%, trailing 61% of stocks",urn:newsml:newsroom:20241031:nNRAubn12q:0,NS:GLOSTP,SAN.MC
2024-10-31 16:52:28.204,"Banco Santander (SAN: EUR4.50) adds EUR2 billion ($2 billion) (2.0%) in MCap, top heavyweight rise in IBEX 35 Index; +9c [2.0%]",urn:newsml:newsroom:20241031:nNRAubmxzb:0,NS:GLOSTO,SAN.MC
2024-10-31 12:53:55.431,Polaris Renewable Energy to take over 26-MW wind farm in Puerto Rico,urn:newsml:reuters.com:20241031:nNRAubjbw4:1,NS:SEEREN,SAN.MC
2024-10-31 08:13:35.523,"Large banks set a new profit record despite the tax: 23,656 million up to September, 20% more than in 2023",urn:newsml:newsroom:20241031:nNRAubficj:0,NS:NOTENG,SAN.MC
2024-10-30 22:51:07.236,Polaris Renewable Energy to Acquire Stake in Punta Lima Wind Farm from Santander Bank for USD20 Million,urn:newsml:reuters.com:20241030:nNRAubaszl:1,NS:DATMTR,SAN.MC
2024-10-30 17:57:51.695,"German trading: Banco Santander (BSD2: EUR4.40) down 5.0% in 2 days, hits 28-day low; -23c [5.0%] Vol Index 5.4 [1 is avg]",urn:newsml:newsroom:20241030:nNRAub81er:0,NS:GERCOM,SAN.MC
2024-10-30 16:47:30.997,"Banco Santander (SAN: EUR4.41) in bottom 2% performers of IBEX 35 Index, hits 27-day low; -9c [2.0%]",urn:newsml:newsroom:20241030:nNRAub73aj:0,NS:GLOSTO,SAN.MC
2024-10-30 15:32:45.000,Banco Santander SA - 9M'24 Institutional Presentation,urn:newsml:reuters.com:20241030:nNDL2VcQjK:1,NS:PUBT,SAN.MC
2024-10-30 15:15:31.000,Banco Santander-Chile reports results for the quarter ended in September 30 - Earnings Summary,urn:newsml:reuters.com:20241030:nL8N3M62GU:1,NS:RTRS,SAN.MC
2024-10-30 15:00:00.000,Q3 2024 Banco Santander-Chile Earnings Call,urn:newsml:reuters.com:20241030:nTRNlrWLX:1,NS:TRANS,SAN.MC
2024-10-30 14:06:35.423,Third Quarter 2024 Earnings,urn:newsml:newsroom:20241030:nVMNFVjvza:0,NS:CMNW,SAN.MC
2024-10-30 13:07:35.000,Banco Santander-Chile - Management Commentary Form 6 K,urn:newsml:reuters.com:20241030:nNDLc5kFw3:1,NS:PUBT,SAN.MC
2024-10-30 12:40:18.950,Banco Santander-Chile: Q3 Earnings Snapshot,urn:newsml:reuters.com:20241030:nNRAub3nkv:1,NS:ASSOPR,SAN.MC
2024-10-30 11:12:37.297,Santander UK delays publishing earnings after major car finance court ruling,urn:newsml:reuters.com:20241029:nNRAuan2bn:5,NS:INDEPE,SAN.MC
2024-10-30 11:08:40.597,Santander increases profits by 14% --,urn:link:webnews:20241030:nNRAub2243:0,NS:PORNEX,SAN.MC
2024-10-30 11:00:03.713,Banco Santander-Chile Announces Third Quarter 2024 Earnings,urn:newsml:reuters.com:20241030:nGNX9rlTmH:1,NS:GNW,SAN.MC
2024-10-30 10:11:54.774,Spanish stock market falls 0.04% due to Banco Santander's losses,urn:newsml:newsroom:20241030:nNRAub1b8i:0,NS:NOTENG,SAN.MC
2024-10-30 08:08:28.028,Banco Santander's Earnings Growth Outperforms Bankinter,urn:newsml:newsroom:20241030:nNRAub00j5:0,NS:GLOSTO,SAN.MC
2024-10-30 07:55:43.166,Ibovespa Dips As Santander Shares Tumble And Dollar Rises --,urn:link:webnews:20241030:nNRAuazuq3:0,NS:FUTTRA,SAN.MC
2024-10-30 07:38:13.000,UPDATE 1-Spanish stocks - Factors to watch on Oct. 30,urn:newsml:reuters.com:20241030:nL8N3M60Q6:1,NS:RTRS,SAN.MC
2024-10-30 07:27:45.000,Spanish stocks - Factors to watch on Oct. 30,urn:newsml:reuters.com:20241030:nL8N3M60LI:1,NS:RTRS,SAN.MC
2024-10-30 07:08:12.562,How Banco Santander's dividend compares to Unicaja Banco,urn:newsml:newsroom:20241030:nNRAuaz8ig:0,NS:GLOSTO,SAN.MC
2024-10-30 03:01:13.000,PRESS DIGEST-British Business - Oct 30,urn:newsml:reuters.com:20241030:nL4N3M606M:1,NS:RTRS,SAN.MC
2024-10-29 23:12:46.679,"Banco Santander earned 9,309 million euros globally; Mexico contributed 1,234 million euros.",urn:newsml:newsroom:20241029:nNRAuavk48:0,NS:NOTENG,SAN.MC
2024-10-29 21:29:41.478,"Santander bank cutting more than 1,400 UK jobs --",urn:link:webnews:20241029:nNRAuaut58:0,NS:MSNUKA,SAN.MC
2024-10-29 21:11:51.550,Ibex 35 falls weighed down by Banco Santander,urn:newsml:newsroom:20241029:nNRAuaup7x:0,NS:NOTENG,SAN.MC
2024-10-29 20:13:01.115,Santander lowers sensitivity to rates by 75% and reduces corporate deposits,urn:newsml:newsroom:20241029:nNRAuau9f8:0,NS:NOTENG,SAN.MC
2024-10-29 19:30:16.000,Newmark Group Inc. - Newmark Advises Federal Deposit Insurance Corporation on $9B Loan Portfolio Sale to Santander Bank-led Joint Venture,urn:newsml:reuters.com:20241029:nNDLcc2crz:1,NS:PUBT,SAN.MC
2024-10-29 19:11:55.815,"Santander bank cutting more than 1,400 jobs amid landmark car loan ruling",urn:newsml:reuters.com:20241029:nNRAuatq9r:1,NS:INDEPE,SAN.MC
2024-10-29 18:26:29.240,"Santander's Polish unit could pay 100% dividend, CEO says --",urn:link:webnews:20241029:nNRAuat5gq:0,NS:GLOREV,SAN.MC
2024-10-29 18:17:41.000,Banco Santander SA - 9M24 ESG Presentation,urn:newsml:reuters.com:20241029:nNDLbkZh5b:1,NS:PUBT,SAN.MC
2024-10-29 18:14:10.606,Banco Santander: Q3 Earnings Snapshot,urn:newsml:reuters.com:20241029:nNRAuaszyr:1,NS:ASSOPR,SAN.MC
2024-10-29 18:07:08.535,"Santander bank cutting more than 1,400 UK jobs",urn:newsml:newsroom:20241029:nNRAuasxwm:0,NS:PRETOP,SAN.MC
2024-10-29 18:07:07.821,Banco de Sabadell's Earnings Growth Outperforms Banco Santander,urn:newsml:newsroom:20241029:nNRAuasxje:0,NS:GLOSTO,SAN.MC
2024-10-29 18:07:07.144,Banco Santander's Earnings Growth Lags Banco de Sabadell,urn:newsml:newsroom:20241029:nNRAuasxwg:0,NS:GLOSTO,SAN.MC
2024-10-29 17:49:11.489,"Santander bank cutting more than 1,400 UK jobs --",urn:link:webnews:20241029:nNRAuasq2h:0,NS:IRINEX,SAN.MC
2024-10-29 17:26:42.266,Santander third-quarter lending income hit by lower rates --,urn:link:webnews:20241029:nNRAuasi54:0,NS:GLOREV,SAN.MC
2024-10-29 17:09:03.968,Santander cuts 1400 UK jobs --,urn:link:webnews:20241029:nNRAuasbdd:0,NS:FINEXT,SAN.MC
2024-10-29 17:08:37.979,How Banco Santander's Tax Rate compares to Its Peers,urn:newsml:newsroom:20241029:nNRAuas7nv:0,NS:GLOSTO,SAN.MC
2024-10-29 16:47:27.798,Banco Santander (SAN: EUR4.50) offers earnings yield of 14.5%; -12c [2.6%] Vol Index 1.6 [1 is avg],urn:newsml:newsroom:20241029:nNRAuartq7:0,NS:GLOSTO,SAN.MC
2024-10-29 16:13:23.343,"Banco Santander earns 9,309 million euros through September",urn:newsml:newsroom:20241029:nNRAuarfdh:0,NS:NOTENG,SAN.MC
2024-10-29 16:13:03.676,"Santander Bank to Cut 1,425 Jobs in the UK Amid Process Automation",urn:newsml:newsroom:20241029:nNRAuarery:0,NS:GURCOM,SAN.MC
2024-10-29 16:07:32.441,Banco Santander continues to outperform Unicaja Banco by 9.2% in the past month,urn:newsml:newsroom:20241029:nNRAuarc3p:0,NS:GLOSTO,SAN.MC
2024-10-29 16:07:29.529,"Banco Santander, S.A. (SAN) Q3 2024 Earnings Call Transcript",urn:newsml:newsroom:20241029:nNRAuarc21:0,NS:SEECOM,SAN.MC
2024-10-29 15:12:53.032,Santander Totta cut 82 workers by September,urn:newsml:newsroom:20241029:nNRAuaqn0t:0,NS:NOTENG,SAN.MC
2024-10-29 15:08:15.749,Banco Santander Continues to Outperform its Peers,urn:newsml:newsroom:20241029:nNRAuaqklj:0,NS:GLOSTO,SAN.MC
2024-10-29 14:57:18.076,Robust retail business gives boost to Banco Santander --,urn:link:webnews:20241029:nNRAuaqfjt:0,NS:EURNEW,SAN.MC
2024-10-29 14:47:35.000,"Santander CEO says more than 1,400 UK bank jobs being cut",urn:newsml:reuters.com:20241029:nL8N3M52AM:6,NS:RTRS,SAN.MC
2024-10-29 14:07:52.778,How Banco Santander's dividend compares to CaixaBank,urn:newsml:newsroom:20241029:nNRAuapp8t:0,NS:GLOSTO,SAN.MC
2024-10-29 14:02:29.000,Banco Santander SA reports results for the quarter ended in September 30 - Earnings Summary,urn:newsml:reuters.com:20241029:nL8N3M529W:1,NS:RTRS,SAN.MC
2024-10-29 13:51:08.082,Santander defies interest rate cuts to post higher profit --,urn:link:webnews:20241029:nNRAuapgkk:0,NS:LATNIG,SAN.MC
2024-10-29 13:41:31.076,"Santander earns 9,309 million (+14%) up to September and reiterates annual forecasts",urn:newsml:newsroom:20241029:nNRAuapce5:0,NS:CENAFT,SAN.MC
2024-10-29 13:36:09.000,Banco Santander SA - 9M'24 Fixed income Investor Presentation,urn:newsml:reuters.com:20241029:nNDL70fnQQ:1,NS:PUBT,SAN.MC
2024-10-29 13:34:15.440,"Santander's Polish unit could pay 100% dividend, CEO says --",urn:link:webnews:20241029:nNRAuapb1o:0,NS:BUSSOU,SAN.MC
2024-10-29 13:12:07.653,Santander beats 3rd quarter profit forecast despite lower than expected revenue,urn:newsml:newsroom:20241029:nNRAuaoykc:0,NS:NOTENG,SAN.MC
2024-10-29 12:33:04.151,"Santander CEO: Job Cuts In UK Are Related To Automatisation, Simplification Of Financial Products Sale",urn:newsml:reuters.com:20241029:nRSD4zZNpS:1,NS:SIGDEV,SAN.MC
2024-10-29 12:23:35.000,"BRIEF-Santander CEO: Job Cuts In UK Are Related To Automatisation, Simplification Of Financial Products Sale",urn:newsml:reuters.com:20241029:nS0N3G001C:1,NS:RTRS,SAN.MC
2024-10-29 12:13:55.671,"Biotech company Tebrio raises 30 million from Santander, Sodical, GPC and CDTI to increase production",urn:newsml:newsroom:20241029:nNRAuao0hb:0,NS:NOTENG,SAN.MC
2024-10-29 12:00:15.215,Santander defies interest rate cuts to post higher profit --,urn:link:webnews:20241029:nNRAuannvk:0,NS:WNCOMA,SAN.MC
2024-10-29 11:46:08.868,Santander Profit Beat Brings Signs of Decline in Lending Income --,urn:link:webnews:20241029:nNRAuandbw:0,NS:FINPOS,SAN.MC
2024-10-29 11:35:23.000,Banco Santander (Brasil) SA - 3Q24 IFRS9 Financial Statements,urn:newsml:reuters.com:20241029:nNDL2q72D7:1,NS:PUBT,SAN.MC
2024-10-29 11:35:07.000,Banco Santander (Brasil) SA - 3Q24 BRGAAP Financial Statements,urn:newsml:reuters.com:20241029:nNDL7m86HR:1,NS:PUBT,SAN.MC
2024-10-29 11:26:48.000,"UPDATE 2-Santander's Polish unit could pay 100% dividend, CEO says",urn:newsml:reuters.com:20241029:nL1N3M50A6:1,NS:RTRS,SAN.MC
2024-10-29 11:13:13.938,"Santander posts record profit of 9,309 million despite bank tax and lower interest rates",urn:newsml:newsroom:20241029:nNRAuan3h2:0,NS:NOTENG,SAN.MC
2024-10-29 10:53:41.000,BUZZ-Poland's Santander Bank leaps on Q3 interest income beat,urn:newsml:reuters.com:20241029:nL8N3M519S:1,NS:RTRS,SAN.MC
2024-10-29 10:42:05.712,"Banco Santander Q3 EPS $0.22, Inline, Sales $16.64B Up From $16.18B YoY",urn:newsml:newsroom:20241029:nNRAuamm5q:0,NS:BENZIN,SAN.MC
2024-10-29 10:36:49.130,Santander Sees Group's NII Growing In Constant Euros At Around 2% Or 3% In 2025,urn:newsml:reuters.com:20241029:nRSD6NvRF6:1,NS:SIGDEV,SAN.MC
2024-10-29 10:35:07.456,Santander Defies Interest Rate Cuts To Post Higher Profit,urn:newsml:newsroom:20241029:nNRAuam9xt:0,NS:INTTIM,SAN.MC
2024-10-29 10:32:13.087,Santander defies interest rate cuts to post higher profit --,urn:link:webnews:20241029:nNRAuam2on:0,NS:MISBUS,SAN.MC
2024-10-29 10:31:53.000,UPDATE 4-Santander third-quarter lending income hit by lower rates,urn:newsml:reuters.com:20241029:nL8N3M50MN:2,NS:RTRS,SAN.MC
2024-10-29 10:28:32.000,BRIEF-Santander Sees Group's NII Growing In Constant Euros At Around 2% Or 3% In 2025,urn:newsml:reuters.com:20241029:nS0N3G001B:1,NS:RTRS,SAN.MC
2024-10-29 10:19:39.872,Santander defies interest rate cuts to post higher profit --,urn:link:webnews:20241029:nNRAuals1d:0,NS:NAICOM,SAN.MC
2024-10-29 10:14:31.674,"Santander CFO: Potential Provisions Related To Motor Finance Ruling In UK Will Be ""Conservative""",urn:newsml:reuters.com:20241029:nRSD6794hx:1,NS:SIGDEV,SAN.MC
2024-10-29 10:14:15.922,"Jefferies highlights Santander's ""solid dynamics"" in the third quarter, despite Argentina's impact",urn:newsml:newsroom:20241029:nNRAualote:0,NS:NOTENG,SAN.MC
2024-10-29 10:14:11.046,Santander shares drop despite Q3 beat as UK results delayed --,urn:link:webnews:20241029:nNRAualpbk:0,NS:DIGITA,SAN.MC
2024-10-29 10:13:55.430,"Banco Santander earns 1,771 million euros in Brazil, up 24.2% to September",urn:newsml:newsroom:20241029:nNRAualog4:0,NS:NOTENG,SAN.MC
2024-10-29 10:07:37.641,How Banco Santander's dividend compares to Bankinter,urn:newsml:newsroom:20241029:nNRAuall0d:0,NS:GLOSTO,SAN.MC
2024-10-29 10:01:48.000,"BRIEF-Santander CFO: Potential Provisions Related To Motor Finance Ruling In UK Will Be ""Conservative""",urn:newsml:reuters.com:20241029:nS0N3G001A:1,NS:RTRS,SAN.MC
2024-10-29 09:57:44.930,"Not Possible To Predict Impact Of Motor Finance Ruling In UK, Santander CEO Says",urn:newsml:reuters.com:20241029:nRSD7Hp75f:1,NS:SIGDEV,SAN.MC
2024-10-29 09:57:34.541,Santander Sees NII Growing In 2025 Compared To 2024 In Constant Euros,urn:newsml:reuters.com:20241029:nRSD4TBmCp:1,NS:SIGDEV,SAN.MC
2024-10-29 09:48:03.000,"BRIEF-Not Possible To Predict Impact Of Motor Finance Ruling In UK, Santander CEO Says",urn:newsml:reuters.com:20241029:nS0N3G0019:1,NS:RTRS,SAN.MC
2024-10-29 09:45:53.000,BRIEF-Santander Sees NII Growing In 2025 Compared To 2024 In Constant Euros,urn:newsml:reuters.com:20241029:nS0N3G0014:1,NS:RTRS,SAN.MC
2024-10-29 09:17:08.319,Banco Santander reports Q3 results,urn:newsml:newsroom:20241029:nNRAuakvay:0,NS:SEECOM,SAN.MC
2024-10-29 09:13:25.037,"Banco Santander breaks records: earnings 9,309 million, up 14%, and profitability exceeds 16%.",urn:newsml:newsroom:20241029:nNRAuaktv3:0,NS:NOTENG,SAN.MC
2024-10-29 09:13:03.000,Banco Santander (Brasil) SA - Dados Econômico-Financeiros,urn:newsml:reuters.com:20241029:nNDL18RG3V:1,NS:PUBT,SAN.MC
2024-10-29 09:10:28.972,"(EN) Banco Santander, S.A. Full Year (80969917)",urn:newsml:reuters.com:20241029:nGLF6fb6P:2,NS:GLFILE,SAN.MC
2024-10-29 09:07:55.767,How Banco Santander's dividend compares to Banco Bilbao Vizcaya Argentaria,urn:newsml:newsroom:20241029:nNRAuakqqe:0,NS:GLOSTO,SAN.MC
2024-10-29 09:00:00.000,Q3 2024 Banco Santander SA Earnings Call,urn:newsml:reuters.com:20241029:nTRNc9TdlF:1,NS:TRANS,SAN.MC
2024-10-29 09:00:00.000,Q3 2024 Santander Bank Polska SA Earnings Call,urn:newsml:reuters.com:20241029:nTRN9stkB7:1,NS:TRANS,SAN.MC
2024-10-29 08:59:25.000,"LIVE MARKETS-STOXX inches up, Q3 reporting steams ahead",urn:newsml:reuters.com:20241029:nL8N3M510S:2,NS:RTRS,SAN.MC
2024-10-29 08:47:19.000,Banco Santander SA - 3Q2024 Earnings presentation: Supplementary Info,urn:newsml:reuters.com:20241029:nNDL6fJVfK:1,NS:PUBT,SAN.MC
2024-10-29 08:43:34.000,BUZZ-Santander shares fall as Q3 NII misses consensus,urn:newsml:reuters.com:20241029:nL8N3M50YV:1,NS:RTRS,SAN.MC
2024-10-29 08:34:16.229,"(EN) Banco Santander, S.A. Press (80968233)",urn:newsml:reuters.com:20241029:nGLF3jQ9qH:3,NS:GLFILE,SAN.MC
2024-10-29 08:32:01.000,Banco Santander SA - Third Quarter 2024 Earnings presentation,urn:newsml:reuters.com:20241029:nNDL8Y2wr8:1,NS:PUBT,SAN.MC
2024-10-29 08:17:19.000,Banco Santander SA - Third Quarter 2024 Financial report,urn:newsml:reuters.com:20241029:nNDL3vgDkq:1,NS:PUBT,SAN.MC
2024-10-29 08:13:40.041,"Banco Santander earns 9,309 million euros through September and increases its profit by 14%.",urn:newsml:newsroom:20241029:nNRAuak3zm:0,NS:NOTENG,SAN.MC
2024-10-29 08:08:14.134,How Banco Bilbao Vizcaya Argentaria's dividend compares to Banco Santander,urn:newsml:newsroom:20241029:nNRAuak0wi:0,NS:GLOSTO,SAN.MC
2024-10-29 08:08:03.516,How CaixaBank's dividend compares to Banco Santander,urn:newsml:newsroom:20241029:nNRAuak1n8:0,NS:GLOSTO,SAN.MC
2024-10-29 08:08:03.482,How Banco Santander's dividend compares to Banco de Sabadell,urn:newsml:newsroom:20241029:nNRAuak1n7:0,NS:GLOSTO,SAN.MC
2024-10-29 08:08:03.254,How Banco de Sabadell's dividend compares to Banco Santander,urn:newsml:newsroom:20241029:nNRAuak0mv:0,NS:GLOSTO,SAN.MC
2024-10-29 08:00:00.000,Q3 2024 Santander Bank Polska SA Earnings Call - Final,urn:newsml:newsroom:20241108:nNRAuen67i:0,NS:FDFAIR,SAN.MC
2024-10-29 08:00:00.000,Q3 2024 Banco Santander SA Earnings Call - Final,urn:newsml:newsroom:20241105:nNRAud314y:0,NS:FDFAIR,SAN.MC
2024-10-29 07:53:16.049,UpdateProfit up in third quarter for Spanish bank Santander,urn:newsml:newsroom:20241029:nNRAuajv40:0,NS:DPAENG,SAN.MC
2024-10-29 07:47:42.018,Profit up in third quarter for Spanish bank Santander,urn:newsml:newsroom:20241029:nNRAuajshc:0,NS:DPAENG,SAN.MC
2024-10-29 07:33:01.802,"Santander Bank Polska Q3 Net Profit At 1.94 Bln Zlotys, Above Expectations",urn:newsml:reuters.com:20241029:nRSD9rf4fC:1,NS:SIGDEV,SAN.MC
2024-10-29 07:30:50.000,Wiener Börse AG - Banco Santander: dividend on the global market - ex date 10/30/2024,urn:newsml:reuters.com:20241029:nNDLCkbcn:1,NS:PUBT,SAN.MC
2024-10-29 07:14:12.561,Santander Q3 Profit Climbs; Confirms FY24 Outlook,urn:newsml:newsroom:20241029:nNRAuajeqj:0,NS:RTTNEW,SAN.MC
2024-10-29 07:13:49.536,"Banco Santander earns 9,309 million euros through September, an increase of 14%.",urn:newsml:newsroom:20241029:nNRAuajcyu:0,NS:NOTENG,SAN.MC
2024-10-29 07:08:06.571,How Banco Santander's dividend compares to Its Peers,urn:newsml:newsroom:20241029:nNRAuaj973:0,NS:GLOSTO,SAN.MC
2024-10-29 07:00:18.861,REG - Banco Santander S.A. - 3Q 2024 Financial report & Earnings presentation,urn:newsml:newsroom:20241029:nRSc0153Ka:0,NS:LSE,SAN.MC
2024-10-29 07:00:17.682,REG - Banco Santander S.A. - Third Quarter 2024 Results - Press release,urn:newsml:newsroom:20241029:nRSc0152Ka:0,NS:LSE,SAN.MC
2024-10-29 06:56:40.000,Santander's Polish unit Q3 net profit jumps 27% yoy on lower FX provisions,urn:newsml:reuters.com:20241029:nS8N3L902Q:3,NS:RTRS,SAN.MC
2024-10-29 06:46:26.000,Spanish stocks - Factors to watch on Oct 29,urn:newsml:reuters.com:20241029:nL8N3M50OT:1,NS:RTRS,SAN.MC
2024-10-29 06:32:16.000,Banco Santander SA - 9M’24 Press release,urn:newsml:reuters.com:20241029:nNDL4fczkX:1,NS:PUBT,SAN.MC
2024-10-29 06:29:14.249,Santander Q3 Profit Climbs; Confirms FY24 Outlook --,urn:link:webnews:20241029:nNRAuaisw5:0,NS:FINDEH,SAN.MC
2024-10-29 06:08:35.471,Santander Q3 Net Interest Income 11.23 Bln Euros,urn:newsml:reuters.com:20241029:nRSD8mSXBk:1,NS:SIGDEV,SAN.MC
2024-10-29 06:04:29.000,Banco Santander SA - 9M'24 Earnings Presentation (Supplementary information),urn:newsml:reuters.com:20241029:nNDLbRxmcY:1,NS:PUBT,SAN.MC
2024-10-29 06:04:25.000,Banco Santander SA - 9M'24 Earnings Presentation,urn:newsml:reuters.com:20241029:nNDL90gzT8:1,NS:PUBT,SAN.MC
2024-10-29 06:04:20.000,Banco Santander SA - 9M'24 Financial Report,urn:newsml:reuters.com:20241029:nNDL5Nrc06:1,NS:PUBT,SAN.MC
2024-10-29 05:57:45.918,"CORRECTED-BRIEF-Santander Q3 Total Income EUR 15,135 Million",urn:newsml:reuters.com:20241029:nPLX79E3FE:2,NS:RTRS,SAN.MC
2024-10-29 05:57:33.000,BRIEF-Santander Q3 Net Interest Income 11.23 Bln Euros,urn:newsml:reuters.com:20241029:nFWN3M41YI:1,NS:RTRS,SAN.MC
2024-10-29 05:57:19.857,"Santander Q3 Total Income EUR 46,200 Million",urn:newsml:reuters.com:20241029:nRSDM7KfS:1,NS:SIGDEV,SAN.MC
2024-10-29 05:56:31.000,"Banco Santander SA - 3Q2024 Santander Results - Santander reports profit of €9,309 million (+14%) for the first nine months of the year",urn:newsml:reuters.com:20241029:nNDL6Q1PPd:1,NS:PUBT,SAN.MC
2024-10-29 05:54:50.000,Santander's Q3 net profit rises 12% compared to same period in 2023,urn:newsml:reuters.com:20241029:nL8N3M41RW:3,NS:RTRS,SAN.MC
2024-10-29 00:00:00.000,Polaris Renewable Energy Announces Acquisition Transaction in Puerto Rico,urn:newsml:newsroom:20241103:nNRAuciju7:0,NS:GULOIL,SAN.MC
2024-10-28 21:29:40.000,UPDATE 1-Santander UK delays Q3 results to assess motor finance ruling impact,urn:newsml:reuters.com:20241028:nL8N3M41LV:1,NS:RTRS,SAN.MC
2024-10-28 19:13:23.000,Santander UK delays Q3 results set for Oct. 29,urn:newsml:reuters.com:20241028:nS0N3G000H:1,NS:RTRS,SAN.MC
2024-10-28 17:12:29.537,Banco Santander to pay interim cash dividend on November 1 against 2024 earnings,urn:newsml:newsroom:20241028:nNRAuacjta:0,NS:NOTENG,SAN.MC
2024-10-28 16:47:22.095,Banco Santander (SAN: EUR4.62) in 2nd consecutive rise; +6c [1.3%],urn:newsml:newsroom:20241028:nNRAuac9kq:0,NS:GLOSTO,SAN.MC
2024-10-28 13:04:23.000,Banco Santander-Chile <BSAC.N> expected to post earnings of 67 cents a share - Earnings Preview,urn:newsml:reuters.com:20241028:nL8N3M40WF:1,NS:RTRS,SAN.MC
2024-10-28 10:07:06.845,Banco Santander continues to outperform CaixaBank by 3.7% in the past month,urn:newsml:newsroom:20241028:nNRAua70cl:0,NS:GLOSTO,SAN.MC
2024-10-28 09:07:49.806,Banco Santander continues to outperform Bankinter by 9.6% in the past month,urn:newsml:newsroom:20241028:nNRAua6eat:0,NS:GLOSTO,SAN.MC
2024-10-28 08:48:51.000,EARNINGS POLL-Santander's Polish unit's Q3 profit seen up 10% y/y,urn:newsml:reuters.com:20241028:nL8N3M01PV:1,NS:RTRS,SAN.MC
2024-10-28 08:07:34.098,Banco de Sabadell continues to underperform Banco Santander by 5.3% in the past month,urn:newsml:newsroom:20241028:nNRAua5sou:0,NS:GLOSTO,SAN.MC
2024-10-28 08:07:33.738,Banco Santander continues to outperform Banco de Sabadell by 5.3% in the past month,urn:newsml:newsroom:20241028:nNRAua5sov:0,NS:GLOSTO,SAN.MC
2024-10-28 07:07:36.158,Banco Santander continues to outperform Banco Bilbao Vizcaya Argentaria by 6.3% in the past month,urn:newsml:newsroom:20241028:nNRAua56yz:0,NS:GLOSTO,SAN.MC
2024-10-28 06:43:52.000,Spanish stocks - Factors to watch on Oct 28,urn:newsml:reuters.com:20241028:nL8N3M404V:1,NS:RTRS,SAN.MC
2024-10-27 10:17:15.411,"Joel Isaacson & Co. LLC Takes Position in Banco Santander, S.A. (NYSE:SAN)",urn:newsml:newsroom:20241027:nNRAu9yquz:0,NS:TICREP,SAN.MC
2024-10-27 08:52:28.893,"Greenleaf Trust Boosts Stake in Banco Santander, S.A. (NYSE:SAN)",urn:newsml:newsroom:20241027:nNRAu9y8qp:0,NS:TICREP,SAN.MC
2024-10-27 07:32:05.582,Walt Disney Second Quarter 13F Filing: Banco Santander slashes 36.9% of its shareholding,urn:newsml:newsroom:20241027:nNRAu9xjtn:0,NS:NEWWIR,SAN.MC
2024-10-26 19:21:53.001,Walt Disney Second Quarter 13F Filing: Banco Santander slashes 36.9% of its shareholding,urn:newsml:newsroom:20241026:nNRAu9uvwj:0,NS:NEWWIR,SAN.MC
2024-10-26 04:32:40.428,Weekly: Banco Santander (SAN: EUR4.58) decreases 1.3% on below average volume; -6c [1.3%],urn:newsml:newsroom:20241026:nNRAu9p3vq:0,NS:GLOWEE,SAN.MC
2024-10-25 18:54:01.988,Newscasts - Europe Markets Briefing: European shares muted amid some weak corporate earings,urn:newsml:reuters.com:20241025:nRTVbDY4Hf:16,NS:RTRS,SAN.MC
2024-10-25 17:25:00.000,"UPDATE 2-Santander starts cutting jobs in the UK, source says",urn:newsml:reuters.com:20241025:nL8N3M11XH:4,NS:RTRS,SAN.MC
2024-10-25 16:27:54.341,Weekly: Banco Santander (SAN: EUR4.58) decreases 1.3% on below average volume; -6c [1.3%],urn:newsml:newsroom:20241025:nNRAu9j1or:0,NS:GLOWEE,SAN.MC
2024-10-25 16:22:24.800,Banco Santander (SAN: EUR4.58) offers dividend yield of 4%; +2c [0.4%],urn:newsml:newsroom:20241025:nNRAu9iy7v:0,NS:GLOSTO,SAN.MC
2024-10-25 15:59:13.000,"Santander starts round of job cuts in the UK, Bloomberg reports",urn:newsml:reuters.com:20241025:nL8N3M11WG:1,NS:RTRS,SAN.MC
2024-10-25 15:38:08.000,"Banco Santander SA - Senior Preferred, Serie 2563",urn:newsml:reuters.com:20241025:nNDL2xss5c:1,NS:PUBT,SAN.MC
2024-10-25 15:37:47.000,"Banco Santander SA - Senior Preferred, Serie 2553",urn:newsml:reuters.com:20241025:nNDL9SrFJm:1,NS:PUBT,SAN.MC
2024-10-25 15:12:23.000,UPDATE 4-Close Brothers and Lloyds shares slide after UK motor finance ruling,urn:newsml:reuters.com:20241025:nL4N3M10XS:3,NS:RTRS,SAN.MC
2024-10-25 13:10:22.000,Banco Santander SA <SAN.N> expected to post earnings of 20 cents a share - Earnings Preview,urn:newsml:reuters.com:20241025:nL8N3M11BG:1,NS:RTRS,SAN.MC
2024-10-25 12:46:45.000,Banco Santander SA - 10 years FLOATING rate Senior Preferred Estructurado 10/34 SPE 037,urn:newsml:reuters.com:20241025:nNDL8MM7zy:1,NS:PUBT,SAN.MC
2024-10-25 10:30:00.000,"RPT-Bankers see tepid investments due to uncertainty over US elections, geopolitics",urn:newsml:reuters.com:20241025:nL1N3M01HO:1,NS:RTRS,SAN.MC
2024-10-24 23:01:39.956,"Santander will have a full service digital bank in U.S. by 2025-end, chair says --",urn:link:webnews:20241024:nNRAu97gn8:0,NS:MSNUKA,SAN.MC
2024-10-24 21:33:27.000,"Bankers see tepid investments due to uncertainty over US elections, geopolitics",urn:newsml:reuters.com:20241024:nL4N3M02H5:1,NS:RTRS,SAN.MC
2024-10-24 20:50:44.000,"UPDATE 2-Santander will have a full-service digital bank in US by end-2025, chair says",urn:newsml:reuters.com:20241024:nL1N3M015Y:7,NS:RTRS,SAN.MC
2024-10-24 17:24:46.969,"Santander will have a full service digital bank in US by 2025-end, chair says --",urn:link:webnews:20241024:nNRAu94m6r:0,NS:CHAASI,SAN.MC
2024-10-24 17:16:09.936,"Santander will have a full service digital bank in U.S. by 2025-end, chair says --",urn:link:webnews:20241024:nNRAu94eyx:0,NS:YAHNEX,SAN.MC
2024-10-24 16:22:27.530,Banco Santander (SAN: EUR4.56) drops 1.1% on firm volume; -5c [1.1%] Vol Index 1.3 [1 is avg],urn:newsml:newsroom:20241024:nNRAu93qt4:0,NS:GLOSTO,SAN.MC
2024-10-24 15:03:14.318,"Is Banco Santander, S.A. (NYSE:SAN) the Most Undervalued Value Stock to Buy According to Analysts? --",urn:link:webnews:20241024:nNRAu92n6h:0,NS:YAHNEX,SAN.MC
2024-10-24 14:48:25.071,"Is Banco Santander, S.A. (NYSE:SAN) the Most Undervalued Value Stock to Buy According to Analysts? --",urn:link:webnews:20241024:nNRAu92c86:0,NS:INSMON,SAN.MC
2024-10-24 12:01:47.000,Banco Santander SA - 15 years FIXED rate Senior Preferred Structured 10/39 SPE 036,urn:newsml:reuters.com:20241024:nNDL2Gn7TN:1,NS:PUBT,SAN.MC
2024-10-24 07:57:35.463,"Cwm LLC Has $172,000 Stock Holdings in Banco Santander, S.A. (NYSE:SAN) --",urn:link:webnews:20241024:nNRAu8x39p:0,NS:ETFDAI,SAN.MC
2024-10-23 17:56:40.535,"Interest rates will only fall to 3.75% next year, says Santander - days after Goldman Sachs' far spicier forecast --",urn:link:webnews:20241023:nNRAu8q65i:0,NS:MSNUKA,SAN.MC
2024-10-23 17:07:30.000,LIVE MARKETS-Spanish banks Q3 earnings season ready to kick off,urn:newsml:reuters.com:20241023:nL1N3LZ12D:2,NS:RTRS,SAN.MC
2024-10-23 16:22:25.648,Banco Santander (SAN: EUR4.61) offers earnings yield of 14.2%; -1c [0.2%],urn:newsml:newsroom:20241023:nNRAu8p29v:0,NS:GLOSTO,SAN.MC
2024-10-23 12:33:39.329,Fitch Affirms Santander Consumer Finance at 'A-'; Outlook Stable,urn:newsml:reuters.com:20241023:nFIT8wTv5Q:1,NS:FCH,SAN.MC
2024-10-23 10:30:14.045,"Jim Cramer Says 'If You Want A Foreign Bank, Please Go For Banco Santader, S.A. (SAN)' --",urn:link:webnews:20241023:nNRAu8ju1i:0,NS:INSMON,SAN.MC
2024-10-23 09:10:16.000,Banco Santander SA - 6 years FIXED rate Senior Non Preferred 10/30 SNP 238,urn:newsml:reuters.com:20241023:nNDL30fpQv:1,NS:PUBT,SAN.MC
2024-10-23 05:30:07.650,IDB Invest Launches Landmark $1 Billion Securitization in Latin America and the Caribbean --,urn:link:webnews:20241023:nNRAu8ggux:0,NS:FINGEV,SAN.MC
2024-10-22 16:22:29.000,Banco Santander (SAN: EUR4.62) strengthens above moving average price; +4c [0.9%],urn:newsml:newsroom:20241022:nNRAu89hdq:0,NS:GLOSTO,SAN.MC
2024-10-22 11:13:14.798,"Ignacio Juliá (Santander): ""We need a regulatory framework without burdens for companies to invest"".",urn:newsml:newsroom:20241022:nNRAu852ra:0,NS:NOTENG,SAN.MC
2024-10-22 10:23:39.379,Notice of Third Quarter 2024 Results --,urn:link:webnews:20241022:nNRAu84ee6:0,NS:DIGITA,SAN.MC
2024-10-22 10:11:51.050,REG - Banco Santander S.A. - Notice of Third Quarter 2024 Results,urn:newsml:newsroom:20241022:nRSV1484Ja:0,NS:LSE,SAN.MC
2024-10-22 10:11:49.000,REG - Banco Santander S.A.  - Notice of Third Quarter 2024 Results,urn:newsml:reuters.com:20241022:nRSV1484Ja:1,NS:LSE,SAN.MC
2024-10-22 08:08:24.412,How Banco Santander's dividend compares to Banco Bilbao Vizcaya Argentaria,urn:newsml:newsroom:20241022:nNRAu82oup:0,NS:GLOSTO,SAN.MC
2024-10-22 07:08:18.623,How CaixaBank's dividend compares to Banco Santander,urn:newsml:newsroom:20241022:nNRAu81ybm:0,NS:GLOSTO,SAN.MC
2024-10-22 07:08:18.388,How Banco Bilbao Vizcaya Argentaria's dividend compares to Banco Santander,urn:newsml:newsroom:20241022:nNRAu81xa6:0,NS:GLOSTO,SAN.MC
2024-10-22 06:00:01.000,"Mexican credit facility platform CXC raises $33 million to expand through Latam, US",urn:newsml:reuters.com:20241022:nL1N3LX193:2,NS:RTRS,SAN.MC
2024-10-21 16:17:25.181,Banco Santander (SAN: EUR4.58) offers dividend yield of 4%; -6c [1.3%],urn:newsml:newsroom:20241021:nNRAu7uwv7:0,NS:GLOSTO,SAN.MC
2024-10-21 16:02:40.604,Santander launches digital bank in US to gain cheaper funding for auto loans --,urn:link:webnews:20241021:nNRAu7ur3f:0,NS:MSNCAN,SAN.MC
2024-10-21 15:45:10.000,Banco Santander SA - 6 years FIXED rate Senior Preferred Structured 10/31 SPE 035,urn:newsml:reuters.com:20241021:nNDL85Z5QD:1,NS:PUBT,SAN.MC
2024-10-21 15:26:12.144,Santander launches US digital bank to cut cost of auto lending --,urn:link:webnews:20241021:nNRAu7uc2o:0,NS:BUSTIM,SAN.MC
2024-10-21 14:29:46.000,UPDATE 1-Santander launches US digital bank to cut cost of auto lending,urn:newsml:reuters.com:20241021:nL1N3LX0HQ:4,NS:RTRS,SAN.MC
2024-10-21 13:24:12.555,Santander launches digital bank in US to gain cheaper funding for auto loans --,urn:link:webnews:20241021:nNRAu7t3k7:0,NS:STRMLS,SAN.MC
2024-10-21 13:21:12.026,Santander launches digital bank in US to gain cheaper funding for auto loans --,urn:link:webnews:20241021:nNRAu7t1fz:0,NS:YAHSIN,SAN.MC
2024-10-21 13:00:00.000,Santander launches digital bank in US to gain cheaper funding for auto loans,urn:newsml:reuters.com:20241021:nL1N3LX0FS:1,NS:RTRS,SAN.MC
2024-10-21 09:00:02.640,REG - Santander UKGrp Hdgs Santander UK Plc - Directorate Change,urn:newsml:newsroom:20241021:nRSU9398Ia:0,NS:LSE,SAN.MC
2024-10-21 09:00:00.000,REG - Santander UKGrp Hdgs Santander UK Plc  - Directorate Change,urn:newsml:reuters.com:20241021:nRSU9398Ia:1,NS:LSE,SAN.MC
2024-10-21 06:54:16.000,BUZZ-Barclays cuts Caixabank and Bankinter on rate sensitivity,urn:newsml:reuters.com:20241021:nL8N3LX09V:1,NS:RTRS,SAN.MC
2024-10-21 06:08:52.849,Banco Santander continues to outperform Banco Bilbao Vizcaya Argentaria by 9.9% year to date,urn:newsml:newsroom:20241021:nNRAu7o369:0,NS:GLOSTO,SAN.MC
2024-10-21 04:12:00.716,The takeover bid for Sabadell increases the stock market gap between Santander and BBVA to its widest level in two years,urn:newsml:newsroom:20241021:nNRAu7n52t:0,NS:NOTENG,SAN.MC
2024-10-19 17:13:47.355,(AMP) Santander to compensate Consumer USA's former minority shareholders with 150 million euros,urn:newsml:newsroom:20241019:nNRAu7dsju:0,NS:NOTENG,SAN.MC
2024-10-19 15:12:31.451,Santander to compensate Consumer USA's former minority shareholders with 150 million euros,urn:newsml:newsroom:20241019:nNRAu7d930:0,NS:NOTENG,SAN.MC
2024-10-19 04:32:34.481,Weekly: Banco Santander (SAN: EUR4.64) up 3.6% in 2 weeks; +7c [1.5%],urn:newsml:newsroom:20241019:nNRAu78sdb:0,NS:GLOWEE,SAN.MC
2024-10-18 16:27:52.935,Weekly: Banco Santander (SAN: EUR4.64) up 3.6% in 2 weeks; +7c [1.5%],urn:newsml:newsroom:20241018:nNRAu732ii:0,NS:GLOWEE,SAN.MC
2024-10-18 16:22:34.298,Banco Santander (SAN: EUR4.64) offers dividend yield of 3.9%; +6c [1.3%],urn:newsml:newsroom:20241018:nNRAu731ks:0,NS:GLOSTO,SAN.MC
2024-10-17 21:43:06.151,Santander Consumer Finance Acquires CLM Fleet Management,urn:newsml:reuters.com:20241017:nNRAu6qtnx:1,NS:DATMTR,SAN.MC
2024-10-17 16:22:24.260,Banco Santander (SAN: EUR4.58) offers earnings yield of 14.3%; -3c [0.7%],urn:newsml:newsroom:20241017:nNRAu6nl8r:0,NS:GLOSTO,SAN.MC
2024-10-17 15:18:07.423,"Naviter Wealth LLC Boosts Holdings in Banco Santander, S.A. (NYSE:SAN)",urn:newsml:newsroom:20241017:nNRAu6mst0:0,NS:CERGEM,SAN.MC
2024-10-17 14:32:17.818,"Naviter Wealth LLC Buys 6,176 Shares of Banco Santander, S.A. (NYSE:SAN)",urn:newsml:newsroom:20241017:nNRAu6m0ud:0,NS:WATNEW,SAN.MC
2024-10-17 14:00:10.889,Santander Plans Risk Transfer Linked to £1 Billion of UK Consumer Loans --,urn:link:webnews:20241017:nNRAu6lneg:0,NS:YAHNEX,SAN.MC
2024-10-16 16:22:24.946,Banco Santander (SAN: EUR4.61) decreases; -2c [0.4%],urn:newsml:newsroom:20241016:nNRAu68acy:0,NS:GLOSTO,SAN.MC
2024-10-16 15:59:45.000,Linklaters LLP - Linklaters Advises Banco Santander and European Export Credit Agency on US$357.8 Million Buyer-Credit Refinancing for the Mexicali Oriente Power Plant,urn:newsml:reuters.com:20241016:nNDL3JT11H:1,NS:PUBT,SAN.MC
2024-10-16 09:33:24.798,"(EN) Banco Santander, S.A. Full Year Disclosure Document (80843176)",urn:newsml:reuters.com:20241016:nGLF2Z0Zdw:3,NS:GLFILE,SAN.MC
2024-10-16 09:20:42.602,"(EN) Banco Santander, S.A. Full Year Disclosure Document (80843217)",urn:newsml:reuters.com:20241016:nGLF7zwn5n:2,NS:GLFILE,SAN.MC
2024-10-16 07:44:18.188,"Brookstone Capital Management Buys New Shares in Banco Santander, S.A. (NYSE:SAN) --",urn:link:webnews:20241016:nNRAu61upu:0,NS:ETFDAI,SAN.MC
2024-10-16 07:07:38.572,Banco de Sabadell's Earnings Growth Outperforms Banco Santander,urn:newsml:newsroom:20241016:nNRAu61flf:0,NS:GLOSTO,SAN.MC
2024-10-16 07:07:38.212,Banco Santander's Earnings Growth Outperforms Bankinter,urn:newsml:newsroom:20241016:nNRAu61flg:0,NS:GLOSTO,SAN.MC
2024-10-16 06:16:31.469,Optional early redemption ISIN ES0213900220 --,urn:link:webnews:20241016:nNRAu60t5n:0,NS:DIGITA,SAN.MC
2024-10-16 06:14:00.000,LM - Banco Santander EUR perp early redemption,urn:newsml:reuters.com:20241016:nIfp8dyh2B:1,NS:IFR,SAN.MC
2024-10-16 06:06:46.659,REG - Banco Santander S.A. - Optional early redemption ISIN ES0213900220,urn:newsml:newsroom:20241016:nRSP3905Ia:0,NS:LSE,SAN.MC
2024-10-15 17:07:33.709,Banco Santander's Earnings Growth Lags Banco de Sabadell,urn:newsml:newsroom:20241015:nNRAu5tqsy:0,NS:GLOSTO,SAN.MC
2024-10-15 16:22:27.474,"Banco Santander (SAN: EUR4.63) rises in 4 out of last 5 days, 5-day rise of 1.5%; +2c [0.4%]",urn:newsml:newsroom:20241015:nNRAu5t4c1:0,NS:GLOSTO,SAN.MC
2024-10-15 16:07:30.460,How Banco Santander's Tax Rate compares to Its Peers,urn:newsml:newsroom:20241015:nNRAu5suxj:0,NS:GLOSTO,SAN.MC
2024-10-15 11:56:33.000,Banco Santander SA - 17 years fixed rate Senior Preferred Structured 10/41 SPE 034,urn:newsml:reuters.com:20241015:nNDL4Yx2qJ:1,NS:PUBT,SAN.MC
2024-10-15 07:08:23.613,How CaixaBank's dividend compares to Banco Santander,urn:newsml:newsroom:20241015:nNRAu5l5bv:0,NS:GLOSTO,SAN.MC
2024-10-15 07:08:22.785,How Banco Bilbao Vizcaya Argentaria's dividend compares to Banco Santander,urn:newsml:newsroom:20241015:nNRAu5l4sl:0,NS:GLOSTO,SAN.MC
2024-10-15 06:15:16.616,Banco Santander (SAN.MC) is trading 0.83 percent higher on Tuesday 15th of October and has a trading volume of EUR 73.8 mn,urn:newsml:newsroom:20241015:nNRAu5kfap:0,NS:STOCKP,SAN.MC
2024-10-15 04:42:11.487,"Santander, first bank in Mexico to join the Electromobility Association (EMA)",urn:newsml:newsroom:20241015:nNRAu5j05m:0,NS:CENAFT,SAN.MC
2024-10-14 17:32:04.709,Interim Report (Half Year) Analysis H1 2024: Banco Santander reports 13% rise in Half-Yearly Net Profit Corporate Wire Date: 14 October 2024 17:49 ...,urn:newsml:newsroom:20241014:nNRAu5exg4:0,NS:GLOUPF,SAN.MC
2024-10-14 16:22:26.279,Banco Santander (SAN: EUR4.61) offers dividend yield of 3.9%; +4c [0.9%],urn:newsml:newsroom:20241014:nNRAu5e0st:0,NS:GLOSTO,SAN.MC
2024-10-14 15:52:29.548,"Interim Report (Half Year) Analysis H1 2024: Banco Santander reports 13% rise in Half-Yearly Net Profit Tuesday October 15, 2024 17:49 CEST",urn:newsml:newsroom:20241014:nNRAu5dn5d:0,NS:NEWWIR,SAN.MC
2024-10-14 12:57:10.626,"Ritholtz Wealth Management Has $1.88 Million Stock Position in Banco Santander, S.A. (NYSE:SAN)",urn:newsml:newsroom:20241014:nNRAu5blgj:0,NS:TRADAJ,SAN.MC
2024-10-14 11:32:34.165,"Clarius Group LLC Trims Stock Holdings in Banco Santander, S.A. (NYSE:SAN)",urn:newsml:newsroom:20241014:nNRAu5a4w7:0,NS:TICREP,SAN.MC
2024-10-14 08:37:12.514,"Wedmont Private Capital Grows Holdings in Banco Santander, S.A. (NYSE:SAN)",urn:newsml:newsroom:20241014:nNRAu586wr:0,NS:TICREP,SAN.MC
2024-10-14 07:44:20.464,"AQR Capital Management LLC Buys 35,026 Shares of Banco Santander, S.A. (NYSE:SAN) --",urn:link:webnews:20241014:nNRAu57om0:0,NS:ETFDAI,SAN.MC
2024-10-14 06:22:43.940,"Banco Santander Compendium - A Snapshot as of October 11, 2024",urn:newsml:newsroom:20241014:nNRAu56r46:0,NS:GLOSTO,SAN.MC
2024-10-14 06:07:40.186,Banco Santander continues to outperform Banco Bilbao Vizcaya Argentaria by 3.8% in the past three months,urn:newsml:newsroom:20241014:nNRAu56iin:0,NS:GLOSTO,SAN.MC
2024-10-13 12:44:07.876,"Banco Santander, S.A. (OTCMKTS:BCDRF) Sees Significant Increase in Short Interest --",urn:link:webnews:20241013:nNRAu526nz:0,NS:WKRNEW,SAN.MC
2024-10-12 04:27:29.262,Weekly: Banco Santander (SAN: EUR4.57) lifts 2.0% on weak volume; +9c [2.0%],urn:newsml:newsroom:20241012:nNRAu4sltx:0,NS:GLOWEE,SAN.MC
2024-10-12 02:11:55.584,"BancoEstado rejects Banco Santander's claim and denounces ""petty economic interests"".",urn:newsml:newsroom:20241012:nNRAu4rvt6:0,NS:NOTENG,SAN.MC
2024-10-11 16:22:41.269,Weekly: Banco Santander (SAN: EUR4.57) lifts 2.0% on weak volume; +9c [2.0%],urn:newsml:newsroom:20241011:nNRAu4ndq8:0,NS:GLOWEE,SAN.MC
2024-10-11 16:22:37.252,Banco Santander (SAN: EUR4.57) offers earnings yield of 14.3%; +3c [0.7%],urn:newsml:newsroom:20241011:nNRAu4ndq9:0,NS:GLOSTO,SAN.MC
2024-10-11 11:42:38.428,"B. Riley Wealth Advisors Inc. Grows Stock Position in Banco Santander, S.A. (NYSE:SAN)",urn:newsml:newsroom:20241011:nNRAu4jb0e:0,NS:TICREP,SAN.MC
2024-10-10 22:29:35.000,Banco Santander (Brasil) SA - 10/10/2024 - Declaration and payment of Dividends and IOC,urn:newsml:reuters.com:20241010:nNDL4bW94H:1,NS:PUBT,SAN.MC
2024-10-10 16:22:40.891,Banco Santander (SAN: EUR4.54) strengthens above moving average price; +1c [0.2%],urn:newsml:newsroom:20241010:nNRAu48j5e:0,NS:GLOSTO,SAN.MC
2024-10-10 12:47:25.807,"Atomi Financial Group Inc. Has $775,000 Stake in Banco Santander, S.A. (NYSE:SAN)",urn:newsml:newsroom:20241010:nNRAu45dmk:0,NS:TICREP,SAN.MC
2024-10-09 16:22:20.892,Banco Santander (SAN: EUR4.53) decreases; -3c [0.7%],urn:newsml:newsroom:20241009:nNRAu3txo6:0,NS:GLOSTO,SAN.MC
2024-10-09 14:10:34.403,Santander Appoints Ignacio Julia As New CEO Of Santander Spain,urn:newsml:reuters.com:20241009:nRSD1JJHWn:1,NS:SIGDEV,SAN.MC
2024-10-09 10:07:48.256,Banco Santander's Earnings Growth Outperforms Bankinter,urn:newsml:newsroom:20241009:nNRAu3ou0e:0,NS:GLOSTO,SAN.MC
2024-10-09 09:09:57.092,Banco Santander's Earnings Growth Lags Banco de Sabadell,urn:newsml:newsroom:20241009:nNRAu3o5q1:0,NS:GLOSTO,SAN.MC
2024-10-09 08:09:19.099,How Banco Santander's Tax Rate compares to Its Peers,urn:newsml:newsroom:20241009:nNRAu3nl6c:0,NS:GLOSTO,SAN.MC
2024-10-09 07:07:30.786,Banco de Sabadell's Earnings Growth Outperforms Banco Santander,urn:newsml:newsroom:20241009:nNRAu3n097:0,NS:GLOSTO,SAN.MC
2024-10-08 22:54:25.842,On Wednesday 9th of October Santander Bank Polska trades 0.54 percent higher,urn:newsml:newsroom:20241008:nNRAu3jbh4:0,NS:STOCKP,SAN.MC
2024-10-08 17:13:51.000,Banco Santander SA - 15 years FIXED rate Senior Preferred Structured 10/39 SPE 033,urn:newsml:reuters.com:20241008:nNDL8SMKMg:1,NS:PUBT,SAN.MC
2024-10-08 14:07:49.569,Banco Santander continues to outperform Banco Bilbao Vizcaya Argentaria by 0.04% in the past month,urn:newsml:newsroom:20241008:nNRAu3e8ph:0,NS:GLOSTO,SAN.MC
2024-10-08 10:12:38.879,"Grisi (Santander): ""We are interested in being the best bank in Spain, not the largest"".",urn:newsml:newsroom:20241008:nNRAu3b2wm:0,NS:NOTENG,SAN.MC
2024-10-08 08:08:45.951,How Banco Santander's dividend compares to Banco Bilbao Vizcaya Argentaria,urn:newsml:newsroom:20241008:nNRAu39a2q:0,NS:GLOSTO,SAN.MC
2024-10-08 07:08:17.313,How CaixaBank's dividend compares to Banco Santander,urn:newsml:newsroom:20241008:nNRAu38l6n:0,NS:GLOSTO,SAN.MC
2024-10-08 07:08:16.945,How Banco Bilbao Vizcaya Argentaria's dividend compares to Banco Santander,urn:newsml:newsroom:20241008:nNRAu38ljw:0,NS:GLOSTO,SAN.MC
2024-10-07 15:47:28.605,Banco Santander (SAN: EUR4.56) offers earnings yield of 14.3%; +8c [1.8%],urn:newsml:newsroom:20241007:nNRAu30uqs:0,NS:GLOSTO,SAN.MC
2024-10-07 14:48:26.684,Monthly: Santander Bank Polska (SPL: PLN454.30) down 13% in 2 months,urn:newsml:newsroom:20241007:nNRAu303by:0,NS:GLOSTP,SAN.MC
2024-10-07 14:43:30.631,"Monthly: Banco Santander (SAN: EUR4.60) rises for a second consecutive month, a two-month rise of 3%",urn:newsml:newsroom:20241007:nNRAu2zyyq:0,NS:GLOSTP,SAN.MC
2024-10-05 20:59:42.305,Banco Santander S.A. Has $301.43 Million Stock Holdings in Microsoft Co. (NASDAQ:MSFT) --,urn:link:webnews:20241005:nNRAu2kkq9:0,NS:ETFDAI,SAN.MC
2024-10-05 04:27:41.573,Weekly: Banco Santander (SAN: EUR4.48) drops 3.9% on average volume; -18c [3.9%],urn:newsml:newsroom:20241005:nNRAu2ez16:0,NS:GLOWEE,SAN.MC
2024-10-04 18:07:08.210,German trading: Banco Santander (BSD2: EUR4.47) in 3rd consecutive rise; +10c [2.3%] Vol Index 1.4 [1 is avg],urn:newsml:newsroom:20241004:nNRAu2b35g:0,NS:GERCOM,SAN.MC
2024-10-04 16:23:07.641,Weekly: Banco Santander (SAN: EUR4.48) drops 3.9% on average volume; -18c [3.9%],urn:newsml:newsroom:20241004:nNRAu299cf:0,NS:GLOWEE,SAN.MC
2024-10-04 16:22:21.633,Banco Santander (SAN: EUR4.48) lifts 1.1% strengthening above moving average price; +5c [1.1%],urn:newsml:newsroom:20241004:nNRAu297y7:0,NS:GLOSTO,SAN.MC
2024-10-04 16:15:46.000,Santander-backed Ebury hires finance veteran Carnegie-Brown ahead of IPO,urn:newsml:reuters.com:20241004:nL4N3LG15Z:2,NS:RTRS,SAN.MC
2024-10-04 13:49:38.000,"Banco Santander SA - Senior Preferred, Serie 2498",urn:newsml:reuters.com:20241004:nNDL9Lx0cj:1,NS:PUBT,SAN.MC
2024-10-04 13:49:23.000,"Banco Santander SA - Senior Preferred, Serie 2500",urn:newsml:reuters.com:20241004:nNDL9fjbCD:1,NS:PUBT,SAN.MC
2024-10-04 11:37:31.960,"Creative Planning Boosts Holdings in Banco Santander, S.A. (NYSE:SAN)",urn:newsml:newsroom:20241004:nNRAu25iei:0,NS:ZOLCOM,SAN.MC
2024-10-04 08:17:02.784,"Ebury has commenced IPO discussions with Goldman Sachs, reports Bloomberg",urn:newsml:newsroom:20241004:nNRAu22oyu:0,NS:PROUKA,SAN.MC
2024-10-04 06:27:23.000,Spanish stocks - Factors to watch on Oct 4,urn:newsml:reuters.com:20241004:nL8N3LG03T:1,NS:RTRS,SAN.MC
2024-10-04 04:17:10.460,Banco Santander (LON:BNC) Share Price Crosses Above 50-Day Moving Average – Here's What Happened,urn:newsml:newsroom:20241004:nNRAu202xo:0,NS:ZOLCOM,SAN.MC
2024-10-04 03:45:13.082,Banco Santander (LON:BNC) Stock Crosses Above Fifty Day Moving Average – Should You Sell? --,urn:link:webnews:20241004:nNRAu1zt3t:0,NS:ETFDAI,SAN.MC
2024-10-03 21:11:13.376,Santander receives an award for reusing expired cards,urn:newsml:newsroom:20241003:nNRAu1wose:0,NS:NOTENG,SAN.MC
2024-10-03 12:02:11.542,Banco Santander (NYSE:SAN) Shares Gap Down to $5.10,urn:newsml:newsroom:20241003:nNRAu1qh1v:0,NS:ZOLCOM,SAN.MC
2024-10-03 04:13:25.210,Bank of America challenges Spanish banks with the launch of its corporate-to-corporate payments service,urn:newsml:newsroom:20241003:nNRAu1m1r3:0,NS:NOTENG,SAN.MC
2024-10-02 17:46:55.916,German trading: Banco Santander (BSD2: EUR4.42) lifts 1.1% on average volume; +5c [1.1%],urn:newsml:newsroom:20241002:nNRAu1hxbm:0,NS:GERCOM,SAN.MC
2024-10-02 16:17:31.735,Banco Santander (SAN: EUR4.43) offers dividend yield of 4.1%; +5c [1.1%],urn:newsml:newsroom:20241002:nNRAu1gukz:0,NS:GLOSTO,SAN.MC
2024-10-02 10:00:02.000,Banco Santander SA - 8 years FIXED rate Senior Non Preferred 04/32 SNP 236,urn:newsml:reuters.com:20241002:nNDL8sRvm1:1,NS:PUBT,SAN.MC
2024-10-02 09:59:51.000,Banco Santander SA - 5 years FIXED rate Senior Non Preferred 04/29 SNP 235,urn:newsml:reuters.com:20241002:nNDLFN7TN:1,NS:PUBT,SAN.MC
2024-10-02 09:22:19.054,"Hsbc Holdings PLC Sells 1,090,908 Shares of Banco Santander, S.A. (NYSE:SAN)",urn:newsml:newsroom:20241002:nNRAu1airg:0,NS:ZOLCOM,SAN.MC
2024-10-02 09:07:41.016,How Banco Santander's Tax Rate compares to Its Peers,urn:newsml:newsroom:20241002:nNRAu1acbi:0,NS:GLOSTO,SAN.MC
2024-10-02 07:32:26.477,"Hsbc Holdings PLC Sells 1,090,908 Shares of Banco Santander, S.A. (NYSE:SAN) --",urn:link:webnews:20241002:nNRAu19elg:0,NS:MARBEA,SAN.MC
2024-10-01 16:22:23.182,Banco Santander (SAN: EUR4.38) offers earnings yield of 14.9%; -22c [4.8%] Vol Index 1.2 [1 is avg],urn:newsml:newsroom:20241001:nNRAu0zz5i:0,NS:GLOSTO,SAN.MC
2024-10-01 15:12:46.644,"Teachers Retirement System of The State of Kentucky Purchases 242,000 Shares of Banco Santander, S.A. (NYSE:SAN)",urn:newsml:newsroom:20241001:nNRAu0yytc:0,NS:ZOLCOM,SAN.MC
2024-10-01 07:08:45.442,How CaixaBank's dividend compares to Banco Santander,urn:newsml:newsroom:20241001:nNRAu0s54k:0,NS:GLOSTO,SAN.MC
2024-10-01 06:23:45.212,Monthly: Santander Bank Polska (SPL: PLN454.30) down 13% in 2 months,urn:newsml:newsroom:20241001:nNRAu0rilg:0,NS:GLOSTO,SAN.MC
2024-10-01 06:17:13.640,"Monthly: Banco Santander (SAN: EUR4.60) rises for a second consecutive month, a two-month rise of 3%",urn:newsml:newsroom:20241001:nNRAu0r7i3:0,NS:GLOSTO,SAN.MC
2024-10-01 00:52:10.298,"Banco Santander, S.A. (NYSE:SAN) Sees Significant Increase in Short Interest --",urn:link:webnews:20241001:nNRAu0nr37:0,NS:ETFDAI,SAN.MC
2024-10-01 00:47:00.367,"Banco Santander, S.A. (NYSE:SAN) Sees Significant Increase in Short Interest",urn:newsml:newsroom:20241001:nNRAu0nqvb:0,NS:TICREP,SAN.MC
2024-09-30 22:42:41.017,Monthly: Santander Bank Polska (SPL: PLN454.30) down 13% in 2 months,urn:newsml:newsroom:20240930:nNRAu0mrqj:0,NS:GLOSTP,SAN.MC
2024-09-30 20:19:42.000,Banco Santander-Chile - Fixed income Presentation- September 2024,urn:newsml:reuters.com:20240930:nNDL7qXTyG:1,NS:PUBT,SAN.MC
2024-09-30 16:49:31.461,"Kathmere Capital Management LLC Acquires 4,712 Shares of Banco Santander, S.A. (NYSE:SAN) --",urn:link:webnews:20240930:nNRAu0isqz:0,NS:ETFDAI,SAN.MC
2024-09-30 16:37:45.751,"End-of-Quarter Synopsis Monthly : Banco Santander (SAN: EUR4.60) rises for a second consecutive month, a two-month rise of 3%",urn:newsml:newsroom:20240930:nNRAu0ina1:0,NS:GLOSTO,SAN.MC
2024-09-30 16:27:38.236,"Monthly: Banco Santander (SAN: EUR4.60) rises for a second consecutive month, a two-month rise of 3%",urn:newsml:newsroom:20240930:nNRAu0ik4o:0,NS:GLOSTP,SAN.MC
2024-09-30 16:22:41.125,Banco Santander (SAN: EUR4.60) falls 1.7% from 14-day high; -6c [1.3%],urn:newsml:newsroom:20240930:nNRAu0idqj:0,NS:GLOSTO,SAN.MC
2024-09-30 16:21:25.000,Banco Santander SA - Tender Offer - Results Announcement,urn:newsml:reuters.com:20240930:nNDL4WFhlZ:1,NS:PUBT,SAN.MC
2024-09-30 07:24:05.000,"RPT-NEWSMAKER-Orcel, the dealmaker determined to redraw Europe's banking map",urn:newsml:reuters.com:20240930:nL6N3LC0A2:1,NS:RTRS,SAN.MC
2024-09-29 08:37:31.973,"Dimensional Fund Advisors LP Decreases Stake in Banco Santander, S.A. (NYSE:SAN)",urn:newsml:newsroom:20240929:nNRAu01pep:0,NS:ZOLCOM,SAN.MC
2024-09-28 17:05:36.726,"Banco Santander, S.A. (NYSE:SAN) Announces $0.08 Semi-Annual Dividend",urn:newsml:newsroom:20240928:nNRAtzw89u:0,NS:ZOLCOM,SAN.MC
2024-09-28 17:04:00.915,"Banco Santander, S.A. (NYSE:SAN) Declares $0.08 Semi-Annual Dividend",urn:newsml:newsroom:20240928:nNRAtzw4yp:0,NS:ZOLCOM,SAN.MC
2024-09-28 14:11:58.302,Moody's Ratings affirms Banco Santander's ratings,urn:newsml:newsroom:20240928:nNRAtzum86:0,NS:PLUCOM,SAN.MC
2024-09-28 09:35:01.592,"Envestnet Asset Management Inc. Trims Holdings in Banco Santander, S.A. (NYSE:SAN) --",urn:link:webnews:20240928:nNRAtzrfwc:0,NS:ETFDAI,SAN.MC
2024-09-28 07:31:20.251,"Envestnet Asset Management Inc. Has $8.38 Million Stake in Banco Santander, S.A. (NYSE:SAN) --",urn:link:webnews:20240928:nNRAtzq93n:0,NS:MARBEA,SAN.MC
2024-09-28 04:27:59.524,Weekly: Banco Santander (SAN: EUR4.66) keeps rising: up 9% in 3 weeks; +10c [2.2%],urn:newsml:newsroom:20240928:nNRAtzoq1q:0,NS:GLOWEE,SAN.MC
2024-09-27 16:23:39.896,Weekly: Banco Santander (SAN: EUR4.66) keeps rising: up 9% in 3 weeks; +10c [2.2%],urn:newsml:newsroom:20240927:nNRAtzhq2j:0,NS:GLOWEE,SAN.MC
2024-09-27 16:22:20.723,"Banco Santander (SAN: EUR4.66) up 3.1% in 2 days, hits 65-day high; +14c [3.1%]",urn:newsml:newsroom:20240927:nNRAtzhok3:0,NS:GLOSTO,SAN.MC
2024-09-27 15:55:24.000,BREAKINGVIEWS-Commerzbank fight is stress test for EU bank union,urn:newsml:reuters.com:20240927:nL8N3L80G7:3,NS:RTRS,SAN.MC
2024-09-27 15:15:49.000,"NEWSMAKER-Orcel, the dealmaker determined to redraw Europe's banking map",urn:newsml:reuters.com:20240927:nL1N3L90MV:3,NS:RTRS,SAN.MC
2024-09-27 13:20:45.000,"NEWSMAKER-Orcel, the dealmaker determined to redraw Europe's banking map",urn:newsml:reuters.com:20240927:nL8N3L82F1:6,NS:RTRS,SAN.MC
2024-09-26 17:13:55.458,Moody's maintains Santander's rating at 'A2' with 'positive' outlook,urn:newsml:newsroom:20240926:nNRAtz0scd:0,NS:NOTENG,SAN.MC
2024-09-26 16:22:23.448,"Banco Santander (SAN: EUR4.64) offers dividend yield of 3.9%, hits 63-day high; +12c [2.7%]",urn:newsml:newsroom:20240926:nNRAtyzxrz:0,NS:GLOSTO,SAN.MC
2024-09-26 10:44:02.803,BlackRock to Invest $1 Billion a Year in Banco Santander Loans --,urn:link:webnews:20240926:nNRAtyua5t:0,NS:FINPOS,SAN.MC
2024-09-25 13:51:56.392,"Banco Santander, S.A. (LON:BNC) Announces Dividend Increase – €0.10 Per Share",urn:newsml:newsroom:20240925:nNRAtyf7vy:0,NS:ZOLCOM,SAN.MC
2024-09-25 13:38:45.000,"Banco Santander SA - Senior Preferred, Serie 2473",urn:newsml:reuters.com:20240925:nNDL2s8yNK:1,NS:PUBT,SAN.MC
2024-09-25 10:25:36.243,"Banco Santander will pay a dividend of 0.10 euros per share, an increase of 23%.",urn:newsml:newsroom:20240925:nNRAtyc1h6:0,NS:NOTENG,SAN.MC
2024-09-24 23:39:40.195,"Banco Santander, S.A. (LON:BNC) to Issue Dividend of €0.10 --",urn:link:webnews:20240924:nNRAty55rc:0,NS:ETFDAI,SAN.MC
2024-09-24 17:48:50.469,Banco Santander increases its interim cash dividend to shareholders by 23%.,urn:newsml:newsroom:20240924:nNRAty1g73:0,NS:NOTENG,SAN.MC
2024-09-24 16:12:26.311,How Banco Santander's Tax Rate compares to Its Peers,urn:newsml:newsroom:20240924:nNRAty0b0g:0,NS:GLOSTO,SAN.MC
2024-09-24 15:14:19.832,Santander to pay dividend of 10 cents per share on November 1,urn:newsml:newsroom:20240924:nNRAtxzhr6:0,NS:NOTENG,SAN.MC
2024-09-24 15:13:59.315,Banco Santander increases its interim cash dividend by 23%.,urn:newsml:newsroom:20240924:nNRAtxzhbe:0,NS:NOTENG,SAN.MC
2024-09-24 14:13:32.897,Santander increases its interim cash dividend by23%.,urn:newsml:newsroom:20240924:nNRAtxyfhj:0,NS:NOTENG,SAN.MC
2024-09-24 13:30:03.343,Santander To Pay Interim Cash Dividend Of 0.10 Eur/Shr On Nov 1,urn:newsml:reuters.com:20240924:nRSD18kvtY:1,NS:SIGDEV,SAN.MC
2024-09-24 13:18:56.000,Banco Santander SA - Santander increases interim cash dividend by 23%,urn:newsml:reuters.com:20240924:nNDL1c1Tj8:1,NS:PUBT,SAN.MC
2024-09-24 13:16:37.640,REG - Banco Santander S.A. - Dividend approval,urn:newsml:newsroom:20240924:nRSX4751Fa:0,NS:LSE,SAN.MC
2024-09-24 13:16:17.000,REG - Banco Santander S.A.  - Dividend approval,urn:newsml:reuters.com:20240924:nRSX4751Fa:1,NS:LSE,SAN.MC
2024-09-24 13:15:11.000,BRIEF-Santander To Pay Interim Cash Dividend Of 0.10 Eur/Shr On Nov 1,urn:newsml:reuters.com:20240924:nFWN3L60DV:1,NS:RTRS,SAN.MC
2024-09-24 07:07:47.054,How CaixaBank's dividend compares to Banco Santander,urn:newsml:newsroom:20240924:nNRAtxs9gu:0,NS:GLOSTO,SAN.MC
2024-09-23 12:07:53.000,Banco Santander SA - 17 years FIXED rate Senior Preferred Structured 09/41 SPE 032,urn:newsml:reuters.com:20240923:nNDL6rLsgW:1,NS:PUBT,SAN.MC
2024-09-22 09:22:37.035,"Banco Santander S.A. Sells 53,021 Shares of Amazon.com, Inc. (NASDAQ:AMZN)",urn:newsml:newsroom:20240922:nNRAtx5kur:0,NS:TICREP,SAN.MC
2024-09-22 08:35:09.973,"Banco Santander, S.A. (NYSE:SAN) Shares Bought by American Century Companies Inc. --",urn:link:webnews:20240922:nNRAtx513q:0,NS:ETFDAI,SAN.MC
2024-09-21 08:47:17.342,"Vanguard Personalized Indexing Management LLC Has $2.24 Million Stock Holdings in Banco Santander, S.A. (NYSE:SAN) --",urn:link:webnews:20240921:nNRAtwy57v:0,NS:ETFDAI,SAN.MC
2024-09-21 04:27:28.437,Weekly: Banco Santander (SAN: EUR4.56) up 6% in 2 weeks; +15c [3.4%],urn:newsml:newsroom:20240921:nNRAtww1qd:0,NS:GLOWEE,SAN.MC
2024-09-20 16:22:54.011,Weekly: Banco Santander (SAN: EUR4.56) up 6% in 2 weeks; +15c [3.4%],urn:newsml:newsroom:20240920:nNRAtwpues:0,NS:GLOWEE,SAN.MC
2024-09-20 16:22:19.313,"Banco Santander (SAN: EUR4.56) offers dividend yield of 4%, hits 57-day high; -4c [0.9%] Vol Index 2.2 [1 is avg]",urn:newsml:newsroom:20240920:nNRAtwps70:0,NS:GLOSTO,SAN.MC
2024-09-20 10:00:00.000,ANALYSIS-Brazil’s online gambling craze may be hitting consumer spending,urn:newsml:reuters.com:20240920:nL1N3KN03N:7,NS:RTRS,SAN.MC
2024-09-19 19:54:00.006,"(EN) Banco Santander, S.A. ESG - HumRights Pol (80623274)",urn:newsml:reuters.com:20240919:nGLF88tZqM:2,NS:GLFILE,SAN.MC
2024-09-19 16:22:50.917,"Banco Santander (SAN: EUR4.60) offers earnings yield of 14.2%, hits 52-day high; +9c [2.0%]",urn:newsml:newsroom:20240919:nNRAtwak5z:0,NS:GLOSTO,SAN.MC
2024-09-18 16:53:18.006,GPW Benchmark: Communique: Santander Bank Polska SA,urn:newsml:reuters.com:20240918:nNRAtvw6k3:1,NS:PAPINS,SAN.MC
2024-09-18 11:50:29.000,Big banks in Britain eyed by watchdog over low saving rates,urn:newsml:reuters.com:20240918:nL1N3L00CW:1,NS:RTRS,SAN.MC
2024-09-18 11:22:39.004,"Oppenheimer Asset Management Inc. Has $1.93 Million Position in Banco Santander, S.A. (NYSE:SAN)",urn:newsml:newsroom:20240918:nNRAtvrrid:0,NS:ZOLCOM,SAN.MC
2024-09-17 16:17:38.383,"Banco Santander (SAN: EUR4.51) keeps rising, up 6.1% in 4 days; +26c [6.1%]",urn:newsml:newsroom:20240917:nNRAtvhbmb:0,NS:GLOSTO,SAN.MC
2024-09-17 06:03:59.205,REG - Fintel PLC - Half Year Results,urn:newsml:newsroom:20240917:nRSQ3940Ea:0,NS:LSE,SAN.MC
2024-09-17 06:00:03.000,REG - Fintel PLC  - Half Year Results,urn:newsml:reuters.com:20240917:nRSQ3940Ea:1,NS:LSE,SAN.MC
2024-09-16 17:42:05.706,German trading: Banco Santander (BSD2: EUR4.45) in 4th consecutive rise; +21c [5.0%] Vol Index 2.2 [1 is avg],urn:newsml:newsroom:20240916:nNRAtv44ly:0,NS:GERCOM,SAN.MC
2024-09-16 16:17:17.783,"Banco Santander (SAN: EUR4.44) keeps rising, up 4.5% in 3 days; +19c [4.5%]",urn:newsml:newsroom:20240916:nNRAtv2ybi:0,NS:GLOSTO,SAN.MC
2024-09-16 15:07:13.770,"Capital Wealth Planning LLC Acquires 66,557 Shares of Banco Santander, S.A. (NYSE:SAN) --",urn:link:webnews:20240916:nNRAtv23oy:0,NS:WKRNEW,SAN.MC
2024-09-16 12:12:23.266,"HBK Sorce Advisory LLC Raises Stake in Banco Santander, S.A. (NYSE:SAN)",urn:newsml:newsroom:20240916:nNRAtuzxao:0,NS:ZOLCOM,SAN.MC
2024-09-16 08:52:47.569,"Banco Santander, S.A. (NYSE:SAN) Holdings Decreased by Wedbush Securities Inc.",urn:newsml:newsroom:20240916:nNRAtuxjey:0,NS:ZOLCOM,SAN.MC
2024-09-16 07:07:50.163,How CaixaBank's dividend compares to Banco Santander,urn:newsml:newsroom:20240916:nNRAtuwmo2:0,NS:GLOSTO,SAN.MC
2024-09-16 00:00:00.000,"Castellana Properties, owner of El Faro, signs 254 million loan with Aareal Bank, Santander and BBVA",urn:newsml:newsroom:20240917:nNRAtvaxkp:0,NS:NOTENG,SAN.MC
2024-09-14 14:36:24.424,White & Case advises on Santander Bank Polska's PLN 2.463 billion share sale,urn:newsml:newsroom:20240914:nNRAtum7gj:0,NS:FINLAW,SAN.MC
2024-09-14 04:22:06.362,Weekly: Banco Santander (SAN: EUR4.41) lifts 2.8% on thin volume; +12c [2.8%],urn:newsml:newsroom:20240914:nNRAtuiati:0,NS:GLOWEE,SAN.MC
2024-09-13 17:47:02.433,"German trading: Banco Santander (BSD2: EUR4.40) keeps rising, up 3.8% in 3 days; +16c [3.8%] Vol Index 2.5 [1 is avg]",urn:newsml:newsroom:20240913:nNRAtudcmq:0,NS:GERCOM,SAN.MC
2024-09-13 16:22:54.328,Weekly: Banco Santander (SAN: EUR4.41) lifts 2.8% on thin volume; +12c [2.8%],urn:newsml:newsroom:20240913:nNRAtuc6an:0,NS:GLOWEE,SAN.MC
2024-09-13 16:17:30.186,Banco Santander (SAN: EUR4.41) offers earnings yield of 14.8%; +8c [1.8%],urn:newsml:newsroom:20240913:nNRAtuc2vr:0,NS:GLOSTO,SAN.MC
2024-09-12 18:50:09.364,Third Quarter 2024 Analyst and Investor Webcast / Conference Call,urn:newsml:newsroom:20240912:nVMNR5L0Ta:0,NS:CMNW,SAN.MC
2024-09-12 16:17:22.982,Banco Santander (SAN: EUR4.33) offers dividend yield of 4.2%; +8c [1.9%],urn:newsml:newsroom:20240912:nNRAttvv3b:0,NS:GLOSTO,SAN.MC
2024-09-12 12:42:12.462,"Dorsey & Whitney Trust CO LLC Raises Position in Banco Santander, S.A. (NYSE:SAN)",urn:newsml:newsroom:20240912:nNRAttsf50:0,NS:TICREP,SAN.MC
2024-09-12 12:42:07.398,"Banco Santander, S.A. (NYSE:SAN) Shares Bought by Dorsey & Whitney Trust CO LLC",urn:newsml:newsroom:20240912:nNRAttsfy4:0,NS:ZOLCOM,SAN.MC
2024-09-11 22:51:56.000,Banco Santander-Chile - Monthly Financial Summary August 2024,urn:newsml:reuters.com:20240911:nNDL4PNKRW:1,NS:PUBT,SAN.MC
2024-09-11 19:50:53.094,Banco Santander Chile: Announces Third Quarter 2024 Analyst and Investor Webcast / Conference Call,urn:newsml:reuters.com:20240911:nGNX9qbCQg:1,NS:GNW,SAN.MC
2024-09-11 16:12:38.695,Banco Santander sells 5.2% of Polish subsidiary and expects gross proceeds of 575 million euros,urn:newsml:newsroom:20240911:nNRAttg8fi:0,NS:NOTENG,SAN.MC
2024-09-11 12:07:23.341,"Here's why Unicredit, Deutsche Bank, Santander shares have slipped",urn:newsml:newsroom:20240911:nNRAttcy21:0,NS:INVEZZ,SAN.MC
2024-09-11 09:13:34.067,Banco Santander expects gross proceeds of 575 million from the sale of 5.2% of its Polish subsidiary,urn:newsml:newsroom:20240911:nNRAttao99:0,NS:NOTENG,SAN.MC
2024-09-11 07:00:00.000,"FOCUS-A decade on, Botin's redesign of Santander empire her family built is incomplete",urn:newsml:reuters.com:20240910:nL8N3KS0DN:6,NS:RTRS,SAN.MC
2024-09-11 06:58:06.000,UPDATE 1-Spanish stocks - Factors to watch on Sept 11,urn:newsml:reuters.com:20240911:nL8N3KT0A5:1,NS:RTRS,SAN.MC
2024-09-11 06:57:13.000,UPDATE 1-Spanish stocks - Factors to watch on Sept 11,urn:newsml:reuters.com:20240911:nL8N3KT0A7:1,NS:RTRS,SAN.MC
2024-09-11 06:10:16.000,Spanish stocks - Factors to watch on Sept 11,urn:newsml:reuters.com:20240911:nL8N3KT076:1,NS:RTRS,SAN.MC
2024-09-11 05:34:25.000,Banco Santander sells about 5.2% stake in Polish unit for $635 mln,urn:newsml:reuters.com:20240911:nL8N3KT04W:5,NS:RTRS,SAN.MC
2024-09-11 00:00:00.000,Banco Santander plans to sell 5% of its Polish subsidiary for almost 600 million euros,urn:newsml:newsroom:20240912:nNRAttr61g:0,NS:NOTENG,SAN.MC
2024-09-10 21:13:55.325,Santander plans to sell 5% of its Polish subsidiary for almost 600 million euros,urn:newsml:newsroom:20240910:nNRAtt4d00:0,NS:NOTENG,SAN.MC
2024-09-10 21:13:12.418,Santander is considering selling 5% of its Polish subsidiary for almost 600 million euros,urn:newsml:newsroom:20240910:nNRAtt4duh:0,NS:NOTENG,SAN.MC
2024-09-10 16:17:20.550,Banco Santander (SAN: EUR4.25) falls 2.1% on firm volume; -9c [2.1%],urn:newsml:newsroom:20240910:nNRAtt1e7x:0,NS:GLOSTO,SAN.MC
2024-09-10 09:08:07.663,How Banco Santander's Tax Rate compares to Its Peers,urn:newsml:newsroom:20240910:nNRAtsvrij:0,NS:GLOSTO,SAN.MC
2024-09-10 00:00:00.000,Banco Santander seeks to sell a stake in its Polish subsidiary for nearly US$660 million,urn:newsml:newsroom:20240911:nNRAtt5wvx:0,NS:NOTENG,SAN.MC
2024-09-09 18:12:24.883,Ana Botín celebrates a decade at the helm of Banco Santander,urn:newsml:newsroom:20240909:nNRAtsndsh:0,NS:NOTENG,SAN.MC
2024-09-09 16:17:19.441,Banco Santander (SAN: EUR4.34) offers earnings yield of 15.1%; +5c [1.2%],urn:newsml:newsroom:20240909:nNRAtsm2w8:0,NS:GLOSTO,SAN.MC
2024-09-09 13:31:11.000,"Lone Star considers sale of Portugal's Novo Banco as well as IPO, sources say",urn:newsml:reuters.com:20240909:nL8N3KO0PJ:1,NS:RTRS,SAN.MC
2024-09-09 13:19:14.000,Santander UK plc - Issuer Document,urn:newsml:reuters.com:20240909:nNDLc8Hmms:1,NS:PUBT,SAN.MC
2024-09-09 00:00:00.000,Banorte and Santander fight for second place,urn:newsml:newsroom:20240910:nNRAtsx78s:0,NS:NOTENG,SAN.MC
2024-09-08 23:11:58.929,Ana Botín celebrates a decade as Chairman and CEO of Banco Santander,urn:newsml:newsroom:20240908:nNRAtsbma9:0,NS:NOTENG,SAN.MC
2024-09-08 09:48:25.821,Banco Santander S.A. Has $118.78 Million Holdings in Alphabet Inc. (NASDAQ:GOOGL),urn:newsml:newsroom:20240908:nNRAts8g6g:0,NS:AMEBAN,SAN.MC
2024-09-08 09:45:11.614,Alphabet Inc. (NASDAQ:GOOGL) is Banco Santander S.A.'s 9th Largest Position --,urn:link:webnews:20240908:nNRAts8eud:0,NS:ETFDAI,SAN.MC
2024-09-08 05:57:10.661,"Banco Santander (NYSE:SAN) Lifted to ""Strong-Buy"" at UBS Group",urn:newsml:newsroom:20240908:nNRAts7112:0,NS:ZOLCOM,SAN.MC
2024-09-07 15:33:06.168,Banco Santander (NYSE:SAN) Rating Increased to Strong-Buy at UBS Group,urn:newsml:newsroom:20240907:nNRAts3zxd:0,NS:CERGEM,SAN.MC
2024-09-07 15:32:38.106,Banco Santander (NYSE:SAN) Lifted to Strong-Buy at UBS Group,urn:newsml:newsroom:20240907:nNRAts406v:0,NS:CERGEM,SAN.MC
2024-09-07 10:51:10.486,Banco Santander (NYSE:SAN) Upgraded at UBS Group --,urn:link:webnews:20240907:nNRAts24hc:0,NS:MARBEA,SAN.MC
2024-09-07 10:02:11.208,"Natixis Advisors LLC Sells 19,347 Shares of Banco Santander, S.A. (NYSE:SAN)",urn:newsml:newsroom:20240907:nNRAts1whn:0,NS:TICREP,SAN.MC
2024-09-07 08:43:43.026,"Banco Santander, S.A. (NYSE:SAN) Shares Acquired by Allspring Global Investments Holdings LLC --",urn:link:webnews:20240907:nNRAts1d1l:0,NS:ETFDAI,SAN.MC
2024-09-07 04:57:20.327,Weekly: Banco Santander (SAN: EUR4.29) falls 4.7% on thin volume; -21c [4.7%],urn:newsml:newsroom:20240907:nNRAts0269:0,NS:GLOWEE,SAN.MC
2024-09-07 00:00:00.000,Fitch Affirms Santander at 'A-'; Outlook Stable,urn:newsml:newsroom:20240910:nNRAtsztmc:0,NS:PLUCOM,SAN.MC
2024-09-06 20:47:39.662,"(EN) Banco Santander, S.A. ESG-Env Pol (80533449)",urn:newsml:reuters.com:20240906:nGLF7ywrHK:5,NS:GLFILE,SAN.MC
2024-09-06 14:34:12.322,Fitch Affirms Santander at 'A-'; Outlook Stable,urn:newsml:reuters.com:20240906:nFIT2Q8B4f:1,NS:FCH,SAN.MC
2024-09-06 13:12:05.423,Banco Santander appoints ING CEO as new CEO in Spain,urn:newsml:newsroom:20240906:nNRAtrrz2i:0,NS:NOTENG,SAN.MC
2024-09-06 12:18:39.000,Ferrovial SE - Transcript (transcript ferrovial earnings call q2 2024 1),urn:newsml:reuters.com:20240906:nNDLDPJNr:1,NS:PUBT,SAN.MC
2024-09-06 12:12:46.959,Santander 'steals' from CaixaBank the architect of its private banking success in recent years,urn:newsml:newsroom:20240906:nNRAtrr5kb:0,NS:NOTENG,SAN.MC
2024-09-06 12:12:30.984,Banco Santander appoints Ignacio Juliá (ING) as new CEO in Spain,urn:newsml:newsroom:20240906:nNRAtrr6m3:0,NS:NOTENG,SAN.MC
2024-09-06 10:13:42.249,Botín signs Ignacio Juliá from ING to take over from Ángel Rivera as CEO of Santander Spain,urn:newsml:newsroom:20240906:nNRAtrpgl6:0,NS:NOTENG,SAN.MC
2024-09-06 10:13:35.305,Ana Botín takes over as CEO of Santander Spain and hires Ignacio Juliá from ING to lead the project,urn:newsml:newsroom:20240906:nNRAtrpfjj:0,NS:NOTENG,SAN.MC
2024-09-06 10:02:50.000,UPDATE 1-Santander appoints digital banking specialist to lead Spanish business,urn:newsml:reuters.com:20240906:nL8N3KO0I9:2,NS:RTRS,SAN.MC
2024-09-06 08:51:25.933,Santander Appoints Ignacio Julia As New CEO Of Santander Spain,urn:newsml:reuters.com:20240906:nRSD1JJHWn:1,NS:SIGDEV,SAN.MC
2024-09-06 08:51:01.000,Banco Santander SA - Santander appoints Ignacio Juliá as new CEO of Santander Spain,urn:newsml:reuters.com:20240906:nNDL5RQQR1:1,NS:PUBT,SAN.MC
2024-09-06 08:50:04.000,Santander appoints new CEO of its Spanish unit,urn:newsml:reuters.com:20240906:nL8N3KO0HQ:3,NS:RTRS,SAN.MC
2024-09-06 08:38:46.000,BRIEF-Santander Appoints Ignacio Julia As New CEO Of Santander Spain,urn:newsml:reuters.com:20240906:nFWN3KN1ZK:1,NS:RTRS,SAN.MC
2024-09-06 06:30:00.000,Fitch Affirms Santander at 'A-'; Outlook Stable,urn:newsml:newsroom:20240907:nNRAts36ho:0,NS:INDBAN,SAN.MC
2024-09-06 00:00:00.000,Weekly: Banco Santander (SAN: EUR4.29) falls 4.7% on thin volume; -21c [4.7%],urn:newsml:newsroom:20240907:nNRAts021m:0,NS:GLOWEE,SAN.MC
2024-09-06 00:00:00.000,Banco Santander (SAN: EUR4.29) in bottom 2% performers of IBEX 35 Index; -10c [2.3%],urn:newsml:newsroom:20240907:nNRAtrzzle:0,NS:GLOSTO,SAN.MC
2024-09-05 16:17:38.604,Banco Santander (SAN: EUR4.39) offers dividend yield of 4.1%; +4c [0.9%],urn:newsml:newsroom:20240905:nNRAtrg40y:0,NS:GLOSTO,SAN.MC
2024-09-04 17:33:18.000,LIVE MARKETS-Why this US jobs report is especially key,urn:newsml:reuters.com:20240904:nL1N3KM0VG:1,NS:RTRS,SAN.MC
2024-09-04 17:12:46.000,LIVE MARKETS-European banks: Are tailwinds about to fade?,urn:newsml:reuters.com:20240904:nL1N3KM0TG:2,NS:RTRS,SAN.MC
2024-09-04 16:17:20.785,"Banco Santander (SAN: EUR4.35) keeps sliding, down 3.3% in 3 days; -15c [3.3%]",urn:newsml:newsroom:20240904:nNRAtqsww8:0,NS:GLOSTO,SAN.MC
2024-09-03 17:36:58.581,"German trading: Banco Santander (BSD2: EUR4.38) accelerates decline, down 2.7% in 2 days; -12c [2.7%]",urn:newsml:newsroom:20240903:nNRAtqbppz:0,NS:GERCOM,SAN.MC
2024-09-03 16:17:21.333,Banco Santander (SAN: EUR4.37) offers earnings yield of 15%; -11c [2.5%],urn:newsml:newsroom:20240903:nNRAtqaowj:0,NS:GLOSTO,SAN.MC
2024-09-03 14:48:27.865,Monthly: Santander Bank Polska (SPL: PLN519.60) drops on high volatility in August 2024,urn:newsml:newsroom:20240903:nNRAtq9m7l:0,NS:GLOSTP,SAN.MC
2024-09-03 14:43:51.669,"Monthly: Banco Santander (SAN: EUR4.50) adds EUR171 million ($189 million) in MCap in August, highest in Banks company",urn:newsml:newsroom:20240903:nNRAtq9idq:0,NS:GLOSTP,SAN.MC
2024-09-03 08:07:27.934,How Banco Santander's Tax Rate compares to Its Peers,urn:newsml:newsroom:20240903:nNRAtq412j:0,NS:GLOSTO,SAN.MC
2024-09-03 04:00:00.000,Mexico Banking 3 September 2024_EN,urn:newsml:newsroom:20240904:nNRAtqrv7e:0,NS:INDSNA,SAN.MC
2024-09-02 16:17:03.720,Banco Santander (SAN: EUR4.48) offers dividend yield of 4%; -2c [0.4%],urn:newsml:newsroom:20240902:nNRAtpwna2:0,NS:GLOSTO,SAN.MC
2024-09-02 06:54:56.632,Monthly: Santander Bank Polska (SPL: PLN519.60) drops on high volatility in August 2024,urn:newsml:newsroom:20240902:nNRAtpqvmn:0,NS:GLOSTO,SAN.MC
2024-09-02 06:38:47.846,"Monthly: Banco Santander (SAN: EUR4.50) adds EUR171 million ($189 million) in MCap in August, highest in Banks company",urn:newsml:newsroom:20240902:nNRAtpqego:0,NS:GLOSTO,SAN.MC
2024-08-31 06:02:59.745,"Signaturefd LLC Acquires 16,132 Shares of Banco Santander, S.A. (NYSE:SAN)",urn:newsml:newsroom:20240831:nNRAtpbq5l:0,NS:CERGEM,SAN.MC
2024-08-31 04:29:15.835,Weekly: Banco Santander (SAN: EUR4.50) in top 1% performers of IBEX 35 Index in past week; +15c [3.4%],urn:newsml:newsroom:20240831:nNRAtpb7qt:0,NS:GLOWEE,SAN.MC
2024-08-30 22:27:28.711,Monthly: Santander Bank Polska (SPL: PLN519.60) drops on high volatility in August 2024,urn:newsml:newsroom:20240830:nNRAtp8t2c:0,NS:GLOSTP,SAN.MC
2024-08-30 21:43:16.194,Banco Santander S.A. Makes New $1.17 Million Investment in Target Co. (NYSE:TGT) --,urn:link:webnews:20240830:nNRAtp8icy:0,NS:MARBEA,SAN.MC
2024-08-30 20:14:17.606,"(EN) Banco Santander, S.A. ESG-Env Pol (80471885)",urn:newsml:reuters.com:20240830:nGLFbmgVZD:5,NS:GLFILE,SAN.MC
2024-08-30 17:33:21.660,Banco Santander S.A. Has $1.56 Million Holdings in Petróleo Brasileiro S.A. – Petrobras (NYSE:PBR),urn:newsml:newsroom:20240830:nNRAtp6mtq:0,NS:COMFIN,SAN.MC
2024-08-30 17:33:11.380,Realty Income Co. (NYSE:O) Shares Sold by Banco Santander S.A.,urn:newsml:newsroom:20240830:nNRAtp6mio:0,NS:COMFIN,SAN.MC
2024-08-30 17:33:10.878,"Banco Santander S.A. Takes $600,000 Position in Sociedad Química y Minera de Chile S.A. (NYSE:SQM)",urn:newsml:newsroom:20240830:nNRAtp6lvx:0,NS:COMFIN,SAN.MC
2024-08-30 17:33:08.285,Banco Santander S.A. Sells 503 Shares of Emerson Electric Co. (NYSE:EMR),urn:newsml:newsroom:20240830:nNRAtp6lwd:0,NS:COMFIN,SAN.MC
2024-08-30 17:33:00.860,"Banco Santander S.A. Invests $736,000 in Chipotle Mexican Grill, Inc. (NYSE:CMG)",urn:newsml:newsroom:20240830:nNRAtp6k24:0,NS:COMFIN,SAN.MC
2024-08-30 17:32:54.259,"2,301 Shares in EOG Resources, Inc. (NYSE:EOG) Purchased by Banco Santander S.A.",urn:newsml:newsroom:20240830:nNRAtp6lve:0,NS:COMFIN,SAN.MC
2024-08-30 17:32:49.508,"Banco Santander S.A. Takes Position in Itron, Inc. (NASDAQ:ITRI)",urn:newsml:newsroom:20240830:nNRAtp6mha:0,NS:COMFIN,SAN.MC
2024-08-30 17:32:46.509,"Banco Santander S.A. Has $540,000 Stock Position in Darden Restaurants, Inc. (NYSE:DRI)",urn:newsml:newsroom:20240830:nNRAtp6l8a:0,NS:COMFIN,SAN.MC
2024-08-30 17:17:45.344,Banco Santander S.A. Has $1.07 Million Stock Position in Duke Energy Co. (NYSE:DUK),urn:newsml:newsroom:20240830:nNRAtp6ilx:0,NS:TRADAJ,SAN.MC
2024-08-30 16:48:36.396,"Banco Santander S.A. Purchases New Holdings in Republic Services, Inc. (NYSE:RSG)",urn:newsml:newsroom:20240830:nNRAtp61p9:0,NS:MARDAJ,SAN.MC
2024-08-30 16:48:33.986,Banco Santander S.A. Sells 484 Shares of iShares MSCI ACWI ex U.S. ETF (NASDAQ:ACWX),urn:newsml:newsroom:20240830:nNRAtp61p7:0,NS:MARDAJ,SAN.MC
2024-08-30 16:48:21.808,Banco Santander S.A. Has $1.05 Million Stock Position in iShares Global Clean Energy ETF (NASDAQ:ICLN),urn:newsml:newsroom:20240830:nNRAtp622e:0,NS:MARDAJ,SAN.MC
2024-08-30 16:48:18.100,Banco Santander S.A. Raises Position in Itaú Unibanco Holding S.A. (NYSE:ITUB),urn:newsml:newsroom:20240830:nNRAtp61bt:0,NS:MARDAJ,SAN.MC
2024-08-30 16:48:02.868,Kimco Realty Corp (NYSE:KIM) Stock Holdings Decreased by Banco Santander S.A.,urn:newsml:newsroom:20240830:nNRAtp622f:0,NS:MARDAJ,SAN.MC
2024-08-30 16:47:46.297,Banco Santander S.A. Raises Stake in Lululemon Athletica Inc. (NASDAQ:LULU),urn:newsml:newsroom:20240830:nNRAtp61bo:0,NS:MARDAJ,SAN.MC
2024-08-30 16:26:11.559,Sysco Co. (NYSE:SYY) Shares Purchased by Banco Santander S.A. --,urn:link:webnews:20240830:nNRAtp5sv1:0,NS:WKRNEW,SAN.MC
2024-08-30 16:22:40.455,Weekly: Banco Santander (SAN: EUR4.50) in top 1% performers of IBEX 35 Index in past week; +15c [3.4%],urn:newsml:newsroom:20240830:nNRAtp5r82:0,NS:GLOWEE,SAN.MC
2024-08-30 16:22:30.310,"Monthly: Banco Santander (SAN: EUR4.50) adds EUR171 million ($189 million) in MCap in August, highest in Banks company",urn:newsml:newsroom:20240830:nNRAtp5qzi:0,NS:GLOSTP,SAN.MC
2024-08-30 16:17:14.019,Banco Santander (SAN: EUR4.50) in 4th consecutive rise; +17c [3.9%],urn:newsml:newsroom:20240830:nNRAtp5o0w:0,NS:GLOSTO,SAN.MC
2024-08-30 16:03:53.531,Banco Santander S.A. Has $1.20 Million Stake in Kimco Realty Corp (NYSE:KIM),urn:newsml:newsroom:20240830:nNRAtp5k4v:0,NS:STOOBS,SAN.MC
2024-08-30 16:03:24.036,iShares Global Clean Energy ETF (NASDAQ:ICLN) Shares Sold by Banco Santander S.A.,urn:newsml:newsroom:20240830:nNRAtp5jrw:0,NS:STOOBS,SAN.MC
2024-08-30 16:03:10.583,Banco Santander S.A. Decreases Position in Vistra Corp. (NYSE:VST),urn:newsml:newsroom:20240830:nNRAtp5iyb:0,NS:STOOBS,SAN.MC
2024-08-30 16:03:01.447,AstraZeneca PLC (NASDAQ:AZN) Shares Acquired by Banco Santander S.A.,urn:newsml:newsroom:20240830:nNRAtp5jpz:0,NS:STOOBS,SAN.MC
2024-08-30 16:02:59.905,Itaú Unibanco Holding S.A. (NYSE:ITUB) Shares Acquired by Banco Santander S.A.,urn:newsml:newsroom:20240830:nNRAtp5k9t:0,NS:STOOBS,SAN.MC
2024-08-30 16:01:11.725,"Banco Santander S.A. Buys 1,255 Shares of First Solar, Inc. (NASDAQ:FSLR) --",urn:link:webnews:20240830:nNRAtp5jjo:0,NS:MARBEA,SAN.MC
2024-08-30 16:01:11.443,Banco Santander S.A. Lowers Holdings in Fortive Co. (NYSE:FTV) --,urn:link:webnews:20240830:nNRAtp5i3p:0,NS:MARBEA,SAN.MC
2024-08-30 16:00:13.678,"Banco Santander S.A. Acquires Shares of 4,643 TD SYNNEX Co. (NYSE:SNX) --",urn:link:webnews:20240830:nNRAtp5hiv:0,NS:MARBEA,SAN.MC
2024-08-30 15:59:39.910,"Banco Santander S.A. Has $452,000 Stock Holdings in Accenture plc (NYSE:ACN) --",urn:link:webnews:20240830:nNRAtp5i10:0,NS:MARBEA,SAN.MC
2024-08-30 15:58:41.375,"Banco Santander S.A. Takes $600,000 Position in Sociedad Química y Minera de Chile S.A. (NYSE:SQM) --",urn:link:webnews:20240830:nNRAtp5i00:0,NS:MARBEA,SAN.MC
2024-08-30 15:58:11.667,"Banco Santander S.A. Has $347,000 Holdings in Hologic, Inc. (NASDAQ:HOLX) --",urn:link:webnews:20240830:nNRAtp5h33:0,NS:WKRNEW,SAN.MC
2024-08-30 15:58:10.833,"Banco Santander S.A. Has $693,000 Stake in Haleon plc (NYSE:HLN) --",urn:link:webnews:20240830:nNRAtp5h32:0,NS:MARBEA,SAN.MC
2024-08-30 15:57:30.268,Banco Santander S.A. Sells 679 Shares of Targa Resources Corp. (NYSE:TRGP),urn:newsml:newsroom:20240830:nNRAtp5hsl:0,NS:WATNEW,SAN.MC
2024-08-30 15:57:27.891,"Banco Santander S.A. Takes Position in MetLife, Inc. (NYSE:MET)",urn:newsml:newsroom:20240830:nNRAtp5hss:0,NS:WATNEW,SAN.MC
2024-08-30 15:57:26.979,"Banco Santander S.A. Has $483,000 Stake in Motorola Solutions, Inc. (NYSE:MSI)",urn:newsml:newsroom:20240830:nNRAtp5hxm:0,NS:TRADAJ,SAN.MC
2024-08-30 15:57:24.263,"Banco Santander S.A. Invests $548,000 in Universal Health Services, Inc. (NYSE:UHS)",urn:newsml:newsroom:20240830:nNRAtp5hea:0,NS:DAILYQ,SAN.MC
2024-08-30 15:57:20.733,Banco Santander S.A. Purchases New Stake in Antero Resources Co. (NYSE:AR),urn:newsml:newsroom:20240830:nNRAtp5gnw:0,NS:WATNEW,SAN.MC
2024-08-30 15:57:18.621,"Banco Santander S.A. Acquires Shares of 4,643 TD SYNNEX Co. (NYSE:SNX)",urn:newsml:newsroom:20240830:nNRAtp5hsp:0,NS:TRADAJ,SAN.MC
2024-08-30 15:57:16.971,Federal Realty Investment Trust (NYSE:FRT) Position Trimmed by Banco Santander S.A.,urn:newsml:newsroom:20240830:nNRAtp5hxf:0,NS:TRADAJ,SAN.MC
2024-08-30 15:57:10.231,Banco Santander S.A. Sells 359 Shares of General Electric (NYSE:GE),urn:newsml:newsroom:20240830:nNRAtp5iba:0,NS:TRADAJ,SAN.MC
2024-08-30 15:57:07.229,Banco Santander S.A. Sells 484 Shares of iShares MSCI ACWI ex U.S. ETF (NASDAQ:ACWX),urn:newsml:newsroom:20240830:nNRAtp5fyn:0,NS:TRADAJ,SAN.MC
2024-08-30 15:56:12.701,"Banco Santander S.A. Acquires Shares of 5,034 The TJX Companies, Inc. (NYSE:TJX) --",urn:link:webnews:20240830:nNRAtp5hny:0,NS:MARBEA,SAN.MC
2024-08-30 15:56:09.944,"Banco Santander S.A. Buys 1,930 Shares of Union Pacific Co. (NYSE:UNP) --",urn:link:webnews:20240830:nNRAtp5ga7:0,NS:MARBEA,SAN.MC
2024-08-30 15:55:39.462,"Banco Santander S.A. Purchases Shares of 16,686 Antero Resources Co. (NYSE:AR) --",urn:link:webnews:20240830:nNRAtp5h8v:0,NS:MARBEA,SAN.MC
2024-08-30 15:55:39.272,"Banco Santander S.A. Invests $336,000 in Charter Communications, Inc. (NASDAQ:CHTR) --",urn:link:webnews:20240830:nNRAtp5g9v:0,NS:MARBEA,SAN.MC
2024-08-30 15:55:39.231,"Banco Santander S.A. Takes Position in Itron, Inc. (NASDAQ:ITRI) --",urn:link:webnews:20240830:nNRAtp5h8t:0,NS:MARBEA,SAN.MC
2024-08-30 15:55:30.415,"Banco Santander S.A. Has $693,000 Stake in Haleon plc (NYSE:HLN) --",urn:link:webnews:20240830:nNRAtp5fus:0,NS:WKRNEW,SAN.MC
2024-08-30 15:55:10.521,"Banco Santander S.A. Decreases Position in CBRE Group, Inc. (NYSE:CBRE) --",urn:link:webnews:20240830:nNRAtp5g9d:0,NS:WKRNEW,SAN.MC
2024-08-30 15:54:57.634,"Banco Santander S.A. Has $452,000 Stock Holdings in Accenture plc (NYSE:ACN) --",urn:link:webnews:20240830:nNRAtp5fu1:0,NS:WKRNEW,SAN.MC
2024-08-30 15:54:12.154,"Banco Santander S.A. Takes $548,000 Position in Universal Health Services, Inc. (NYSE:UHS) --",urn:link:webnews:20240830:nNRAtp5h81:0,NS:WKRNEW,SAN.MC
2024-08-30 15:46:01.679,"Banco Santander S.A. Has $897,000 Stake in Marriott International, Inc. (NASDAQ:MAR) --",urn:link:webnews:20240830:nNRAtp5dp1:0,NS:MARBEA,SAN.MC
2024-08-30 15:44:11.698,Banco Santander S.A. Increases Holdings in PDD Holdings Inc. (NASDAQ:PDD) --,urn:link:webnews:20240830:nNRAtp5bod:0,NS:MARBEA,SAN.MC
2024-08-30 15:42:22.709,Banco Santander S.A. Sells 150 Shares of Welltower Inc. (NYSE:WELL),urn:newsml:newsroom:20240830:nNRAtp5bk9:0,NS:DAILYQ,SAN.MC
2024-08-30 15:42:18.203,Kimco Realty Corp (NYSE:KIM) Stock Holdings Decreased by Banco Santander S.A.,urn:newsml:newsroom:20240830:nNRAtp5bkm:0,NS:TRADAJ,SAN.MC
2024-08-30 15:42:17.197,"Banco Santander S.A. Has $897,000 Stake in Marriott International, Inc. (NASDAQ:MAR)",urn:newsml:newsroom:20240830:nNRAtp5c96:0,NS:WATNEW,SAN.MC
2024-08-30 15:42:10.145,"Banco Santander S.A. Purchases 4,770 Shares of AstraZeneca PLC (NASDAQ:AZN)",urn:newsml:newsroom:20240830:nNRAtp5c8i:0,NS:TRADAJ,SAN.MC
2024-08-30 15:42:08.906,Banco Santander S.A. Increases Stock Position in Ford Motor (NYSE:F),urn:newsml:newsroom:20240830:nNRAtp5cjq:0,NS:DAILYQ,SAN.MC
2024-08-30 15:42:03.511,Banco Santander S.A. Has $1.24 Million Position in SPDR Dow Jones Industrial Average ETF Trust (NYSEARCA:DIA),urn:newsml:newsroom:20240830:nNRAtp5bjn:0,NS:WATNEW,SAN.MC
2024-08-30 15:42:00.976,Banco Santander S.A. Invests $1.17 Million in Target Co. (NYSE:TGT),urn:newsml:newsroom:20240830:nNRAtp5bjf:0,NS:WATNEW,SAN.MC
2024-08-30 15:40:45.527,"Banco Santander S.A. Has $789,000 Holdings in Yum China Holdings, Inc. (NYSE:YUMC) --",urn:link:webnews:20240830:nNRAtp5b3w:0,NS:MARBEA,SAN.MC
2024-08-30 15:40:45.113,Banco Santander S.A. Boosts Stock Position in Lululemon Athletica Inc. (NASDAQ:LULU) --,urn:link:webnews:20240830:nNRAtp5c56:0,NS:MARBEA,SAN.MC
2024-08-30 15:40:15.517,Banco Santander S.A. Raises Stake in Ford Motor (NYSE:F) --,urn:link:webnews:20240830:nNRAtp5a6z:0,NS:WKRNEW,SAN.MC
2024-08-30 15:40:12.727,Banco Santander S.A. Sells 150 Shares of Welltower Inc. (NYSE:WELL) --,urn:link:webnews:20240830:nNRAtp5a6p:0,NS:WKRNEW,SAN.MC
2024-08-30 01:33:25.632,"Banco Santander S.A. Raises Position in MercadoLibre, Inc. (NASDAQ:MELI)",urn:newsml:newsroom:20240830:nNRAtow1dp:0,NS:CERGEM,SAN.MC
2024-08-30 01:33:19.354,"Banco Santander S.A. Has $8.03 Million Stock Position in AMETEK, Inc. (NYSE:AME)",urn:newsml:newsroom:20240830:nNRAtow1tc:0,NS:CERGEM,SAN.MC
2024-08-30 01:33:16.806,"Banco Santander S.A. Sells 26,309 Shares of Moody's Co. (NYSE:MCO)",urn:newsml:newsroom:20240830:nNRAtow0qc:0,NS:CERGEM,SAN.MC
2024-08-30 01:32:51.830,"Banco Santander S.A. Has $2.58 Million Stock Holdings in Ocular Therapeutix, Inc. (NASDAQ:OCUL)",urn:newsml:newsroom:20240830:nNRAtow0pi:0,NS:CERGEM,SAN.MC
2024-08-30 01:32:46.702,Banco Santander S.A. Trims Holdings in Boston Scientific Co. (NYSE:BSX),urn:newsml:newsroom:20240830:nNRAtow1cz:0,NS:CERGEM,SAN.MC
2024-08-30 01:32:42.804,"Banco Santander S.A. Purchases Shares of 355 Synopsys, Inc. (NASDAQ:SNPS)",urn:newsml:newsroom:20240830:nNRAtow0pa:0,NS:CERGEM,SAN.MC
2024-08-30 00:39:13.113,"Banco Santander S.A. Makes New $3.96 Million Investment in Pacira BioSciences, Inc. (NASDAQ:PCRX) --",urn:link:webnews:20240830:nNRAtovqb0:0,NS:WKRNEW,SAN.MC
2024-08-30 00:29:09.174,"Banco Santander S.A. Cuts Position in Illumina, Inc. (NASDAQ:ILMN) --",urn:link:webnews:20240830:nNRAtovo04:0,NS:MARBEA,SAN.MC
2024-08-30 00:28:09.179,Banco Santander S.A. Makes New Investment in Carvana Co. (NYSE:CVNA) --,urn:link:webnews:20240830:nNRAtovoct:0,NS:WKRNEW,SAN.MC
2024-08-30 00:27:28.152,ASML Holding (NASDAQ:ASML) Shares Sold by Banco Santander S.A.,urn:newsml:newsroom:20240830:nNRAtovnau:0,NS:DAILYQ,SAN.MC
2024-08-30 00:27:25.042,The Cigna Group (NYSE:CI) Shares Sold by Banco Santander S.A.,urn:newsml:newsroom:20240830:nNRAtovmk2:0,NS:TRADAJ,SAN.MC
2024-08-30 00:27:22.233,"Banco Santander S.A. Acquires New Position in Synopsys, Inc. (NASDAQ:SNPS)",urn:newsml:newsroom:20240830:nNRAtovobq:0,NS:WATNEW,SAN.MC
2024-08-30 00:27:16.332,Banco Santander S.A. Raises Stock Holdings in Enterprise Products Partners L.P. (NYSE:EPD),urn:newsml:newsroom:20240830:nNRAtovnaw:0,NS:TRADAJ,SAN.MC
2024-08-30 00:27:15.562,"Banco Santander S.A. Sells 55,744 Shares of Brf S.A. (NYSE:BRFS)",urn:newsml:newsroom:20240830:nNRAtovmy0:0,NS:TRADAJ,SAN.MC
2024-08-30 00:27:14.777,Banco Santander S.A. Cuts Position in Boston Scientific Co. (NYSE:BSX),urn:newsml:newsroom:20240830:nNRAtovnyf:0,NS:WATNEW,SAN.MC
2024-08-30 00:27:13.596,"Banco Santander S.A. Cuts Holdings in Revvity, Inc. (NYSE:RVTY)",urn:newsml:newsroom:20240830:nNRAtovmjp:0,NS:DAILYQ,SAN.MC
2024-08-30 00:27:12.983,Ambev S.A. (NYSE:ABEV) Shares Bought by Banco Santander S.A.,urn:newsml:newsroom:20240830:nNRAtovnn0:0,NS:TRADAJ,SAN.MC
2024-08-30 00:27:12.543,"NextEra Energy, Inc. (NYSE:NEE) Shares Bought by Banco Santander S.A. --",urn:link:webnews:20240830:nNRAtovnmz:0,NS:MARBEA,SAN.MC
2024-08-30 00:27:11.368,"MercadoLibre, Inc. (NASDAQ:MELI) Shares Acquired by Banco Santander S.A.",urn:newsml:newsroom:20240830:nNRAtovnmt:0,NS:WATNEW,SAN.MC
2024-08-30 00:27:11.232,"Banco Santander S.A. Sells 135,154 Shares of Occidental Petroleum Co. (NYSE:OXY)",urn:newsml:newsroom:20240830:nNRAtovobt:0,NS:TRADAJ,SAN.MC
2024-08-30 00:26:39.813,"6,911 Shares in Grupo Financiero Galicia S.A. (NASDAQ:GGAL) Acquired by Banco Santander S.A. --",urn:link:webnews:20240830:nNRAtovoar:0,NS:MARBEA,SAN.MC
2024-08-30 00:26:12.876,"Revvity, Inc. (NYSE:RVTY) Shares Sold by Banco Santander S.A. --",urn:link:webnews:20240830:nNRAtovoa9:0,NS:WKRNEW,SAN.MC
2024-08-30 00:26:09.631,Waters Co. (NYSE:WAT) Shares Sold by Banco Santander S.A. --,urn:link:webnews:20240830:nNRAtovmii:0,NS:WKRNEW,SAN.MC
2024-08-30 00:14:10.823,Banco Santander S.A. Has $7.86 Million Stake in Electronic Arts Inc. (NASDAQ:EA),urn:newsml:newsroom:20240830:nNRAtovm2f:0,NS:TRADAJ,SAN.MC
2024-08-30 00:07:31.951,FactSet Research Systems Inc. (NYSE:FDS) Shares Sold by Banco Santander S.A.,urn:newsml:newsroom:20240830:nNRAtovife:0,NS:DAILYQ,SAN.MC
2024-08-30 00:07:25.837,"PepsiCo, Inc. (NASDAQ:PEP) Stock Position Lowered by Banco Santander S.A.",urn:newsml:newsroom:20240830:nNRAtovhhx:0,NS:TRADAJ,SAN.MC
2024-08-30 00:07:23.775,Banco Santander S.A. Has $5.71 Million Stake in iShares Floating Rate Bond ETF (BATS:FLOT),urn:newsml:newsroom:20240830:nNRAtovhhl:0,NS:DAILYQ,SAN.MC
2024-08-30 00:07:15.113,Banco Santander S.A. Has $5.54 Million Holdings in Chubb Limited (NYSE:CB),urn:newsml:newsroom:20240830:nNRAtovgxn:0,NS:TRADAJ,SAN.MC
2024-08-30 00:07:14.875,"Banco Santander S.A. Has $3.45 Million Stock Holdings in Cadence Design Systems, Inc. (NASDAQ:CDNS)",urn:newsml:newsroom:20240830:nNRAtovgd2:0,NS:DAILYQ,SAN.MC
2024-08-30 00:07:11.142,Diageo plc (NYSE:DEO) Shares Sold by Banco Santander S.A. --,urn:link:webnews:20240830:nNRAtovgwu:0,NS:WKRNEW,SAN.MC
2024-08-30 00:07:11.038,"Banco Santander S.A. Buys 4,331 Shares of CVS Health Co. (NYSE:CVS)",urn:newsml:newsroom:20240830:nNRAtovhql:0,NS:DAILYQ,SAN.MC
2024-08-30 00:07:09.717,"Banco Santander S.A. Sells 2,260 Shares of SEI Investments (NASDAQ:SEIC)",urn:newsml:newsroom:20240830:nNRAtovhdf:0,NS:TRADAJ,SAN.MC
2024-08-30 00:07:05.719,"Banco Santander S.A. Takes $3.96 Million Position in Pacira BioSciences, Inc. (NASDAQ:PCRX)",urn:newsml:newsroom:20240830:nNRAtovhp7:0,NS:DAILYQ,SAN.MC
2024-08-30 00:07:01.678,Banco Santander S.A. Sells 367 Shares of Aramark (NYSE:ARMK),urn:newsml:newsroom:20240830:nNRAtovhbo:0,NS:WATNEW,SAN.MC
2024-08-30 00:07:01.392,Banco Santander S.A. Makes New $5.20 Million Investment in Liberty Latin America Ltd. (NASDAQ:LILA) --,urn:link:webnews:20240830:nNRAtovgov:0,NS:WKRNEW,SAN.MC
2024-08-30 00:06:44.349,Banco Santander S.A. Sells 550 Shares of FactSet Research Systems Inc. (NYSE:FDS) --,urn:link:webnews:20240830:nNRAtovgno:0,NS:WKRNEW,SAN.MC
2024-08-30 00:03:08.557,Banco Santander S.A. Increases Stock Holdings in Banco Bradesco S.A. (NYSE:BBD) --,urn:link:webnews:20240830:nNRAtovetp:0,NS:MARBEA,SAN.MC
2024-08-30 00:03:08.512,"Banco Santander S.A. Has $2.58 Million Stock Holdings in Ocular Therapeutix, Inc. (NASDAQ:OCUL) --",urn:link:webnews:20240830:nNRAtovetm:0,NS:MARBEA,SAN.MC
2024-08-30 00:03:08.412,Banco Santander S.A. Invests $2.53 Million in Zoetis Inc. (NYSE:ZTS) --,urn:link:webnews:20240830:nNRAtovg5y:0,NS:MARBEA,SAN.MC
2024-08-30 00:02:08.731,Albemarle Co. (NYSE:ALB) Shares Purchased by Banco Santander S.A. --,urn:link:webnews:20240830:nNRAtovg56:0,NS:MARBEA,SAN.MC
2024-08-30 00:02:08.633,"Banco Santander S.A. Takes $3.96 Million Position in Pacira BioSciences, Inc. (NASDAQ:PCRX) --",urn:link:webnews:20240830:nNRAtovftw:0,NS:MARBEA,SAN.MC
2024-08-29 23:44:08.476,"Old Dominion Freight Line, Inc. (NASDAQ:ODFL) Shares Sold by Banco Santander S.A. --",urn:link:webnews:20240829:nNRAtoveij:0,NS:WKRNEW,SAN.MC
2024-08-29 23:42:26.061,Devon Energy Co. (NYSE:DVN) Shares Acquired by Banco Santander S.A.,urn:newsml:newsroom:20240829:nNRAtovdao:0,NS:TRADAJ,SAN.MC
2024-08-29 23:42:22.414,"Banco Santander S.A. Decreases Holdings in T. Rowe Price Group, Inc. (NASDAQ:TROW)",urn:newsml:newsroom:20240829:nNRAtove8w:0,NS:DAILYQ,SAN.MC
2024-08-29 23:42:15.041,Moody's Co. (NYSE:MCO) Shares Sold by Banco Santander S.A.,urn:newsml:newsroom:20240829:nNRAtovdak:0,NS:WATNEW,SAN.MC
2024-08-29 23:42:12.185,"Old Dominion Freight Line, Inc. (NASDAQ:ODFL) Shares Sold by Banco Santander S.A.",urn:newsml:newsroom:20240829:nNRAtovcwy:0,NS:DAILYQ,SAN.MC
2024-08-29 23:42:10.196,Banco Santander S.A. Sells 525 Shares of Vertex Pharmaceuticals Incorporated (NASDAQ:VRTX),urn:newsml:newsroom:20240829:nNRAtovdib:0,NS:DAILYQ,SAN.MC
2024-08-29 23:40:10.572,"Banco Santander S.A. Has $10.45 Million Position in W.W. Grainger, Inc. (NYSE:GWW) --",urn:link:webnews:20240829:nNRAtove6k:0,NS:WKRNEW,SAN.MC
2024-08-29 23:32:09.564,"Banco Santander S.A. Has $10.45 Million Position in W.W. Grainger, Inc. (NYSE:GWW) --",urn:link:webnews:20240829:nNRAtovbnt:0,NS:MARBEA,SAN.MC
2024-08-29 23:31:10.806,"Banco Santander S.A. Has $8.03 Million Stock Position in AMETEK, Inc. (NYSE:AME) --",urn:link:webnews:20240829:nNRAtovbms:0,NS:MARBEA,SAN.MC
2024-08-29 16:17:12.716,"Banco Santander (SAN: EUR4.49) keeps rising, up 3.7% in 3 days; +16c [3.7%]",urn:newsml:newsroom:20240829:nNRAtoslig:0,NS:GLOSTO,SAN.MC
2024-08-28 16:22:31.536,"Banco Santander (SAN: EUR4.47) offers earnings yield of 14.6%, hits 28-day high; +3c [0.7%]",urn:newsml:newsroom:20240828:nNRAtoequu:0,NS:GLOSTO,SAN.MC
2024-08-28 15:28:15.564,"Atomi Financial Group Inc. Increases Holdings in Banco Santander, S.A. (NYSE:SAN)",urn:newsml:newsroom:20240828:nNRAtoe3cm:0,NS:WATNEW,SAN.MC
2024-08-28 13:04:57.000,"Banco Santander SA - Senior Preferred, Serie 2384",urn:newsml:reuters.com:20240828:nNDL4svKw9:1,NS:PUBT,SAN.MC
2024-08-28 08:04:21.000,Santander International Products plc - Interim Financial Statements 2024,urn:newsml:reuters.com:20240828:nNDL1rM9PT:1,NS:PUBT,SAN.MC
2024-08-28 05:12:50.022,Santander launches 1.5 billion share repurchase program,urn:newsml:newsroom:20240828:nNRAto6914:0,NS:NOTENG,SAN.MC
2024-08-27 17:38:21.408,"(EN) Banco Santander, S.A. Press (80377599)",urn:newsml:reuters.com:20240827:nGLF8SQ93P:4,NS:GLFILE,SAN.MC
2024-08-27 16:17:37.969,"Banco Santander (SAN: EUR4.44) offers dividend yield of 4.1%, hits 27-day high; +11c [2.5%]",urn:newsml:newsroom:20240827:nNRAtnzol7:0,NS:GLOSTO,SAN.MC
2024-08-27 14:13:10.911,"Santander launches a 1,525 M buyback and opens the door to a dividend payment in September",urn:newsml:newsroom:20240827:nNRAtny3op:0,NS:NOTENG,SAN.MC
2024-08-27 14:07:17.558,Banco Santander's Earnings Growth Outperforms Bankinter,urn:newsml:newsroom:20240827:nNRAtny2c1:0,NS:GLOSTO,SAN.MC
2024-08-27 13:12:08.832,Santander launches a 1.525 billion buyback and will consider paying a dividend in September,urn:newsml:newsroom:20240827:nNRAtnxe1b:0,NS:NOTENG,SAN.MC
2024-08-27 11:43:08.673,Santander starts $1.7 billion share buyback programme --,urn:link:webnews:20240827:nNRAtnvxzz:0,NS:MSNUKA,SAN.MC
2024-08-27 11:11:31.507,"Santander launches a share repurchase program for up to 1,525 million euros",urn:newsml:newsroom:20240827:nNRAtnvobj:0,NS:NOTENG,SAN.MC
2024-08-27 09:18:33.363,Santander starts a 1.525 billion euro share buyback programme --,urn:link:webnews:20240827:nNRAtnud7m:0,NS:FINGEV,SAN.MC
2024-08-27 09:07:42.216,How Banco Santander's Tax Rate compares to Its Peers,urn:newsml:newsroom:20240827:nNRAtnu82p:0,NS:GLOSTO,SAN.MC
2024-08-27 08:02:40.000,UPDATE 2-Santander starts $1.7 bln share buyback programme,urn:newsml:reuters.com:20240827:nL8N3KE0AK:6,NS:RTRS,SAN.MC
2024-08-27 07:19:07.000,Santander starts new share buyback programme worth $1.70 billion,urn:newsml:reuters.com:20240827:nL8N3KE0A6:1,NS:RTRS,SAN.MC
2024-08-27 06:07:12.886,REG - Banco Santander S.A. - Commencement of a program to repurchase own shares,urn:newsml:newsroom:20240827:nRSa7953Ba:0,NS:LSE,SAN.MC
2024-08-27 06:07:06.000,REG - Banco Santander S.A.  - Commencement of a program to repurchase own shares,urn:newsml:reuters.com:20240827:nRSa7953Ba:1,NS:LSE,SAN.MC
2024-08-27 00:00:00.000,Spanish Banco Santander initiates US$ 1.7 billion share repurchase program,urn:newsml:newsroom:20240828:nNRAtoadc7:0,NS:NOTENG,SAN.MC
2024-08-26 17:32:18.000,MercadoLibre ramps up fight with Argentine banks over QR payments,urn:newsml:reuters.com:20240826:nL6N3KD0GK:2,NS:RTRS,SAN.MC
2024-08-26 16:17:19.620,Banco Santander (SAN: EUR4.33) falls 0.7% from 14-day high; -2c [0.5%],urn:newsml:newsroom:20240826:nNRAtnl6z1:0,NS:GLOSTO,SAN.MC
2024-08-26 15:42:31.133,Santander seeks platform approach in new investment phase,urn:newsml:newsroom:20240826:nNRAtnklnd:0,NS:VALINT,SAN.MC
2024-08-25 12:07:29.240,Banco Santander Brasil ADR sinks 13% in 2024,urn:newsml:newsroom:20240825:nNRAtn9dk1:0,NS:GLOROU,SAN.MC
2024-08-25 06:07:17.931,Banco Santander Brasil ADR sinks 13% in 2024,urn:newsml:newsroom:20240825:nNRAtn7dq0:0,NS:GLOROU,SAN.MC
2024-08-24 04:22:05.394,Weekly: Banco Santander (SAN: EUR4.35) keeps rising: up 7% in 3 weeks; +12c [2.8%],urn:newsml:newsroom:20240824:nNRAtn0r0n:0,NS:GLOWEE,SAN.MC
2024-08-23 19:52:29.719,Peloton Interactive top gainer in Banco Santander soars 35% in 55 days; +42c [9.2%] Vol Index 1.4 [1 is avg],urn:newsml:newsroom:20240823:nNRAtmxh5e:0,NS:GLOSTO,SAN.MC
2024-08-23 19:27:06.236,Peloton Interactive top gainer in Banco Santander soars 35% in 55 days; +42c [9.2%] Vol Index 1.4 [1 is avg],urn:newsml:newsroom:20240823:nNRAtmx7xr:0,NS:GLOSTO,SAN.MC
2024-08-23 16:54:27.692,"Ocular Therapeutix top gainer in Banco Santander soars 34.9% in 54 days, hits 147-day high Friday August 23, 2024 07:08 EDT",urn:newsml:newsroom:20240823:nNRAtmvddd:0,NS:GLOBUL,SAN.MC
2024-08-23 16:22:45.195,Weekly: Banco Santander (SAN: EUR4.35) keeps rising: up 7% in 3 weeks; +12c [2.8%],urn:newsml:newsroom:20240823:nNRAtmuxmg:0,NS:GLOWEE,SAN.MC
2024-08-23 16:17:39.598,Banco Santander (SAN: EUR4.35) in 3rd consecutive rise; +11c [2.6%],urn:newsml:newsroom:20240823:nNRAtmuvys:0,NS:GLOSTO,SAN.MC
2024-08-23 14:52:48.579,"Ocular Therapeutix top gainer in Banco Santander soars 34.9% in 54 days, hits 147-day high Friday August 23, 2024 07:08 EDT",urn:newsml:newsroom:20240823:nNRAtmtwtw:0,NS:GLOBUL,SAN.MC
2024-08-23 14:32:06.013,Peloton Interactive top gainer in Banco Santander soars 35% in 55 days,urn:newsml:newsroom:20240823:nNRAtmtlyc:0,NS:GLOSTO,SAN.MC
2024-08-23 13:57:25.464,Peloton Interactive top gainer in Banco Santander soars 35% in 55 days,urn:newsml:newsroom:20240823:nNRAtmt98t:0,NS:GLOSTO,SAN.MC
2024-08-23 13:52:08.353,Peloton Interactive top gainer in Banco Santander soars 35% in 55 days,urn:newsml:newsroom:20240823:nNRAtmt6g7:0,NS:GLOSTO,SAN.MC
2024-08-23 13:27:34.000,Santander puts stamp on US ECM,urn:newsml:reuters.com:20240823:nIfp2S61R4:1,NS:IFR,SAN.MC
2024-08-23 13:17:04.543,Peloton Interactive top gainer in Banco Santander soars 35% in 55 days,urn:newsml:newsroom:20240823:nNRAtmst2n:0,NS:GLOSTO,SAN.MC
2024-08-23 12:52:17.252,"Ocular Therapeutix top gainer in Banco Santander soars 34.9% in 54 days, hits 147-day high Friday August 23, 2024 07:08 EDT",urn:newsml:newsroom:20240823:nNRAtmsdtf:0,NS:GLOBUL,SAN.MC
2024-08-23 12:52:09.469,Peloton Interactive top gainer in Banco Santander soars 35% in 55 days,urn:newsml:newsroom:20240823:nNRAtmseqh:0,NS:GLOSTO,SAN.MC
2024-08-23 12:17:06.055,Peloton Interactive top gainer in Banco Santander soars 35% in 55 days,urn:newsml:newsroom:20240823:nNRAtmrvu5:0,NS:GLOSTO,SAN.MC
2024-08-23 07:14:31.000,UK DMO appoints bookrunners for gilt sale via syndication,urn:newsml:reuters.com:20240823:nL8N3KA09Q:1,NS:RTRS,SAN.MC
2024-08-23 04:13:19.840,Norwegian sovereign wealth fund bets on Sabadell and Unicaja and reduces exposure to other banks,urn:newsml:newsroom:20240823:nNRAtmm5ye:0,NS:NOTENG,SAN.MC
2024-08-23 00:00:00.000,Banco Santander Brasil ADR sinks 13% in 2024,urn:newsml:newsroom:20240824:nNRAtn0w2m:0,NS:GLOROU,SAN.MC
2024-08-22 16:17:23.082,Banco Santander (SAN: EUR4.28) offers earnings yield of 15.3%; +2c [0.5%],urn:newsml:newsroom:20240822:nNRAtmgebo:0,NS:GLOSTO,SAN.MC
2024-08-22 14:52:43.337,"Ocular Therapeutix top gainer in Banco Santander soars 29.2% in 53 days, hits 146-day high Thursday August 22, 2024 07:08 EDT",urn:newsml:newsroom:20240822:nNRAtmf9at:0,NS:GLOBUL,SAN.MC
2024-08-22 14:32:20.492,Ocular Therapeutix top gainer in Banco Santander soars 35% in 54 days,urn:newsml:newsroom:20240822:nNRAtmetjx:0,NS:GLOSTO,SAN.MC
2024-08-22 13:58:19.447,Ocular Therapeutix top gainer in Banco Santander soars 35% in 54 days,urn:newsml:newsroom:20240822:nNRAtmec2v:0,NS:GLOSTO,SAN.MC
2024-08-22 13:47:09.172,Ocular Therapeutix top gainer in Banco Santander soars 35% in 54 days,urn:newsml:newsroom:20240822:nNRAtme7lf:0,NS:GLOSTO,SAN.MC
2024-08-22 13:17:00.597,Ocular Therapeutix top gainer in Banco Santander soars 35% in 54 days,urn:newsml:newsroom:20240822:nNRAtmdvs0:0,NS:GLOSTO,SAN.MC
2024-08-22 12:52:25.317,"Ocular Therapeutix top gainer in Banco Santander soars 29.2% in 53 days, hits 146-day high Thursday August 22, 2024 07:08 EDT",urn:newsml:newsroom:20240822:nNRAtmdi7p:0,NS:GLOBUL,SAN.MC
2024-08-22 12:52:10.901,Ocular Therapeutix top gainer in Banco Santander soars 35% in 54 days,urn:newsml:newsroom:20240822:nNRAtmdgfg:0,NS:GLOSTO,SAN.MC
2024-08-22 12:17:18.459,Ocular Therapeutix top gainer in Banco Santander soars 35% in 54 days,urn:newsml:newsroom:20240822:nNRAtmd0dn:0,NS:GLOSTO,SAN.MC
2024-08-22 12:08:53.000,Ferrovial SE - Transcript (transcript ferrovial earnings call q2 2024),urn:newsml:reuters.com:20240822:nNDL8FKkkK:1,NS:PUBT,SAN.MC
2024-08-21 17:37:09.704,"German trading: Banco Santander (BSD2: EUR4.26) rises in 4 out of last 5 days, 5-day rise of 3.6%; +1c [0.2%]",urn:newsml:newsroom:20240821:nNRAtm2obm:0,NS:GERCOM,SAN.MC
2024-08-21 16:17:34.520,Banco Santander (SAN: EUR4.26) offers dividend yield of 4.2%; +2c [0.5%],urn:newsml:newsroom:20240821:nNRAtm1sbu:0,NS:GLOSTO,SAN.MC
2024-08-21 14:37:05.181,Ocular Therapeutix top gainer in Banco Santander soars 29% in 53 days,urn:newsml:newsroom:20240821:nNRAtm0j9t:0,NS:GLOSTO,SAN.MC
2024-08-21 13:57:27.084,Ocular Therapeutix top gainer in Banco Santander soars 29% in 53 days,urn:newsml:newsroom:20240821:nNRAtm01rz:0,NS:GLOSTO,SAN.MC
2024-08-21 13:52:11.351,Ocular Therapeutix top gainer in Banco Santander soars 29% in 53 days,urn:newsml:newsroom:20240821:nNRAtlzymn:0,NS:GLOSTO,SAN.MC
2024-08-21 13:17:00.906,Ocular Therapeutix top gainer in Banco Santander soars 29% in 53 days,urn:newsml:newsroom:20240821:nNRAtlzlrx:0,NS:GLOSTO,SAN.MC
2024-08-21 12:52:08.379,Ocular Therapeutix top gainer in Banco Santander soars 29% in 53 days,urn:newsml:newsroom:20240821:nNRAtlz9am:0,NS:GLOSTO,SAN.MC
2024-08-21 12:17:13.073,Ocular Therapeutix top gainer in Banco Santander soars 29% in 53 days,urn:newsml:newsroom:20240821:nNRAtlyr3l:0,NS:GLOSTO,SAN.MC
2024-08-21 08:56:01.732,Banco Santander (LON:BNC) Share Price Passes Above 50 Day Moving Average of $365.50 --,urn:link:webnews:20240821:nNRAtlw07l:0,NS:ETFDAI,SAN.MC
2024-08-21 03:30:02.120,"Summit Global Investments Takes $818,000 Position in Banco Santander, S.A. (NYSE:SAN) --",urn:link:webnews:20240821:nNRAtltbrr:0,NS:MARBEA,SAN.MC
2024-08-20 17:37:00.238,German trading: Banco Santander (BSD2: EUR4.25) decreases on firm volume; -4c [0.9%] Vol Index 1.2 [1 is avg],urn:newsml:newsroom:20240820:nNRAtlou56:0,NS:GERCOM,SAN.MC
2024-08-20 16:17:22.541,Banco Santander (SAN: EUR4.24) drops 1.2% on increasing volatility; -5c [1.2%],urn:newsml:newsroom:20240820:nNRAtlnny9:0,NS:GLOSTO,SAN.MC
2024-08-20 14:47:08.174,Cerus top gainer in Banco Santander soars 32% in 52 days,urn:newsml:newsroom:20240820:nNRAtlmdgx:0,NS:GLOSTO,SAN.MC
2024-08-20 13:52:03.147,Cerus top gainer in Banco Santander soars 32% in 52 days,urn:newsml:newsroom:20240820:nNRAtllpuy:0,NS:GLOSTO,SAN.MC
2024-08-20 13:16:58.420,Cerus top gainer in Banco Santander soars 32% in 52 days,urn:newsml:newsroom:20240820:nNRAtll8jr:0,NS:GLOSTO,SAN.MC
2024-08-20 12:52:01.444,Cerus top gainer in Banco Santander soars 32% in 52 days,urn:newsml:newsroom:20240820:nNRAtlktzn:0,NS:GLOSTO,SAN.MC
2024-08-20 12:17:05.419,Cerus top gainer in Banco Santander soars 32% in 52 days,urn:newsml:newsroom:20240820:nNRAtlka1u:0,NS:GLOSTO,SAN.MC
2024-08-20 09:07:42.018,How Banco Santander's Tax Rate compares to Its Peers,urn:newsml:newsroom:20240820:nNRAtlhzjf:0,NS:GLOSTO,SAN.MC
2024-08-20 04:00:00.000,Mexico Banking 20 August 2024_EN,urn:newsml:newsroom:20240822:nNRAtmeukk:0,NS:INDSNA,SAN.MC
2024-08-19 14:47:53.000,Banco Santander SA - AT1 Additional Information June 2024,urn:newsml:reuters.com:20240819:nNDL5bcxG4:1,NS:PUBT,SAN.MC
2024-08-19 14:45:07.822,Cerus top gainer in Banco Santander soars 28% in 51 days,urn:newsml:newsroom:20240819:nNRAtl8aqz:0,NS:GLOSTO,SAN.MC
2024-08-19 13:57:19.509,Cerus top gainer in Banco Santander soars 28% in 51 days,urn:newsml:newsroom:20240819:nNRAtl7rzi:0,NS:GLOSTO,SAN.MC
2024-08-19 13:52:01.462,Cerus top gainer in Banco Santander soars 28% in 51 days,urn:newsml:newsroom:20240819:nNRAtl7q9y:0,NS:GLOSTO,SAN.MC
2024-08-19 13:17:01.206,Cerus top gainer in Banco Santander soars 28% in 51 days,urn:newsml:newsroom:20240819:nNRAtl7d2p:0,NS:GLOSTO,SAN.MC
2024-08-19 12:52:01.427,Cerus top gainer in Banco Santander soars 28% in 51 days,urn:newsml:newsroom:20240819:nNRAtl72u6:0,NS:GLOSTO,SAN.MC
2024-08-19 12:16:33.440,Cerus top gainer in Banco Santander soars 28% in 51 days,urn:newsml:newsroom:20240819:nNRAtl6kxy:0,NS:GLOSTO,SAN.MC
2024-08-19 00:00:00.000,"German trading: Banco Santander (BSD2: EUR4.29) keeps rising, up 4.4% in 3 days; +18c [4.4%]",urn:newsml:newsroom:20240820:nNRAtlerht:0,NS:GERCOM,SAN.MC
2024-08-19 00:00:00.000,"Banco Santander (SAN: EUR4.29) keeps rising, up 4.6% in 3 days; +19c [4.6%]",urn:newsml:newsroom:20240820:nNRAtlegxz:0,NS:GLOSTO,SAN.MC
2024-08-17 04:28:05.831,Weekly: Banco Santander (SAN: EUR4.23) lifts 3.2% on weak volume; +13c [3.2%],urn:newsml:newsroom:20240817:nNRAtkobx6:0,NS:GLOWEE,SAN.MC
2024-08-16 17:52:20.424,German trading: Banco Santander (BSD2: EUR4.24) up 3.2% in 2 days; +13c [3.2%],urn:newsml:newsroom:20240816:nNRAtkjrag:0,NS:GERCOM,SAN.MC
2024-08-16 16:22:37.768,Weekly: Banco Santander (SAN: EUR4.23) lifts 3.2% on weak volume; +13c [3.2%],urn:newsml:newsroom:20240816:nNRAtkigpy:0,NS:GLOWEE,SAN.MC
2024-08-16 16:17:37.415,Banco Santander (SAN: EUR4.23) offers earnings yield of 15.5%; +1c [0.2%],urn:newsml:newsroom:20240816:nNRAtkifjc:0,NS:GLOSTO,SAN.MC
2024-08-16 13:15:50.000,Banco Santander SA - 15 years FIXED rate Senior Preferred Structured 08/39 SPE 031,urn:newsml:reuters.com:20240816:nNDL97Yxkd:1,NS:PUBT,SAN.MC
2024-08-15 16:17:29.859,Banco Santander (SAN: EUR4.22) offers dividend yield of 4.3%; +12c [2.9%],urn:newsml:newsroom:20240815:nNRAtk4r6z:0,NS:GLOSTO,SAN.MC
2024-08-14 16:18:53.439,Banco Santander (SAN: EUR4.10) closes at 5.0% below VWAP; -1c [0.2%],urn:newsml:newsroom:20240814:nNRAtjr4ie:0,NS:GLOSTO,SAN.MC
2024-08-14 13:04:15.000,Holmes Master Issuer plc - Issuer Document,urn:newsml:reuters.com:20240814:nNDL347d67:1,NS:PUBT,SAN.MC
2024-08-14 12:53:51.000,Holmes Master Issuer plc - Final terms,urn:newsml:reuters.com:20240814:nNDLc7x5Zg:1,NS:PUBT,SAN.MC
2024-08-13 16:17:28.499,Banco Santander (SAN: EUR4.11) increases after finding support; +2c [0.5%],urn:newsml:newsroom:20240813:nNRAtjbsh4:0,NS:GLOSTO,SAN.MC
2024-08-13 15:14:34.000,Banco Santander-Chile - Banco Santander Chile and Subsidiaries Consolidated Financial Information Form 6 K,urn:newsml:reuters.com:20240813:nNDL6zjGzV:1,NS:PUBT,SAN.MC
2024-08-12 23:40:32.000,Banco Santander-Chile - Monthly Financial Summary July 2024,urn:newsml:reuters.com:20240812:nNDL3DDyYZ:1,NS:PUBT,SAN.MC
2024-08-12 16:17:34.344,Banco Santander (SAN: EUR4.09) offers earnings yield of 16%; -1c [0.2%],urn:newsml:newsroom:20240812:nNRAtixkk4:0,NS:GLOSTO,SAN.MC
2024-08-12 13:39:14.000,Santander UK plc - Santander UK plc 2024 Half-Yearly Financial Report,urn:newsml:reuters.com:20240812:nNDL5gJg31:1,NS:PUBT,SAN.MC
2024-08-12 08:17:46.332,Microsoft Co. (NASDAQ:MSFT) is Banco Santander S.A.'s 2nd Largest Position,urn:newsml:newsroom:20240812:nNRAtir8p3:0,NS:ZOLCOM,SAN.MC
2024-08-11 09:42:12.769,"William M. Greenman's Cerus top gainer in Banco Santander jumps 23.9% in 41 days (aka Greenman William) Friday August 09, 2024 16:00 EDT",urn:newsml:newsroom:20240811:nNRAtila26:0,NS:NEWPEO,SAN.MC
2024-08-10 04:27:59.427,Weekly: Banco Santander (SAN: EUR4.10) increases 1.2% on average volume; +5c [1.2%],urn:newsml:newsroom:20240810:nNRAtia2v4:0,NS:GLOWEE,SAN.MC
2024-08-09 16:41:47.823,Weekly: Banco Santander (SAN: EUR4.10) increases 1.2% on average volume; +5c [1.2%],urn:newsml:newsroom:20240809:nNRAti2ybl:0,NS:GLOWEE,SAN.MC
2024-08-09 16:40:32.007,Banco Santander (SAN: EUR4.10) offers dividend yield of 4.4%; +3c [0.7%],urn:newsml:newsroom:20240809:nNRAti2xdv:0,NS:GLOSTO,SAN.MC
2024-08-09 14:32:01.567,Cerus top gainer in Banco Santander jumps 24% in 41 days,urn:newsml:newsroom:20240809:nNRAti1ds8:0,NS:GLOSTO,SAN.MC
2024-08-09 13:57:21.100,Cerus top gainer in Banco Santander jumps 24% in 41 days,urn:newsml:newsroom:20240809:nNRAti0ybl:0,NS:GLOSTO,SAN.MC
2024-08-09 13:47:04.868,Cerus top gainer in Banco Santander jumps 24% in 41 days,urn:newsml:newsroom:20240809:nNRAti0sa2:0,NS:GLOSTO,SAN.MC
2024-08-09 13:45:38.459,Cerus top gainer in Banco Santander jumps 24% in 41 days,urn:newsml:newsroom:20240809:nNRAti0phh:0,NS:GLOSTO,SAN.MC
2024-08-09 13:38:24.602,Ocular Therapeutix top gainer in Banco Santander jumps 22.4% in 40 days; -34c [4.1%],urn:newsml:newsroom:20240809:nNRAti0gn1:0,NS:GLOSTO,SAN.MC
2024-08-09 12:52:28.932,Cerus top gainer in Banco Santander jumps 24% in 41 days,urn:newsml:newsroom:20240809:nNRAthztuu:0,NS:GLOSTO,SAN.MC
2024-08-09 12:27:34.474,Cerus top gainer in Banco Santander jumps 24% in 41 days,urn:newsml:newsroom:20240809:nNRAthze03:0,NS:GLOSTO,SAN.MC
2024-08-09 06:52:38.000,Santander UK Group Holdings plc - 2024 Half Year Financial Report,urn:newsml:reuters.com:20240809:nNDL6K7lSn:1,NS:PUBT,SAN.MC
2024-08-09 06:46:12.528,Ocular Therapeutix top gainer in Banco Santander jumps 22.4% in 40 days; -34c [4.1%],urn:newsml:newsroom:20240809:nNRAthu93k:0,NS:GLOSTO,SAN.MC
2024-08-09 06:46:09.024,REG - Santander UKGrp Hdgs - Half-year Report,urn:newsml:newsroom:20240809:nRSI7595Za:0,NS:LSE,SAN.MC
2024-08-09 06:43:17.000,Santander UK plc - 2024 Half Yearly Financial Report,urn:newsml:reuters.com:20240809:nNDL3WHHsc:1,NS:PUBT,SAN.MC
2024-08-09 06:15:00.000,REG - Santander UKGrp Hdgs  - Half-year Report,urn:newsml:reuters.com:20240809:nRSI7595Za:1,NS:LSE,SAN.MC
2024-08-08 14:52:20.719,Ocular Therapeutix top gainer in Banco Santander jumps 22% in 40 days,urn:newsml:newsroom:20240808:nNRAthkwqh:0,NS:GLOSTO,SAN.MC
2024-08-08 13:57:23.541,Ocular Therapeutix top gainer in Banco Santander jumps 22% in 40 days,urn:newsml:newsroom:20240808:nNRAthk6p7:0,NS:GLOSTO,SAN.MC
2024-08-08 13:47:07.490,Ocular Therapeutix top gainer in Banco Santander jumps 22% in 40 days,urn:newsml:newsroom:20240808:nNRAthk2ng:0,NS:GLOSTO,SAN.MC
2024-08-08 13:17:04.142,Ocular Therapeutix top gainer in Banco Santander jumps 22% in 40 days,urn:newsml:newsroom:20240808:nNRAthjrby:0,NS:GLOSTO,SAN.MC
2024-08-08 12:52:07.672,Ocular Therapeutix top gainer in Banco Santander jumps 22% in 40 days,urn:newsml:newsroom:20240808:nNRAthjggx:0,NS:GLOSTO,SAN.MC
2024-08-08 12:17:17.899,Ocular Therapeutix top gainer in Banco Santander jumps 22% in 40 days,urn:newsml:newsroom:20240808:nNRAthizs2:0,NS:GLOSTO,SAN.MC
2024-08-08 11:54:56.000,"LIVE MARKETS-Euro zone equities ""less than stellar"" - Pictet AM",urn:newsml:reuters.com:20240808:nL4N3JV165:1,NS:RTRS,SAN.MC
2024-08-08 10:56:18.000,LIVE MARKETS-Banks: a good entry point?,urn:newsml:reuters.com:20240808:nL8N3JV12Y:1,NS:RTRS,SAN.MC
2024-08-07 17:50:56.000,"UPDATE 1-BHP mulling sale of gold, copper mines in Brazil, Bloomberg News reports",urn:newsml:reuters.com:20240807:nL4N3JU2KX:1,NS:RTRS,SAN.MC
2024-08-07 16:17:56.083,"Banco Santander (SAN: EUR4.07) shares rise after 5 days, of declines.; +11c [2.8%]",urn:newsml:newsroom:20240807:nNRAth7aam:0,NS:GLOSTO,SAN.MC
2024-08-07 14:32:05.690,Cerus top gainer in Banco Santander jumps 24% in 39 days,urn:newsml:newsroom:20240807:nNRAth5fs9:0,NS:GLOSTO,SAN.MC
2024-08-07 13:57:36.858,Cerus top gainer in Banco Santander jumps 24% in 39 days,urn:newsml:newsroom:20240807:nNRAth52mo:0,NS:GLOSTO,SAN.MC
2024-08-07 13:47:04.656,Cerus top gainer in Banco Santander jumps 24% in 39 days,urn:newsml:newsroom:20240807:nNRAth4wim:0,NS:GLOSTO,SAN.MC
2024-08-07 12:51:59.274,Cerus top gainer in Banco Santander jumps 24% in 39 days,urn:newsml:newsroom:20240807:nNRAth46x5:0,NS:GLOSTO,SAN.MC
2024-08-07 12:17:02.144,Cerus top gainer in Banco Santander jumps 24% in 39 days,urn:newsml:newsroom:20240807:nNRAth3ldp:0,NS:GLOSTO,SAN.MC
2024-08-07 11:56:50.712,PayPal Second Quarter 13F Filing: Banco Santander cuts 6.1% of its shares,urn:newsml:newsroom:20240807:nNRAth35e5:0,NS:NEWWIR,SAN.MC
2024-08-06 16:17:30.094,Banco Santander (SAN: EUR3.96) offers earnings yield of 16.5%; -3c [0.8%],urn:newsml:newsroom:20240806:nNRAtgryt1:0,NS:GLOSTO,SAN.MC
2024-08-06 14:32:03.960,Cerus top gainer in Banco Santander soars 26% in 38 days,urn:newsml:newsroom:20240806:nNRAtgqidr:0,NS:GLOSTO,SAN.MC
2024-08-06 14:07:17.122,Banco Santander's Earnings Growth Outperforms Bankinter,urn:newsml:newsroom:20240806:nNRAtgq7jh:0,NS:GLOSTO,SAN.MC
2024-08-06 13:57:16.346,Cerus top gainer in Banco Santander soars 26% in 38 days,urn:newsml:newsroom:20240806:nNRAtgq4mu:0,NS:GLOSTO,SAN.MC
2024-08-06 13:46:57.552,Cerus top gainer in Banco Santander soars 26% in 38 days,urn:newsml:newsroom:20240806:nNRAtgpyz8:0,NS:GLOSTO,SAN.MC
2024-08-06 13:34:31.933,"(EN) Banco Santander, S.A. Quarterly Presentation (80083685)",urn:newsml:reuters.com:20240806:nGLF3sRXVh:4,NS:GLFILE,SAN.MC
2024-08-06 13:16:59.780,Cerus top gainer in Banco Santander soars 26% in 38 days,urn:newsml:newsroom:20240806:nNRAtgpoa9:0,NS:GLOSTO,SAN.MC
2024-08-06 12:51:59.492,Cerus top gainer in Banco Santander soars 26% in 38 days,urn:newsml:newsroom:20240806:nNRAtgp9ci:0,NS:GLOSTO,SAN.MC
2024-08-06 12:17:04.938,Cerus top gainer in Banco Santander soars 26% in 38 days,urn:newsml:newsroom:20240806:nNRAtgotp2:0,NS:GLOSTO,SAN.MC
2024-08-06 10:46:58.924,PayPal Second Quarter 13F Filing: Banco Santander continued to decrease its shareholding,urn:newsml:newsroom:20240806:nNRAtgn6pd:0,NS:NEWWIR,SAN.MC
2024-08-06 10:12:41.453,"William M. Greenman's Cerus top gainer in Banco Santander soars 33.5% in 37 days (aka Greenman William) Monday August 05, 2024 16:00 EDT",urn:newsml:newsroom:20240806:nNRAtgmtri:0,NS:NEWPEO,SAN.MC
2024-08-06 10:08:13.596,Banco de Sabadell's Earnings Growth Outperforms Banco Santander,urn:newsml:newsroom:20240806:nNRAtgms8e:0,NS:GLOSTO,SAN.MC
2024-08-06 09:08:02.807,How Banco Santander's Tax Rate compares to Its Peers,urn:newsml:newsroom:20240806:nNRAtgm7q8:0,NS:GLOSTO,SAN.MC
2024-08-06 08:07:55.000,"UPDATE 3-Top UK lenders could be wound down in a crisis without bailouts, BoE checks show",urn:newsml:reuters.com:20240806:nL8N3JT11Y:1,NS:RTRS,SAN.MC
2024-08-06 00:00:00.000,Profits of Brazil's 3 largest private banks up 15.4% in the first half of the year,urn:newsml:newsroom:20240807:nNRAtgwqni:0,NS:NOTENG,SAN.MC
2024-08-05 17:44:10.000,Banco Santander-Chile - Earnings Transcript 198.2 KB,urn:newsml:reuters.com:20240805:nNDL6rLnB0:1,NS:PUBT,SAN.MC
2024-08-05 16:17:24.610,Banco Santander (SAN: EUR3.99) offers dividend yield of 4.5%; -6c [1.5%] Vol Index 1.5 [1 is avg],urn:newsml:newsroom:20240805:nNRAtgd4z2:0,NS:GLOSTO,SAN.MC
2024-08-05 14:49:26.832,Monthly: Santander Bank Polska (SPL: PLN522.0) drops 4% on weak volume in July 2024,urn:newsml:newsroom:20240805:nNRAtgbz71:0,NS:GLOSTP,SAN.MC
2024-08-05 14:44:10.073,"Monthly: Banco Santander (SAN: EUR4.46) climbs 3%, beating 81% of stocks",urn:newsml:newsroom:20240805:nNRAtgbttw:0,NS:GLOSTP,SAN.MC
2024-08-04 13:11:12.323,Argentina's hyperinflation hits Spanish banks with $1.7 billion,urn:newsml:newsroom:20240804:nNRAtg1b1h:0,NS:NOTENG,SAN.MC
2024-08-04 12:12:28.049,Argentina's hyperinflation hits Santander and BBVA with 1.7 billion in the first half of the year,urn:newsml:newsroom:20240804:nNRAtg10qm:0,NS:NOTENG,SAN.MC
2024-08-04 11:12:50.273,Argentina's hyperinflation hits Santander and BBVA with 1.7 billion in the first half of the year,urn:newsml:newsroom:20240804:nNRAtg0iz1:0,NS:NOTENG,SAN.MC
2024-08-04 06:07:04.343,Fluidra SA (FLUIF) Q2 2024 Earnings Call Transcript,urn:newsml:newsroom:20240804:nNRAtfz0x2:0,NS:SEECOM,SAN.MC
2024-08-04 00:51:28.248,Coca-Cola Second Quarter 13F Filing: Banco Santander decreases its shareholding by 25.6%,urn:newsml:newsroom:20240804:nNRAtfxuq6:0,NS:NEWWIR,SAN.MC
2024-08-03 21:16:54.993,Intel Second Quarter 13F Filing: Banco Santander decreases its shareholding by 22.1%,urn:newsml:newsroom:20240803:nNRAtfx6w9:0,NS:NEWWIR,SAN.MC
2024-08-03 15:47:05.326,Coca-Cola Second Quarter 13F Filing: Banco Santander decreases its shareholding by 25.6%,urn:newsml:newsroom:20240803:nNRAtfw1jz:0,NS:NEWWIR,SAN.MC
2024-08-03 09:47:03.938,Intel Second Quarter 13F Filing: Banco Santander continued to decrease its shareholding,urn:newsml:newsroom:20240803:nNRAtftr3d:0,NS:NEWWIR,SAN.MC
2024-08-03 04:22:15.138,Weekly: Banco Santander (SAN: EUR4.05) tumbles 11% on average volume; -48c [10.6%],urn:newsml:newsroom:20240803:nNRAtfrxy1:0,NS:GLOWEE,SAN.MC
2024-08-02 16:22:53.538,Weekly: Banco Santander (SAN: EUR4.05) tumbles 11% on average volume; -48c [10.6%],urn:newsml:newsroom:20240802:nNRAtfmm17:0,NS:GLOWEE,SAN.MC
2024-08-02 16:17:25.816,"Banco Santander (SAN: EUR4.05) continues significant downtrend, sinks 4.9%; -21c [4.9%] Vol Index 1.8 [1 is avg]",urn:newsml:newsroom:20240802:nNRAtfmiki:0,NS:GLOSTO,SAN.MC
2024-08-02 14:30:51.000,Banco Santander-Chile - 2Q24 Earnings webcast,urn:newsml:reuters.com:20240802:nNDL2P2dLZ:1,NS:PUBT,SAN.MC
2024-08-02 14:29:54.000,Banco Santander-Chile - 2Q24 Earnings webcast,urn:newsml:reuters.com:20240802:nNDL20X7tV:1,NS:PUBT,SAN.MC
2024-08-02 14:00:00.000,Q2 2024 Banco Santander-Chile Earnings Call,urn:newsml:reuters.com:20240802:nTRN2Wc0pY:1,NS:TRANS,SAN.MC
2024-08-02 13:06:54.000,Banco Santander SA - H1’24 Santander Covered Bond presentation,urn:newsml:reuters.com:20240802:nNDL6GpGDv:1,NS:PUBT,SAN.MC
2024-08-02 05:51:16.000,Spanish stocks - Factors to watch on Aug 2,urn:newsml:reuters.com:20240802:nL8N3JP0ES:1,NS:RTRS,SAN.MC
2024-08-01 20:57:47.268,Fitch Affirms Banco Santander Argentina's IDR at 'CCC-',urn:newsml:reuters.com:20240801:nFIT45KqWd:1,NS:FCH,SAN.MC
2024-08-01 16:17:32.762,"Banco Santander (SAN: EUR4.26) down 5.5% in 2 days, hits 132-day low; -25c [5.5%]",urn:newsml:newsroom:20240801:nNRAtf7bjx:0,NS:GLOSTO,SAN.MC
2024-08-01 14:44:02.000,Spain's Banco Santander moves closer to securing banking license in Canada,urn:newsml:reuters.com:20240801:nL1N3JO0R2:2,NS:RTRS,SAN.MC
2024-08-01 14:32:01.649,Cerus top gainer in Banco Santander soars 28% in 33 days,urn:newsml:newsroom:20240801:nNRAtf5n09:0,NS:GLOSTO,SAN.MC
2024-08-01 13:57:32.695,Cerus top gainer in Banco Santander soars 28% in 33 days,urn:newsml:newsroom:20240801:nNRAtf577m:0,NS:GLOSTO,SAN.MC
2024-08-01 13:46:58.911,Cerus top gainer in Banco Santander soars 28% in 33 days,urn:newsml:newsroom:20240801:nNRAtf54pj:0,NS:GLOSTO,SAN.MC
2024-08-01 13:16:59.386,Cerus top gainer in Banco Santander soars 28% in 33 days,urn:newsml:newsroom:20240801:nNRAtf4ssv:0,NS:GLOSTO,SAN.MC
2024-08-01 13:12:55.148,Interest margin and cost control make Santander's profit in Portugal soar 64% to 548 million euros,urn:newsml:newsroom:20240801:nNRAtf4rw0:0,NS:NOTENG,SAN.MC
2024-08-01 12:57:25.428,Cerus top gainer in Banco Santander soars 28% in 33 days,urn:newsml:newsroom:20240801:nNRAtf4h4e:0,NS:GLOSTO,SAN.MC
2024-08-01 12:17:07.244,Cerus top gainer in Banco Santander soars 28% in 33 days,urn:newsml:newsroom:20240801:nNRAtf3wm2:0,NS:GLOSTO,SAN.MC
2024-08-01 10:13:35.636,"Cartel? ""There was no agreement between the banks,"" says Santander's CEO",urn:newsml:newsroom:20240801:nNRAtf2468:0,NS:NOTENG,SAN.MC
2024-08-01 06:32:52.287,Monthly: Santander Bank Polska (SPL: PLN522.0) drops 4% on weak volume in July 2024,urn:newsml:newsroom:20240801:nNRAtezon0:0,NS:GLOSTO,SAN.MC
2024-08-01 06:23:46.018,"Monthly: Banco Santander (SAN: EUR4.46) lifts 3%, beating 81% of stocks",urn:newsml:newsroom:20240801:nNRAtezige:0,NS:GLOSTO,SAN.MC
2024-08-01 06:13:35.171,Six major Spanish banks earn record earnings of more than $16 billion dollars in first half of 2024,urn:newsml:newsroom:20240801:nNRAtezbib:0,NS:NOTENG,SAN.MC
2024-08-01 00:00:00.000,Judge orders former manager to compensate bank for 'subtracting' R$1.7 million from client's account,urn:newsml:newsroom:20240802:nNRAtfctcw:0,NS:NOTENG,SAN.MC
2024-07-31 21:43:37.181,Banco Santander Raises Funds through Private Placement of Shares,urn:newsml:reuters.com:20240731:nNRAtev2yk:1,NS:DATMTR,SAN.MC
2024-07-31 12:15:45.970,Banco Santander-Chile: Q2 Earnings Snapshot,urn:newsml:reuters.com:20240731:nNRAtenqd4:1,NS:ASSOPR,SAN.MC
2024-07-31 12:00:00.187,Banco Santander-Chile Announces Second Quarter 2024 Earnings,urn:newsml:reuters.com:20240731:nGNX8TvnYS:1,NS:GNW,SAN.MC
2024-07-31 06:55:38.000,"LIVE MARKETS-Europe before the bell: appetite for tech, bank results",urn:newsml:reuters.com:20240731:nL8N3JN0QP:1,NS:RTRS,SAN.MC
2024-07-31 00:02:29.253,Buquebus gets e-ferry debt,urn:newsml:reuters.com:20240731:nIfp4ph7R5:1,NS:PFIE,SAN.MC
2024-07-30 10:04:41.000,UPDATE 2-UK watchdog edges towards motor finance redress scheme,urn:newsml:reuters.com:20240730:nL8N3JM0FM:2,NS:RTRS,SAN.MC
2024-07-30 07:44:54.618,"(EN) Banco Santander, S.A. Full Year (79982103)",urn:newsml:reuters.com:20240730:nGLFNHTdW:2,NS:GLFILE,SAN.MC
2024-07-30 07:44:32.159,"(EN) Banco Santander, S.A. Full Year (79982107)",urn:newsml:reuters.com:20240730:nGLF3WTyF9:2,NS:GLFILE,SAN.MC
2024-07-30 07:41:03.079,"(EN) Banco Santander, S.A. Full Year (79982034)",urn:newsml:reuters.com:20240730:nGLFqWSVr:2,NS:GLFILE,SAN.MC
2024-07-30 06:53:31.030,UPDATE PRICED: Banco Santander USD1.5bn perp NC10 AT1,urn:newsml:reuters.com:20240729:nIfp8TXMN8:1,NS:IFR,SAN.MC
2024-07-30 06:43:03.800,Banco Santander prices USD1.5bn perp NC10 AT1 - UPDATE,urn:newsml:reuters.com:20240730:nIfp7HQ7LC:2,NS:IFR,SAN.MC
2024-07-30 06:20:31.000,Spanish stocks - Factors to watch on July 30,urn:newsml:reuters.com:20240730:nL8N3JM0E1:1,NS:RTRS,SAN.MC
2024-07-30 06:03:50.778,REG - Fintel PLC - Trading Update and Notice of Half Year Results,urn:newsml:newsroom:20240730:nRSd2656Ya:0,NS:LSE,SAN.MC
2024-07-30 06:02:38.280,REG - Banco Santander S.A. - AT1s Contingent Convertible securities,urn:newsml:newsroom:20240730:nRSd2944Ya:0,NS:LSE,SAN.MC
2024-07-30 06:00:03.000,REG - Fintel PLC  - Trading Update and Notice of Half Year Results,urn:newsml:reuters.com:20240730:nRSd2656Ya:1,NS:LSE,SAN.MC
2024-07-30 06:00:02.000,REG - Banco Santander S.A.  - AT1s Contingent Convertible securities,urn:newsml:reuters.com:20240730:nRSd2944Ya:1,NS:LSE,SAN.MC
2024-07-29 22:26:41.062,Banco Santander (NYSE:SAN) Sees Unusually-High Trading Volume --,urn:link:webnews:20240729:nNRAte0irj:0,NS:MARBEA,SAN.MC
2024-07-29 20:04:06.213,Santander UK Group Holdings Releases Quarterly Management Statement for Q2 2024,urn:newsml:reuters.com:20240729:nNRAtdzjtx:1,NS:DATMTR,SAN.MC
2024-07-29 19:42:51.000,PRICED - Banco Santander US$1.5bn perp NC10 AT1 at 8.00%,urn:newsml:reuters.com:20240729:nIfp63MwlQ:1,NS:IFR,SAN.MC
2024-07-29 18:32:04.317,Quarterly Report Analysis Q1 2024: Banco Santander reports Net Profit of EUR3.1b ($3.4b) Corporate Wire Date: 25 June 2024 10:48 CEST Release Date:...,urn:newsml:newsroom:20240729:nNRAtdyov9:0,NS:GLOUPF,SAN.MC
2024-07-29 17:49:15.000,Sacyr hires Santander and Deutsche Bank as advisers to find partner,urn:newsml:reuters.com:20240729:nL1N3JL0UO:3,NS:RTRS,SAN.MC
2024-07-29 16:17:27.153,Banco Santander (SAN: EUR4.47) offers dividend yield of 4%; -6c [1.3%],urn:newsml:newsroom:20240729:nNRAtdx2ny:0,NS:GLOSTO,SAN.MC
2024-07-29 16:05:09.000,LAUNCH - Banco Santander perp NC10 AT1 launched USD1.5bn at 8%,urn:newsml:reuters.com:20240729:nIfp2q0kCC:1,NS:IFR,SAN.MC
2024-07-29 15:46:27.000,Coupon set for Banco Santander USD perp NC10 AT1,urn:newsml:reuters.com:20240729:nIfp3Krn9y:1,NS:IFR,SAN.MC
2024-07-29 15:02:23.000,Timing update for Banco Santander USD perp NC10 AT1,urn:newsml:reuters.com:20240729:nIfp7ndtpY:1,NS:IFR,SAN.MC
2024-07-29 00:00:00.000,Banco Santander restructures in Spain with 51 branches and 582 fewer employees,urn:newsml:newsroom:20240730:nNRAte1xgk:0,NS:NOTENG,SAN.MC
2024-07-28 00:46:21.429,Coca-Cola First Quarter 13F Filing: Banco Santander reduces its shares by 16.0%,urn:newsml:newsroom:20240728:nNRAtdi39r:0,NS:NEWWIR,SAN.MC
2024-07-27 21:21:50.337,Intel First Quarter 13F Filing: Banco Santander continued to decrease its shareholding,urn:newsml:newsroom:20240727:nNRAtdhi5w:0,NS:NEWWIR,SAN.MC
2024-07-27 20:23:06.594,Banco Santander (LON:BNC) Stock Price Crosses Above 50 Day Moving Average of $382.68 --,urn:link:webnews:20240727:nNRAtdhc0n:0,NS:WKRNEW,SAN.MC
2024-07-27 12:12:53.690,"Banco Santander, S.A. (NYSE:SAN) Q2 2024 Earnings Call Transcript --",urn:link:webnews:20240727:nNRAtdf2o0:0,NS:INSMON,SAN.MC
2024-07-27 04:22:07.672,Weekly: Banco Santander (SAN: EUR4.53) lifts 2.3% - outperforming 82% of stocks; +10c [2.3%],urn:newsml:newsroom:20240727:nNRAtdcbco:0,NS:GLOWEE,SAN.MC
2024-07-26 20:07:28.410,Verallia Société Anonyme (VRLAF) Q2 2024 Earnings Call Transcript,urn:newsml:newsroom:20240726:nNRAtd9ing:0,NS:SEECOM,SAN.MC
2024-07-26 16:22:44.600,Weekly: Banco Santander (SAN: EUR4.53) lifts 2.3% - outperforming 82% of stocks; +10c [2.3%],urn:newsml:newsroom:20240726:nNRAtd6se6:0,NS:GLOWEE,SAN.MC
2024-07-26 16:17:24.340,Banco Santander (SAN: EUR4.53) down 3.8% in 2 days; -18c [3.8%],urn:newsml:newsroom:20240726:nNRAtd6r14:0,NS:GLOSTO,SAN.MC
2024-07-26 13:18:51.000,Who's moving where,urn:newsml:reuters.com:20240726:nIfp5SC73B:1,NS:IFR,SAN.MC
2024-07-26 12:07:18.535,"Becle, S.A.B. de C.V. (BCCLF) Q2 2024 Earnings Call Transcript",urn:newsml:newsroom:20240726:nNRAtd310z:0,NS:SEECOM,SAN.MC
2024-07-26 11:55:51.000,CORRECTED (OFFICIAL)-Seven banks share data with UK law enforcement in 'dirty money' crackdown,urn:newsml:reuters.com:20240726:nL1N3JH14C:4,NS:RTRS,SAN.MC
2024-07-26 10:55:20.000,Banco Santander SA - H1'24 ESG presentation,urn:newsml:reuters.com:20240726:nNDL8JY95K:1,NS:PUBT,SAN.MC
2024-07-26 10:35:16.000,Banco Santander SA - 2024 Half Yearly Report,urn:newsml:reuters.com:20240726:nNDL9PjyRJ:1,NS:PUBT,SAN.MC
2024-07-26 06:30:00.000,"Buquebus, Banco Santander, and IFC sign financing for the world's largest electric ferry on the Argentina-Uruguay route",urn:newsml:newsroom:20240727:nNRAtde9i7:0,NS:INDBAN,SAN.MC
2024-07-25 23:11:56.000,REFILE-Sabadell CEO plays down 'white knight' prospect to stop BBVA bid,urn:newsml:reuters.com:20240725:nL1N3JG1AU:1,NS:RTRS,SAN.MC
2024-07-25 21:40:17.819,World: Mixed results for Europe's banks and their first half-year earnings,urn:newsml:newsroom:20240725:nNRAtcv0bf:0,NS:THANEW,SAN.MC
2024-07-25 18:01:41.668,All You Need to Know About Banco Santander (SAN) Rating Upgrade to Strong Buy --,urn:link:webnews:20240725:nNRAtct366:0,NS:FINGEV,SAN.MC
2024-07-25 16:47:04.794,Goldman Sachs First Quarter 13F Filing: Banco Santander augments its shareholding by 1.1%,urn:newsml:newsroom:20240725:nNRAtcs1kc:0,NS:NEWWIR,SAN.MC
2024-07-25 16:17:27.719,Banco Santander (SAN: EUR4.55) in bottom 1% performers of IBEX 35 Index; -16c [3.4%],urn:newsml:newsroom:20240725:nNRAtcrpb4:0,NS:GLOSTO,SAN.MC
2024-07-25 15:31:57.355,"Banco Santander GAAP EPS of €0.20, revenue of €15.67B",urn:newsml:newsroom:20240725:nNRAtcr1gg:0,NS:SEECOM,SAN.MC
2024-07-25 14:47:03.470,Boeing First Quarter 13F Filing: Banco Santander cuts 5.3% of its shares,urn:newsml:newsroom:20240725:nNRAtcqi8z:0,NS:NEWWIR,SAN.MC
2024-07-25 12:08:22.794,Santander BP earned less than a year ago --,urn:link:webnews:20240725:nNRAtcnxao:0,NS:WARVOI,SAN.MC
2024-07-25 11:41:43.447,"Avantax Advisory Services Inc. Reduces Stock Position in Banco Santander, S.A. (NYSE:SAN) --",urn:link:webnews:20240725:nNRAtcnc64:0,NS:ETFDAI,SAN.MC
2024-07-25 10:17:06.435,Netflix First Quarter 13F Filing: Banco Santander reduces its shares by 17.6%,urn:newsml:newsroom:20240725:nNRAtcmcyc:0,NS:NEWWIR,SAN.MC
2024-07-25 04:07:06.662,Q2 2024 Banco Santander SA Earnings Call Transcript,urn:newsml:newsroom:20240725:nNRAtcin22:0,NS:GURCOM,SAN.MC
2024-07-25 00:17:13.980,Thursday's Preview: Can Banco Santander continue its recent gains?,urn:newsml:newsroom:20240725:nNRAtch6ll:0,NS:GLOSTO,SAN.MC
2024-07-24 23:51:07.762,Santander promises to become 'digital bank with branches' despite closures and profit slump --,urn:link:webnews:20240724:nNRAtcgyi9:0,NS:MSNUKA,SAN.MC
2024-07-24 21:13:15.629,Spain's Santander lifts outlook after record first half profit --,urn:link:webnews:20240724:nNRAtcg368:0,NS:BORBUL,SAN.MC
2024-07-24 21:12:17.165,Banco Santander (NYSE:SAN) Shares Gap Up to $4.94,urn:newsml:newsroom:20240724:nNRAtcg159:0,NS:WATNEW,SAN.MC
2024-07-24 17:12:18.483,"Santander, on BBVA's takeover bid for Sabadell: ""A río revuelto, ganancia de pescadores"".",urn:newsml:newsroom:20240724:nNRAtcdy5n:0,NS:NOTENG,SAN.MC
2024-07-24 17:12:08.354,"Banco Santander earns 6,059 million in the first half, up 15.6%.",urn:newsml:newsroom:20240724:nNRAtcdy3x:0,NS:NOTENG,SAN.MC
2024-07-24 16:23:57.000,Banco Santander SA - H1´24 Institutional Presentation,urn:newsml:reuters.com:20240724:nNDL7XNVPH:1,NS:PUBT,SAN.MC
2024-07-24 16:17:29.838,"Banco Santander (SAN: EUR4.71) offers earnings yield of 13.9%, hits 43-day high; +14c [3.1%] Vol Index 1.5 [1 is avg]",urn:newsml:newsroom:20240724:nNRAtcd6l9:0,NS:GLOSTO,SAN.MC
2024-07-24 16:12:27.116,Banco Santander earns more than 6 billion euros in the first half of the year,urn:newsml:newsroom:20240724:nNRAtcd50g:0,NS:NOTENG,SAN.MC
2024-07-24 15:16:35.000,WRAPUP 2-Euro zone banks see investment banking boost but outlook stalls shares,urn:newsml:reuters.com:20240724:nL8N3JG0NM:4,NS:RTRS,SAN.MC
2024-07-24 15:13:10.191,Banco Santander earns more than 6 billion euros in the first half of the year,urn:newsml:newsroom:20240724:nNRAtccgw0:0,NS:NOTENG,SAN.MC
2024-07-24 15:12:01.913,"Santander sees BBVA and Sabadell's takeover bid as a business opportunity: ""A río revuelto, ganancia de pescadores"" (""A río revuelto, ganancia de p...",urn:newsml:newsroom:20240724:nNRAtccdvi:0,NS:NOTENG,SAN.MC
2024-07-24 15:11:54.896,Spain's Banco Santander Group increases profits and revenues to new records in the first half of the year,urn:newsml:newsroom:20240724:nNRAtccebh:0,NS:NOTENG,SAN.MC
2024-07-24 15:07:32.715,"Banco Santander, S.A. (SAN) Q2 2024 Earnings Call Transcript",urn:newsml:newsroom:20240724:nNRAtccdbi:0,NS:SEECOM,SAN.MC
2024-07-24 14:57:18.366,Banco Santander shares are trading higher after the company reported better-than-expected Q2 EPS results and a year-over-year increase for its Q2 s...,urn:newsml:newsroom:20240724:nNRAtcc863:0,NS:BENZIN,SAN.MC
2024-07-24 14:13:38.095,"Héctor Grisi (Santander) sees a commercial opportunity in the takeover bid by BBVA and Sabadell: ""A río revuelto, ganancia de pescadores"".",urn:newsml:newsroom:20240724:nNRAtcbmcw:0,NS:NOTENG,SAN.MC
2024-07-24 14:02:45.647,Santander UK see profits slump by 31% amid £4.4bn drop in mortgage loans,urn:newsml:newsroom:20240724:nNRAtc7yni:0,NS:MIRONL,SAN.MC
2024-07-24 13:12:50.920,"Santander pleases with profit and revenue in the 2nd quarter; in Madrid, shares rise more than 1%",urn:newsml:newsroom:20240724:nNRAtcaol6:0,NS:NOTENG,SAN.MC
2024-07-24 12:48:17.000,Banco Santander SA - H1'24 Fixed income Investor Presentation,urn:newsml:reuters.com:20240724:nNDL8M52NQ:1,NS:PUBT,SAN.MC
2024-07-24 12:22:04.114,"Banco Santander Q2 2024 GAAP EPS $0.22 Beats $0.16 Estimate, Sales $3.825B Beat $3.556B Estimate",urn:newsml:newsroom:20240724:nNRAtc9ygt:0,NS:BENZIN,SAN.MC
2024-07-24 12:20:06.000,Banco Santander SA reports results for the quarter ended in June - Earnings Summary,urn:newsml:reuters.com:20240724:nL8N3JG1FV:1,NS:RTRS,SAN.MC
2024-07-24 12:12:10.415,"Trending tickers: Tesla, EasyJet, Aston Martin, Banco Santander --",urn:link:webnews:20240724:nNRAtc9t64:0,NS:YAHUKI,SAN.MC
2024-07-24 12:10:53.215,Santander Expects To Launch Openbank In Mexico Towards End Of 2024,urn:newsml:reuters.com:20240724:nRSD1CkRbd:1,NS:SIGDEV,SAN.MC
2024-07-24 12:00:00.000,Half Year 2024 Santander Bank Polska SA Earnings Call,urn:newsml:reuters.com:20240724:nTRN9C6Ybt:1,NS:TRANS,SAN.MC
2024-07-24 11:58:08.558,Profit and financial outlook rise at Banco Santander --,urn:link:webnews:20240724:nNRAtc9eqj:0,NS:MSNUKA,SAN.MC
2024-07-24 11:55:21.000,BRIEF-Santander Expects To Launch Openbank In Mexico Towards End Of 2024,urn:newsml:reuters.com:20240724:nS8N3GL01S:1,NS:RTRS,SAN.MC
2024-07-24 11:22:38.000,BREAKINGVIEWS-Euro-banks offer glimpse of possible bad-debt wave,urn:newsml:reuters.com:20240724:nL8N3JG0OL:8,NS:RTRS,SAN.MC
2024-07-24 10:42:47.000,"UPDATE 1-Santander Brasil's net profit up 44% in Q2, beating forecasts",urn:newsml:reuters.com:20240724:nL1N3JG0DL:2,NS:RTRS,SAN.MC
2024-07-24 10:30:49.030,Profit and financial outlook rise at Banco Santander --,urn:link:webnews:20240724:nNRAtc81fl:0,NS:YAHNEX,SAN.MC
2024-07-24 10:13:28.237,"Banco Santander earns 6,059 million euros through June, up 16%, and improves its forecasts for 2024",urn:newsml:newsroom:20240724:nNRAtc7tiq:0,NS:NOTENG,SAN.MC
2024-07-24 10:12:07.162,"Banco Santander Q2 2024 GAAP EPS $0.22 Beats $0.21 Estimate, Sales $16.870B Up From $15.355B YoY",urn:newsml:newsroom:20240724:nNRAtc7rm1:0,NS:BENZIN,SAN.MC
2024-07-24 09:59:55.000,"Santander Brasil's net profit up 44% in Q2, beating forecasts",urn:newsml:reuters.com:20240724:nS0N3J3031:1,NS:RTRS,SAN.MC
2024-07-24 09:34:47.016,Santander Sees Signs Of Improvement In NII In The UK In H2 Of 2024,urn:newsml:reuters.com:20240724:nRSDc2yQLR:1,NS:SIGDEV,SAN.MC
2024-07-24 09:23:34.000,BRIEF-Santander Sees Signs Of Improvement In NII In The UK In H2 Of 2024,urn:newsml:reuters.com:20240724:nS0N3G000G:1,NS:RTRS,SAN.MC
2024-07-24 09:20:27.596,Santander Sees NII Stable Or Slightly Down In Spain In H2 2024 And 2025,urn:newsml:reuters.com:20240724:nRSD8QdvBs:1,NS:SIGDEV,SAN.MC
2024-07-24 09:17:15.588,Santander sets ambitious growth targets after pleasing first half,urn:newsml:newsroom:20240724:nNRAtc7cc5:0,NS:PROUKA,SAN.MC
2024-07-24 09:13:37.321,"Banco Santander's revenues soared to record levels and achieved a profit of 6,059 million euros in the first half of the year, up 16%.",urn:newsml:newsroom:20240724:nNRAtc78ox:0,NS:NOTENG,SAN.MC
2024-07-24 09:13:24.043,"Santander raises its targets for the year after earning 6,059 million",urn:newsml:newsroom:20240724:nNRAtc7ajv:0,NS:NOTENG,SAN.MC
2024-07-24 09:09:40.000,BRIEF-Santander Sees NII Stable Or Slightly Down In Spain In H2 2024 And 2025,urn:newsml:reuters.com:20240724:nS0N3BV02D:1,NS:RTRS,SAN.MC
2024-07-24 09:05:02.978,Spain's Santander posts 20% hike in net profit as retail business shines --,urn:link:webnews:20240724:nNRAtc743t:0,NS:WNCOMA,SAN.MC
2024-07-24 09:04:04.434,Banco Santander: Q2 Earnings Snapshot,urn:newsml:reuters.com:20240724:nNRAtc73de:1,NS:ASSOPR,SAN.MC
2024-07-24 08:53:38.000,UPDATE 3-Santander raises profitability goals after record quarter,urn:newsml:reuters.com:20240724:nL8N3JG04H:2,NS:RTRS,SAN.MC
2024-07-24 08:34:19.298,Profit and financial outlook rise at Banco Santander,urn:newsml:newsroom:20240724:nNRAtc6vi0:0,NS:DPAENG,SAN.MC
2024-07-24 08:14:20.620,"The Ibex is supported by Santander to maintain the 11,200 point level",urn:newsml:newsroom:20240724:nNRAtc6r47:0,NS:NOTENG,SAN.MC
2024-07-24 08:13:37.213,"Banco Santander earns 6,059 million euros between January and June, up 16%.",urn:newsml:newsroom:20240724:nNRAtc6qej:0,NS:NOTENG,SAN.MC
2024-07-24 08:13:37.192,"Santander Group with profits of 6,059 million euros in the first half of the year",urn:newsml:newsroom:20240724:nNRAtc6o9i:0,NS:NOTENG,SAN.MC
2024-07-24 08:10:53.000,"LIVE MARKETS-European stocks drop, luxury lags",urn:newsml:reuters.com:20240724:nL8N3JG0ME:1,NS:RTRS,SAN.MC
2024-07-24 08:00:00.000,Q2 2024 Banco Santander SA Earnings Call,urn:newsml:reuters.com:20240724:nTRN3spLBZ:1,NS:TRANS,SAN.MC
2024-07-24 07:27:33.000,"BUZZ-Santander rises after record Q2 net profit, outlook raise",urn:newsml:reuters.com:20240724:nL8N3JG0HN:1,NS:RTRS,SAN.MC
2024-07-24 07:13:35.308,"Santander earns 6,059M in the year to June, up 16%, and raises revenue forecast for 2024",urn:newsml:newsroom:20240724:nNRAtc5zlh:0,NS:NOTENG,SAN.MC
2024-07-24 07:13:26.240,"Banco Santander increases its profit by 16% to 6,059 million euros, and improves its targets for 2024",urn:newsml:newsroom:20240724:nNRAtc5y24:0,NS:NOTENG,SAN.MC
2024-07-24 06:53:08.888,"Santander BP lender posts PLN 794.9 mln attrib. net profit in Q2, 15 pct above consensus",urn:newsml:reuters.com:20240724:nNRAtc5ufg:1,NS:PAPINS,SAN.MC
2024-07-24 06:42:52.000,LIVE MARKETS-European futures slip on heavy earnings day,urn:newsml:reuters.com:20240724:nL8N3JG0E6:1,NS:RTRS,SAN.MC
2024-07-24 06:37:13.105,Santander UK PLC Posts HY Profit Before Tax Of £804 Mln,urn:newsml:reuters.com:20240724:nRSD4BQJy8:1,NS:SIGDEV,SAN.MC
2024-07-24 06:20:04.000,Banco Santander SA - 1H2024 Earnings presentation: Supplementary Info,urn:newsml:reuters.com:20240724:nNDL9G6XtN:1,NS:PUBT,SAN.MC
2024-07-24 06:19:54.000,Spanish stocks - Factors to watch on July 24,urn:newsml:reuters.com:20240724:nL8N3JF2K3:1,NS:RTRS,SAN.MC
2024-07-24 06:16:22.000,UPDATE 1-Santander's Polish unit Q2 profit slumps on legal provisions,urn:newsml:reuters.com:20240724:nL1N3JG05E:1,NS:RTRS,SAN.MC
2024-07-24 06:14:04.371,Banco Santander H1 Net Profit Improves; Ups Annual Revenue Outlook,urn:newsml:newsroom:20240724:nNRAtc5kvf:0,NS:RTTNEW,SAN.MC
2024-07-24 06:13:35.647,"Santander earns 6,059 million euros through June and improves its year-end guidance",urn:newsml:newsroom:20240724:nNRAtc5l69:0,NS:NOTENG,SAN.MC
2024-07-24 06:13:13.901,"Banco Santander earns 6,059 million in the first half, up 15.6%.",urn:newsml:newsroom:20240724:nNRAtc5k29:0,NS:NOTENG,SAN.MC
2024-07-24 06:11:39.000,Banco Santander SA - First Half 2024 Financial Report,urn:newsml:reuters.com:20240724:nNDL5v2Wqc:1,NS:PUBT,SAN.MC
2024-07-24 06:10:48.000,Banco Santander SA - First Half 2024 Earnings presentation,urn:newsml:reuters.com:20240724:nNDL6mB7w5:1,NS:PUBT,SAN.MC
2024-07-24 06:02:05.156,REG - Banco Santander S.A. - 1st Half 24 results report & earnings presentation,urn:newsml:newsroom:20240724:nRSX6179Xa:0,NS:LSE,SAN.MC
2024-07-24 05:53:43.504,"Santander BP Q2 Net Profit At 794.9 Mln Zlotys, Above Expectations",urn:newsml:reuters.com:20240724:nRSD8VjXkL:1,NS:SIGDEV,SAN.MC
2024-07-24 05:48:32.000,Santander's Polish unit net profit slumps 30% y/y,urn:newsml:reuters.com:20240724:nL8N3JG0AR:4,NS:RTRS,SAN.MC
2024-07-24 05:20:03.000,Banco Santander SA - H1’24 Earnings Presentation (Supplementary information),urn:newsml:reuters.com:20240724:nNDL2C805Y:1,NS:PUBT,SAN.MC
2024-07-24 05:19:29.000,Banco Santander SA - H1’24 Earnings Presentation,urn:newsml:reuters.com:20240724:nNDL1k41wG:1,NS:PUBT,SAN.MC
2024-07-24 05:19:07.000,Banco Santander SA - H1’24 Financial Report,urn:newsml:reuters.com:20240724:nNDLb6KvYW:1,NS:PUBT,SAN.MC
2024-07-24 05:12:46.173,Santander Q2 Net Interest Income At 11.47 Bln Euros,urn:newsml:reuters.com:20240724:nRSD7WnNWh:1,NS:SIGDEV,SAN.MC
2024-07-24 05:09:31.309,Santander Sees 2024 High-Single Digit Revenue Growth,urn:newsml:reuters.com:20240724:nRSD3VFZ4l:1,NS:SIGDEV,SAN.MC
2024-07-24 05:02:58.000,BRIEF-Santander Q2 Net Interest Income At 11.47 Bln Euros,urn:newsml:reuters.com:20240724:nL8N3JG03W:1,NS:RTRS,SAN.MC
2024-07-24 04:57:00.078,"Santander Q2 Total Income EUR 15,670 Million",urn:newsml:reuters.com:20240724:nRSD8FQWGB:1,NS:SIGDEV,SAN.MC
2024-07-24 04:56:14.000,BRIEF-Santander Sees 2024 High-Single Digit Revenue Growth,urn:newsml:reuters.com:20240724:nFWN3JF2DB:1,NS:RTRS,SAN.MC
2024-07-24 04:54:56.000,Santander's Q2 net profit rises 20% compared to same period in 2023,urn:newsml:reuters.com:20240724:nL8N3JE11E:4,NS:RTRS,SAN.MC
2024-07-24 04:47:00.138,"BRIEF-Santander Q2 Total Income EUR 15,670 Million",urn:newsml:reuters.com:20240724:nPLXA9DC8E:1,NS:RTRS,SAN.MC
2024-07-24 00:00:00.000,Banco Santander shares are trading higher after the company reported better-than-expected Q2 EPS results and a year-over-year increase for its Q2 s...,urn:newsml:newsroom:20240728:nNRAtdlryc:0,NS:BENZIN,SAN.MC
2024-07-24 00:00:00.000,"Santander reports profit of €6,059 million (+16%) in the first half of the year and upgrades 2024 targets",urn:newsml:newsroom:20240725:nNRAtcpmbb:0,NS:EURUNI,SAN.MC
2024-07-24 00:00:00.000,"Santander pleases with profit and revenue in the 2nd quarter; in Madrid, shares rise more than 1%",urn:newsml:newsroom:20240725:nNRAtcoyjl:0,NS:NOTENG,SAN.MC
2024-07-24 00:00:00.000,Banco Santander changes its strategy on deposits: from no remuneration to compete in the market,urn:newsml:newsroom:20240725:nNRAtchuq0:0,NS:NOTENG,SAN.MC
2024-07-24 00:00:00.000,"Banco Santander posted record first-half profit of 6,059 million euros",urn:newsml:newsroom:20240725:nNRAtch6hn:0,NS:NOTENG,SAN.MC
2024-07-23 21:30:00.000,Britain makes it tougher for banks to close branches,urn:newsml:reuters.com:20240723:nL8N3JF0PP:2,NS:RTRS,SAN.MC
2024-07-23 17:23:08.444,"Banco Santander S.A. Acquires 65,448 Shares of JPMorgan Chase & Co. (NYSE:JPM) --",urn:link:webnews:20240723:nNRAtbzpxw:0,NS:ETFDAI,SAN.MC
2024-07-23 16:17:17.194,"Banco Santander (SAN: EUR4.57) offers dividend yield of 4%, hits 40-day high; +4c [0.9%]",urn:newsml:newsroom:20240723:nNRAtbyva9:0,NS:GLOSTO,SAN.MC
2024-07-23 16:08:09.000,"Spanish banks, unions agree on 11% wage increase over three years",urn:newsml:reuters.com:20240723:nL8N3JF2D1:4,NS:RTRS,SAN.MC
2024-07-23 14:26:59.356,Boeing First Quarter 13F Filing: Banco Santander continued to decrease its shareholding,urn:newsml:newsroom:20240723:nNRAtbxfn3:0,NS:NEWWIR,SAN.MC
2024-07-23 09:07:31.728,How Banco Santander's Tax Rate compares to Its Peers,urn:newsml:newsroom:20240723:nNRAtbtbva:0,NS:GLOSTO,SAN.MC
2024-07-23 07:22:47.000,EARNINGS POLL-Santander's Polish unit Q2 profit seen down 39% y/y,urn:newsml:reuters.com:20240723:nL8N3JF092:1,NS:RTRS,SAN.MC
2024-07-23 00:00:00.000,Banco Santander and holding company have new MREL requirements,urn:newsml:newsroom:20240724:nNRAtc44j3:0,NS:NOTENG,SAN.MC
2024-07-22 19:13:10.733,Merlin confirms Santander's backing for plan to raise $1 billion for data centers,urn:newsml:newsroom:20240722:nNRAtbmxdu:0,NS:NOTENG,SAN.MC
2024-07-22 16:17:13.340,"Banco Santander (SAN: EUR4.53) climbs 2.3% strengthening above moving average price, hits 39-day high; +10c [2.3%]",urn:newsml:newsroom:20240722:nNRAtbl1m6:0,NS:GLOSTO,SAN.MC
2024-07-22 15:47:39.646,Is Banco Santander (SAN) Stock Undervalued Right Now? --,urn:link:webnews:20240722:nNRAtbkpc0:0,NS:YAHNEX,SAN.MC
2024-07-22 11:39:11.000,Banco Santander SA <SAN.N> expected to post earnings of 20 cents a share - Earnings Preview,urn:newsml:reuters.com:20240722:nL8N3JE0Z0:1,NS:RTRS,SAN.MC
2024-07-22 11:01:52.000,Banco Santander SA <SAN.MC> expected to post earnings of 20 cents a share - Earnings Preview,urn:newsml:reuters.com:20240722:nL8N3JE0UM:1,NS:RTRS,SAN.MC
2024-07-22 07:10:11.071,Banco Santander (SAN) Set to Announce Earnings on Wednesday --,urn:link:webnews:20240722:nNRAtberty:0,NS:ETFDAI,SAN.MC
2024-07-22 05:00:00.000,PREVIEW-European banks' earnings in spotlight after big share price gains,urn:newsml:reuters.com:20240722:nL8N3J80HE:1,NS:RTRS,SAN.MC
2024-07-22 05:00:00.000,"BREAKINGVIEWS-As rates fall, European banks can still rise",urn:newsml:reuters.com:20240722:nL4N3JB1X0:3,NS:RTRS,SAN.MC
2024-07-21 18:57:11.598,Exxon Mobil Co. (NYSE:XOM) Shares Sold by Banco Santander S.A.,urn:newsml:newsroom:20240721:nNRAtbb7ad:0,NS:DAILYQ,SAN.MC
2024-07-21 18:54:53.890,Palantir Technologies Inc. (NYSE:PLTR) Stake Reduced by Banco Santander S.A.,urn:newsml:newsroom:20240721:nNRAtbaxy5:0,NS:CERGEM,SAN.MC
2024-07-21 18:54:09.977,Banco Santander S.A. Cuts Position in Exxon Mobil Co. (NYSE:XOM) --,urn:link:webnews:20240721:nNRAtbb654:0,NS:WKRNEW,SAN.MC
2024-07-21 16:52:14.056,"4,911 Shares in Zimmer Biomet Holdings, Inc. (NYSE:ZBH) Bought by Banco Santander S.A.",urn:newsml:newsroom:20240721:nNRAtbalz8:0,NS:WATNEW,SAN.MC
2024-07-21 16:28:37.279,Banco Santander S.A. Grows Stock Position in Nucor Co. (NYSE:NUE) --,urn:link:webnews:20240721:nNRAtbagiw:0,NS:MARBEA,SAN.MC
2024-07-21 16:17:11.558,Haleon plc (NYSE:HLN) Shares Sold by Banco Santander S.A.,urn:newsml:newsroom:20240721:nNRAtbaen0:0,NS:WATNEW,SAN.MC
2024-07-21 15:52:07.359,"Banco Santander S.A. Makes New $618,000 Investment in Ovintiv Inc. (NYSE:OVV)",urn:newsml:newsroom:20240721:nNRAtbam1e:0,NS:DAILYQ,SAN.MC
2024-07-21 15:51:41.247,"Banco Santander S.A. Makes New $618,000 Investment in Ovintiv Inc. (NYSE:OVV) --",urn:link:webnews:20240721:nNRAtbalbn:0,NS:WKRNEW,SAN.MC
2024-07-21 15:25:39.170,Banco Santander S.A. Purchases 350 Shares of Texas Instruments Incorporated (NASDAQ:TXN) --,urn:link:webnews:20240721:nNRAtbagp5:0,NS:WKRNEW,SAN.MC
2024-07-21 15:23:07.990,"Banco Santander S.A. Decreases Position in Kinder Morgan, Inc. (NYSE:KMI) --",urn:link:webnews:20240721:nNRAtbaab8:0,NS:WKRNEW,SAN.MC
2024-07-21 15:22:04.238,Banco Santander S.A. Boosts Stock Holdings in Texas Instruments Incorporated (NASDAQ:TXN),urn:newsml:newsroom:20240721:nNRAtbahsm:0,NS:DAILYQ,SAN.MC
2024-07-21 15:22:04.216,Banco Santander S.A. Makes New Investment in Coterra Energy Inc. (NYSE:CTRA),urn:newsml:newsroom:20240721:nNRAtba8tz:0,NS:TRADAJ,SAN.MC
2024-07-21 15:12:03.721,Banco Santander S.A. Has $1.23 Million Position in Kimco Realty Corp (NYSE:KIM),urn:newsml:newsroom:20240721:nNRAtba8sr:0,NS:TRADAJ,SAN.MC
2024-07-21 14:52:15.603,"Banco Santander S.A. Has $1.06 Million Stake in F5, Inc. (NASDAQ:FFIV)",urn:newsml:newsroom:20240721:nNRAtba93l:0,NS:TRADAJ,SAN.MC
2024-07-21 14:37:14.424,"Laureate Education, Inc. (NASDAQ:LAUR) Shares Sold by Banco Santander S.A.",urn:newsml:newsroom:20240721:nNRAtbaayk:0,NS:TRADAJ,SAN.MC
2024-07-21 14:37:11.316,"Banco Santander S.A. Takes $937,000 Position in Phillips 66 (NYSE:PSX) --",urn:link:webnews:20240721:nNRAtba2cv:0,NS:MARBEA,SAN.MC
2024-07-21 14:37:10.981,Banco Santander S.A. Makes New Investment in Regency Centers Co. (NASDAQ:REG) --,urn:link:webnews:20240721:nNRAtba3df:0,NS:MARBEA,SAN.MC
2024-07-21 14:36:59.580,"Kinder Morgan, Inc. (NYSE:KMI) Shares Sold by Banco Santander S.A.",urn:newsml:newsroom:20240721:nNRAtba8ac:0,NS:DAILYQ,SAN.MC
2024-07-21 14:35:41.289,"Banco Santander S.A. Has $861,000 Stake in General Electric (NYSE:GE) --",urn:link:webnews:20240721:nNRAtba6tj:0,NS:WKRNEW,SAN.MC
2024-07-21 14:32:11.568,Banco Santander S.A. Trims Stake in ASML Holding (NASDAQ:ASML),urn:newsml:newsroom:20240721:nNRAtba9gx:0,NS:DAILYQ,SAN.MC
2024-07-21 14:31:42.959,The Kroger Co. (NYSE:KR) Stock Position Lifted by Banco Santander S.A.,urn:newsml:newsroom:20240721:nNRAtba315:0,NS:WATNEW,SAN.MC
2024-07-21 14:31:40.277,Banco Santander S.A. Sells 540 Shares of ASML Holding (NASDAQ:ASML) --,urn:link:webnews:20240721:nNRAtba2pr:0,NS:WKRNEW,SAN.MC
2024-07-21 14:31:35.492,"Banco Santander S.A. Takes $1.90 Million Position in Zscaler, Inc. (NASDAQ:ZS)",urn:newsml:newsroom:20240721:nNRAtba3tx:0,NS:TRADAJ,SAN.MC
2024-07-21 14:31:34.695,"Banco Santander S.A. Sells 3,560 Shares of MKS Instruments, Inc. (NASDAQ:MKSI)",urn:newsml:newsroom:20240721:nNRAtba9tt:0,NS:TRADAJ,SAN.MC
2024-07-21 14:28:37.528,"Banco Santander S.A. Buys 5,661 Shares of The Cigna Group (NYSE:CI) --",urn:link:webnews:20240721:nNRAtba90q:0,NS:MARBEA,SAN.MC
2024-07-21 14:27:37.560,Banco Santander S.A. Cuts Position in Exxon Mobil Co. (NYSE:XOM) --,urn:link:webnews:20240721:nNRAtba16w:0,NS:MARBEA,SAN.MC
2024-07-21 14:27:37.145,Banco Santander S.A. Increases Stake in Nucor Co. (NYSE:NUE) --,urn:link:webnews:20240721:nNRAtba4ks:0,NS:MARBEA,SAN.MC
2024-07-21 14:27:37.018,"Banco Santander S.A. Raises Stock Holdings in Lowe's Companies, Inc. (NYSE:LOW) --",urn:link:webnews:20240721:nNRAtba6e0:0,NS:MARBEA,SAN.MC
2024-07-21 14:27:36.972,Banco Santander S.A. Reduces Holdings in SAP SE (NYSE:SAP) --,urn:link:webnews:20240721:nNRAtba4kt:0,NS:MARBEA,SAN.MC
2024-07-21 14:27:36.655,"Banco Santander S.A. Acquires 72,993 Shares of Vale S.A. (NYSE:VALE) --",urn:link:webnews:20240721:nNRAtba9fp:0,NS:MARBEA,SAN.MC
2024-07-21 14:27:09.257,"Banco Santander S.A. Purchases 3,907 Shares of Accenture plc (NYSE:ACN) --",urn:link:webnews:20240721:nNRAtba6ds:0,NS:MARBEA,SAN.MC
2024-07-21 02:55:25.613,"Banco Santander S.A. Sells 6,180 Shares of Novartis AG (NYSE:NVS)",urn:newsml:newsroom:20240721:nNRAtb6t1z:0,NS:STOOBS,SAN.MC
2024-07-21 02:55:17.218,"Banco Santander S.A. Takes Position in Caesars Entertainment, Inc. (NASDAQ:CZR)",urn:newsml:newsroom:20240721:nNRAtb6w37:0,NS:MARDAJ,SAN.MC
2024-07-21 02:55:14.205,"Banco Santander S.A. Makes New $435,000 Investment in Analog Devices, Inc. (NASDAQ:ADI)",urn:newsml:newsroom:20240721:nNRAtb6vox:0,NS:STOOBS,SAN.MC
2024-07-21 02:55:12.313,"Banco Santander S.A. Takes $427,000 Position in Gartner, Inc. (NYSE:IT)",urn:newsml:newsroom:20240721:nNRAtb70h0:0,NS:STOOBS,SAN.MC
2024-07-21 02:55:06.495,"Banco Santander S.A. Invests $435,000 in Analog Devices, Inc. (NASDAQ:ADI)",urn:newsml:newsroom:20240721:nNRAtb6v9n:0,NS:MARDAJ,SAN.MC
2024-07-21 02:54:41.229,"Banco Santander S.A. Acquires 7,140 Shares of Alphabet Inc. (NASDAQ:GOOG)",urn:newsml:newsroom:20240721:nNRAtb6ztw:0,NS:STOOBS,SAN.MC
2024-07-21 02:54:18.877,Banco Santander S.A. Has $83.99 Million Stake in Alphabet Inc. (NASDAQ:GOOG),urn:newsml:newsroom:20240721:nNRAtb6zt1:0,NS:MARDAJ,SAN.MC
2024-07-21 02:54:17.834,"Banco Santander S.A. Purchases Shares of 5,758 Caesars Entertainment, Inc. (NASDAQ:CZR)",urn:newsml:newsroom:20240721:nNRAtb6xhw:0,NS:STOOBS,SAN.MC
2024-07-21 02:54:06.380,"Banco Santander S.A. Sells 1,850 Shares of Global X Video Games & Esports ETF (NASDAQ:HERO)",urn:newsml:newsroom:20240721:nNRAtb74ok:0,NS:MARDAJ,SAN.MC
2024-07-21 02:53:54.555,"Banco Santander S.A. Sells 1,850 Shares of Global X Video Games & Esports ETF (NASDAQ:HERO)",urn:newsml:newsroom:20240721:nNRAtb6zep:0,NS:STOOBS,SAN.MC
2024-07-21 02:24:50.929,"Banco Santander S.A. Has $364,000 Stock Holdings in NVR, Inc. (NYSE:NVR)",urn:newsml:newsroom:20240721:nNRAtb6p8h:0,NS:CERGEM,SAN.MC
2024-07-21 02:24:49.676,"Banco Santander S.A. Makes New $199,000 Investment in Cardlytics, Inc. (NASDAQ:CDLX)",urn:newsml:newsroom:20240721:nNRAtb6htw:0,NS:CERGEM,SAN.MC
2024-07-21 02:24:48.871,"Banco Santander S.A. Acquires 257 Shares of Ross Stores, Inc. (NASDAQ:ROST)",urn:newsml:newsroom:20240721:nNRAtb6l3h:0,NS:CERGEM,SAN.MC
2024-07-21 02:24:48.437,"Banco Santander S.A. Trims Stock Position in SS&C Technologies Holdings, Inc. (NASDAQ:SSNC)",urn:newsml:newsroom:20240721:nNRAtb6l3g:0,NS:CERGEM,SAN.MC
2024-07-21 02:24:38.592,Banco Santander S.A. Acquires New Holdings in Loews Co. (NYSE:L),urn:newsml:newsroom:20240721:nNRAtb6fvs:0,NS:CERGEM,SAN.MC
2024-07-21 02:24:27.880,"2,624 Shares in Canadian Pacific Kansas City Limited (NYSE:CP) Acquired by Banco Santander S.A.",urn:newsml:newsroom:20240721:nNRAtb6rjn:0,NS:CERGEM,SAN.MC
2024-07-21 02:24:17.600,"Banco Santander S.A. Sells 20,010 Shares of The Charles Schwab Co. (NYSE:SCHW)",urn:newsml:newsroom:20240721:nNRAtb6oid:0,NS:CERGEM,SAN.MC
2024-07-21 02:24:14.368,Banco Santander S.A. Has $6.25 Million Stock Holdings in S&P Global Inc. (NYSE:SPGI),urn:newsml:newsroom:20240721:nNRAtb6o54:0,NS:CERGEM,SAN.MC
2024-07-21 02:24:12.035,Aramark (NYSE:ARMK) Stock Holdings Decreased by Banco Santander S.A.,urn:newsml:newsroom:20240721:nNRAtb6o50:0,NS:CERGEM,SAN.MC
2024-07-21 00:02:10.712,Banco Santander S.A. Has $83.99 Million Stake in Alphabet Inc. (NASDAQ:GOOG),urn:newsml:newsroom:20240721:nNRAtb61zw:0,NS:TRADAJ,SAN.MC
2024-07-20 22:52:17.324,"Banco Santander S.A. Takes Position in Caesars Entertainment, Inc. (NASDAQ:CZR)",urn:newsml:newsroom:20240720:nNRAtb675o:0,NS:TRADAJ,SAN.MC
2024-07-20 22:52:09.147,Banco Santander S.A. Acquires New Holdings in Canadian Pacific Kansas City Limited (NYSE:CP),urn:newsml:newsroom:20240720:nNRAtb61gw:0,NS:WATNEW,SAN.MC
2024-07-20 22:50:33.147,The Estée Lauder Companies Inc. (NYSE:EL) Shares Sold by Banco Santander S.A. --,urn:link:webnews:20240720:nNRAtb66de:0,NS:MARBEA,SAN.MC
2024-07-20 22:42:06.541,"Medpace Holdings, Inc. (NASDAQ:MEDP) Holdings Decreased by Banco Santander S.A.",urn:newsml:newsroom:20240720:nNRAtb5tjy:0,NS:TRADAJ,SAN.MC
2024-07-20 22:41:55.370,"Banco Santander S.A. Has $334,000 Position in Booking Holdings Inc. (NASDAQ:BKNG)",urn:newsml:newsroom:20240720:nNRAtb5z5z:0,NS:DAILYQ,SAN.MC
2024-07-20 22:39:40.789,"Banco Santander S.A. Has $364,000 Stock Holdings in NVR, Inc. (NYSE:NVR) --",urn:link:webnews:20240720:nNRAtb5y0h:0,NS:MARBEA,SAN.MC
2024-07-20 22:39:07.859,Banco Santander S.A. Decreases Stake in First Trust Nasdaq Cybersecurity ETF (NASDAQ:CIBR) --,urn:link:webnews:20240720:nNRAtb5v1v:0,NS:WKRNEW,SAN.MC
2024-07-20 22:38:37.312,Banco Santander S.A. Acquires New Holdings in iShares Europe ETF (NYSEARCA:IEV) --,urn:link:webnews:20240720:nNRAtb60ns:0,NS:WKRNEW,SAN.MC
2024-07-20 22:38:08.710,"Banco Santander S.A. Makes New Investment in Simon Property Group, Inc. (NYSE:SPG) --",urn:link:webnews:20240720:nNRAtb5yg6:0,NS:WKRNEW,SAN.MC
2024-07-20 22:37:13.403,Banco Santander S.A. Decreases Position in FactSet Research Systems Inc. (NYSE:FDS),urn:newsml:newsroom:20240720:nNRAtb5yrj:0,NS:DAILYQ,SAN.MC
2024-07-20 22:37:12.415,"Banco Santander S.A. Lowers Position in American Financial Group, Inc. (NYSE:AFG)",urn:newsml:newsroom:20240720:nNRAtb63oc:0,NS:TRADAJ,SAN.MC
2024-07-20 22:37:10.066,"2,830 Shares in Simon Property Group, Inc. (NYSE:SPG) Acquired by Banco Santander S.A.",urn:newsml:newsroom:20240720:nNRAtb60cr:0,NS:DAILYQ,SAN.MC
2024-07-20 22:37:08.207,Banco Santander S.A. Takes Position in Illinois Tool Works Inc. (NYSE:ITW),urn:newsml:newsroom:20240720:nNRAtb64s3:0,NS:TRADAJ,SAN.MC
2024-07-20 22:37:07.718,"Banco Santander S.A. Acquires Shares of 4,265 Tenet Healthcare Co. (NYSE:THC)",urn:newsml:newsroom:20240720:nNRAtb5xlr:0,NS:TRADAJ,SAN.MC
2024-07-20 22:37:07.262,"10,029 Shares in HF Sinclair Co. (NYSE:DINO) Bought by Banco Santander S.A.",urn:newsml:newsroom:20240720:nNRAtb64s2:0,NS:TRADAJ,SAN.MC
2024-07-20 22:37:05.852,"4,800 Shares in PDD Holdings Inc. (NASDAQ:PDD) Purchased by Banco Santander S.A.",urn:newsml:newsroom:20240720:nNRAtb63o8:0,NS:WATNEW,SAN.MC
2024-07-20 22:37:05.214,"Banco Santander S.A. Has $442,000 Stock Holdings in Ross Stores, Inc. (NASDAQ:ROST)",urn:newsml:newsroom:20240720:nNRAtb625n:0,NS:WATNEW,SAN.MC
2024-07-20 22:37:04.404,Ingersoll Rand Inc. (NYSE:IR) Shares Sold by Banco Santander S.A.,urn:newsml:newsroom:20240720:nNRAtb5v1q:0,NS:WATNEW,SAN.MC
2024-07-20 22:36:41.084,Banco Santander S.A. Cuts Stake in Global Payments Inc. (NYSE:GPN),urn:newsml:newsroom:20240720:nNRAtb5yrf:0,NS:DAILYQ,SAN.MC
2024-07-20 22:36:37.788,"Banco Santander S.A. Sells 1,390 Shares of FactSet Research Systems Inc. (NYSE:FDS) --",urn:link:webnews:20240720:nNRAtb5wa1:0,NS:WKRNEW,SAN.MC
2024-07-20 22:34:42.299,"Banco Santander S.A. Has $600,000 Holdings in Global Payments Inc. (NYSE:GPN) --",urn:link:webnews:20240720:nNRAtb5yfs:0,NS:WKRNEW,SAN.MC
2024-07-20 22:34:39.719,"Banco Santander S.A. Has $475,000 Position in Western Midstream Partners, LP (NYSE:WES) --",urn:link:webnews:20240720:nNRAtb5wyb:0,NS:WKRNEW,SAN.MC
2024-07-20 22:34:38.908,"Banco Santander S.A. Sells 14,090 Shares of CBRE Group, Inc. (NYSE:CBRE) --",urn:link:webnews:20240720:nNRAtb61pe:0,NS:WKRNEW,SAN.MC
2024-07-20 22:34:09.187,"Banco Santander S.A. Sells 1,390 Shares of FactSet Research Systems Inc. (NYSE:FDS) --",urn:link:webnews:20240720:nNRAtb5t6y:0,NS:MARBEA,SAN.MC
2024-07-20 22:34:07.996,"Banco Santander S.A. Acquires Shares of 43,000 Sumitomo Mitsui Financial Group, Inc. (NYSE:SMFG) --",urn:link:webnews:20240720:nNRAtb5ubn:0,NS:MARBEA,SAN.MC
2024-07-20 22:32:04.766,Banco Santander S.A. Trims Holdings in Ecolab Inc. (NYSE:ECL),urn:newsml:newsroom:20240720:nNRAtb624z:0,NS:DAILYQ,SAN.MC
2024-07-20 22:30:09.211,Banco Santander S.A. Has $12.97 Million Holdings in Ecolab Inc. (NYSE:ECL) --,urn:link:webnews:20240720:nNRAtb5vvf:0,NS:WKRNEW,SAN.MC
2024-07-20 22:27:14.656,Banco Santander S.A. Reduces Position in American Tower Co. (NYSE:AMT),urn:newsml:newsroom:20240720:nNRAtb5wmq:0,NS:WATNEW,SAN.MC
2024-07-20 22:27:13.760,"Banco Santander S.A. Sells 28,831 Shares of Johnson & Johnson (NYSE:JNJ)",urn:newsml:newsroom:20240720:nNRAtb5z48:0,NS:WATNEW,SAN.MC
2024-07-20 22:27:12.925,"Banco Santander S.A. Sells 4,159 Shares of Palo Alto Networks, Inc. (NASDAQ:PANW)",urn:newsml:newsroom:20240720:nNRAtb5yez:0,NS:DAILYQ,SAN.MC
2024-07-20 22:27:11.885,"Banco Santander S.A. Cuts Holdings in Agilent Technologies, Inc. (NYSE:A)",urn:newsml:newsroom:20240720:nNRAtb5t65:0,NS:TRADAJ,SAN.MC
2024-07-20 22:27:10.480,Banco Santander S.A. Reduces Holdings in Intuit Inc. (NASDAQ:INTU),urn:newsml:newsroom:20240720:nNRAtb610l:0,NS:TRADAJ,SAN.MC
2024-07-20 22:26:52.542,"Banco Santander S.A. Sells 1,629 Shares of The Sherwin-Williams Company (NYSE:SHW)",urn:newsml:newsroom:20240720:nNRAtb60b3:0,NS:DAILYQ,SAN.MC
2024-07-20 22:24:08.660,Banco Santander S.A. Invests $6.04 Million in Parker-Hannifin Co. (NYSE:PH) --,urn:link:webnews:20240720:nNRAtb62vi:0,NS:MARBEA,SAN.MC
2024-07-20 22:24:08.316,Banco Santander S.A. Has $6.25 Million Stock Holdings in S&P Global Inc. (NYSE:SPGI) --,urn:link:webnews:20240720:nNRAtb61e3:0,NS:MARBEA,SAN.MC
2024-07-20 22:23:08.767,Banco Santander S.A. Cuts Stake in Incyte Co. (NASDAQ:INCY) --,urn:link:webnews:20240720:nNRAtb5v07:0,NS:MARBEA,SAN.MC
2024-07-20 22:22:38.275,Banco Santander S.A. Trims Stake in Vertex Pharmaceuticals Incorporated (NASDAQ:VRTX) --,urn:link:webnews:20240720:nNRAtb5yeu:0,NS:MARBEA,SAN.MC
2024-07-20 22:22:10.155,"Banco Santander S.A. Purchases 4,114 Shares of S&P Global Inc. (NYSE:SPGI)",urn:newsml:newsroom:20240720:nNRAtb5ti5:0,NS:WATNEW,SAN.MC
2024-07-20 22:22:07.952,"Banco Santander S.A. Purchases 4,564 Shares of Deere & Company (NYSE:DE)",urn:newsml:newsroom:20240720:nNRAtb61dq:0,NS:WATNEW,SAN.MC
2024-07-20 22:21:37.986,Banco Santander S.A. Invests $6.04 Million in Parker-Hannifin Co. (NYSE:PH),urn:newsml:newsroom:20240720:nNRAtb6244:0,NS:TRADAJ,SAN.MC
2024-07-20 22:20:37.793,Banco Santander S.A. Lowers Stake in Taiwan Semiconductor Manufacturing Company Limited (NYSE:TSM) --,urn:link:webnews:20240720:nNRAtb62v6:0,NS:WKRNEW,SAN.MC
2024-07-20 22:12:15.826,"Banco Santander S.A. Acquires 5,833 Shares of Valero Energy Co. (NYSE:VLO)",urn:newsml:newsroom:20240720:nNRAtb5wus:0,NS:WATNEW,SAN.MC
2024-07-20 22:12:15.133,"Banco Santander S.A. Has $11.37 Million Stock Position in T. Rowe Price Group, Inc. (NASDAQ:TROW)",urn:newsml:newsroom:20240720:nNRAtb5uys:0,NS:DAILYQ,SAN.MC
2024-07-20 22:12:14.061,Occidental Petroleum Co. (NYSE:OXY) Shares Acquired by Banco Santander S.A.,urn:newsml:newsroom:20240720:nNRAtb5z2w:0,NS:TRADAJ,SAN.MC
2024-07-20 22:12:13.781,Banco Santander S.A. Sells 509 Shares of Electronic Arts Inc. (NASDAQ:EA),urn:newsml:newsroom:20240720:nNRAtb60l4:0,NS:DAILYQ,SAN.MC
2024-07-20 22:12:13.031,"Micron Technology, Inc. (NASDAQ:MU) Shares Acquired by Banco Santander S.A.",urn:newsml:newsroom:20240720:nNRAtb5upz:0,NS:TRADAJ,SAN.MC
2024-07-20 22:12:12.613,"Banco Santander S.A. Sells 62,360 Shares of Archer-Daniels-Midland Company (NYSE:ADM)",urn:newsml:newsroom:20240720:nNRAtb5t4h:0,NS:DAILYQ,SAN.MC
2024-07-20 22:12:12.186,Banco Santander S.A. Purchases 982 Shares of Comcast Co. (NASDAQ:CMCSA),urn:newsml:newsroom:20240720:nNRAtb5upx:0,NS:TRADAJ,SAN.MC
2024-07-20 22:12:10.453,"Banco Santander S.A. Acquires 5,833 Shares of Valero Energy Co. (NYSE:VLO) --",urn:link:webnews:20240720:nNRAtb5zs9:0,NS:MARBEA,SAN.MC
2024-07-20 22:12:10.399,"Banco Santander S.A. Sells 4,975 Shares of ConocoPhillips (NYSE:COP)",urn:newsml:newsroom:20240720:nNRAtb5yo5:0,NS:TRADAJ,SAN.MC
2024-07-20 22:12:10.326,Banco Santander S.A. Has $11.18 Million Stake in Alibaba Group Holding Limited (NYSE:BABA) --,urn:link:webnews:20240720:nNRAtb5z2u:0,NS:MARBEA,SAN.MC
2024-07-20 22:11:42.660,"Banco Santander S.A. Sells 4,975 Shares of ConocoPhillips (NYSE:COP) --",urn:link:webnews:20240720:nNRAtb60yf:0,NS:MARBEA,SAN.MC
2024-07-20 22:11:42.384,"Banco Santander S.A. Sells 62,360 Shares of Archer-Daniels-Midland Company (NYSE:ADM) --",urn:link:webnews:20240720:nNRAtb5u92:0,NS:WKRNEW,SAN.MC
2024-07-20 22:11:23.697,"Banco Santander S.A. Has $9.63 Million Position in Reinsurance Group of America, Incorporated (NYSE:RGA)",urn:newsml:newsroom:20240720:nNRAtb5t4e:0,NS:WATNEW,SAN.MC
2024-07-20 22:11:08.820,Banco Santander S.A. Raises Position in Costco Wholesale Co. (NASDAQ:COST) --,urn:link:webnews:20240720:nNRAtb61c3:0,NS:MARBEA,SAN.MC
2024-07-20 22:10:10.721,"Banco Santander S.A. Grows Holdings in T. Rowe Price Group, Inc. (NASDAQ:TROW) --",urn:link:webnews:20240720:nNRAtb5r88:0,NS:WKRNEW,SAN.MC
2024-07-20 22:10:10.712,Banco Santander S.A. Raises Position in Costco Wholesale Co. (NASDAQ:COST) --,urn:link:webnews:20240720:nNRAtb5z2q:0,NS:WKRNEW,SAN.MC
2024-07-20 21:57:38.700,"Banco Santander S.A. Invests $12.94 Million in Rockwell Automation, Inc. (NYSE:ROK) --",urn:link:webnews:20240720:nNRAtb5xvh:0,NS:MARBEA,SAN.MC
2024-07-20 21:57:11.689,Camden Property Trust (NYSE:CPT) Shares Sold by Banco Santander S.A.,urn:newsml:newsroom:20240720:nNRAtb5xve:0,NS:WATNEW,SAN.MC
2024-07-20 21:57:08.432,"Banco Santander S.A. Purchases 57,457 Shares of Marsh & McLennan Companies, Inc. (NYSE:MMC)",urn:newsml:newsroom:20240720:nNRAtb5ybm:0,NS:TRADAJ,SAN.MC
2024-07-20 21:56:51.638,"Banco Santander S.A. Purchases New Stake in Gilead Sciences, Inc. (NASDAQ:GILD)",urn:newsml:newsroom:20240720:nNRAtb61ax:0,NS:DAILYQ,SAN.MC
2024-07-20 21:56:39.952,"Banco Santander S.A. Sells 1,629 Shares of The Sherwin-Williams Company (NYSE:SHW) --",urn:link:webnews:20240720:nNRAtb5o51:0,NS:MARBEA,SAN.MC
2024-07-20 21:56:11.398,"Banco Santander S.A. Acquires New Shares in Gilead Sciences, Inc. (NASDAQ:GILD) --",urn:link:webnews:20240720:nNRAtb5tw6:0,NS:WKRNEW,SAN.MC
2024-07-20 14:14:11.371,"US Bancorp DE Has $2.09 Million Position in Banco Santander, S.A. (NYSE:SAN) --",urn:link:webnews:20240720:nNRAtb4csj:0,NS:ETFDAI,SAN.MC
2024-07-20 04:27:25.416,Weekly: Banco Santander (SAN: EUR4.43) shares post worst week in five weeks; -8c [1.8%],urn:newsml:newsroom:20240720:nNRAtb1fjo:0,NS:GLOWEE,SAN.MC
2024-07-19 16:23:07.888,Weekly: Banco Santander (SAN: EUR4.43) shares post worst week in five weeks; -8c [1.8%],urn:newsml:newsroom:20240719:nNRAtavb5a:0,NS:GLOWEE,SAN.MC
2024-07-19 16:17:40.021,Banco Santander (SAN: EUR4.43) drops 1.3% on firm volume; -6c [1.3%] Vol Index 1.4 [1 is avg],urn:newsml:newsroom:20240719:nNRAtav2qz:0,NS:GLOSTO,SAN.MC
2024-07-19 10:37:11.940,Quarterly Report Analysis Q1 2024: Banco Santander reports Net Profit of EUR3.1b ($3.4b) Corporate Wire Date: 25 June 2024 10:48 CEST Release Date:...,urn:newsml:newsroom:20240719:nNRAtaoy7r:0,NS:GLOUPF,SAN.MC
2024-07-18 16:17:32.392,Banco Santander (SAN: EUR4.49) offers earnings yield of 14.6%; +2c [0.4%],urn:newsml:newsroom:20240718:nNRAtaf3mg:0,NS:GLOSTO,SAN.MC
2024-07-17 20:12:01.383,Want a Tesla? Santander finances $1 billion pesos to buy electric cars in Mexico,urn:newsml:newsroom:20240717:nNRAta3sky:0,NS:NOTENG,SAN.MC
2024-07-17 16:17:15.799,Banco Santander (SAN: EUR4.47) offers dividend yield of 4%; +3c [0.7%],urn:newsml:newsroom:20240717:nNRAta1mgh:0,NS:GLOSTO,SAN.MC
2024-07-17 15:51:15.822,Fitch Affirms Santander BP at 'BBB+'; Outlook Stable,urn:newsml:reuters.com:20240717:nFIT3VssZh:1,NS:FCH,SAN.MC
2024-07-17 14:17:04.480,General Motors First Quarter 13F Filing: Banco Santander decreases its shareholding by 24.7%,urn:newsml:newsroom:20240717:nNRAt9znd5:0,NS:NEWWIR,SAN.MC
2024-07-17 10:07:03.233,REG - Banco Santander S.A. - Notice of First Half 2024 Results,urn:newsml:newsroom:20240717:nRSQ7819Wa:0,NS:LSE,SAN.MC
2024-07-17 10:06:37.000,REG - Banco Santander S.A.  - Notice of First Half 2024 Results,urn:newsml:reuters.com:20240717:nRSQ7819Wa:1,NS:LSE,SAN.MC
2024-07-17 07:08:43.000,Banco Santander SA - 10 years Fixed rate Senior Non Preferred 07/34 SUBSAN-233,urn:newsml:reuters.com:20240717:nNDL74vCp2:1,NS:PUBT,SAN.MC
2024-07-17 07:08:35.000,Banco Santander SA - 10 years Fixed rate Senior Non Preferred 07/34 SUBSAN-234,urn:newsml:reuters.com:20240717:nNDL1kZ5mF:1,NS:PUBT,SAN.MC
2024-07-17 07:07:12.000,BUZZ-Spanish Banks to see supportive NII dynamics in Q2 - Jefferies,urn:newsml:reuters.com:20240717:nL8N3J90AZ:1,NS:RTRS,SAN.MC
2024-07-17 06:49:28.869,Banco Santander (SAN) Set to Announce Earnings on Wednesday --,urn:link:webnews:20240717:nNRAt9uabt:0,NS:MARBEA,SAN.MC
2024-07-17 06:47:33.039,Banco Santander (SAN) Set to Announce Earnings on Wednesday,urn:newsml:newsroom:20240717:nNRAt9u1mf:0,NS:ZOLCOM,SAN.MC
2024-07-17 00:00:00.000,Santander granted more than $1 billion pesos in loans for Tesla cars in Mexico,urn:newsml:newsroom:20240718:nNRAta6yuj:0,NS:NOTENG,SAN.MC
2024-07-16 17:12:53.347,Oitante made a profit of 31.5 million euros in 2023 and will give 16 million euros to the Resolution Fund,urn:newsml:newsroom:20240716:nNRAt9ocmd:0,NS:NOTENG,SAN.MC
2024-07-16 16:17:35.212,Banco Santander (SAN: EUR4.44) offers dividend yield of 4.1%; -1c [0.2%],urn:newsml:newsroom:20240716:nNRAt9n4hq:0,NS:GLOSTO,SAN.MC
2024-07-16 13:04:29.000,Santander UK plc - Issuer Document,urn:newsml:reuters.com:20240716:nNDL7bZJKX:1,NS:PUBT,SAN.MC
2024-07-16 13:04:11.000,Santander UK plc - Issuer Document,urn:newsml:reuters.com:20240716:nNDL6bYMRC:1,NS:PUBT,SAN.MC
2024-07-16 12:21:25.000,Banco Santander SA - 10 years FIXED rate Senior Preferred Estructurado 07/34 SPE 030,urn:newsml:reuters.com:20240716:nNDL4fbTxJ:1,NS:PUBT,SAN.MC
2024-07-16 09:08:44.200,How Banco Santander's Tax Rate compares to Its Peers,urn:newsml:newsroom:20240716:nNRAt9hmec:0,NS:GLOSTO,SAN.MC
2024-07-15 16:37:14.000,Banco Santander SA - 7 years FLOATING rate Senior Preferred 07/28 SP-232,urn:newsml:reuters.com:20240715:nNDL20SMSK:1,NS:PUBT,SAN.MC
2024-07-15 16:37:06.000,Banco Santander SA - 4 years FLOATING rate Senior Preferred 07/28 SP-229,urn:newsml:reuters.com:20240715:nNDLSGMnL:1,NS:PUBT,SAN.MC
2024-07-15 16:36:57.000,Banco Santander SA - 4 years FIXED rate Senior Preferred 07/28 SP-230,urn:newsml:reuters.com:20240715:nNDL5gXwyq:1,NS:PUBT,SAN.MC
2024-07-15 16:17:10.578,Banco Santander (SAN: EUR4.45) offers dividend yield of 4.1%; -6c [1.3%],urn:newsml:newsroom:20240715:nNRAt97oe7:0,NS:GLOSTO,SAN.MC
2024-07-14 15:05:08.121,"Oppenheimer Asset Management Inc. Trims Stake in Banco Santander, S.A. (NYSE:SAN) --",urn:link:webnews:20240714:nNRAt8xddi:0,NS:WKRNEW,SAN.MC
2024-07-13 12:12:15.295,"Leuthold Group LLC Sells 3,235 Shares of Banco Santander, S.A. (NYSE:SAN)",urn:newsml:newsroom:20240713:nNRAt8qojf:0,NS:TICREP,SAN.MC
2024-07-13 04:22:08.233,"Weekly: Banco Santander (SAN: EUR4.51) rises for a second consecutive week, a two-week rise of 4.2%; +6c [1.3%]",urn:newsml:newsroom:20240713:nNRAt8o26u:0,NS:GLOWEE,SAN.MC
2024-07-12 16:22:45.403,"Weekly: Banco Santander (SAN: EUR4.51) rises for a second consecutive week, a two-week rise of 4.2%; +6c [1.3%]",urn:newsml:newsroom:20240712:nNRAt8hukj:0,NS:GLOWEE,SAN.MC
2024-07-12 16:17:22.166,Banco Santander (SAN: EUR4.51) offers earnings yield of 14.5%; +5c [1.1%],urn:newsml:newsroom:20240712:nNRAt8ia6n:0,NS:GLOSTO,SAN.MC
2024-07-12 08:55:11.266,"Short Interest in Banco Santander, S.A. (OTCMKTS:BCDRF) Expands By 262.8% --",urn:link:webnews:20240712:nNRAt8av7q:0,NS:WKRNEW,SAN.MC
2024-07-11 16:30:07.624,Second Quarter 2024 Analyst and Investor Webcast / Conference Call,urn:newsml:newsroom:20240711:nVMN0GM2Na:0,NS:CMNW,SAN.MC
2024-07-11 16:17:33.358,Banco Santander (SAN: EUR4.46) in bottom 2% performers of IBEX 35 Index; -4c [0.9%],urn:newsml:newsroom:20240711:nNRAt83op4:0,NS:GLOSTO,SAN.MC
2024-07-11 15:20:52.000,BRIEF-Portugal's Competition Watchdog Does Not Oppose Merger Between BBVA And Sabadell,urn:newsml:reuters.com:20240711:nL8N3J31GU:1,NS:RTRS,SAN.MC
2024-07-11 13:38:51.052,Banco Santander Chile: Announces Second Quarter 2024 Analyst and Investor Webcast / Conference Call,urn:newsml:reuters.com:20240711:nGNXbDFQTt:1,NS:GNW,SAN.MC
2024-07-11 09:07:29.954,"Norden Group LLC Acquires Shares of 10,755 Banco Santander, S.A. (NYSE:SAN)",urn:newsml:newsroom:20240711:nNRAt7wxcg:0,NS:ZOLCOM,SAN.MC
2024-07-10 22:37:23.000,Banco Santander-Chile - Resumen Mensual Financiero Junio 2024,urn:newsml:reuters.com:20240710:nNDL75WBgg:1,NS:PUBT,SAN.MC
2024-07-10 17:32:10.631,German trading: Banco Santander (BSD2: EUR4.48) climbs 2.1% strengthening above moving average price; +9c [2.1%],urn:newsml:newsroom:20240710:nNRAt7ocvh:0,NS:GERCOM,SAN.MC
2024-07-10 16:17:16.274,Banco Santander (SAN: EUR4.50) climbs 2.7% strengthening above moving average price; +12c [2.7%],urn:newsml:newsroom:20240710:nNRAt7nqqb:0,NS:GLOSTO,SAN.MC
2024-07-10 11:12:29.975,Banco Santander to reach profits of 3.3 billion in the quarter,urn:newsml:newsroom:20240710:nNRAt7jwz9:0,NS:NOTENG,SAN.MC
2024-07-10 08:13:09.214,Banco Santander prints A$600 million 10NC5 tier-two notes --,urn:link:webnews:20240710:nNRAt7fy1j:0,NS:KANAUS,SAN.MC
2024-07-09 16:17:11.539,Banco Santander (SAN: EUR4.38) offers dividend yield of 4.1%; -7c [1.6%],urn:newsml:newsroom:20240709:nNRAt786ut:0,NS:GLOSTO,SAN.MC
2024-07-09 09:07:49.683,How Banco Santander's Tax Rate compares to Its Peers,urn:newsml:newsroom:20240709:nNRAt72l70:0,NS:GLOSTO,SAN.MC
2024-07-08 17:32:05.997,German trading: Banco Santander (BSD2: EUR4.46) in 2nd consecutive rise; +4c [0.9%] Vol Index 1.8 [1 is avg],urn:newsml:newsroom:20240708:nNRAt6vhhr:0,NS:GERCOM,SAN.MC
2024-07-08 00:00:00.000,The legal dispute between Banco Santander and the owner of the Arsmate platform over the closure of its accountsExclusive subscriber,urn:newsml:newsroom:20240709:nNRAt6zh9d:0,NS:NOTENG,SAN.MC
2024-07-06 04:22:44.963,Weekly: Banco Santander (SAN: EUR4.45) lifts 2.8% on thin volume; +12c [2.8%],urn:newsml:newsroom:20240706:nNRAt6acp3:0,NS:GLOWEE,SAN.MC
2024-07-05 17:42:02.848,"German trading: Banco Santander (BSD2: EUR4.45) increases, 2 days' volume in a day; +3c [0.7%] Vol Index 1.9 [1 is avg]",urn:newsml:newsroom:20240705:nNRAt66kmx:0,NS:GERCOM,SAN.MC
2024-07-05 16:22:41.712,Weekly: Banco Santander (SAN: EUR4.45) lifts 2.8% on thin volume; +12c [2.8%],urn:newsml:newsroom:20240705:nNRAt65vu2:0,NS:GLOWEE,SAN.MC
2024-07-05 16:17:25.783,"Banco Santander (SAN: EUR4.45) loses EUR1 billion ($1 billion) (1.3%) in MCap, steepest heavyweight fall in IBEX 35 Index; -6c [1.3%]",urn:newsml:newsroom:20240705:nNRAt65w9y:0,NS:GLOSTO,SAN.MC
2024-07-05 11:43:13.109,"First Trust Direct Indexing L.P. Grows Position in Banco Santander, S.A. (NYSE:SAN) --",urn:link:webnews:20240705:nNRAt62evm:0,NS:ETFDAI,SAN.MC
2024-07-04 17:26:39.936,"German trading: Banco Santander (BSD2: EUR4.42) decreases, 2 days' volume in a day; -1c [0.2%] Vol Index 2.1 [1 is avg]",urn:newsml:newsroom:20240704:nNRAt5tifd:0,NS:GERCOM,SAN.MC
2024-07-04 16:17:03.162,Banco Santander (SAN: EUR4.51) in 2nd consecutive rise; +19c [4.4%],urn:newsml:newsroom:20240704:nNRAt5rv9c:0,NS:GLOSTO,SAN.MC
2024-07-03 17:32:19.526,German trading: Banco Santander (BSD2: EUR4.43) climbs 2.3% strengthening above moving average price; +10c [2.3%] Vol Index 1.7 [1 is avg],urn:newsml:newsroom:20240703:nNRAt5fbxl:0,NS:GERCOM,SAN.MC
2024-07-03 17:31:20.000,UPDATE 2-French voucher firm Pluxee raises full-year guidance again,urn:newsml:reuters.com:20240703:nL1N3IV0QQ:4,NS:RTRS,SAN.MC
2024-07-03 16:54:07.000,Electric car charging point firm Zunder secures 225 mln euro Santander loan,urn:newsml:reuters.com:20240703:nL8N3IV1BS:3,NS:RTRS,SAN.MC
2024-07-03 16:17:15.644,Banco Santander (SAN: EUR4.42) offers dividend yield of 4.1%; +10c [2.3%],urn:newsml:newsroom:20240703:nNRAt5ef37:0,NS:GLOSTO,SAN.MC
2024-07-03 16:02:13.357,Pluxee N.V.: Pluxee delivers strong growth in Q3 and upgrades Fiscal 2024 organic revenue growth objective --,urn:link:webnews:20240703:nNRAt5ej60:0,NS:FINDEH,SAN.MC
2024-07-03 15:59:17.157,Pluxee delivers strong growth in Q3 and upgrades Fiscal 2024 organic revenue growth objective --,urn:link:webnews:20240703:nNRAt5edgu:0,NS:YAHNEX,SAN.MC
2024-07-03 15:53:18.269,Pluxee delivers strong growth in Q3 and upgrades Fiscal 2024 organic revenue growth objective --,urn:link:webnews:20240703:nNRAt5eqs4:0,NS:FINSWI,SAN.MC
2024-07-02 17:27:11.414,"German trading: Banco Santander (BSD2: EUR4.33) loses EUR2 billion ($2 billion) (2.5%) in MCap, steepest heavyweight fall in Bank sector; -11c [2.5...",urn:newsml:newsroom:20240702:nNRAt52mjx:0,NS:GERCOM,SAN.MC
2024-07-02 16:17:14.729,Banco Santander (SAN: EUR4.32) offers earnings yield of 15.1%; -13c [2.9%],urn:newsml:newsroom:20240702:nNRAt51jpg:0,NS:GLOSTO,SAN.MC
2024-07-02 14:49:30.519,Monthly: Santander Bank Polska (SPL: PLN541.20) shares post best month in four months,urn:newsml:newsroom:20240702:nNRAt512uj:0,NS:GLOSTP,SAN.MC
2024-07-02 14:44:02.766,Monthly: Banco Santander (SAN: EUR4.33) plunges 10% on firm volume in June 2024,urn:newsml:newsroom:20240702:nNRAt50s6y:0,NS:GLOSTP,SAN.MC
2024-07-02 12:10:26.000,Banco Santander-Chile - Solange Berstein Jáuregui Form 6 K,urn:newsml:reuters.com:20240702:nNDL2FLcht:1,NS:PUBT,SAN.MC
2024-07-02 09:07:49.391,How Banco Santander's Tax Rate compares to Its Peers,urn:newsml:newsroom:20240702:nNRAt4wuuu:0,NS:GLOSTO,SAN.MC
2024-07-01 17:52:30.945,Banco Santander (SAN: EUR4.45) climbs 2.8% strengthening above moving average price; +12c [2.8%],urn:newsml:newsroom:20240701:nNRAt4mjxj:0,NS:GLOSTO,SAN.MC
2024-07-01 16:25:09.180,"Did Banco Santander, S.A. (SAN) Perform Well in Q1? --",urn:link:webnews:20240701:nNRAt4n0r8:0,NS:YAHNEX,SAN.MC
2024-07-01 16:09:30.752,"Did Banco Santander, S.A. (SAN) Perform Well in Q1? --",urn:link:webnews:20240701:nNRAt4mp1m:0,NS:YAHUKI,SAN.MC
2024-07-01 16:09:11.714,"Did Banco Santander, S.A. (SAN) Perform Well in Q1? --",urn:link:webnews:20240701:nNRAt4mif4:0,NS:INSMON,SAN.MC
2024-07-01 10:36:33.277,"FY2023 Annual Report: Banco Santander EPS Growth slows to 20% Corporate Wire Date: 25 June 2024 10:34 CEST Release Date: May 22, 2024",urn:newsml:newsroom:20240701:nNRAt4hvuk:0,NS:GLOUPF,SAN.MC
2024-07-01 07:17:18.715,Monthly: Santander Bank Polska (SPL: PLN541.20) shares post best month in four months,urn:newsml:newsroom:20240701:nNRAt4fqnb:0,NS:GLOSTO,SAN.MC
2024-07-01 07:12:40.561,"Santander Bank Polska Compendium - A Snapshot as of June 30, 2024",urn:newsml:newsroom:20240701:nNRAt4fn4v:0,NS:GLOSTO,SAN.MC
2024-07-01 06:53:18.720,Monthly: Banco Santander (SAN: EUR4.33) slides 10% on firm volume in June 2024,urn:newsml:newsroom:20240701:nNRAt4fezd:0,NS:GLOSTO,SAN.MC
2024-07-01 06:53:15.858,"Banco Santander Compendium - A Snapshot as of June 30, 2024",urn:newsml:newsroom:20240701:nNRAt4f67w:0,NS:GLOSTO,SAN.MC
2024-07-01 00:18:48.785,Can Banco Santander rebound after recent dip?,urn:newsml:newsroom:20240701:nNRAt4cnw2:0,NS:GLOSTO,SAN.MC
2024-06-30 00:13:06.962,"Banco Santander, S.A. (SAN): Did This NYSE Penny Stock Exceed Expectations in Q1? --",urn:link:webnews:20240630:nNRAt47aku:0,NS:YAHNEX,SAN.MC
2024-06-30 00:00:37.920,"Banco Santander, S.A. (SAN): Did This NYSE Penny Stock Exceed Expectations in Q1? --",urn:link:webnews:20240630:nNRAt482ff:0,NS:INSMON,SAN.MC
2024-06-29 04:27:32.180,Weekly: Banco Santander (SAN: EUR4.33) keeps sliding: down 10% in 4 weeks; -1c [0.2%],urn:newsml:newsroom:20240629:nNRAt41i8g:0,NS:GLOWEE,SAN.MC
2024-06-28 22:27:12.115,Monthly: Santander Bank Polska (SPL: PLN541.20) shares post best month in four months,urn:newsml:newsroom:20240628:nNRAt3zc7a:0,NS:GLOSTP,SAN.MC
2024-06-28 21:11:56.344,Santander Holdings USA announces 2024 stress capital buffer,urn:newsml:newsroom:20240628:nNRAt3yk28:0,NS:SEECOM,SAN.MC
2024-06-28 20:45:00.062,"Santander Holdings USA, Inc. Announces 2024 Stress Capital Buffer",urn:newsml:reuters.com:20240628:nBw9pZ2zpa:1,NS:BSW,SAN.MC
2024-06-28 16:37:44.332,End-of-Quarter Synopsis Monthly : Banco Santander (SAN: EUR4.33) slides 10% on firm volume in June 2024,urn:newsml:newsroom:20240628:nNRAt3tzmx:0,NS:GLOSTO,SAN.MC
2024-06-28 16:27:31.302,Monthly: Banco Santander (SAN: EUR4.33) plunges 10% on firm volume in June 2024,urn:newsml:newsroom:20240628:nNRAt3ucxi:0,NS:GLOSTP,SAN.MC
2024-06-28 16:22:37.466,Weekly: Banco Santander (SAN: EUR4.33) keeps sliding: down 10% in 4 weeks; -1c [0.2%],urn:newsml:newsroom:20240628:nNRAt3udlb:0,NS:GLOWEE,SAN.MC
2024-06-28 16:17:25.014,Banco Santander (SAN: EUR4.33) price 4.1% below VWAP; -1c [0.2%],urn:newsml:newsroom:20240628:nNRAt3teij:0,NS:GLOSTO,SAN.MC
2024-06-28 12:53:14.138,Santander BP estimates Q1 additional legal risk costs at PLN 1.11 bln,urn:newsml:reuters.com:20240628:nNRAt3qjxw:1,NS:PAPINS,SAN.MC
2024-06-28 12:03:07.843,BRIEF-Santander BP Sees Q2 Pre-Tax Profit Lowered By 1.11 Bln Zlotys Due To FX Loans Legal Risk Costs,urn:newsml:reuters.com:20240628:nRSDb59Gs3:1,NS:SIGDEV,SAN.MC
2024-06-27 02:33:26.668,Spain : EIB Group and Banco Santander to unlock ?1.2 billion in new financing to back small businesses and mid-caps,urn:newsml:reuters.com:20240627:nNRAt34sun:1,NS:ECLPCM,SAN.MC
2024-06-27 02:31:56.533,Spain : EIB Group and Banco Santander to unlock ?1.2 billion in new financing to back small businesses and mid-caps,urn:newsml:reuters.com:20240627:nNRAt34zb3:1,NS:ECLBFI,SAN.MC
2024-06-26 20:18:23.000,Banco Santander-Chile - Solange Berstein Jáuregui Form 6 K,urn:newsml:reuters.com:20240626:nNDL6ChNh3:1,NS:PUBT,SAN.MC
2024-06-26 16:17:24.997,Banco Santander (SAN: EUR4.34) offers earnings yield of 15%; -4c [0.9%],urn:newsml:newsroom:20240626:nNRAt2zu5q:0,NS:GLOSTO,SAN.MC
2024-06-26 13:43:09.000,Holmes Master Issuer plc - Annual report,urn:newsml:reuters.com:20240626:nNDL7fjvYS:1,NS:PUBT,SAN.MC
2024-06-26 13:19:35.055,REG - Holmes Master Issuer - Annual Financial Report,urn:newsml:newsroom:20240626:nRSZ0118Ua:0,NS:LSE,SAN.MC
2024-06-26 13:19:29.000,REG - Holmes Master Issuer  - Annual Financial Report,urn:newsml:reuters.com:20240626:nRSZ0118Ua:1,NS:LSE,SAN.MC
2024-06-26 06:41:00.000,Spanish stocks - Factors to watch on June 26,urn:newsml:reuters.com:20240626:nL8N3IO04C:1,NS:RTRS,SAN.MC
2024-06-25 21:41:06.402,Tourism rebound prompts Santander to sell hotel loans,urn:newsml:newsroom:20240625:nNRAt2ol08:0,NS:CENAFT,SAN.MC
2024-06-25 17:49:02.526,Poland's GDP to grow 3.5 pct in 2025: economists,urn:newsml:reuters.com:20240625:nNRAt2m72h:1,NS:XINHUN,SAN.MC
2024-06-25 14:59:07.701,Santander Sells Hotel Loans to Take Advantage of Tourism Rebound --,urn:link:webnews:20240625:nNRAt2ivj4:0,NS:YAHNEX,SAN.MC
2024-06-25 10:32:22.742,"FY2023 Annual Report: Banco Santander EPS Growth slows to 20% Corporate Wire Date: 25 June 2024 10:34 CEST Release Date: May 22, 2024",urn:newsml:newsroom:20240625:nNRAt2er6k:0,NS:GLOUPF,SAN.MC
2024-06-25 10:32:21.123,Quarterly Report Analysis Q1 2024: Banco Santander reports Net Profit of EUR3.1b ($3.4b) Corporate Wire Date: 25 June 2024 10:48 CEST Release Date:...,urn:newsml:newsroom:20240625:nNRAt2ewxu:0,NS:GLOUPF,SAN.MC
2024-06-25 09:07:52.793,How Banco Santander's Tax Rate compares to Its Peers,urn:newsml:newsroom:20240625:nNRAt2ez4e:0,NS:GLOSTO,SAN.MC
2024-06-25 08:52:10.609,"Quarterly Report Analysis Q1 2024: Banco Santander reports Net Profit of EUR3.1b ($3.4b) Tuesday June 25, 2024 10:48 CEST",urn:newsml:newsroom:20240625:nNRAt2djci:0,NS:NEWWIR,SAN.MC
2024-06-24 17:32:05.892,German trading: Banco Santander (BSD2: EUR4.41) lifts 1.6% strengthening above moving average price; +7c [1.6%],urn:newsml:newsroom:20240624:nNRAt271zi:0,NS:GERCOM,SAN.MC
2024-06-24 15:37:19.274,Banco Santander ADR (SAN US: $4.68) offers 12th lowest Price Earnings growth of 0.36 in the BNY Mellon Composite ADR Index; -23c [-4.7%],urn:newsml:newsroom:20240624:nNRAt25bkb:0,NS:GLOROU,SAN.MC
2024-06-24 15:15:32.976,Should Value Investors Buy Banco Santander (SAN) Stock? --,urn:link:webnews:20240624:nNRAt24pfw:0,NS:YAHNEX,SAN.MC
2024-06-24 14:51:54.136,How Banco Santander's Tax Rate compares to Its Peers,urn:newsml:newsroom:20240624:nNRAt25efd:0,NS:GLOROU,SAN.MC
2024-06-24 13:06:55.000,Banco Santander SA - Q1’24 ESG presentation,urn:newsml:reuters.com:20240624:nNDL92QXjX:1,NS:PUBT,SAN.MC
2024-06-24 10:38:44.712,"Wedmont Private Capital Acquires 6,769 Shares of Banco Santander, S.A. (NYSE:SAN)",urn:newsml:newsroom:20240624:nNRAt21ey6:0,NS:AMEBAN,SAN.MC
2024-06-24 09:28:58.184,"Cwm LLC Raises Holdings in Banco Santander, S.A. (NYSE:SAN) --",urn:link:webnews:20240624:nNRAt21qs5:0,NS:ETFDAI,SAN.MC
2024-06-24 07:40:59.000,RPT-ANALYSIS-Consumer-focused lending under Labour could dent UK bank profits,urn:newsml:reuters.com:20240624:nL1N3IM08O:1,NS:RTRS,SAN.MC
2024-06-23 06:09:26.236,Banco Santander (NYSE:SAN) Shares Gap Down to $4.72,urn:newsml:newsroom:20240623:nNRAt1tfbt:0,NS:TICREP,SAN.MC
2024-06-21 15:37:20.886,Banco Santander ADR (SAN US: $4.60) offers 11th lowest Price Earnings growth of 0.35 in the BNY Mellon Composite ADR Index; -31c [-6.3%] Vol Index ...,urn:newsml:newsroom:20240621:nNRAt1dvnr:0,NS:GLOROU,SAN.MC
2024-06-21 12:35:36.545,Banco Santander Nears Deal To Provide Consumer Loans For Amazon Shoppers In Europe: Report --,urn:link:webnews:20240621:nNRAt1bjh4:0,NS:FINGEV,SAN.MC
2024-06-21 09:55:24.386,"PNC Financial Services Group Inc. Sells 1,329,555 Shares of Banco Santander, S.A. (NYSE:SAN)",urn:newsml:newsroom:20240621:nNRAt195nj:0,NS:ZOLCOM,SAN.MC
2024-06-21 06:32:19.000,"Santander nears EU consumer financing deal with Amazon, Bloomberg News reports",urn:newsml:reuters.com:20240621:nL4N3IJ0G4:1,NS:RTRS,SAN.MC
2024-06-21 05:00:00.000,ANALYSIS-Consumer-focused lending under Labour could dent UK bank profits,urn:newsml:reuters.com:20240621:nL8N3IG05R:3,NS:RTRS,SAN.MC
2024-06-20 19:35:23.504,Banco Santander (Brasil) (NYSE:BSBR) Hits New 1-Year Low at $4.90 --,urn:link:webnews:20240620:nNRAt0zkz9:0,NS:MARBEA,SAN.MC
2024-06-20 16:29:16.000,UPDATE 4-Spanish court wants BBVA and former chairman to face trial in spying case,urn:newsml:reuters.com:20240620:nL8N3II0Y7:2,NS:RTRS,SAN.MC
2024-06-20 16:08:56.000,UPDATE 1-Fnality to seek Bank of England permission for intraday repo settlement,urn:newsml:reuters.com:20240620:nL1N3II0PV:1,NS:RTRS,SAN.MC
2024-06-20 15:37:31.573,Banco Santander ADR (SAN US: $4.71) offers 12th lowest Price Earnings growth of 0.36 in the BNY Mellon Composite ADR Index; -20c [-4.1%],urn:newsml:newsroom:20240620:nNRAt0xaok:0,NS:GLOROU,SAN.MC
2024-06-19 17:22:00.890,German trading: Banco Santander (BSD2: EUR4.44) decreases on firm volume; -2c [0.4%] Vol Index 1.4 [1 is avg],urn:newsml:newsroom:20240619:nNRAt0j6d5:0,NS:GERCOM,SAN.MC
2024-06-19 15:09:41.000,Fosse Master Issuer plc - Annual Report and Financial Statements,urn:newsml:reuters.com:20240619:nNDL8gLZpM:1,NS:PUBT,SAN.MC
2024-06-19 15:04:20.000,"Portuguese banking consolidation likely soon, says central bank governor",urn:newsml:reuters.com:20240619:nL8N3IH0RR:3,NS:RTRS,SAN.MC
2024-06-19 11:36:56.000,Holmes Master Issuer plc - Supplemental Prospectus,urn:newsml:reuters.com:20240619:nNDL2s2DWG:1,NS:PUBT,SAN.MC
2024-06-18 15:37:18.118,Banco Santander ADR (SAN US: $4.75) offers 12th lowest Price Earnings growth of 0.36 in the BNY Mellon Composite ADR Index; -16c [-3.3%],urn:newsml:newsroom:20240618:nNRAt04u1h:0,NS:GLOROU,SAN.MC
2024-06-18 08:00:00.000,Fnality seeks Bank of England permission for intraday repo settlement,urn:newsml:reuters.com:20240618:nL8N3IC0DB:6,NS:RTRS,SAN.MC
2024-06-17 21:30:00.000,UK's Labour pledges to plug gaps left by bank branch closures,urn:newsml:reuters.com:20240617:nL8N3IF0NM:2,NS:RTRS,SAN.MC
2024-06-17 18:37:37.482,Banco Santander (SAN) Upgraded to Buy: Here's Why --,urn:link:webnews:20240617:nNRAszqyj8:0,NS:YAHNEX,SAN.MC
2024-06-17 14:52:22.445,How Banco Santander's Tax Rate compares to Its Peers,urn:newsml:newsroom:20240617:nNRAszo7g3:0,NS:GLOROU,SAN.MC
2024-06-15 19:08:18.571,"Banco Santander, S.A. (OTCMKTS:BCDRF) Short Interest Update",urn:newsml:newsroom:20240615:nNRAszci97:0,NS:COMFIN,SAN.MC
2024-06-15 09:58:00.858,Banco Santander (NYSE:SAN) Shares Gap Down to $4.93,urn:newsml:newsroom:20240615:nNRAsz8t7r:0,NS:TICREP,SAN.MC
2024-06-15 04:22:10.146,Weekly: Banco Santander (SAN: EUR4.38) slides 7% on robust volume; -35c [7.4%] Vol Index 1.6 [1 is avg],urn:newsml:newsroom:20240615:nNRAsz6eax:0,NS:GLOWEE,SAN.MC
2024-06-15 00:00:00.000,"Moody's Ratings assigns provisional ratings to Santander Bank Auto Credit-Linked Notes, Series 2024-A",urn:newsml:newsroom:20240616:nNRAszdp5q:0,NS:PLUCOM,SAN.MC
2024-06-14 16:22:41.652,Weekly: Banco Santander (SAN: EUR4.38) slides 7% on robust volume; -35c [7.4%] Vol Index 1.6 [1 is avg],urn:newsml:newsroom:20240614:nNRAsz0yv6:0,NS:GLOWEE,SAN.MC
2024-06-14 15:37:22.023,Banco Santander ADR (SAN US: $4.60) offers 9th lowest Price Earnings growth of 0.35 in the BNY Mellon Composite ADR Index; -31c [-6.3%] Vol Index 1...,urn:newsml:newsroom:20240614:nNRAsz026x:0,NS:GLOROU,SAN.MC
2024-06-13 15:42:30.754,Banco Santander ADR (SAN US: $4.70) offers 11th lowest Price Earnings growth of 0.36 in the BNY Mellon Composite ADR Index; -21c [-4.3%] Vol Index ...,urn:newsml:newsroom:20240613:nNRAsykh3i:0,NS:GLOROU,SAN.MC
2024-06-13 10:05:06.000,"Banco Santander-Chile - Consolidated Interim Financial Statements For the periods ended March 31, 2024 and December 31, 2023 Form 6 K",urn:newsml:reuters.com:20240613:nNDL7381HV:1,NS:PUBT,SAN.MC
2024-06-13 00:00:00.000,Santander goes after the self-employed and micro-enterprises with a commission-free account,urn:newsml:newsroom:20240614:nNRAsyvc9f:0,NS:NOTENG,SAN.MC
2024-06-12 22:23:15.000,Banco Santander-Chile - Monthly Financial Summary May 2024,urn:newsml:reuters.com:20240612:nNDL5TZn1Q:1,NS:PUBT,SAN.MC
2024-06-12 15:53:57.271,Fitch Affirms Santander Totta's IDR at 'A-'; Outlook Stable,urn:newsml:reuters.com:20240612:nFIT38wjkt:1,NS:FCH,SAN.MC
2024-06-12 15:42:25.002,Banco Santander ADR (SAN US: $4.98) offers 11th lowest Price Earnings growth of 0.38 in the BNY Mellon Composite ADR Index; +7c [1.4%] Vol Index 1....,urn:newsml:newsroom:20240612:nNRAsy6qn9:0,NS:GLOROU,SAN.MC
2024-06-12 13:51:00.304,"28,700 Shares in Banco Santander, S.A. (NYSE:SAN) Acquired by Barometer Capital Management Inc. --",urn:link:webnews:20240612:nNRAsy53xz:0,NS:WKRNEW,SAN.MC
2024-06-12 13:26:52.000,Santander's Botin bets on tech revamp starting with US consumer banking,urn:newsml:reuters.com:20240612:nL1N3I90AW:2,NS:RTRS,SAN.MC
2024-06-11 17:27:09.748,"German trading: Banco Santander (BSD2: EUR4.61) accelerates decline, down 2.7% in 2 days; -13c [2.7%] Vol Index 2.0 [1 is avg]",urn:newsml:newsroom:20240611:nNRAsxutg0:0,NS:GERCOM,SAN.MC
2024-06-11 07:56:57.000,Banco Santander SA - Q1’24 ESG presentation,urn:newsml:reuters.com:20240611:nNDL8Q6cyz:1,NS:PUBT,SAN.MC
2024-06-11 06:29:17.023,"(EN) Banco Santander, S.A. Final Terms (79433304)",urn:newsml:reuters.com:20240611:nGLF4K9fSM:3,NS:GLFILE,SAN.MC
2024-06-11 06:00:00.000,"RPT-SocGen struggles to strike deal for custody unit, sources say",urn:newsml:reuters.com:20240611:nL1N3I80RP:1,NS:RTRS,SAN.MC
2024-06-10 20:23:00.278,"(EN) Banco Santander, S.A. ESG (79428986)",urn:newsml:reuters.com:20240610:nGLFzT7v3:5,NS:GLFILE,SAN.MC
2024-06-10 17:27:14.000,"SocGen struggles to strike deal for custody unit, sources say",urn:newsml:reuters.com:20240610:nL8N3I35GA:4,NS:RTRS,SAN.MC
2024-06-10 15:37:23.319,Banco Santander ADR (SAN US: $5.01) offers 10th lowest Price Earnings growth of 0.38 in the BNY Mellon Composite ADR Index; +10c [2.0%] Vol Index 2...,urn:newsml:newsroom:20240610:nNRAsxf1rb:0,NS:GLOROU,SAN.MC
2024-06-10 14:52:23.996,How Banco Santander's Tax Rate compares to Its Peers,urn:newsml:newsroom:20240610:nNRAsxer73:0,NS:GLOROU,SAN.MC
2024-06-10 12:03:55.000,Banco Santander SA - 25 years FIXED rate Senior Preferred Structured 06/49 SPE 028,urn:newsml:reuters.com:20240610:nNDLcf7kk:1,NS:PUBT,SAN.MC
2024-06-10 11:17:47.226,Weekly: Banco Santander (SAN: EUR4.73) drops 2.1% on thin volume; -10c [2.1%],urn:newsml:newsroom:20240610:nNRAsxaqob:0,NS:GLOSTO,SAN.MC
2024-06-07 15:42:15.268,Banco Santander ADR (SAN US: $5.10) offers 10th lowest Price Earnings growth of 0.38 in the BNY Mellon Composite ADR Index; +19c [3.9%],urn:newsml:newsroom:20240607:nNRAswntok:0,NS:GLOROU,SAN.MC
2024-06-06 21:22:04.366,Santander UK Appoints David Morris as Head of Homes,urn:newsml:reuters.com:20240606:nNRAswdoa9:1,NS:DATMTR,SAN.MC
2024-06-06 20:52:40.843,"(EN) Banco Santander, S.A. ESG-Env Pol (79405316)",urn:newsml:reuters.com:20240606:nGLF9jgsdd:5,NS:GLFILE,SAN.MC
2024-06-06 15:39:04.071,Banco Santander ADR (SAN US: $5.12) offers 9th lowest Price Earnings growth of 0.38 in the BNY Mellon Composite ADR Index; +21c [4.3%],urn:newsml:newsroom:20240606:nNRAsw9g6u:0,NS:GLOROU,SAN.MC
2024-06-06 13:14:27.000,Brazil's public banks more profitable than private peers for second year,urn:newsml:reuters.com:20240606:nL1N3I411S:1,NS:RTRS,SAN.MC
2024-06-06 11:05:14.000,Banco Santander SA - 18 years FIXED rate Senior Preferred Structured 06/42 SPE 027,urn:newsml:reuters.com:20240606:nNDL3VhfwY:1,NS:PUBT,SAN.MC
2024-06-05 17:27:06.665,"German trading: Banco Santander (BSD2: EUR4.67) down 3.5% in 2 days, hits 29-day low; -17c [3.5%] Vol Index 2.9 [1 is avg]",urn:newsml:newsroom:20240605:nNRAsvvg0e:0,NS:GERCOM,SAN.MC
2024-06-05 15:42:19.712,Banco Santander ADR (SAN US: $5.05) offers 11th lowest Price Earnings growth of 0.38 in the BNY Mellon Composite ADR Index; +14c [2.9%],urn:newsml:newsroom:20240605:nNRAsvufbd:0,NS:GLOROU,SAN.MC
2024-06-05 10:35:41.000,Banco Santander SA - Pilar III 2023,urn:newsml:reuters.com:20240605:nNDL8MVHHb:1,NS:PUBT,SAN.MC
2024-06-05 04:19:51.000,Banco Santander-Chile - Fixed Income- June 2024,urn:newsml:reuters.com:20240605:nNDL9HQ0b4:1,NS:PUBT,SAN.MC
2024-06-04 20:09:11.730,"Campbell & CO Investment Adviser LLC Takes $1.22 Million Position in Banco Santander, S.A. (NYSE:SAN) --",urn:link:webnews:20240604:nNRAsvjio7:0,NS:MARBEA,SAN.MC
2024-06-04 16:47:20.000,Santander and UniCredit revisit SNP space,urn:newsml:reuters.com:20240604:nIfp4zTPlp:1,NS:IFR,SAN.MC
2024-06-04 15:37:32.467,Banco Santander ADR (SAN US: $5.14) offers 11th lowest Price Earnings growth of 0.39 in the BNY Mellon Composite ADR Index; +23c [4.7%],urn:newsml:newsroom:20240604:nNRAsvh9io:0,NS:GLOROU,SAN.MC
2024-06-04 14:10:34.000,Banco Santander SA - Q1’24 ESG presentation,urn:newsml:reuters.com:20240604:nNDL8PD87m:1,NS:PUBT,SAN.MC
2024-06-04 12:12:10.612,Digi closes 150 million loan with ING Bank to refinance its debt,urn:newsml:newsroom:20240604:nNRAsvem97:0,NS:NOTENG,SAN.MC
2024-06-04 07:42:48.924,Banco Santander (NYSE:SAN) Rating Lowered to Buy at StockNews.com,urn:newsml:newsroom:20240604:nNRAsvatfe:0,NS:ZOLCOM,SAN.MC
2024-06-04 02:21:09.268,Banco Santander (NYSE:SAN) Rating Lowered to Buy at StockNews.com --,urn:link:webnews:20240604:nNRAsv7jj5:0,NS:MARBEA,SAN.MC
2024-06-04 02:18:38.187,Banco Santander (NYSE:SAN) Rating Lowered to Buy at StockNews.com --,urn:link:webnews:20240604:nNRAsv7j4o:0,NS:WKRNEW,SAN.MC
2024-06-03 19:14:04.470,"German trading: Banco Santander (BSD2: EUR4.84) keeps rising, up 3.2% in 3 days; +15c [3.2%]",urn:newsml:newsroom:20240603:nNRAsv2kjg:0,NS:GERCOM,SAN.MC
2024-06-03 16:14:59.868,Banco Santander ADR (SAN US: $5.22) offers 11th lowest Price Earnings growth of 0.39 in the BNY Mellon Composite ADR Index; +31c [6.3%],urn:newsml:newsroom:20240603:nNRAsuy80t:0,NS:GLOROU,SAN.MC
2024-06-03 14:52:06.423,How Banco Santander's Tax Rate compares to Its Peers,urn:newsml:newsroom:20240603:nNRAsux9jf:0,NS:GLOROU,SAN.MC
2024-06-03 12:26:34.687,"Brown Brothers Harriman & Co. Reduces Position in Banco Santander, S.A. (NYSE:SAN) --",urn:link:webnews:20240603:nNRAsuuhl5:0,NS:ETFDAI,SAN.MC
2024-06-03 06:55:24.000,Spanish prosecutor requests opening of trial against BBVA in alleged spying case,urn:newsml:reuters.com:20240603:nL8N3I00AW:6,NS:RTRS,SAN.MC
2024-06-03 06:17:43.109,Monday's Preview: Can Santander Bank Polska continue its recent gains?,urn:newsml:newsroom:20240603:nNRAsurf08:0,NS:GLOSTO,SAN.MC
2024-06-02 19:59:18.000,Banco Santander SA - Informe 1T24,urn:newsml:reuters.com:20240602:nNDL7BJB6z:1,NS:PUBT,SAN.MC
2024-06-02 10:38:21.830,"Corient Private Wealth LLC Cuts Stake in Banco Santander, S.A. (NYSE:SAN)",urn:newsml:newsroom:20240602:nNRAsumfs1:0,NS:TICREP,SAN.MC
2024-05-31 17:35:03.244,Santander staff and customer data stolen in major cyber attack,urn:newsml:reuters.com:20240531:nNRAsu7lz3:1,NS:INDEPE,SAN.MC
2024-05-31 14:46:59.000,Spanish police investigate whether hackers stole millions of drivers' data,urn:newsml:reuters.com:20240531:nL8N3HY3TM:1,NS:RTRS,SAN.MC
2024-05-31 08:49:18.000,"Banco Santander SA - Senior Preferred, Serie 2057",urn:newsml:reuters.com:20240531:nNDL6W26xl:1,NS:PUBT,SAN.MC
2024-05-31 08:49:06.000,"Banco Santander SA - Senior Preferred, Serie 2060",urn:newsml:reuters.com:20240531:nNDL7lk2Kl:1,NS:PUBT,SAN.MC
2024-05-31 08:43:20.000,"Italian banks must invest more in technology, central bank says",urn:newsml:reuters.com:20240531:nR1N3G001Q:4,NS:RTRS,SAN.MC
2024-05-30 17:27:12.765,"German trading: Banco Santander (BSD2: EUR4.80) adds EUR2 billion ($2 billion) (2.3%) in MCap, top heavyweight rise in Bank sector; +11c [2.3%]",urn:newsml:newsroom:20240530:nNRAstsn3s:0,NS:GERCOM,SAN.MC
2024-05-30 16:17:30.787,Banco Santander (SAN: EUR4.79) climbs 2.1%; +10c [2.1%],urn:newsml:newsroom:20240530:nNRAstrp8a:0,NS:GLOSTO,SAN.MC
2024-05-30 10:48:37.000,Banco Santander SA - 5 years FIXED rate Senior Preferred Structured 05/29 SPE 026,urn:newsml:reuters.com:20240530:nNDL5KCBrx:1,NS:PUBT,SAN.MC
2024-05-30 10:00:08.000,Banco Santander SA - 5 years FIXED rate Senior Preferred 08/29 SP-227,urn:newsml:reuters.com:20240530:nNDL9l52k0:1,NS:PUBT,SAN.MC
2024-05-30 00:17:48.076,Can Banco Santander rebound after recent dip?,urn:newsml:newsroom:20240530:nNRAsti4fq:0,NS:GLOSTO,SAN.MC
2024-05-29 21:29:42.100,Fitch Affirms Santander Holdings USA at 'BBB+'; Outlook Stable,urn:newsml:reuters.com:20240529:nFIT7xjhlk:1,NS:FCH,SAN.MC
2024-05-29 16:24:29.429,Banco Santander (SAN: EUR4.69) offers earnings yield of 11.5%; -7c [1.5%],urn:newsml:newsroom:20240529:nNRAstf48t:0,NS:GLOSTO,SAN.MC
2024-05-29 09:31:19.000,Linklaters LLP - Linklaters appoints Christian Storck as Global Head of Capital Markets and Pam Shores as Global Head of US Capital Markets,urn:newsml:reuters.com:20240529:nNDL3jl4SV:1,NS:PUBT,SAN.MC
2024-05-29 06:18:51.306,Can Santander Bank Polska rebound after recent dip?,urn:newsml:newsroom:20240529:nNRAst74bg:0,NS:GLOSTO,SAN.MC
2024-05-29 02:11:16.759,"519,990 Shares in Banco Santander, S.A. (NYSE:SAN) Acquired by Lockheed Martin Investment Management Co.",urn:newsml:newsroom:20240529:nNRAst5ekv:0,NS:MARDAJ,SAN.MC
2024-05-29 01:05:15.628,"Lockheed Martin Investment Management Co. Acquires Shares of 519,990 Banco Santander, S.A. (NYSE:SAN)",urn:newsml:newsroom:20240529:nNRAst5ja9:0,NS:TRADAJ,SAN.MC
2024-05-28 14:52:13.778,How Banco Santander's Tax Rate compares to Its Peers,urn:newsml:newsroom:20240528:nNRAsszngt:0,NS:GLOROU,SAN.MC
2024-05-28 12:27:00.561,"Coldstream Capital Management Inc. Makes New $42,000 Investment in Banco Santander, S.A. (NYSE:SAN)",urn:newsml:newsroom:20240528:nNRAssxw8w:0,NS:TICREP,SAN.MC
2024-05-28 11:00:00.000,Santander Bank to launch 34 ATMs in local Target stores ahead of new Miami branch opening,urn:newsml:newsroom:20240529:nNRAst6nay:0,NS:SOUFLO,SAN.MC
2024-05-28 09:58:26.470,"PNC Financial Services Group Inc. Decreases Position in Banco Santander, S.A. (NYSE:SAN)",urn:newsml:newsroom:20240528:nNRAssuobt:0,NS:ZOLCOM,SAN.MC
2024-05-28 09:58:17.756,"PNC Financial Services Group Inc. Lowers Holdings in Banco Santander, S.A. (NYSE:SAN)",urn:newsml:newsroom:20240528:nNRAssu5u6:0,NS:TICREP,SAN.MC
2024-05-28 09:24:15.728,"Avantax Advisory Services Inc. Has $67,000 Stock Position in Banco Santander, S.A. (NYSE:SAN)",urn:newsml:newsroom:20240528:nNRAssuykd:0,NS:TICREP,SAN.MC
2024-05-28 06:08:02.589,How Banco Santander's Tax Rate compares to Its Peers,urn:newsml:newsroom:20240528:nNRAsssedo:0,NS:GLOSTO,SAN.MC
2024-05-28 00:22:37.689,Investors look to see if Banco Santander's recent rally will continue,urn:newsml:newsroom:20240528:nNRAssprif:0,NS:GLOSTO,SAN.MC
2024-05-27 17:27:06.712,German trading: Banco Santander (BSD2: EUR4.76) strengthens above moving average price; +1c [0.2%],urn:newsml:newsroom:20240527:nNRAssoajn:0,NS:GERCOM,SAN.MC
2024-05-27 16:17:01.718,Banco Santander (SAN: EUR4.76) offers dividend yield of 3.8%; +1c [0.2%],urn:newsml:newsroom:20240527:nNRAssmovw:0,NS:GLOSTO,SAN.MC
2024-05-27 15:51:39.000,Banco Santander SA - 12 years FIXED rate Senior Preferred Estructurado 05/36 SPE 023,urn:newsml:reuters.com:20240527:nNDL3RfMQs:1,NS:PUBT,SAN.MC
2024-05-27 15:51:31.000,Banco Santander SA - 12 years FIXED rate Senior Preferred Estructurado 05/36 SPE 024,urn:newsml:reuters.com:20240527:nNDL7WKmHC:1,NS:PUBT,SAN.MC
2024-05-27 12:37:56.620,"Team Hewins LLC Takes $192,000 Position in Banco Santander, S.A. (NYSE:SAN)",urn:newsml:newsroom:20240527:nNRAssllar:0,NS:ZOLCOM,SAN.MC
2024-05-27 09:49:22.831,"Envestnet Portfolio Solutions Inc. Purchases 4,962 Shares of Banco Santander, S.A. (NYSE:SAN)",urn:newsml:newsroom:20240527:nNRAssj7vc:0,NS:TICREP,SAN.MC
2024-05-27 08:43:59.402,"Principal Securities Inc. Makes New $35,000 Investment in Banco Santander, S.A. (NYSE:SAN)",urn:newsml:newsroom:20240527:nNRAssj807:0,NS:TICREP,SAN.MC
2024-05-27 08:43:50.914,"Principal Securities Inc. Invests $35,000 in Banco Santander, S.A. (NYSE:SAN)",urn:newsml:newsroom:20240527:nNRAssiz2p:0,NS:ZOLCOM,SAN.MC
2024-05-26 06:09:41.372,"Simplicity Wealth LLC Takes $146,000 Position in Banco Santander, S.A. (NYSE:SAN)",urn:newsml:newsroom:20240526:nNRAss9or1:0,NS:MARDAJ,SAN.MC
2024-05-26 01:14:04.035,Banco Santander (LON:BNC) Shares Pass Above 50-Day Moving Average of $390.92,urn:newsml:newsroom:20240526:nNRAss8eiu:0,NS:MARDAJ,SAN.MC
2024-05-26 00:29:36.772,Banco Santander (LON:BNC) Shares Pass Above 50-Day Moving Average of $390.92,urn:newsml:newsroom:20240526:nNRAss8km5:0,NS:TRADAJ,SAN.MC
2024-05-25 08:38:24.411,"Banco Santander, S.A. (NYSE:SAN) Position Reduced by Victory Capital Management Inc.",urn:newsml:newsroom:20240525:nNRAss39mc:0,NS:ZOLCOM,SAN.MC
2024-05-25 05:14:10.063,Santander is on track for another year of record profits of around 12 billion euros,urn:newsml:newsroom:20240525:nNRAss2dj5:0,NS:NOTENG,SAN.MC
2024-05-24 17:37:11.318,German trading: Banco Santander (BSD2: EUR4.75) in 4th consecutive fall; -13c [2.7%],urn:newsml:newsroom:20240524:nNRAsrxdi5:0,NS:GERCOM,SAN.MC
2024-05-24 16:22:37.232,Weekly: Banco Santander (SAN: EUR4.75) drops 2.3% on weak volume; -11c [2.3%],urn:newsml:newsroom:20240524:nNRAsrw79b:0,NS:GLOWEE,SAN.MC
2024-05-24 16:17:16.329,Banco Santander (SAN: EUR4.75) drops to 22-day low; -6c [1.2%],urn:newsml:newsroom:20240524:nNRAsrwllv:0,NS:GLOSTO,SAN.MC
2024-05-24 15:32:30.000,"REFILE-Santander appoints head of new sovereign wealth fund business, sources say",urn:newsml:reuters.com:20240524:nL8N3HR2ZQ:3,NS:RTRS,SAN.MC
2024-05-24 11:24:28.992,"(EN) Banco Santander, S.A. Press (79152795)",urn:newsml:reuters.com:20240524:nGLFb5qfNw:4,NS:GLFILE,SAN.MC
2024-05-24 10:15:09.000,Banco Santander SA - Q1´24 Institutional Presentation,urn:newsml:reuters.com:20240524:nNDL7c1dpr:1,NS:PUBT,SAN.MC
2024-05-24 09:58:31.779,"Mitsubishi UFJ Asset Management Co. Ltd. Has $122,000 Stake in Banco Santander, S.A. (NYSE:SAN)",urn:newsml:newsroom:20240524:nNRAsrr0ar:0,NS:TRADAJ,SAN.MC
2024-05-24 09:14:35.228,"Banco Santander, S.A. (NYSE:SAN) Shares Purchased by Private Advisor Group LLC",urn:newsml:newsroom:20240524:nNRAsrqdlr:0,NS:AMEBAN,SAN.MC
2024-05-24 08:49:54.000,Banco Santander SA - 4 years FIXED rate Senior Preferred 05/28 SP-226,urn:newsml:reuters.com:20240524:nNDL1mblK7:1,NS:PUBT,SAN.MC
2024-05-24 06:13:29.085,Santander sells a portfolio of loans to large hotels for 200 M to JP Morgan,urn:newsml:newsroom:20240524:nNRAsrosoo:0,NS:NOTENG,SAN.MC
2024-05-23 19:45:35.741,MG Motor UK extends finance alliance with Santander,urn:newsml:reuters.com:20240523:nNRAsri38b:1,NS:DATMTR,SAN.MC
2024-05-23 14:41:50.000,Banco Santander SA - 15 years FIXED rate Senior Preferred Structured 05/39 SPE 025,urn:newsml:reuters.com:20240523:nNDLcgjyPp:1,NS:PUBT,SAN.MC
2024-05-23 06:17:43.992,Investors concerned as Santander Bank Polska down in recent days,urn:newsml:newsroom:20240523:nNRAsr3b9l:0,NS:GLOSTO,SAN.MC
2024-05-23 00:26:12.104,Investors concerned as Banco Santander down in recent days,urn:newsml:newsroom:20240523:nNRAsqyzz5:0,NS:GLOSTO,SAN.MC
2024-05-22 16:17:28.104,Banco Santander (SAN: EUR4.81) offers earnings yield of 11.2%; -3c [0.6%],urn:newsml:newsroom:20240522:nNRAsqtevr:0,NS:GLOSTO,SAN.MC
2024-05-22 14:52:18.225,How Banco Santander's Tax Rate compares to Its Peers,urn:newsml:newsroom:20240522:nNRAsqs52f:0,NS:GLOROU,SAN.MC
2024-05-22 10:01:00.000,Banco Santander SA - 7 years FIXED rate Senior Preferred Structured 05/31 SPE 021,urn:newsml:reuters.com:20240522:nNDL9vpRKm:1,NS:PUBT,SAN.MC
2024-05-22 08:11:34.000,Deutsche Börse AG - Santander joins Eurex for listed FX business,urn:newsml:reuters.com:20240522:nNDL6FBcsc:1,NS:PUBT,SAN.MC
2024-05-22 06:17:10.468,Wednesday's Preview: Can Santander Bank Polska continue its recent gains?,urn:newsml:newsroom:20240522:nNRAsqmneo:0,NS:GLOSTO,SAN.MC
2024-05-22 00:17:06.998,Can Banco Santander rebound after recent dip?,urn:newsml:newsroom:20240522:nNRAsqhi91:0,NS:GLOSTO,SAN.MC
2024-05-22 00:00:00.000,Santander 'climbs' to luxury cars; expects to place $70 million pesos in loans for Maserati,urn:newsml:newsroom:20240523:nNRAsqzypb:0,NS:NOTENG,SAN.MC
2024-05-21 16:17:28.020,Banco Santander (SAN: EUR4.84) offers dividend yield of 3.7%; -4c [0.8%],urn:newsml:newsroom:20240521:nNRAsqdvp9:0,NS:GLOSTO,SAN.MC
2024-05-21 13:04:06.000,Santander UK plc - Issuer Document,urn:newsml:reuters.com:20240521:nNDL5QYXnQ:1,NS:PUBT,SAN.MC
2024-05-21 13:03:47.000,Santander UK plc - Issuer Document,urn:newsml:reuters.com:20240521:nNDL3RcGCr:1,NS:PUBT,SAN.MC
2024-05-21 12:27:34.000,LIVE MARKETS-More to come from Spanish banks - DB,urn:newsml:reuters.com:20240521:nL8N3HO3LY:1,NS:RTRS,SAN.MC
2024-05-21 11:17:21.886,"CREO Economic Forum, live | Ángel Rivera (Santander) rules out participating in a merger: ""We are committed to organic growth"".",urn:newsml:newsroom:20240521:nNRAsq8eli:0,NS:NOTENG,SAN.MC
2024-05-21 10:13:03.431,"CREO Economic Forum, live | Ángel Rivera (Santander): ""We are committed to organic growth"".",urn:newsml:newsroom:20240521:nNRAsq8tb5:0,NS:NOTENG,SAN.MC
2024-05-21 09:48:18.809,"BNP Paribas Financial Markets Purchases 931,429 Shares of Banco Santander, S.A. (NYSE:SAN)",urn:newsml:newsroom:20240521:nNRAsq8ky0:0,NS:ZOLCOM,SAN.MC
2024-05-21 09:03:54.027,Can Santander Bank Polska rebound after recent dip?,urn:newsml:newsroom:20240521:nNRAsq57mt:0,NS:GLOSTO,SAN.MC
2024-05-21 00:16:51.984,Can Banco Santander continue its gains?,urn:newsml:newsroom:20240521:nNRAsq17t9:0,NS:GLOSTO,SAN.MC
2024-05-20 16:47:57.000,Santander UK plc - Issuer Document,urn:newsml:reuters.com:20240520:nNDLc07Xt5:1,NS:PUBT,SAN.MC
2024-05-20 16:17:03.241,Banco Santander (SAN: EUR4.88) in 3rd consecutive rise; +12c [2.5%],urn:newsml:newsroom:20240520:nNRAspwywp:0,NS:GLOSTO,SAN.MC
2024-05-20 15:45:47.000,Santander UK plc - Issuer Document,urn:newsml:reuters.com:20240520:nNDL89GlqK:1,NS:PUBT,SAN.MC
2024-05-20 14:52:15.126,How Banco Santander's Tax Rate compares to Its Peers,urn:newsml:newsroom:20240520:nNRAspw5lj:0,NS:GLOROU,SAN.MC
2024-05-20 12:03:55.000,"Banco Santander SA - AT1 May 2024, PerpNC6",urn:newsml:reuters.com:20240520:nNDL5c4J03:1,NS:PUBT,SAN.MC
2024-05-20 10:13:35.397,"Ieq Capital LLC Has $189,000 Stock Holdings in Banco Santander, S.A. (NYSE:SAN)",urn:newsml:newsroom:20240520:nNRAsps6cq:0,NS:AMEBAN,SAN.MC
2024-05-20 10:09:35.680,"Banco Santander, S.A. (NYSE:SAN) Position Boosted by Ieq Capital LLC",urn:newsml:newsroom:20240520:nNRAspsneh:0,NS:TRADAJ,SAN.MC
2024-05-20 09:39:50.000,Banco Santander SA - AT1 Additional Information March 2024,urn:newsml:reuters.com:20240520:nNDL5j2LBN:1,NS:PUBT,SAN.MC
2024-05-20 07:44:11.620,ALLIANCE BANK BAGS TWO AWARDS FOR BEST SME BANK IN MALAYSIA,urn:newsml:reuters.com:20240520:nBERvCf1w:1,NS:BER,SAN.MC
2024-05-20 06:17:41.865,Investors look to see if Santander Bank Polska's recent rally will continue,urn:newsml:newsroom:20240520:nNRAspq2qq:0,NS:GLOSTO,SAN.MC
2024-05-20 00:16:49.939,Monday's Preview: Can Banco Santander continue its recent gains?,urn:newsml:newsroom:20240520:nNRAspnm09:0,NS:GLOSTO,SAN.MC
2024-05-17 22:10:34.565,"Quadrant Capital Group LLC Has $601,000 Stock Holdings in Banco Santander, S.A. (NYSE:SAN)",urn:newsml:newsroom:20240517:nNRAsp8e2j:0,NS:CERGEM,SAN.MC
2024-05-17 19:12:27.018,Banco Santander (NYSE:SAN) Upgraded to Strong-Buy at StockNews.com,urn:newsml:newsroom:20240517:nNRAsp7i7h:0,NS:CERGEM,SAN.MC
2024-05-17 17:47:46.230,"Banco Santander (NYSE:SAN) Raised to ""Strong-Buy"" at StockNews.com",urn:newsml:newsroom:20240517:nNRAsp6gtg:0,NS:DAILYQ,SAN.MC
2024-05-17 16:42:11.100,Banco Santander (SAN: EUR4.86) offers dividend yield of 3.7%; +6c [1.2%] Vol Index 1.3 [1 is avg],urn:newsml:newsroom:20240517:nNRAsp5axs:0,NS:GLOSTO,SAN.MC
2024-05-17 16:16:28.000,LIVE MARKETS-European Banks are 'so back' says Goldman Sachs,urn:newsml:reuters.com:20240517:nL1N3HK1RT:3,NS:RTRS,SAN.MC
2024-05-17 15:32:26.000,Banco Santander (Brasil) SA - 1Q24 BRGAAP Financial Statements,urn:newsml:reuters.com:20240517:nNDL7HNd52:1,NS:PUBT,SAN.MC
2024-05-17 13:54:01.200,Banco Santander (NYSE:SAN) Sets New 1-Year High at $5.17,urn:newsml:newsroom:20240517:nNRAsp1oor:0,NS:DAILYQ,SAN.MC
2024-05-17 10:55:12.000,Banco Santander SA - 10 years FIXED rate Senior Preferred Estructurado 05/34 SPE 022,urn:newsml:reuters.com:20240517:nNDL5crQMB:1,NS:PUBT,SAN.MC
2024-05-17 00:17:05.853,Investors look to see if Banco Santander's recent rally will continue,urn:newsml:newsroom:20240517:nNRAsos8v7:0,NS:GLOSTO,SAN.MC
2024-05-16 16:17:31.115,Banco Santander (SAN: EUR4.80) offers earnings yield of 11.2%; +4c [0.8%],urn:newsml:newsroom:20240516:nNRAson9ul:0,NS:GLOSTO,SAN.MC
2024-05-16 15:12:10.741,"Checchi Capital Advisers LLC Sells 2,788 Shares of Banco Santander, S.A. (NYSE:SAN)",urn:newsml:newsroom:20240516:nNRAsolncy:0,NS:MARDAJ,SAN.MC
2024-05-16 14:46:57.000,Banco Santander SA - Tender Offer - Results Announcement,urn:newsml:reuters.com:20240516:nNDL9lD3W2:1,NS:PUBT,SAN.MC
2024-05-16 10:02:50.000,UPDATE 2-Bank of Spain to ask lenders to set aside extra cash to cover risks,urn:newsml:reuters.com:20240516:nL8N3HJ2GX:6,NS:RTRS,SAN.MC
2024-05-16 07:12:55.000,"EXCLUSIVE-Santander's Matarranz to step down as global wealth chief as unit expands, sources say",urn:newsml:reuters.com:20240516:nL1N3HJ0G9:2,NS:RTRS,SAN.MC
2024-05-15 20:10:06.697,MG Motor UK extends finance alliance with Santander,urn:newsml:reuters.com:20240515:nNRAsob145:1,NS:DATMTR,SAN.MC
2024-05-15 19:11:00.000,Banco Santander-Chile - Pilar III – Market Disicpline (English),urn:newsml:reuters.com:20240515:nNDLbgmggV:1,NS:PUBT,SAN.MC
2024-05-15 18:42:14.000,Banco Santander-Chile - Pilar III Annual Report (Inglés),urn:newsml:reuters.com:20240515:nNDL1Q0X2M:1,NS:PUBT,SAN.MC
2024-05-15 18:42:03.000,Banco Santander-Chile - Pilar III – Market Discipline (Spanish) 944.3 KB,urn:newsml:reuters.com:20240515:nNDL2NzCTp:1,NS:PUBT,SAN.MC
2024-05-15 18:08:42.406,Banco Santander (NYSE:SAN) Reaches New 52-Week High at $5.17,urn:newsml:newsroom:20240515:nNRAso9d17:0,NS:MARDAJ,SAN.MC
2024-05-15 16:01:20.000,"EXCLUSIVE-Santander's Matarranz to step down as global wealth chief as unit expands, sources say",urn:newsml:reuters.com:20240515:nL8N3HI66X:5,NS:RTRS,SAN.MC
2024-05-15 14:54:39.000,"EXCLUSIVE-Santander's Matarranz to step down as global wealth chief as unit expands, sources say",urn:newsml:reuters.com:20240515:nL8N3HI64Z:5,NS:RTRS,SAN.MC
2024-05-15 14:52:18.028,How Banco Santander's Tax Rate compares to Its Peers,urn:newsml:newsroom:20240515:nNRAso6eta:0,NS:GLOROU,SAN.MC
2024-05-15 09:47:51.994,Banco Santander (NYSE:SAN) Upgraded to Strong-Buy at StockNews.com,urn:newsml:newsroom:20240515:nNRAso2pb4:0,NS:ZOLCOM,SAN.MC
2024-05-14 23:14:27.646,"Santander suffers customer data breach in Chile, Spain and Uruguay",urn:newsml:newsroom:20240514:nNRAsnv8jq:0,NS:NOTENG,SAN.MC
2024-05-14 22:15:53.210,"Banco Santander suffered a computer attack on data from Chile, Spain and Uruguay",urn:newsml:newsroom:20240514:nNRAsntgjh:0,NS:NOTENG,SAN.MC
2024-05-14 20:36:26.683,"(EN) Banco Santander, S.A. ESG-Env Pol (79001526)",urn:newsml:reuters.com:20240514:nGLFx9CMN:5,NS:GLFILE,SAN.MC
2024-05-14 19:56:11.000,Banco Santander-Chile - Earnings Transcript 181.5 KB,urn:newsml:reuters.com:20240514:nNDL2LzHNF:1,NS:PUBT,SAN.MC
2024-05-14 18:42:54.748,Banco Santander warns of hacking of customer data in Spain,urn:newsml:newsroom:20240514:nNRAsnss8h:0,NS:NOTENG,SAN.MC
2024-05-14 17:12:11.411,How do I know if my Banco Santander account has been hacked?,urn:newsml:newsroom:20240514:nNRAsnsd5n:0,NS:NOTENG,SAN.MC
2024-05-14 15:18:01.424,"Banco Santander warns of 'hacking' affecting customers in Spain, Chile and Uruguay",urn:newsml:newsroom:20240514:nNRAsnqu51:0,NS:NOTENG,SAN.MC
2024-05-14 14:23:23.000,BNP Paribas CEO dampens hopes for European bank M&A revival,urn:newsml:reuters.com:20240514:nL8N3HH59F:2,NS:RTRS,SAN.MC
2024-05-14 13:31:12.000,Banco Santander-Chile - 1Q24 Earnings Webcast,urn:newsml:reuters.com:20240514:nNDL8dx80f:1,NS:PUBT,SAN.MC
2024-05-14 13:21:16.000,Santander Holdings USA Inc. - Consolidated Financial Statements - Form 8-K,urn:newsml:reuters.com:20240514:nNDL3tTLjY:1,NS:PUBT,SAN.MC
2024-05-14 13:08:58.000,Fosse Master Issuer plc - Issuer Document,urn:newsml:reuters.com:20240514:nNDL2JJcz3:1,NS:PUBT,SAN.MC
2024-05-14 13:04:20.000,"UPDATE 2-Santander reports customer, employee data breach in Spain, Chile, Uruguay",urn:newsml:reuters.com:20240514:nL8N3HH49S:5,NS:RTRS,SAN.MC
2024-05-14 13:00:00.000,Q1 2024 Banco Santander-Chile Earnings Call and Strategy Update,urn:newsml:reuters.com:20240514:nTRN6k40pD:1,NS:TRANS,SAN.MC
2024-05-14 11:44:42.585,REG - Banco Santander S.A. - Unauthorized access to 3rd party-hosted database,urn:newsml:newsroom:20240514:nRSN3767Oa:0,NS:LSE,SAN.MC
2024-05-14 10:49:29.000,"Santander reports customer, employee data breach in Spain, Chile, Uruguay",urn:newsml:reuters.com:20240514:nL8N3HH46F:2,NS:RTRS,SAN.MC
2024-05-14 10:34:19.000,BRIEF-Santander Reports Unauthorized Access To Santander Database Hosted By Third-Party Provider,urn:newsml:reuters.com:20240514:nFWN3HH1BU:1,NS:RTRS,SAN.MC
2024-05-14 10:33:21.000,REG - Banco Santander S.A.  - Unauthorized access to 3rd party-hosted database,urn:newsml:reuters.com:20240514:nRSN3767Oa:1,NS:LSE,SAN.MC
2024-05-14 10:12:37.603,Banco Santander to Raise Funds through Public Offering of Bonds,urn:newsml:reuters.com:20240514:nNRAsnn89a:1,NS:DATMTR,SAN.MC
2024-05-14 00:00:00.000,"Santander suffered a massive breach of customer and employee data, it is revealed",urn:newsml:newsroom:20240515:nNRAso7sqb:0,NS:NOTENG,SAN.MC
2024-05-14 00:00:00.000,What to do if you are a customer of a bank that suffers 'unauthorized access' to your databases,urn:newsml:newsroom:20240515:nNRAso4k7l:0,NS:NOTENG,SAN.MC
2024-05-14 00:00:00.000,"Hacking of Santander: bank suffered ""unauthorized access"" to customer databases in Chile, Spain and Uruguay",urn:newsml:newsroom:20240515:nNRAso1imh:0,NS:NOTENG,SAN.MC
2024-05-14 00:00:00.000,Banco Santander Reveals Unauthorized Access To A Santander Database Hosted By Third-party Provider,urn:newsml:newsroom:20240515:nNRAso15xf:0,NS:RTTNEW,SAN.MC
2024-05-14 00:00:00.000,Banco Santander data theft affects mainly employees,urn:newsml:newsroom:20240515:nNRAsnvmrj:0,NS:NOTENG,SAN.MC
2024-05-13 17:55:11.000,Macron won't rule out allowing sale of French banks to European rivals,urn:newsml:reuters.com:20240513:nL1N3HG1V9:2,NS:RTRS,SAN.MC
2024-05-13 14:52:10.614,How Banco Santander's Tax Rate compares to Its Peers,urn:newsml:newsroom:20240513:nNRAsnavnd:0,NS:GLOROU,SAN.MC
2024-05-13 00:00:00.000,Banco Santander (SAN: EUR4.76) offers dividend yield of 3.8%; -1c [0.2%],urn:newsml:newsroom:20240514:nNRAsnjbjs:0,NS:GLOSTO,SAN.MC
2024-05-12 11:28:05.076,"Apollon Wealth Management LLC Grows Stock Holdings in Banco Santander, S.A. (NYSE:SAN)",urn:newsml:newsroom:20240512:nNRAsmz7vf:0,NS:ZOLCOM,SAN.MC
2024-05-12 07:17:10.633,Citigroup First Quarter 13F Filing: Banco Santander slashes 40.3% of its shareholding,urn:newsml:newsroom:20240512:nNRAsmy5n1:0,NS:NEWWIR,SAN.MC
2024-05-11 20:37:04.552,"Banco Santander files SEC Form 13F: Q1 2024 - Reported AUM down 2.0% Corporate Wire Date: Saturday May 11, 2024 16:25 EDT",urn:newsml:newsroom:20240511:nNRAsmvuu8:0,NS:GLOUPI,SAN.MC
2024-05-11 18:07:11.838,"Banco Santander files SEC Form 13F: Q1 2024 - Reported AUM down 2.0% Corporate Wire Date: Saturday May 11, 2024 05:41 EDT",urn:newsml:newsroom:20240511:nNRAsmvdqu:0,NS:GLOUPI,SAN.MC
2024-05-10 20:26:13.000,Banco Santander-Chile - Monthly Financial Summary April 2024,urn:newsml:reuters.com:20240510:nNDL7WQPFZ:1,NS:PUBT,SAN.MC
2024-05-10 11:26:13.000,Issuers exploit Goldilocks AT1 market,urn:newsml:reuters.com:20240510:nIfp6KhbLy:1,NS:IFR,SAN.MC
2024-05-10 09:28:43.000,UPDATE 2-BBVA's Torres stuns Spain and banking bosses with hostile bid,urn:newsml:reuters.com:20240510:nL1N3HC2ME:2,NS:RTRS,SAN.MC
2024-05-10 08:17:28.000,Porch sues China Construction Bank in US over reinsurance fraud losses,urn:newsml:reuters.com:20240510:nL4N3HD11E:5,NS:RTRS,SAN.MC
2024-05-10 07:33:41.000,Banco Santander SA - Q1’24 Santander Covered Bond presentation,urn:newsml:reuters.com:20240510:nNDL2CwD1M:1,NS:PUBT,SAN.MC
2024-05-10 00:17:04.337,Can Banco Santander continue its gains?,urn:newsml:newsroom:20240510:nNRAsmbu3d:0,NS:GLOSTO,SAN.MC
2024-05-09 23:46:06.000,UPDATE 1-Spanish bank bosses go head-to-head after BBVA turns hostile,urn:newsml:reuters.com:20240509:nL1N3HC3OG:6,NS:RTRS,SAN.MC
2024-05-09 18:37:29.000,Spanish bank bosses go head-to-head after BBVA turns hostile,urn:newsml:reuters.com:20240509:nL8N3HC35V:5,NS:RTRS,SAN.MC
2024-05-09 16:17:29.187,Banco Santander (SAN: EUR4.77) offers dividend yield of 3.8%; +20c [4.4%],urn:newsml:newsroom:20240509:nNRAsm8c49:0,NS:GLOSTO,SAN.MC
2024-05-09 14:57:58.000,UPDATE 8-Spain's BBVA turns hostile with $13 billion bid for Sabadell,urn:newsml:reuters.com:20240509:nL8N3HC0Y0:2,NS:RTRS,SAN.MC
2024-05-09 12:47:21.438,"Telefónica, S.A. (TEF) Q1 2024 Earnings Call Transcript",urn:newsml:newsroom:20240509:nNRAsm4ohq:0,NS:SEECOM,SAN.MC
2024-05-09 05:47:11.872,Ecopetrol S.A. (EC) Q1 2024 Earnings Call Transcript,urn:newsml:newsroom:20240509:nNRAsm09io:0,NS:SEECOM,SAN.MC
2024-05-08 19:35:38.000,Banco Santander SA - ESG presentation Q1 2024,urn:newsml:reuters.com:20240508:nNDL78TlSD:1,NS:PUBT,SAN.MC
2024-05-08 14:52:18.212,How Banco Santander's Tax Rate compares to Its Peers,urn:newsml:newsroom:20240508:nNRAslq0s5:0,NS:GLOROU,SAN.MC
2024-05-08 14:07:49.171,How Banco Santander's Tax Rate compares to Its Peers,urn:newsml:newsroom:20240508:nNRAslq878:0,NS:GLOSTO,SAN.MC
2024-05-08 13:09:14.990,"Sapient Capital LLC Acquires New Position in Banco Santander, S.A. (NYSE:SAN)",urn:newsml:newsroom:20240508:nNRAslpcc2:0,NS:CERGEM,SAN.MC
2024-05-08 12:16:45.000,Banco Santander SA - Institutional Presentation Q1 2024,urn:newsml:reuters.com:20240508:nNDL1JfVPh:1,NS:PUBT,SAN.MC
2024-05-08 07:28:14.736,Banco Santander (Brasil) (NYSE:BSBR) Rating Increased to Buy at Bank of America,urn:newsml:newsroom:20240508:nNRAsllh1h:0,NS:TRADAJ,SAN.MC
2024-05-08 06:32:47.000,Banco Santander SA - Tender Offer - Maximum Acceptance Amount Announcement,urn:newsml:reuters.com:20240508:nNDL6q00fX:1,NS:PUBT,SAN.MC
2024-05-08 06:30:00.000,"Most Americans Missing Out on Earning Higher Interest on Savings, Santander Bank Survey Finds",urn:newsml:newsroom:20240509:nNRAsm2cfp:0,NS:INDBAN,SAN.MC
2024-05-08 06:22:18.000,Spanish stocks - Factors to watch on May 8,urn:newsml:reuters.com:20240508:nL8N3HB1MR:1,NS:RTRS,SAN.MC
2024-05-08 06:05:56.539,REG - Banco Santander S.A. - Invitation to buy outstanding preferred securities,urn:newsml:newsroom:20240508:nRSH5086Na:0,NS:LSE,SAN.MC
2024-05-08 06:00:05.000,REG - Banco Santander S.A.  - Invitation to buy outstanding preferred securities,urn:newsml:reuters.com:20240508:nRSH5086Na:1,NS:LSE,SAN.MC
2024-05-08 05:31:24.000,BRIEF-Santander Sets Final Terms Of New Preferred Securities With Nominal Amount Of 1.50 Bln Euros,urn:newsml:reuters.com:20240508:nL8N3HB1U7:1,NS:RTRS,SAN.MC
2024-05-07 20:41:51.672,Santander reaches one million new customers in three months,urn:newsml:newsroom:20240507:nNRAslfxh4:0,NS:NOTENG,SAN.MC
2024-05-07 20:23:28.000,Banco Santander SA - Directors’ report AT1 May 2024,urn:newsml:reuters.com:20240507:nNDL9X0l2S:1,NS:PUBT,SAN.MC
2024-05-07 16:48:47.000,FIG issuers make hay while sun shines on springtime market,urn:newsml:reuters.com:20240507:nIfp2B83sK:1,NS:IFR,SAN.MC
2024-05-07 15:12:29.934,Banco Santander acquires CrediScotia credit business from Scotiabank,urn:newsml:newsroom:20240507:nNRAslb2pp:0,NS:NOTENG,SAN.MC
2024-05-07 14:55:39.000,Banco Santander prices EUR1.5bn perp NC6 AT1,urn:newsml:reuters.com:20240507:nIfp6L5T8S:1,NS:IFR,SAN.MC
2024-05-07 14:16:08.000,Allocs out for Banco Santander EUR1.5bn perp NC6 AT1,urn:newsml:reuters.com:20240507:nIfp6YTWy6:1,NS:IFR,SAN.MC
2024-05-07 11:32:12.991,Banco Santander perp NC6 AT1 final terms: EUR1.5bn at 7%,urn:newsml:reuters.com:20240507:nIfp7kSBHn:2,NS:IFR,SAN.MC
2024-05-07 10:54:03.000,"Books for Banco Santander perp NC6 AT1 over EUR3.6bn, coupon set",urn:newsml:reuters.com:20240507:nIfp2q9Y9g:1,NS:IFR,SAN.MC
2024-05-07 09:35:14.000,Books for Banco Santander perp NC6 AT1 over EUR2.5bn,urn:newsml:reuters.com:20240507:nIfp5QcX1j:1,NS:IFR,SAN.MC
2024-05-07 06:14:04.000,"Banco Santander mandates EUR perp NC6 AT1, tbp today; with tender offer",urn:newsml:reuters.com:20240507:nIfp2GtDSP:1,NS:IFR,SAN.MC
2024-05-07 00:00:00.000,Ana Botín buys shares of Santander for 1.58 million euros,urn:newsml:newsroom:20240508:nNRAsloooj:0,NS:NOTENG,SAN.MC
2024-05-06 14:52:09.438,How Banco Santander's Tax Rate compares to Its Peers,urn:newsml:newsroom:20240506:nNRAskuct0:0,NS:GLOROU,SAN.MC
2024-05-06 14:07:27.867,How Banco Santander's Tax Rate compares to Its Peers,urn:newsml:newsroom:20240506:nNRAskqm2b:0,NS:GLOSTO,SAN.MC
2024-05-05 21:12:07.910,"Banco Santander, S.A. (NYSE:SAN) Shares Sold by Todd Asset Management LLC",urn:newsml:newsroom:20240505:nNRAskji79:0,NS:STOOBS,SAN.MC
2024-05-05 21:08:30.686,"Banco Santander, S.A. (NYSE:SAN) Shares Sold by Todd Asset Management LLC",urn:newsml:newsroom:20240505:nNRAskj3ox:0,NS:WATNEW,SAN.MC
2024-05-05 06:32:09.141,Philip Morris International Fourth Quarter 13F Filing: Banco Santander increases its holding in Philip Morris International,urn:newsml:newsroom:20240505:nNRAskg5qw:0,NS:NEWWIR,SAN.MC
2024-05-04 11:07:00.633,Banco Santander (Brasil) S.A. (BSBR) Q1 2024 Earnings Call Transcript,urn:newsml:newsroom:20240504:nNRAsk90p4:0,NS:SEECOM,SAN.MC
2024-05-04 10:13:17.513,"Yousif Capital Management LLC Has $1.18 Million Stock Holdings in Banco Santander, S.A. (NYSE:SAN)",urn:newsml:newsroom:20240504:nNRAsk8svz:0,NS:TRADAJ,SAN.MC
2024-05-04 10:13:03.537,"Yousif Capital Management LLC Has $1.18 Million Stock Holdings in Banco Santander, S.A. (NYSE:SAN)",urn:newsml:newsroom:20240504:nNRAsk8dsd:0,NS:AMEBAN,SAN.MC
2024-05-04 06:13:11.734,Banco Santander enters 'La Cartera' with a target of 5 euros per share,urn:newsml:newsroom:20240504:nNRAsk5wkv:0,NS:NOTENG,SAN.MC
2024-05-03 23:15:04.162,"Fisher Asset Management LLC Has $595.37 Million Position in Banco Santander, S.A. (NYSE:SAN)",urn:newsml:newsroom:20240503:nNRAsk36b3:0,NS:CERGEM,SAN.MC
2024-05-03 10:42:26.888,"Certuity LLC Takes Position in Banco Santander, S.A. (NYSE:SAN)",urn:newsml:newsroom:20240503:nNRAsjtcd6:0,NS:TRADAJ,SAN.MC
2024-05-03 00:17:33.383,Investors concerned as Banco Santander down in recent days,urn:newsml:newsroom:20240503:nNRAsjnw8k:0,NS:GLOSTO,SAN.MC
2024-05-02 17:27:19.092,"German trading: Banco Santander (BSD2: EUR4.57) keeps sliding, down 6.0% in 3 days; -29c [6.0%] Vol Index 4.2 [1 is avg]",urn:newsml:newsroom:20240502:nNRAsjhint:0,NS:GERCOM,SAN.MC
2024-05-02 16:17:28.796,Banco Santander (SAN: EUR4.57) in bottom 1% performers of IBEX 35 Index; -18c [3.8%],urn:newsml:newsroom:20240502:nNRAsjgt4u:0,NS:GLOSTO,SAN.MC
2024-05-02 13:06:14.000,"UPDATE 2-Sabadell taps advisers for BBVA options after takeover offer, sources say",urn:newsml:reuters.com:20240502:nL1N3H50HN:3,NS:RTRS,SAN.MC
2024-05-02 05:12:34.506,From Santander to Inditex: these are the dividends coming up in May,urn:newsml:newsroom:20240502:nNRAsj9b8w:0,NS:NOTENG,SAN.MC
2024-05-02 00:00:00.000,CaixaBank chooses to stay in Spain while the sector looks for new markets,urn:newsml:newsroom:20240503:nNRAsjorxj:0,NS:NOTENG,SAN.MC
2024-05-01 21:10:21.734,"GAMMA Investing LLC Makes New $70,000 Investment in Banco Santander, S.A. (NYSE:SAN)",urn:newsml:newsroom:20240501:nNRAsj5r92:0,NS:AMEBAN,SAN.MC
2024-05-01 17:49:38.000,FACTBOX-Spain's BBVA offers 12 bln euros to win over Sabadell,urn:newsml:reuters.com:20240501:nL1N3H41X1:1,NS:RTRS,SAN.MC
2024-05-01 17:34:53.000,FACTBOX-Spain's BBVA offers 12 bln euros to win over Sabadell,urn:newsml:reuters.com:20240501:nL8N3H4469:2,NS:RTRS,SAN.MC
2024-05-01 14:53:26.580,How Banco Santander's Tax Rate compares to Its Peers,urn:newsml:newsroom:20240501:nNRAsj2ga4:0,NS:GLOROU,SAN.MC
2024-05-01 09:03:24.659,Banco Santander (LON:BNC) Hits New 12-Month High at $423.00,urn:newsml:newsroom:20240501:nNRAsiyg2b:0,NS:TRADAJ,SAN.MC
2024-05-01 07:21:32.017,"(EN) Banco Santander, S.A. Quarterly Presentation (78849602)",urn:newsml:reuters.com:20240501:nGLF16BK9W:4,NS:GLFILE,SAN.MC
2024-05-01 06:13:32.446,"Spanish banking sector closes a historic quarter in profits, while a new phase of mergers begins",urn:newsml:newsroom:20240501:nNRAsiwbim:0,NS:NOTENG,SAN.MC
2024-05-01 04:13:06.338,Q1 2024 Banco Santander Brasil SA Earnings Call Transcript,urn:newsml:newsroom:20240501:nNRAsivg6e:0,NS:GURCOM,SAN.MC
2024-05-01 03:16:31.553,"(EN) Banco Santander, S.A. ESG-Env Pol (78844199)",urn:newsml:reuters.com:20240430:nGLF3X4fz6:5,NS:GLFILE,SAN.MC
2024-04-30 22:42:38.003,Banco Santander: Q1 Earnings Snapshot,urn:newsml:reuters.com:20240430:nNRAsitxxr:1,NS:ASSOPR,SAN.MC
2024-04-30 18:27:39.909,"(EN) Banco Santander, S.A. Interim Q1 (78826022)",urn:newsml:reuters.com:20240430:nGLF7M15Bk:10,NS:GLFILE,SAN.MC
2024-04-30 17:04:06.000,UPDATE 5-Spain's BBVA takes aim again at $10 bln Sabadell,urn:newsml:reuters.com:20240430:nL8N3H35V5:11,NS:RTRS,SAN.MC
2024-04-30 17:00:21.307,First Quarter 2024 Earnings,urn:newsml:newsroom:20240430:nVMN7H0xha:0,NS:CMNW,SAN.MC
2024-04-30 16:34:10.000,Banco Santander SA - Q1 2024 Fix income presentation,urn:newsml:reuters.com:20240430:nNDLbqFZF1:1,NS:PUBT,SAN.MC
2024-04-30 16:09:56.000,Banco Santander SA - Climate Finance Report 2023 (solo disponible en inglés),urn:newsml:reuters.com:20240430:nNDLsg38s:1,NS:PUBT,SAN.MC
2024-04-30 16:09:24.000,Banco Santander SA - Climate Finance Report 2023,urn:newsml:reuters.com:20240430:nNDL95QgtF:1,NS:PUBT,SAN.MC
2024-04-30 15:46:30.000,Banco Santander-Chile reports results for the quarter ended in January - Earnings Summary,urn:newsml:reuters.com:20240430:nL8N3H38GR:1,NS:RTRS,SAN.MC
2024-04-30 15:08:34.000,UPDATE 2-Santander Brasil posts 41% jump in first-quarter profit; shares rise,urn:newsml:reuters.com:20240430:nL1N3H30ZE:1,NS:RTRS,SAN.MC
2024-04-30 14:13:39.763,"Banco Santander, S.A. (NYSE:SAN) Holdings Increased by Naviter Wealth LLC",urn:newsml:newsroom:20240430:nNRAsini4j:0,NS:CERGEM,SAN.MC
2024-04-30 13:51:28.706,Banco Santander-Chile: Q1 Earnings Snapshot,urn:newsml:reuters.com:20240430:nNRAsimpi3:1,NS:ASSOPR,SAN.MC
2024-04-30 13:41:31.462,"Santander earns 2,852 million in the first quarter (+11%), and reiterates annual targets",urn:newsml:newsroom:20240430:nNRAsimtai:0,NS:CENAFT,SAN.MC
2024-04-30 13:17:00.176,Santander profits jump but lower margins in UK,urn:newsml:newsroom:20240430:nNRAsijwr6:0,NS:PROUKA,SAN.MC
2024-04-30 13:13:26.634,Large Spanish banks increased their profit by 17.2% in the first quarter to 6.6 billion euros,urn:newsml:newsroom:20240430:nNRAsimlfn:0,NS:NOTENG,SAN.MC
2024-04-30 12:57:15.000,Banco Santander-Chile - Management Commentary (Inglés),urn:newsml:reuters.com:20240430:nNDL2LTgqk:1,NS:PUBT,SAN.MC
2024-04-30 12:12:02.262,"Santander earns $2,852 million in the first quarter of the year",urn:newsml:newsroom:20240430:nNRAsilyk1:0,NS:NOTENG,SAN.MC
2024-04-30 12:00:27.000,Banco Santander SA reports results for the quarter ended in March - Earnings Summary,urn:newsml:reuters.com:20240430:nL8N3H35RR:1,NS:RTRS,SAN.MC
2024-04-30 12:00:00.086,Banco Santander-Chile Announces First Quarter 2024 Earnings,urn:newsml:reuters.com:20240430:nGNX7DRPhN:1,NS:GNW,SAN.MC
2024-04-30 12:00:00.000,Q1 2024 Banco Santander Brasil SA Earnings Call - Final,urn:newsml:newsroom:20240507:nNRAslhtp1:0,NS:FDFAIR,SAN.MC
2024-04-30 12:00:00.000,Q1 2024 Santander Bank Polska SA Earnings Call,urn:newsml:reuters.com:20240430:nTRN4LhdqD:1,NS:TRANS,SAN.MC
2024-04-30 11:13:12.889,"Santander Says NII In Spain Could Start Falling On Quarterly Basis In Q3, Q4",urn:newsml:reuters.com:20240430:nRSD3WMSc9:1,NS:SIGDEV,SAN.MC
2024-04-30 11:01:14.000,"BRIEF-Santander Says NII In Spain Could Start Falling On  Quarterly Basis In Q3, Q4",urn:newsml:reuters.com:20240430:nS0N3BV01W:1,NS:RTRS,SAN.MC
2024-04-30 10:57:18.322,"Banco Santander, S.A. (SAN) Q1 2024 Earnings Call Transcript",urn:newsml:newsroom:20240430:nNRAsil0jp:0,NS:SEECOM,SAN.MC
2024-04-30 10:38:02.000,"Banco Santander SA - Senior Preferred, Serie 1974",urn:newsml:reuters.com:20240430:nNDL7bXH7n:1,NS:PUBT,SAN.MC
2024-04-30 10:27:39.000,UPDATE 4-Santander sees higher profitability in 2024 as Spanish business outperforms,urn:newsml:reuters.com:20240430:nL8N3H310B:1,NS:RTRS,SAN.MC
2024-04-30 10:27:01.187,"Banco Santander Q1 2024 GAAP EPS $0.18 Misses $0.19 Estimate, Sales $16.703B Up From $14.942B YoY",urn:newsml:newsroom:20240430:nNRAsikdlt:0,NS:BENZIN,SAN.MC
2024-04-30 10:17:56.000,Brazil's Santander posts 41% jump in first-quarter profit,urn:newsml:reuters.com:20240430:nS0N3GC059:2,NS:RTRS,SAN.MC
2024-04-30 10:12:33.128,"Banco Santander earns 2,852 million euros through March, up 11%.",urn:newsml:newsroom:20240430:nNRAsikai4:0,NS:NOTENG,SAN.MC
2024-04-30 10:12:19.072,Large banks boost profit 17% in the first quarter to almost 6.7 billion euros,urn:newsml:newsroom:20240430:nNRAsik7ud:0,NS:NOTENG,SAN.MC
2024-04-30 09:53:15.728,"Santander BP lender wants to keep low CoR, counts on interest margin stabilisation",urn:newsml:reuters.com:20240430:nNRAsijyde:1,NS:PAPINS,SAN.MC
2024-04-30 09:52:02.072,Santander Says ROTE Of 16% For 2024 Implies Net Profit Of Above 12 Bln Euros,urn:newsml:reuters.com:20240430:nRSD90pNtH:1,NS:SIGDEV,SAN.MC
2024-04-30 09:36:11.000,BRIEF-Santander Says ROTE Of 16% For 2024 Implies Net Profit Of Above 12 Bln Euros,urn:newsml:reuters.com:20240430:nS0N3BV01V:1,NS:RTRS,SAN.MC
2024-04-30 09:14:43.109,Santander Sees NII Growing At A Low Single-Digit In Spain In 2024,urn:newsml:reuters.com:20240430:nRSD6WZT0p:1,NS:SIGDEV,SAN.MC
2024-04-30 09:00:51.000,BRIEF-Santander Sees NII Growing At A Low Single-Digit In Spain In 2024,urn:newsml:reuters.com:20240430:nS0N3BV01J:1,NS:RTRS,SAN.MC
2024-04-30 08:41:35.000,UPDATE 3-Santander's Polish unit first-quarter profit beats expectations,urn:newsml:reuters.com:20240430:nL1N3H30EX:5,NS:RTRS,SAN.MC
2024-04-30 08:29:58.000,Banco Santander SA - First Quarter 2024 Financial report,urn:newsml:reuters.com:20240430:nNDL5Qx6ND:1,NS:PUBT,SAN.MC
2024-04-30 08:13:53.867,"Santander's profit rose 11% to 2.582 billion, driven by higher revenues",urn:newsml:newsroom:20240430:nNRAsij2oj:0,NS:NOTENG,SAN.MC
2024-04-30 08:13:36.091,"Banco Santander earns 2,852 million euros through March, up 11%.",urn:newsml:newsroom:20240430:nNRAsij68r:0,NS:NOTENG,SAN.MC
2024-04-30 08:13:29.429,"Big banks earn 6,566 million in the first quarter and pay almost 1,500 million for the banking tax",urn:newsml:newsroom:20240430:nNRAsij9oi:0,NS:NOTENG,SAN.MC
2024-04-30 08:13:21.500,"Banco Santander achieves its best start of the year: 2,852 million in revenues through March, up 11%.",urn:newsml:newsroom:20240430:nNRAsiism9:0,NS:NOTENG,SAN.MC
2024-04-30 08:11:39.000,"LIVE MARKETS-STOXX 600 soft, autos weigh",urn:newsml:reuters.com:20240430:nL8N3H32ZG:2,NS:RTRS,SAN.MC
2024-04-30 08:05:27.000,Banco Santander SA - First quarter 2024 Earnings presentation,urn:newsml:reuters.com:20240430:nNDL4mjb88:1,NS:PUBT,SAN.MC
2024-04-30 08:04:47.000,Banco Santander SA - 1Q2024 Earnings presentation: Supplementary Info,urn:newsml:reuters.com:20240430:nNDL1jPST4:1,NS:PUBT,SAN.MC
2024-04-30 08:01:56.324,"Banco Santander GAAP EPS of €0.17, net interest income of €11.98B",urn:newsml:newsroom:20240430:nNRAsiiz1o:0,NS:SEECOM,SAN.MC
2024-04-30 07:53:17.319,Santander BP lender posts PLN 1.56 bln attrib. net profit in Q1 vs PLN 1.43 bln expected,urn:newsml:reuters.com:20240430:nNRAsiinig:1,NS:PAPINS,SAN.MC
2024-04-30 07:10:17.839,Santander UK Sees 2024 Banking NIM Lower Than 2023,urn:newsml:reuters.com:20240430:nRSD7VdLKK:1,NS:SIGDEV,SAN.MC
2024-04-30 06:40:38.239,First quarter profit rises for Spanish bank Santander,urn:newsml:newsroom:20240430:nNRAsiifcn:0,NS:DPAENG,SAN.MC
2024-04-30 06:39:34.000,Spanish stocks - Factors to watch on April 30,urn:newsml:reuters.com:20240430:nL8N3H270H:1,NS:RTRS,SAN.MC
2024-04-30 06:36:07.000,LIVE MARKETS-European futures inch up after earnings wave,urn:newsml:reuters.com:20240430:nL8N3H327G:2,NS:RTRS,SAN.MC
2024-04-30 06:16:17.441,REG - Santander UKGrp Hdgs Santander UK Plc - Quarterly Management Statement - Q1 2024,urn:newsml:newsroom:20240430:nRSd4845Ma:0,NS:LSE,SAN.MC
2024-04-30 06:15:00.000,REG - Santander UKGrp Hdgs Santander UK Plc  - Quarterly Management Statement - Q1 2024,urn:newsml:reuters.com:20240430:nRSd4845Ma:1,NS:LSE,SAN.MC
2024-04-30 06:14:26.496,Santander Q1 Profit Rises; Says On Track To Meet Its 2024 Targets,urn:newsml:newsroom:20240430:nNRAsiia94:0,NS:RTTNEW,SAN.MC
2024-04-30 06:03:10.472,REG - Banco Santander S.A. - 1Q 2024 results report & earnings presentation,urn:newsml:newsroom:20240430:nRSd5623Ma:0,NS:LSE,SAN.MC
2024-04-30 06:00:06.000,REG - Banco Santander S.A.  - 1Q 2024 results report & earnings presentation,urn:newsml:reuters.com:20240430:nRSd5623Ma:1,NS:LSE,SAN.MC
2024-04-30 05:46:17.460,"Santander BP Q1 Net Profit At 1.56 Bln Zlotys, Above Expectations",urn:newsml:reuters.com:20240430:nRSD59FPWr:1,NS:SIGDEV,SAN.MC
2024-04-30 05:35:16.000,Santander's Polish unit Q1 net profit up 31% y/y,urn:newsml:reuters.com:20240430:nL8N3H311E:1,NS:RTRS,SAN.MC
2024-04-30 05:24:34.000,Banco Santander SA - Wealth Management and Insurance,urn:newsml:reuters.com:20240430:nNDL6gMc63:1,NS:PUBT,SAN.MC
2024-04-30 05:24:34.000,Banco Santander SA - Payments,urn:newsml:reuters.com:20240430:nNDL6NqTy6:1,NS:PUBT,SAN.MC
2024-04-30 05:24:30.000,Banco Santander SA - Corporate and Investment Banking,urn:newsml:reuters.com:20240430:nNDL1QyjQW:1,NS:PUBT,SAN.MC
2024-04-30 05:24:27.000,Banco Santander SA - Digital Consumer Bank,urn:newsml:reuters.com:20240430:nNDL9wZpNN:1,NS:PUBT,SAN.MC
2024-04-30 05:24:24.000,Banco Santander SA - Retail and Commercial Banking,urn:newsml:reuters.com:20240430:nNDL7fTBM0:1,NS:PUBT,SAN.MC
2024-04-30 05:24:19.000,Banco Santander SA - Q1 2024 Earnings Presentation (Supplementary information),urn:newsml:reuters.com:20240430:nNDL9d2HkG:1,NS:PUBT,SAN.MC
2024-04-30 05:03:03.975,Santander Q1 Net Profit At 2.85 Bln Euros,urn:newsml:reuters.com:20240430:nRSDcrTFS:1,NS:SIGDEV,SAN.MC
2024-04-30 05:00:52.000,Banco Santander SA - Q1 2024 Earnings Presentation,urn:newsml:reuters.com:20240430:nNDL3K13Lm:1,NS:PUBT,SAN.MC
2024-04-30 05:00:40.000,Banco Santander SA - Q1 2024 Financial Report,urn:newsml:reuters.com:20240430:nNDL992bPx:1,NS:PUBT,SAN.MC
2024-04-30 04:56:38.402,Santander Q1 CET1 Capital Ratio 12%,urn:newsml:reuters.com:20240430:nRSD5b8kzc:1,NS:SIGDEV,SAN.MC
2024-04-30 04:53:29.000,BRIEF-Santander Q1 Net Profit At 2.85 Bln Euros,urn:newsml:reuters.com:20240430:nFWN3H23HJ:1,NS:RTRS,SAN.MC
2024-04-30 04:53:10.000,Santander's Q1 net profit up 11% compared to same period in 2023,urn:newsml:reuters.com:20240430:nL5N3GY8TV:3,NS:RTRS,SAN.MC
2024-04-30 04:45:52.919,BRIEF-Santander Q1 CET1 Capital Ratio 12%,urn:newsml:reuters.com:20240430:nPlx61P8gG:1,NS:RTRS,SAN.MC
2024-04-30 00:00:00.000,"Santander points to a ""very good quarter"" in mortgages with the recovery of business credit for investment",urn:newsml:newsroom:20240501:nNRAsizqud:0,NS:NOTENG,SAN.MC
2024-04-30 00:00:00.000,"Santander achieves the best first quarter in its history and earns 2,852 million euros",urn:newsml:newsroom:20240501:nNRAsiu65b:0,NS:NOTENG,SAN.MC
2024-04-29 20:30:17.941,Reports losses of 2.65 million euros and a 20% drop in sales in 2023,urn:newsml:newsroom:20240429:nVMNmNjKva:0,NS:CMNW,SAN.MC
2024-04-29 20:07:52.277,"Ewa LLC Makes New Investment in Banco Santander, S.A. (NYSE:SAN)",urn:newsml:newsroom:20240429:nNRAsib933:0,NS:DAILYQ,SAN.MC
2024-04-29 14:52:15.739,How Banco Santander's Tax Rate compares to Its Peers,urn:newsml:newsroom:20240429:nNRAsi81qb:0,NS:GLOROU,SAN.MC
2024-04-29 11:58:36.000,UPDATE 5-BBVA lifts profit view on higher lending income in Spain,urn:newsml:reuters.com:20240429:nL8N3H20N7:1,NS:RTRS,SAN.MC
2024-04-29 11:42:38.000,LIVE MARKETS-June ECB cut looks to be on track after inflation test,urn:newsml:reuters.com:20240429:nL8N3H243P:2,NS:RTRS,SAN.MC
2024-04-29 11:24:15.000,LIVE MARKETS-Not so sunny Spain,urn:newsml:reuters.com:20240429:nL8N3H23WS:1,NS:RTRS,SAN.MC
2024-04-29 11:15:38.000,EARNINGS POLL-Santander Bank Polska first quarter profit is forecast to rise 20%,urn:newsml:reuters.com:20240429:nL8N3H22KL:1,NS:RTRS,SAN.MC
2024-04-29 10:07:59.235,Banco Santander SA's Dividend Analysis,urn:newsml:newsroom:20240429:nNRAsi56qx:0,NS:GURCOM,SAN.MC
2024-04-29 10:07:33.895,Banco Santander (Brasil) (BSBR) Set to Announce Quarterly Earnings on Tuesday,urn:newsml:newsroom:20240429:nNRAsi5r9o:0,NS:CERGEM,SAN.MC
2024-04-29 09:38:24.799,Banco Santander (Brasil) (BSBR) Set to Announce Quarterly Earnings on Tuesday,urn:newsml:newsroom:20240429:nNRAsi5eno:0,NS:ZOLCOM,SAN.MC
2024-04-29 09:07:22.878,Banco Santander (LON:BNC) Reaches New 52-Week High at $423.00,urn:newsml:newsroom:20240429:nNRAsi4dws:0,NS:AMEBAN,SAN.MC
2024-04-29 06:17:33.950,Weekly: Banco Santander (SAN: EUR4.85) in top 2% performers of IBEX 35 Index in past week; +34c [7.5%],urn:newsml:newsroom:20240429:nNRAsi2u8r:0,NS:GLOSTO,SAN.MC
2024-04-29 00:19:09.361,Monday's Preview: Can Banco Santander continue its recent gains?,urn:newsml:newsroom:20240429:nNRAsi00xr:0,NS:GLOSTO,SAN.MC
2024-04-28 12:13:20.457,"Banco Santander, S.A. (NYSE:SAN) Raises Dividend to $0.10 Per Share",urn:newsml:newsroom:20240428:nNRAshxg4o:0,NS:MARDAJ,SAN.MC
2024-04-28 07:48:31.148,Banco Santander (SAN) Set to Announce Earnings on Tuesday,urn:newsml:newsroom:20240428:nNRAshtvvl:0,NS:TRADAJ,SAN.MC
2024-04-28 00:12:03.813,Abbott Fourth Quarter 13F Filing: Banco Santander decreases its shareholding by 22.3%,urn:newsml:newsroom:20240428:nNRAshs9se:0,NS:NEWWIR,SAN.MC
2024-04-27 20:12:02.922,Verallia Société Anonyme (VRLAF) Q1 2024 Earnings Call Transcript,urn:newsml:newsroom:20240427:nNRAshr0sv:0,NS:SEECOM,SAN.MC
2024-04-27 14:12:08.310,Caterpillar Fourth Quarter 13F Filing: Banco Santander trims its shareholding by 0.6%,urn:newsml:newsroom:20240427:nNRAshoa6o:0,NS:NEWWIR,SAN.MC
2024-04-27 12:43:39.199,"Banco Santander, S.A. (LON:BNC) Plans Dividend Increase – €0.10 Per Share",urn:newsml:newsroom:20240427:nNRAsho47y:0,NS:DAILYQ,SAN.MC
2024-04-27 11:33:16.029,"Banco Santander, S.A. (NYSE:SAN) Shares Bought by OLD National Bancorp IN",urn:newsml:newsroom:20240427:nNRAshnid7:0,NS:TRADAJ,SAN.MC
2024-04-27 04:22:06.591,Weekly: Banco Santander (SAN: EUR4.85) in top 2% performers of IBEX 35 Index in past week; +34c [7.5%],urn:newsml:newsroom:20240427:nNRAshl2ji:0,NS:GLOWEE,SAN.MC
2024-04-26 16:22:28.173,Weekly: Banco Santander (SAN: EUR4.85) in top 2% performers of IBEX 35 Index in past week; +34c [7.5%],urn:newsml:newsroom:20240426:nNRAshf19c:0,NS:GLOWEE,SAN.MC
2024-04-26 16:21:31.983,"Newscasts - Europe Markets Briefing: EZ inflation, GDP data could set stage for ECB rate cut",urn:newsml:reuters.com:20240426:nRTV45s67x:8,NS:RTRS,SAN.MC
2024-04-26 16:17:25.522,Banco Santander (SAN: EUR4.85) offers dividend yield of 2.9%; +18c [3.9%] Vol Index 1.3 [1 is avg],urn:newsml:newsroom:20240426:nNRAshfb7g:0,NS:GLOSTO,SAN.MC
2024-04-26 14:51:00.000,Banco Santander SA - 16 years FIXED rate Senior Preferred Estructurado 04/40 SPE 020,urn:newsml:reuters.com:20240426:nNDL6KYv64:1,NS:PUBT,SAN.MC
2024-04-26 13:12:19.007,"Apê11, Santander's real estate agency, tries to gain momentum with service to buy property with a car as a down payment",urn:newsml:newsroom:20240426:nNRAshbz8f:0,NS:NOTENG,SAN.MC
2024-04-26 11:06:11.000,Banco Santander SA <SAN.N> expected to post earnings of 18 cents a share - Earnings Preview,urn:newsml:reuters.com:20240426:nL5N3GZ4DO:1,NS:RTRS,SAN.MC
2024-04-26 11:04:12.000,Banco Santander SA <SAN.MC> expected to post earnings of 18 cents a share - Earnings Preview,urn:newsml:reuters.com:20240426:nL5N3GZ4CW:1,NS:RTRS,SAN.MC
2024-04-26 10:13:02.302,Banco Santander (NYSE:SAN) Sets New 52-Week High at $5.05,urn:newsml:newsroom:20240426:nNRAsh9rix:0,NS:AMEBAN,SAN.MC
2024-04-26 10:08:28.619,Banco Santander (NYSE:SAN) Sets New 52-Week High at $5.05,urn:newsml:newsroom:20240426:nNRAsh8y21:0,NS:ZOLCOM,SAN.MC
2024-04-26 09:08:18.365,"Raymond James Financial Services Advisors Inc. Sells 5,384 Shares of Banco Santander, S.A. (NYSE:SAN)",urn:newsml:newsroom:20240426:nNRAsh8ajq:0,NS:AMEBAN,SAN.MC
2024-04-25 13:06:12.000,Spreads set for SC Germany Consumer 2024-1 German STS ABS,urn:newsml:reuters.com:20240425:nIfp9KBFh1:1,NS:IFR,SAN.MC
2024-04-24 18:09:58.364,Banco Santander (NYSE:SAN) Reaches New 1-Year High at $5.05,urn:newsml:newsroom:20240424:nNRAsgml9t:0,NS:DAILYQ,SAN.MC
2024-04-24 14:28:18.000,Banco Santander-Chile <BSAC.N> expected to post earnings of 36 cents a share - Earnings Preview,urn:newsml:reuters.com:20240424:nL5N3GX6N7:1,NS:RTRS,SAN.MC
2024-04-24 14:07:41.301,How Banco Santander's Tax Rate compares to Its Peers,urn:newsml:newsroom:20240424:nNRAsgjxg4:0,NS:GLOSTO,SAN.MC
2024-04-24 13:27:32.351,"Banco Santander, S.A. (NYSE:SAN) Position Boosted by PDS Planning Inc",urn:newsml:newsroom:20240424:nNRAsgilp6:0,NS:DAILYQ,SAN.MC
2024-04-24 13:23:03.282,"Banco Santander, S.A. (NYSE:SAN) Shares Acquired by PDS Planning Inc",urn:newsml:newsroom:20240424:nNRAsgivlj:0,NS:TICREP,SAN.MC
2024-04-24 11:17:27.319,Intel Fourth Quarter 13F Filing: Banco Santander cuts 9.0% of its shares,urn:newsml:newsroom:20240424:nNRAsggo8f:0,NS:NEWWIR,SAN.MC
2024-04-23 18:17:13.446,Intel Fourth Quarter 13F Filing: Banco Santander cuts 9.0% of its shares,urn:newsml:newsroom:20240423:nNRAsg6xdz:0,NS:NEWWIR,SAN.MC
2024-04-23 17:59:42.000,Banco Santander-Chile - Pilar III – Market Discipline (English,urn:newsml:reuters.com:20240423:nNDL8X3w8w:1,NS:PUBT,SAN.MC
2024-04-23 13:21:08.000,Banco Santander-Chile - Integrated Annual Report 2023 (English version),urn:newsml:reuters.com:20240423:nNDL2vy761:1,NS:PUBT,SAN.MC
2024-04-23 11:09:17.076,"Signaturefd LLC Acquires 37,418 Shares of Banco Santander, S.A. (NYSE:SAN)",urn:newsml:newsroom:20240423:nNRAsg2ivl:0,NS:TRADAJ,SAN.MC
2024-04-23 10:43:54.148,Banco Santander (Brasil) (BSBR) Set to Announce Earnings on Tuesday,urn:newsml:newsroom:20240423:nNRAsg28g9:0,NS:TRADAJ,SAN.MC
2024-04-23 10:04:09.291,REG - Banco Santander S.A. - Notice of First Quarter 2024 Results,urn:newsml:newsroom:20240423:nRSW6935La:0,NS:LSE,SAN.MC
2024-04-23 10:03:53.000,REG - Banco Santander S.A.  - Notice of First Quarter 2024 Results,urn:newsml:reuters.com:20240423:nRSW6935La:1,NS:LSE,SAN.MC
2024-04-23 06:07:37.824,How Banco Santander's Tax Rate compares to Its Peers,urn:newsml:newsroom:20240423:nNRAsfzk3c:0,NS:GLOSTO,SAN.MC
2024-04-23 00:17:20.313,Investors look to see if Banco Santander's recent rally will continue,urn:newsml:newsroom:20240423:nNRAsfw8ks:0,NS:GLOSTO,SAN.MC
2024-04-22 19:08:18.590,Banco Santander (LON:BNC) Reaches New 52-Week High at $403.06,urn:newsml:newsroom:20240422:nNRAsfu5s8:0,NS:CERGEM,SAN.MC
2024-04-22 19:08:13.635,Banco Santander (NYSE:SAN) Sees Strong Trading Volume,urn:newsml:newsroom:20240422:nNRAsfukf9:0,NS:CERGEM,SAN.MC
2024-04-22 16:17:07.449,Banco Santander (SAN: EUR4.67) in top 1% performers of IBEX 35 Index; +16c [3.5%],urn:newsml:newsroom:20240422:nNRAsfqju9:0,NS:GLOSTO,SAN.MC
2024-04-22 06:17:22.591,Weekly: Banco Santander (SAN: EUR4.51) increases 1.3% on average volume; +6c [1.3%],urn:newsml:newsroom:20240422:nNRAsfl02m:0,NS:GLOSTO,SAN.MC
2024-04-22 05:00:00.000,PREVIEW-Europe's bank earnings to offer interest rate reality check,urn:newsml:reuters.com:20240422:nL5N3GS26G:7,NS:RTRS,SAN.MC
2024-04-22 04:48:00.117,"If I'd put £5,000 into Santander shares 1 year ago, here's how much I'd have now",urn:newsml:newsroom:20240422:nNRAsfjw5s:0,NS:MOTFOO,SAN.MC
2024-04-22 00:17:23.013,Can Banco Santander rebound after recent dip?,urn:newsml:newsroom:20240422:nNRAsfjm5t:0,NS:GLOSTO,SAN.MC
2024-04-20 17:16:58.207,Banco Santander (LON:BNC) Share Price Crosses Above Fifty Day Moving Average of $352.62,urn:newsml:newsroom:20240420:nNRAsfb17q:0,NS:CERGEM,SAN.MC
2024-04-20 17:08:06.736,Banco Santander (LON:BNC) Share Price Crosses Above Fifty Day Moving Average of $352.62,urn:newsml:newsroom:20240420:nNRAsfb2cc:0,NS:TICREP,SAN.MC
2024-04-20 04:27:08.269,Weekly: Banco Santander (SAN: EUR4.51) increases 1.3% on average volume; +6c [1.3%],urn:newsml:newsroom:20240420:nNRAsf6qbs:0,NS:GLOWEE,SAN.MC
2024-04-20 01:37:06.581,"Evolution Wealth Advisors LLC Purchases 31,470 Shares of Banco Santander, S.A. (NYSE:SAN)",urn:newsml:newsroom:20240420:nNRAsf5eke:0,NS:WATNEW,SAN.MC
2024-04-19 16:22:43.468,Weekly: Banco Santander (SAN: EUR4.51) increases 1.3% on average volume; +6c [1.3%],urn:newsml:newsroom:20240419:nNRAsf1lha:0,NS:GLOWEE,SAN.MC
2024-04-19 16:17:22.950,Banco Santander (SAN: EUR4.51) decreases on firm volume; -3c [0.7%],urn:newsml:newsroom:20240419:nNRAsf1lfj:0,NS:GLOSTO,SAN.MC
2024-04-19 15:42:05.595,Boeing Fourth Quarter 13F Filing: Banco Santander cuts 6.8% of its shares,urn:newsml:newsroom:20240419:nNRAsf0z63:0,NS:NEWWIR,SAN.MC
2024-04-19 06:57:47.379,Banco Santander (Brasil) (NYSE:BSBR) and DNB Bank ASA (OTCMKTS:DNBBY) Financial Contrast,urn:newsml:newsroom:20240419:nNRAsesm8b:0,NS:ZOLCOM,SAN.MC
2024-04-19 00:17:37.033,Can Banco Santander continue its gains?,urn:newsml:newsroom:20240419:nNRAsepk8j:0,NS:GLOSTO,SAN.MC
2024-04-18 19:53:20.000,Banco Santander-Chile - Communication of material fact – Shareholders' Meeting - Form 6-K,urn:newsml:reuters.com:20240418:nNDLYk35q:1,NS:PUBT,SAN.MC
2024-04-18 16:26:11.478,Banco Santander (SAN: EUR4.54) up 4.1% in 2 days; +18c [4.1%],urn:newsml:newsroom:20240418:nNRAsekrcd:0,NS:GLOSTO,SAN.MC
2024-04-18 16:22:29.256,Boeing Fourth Quarter 13F Filing: Banco Santander continued to decrease its shareholding,urn:newsml:newsroom:20240418:nNRAsekpea:0,NS:NEWWIR,SAN.MC
2024-04-18 15:26:18.918,Santander Bank Polska Contribution To Restructuring Fund Set At 233.1 Mln Zlotys,urn:newsml:reuters.com:20240418:nRSD19YZr9:1,NS:SIGDEV,SAN.MC
2024-04-18 08:52:43.315,Santander BP to pay PLN 4.56 bln dividend,urn:newsml:reuters.com:20240418:nNRAsed9sx:1,NS:PAPINS,SAN.MC
2024-04-18 05:12:32.458,"Santander is exploring the sale of 100 M of Antolin's debt in view of 1,150 M maturities",urn:newsml:newsroom:20240418:nNRAseb4s4:0,NS:NOTENG,SAN.MC
2024-04-18 00:16:28.994,Thursday's Preview: Can Banco Santander continue its recent gains?,urn:newsml:newsroom:20240418:nNRAsea6wq:0,NS:GLOSTO,SAN.MC
2024-04-17 16:16:17.039,"Banco Santander (SAN: EUR4.42) inches higher, resistance at 12-day EMA; +6c [1.4%]",urn:newsml:newsroom:20240417:nNRAse4qff:0,NS:GLOSTO,SAN.MC
2024-04-17 15:06:48.892,How Banco Santander's Tax Rate compares to Its Peers,urn:newsml:newsroom:20240417:nNRAse4kct:0,NS:GLOSTO,SAN.MC
2024-04-17 14:57:52.000,UPDATE 2-Spain's Santander to exit mortgage business in Germany and cut 500 jobs,urn:newsml:reuters.com:20240417:nL5N3GQ4LG:1,NS:RTRS,SAN.MC
2024-04-17 13:35:38.000,Spain's Santander says it will exit mortgage business in Germany,urn:newsml:reuters.com:20240417:nS0N3BV01G:2,NS:RTRS,SAN.MC
2024-04-17 12:08:51.350,"Valeo Financial Advisors LLC Acquires 2,804 Shares of Banco Santander, S.A. (NYSE:SAN)",urn:newsml:newsroom:20240417:nNRAse291w:0,NS:AMEBAN,SAN.MC
2024-04-17 11:04:32.629,"Waldron Private Wealth LLC Takes $56,000 Position in Banco Santander, S.A. (NYSE:SAN)",urn:newsml:newsroom:20240417:nNRAse1z1x:0,NS:TICREP,SAN.MC
2024-04-17 10:27:06.833,"Valeo Financial Advisors LLC Acquires 2,804 Shares of Banco Santander, S.A. (NYSE:SAN)",urn:newsml:newsroom:20240417:nNRAse1o9s:0,NS:ZOLCOM,SAN.MC
2024-04-17 09:38:30.542,"Banco Santander, S.A. (NYSE:SAN) Shares Acquired by Sequoia Financial Advisors LLC",urn:newsml:newsroom:20240417:nNRAse06pj:0,NS:ZOLCOM,SAN.MC
2024-04-17 05:11:51.302,Room007 aims to close this year with 45 hostels and a turnover of 80 million euros.,urn:newsml:newsroom:20240417:nNRAsdyoaq:0,NS:NOTENG,SAN.MC
2024-04-17 00:16:22.045,Wednesday's Preview: Can Banco Santander rebound after being down?,urn:newsml:newsroom:20240417:nNRAsdwoyy:0,NS:GLOSTO,SAN.MC
2024-04-16 16:17:15.241,Banco Santander (SAN: EUR4.36) falls 2.5% on firm volume; -11c [2.5%] Vol Index 1.3 [1 is avg],urn:newsml:newsroom:20240416:nNRAsdsub0:0,NS:GLOSTO,SAN.MC
2024-04-16 11:28:44.197,"Banco Santander, S.A. (NYSE:SAN) Shares Acquired by Clarius Group LLC",urn:newsml:newsroom:20240416:nNRAsdooaj:0,NS:TRADAJ,SAN.MC
2024-04-16 11:28:37.514,"Banco Santander, S.A. (NYSE:SAN) Shares Bought by Clarius Group LLC",urn:newsml:newsroom:20240416:nNRAsdol86:0,NS:ZOLCOM,SAN.MC
2024-04-16 10:12:53.923,"Sapient Capital LLC Invests $178,000 in Banco Santander, S.A. (NYSE:SAN)",urn:newsml:newsroom:20240416:nNRAsdoc2o:0,NS:AMEBAN,SAN.MC
2024-04-16 00:17:19.334,Investors look to see if Banco Santander's recent rally will continue,urn:newsml:newsroom:20240416:nNRAsdj07a:0,NS:GLOSTO,SAN.MC
2024-04-15 16:17:12.195,Banco Santander (SAN: EUR4.47) strengthens above moving average price; +2c [0.4%],urn:newsml:newsroom:20240415:nNRAsdg8m6:0,NS:GLOSTO,SAN.MC
2024-04-15 14:37:10.830,Spain's Santander Bank to cut 500 jobs in Germany,urn:newsml:newsroom:20240415:nNRAsdey8e:0,NS:DPAENG,SAN.MC
2024-04-15 10:08:52.845,"30,933 Shares in Banco Santander, S.A. (NYSE:SAN) Purchased by Prime Capital Investment Advisors LLC",urn:newsml:newsroom:20240415:nNRAsdanud:0,NS:TRADAJ,SAN.MC
2024-04-14 18:21:54.445,DNB Bank ASA (OTCMKTS:DNBBY) versus Banco Santander (Brasil) (NYSE:BSBR) Financial Review,urn:newsml:newsroom:20240414:nNRAsd5pex:0,NS:TICREP,SAN.MC
2024-04-14 13:13:38.266,"Financial Counselors Inc. Raises Stock Holdings in Banco Santander, S.A. (NYSE:SAN)",urn:newsml:newsroom:20240414:nNRAsd5d6d:0,NS:AMEBAN,SAN.MC
2024-04-14 12:28:18.588,"Financial Counselors Inc. Acquires 4,843 Shares of Banco Santander, S.A. (NYSE:SAN)",urn:newsml:newsroom:20240414:nNRAsd58sc:0,NS:TRADAJ,SAN.MC
2024-04-13 04:27:42.347,Weekly: Banco Santander (SAN: EUR4.45) drops 3.1% on below average volume; -14c [3.1%],urn:newsml:newsroom:20240413:nNRAscv9ur:0,NS:GLOWEE,SAN.MC
2024-04-12 22:38:15.678,Banco Santander (LON:BNC) Stock Price Crosses Above Fifty Day Moving Average of $345.57,urn:newsml:newsroom:20240412:nNRAsct824:0,NS:WATNEW,SAN.MC
2024-04-12 17:07:16.841,German trading: Banco Santander (BSD2: EUR4.45) down 2.8% in 2 days; -13c [2.8%] Vol Index 2.9 [1 is avg],urn:newsml:newsroom:20240412:nNRAscr028:0,NS:GERCOM,SAN.MC
2024-04-12 16:22:33.057,Weekly: Banco Santander (SAN: EUR4.45) drops 3.1% on below average volume; -14c [3.1%],urn:newsml:newsroom:20240412:nNRAscqj0y:0,NS:GLOWEE,SAN.MC
2024-04-12 16:17:26.221,Banco Santander (SAN: EUR4.45) offers dividend yield of 3.2%; -1c [0.2%],urn:newsml:newsroom:20240412:nNRAscpy16:0,NS:GLOSTO,SAN.MC
2024-04-12 07:19:44.000,UK hires bookrunners for syndicated sale of 2054 gilt,urn:newsml:reuters.com:20240412:nL5N3GL17C:2,NS:RTRS,SAN.MC
2024-04-11 17:12:17.404,"German trading: Banco Santander (BSD2: EUR4.46) falls 2.6%, 4 days' volume in a day; -12c [2.6%] Vol Index 3.7 [1 is avg]",urn:newsml:newsroom:20240411:nNRAscdkkz:0,NS:GERCOM,SAN.MC
2024-04-11 16:17:17.182,Banco Santander (SAN: EUR4.46) falls 2.6% on firm volume; -12c [2.6%] Vol Index 1.2 [1 is avg],urn:newsml:newsroom:20240411:nNRAscchxm:0,NS:GLOSTO,SAN.MC
2024-04-11 16:08:18.000,Global - BlackRock to finance Santander PF,urn:newsml:reuters.com:20240411:nIfpb1QNFQ:1,NS:PFIE,SAN.MC
2024-04-11 13:01:19.742,BlackRock and Santander Partner on $600 Million Private Infrastructure Financing,urn:newsml:newsroom:20240411:nVMNVtMdxa:0,NS:CMNW,SAN.MC
2024-04-11 10:13:18.034,Major banks close the first quarter with earnings gains,urn:newsml:newsroom:20240411:nNRAsc6uxn:0,NS:NOTENG,SAN.MC
2024-04-11 10:00:00.256,BlackRock and Santander Partner on $600 Million Private Infrastructure Financing,urn:newsml:reuters.com:20240411:nBw94dZRSa:1,NS:BSW,SAN.MC
2024-04-11 08:02:48.979,Banco Santander (LON:BNC) Shares Pass Above 50 Day Moving Average of $345.57,urn:newsml:newsroom:20240411:nNRAsc5x0k:0,NS:ZOLCOM,SAN.MC
2024-04-11 06:13:04.503,Santander plans to roll out Openbank in the U.S. with an attractive deposit offering,urn:newsml:newsroom:20240411:nNRAsc3uwd:0,NS:NOTENG,SAN.MC
2024-04-11 01:24:31.000,Banco Santander (Brasil) SA - 04/10/2024 - Declaration and payment of Interest on Equity,urn:newsml:reuters.com:20240411:nNDLDY5l7:1,NS:PUBT,SAN.MC
2024-04-10 22:41:07.000,Banco Santander-Chile - Resumen Mensual Financiero Marzo 2024,urn:newsml:reuters.com:20240410:nNDL2kftg0:1,NS:PUBT,SAN.MC
2024-04-10 22:41:07.000,Banco Santander-Chile - Monthly Financial Summary March 2024,urn:newsml:reuters.com:20240410:nNDL1BBcy8:1,NS:PUBT,SAN.MC
2024-04-10 21:28:07.385,"(EN) Banco Santander, S.A. Social /Corporate Responsibility (78339149)",urn:newsml:reuters.com:20240410:nGLF9ZdZq1:5,NS:GLFILE,SAN.MC
2024-04-10 20:32:42.988,"(EN) Banco Santander, S.A. ESG (78338658)",urn:newsml:reuters.com:20240410:nGLF7q23GB:5,NS:GLFILE,SAN.MC
2024-04-10 19:46:52.397,"(EN) Banco Santander, S.A. Governance Principles / Guidelines (78338333)",urn:newsml:reuters.com:20240410:nGLF91cQ7y:4,NS:GLFILE,SAN.MC
2024-04-10 16:17:29.580,Banco Santander (SAN: EUR4.58) rises on increasing volatility; +1c [0.2%],urn:newsml:newsroom:20240410:nNRAsbvxqf:0,NS:GLOSTO,SAN.MC
2024-04-10 15:07:46.048,How Banco Santander's Tax Rate compares to Its Peers,urn:newsml:newsroom:20240410:nNRAsbuk7s:0,NS:GLOSTO,SAN.MC
2024-04-10 14:47:29.227,Are Investors Undervaluing Banco Santander (SAN) Right Now?,urn:newsml:reuters.com:20240410:nNRAsbuz68:1,NS:ZACKSC,SAN.MC
2024-04-10 14:43:18.577,Banco Santander (NYSE:SAN) Sees Large Volume Increase,urn:newsml:newsroom:20240410:nNRAsbv7na:0,NS:TICREP,SAN.MC
2024-04-10 14:08:12.580,Banco Santander (NYSE:SAN) Sees Unusually-High Trading Volume,urn:newsml:newsroom:20240410:nNRAsbupnn:0,NS:DAILYQ,SAN.MC
2024-04-10 00:00:00.000,"Ecopetrol slips away from peers, report downgrades profitability outlook",urn:newsml:newsroom:20240411:nNRAsc66i0:0,NS:NOTENG,SAN.MC
2024-04-09 16:16:58.989,Banco Santander (SAN: EUR4.57) drops 1.5% on increasing volatility; -7c [1.5%],urn:newsml:newsroom:20240409:nNRAsbez2q:0,NS:GLOSTO,SAN.MC
2024-04-09 11:30:06.421,How Banco Santander's Tax Rate compares to Its Peers,urn:newsml:newsroom:20240409:nNRAsb69vt:0,NS:GLOSTO,SAN.MC
2024-04-08 19:13:17.253,Banco Santander (NYSE:SAN) Sees Large Volume Increase,urn:newsml:newsroom:20240408:nNRAsb0ely:0,NS:MARDAJ,SAN.MC
2024-04-08 16:16:54.609,Banco Santander (SAN: EUR4.64) offers dividend yield of 3%; +5c [1.1%],urn:newsml:newsroom:20240408:nNRAsaym7e:0,NS:GLOSTO,SAN.MC
2024-04-08 10:42:17.659,"Ballentine Partners LLC Grows Stake in Banco Santander, S.A. (NYSE:SAN)",urn:newsml:newsroom:20240408:nNRAsat4lk:0,NS:ZOLCOM,SAN.MC
2024-04-08 10:16:01.607,"Ballentine Partners LLC Grows Stake in Banco Santander, S.A. (NYSE:SAN)",urn:newsml:newsroom:20240408:nNRAsaso53:0,NS:AMEBAN,SAN.MC
2024-04-08 06:00:00.000,"FOCUS-HSBC targets wealthy expats, bullish Asian firms to drive Europe unit, exec says",urn:newsml:reuters.com:20240408:nL5N3GB0VR:2,NS:RTRS,SAN.MC
2024-04-06 04:27:03.315,"Weekly: Banco Santander (SAN: EUR4.59) rises for an eighth consecutive week, an eight-week rise of 25%; +7c [1.5%]",urn:newsml:newsroom:20240406:nNRAsad34m:0,NS:GLOWEE,SAN.MC
2024-04-05 19:33:13.274,"Traveka Wealth LLC Makes New Investment in Banco Santander, S.A. (NYSE:SAN)",urn:newsml:newsroom:20240405:nNRAsa9qk0:0,NS:DAILYQ,SAN.MC
2024-04-05 19:32:14.452,"32,999 Shares in Banco Santander, S.A. (NYSE:SAN) Purchased by Traveka Wealth LLC",urn:newsml:newsroom:20240405:nNRAsa9udm:0,NS:TICREP,SAN.MC
2024-04-05 18:58:33.402,"GFS Advisors LLC Acquires 4,811 Shares of Banco Santander, S.A. (NYSE:SAN)",urn:newsml:newsroom:20240405:nNRAsa9bt7:0,NS:DAILYQ,SAN.MC
2024-04-05 18:57:22.298,"GFS Advisors LLC Has $128,000 Stock Position in Banco Santander, S.A. (NYSE:SAN)",urn:newsml:newsroom:20240405:nNRAsa95kx:0,NS:TICREP,SAN.MC
2024-04-05 16:22:33.436,"Weekly: Banco Santander (SAN: EUR4.59) rises for an eighth consecutive week, an eight-week rise of 25%; +7c [1.5%]",urn:newsml:newsroom:20240405:nNRAsa82k7:0,NS:GLOWEE,SAN.MC
2024-04-05 16:18:19.565,"Banco Santander (SAN: EUR4.59) loses EUR2 billion ($2 billion) (1.9%) in MCap, steepest heavyweight fall in Banks company; -9c [1.9%] Vol Index 1.2...",urn:newsml:newsroom:20240405:nNRAsa7lug:0,NS:GLOSTO,SAN.MC
2024-04-05 09:57:30.511,Banco Santander (NYSE:SAN) Reaches New 12-Month High at $4.90,urn:newsml:newsroom:20240405:nNRAsa239s:0,NS:TRADAJ,SAN.MC
2024-04-05 09:53:01.000,Santander hires Goldman Sachs vet to head up retail banking,urn:newsml:newsroom:20240406:nNRAsadyo0:0,NS:BOSBUS,SAN.MC
2024-04-05 09:18:29.336,Banco Santander (LON:BNC) Reaches New 1-Year High at $398.50,urn:newsml:newsroom:20240405:nNRAsa1axz:0,NS:TRADAJ,SAN.MC
2024-04-05 09:07:12.809,"Blue Trust Inc. Raises Stock Position in Banco Santander, S.A. (NYSE:SAN)",urn:newsml:newsroom:20240405:nNRAsa0y6w:0,NS:AMEBAN,SAN.MC
2024-04-04 16:17:10.236,"Banco Santander (SAN: EUR4.68) accelerates rise, up 3.5% in 2 days; +16c [3.5%]",urn:newsml:newsroom:20240404:nNRAs9thtf:0,NS:GLOSTO,SAN.MC
2024-04-03 20:05:17.000,"UPDATE 1-Diameter Capital's Goodwin sees value in failed Signature Bank's bonds, stock",urn:newsml:reuters.com:20240403:nL2N3GC2I2:2,NS:RTRS,SAN.MC
2024-04-03 17:17:23.265,Banco Santander (SAN: EUR4.58) hits year-high 15th time in one month; +6c [1.3%],urn:newsml:newsroom:20240403:nNRAs9gnru:0,NS:GLOSTO,SAN.MC
2024-04-02 14:43:07.502,Monthly: Banco Santander (SAN: EUR4.52) up 24% in 2 months,urn:newsml:newsroom:20240402:nNRAs8zj6d:0,NS:GLOSTP,SAN.MC
2024-04-02 12:46:18.000,RPT-FOCUS-Brazil's Pix payments are killing cash. Are credit cards next?,urn:newsml:reuters.com:20240402:nL2N3GB12A:6,NS:RTRS,SAN.MC
2024-04-02 08:00:00.000,FOCUS-Brazil's Pix payments are killing cash. Are credit cards next?,urn:newsml:reuters.com:20240402:nL2N3G51DZ:1,NS:RTRS,SAN.MC
2024-04-02 06:18:10.755,"Banco Santander Compendium - A Snapshot as of March 31, 2024",urn:newsml:newsroom:20240402:nNRAs8t8f6:0,NS:GLOSTO,SAN.MC
2024-04-02 06:17:41.570,Monthly: Banco Santander (SAN: EUR4.52) up 24% in 2 months,urn:newsml:newsroom:20240402:nNRAs8tdfi:0,NS:GLOSTO,SAN.MC
2024-04-02 06:09:13.177,How Banco Santander's Tax Rate compares to Its Peers,urn:newsml:newsroom:20240402:nNRAs8ssp8:0,NS:GLOSTO,SAN.MC
2024-04-02 04:27:47.948,Weekly: Banco Santander (SAN: EUR4.52) keeps rising: up 23% in 7 weeks; +24c [5.6%],urn:newsml:newsroom:20240402:nNRAs8sbhl:0,NS:GLOWEE,SAN.MC
2024-04-02 00:00:00.000,"CEO of Banco Santander: ""Chile faces the challenge of returning to the path of growth, to stand out in the region"".",urn:newsml:newsroom:20240403:nNRAs9akmb:0,NS:NOTENG,SAN.MC
2024-04-01 05:13:17.764,Santander competes with BNP to be the largest bank in the euro and catches air with BBVA,urn:newsml:newsroom:20240401:nNRAs8ezhq:0,NS:NOTENG,SAN.MC
2024-03-31 10:37:39.527,"Banco Santander, S.A. (NYSE:SAN) Shares Acquired by Schechter Investment Advisors LLC",urn:newsml:newsroom:20240331:nNRAs8bgjc:0,NS:TRADAJ,SAN.MC
2024-03-29 04:44:47.822,"(EN) Banco Santander, S.A. Final Terms (78122979)",urn:newsml:reuters.com:20240329:nGLFXSX0W:3,NS:GLFILE,SAN.MC
2024-03-28 17:37:06.406,End-of-Quarter Synopsis Monthly : Banco Santander (SAN: EUR4.52) up 24% in 2 months,urn:newsml:newsroom:20240328:nNRAs7k2i8:0,NS:GLOSTO,SAN.MC
2024-03-28 17:22:51.472,Weekly: Banco Santander (SAN: EUR4.52) keeps rising: up 23% in 7 weeks; +24c [5.6%],urn:newsml:newsroom:20240328:nNRAs7jnal:0,NS:GLOWEE,SAN.MC
2024-03-28 17:22:43.908,Monthly: Banco Santander (SAN: EUR4.52) up 24% in 2 months,urn:newsml:newsroom:20240328:nNRAs7k0bg:0,NS:GLOSTP,SAN.MC
2024-03-28 17:17:30.971,Banco Santander (SAN: EUR4.52) hits year-high 14th time in one month; +2c [0.4%],urn:newsml:newsroom:20240328:nNRAs7jqde:0,NS:GLOSTO,SAN.MC
2024-03-28 16:37:20.457,Ocular Therapeutix top gainer in Banco Santander soars 109% in 89 days; +10c [1.1%],urn:newsml:newsroom:20240328:nNRAs7jj5i:0,NS:GLOSTO,SAN.MC
2024-03-28 13:12:14.887,Ocular Therapeutix top gainer in Banco Santander soars 106.3% in 88 days; +12c [1.3%],urn:newsml:newsroom:20240328:nNRAs7hldo:0,NS:GLOSTO,SAN.MC
2024-03-28 11:56:29.000,UPDATE 4-UBS makes Ermotti Europe's best-paid bank boss with $16 mln package,urn:newsml:reuters.com:20240328:nL5N3G6102:1,NS:RTRS,SAN.MC
2024-03-28 09:48:32.920,Banco Santander (LON:BNC) Reaches New 52-Week High at $381.00,urn:newsml:newsroom:20240328:nNRAs7d0zr:0,NS:TRADAJ,SAN.MC
2024-03-28 08:12:58.508,"Barclays Upgrades Banco Santander (NYSE:SAN) to ""Overweight""",urn:newsml:newsroom:20240328:nNRAs7byu0:0,NS:MARDAJ,SAN.MC
2024-03-28 08:12:57.774,Banco Santander (NYSE:SAN) Upgraded at Barclays,urn:newsml:newsroom:20240328:nNRAs7bmp9:0,NS:MARDAJ,SAN.MC
2024-03-28 07:48:11.432,Banco Santander (NYSE:SAN) Upgraded at Barclays,urn:newsml:newsroom:20240328:nNRAs7blts:0,NS:TRADAJ,SAN.MC
2024-03-28 07:43:58.869,Banco Santander (NYSE:SAN) Upgraded at Barclays,urn:newsml:newsroom:20240328:nNRAs7bk8h:0,NS:TRADAJ,SAN.MC
2024-03-28 06:37:03.379,Ocular Therapeutix top gainer in Banco Santander soars 106.3% in 88 days; +12c [1.3%],urn:newsml:newsroom:20240328:nNRAs7b2gm:0,NS:GLOSTO,SAN.MC
2024-03-27 17:17:18.471,Banco Santander (SAN: EUR4.50) hits year-high 13th time in one month; +4c [0.9%],urn:newsml:newsroom:20240327:nNRAs74v1u:0,NS:GLOSTO,SAN.MC
2024-03-27 16:32:12.046,Ocular Therapeutix top gainer in Banco Santander soars 106% in 88 days; +31c [3.4%],urn:newsml:newsroom:20240327:nNRAs74f6g:0,NS:GLOSTO,SAN.MC
2024-03-27 16:07:50.579,How Banco Santander's Tax Rate compares to Its Peers,urn:newsml:newsroom:20240327:nNRAs73m1v:0,NS:GLOSTO,SAN.MC
2024-03-27 15:00:01.000,MOVES-Santander Bank names former Goldman exec as US retail banking head,urn:newsml:reuters.com:20240327:nL3N3G53DK:4,NS:RTRS,SAN.MC
2024-03-27 11:53:23.451,"Riversedge Advisors LLC Acquires Shares of 10,125 Banco Santander, S.A. (NYSE:SAN)",urn:newsml:newsroom:20240327:nNRAs70ctg:0,NS:TRADAJ,SAN.MC
2024-03-27 10:11:55.123,The historic battle between Santander and Gaesco over Colonial reaches the Supreme Court 17 years later,urn:newsml:newsroom:20240327:nNRAs6z2k9:0,NS:NOTENG,SAN.MC
2024-03-27 06:32:44.315,Banco Santander (NYSE:SAN) Upgraded by Barclays to Overweight,urn:newsml:newsroom:20240327:nNRAs6wunf:0,NS:ZOLCOM,SAN.MC
2024-03-27 06:17:15.866,Santander set to hand £5bn to shareholders,urn:newsml:newsroom:20240327:nNRAs6wqpe:0,NS:DEREVE,SAN.MC
2024-03-26 20:42:48.654,"Aprio Wealth Management LLC Makes New $75,000 Investment in Banco Santander, S.A. (NYSE:SAN)",urn:newsml:newsroom:20240326:nNRAs6s73j:0,NS:DAILYQ,SAN.MC
2024-03-26 20:18:20.000,Banco Santander-Chile - Communication of material fact – Board agreement- Proposal related to 2023 income - Form 6-K,urn:newsml:reuters.com:20240326:nNDL7vD7dv:1,NS:PUBT,SAN.MC
2024-03-26 19:54:30.027,"(EN) Banco Santander, S.A. Annual General Meeting (78067687)",urn:newsml:reuters.com:20240326:nGLF5czXjw:4,NS:GLFILE,SAN.MC
2024-03-26 19:27:12.207,Ocular Therapeutix top gainer in Banco Santander soars 111% in 87 days; -7c [-0.7%],urn:newsml:newsroom:20240326:nNRAs6qkhb:0,NS:GLOSTO,SAN.MC
2024-03-26 17:17:20.696,Banco Santander (SAN: EUR4.46) hits year-high 12th time in one month; +5c [1.1%],urn:newsml:newsroom:20240326:nNRAs6qi8t:0,NS:GLOSTO,SAN.MC
2024-03-26 16:22:24.789,Banco Santander ADR (SAN US: $4.77) in 8th consecutive rise; +1c [0.2%],urn:newsml:newsroom:20240326:nNRAs6o47v:0,NS:GLOROU,SAN.MC
2024-03-26 14:10:56.000,Santander UK plc - Issuer Document,urn:newsml:reuters.com:20240326:nNDL6qLT2z:1,NS:PUBT,SAN.MC
2024-03-26 14:10:43.000,Santander UK plc - Issuer Document,urn:newsml:reuters.com:20240326:nNDL3Dfgtb:1,NS:PUBT,SAN.MC
2024-03-26 13:08:27.106,Ocular Therapeutix top gainer in Banco Santander soars 112.8% in 86 days; -2c [0.2%],urn:newsml:newsroom:20240326:nNRAs6mc05:0,NS:GLOSTO,SAN.MC
2024-03-26 08:13:29.442,Banco Santander (NYSE:SAN) Upgraded at Barclays,urn:newsml:newsroom:20240326:nNRAs6iyfh:0,NS:AMEBAN,SAN.MC
2024-03-26 07:07:56.780,How Banco Santander's Tax Rate compares to Its Peers,urn:newsml:newsroom:20240326:nNRAs6i4yz:0,NS:GLOSTO,SAN.MC
2024-03-26 06:33:41.795,Ocular Therapeutix top gainer in Banco Santander soars 112.8% in 86 days; -2c [0.2%],urn:newsml:newsroom:20240326:nNRAs6hzpw:0,NS:GLOSTO,SAN.MC
2024-03-25 20:02:06.086,Ocular Therapeutix top gainer in Banco Santander soars 113% in 86 days; +2c [0.2%],urn:newsml:newsroom:20240325:nNRAs6ee2a:0,NS:GLOSTO,SAN.MC
2024-03-25 19:48:39.265,"(EN) Banco Santander, S.A. Annual General Meeting (78052487)",urn:newsml:reuters.com:20240325:nGLF5B1MFG:5,NS:GLFILE,SAN.MC
2024-03-25 19:27:11.537,Ocular Therapeutix top gainer in Banco Santander soars 113% in 86 days; +2c [0.2%],urn:newsml:newsroom:20240325:nNRAs6dl9c:0,NS:GLOSTO,SAN.MC
2024-03-25 17:33:45.000,ANALYSIS-Spain's battle of the banks as BBVA narrows gap to Santander,urn:newsml:reuters.com:20240325:nL2N3G31QL:1,NS:RTRS,SAN.MC
2024-03-25 17:18:38.779,Banco Santander (NYSE:SAN) Lifted to Overweight at Barclays,urn:newsml:newsroom:20240325:nNRAs6cgum:0,NS:TICREP,SAN.MC
2024-03-25 17:17:29.277,Banco Santander (SAN: EUR4.41) hits year-high 11th time in one month; +4c [0.9%],urn:newsml:newsroom:20240325:nNRAs6c95t:0,NS:GLOSTO,SAN.MC
2024-03-25 17:02:58.000,"Banco Santander SA - Senior Preferred, Serie 1882",urn:newsml:reuters.com:20240325:nNDL4vpSB7:1,NS:PUBT,SAN.MC
2024-03-25 17:02:45.000,"Banco Santander SA - Senior Preferred, Serie 1881",urn:newsml:reuters.com:20240325:nNDLH3T4X:1,NS:PUBT,SAN.MC
2024-03-25 14:08:29.174,Banco Santander (NYSE:SAN) Sets New 1-Year High at $4.73,urn:newsml:newsroom:20240325:nNRAs6a8fl:0,NS:CERGEM,SAN.MC
2024-03-25 07:43:00.000,Spanish stocks - Factors to watch on March 25,urn:newsml:reuters.com:20240325:nL5N3G30V7:1,NS:RTRS,SAN.MC
2024-03-25 06:00:00.000,ANALYSIS-Spain's battle of the banks as BBVA narrows gap to Santander,urn:newsml:reuters.com:20240325:nL5N3FY27T:5,NS:RTRS,SAN.MC
2024-03-24 07:08:43.093,Banco Santander (NYSE:SAN) Shares Gap Up to $4.56,urn:newsml:newsroom:20240324:nNRAs5vq61:0,NS:AMEBAN,SAN.MC
2024-03-23 05:28:00.251,Weekly: Banco Santander (SAN: EUR4.37) in top 2% performers of IBEX 35 Index in past week; +25c [6.1%],urn:newsml:newsroom:20240323:nNRAs5ou8i:0,NS:GLOWEE,SAN.MC
2024-03-22 22:13:05.069,"Santander plans to allocate more than 6,000 million to shareholder remuneration against 2024 earnings",urn:newsml:newsroom:20240322:nNRAs5lxyf:0,NS:NOTENG,SAN.MC
2024-03-22 21:16:12.996,"(EN) Banco Santander, S.A. Annual General Meeting (78038250)",urn:newsml:reuters.com:20240322:nGLF6lwnWH:4,NS:GLFILE,SAN.MC
2024-03-22 20:27:05.000,Banco Santander SA - Approved resolutions and voting results,urn:newsml:reuters.com:20240322:nNDL4QvMHt:1,NS:PUBT,SAN.MC
2024-03-22 19:12:31.271,Santander plans to allocate more than $6 billion to dividends and share repurchases,urn:newsml:newsroom:20240322:nNRAs5klex:0,NS:NOTENG,SAN.MC
2024-03-22 17:22:59.094,Weekly: Banco Santander (SAN: EUR4.37) in top 2% performers of IBEX 35 Index in past week; +25c [6.1%],urn:newsml:newsroom:20240322:nNRAs5jfz6:0,NS:GLOWEE,SAN.MC
2024-03-22 17:17:18.155,Banco Santander (SAN: EUR4.37) hits year-high 10th time in one month; +9c [2.1%] Vol Index 1.4 [1 is avg],urn:newsml:newsroom:20240322:nNRAs5jcdv:0,NS:GLOSTO,SAN.MC
2024-03-22 17:12:07.562,Ocular Therapeutix top gainer in Banco Santander soars 128% in 83 days; -22c [-2.2%],urn:newsml:newsroom:20240322:nNRAs5jasc:0,NS:GLOSTO,SAN.MC
2024-03-22 16:37:01.412,Ocular Therapeutix top gainer in Banco Santander soars 128% in 83 days; -22c [-2.2%],urn:newsml:newsroom:20240322:nNRAs5ivrc:0,NS:GLOSTO,SAN.MC
2024-03-22 16:35:18.436,Newscasts - Europe Today: The CMA says the Vodafone-Three merger could leave consumers worse off,urn:newsml:reuters.com:20240322:nRTV3F4RVM:16,NS:RTRS,SAN.MC
2024-03-22 16:22:35.300,Banco Santander ADR (SAN US: $4.68) in 6th consecutive rise; +12c [2.6%],urn:newsml:newsroom:20240322:nNRAs5ir3x:0,NS:GLOROU,SAN.MC
2024-03-22 15:23:35.000,"REFILE-UPDATE 1-Thousands of Spanish bank staff strike to demand pay rise, union says",urn:newsml:reuters.com:20240322:nL2N3G01IS:2,NS:RTRS,SAN.MC
2024-03-22 15:22:58.069,Banco Santander (NYSE:SAN) Shares Gap Up to $4.56,urn:newsml:newsroom:20240322:nNRAs5i3fn:0,NS:TICREP,SAN.MC
2024-03-22 14:16:59.292,Santander on track to beat last year's record profits,urn:newsml:newsroom:20240322:nNRAs5h9fi:0,NS:PROUKA,SAN.MC
2024-03-22 14:13:39.236,"Banco Santander expects to earn more than 12,000 million and distribute more than 6,000 in dividends",urn:newsml:newsroom:20240322:nNRAs5h94b:0,NS:NOTENG,SAN.MC
2024-03-22 13:12:37.432,Santander to allocate more than 6 billion in dividends and share buybacks against 2024 results,urn:newsml:newsroom:20240322:nNRAs5gnz2:0,NS:NOTENG,SAN.MC
2024-03-22 12:56:21.000,UPDATE 3-Santander sees over 6 bln euros in payouts after solid 2024 start,urn:newsml:reuters.com:20240322:nL5N3G012G:1,NS:RTRS,SAN.MC
2024-03-22 12:35:04.954,Santander set to beat last year's record earnings and hand £5bn to shareholders,urn:newsml:reuters.com:20240322:nNRAs5g2cp:1,NS:INDEPE,SAN.MC
2024-03-22 12:12:38.753,"Botín vindicates that companies should make money at the Banco Santander shareholders' meeting: ""There is no conflict between making profits and co...",urn:newsml:newsroom:20240322:nNRAs5fw4t:0,NS:NOTENG,SAN.MC
2024-03-22 11:12:02.058,"Botín: ""Santander expects to distribute more than 6 billion in dividends and buybacks in 2024"".",urn:newsml:newsroom:20240322:nNRAs5ezxm:0,NS:NOTENG,SAN.MC
2024-03-22 11:03:52.000,"Thousands of Spanish bank staff strike to demand pay rise, union says",urn:newsml:reuters.com:20240322:nL5N3FZ6F7:3,NS:RTRS,SAN.MC
2024-03-22 10:48:13.000,Banco Santander SA - Hector Grisi’s speech,urn:newsml:reuters.com:20240322:nNDL9f2K2F:1,NS:PUBT,SAN.MC
2024-03-22 10:25:17.000,Banco Santander SA - Ana Botin’s speech,urn:newsml:reuters.com:20240322:nNDL82KC1L:1,NS:PUBT,SAN.MC
2024-03-22 10:13:52.404,Santander to allocate more than 6 billion in dividends and share buybacks against 2024 results,urn:newsml:newsroom:20240322:nNRAs5e8kw:0,NS:NOTENG,SAN.MC
2024-03-22 10:08:33.484,Banco Santander (LON:BNC) Reaches New 12-Month High at $357.50,urn:newsml:newsroom:20240322:nNRAs5e6jb:0,NS:AMEBAN,SAN.MC
2024-03-22 10:04:27.351,Santander Expects To Increase Market Share In Corporate Investment Bank Unit,urn:newsml:reuters.com:20240322:nRSD258ZLL:1,NS:SIGDEV,SAN.MC
2024-03-22 09:54:01.000,BRIEF-Santander Expects To Increase Market Share In Corporate Investment Bank Unit,urn:newsml:reuters.com:20240322:nS0N3BV01E:1,NS:RTRS,SAN.MC
2024-03-22 09:17:45.732,Santander Expects Its U.S. Unit To Reach ROTE Of 15% By 2025,urn:newsml:reuters.com:20240322:nRSD8GytCl:1,NS:SIGDEV,SAN.MC
2024-03-22 09:13:41.021,"Banco Santander will allocate 6,000 million to dividends and share buybacks in 2024, a 9% increase",urn:newsml:newsroom:20240322:nNRAs5dakg:0,NS:NOTENG,SAN.MC
2024-03-22 09:13:39.701,"Santander expects to improve earnings this year and pay out 6,000 M in dividends",urn:newsml:newsroom:20240322:nNRAs5d9yu:0,NS:NOTENG,SAN.MC
2024-03-22 09:09:28.000,BRIEF-Santander Expects Its U.S. Unit To Reach ROTE Of 15% By 2025,urn:newsml:reuters.com:20240322:nS0N3BV00C:1,NS:RTRS,SAN.MC
2024-03-22 08:14:01.012,Banco Santander Says On Track To Meet 2024 Targets; Expects Over EUR 6 Bln In Dividends & Buybacks,urn:newsml:newsroom:20240322:nNRAs5cmlk:0,NS:RTTNEW,SAN.MC
2024-03-22 07:30:00.000,Banco Santander SA Annual Shareholders Meeting - Final,urn:newsml:newsroom:20240516:nNRAsog49c:0,NS:FDFAIR,SAN.MC
2024-03-22 07:04:07.243,Santander On Track To Meet Its 2024 Targets,urn:newsml:reuters.com:20240322:nRSD6c45sX:1,NS:SIGDEV,SAN.MC
2024-03-22 07:00:53.000,"Santander expects over 6 bln euros in dividends, buybacks against 2024 results",urn:newsml:reuters.com:20240322:nL5N3FZ705:3,NS:RTRS,SAN.MC
2024-03-22 06:52:34.000,Banco Santander SA - 2024 Santander Annual General Meeting,urn:newsml:reuters.com:20240322:nNDL14QGpL:1,NS:PUBT,SAN.MC
2024-03-22 06:52:03.000,BRIEF-Santander On Track To Meet Its 2024 Targets,urn:newsml:reuters.com:20240322:nFWN3G008X:1,NS:RTRS,SAN.MC
2024-03-22 06:30:00.000,Santander Bank Polska - the Company of the Year of the Warsaw Stock Exchange WIG 20 index,urn:newsml:newsroom:20240327:nNRAs6zgdo:0,NS:INDBAN,SAN.MC
2024-03-22 06:30:00.000,"Santander plans to allocate more than 6,000 million to dividends and share buybacks from 2024",urn:newsml:newsroom:20240323:nNRAs5qrqv:0,NS:INDBAN,SAN.MC
2024-03-22 00:00:00.000,Banco Santander's 2024 Targets Confirmed,urn:newsml:newsroom:20240401:nNRAs8lhsv:0,NS:PLUCOM,SAN.MC
2024-03-22 00:00:00.000,Santander expects over €6 billion in dividends and share buybacks against 2024 results,urn:newsml:newsroom:20240323:nNRAs5qeer:0,NS:EURUNI,SAN.MC
2024-03-21 17:17:24.773,Banco Santander (SAN: EUR4.28) hits year-high 9th time in one month; +9c [2.1%],urn:newsml:newsroom:20240321:nNRAs54ygf:0,NS:GLOSTO,SAN.MC
2024-03-21 17:07:13.533,Ocular Therapeutix top gainer in Banco Santander soars 122% in 82 days; -9c [-0.9%],urn:newsml:newsroom:20240321:nNRAs54tp2:0,NS:GLOSTO,SAN.MC
2024-03-21 16:32:23.001,Ocular Therapeutix top gainer in Banco Santander soars 122% in 82 days; -9c [-0.9%],urn:newsml:newsroom:20240321:nNRAs54bp1:0,NS:GLOSTO,SAN.MC
2024-03-21 16:22:22.387,Banco Santander ADR (SAN US: $4.61) in 5th consecutive rise; +6c [1.3%] Vol Index 1.2 [1 is avg],urn:newsml:newsroom:20240321:nNRAs549e4:0,NS:GLOROU,SAN.MC
2024-03-21 13:08:51.593,Ocular Therapeutix top gainer in Banco Santander soars 117.5% in 81 days; +11c [1.1%],urn:newsml:newsroom:20240321:nNRAs51qgw:0,NS:GLOSTO,SAN.MC
2024-03-21 11:53:12.910,Santander BP to pay out around PLN 4.56 bln dividend in May 2024,urn:newsml:reuters.com:20240321:nNRAs50jgc:1,NS:PAPINS,SAN.MC
2024-03-21 10:22:39.891,Banco Santander (NYSE:SAN) Hits New 52-Week High at $4.49,urn:newsml:newsroom:20240321:nNRAs4zf26:0,NS:TRADAJ,SAN.MC
2024-03-21 09:59:00.000,Banco Santander SA Annual Shareholders Meeting - Final,urn:newsml:newsroom:20240401:nNRAs8mgkn:0,NS:FDFAIR,SAN.MC
2024-03-21 09:34:16.232,Santander BP Recommends FY Dividend Of 44.63 Zlotys/SHR,urn:newsml:reuters.com:20240321:nRSD9d7ppw:1,NS:SIGDEV,SAN.MC
2024-03-21 06:37:10.695,Ocular Therapeutix top gainer in Banco Santander soars 117.5% in 81 days; +11c [1.1%],urn:newsml:newsroom:20240321:nNRAs4wvmf:0,NS:GLOSTO,SAN.MC
2024-03-21 00:53:13.000,PRESS DIGEST-British Business - March 21,urn:newsml:reuters.com:20240321:nL3N3FZ07X:1,NS:RTRS,SAN.MC
2024-03-20 17:07:25.641,Ocular Therapeutix top gainer in Banco Santander soars 117% in 81 days; -11c [-1.1%],urn:newsml:newsroom:20240320:nNRAs4q8u2:0,NS:GLOSTO,SAN.MC
2024-03-20 16:37:06.356,Ocular Therapeutix top gainer in Banco Santander soars 117% in 81 days; -11c [-1.1%],urn:newsml:newsroom:20240320:nNRAs4pu3d:0,NS:GLOSTO,SAN.MC
2024-03-20 16:08:42.177,How Banco Santander's Tax Rate compares to Its Peers,urn:newsml:newsroom:20240320:nNRAs4pjuv:0,NS:GLOSTO,SAN.MC
2024-03-20 10:52:24.593,Banco Santander (LON:BNC) Reaches New 52-Week High at $357.50,urn:newsml:newsroom:20240320:nNRAs4l11t:0,NS:ZOLCOM,SAN.MC
2024-03-20 10:46:57.000,Banco Santander (LON:BNC) Reaches New 52-Week High at $357.50,urn:newsml:newsroom:20240320:nNRAs4mvrc:0,NS:TRADAJ,SAN.MC
2024-03-19 21:51:17.833,Fitch Assigns Final 'BBB-' Rating to Santander Mexico's Tier 2 Subordinated Preferred Notes,urn:newsml:reuters.com:20240319:nFIT7D9hZC:1,NS:FCH,SAN.MC
2024-03-19 17:17:22.003,Banco Santander (SAN: EUR4.19) hits year-high 7th time in one month; +5c [1.2%],urn:newsml:newsroom:20240319:nNRAs4bsux:0,NS:GLOSTO,SAN.MC
2024-03-19 17:07:16.250,Ocular Therapeutix top gainer in Banco Santander soars 112% in 80 days; +5c [0.5%],urn:newsml:newsroom:20240319:nNRAs4bneg:0,NS:GLOSTO,SAN.MC
2024-03-19 16:32:24.682,Ocular Therapeutix top gainer in Banco Santander soars 112% in 80 days; +5c [0.5%],urn:newsml:newsroom:20240319:nNRAs4b9g3:0,NS:GLOSTO,SAN.MC
2024-03-19 15:27:18.968,Banco Santander (NYSE:SAN) Sets New 1-Year High at $4.49,urn:newsml:newsroom:20240319:nNRAs4ah6e:0,NS:TICREP,SAN.MC
2024-03-19 14:53:22.746,Santander BP may pay total of PLN 4.56 bln in dividends in 2024,urn:newsml:reuters.com:20240319:nNRAs49lud:1,NS:PAPINS,SAN.MC
2024-03-19 14:45:04.495,Poland's Santander KNF Has No Objections To Add 50% Of FY 2019 Profit To Dividend,urn:newsml:reuters.com:20240319:nRSD7v5PLc:1,NS:SIGDEV,SAN.MC
2024-03-19 09:50:16.094,REG - Banco Santander S.A. - 2023 UK Annual Report,urn:newsml:newsroom:20240319:nRSS4202Ha:0,NS:LSE,SAN.MC
2024-03-19 09:47:35.000,REG - Banco Santander S.A.  - 2023 UK Annual Report,urn:newsml:reuters.com:20240319:nRSS4202Ha:1,NS:LSE,SAN.MC
2024-03-19 09:41:56.000,Banco Santander SA - 2023 UK Annual Report,urn:newsml:reuters.com:20240319:nNDL84htWj:1,NS:PUBT,SAN.MC
2024-03-18 17:17:19.614,Banco Santander (SAN: EUR4.14) hits year-high 6th time in one month; +2c [0.5%],urn:newsml:newsroom:20240318:nNRAs3wsdj:0,NS:GLOSTO,SAN.MC
2024-03-18 17:12:05.172,Ocular Therapeutix top gainer in Banco Santander soars 112% in 79 days; -16c [-1.7%],urn:newsml:newsroom:20240318:nNRAs3wq5h:0,NS:GLOSTO,SAN.MC
2024-03-18 16:36:58.835,Ocular Therapeutix top gainer in Banco Santander soars 112% in 79 days; -16c [-1.7%],urn:newsml:newsroom:20240318:nNRAs3watj:0,NS:GLOSTO,SAN.MC
2024-03-18 14:06:41.000,Santander UK plc - Issuer Document,urn:newsml:reuters.com:20240318:nNDL8TJBdC:1,NS:PUBT,SAN.MC
2024-03-18 12:37:01.796,"Weekly: Banco Santander ADR (SAN US: $4.42) rises for a fourth consecutive week, a four-week rise of 13%; +50c [12.8%]",urn:newsml:newsroom:20240318:nNRAs3tij2:0,NS:GLOROU,SAN.MC
2024-03-18 10:37:09.271,"Weekly: Banco Santander ADR (SAN US: $4.42) rises for a fourth consecutive week, a four-week rise of 13%; +50c [12.8%]",urn:newsml:newsroom:20240318:nNRAs3rvoc:0,NS:GLOROU,SAN.MC
2024-03-18 06:37:05.037,"Weekly: Banco Santander ADR (SAN US: $4.42) rises for a fourth consecutive week, a four-week rise of 13%; +50c [12.8%]",urn:newsml:newsroom:20240318:nNRAs3pja6:0,NS:GLOROU,SAN.MC
2024-03-18 05:00:00.000,"Plant Shut-Downs, Closings & Layoffs Profile -- Santander Bank, N.A.",urn:newsml:newsroom:20240422:nNRAsflagv:0,NS:PLAPRO,SAN.MC
