versionCreated,headline,storyId,sourceCode,cRIC
2025-05-21 16:17:29.767,Unicaja Banco (UNI: EUR1.93) increases 0.5% against the trend; +1c [+0.5%],urn:newsml:newsroom:20250521:nNRAwft1tq:0,NS:SPANEW,UNI.MC
2025-05-21 05:13:06.700,Unicaja's offensive on all fronts to grow and be profitable without mergers,urn:newsml:newsroom:20250521:nNRAwfjdgm:0,NS:NOTENG,UNI.MC
2025-05-20 16:17:22.447,Unicaja Banco (UNI: EUR1.92) closes at 8.0% above VWAP; +3c [+1.6%],urn:newsml:newsroom:20250520:nNRAwfb9kh:0,NS:SPANEW,UNI.MC
2025-05-20 06:18:43.132,Banco Bilbao Vizcaya Argentaria continues to underperform Unicaja Banco by 13.3% year to date,urn:newsml:newsroom:20250520:nNRAwf2jox:0,NS:SPANEW,UNI.MC
2025-05-20 06:18:42.455,Banco Santander continues to underperform Unicaja Banco by 0.2% year to date,urn:newsml:newsroom:20250520:nNRAwf2joz:0,NS:SPANEW,UNI.MC
2025-05-20 06:18:41.171,CaixaBank continues to underperform Unicaja Banco by 13.2% year to date,urn:newsml:newsroom:20250520:nNRAwf2joy:0,NS:SPANEW,UNI.MC
2025-05-19 16:17:48.288,Unicaja Banco (UNI: EUR1.89) offers dividend yield of 7.1%; -3c [-1.6%],urn:newsml:newsroom:20250519:nNRAweu17r:0,NS:SPANEW,UNI.MC
2025-05-19 06:28:37.128,Weekly: Unicaja Banco (UNI: EUR1.92) accelerates rise: up 13% in 2 weeks; +22c [12.9%],urn:newsml:newsroom:20250519:nNRAwemhr5:0,NS:SPANEW,UNI.MC
2025-05-18 12:13:10.462,Malaga vibrates with Unicaja's tenth victory in a blackout party,urn:newsml:newsroom:20250518:nNRAwegblm:0,NS:NOTENG,UNI.MC
2025-05-17 10:12:07.516,Unicaja to seal fourth place against a formidable opponent,urn:newsml:newsroom:20250517:nNRAwe73tn:0,NS:NOTENG,UNI.MC
2025-05-17 07:13:15.906,"Sevilla (Unicaja): ""Shareholders are very happy with Unicaja and see a solo project"".",urn:newsml:newsroom:20250517:nNRAwe5nyt:0,NS:NOTENG,UNI.MC
2025-05-17 04:27:52.261,Weekly: Unicaja Banco (UNI: EUR1.92) accelerates rise: up 13% in 2 weeks; +12c [6.7%],urn:newsml:newsroom:20250517:nNRAwe4at7:0,NS:GLOWEE,UNI.MC
2025-05-16 16:27:11.138,"IBEX 35 SPANISH TOP 6 DAILY: PRICE RISES ON HIGH RELATIVE STRENGTH IN THE PAST MONTH End-of-day: Friday May 16, 2025 16:00 (EST: 10:00, GMT: 15:00)",urn:newsml:newsroom:20250516:nNRAwdxhbu:0,NS:GLOUPM,UNI.MC
2025-05-16 16:27:10.737,"SPANISH BANKS COMPANY TOP 1 DAILY: TOP MOMENTUM UP IN THE PAST WEEK End-of-day: Friday May 16, 2025 16:00 (EST: 10:00, GMT: 15:00)",urn:newsml:newsroom:20250516:nNRAwdxhnz:0,NS:GLOUPM,UNI.MC
2025-05-16 16:23:41.104,Weekly: Unicaja Banco (UNI: EUR1.92) accelerates rise: up 13% in 2 weeks; +12c [6.7%],urn:newsml:newsroom:20250516:nNRAwdxgka:0,NS:GLOWEE,UNI.MC
2025-05-16 16:22:32.465,Weekly: Unicaja Banco (UNI: EUR1.92) accelerates rise: up 13% in 2 weeks; +22c [12.9%],urn:newsml:newsroom:20250516:nNRAwdxdhy:0,NS:SPANEW,UNI.MC
2025-05-16 16:17:22.425,"Unicaja Banco (UNI: EUR1.92) lifts 1.1%, outperforming 95% of the market; +2c [+1.1%]",urn:newsml:newsroom:20250516:nNRAwdxb4a:0,NS:SPANEW,UNI.MC
2025-05-15 16:17:17.598,Unicaja Banco (UNI: EUR1.90) in bottom 1% performers of IBEX 35 Index; -3c [-1.6%],urn:newsml:newsroom:20250515:nNRAwdg1c5:0,NS:SPANEW,UNI.MC
2025-05-15 06:18:50.075,How Banco Bilbao Vizcaya Argentaria's dividend compares to Unicaja Banco,urn:newsml:newsroom:20250515:nNRAwd6r21:0,NS:SPANEW,UNI.MC
2025-05-15 06:18:49.673,How Banco Santander's dividend compares to Unicaja Banco,urn:newsml:newsroom:20250515:nNRAwd6q0f:0,NS:SPANEW,UNI.MC
2025-05-15 06:18:48.689,How CaixaBank's dividend compares to Unicaja Banco,urn:newsml:newsroom:20250515:nNRAwd6qpo:0,NS:SPANEW,UNI.MC
2025-05-15 06:18:48.503,How Banco de Sabadell's dividend compares to Unicaja Banco,urn:newsml:newsroom:20250515:nNRAwd6q0g:0,NS:SPANEW,UNI.MC
2025-05-14 16:17:16.809,Unicaja Banco (UNI: EUR1.93) climbs 2.1% strengthening above moving average price; +4c [+2.1%] Vol Index 1.5 [1 is avg],urn:newsml:newsroom:20250514:nNRAwcy6oq:0,NS:SPANEW,UNI.MC
2025-05-13 16:22:42.795,Unicaja Banco (UNI: EUR1.89) offers dividend yield of 7.1%; +6c [+3.3%] Vol Index 1.3 [1 is avg],urn:newsml:newsroom:20250513:nNRAwcl84r:0,NS:SPANEW,UNI.MC
2025-05-13 06:45:54.000,Spanish stocks - Factors to watch on May 13,urn:newsml:reuters.com:20250513:nL8N3RL0BC:1,NS:RTRS,UNI.MC
2025-05-13 06:20:10.040,Banco Bilbao Vizcaya Argentaria continues to underperform Unicaja Banco by 11.4% in the past three months,urn:newsml:newsroom:20250513:nNRAwcdtbk:0,NS:SPANEW,UNI.MC
2025-05-13 06:20:09.669,Banco Santander continues to underperform Unicaja Banco by 3.8% in the past three months,urn:newsml:newsroom:20250513:nNRAwcdsyp:0,NS:SPANEW,UNI.MC
2025-05-13 06:20:08.183,CaixaBank continues to underperform Unicaja Banco by 1.8% in the past three months,urn:newsml:newsroom:20250513:nNRAwcdtbi:0,NS:SPANEW,UNI.MC
2025-05-13 00:13:36.600,Spanish lender Unicaja denies report it has held merger talks with Sabadell,urn:link:webnews:20250513:nNRAwcb3jr:0,NS:GLOREV,UNI.MC
2025-05-12 23:16:38.251,Spanish lender Unicaja denies report it has held merger talks with Sabadell,urn:link:webnews:20250512:nNRAwcask3:0,NS:MSNUKA,UNI.MC
2025-05-12 21:40:03.000,REFILE-Spanish lender Unicaja denies report it has held merger talks with Sabadell,urn:newsml:reuters.com:20250512:nL8N3RK2XN:1,NS:RTRS,UNI.MC
2025-05-12 16:17:42.917,Unicaja Banco (UNI: EUR1.83) closes at 10% above VWAP; +3c [+1.7%],urn:newsml:newsroom:20250512:nNRAwc6zcn:0,NS:SPANEW,UNI.MC
2025-05-12 06:28:31.894,Weekly: Unicaja Banco (UNI: EUR1.80) in top 2% performers of IBEX 35 Index in past week; +10c [5.9%],urn:newsml:newsroom:20250512:nNRAwc0lh1:0,NS:SPANEW,UNI.MC
2025-05-12 01:12:25.326,Unicaja wins FIBA Champions League and now has four titles this year,urn:newsml:newsroom:20250512:nNRAwbz9dv:0,NS:NOTENG,UNI.MC
2025-05-11 21:13:38.400,65-71. Unicaja survives AEK and will defend its crown in search of a new title.,urn:newsml:newsroom:20250511:nNRAwbyjh1:0,NS:NOTENG,UNI.MC
2025-05-11 21:13:31.846,Unicaja's fourth title of the season and tenth in its history,urn:newsml:newsroom:20250511:nNRAwbyk1s:0,NS:NOTENG,UNI.MC
2025-05-11 21:13:14.632,"Tyson Carter (Unicaja), Best Player of the Final Four in Athens",urn:newsml:newsroom:20250511:nNRAwbyke4:0,NS:NOTENG,UNI.MC
2025-05-11 12:11:53.170,Large banks reduced net interest income in the first quarter for the first time since 2021,urn:newsml:newsroom:20250511:nNRAwbw2gu:0,NS:NOTENG,UNI.MC
2025-05-10 13:13:49.183,"Ibon Navarro: ""Having suffered against Galatasaray makes us even more alert for the final"".",urn:newsml:newsroom:20250510:nNRAwbpf4a:0,NS:NOTENG,UNI.MC
2025-05-10 04:27:33.357,Weekly: Unicaja Banco (UNI: EUR1.80) in top 2% performers of IBEX 35 Index in past week; +10c [5.9%],urn:newsml:newsroom:20250510:nNRAwbm9d6:0,NS:GLOWEE,UNI.MC
2025-05-09 22:13:43.885,"Ibon Navarro: ""The team knows how to suffer and that led us to win"".",urn:newsml:newsroom:20250509:nNRAwbk4ct:0,NS:NOTENG,UNI.MC
2025-05-09 21:13:42.001,Unicaja eliminates AEK to defend its crown in the final against Galatasaray,urn:newsml:newsroom:20250509:nNRAwbjppp:0,NS:NOTENG,UNI.MC
2025-05-09 16:22:52.506,Weekly: Unicaja Banco (UNI: EUR1.80) in top 2% performers of IBEX 35 Index in past week; +10c [5.9%],urn:newsml:newsroom:20250509:nNRAwbgnfr:0,NS:GLOWEE,UNI.MC
2025-05-09 16:22:38.474,Weekly: Unicaja Banco (UNI: EUR1.80) in top 2% performers of IBEX 35 Index in past week; +10c [5.9%],urn:newsml:newsroom:20250509:nNRAwbgljr:0,NS:SPANEW,UNI.MC
2025-05-09 16:17:18.290,Unicaja Banco (UNI: EUR1.80) decreases on firm volume; -1c [-0.6%] Vol Index 1.2 [1 is avg],urn:newsml:newsroom:20250509:nNRAwbgikx:0,NS:SPANEW,UNI.MC
2025-05-08 16:17:10.219,"Unicaja Banco (UNI: EUR1.81) climbs 2.8%, outperforming 96% of the market; +5c [+2.8%] Vol Index 1.2 [1 is avg]",urn:newsml:newsroom:20250508:nNRAwb1w64:0,NS:SPANEW,UNI.MC
2025-05-08 13:13:21.856,Large banks close to 8.5 billion in first quarter profit,urn:newsml:newsroom:20250508:nNRAwazg6e:0,NS:NOTENG,UNI.MC
2025-05-08 06:18:08.310,How Banco Bilbao Vizcaya Argentaria's dividend compares to Unicaja Banco,urn:newsml:newsroom:20250508:nNRAwavjgb:0,NS:SPANEW,UNI.MC
2025-05-08 06:18:08.277,How Banco Santander's dividend compares to Unicaja Banco,urn:newsml:newsroom:20250508:nNRAwavjss:0,NS:SPANEW,UNI.MC
2025-05-08 06:18:08.208,Banco Santander continues to underperform Unicaja Banco by 4.4% in the past month,urn:newsml:newsroom:20250508:nNRAwavjgd:0,NS:SPANEW,UNI.MC
2025-05-08 06:18:06.476,How CaixaBank's dividend compares to Unicaja Banco,urn:newsml:newsroom:20250508:nNRAwavkri:0,NS:SPANEW,UNI.MC
2025-05-08 06:18:06.448,How Banco de Sabadell's dividend compares to Unicaja Banco,urn:newsml:newsroom:20250508:nNRAwavkrj:0,NS:SPANEW,UNI.MC
2025-05-07 16:22:24.985,Unicaja Banco (UNI: EUR1.76) offers dividend yield of 7.6%; +1c [+0.6%],urn:newsml:newsroom:20250507:nNRAwaox4j:0,NS:SPANEW,UNI.MC
2025-05-06 07:17:44.245,CaixaBank continues to underperform Unicaja Banco by 6.8% in the past month,urn:newsml:newsroom:20250506:nNRAwa7m1e:0,NS:SPANEW,UNI.MC
2025-05-05 16:17:32.737,Unicaja Banco (UNI: EUR1.75) offers dividend yield of 7.7%; +5c [+2.9%] Vol Index 2.5 [1 is avg],urn:newsml:newsroom:20250505:nNRAw9zyts:0,NS:SPANEW,UNI.MC
2025-05-05 06:12:38.285,Weekly: Unicaja Banco (UNI: EUR1.70) keeps rising: up 8% in 3 weeks; +12c [7.6%],urn:newsml:newsroom:20250505:nNRAw9u7w1:0,NS:SPANEW,UNI.MC
2025-05-03 04:46:50.795,Weekly: Unicaja Banco (UNI: EUR1.70) keeps rising: up 8% in 3 weeks; +4c [2.4%] Vol Index 1.3 [1 is avg],urn:newsml:newsroom:20250503:nNRAw9hza7:0,NS:GLOWEE,UNI.MC
2025-05-03 04:12:30.870,"Unicaja, a lifesaver amidst market volatility",urn:newsml:newsroom:20250503:nNRAw9huak:0,NS:NOTENG,UNI.MC
2025-05-02 16:42:35.014,Weekly: Unicaja Banco (UNI: EUR1.70) keeps rising: up 8% in 3 weeks; +4c [2.4%] Vol Index 1.3 [1 is avg],urn:newsml:newsroom:20250502:nNRAw9dlb7:0,NS:GLOWEE,UNI.MC
2025-05-02 16:42:16.468,Weekly: Unicaja Banco (UNI: EUR1.70) keeps rising: up 8% in 3 weeks; +12c [7.6%],urn:newsml:newsroom:20250502:nNRAw9dlh3:0,NS:SPANEW,UNI.MC
2025-05-02 16:27:16.316,Unicaja Banco (UNI: EUR1.70) lifts 1.2% on high volume; +2c [+1.2%] Vol Index 2.3 [1 is avg],urn:newsml:newsroom:20250502:nNRAw9dcum:0,NS:SPANEW,UNI.MC
2025-05-02 08:54:10.475,Unicaja Banco is trading -1.3 percent lower with a volume of EUR 15.8 mn on Friday 2nd of May,urn:newsml:newsroom:20250502:nNRAw96u5w:0,NS:STOCKP,UNI.MC
2025-05-02 03:07:20.719,"(EN) Unicaja Banco, S.A. Quarterly Presentation (83342475)",urn:newsml:reuters.com:20250502:nGLF600wFf:2,NS:GLFILE,UNI.MC
2025-05-01 06:22:16.678,"Monthly: Unicaja Banco (UNI: EUR1.68) decreases 2%, 3 months' volume in a month",urn:newsml:newsroom:20250501:nNRAw8puif:0,NS:SPANEW,UNI.MC
2025-05-01 06:19:39.527,How CaixaBank's dividend compares to Unicaja Banco,urn:newsml:newsroom:20250501:nNRAw8ps76:0,NS:SPANEW,UNI.MC
2025-05-01 06:19:38.643,How Banco Bilbao Vizcaya Argentaria's dividend compares to Unicaja Banco,urn:newsml:newsroom:20250501:nNRAw8prtz:0,NS:SPANEW,UNI.MC
2025-05-01 06:19:37.682,How Banco Santander's dividend compares to Unicaja Banco,urn:newsml:newsroom:20250501:nNRAw8pru0:0,NS:SPANEW,UNI.MC
2025-05-01 06:19:36.966,How Banco de Sabadell's dividend compares to Unicaja Banco,urn:newsml:newsroom:20250501:nNRAw8prty:0,NS:SPANEW,UNI.MC
2025-05-01 06:18:57.119,CaixaBank continues to underperform Unicaja Banco by 3.8% year to date,urn:newsml:newsroom:20250501:nNRAw8ppdi:0,NS:SPANEW,UNI.MC
2025-05-01 06:18:53.207,Banco Santander continues to outperform Unicaja Banco by 6.3% year to date,urn:newsml:newsroom:20250501:nNRAw8pppi:0,NS:SPANEW,UNI.MC
2025-04-30 16:17:20.916,"Unicaja Banco (UNI: EUR1.68) drops 1.2%, 3 days' volume in a day; -2c [-1.2%] Vol Index 2.6 [1 is avg]",urn:newsml:newsroom:20250430:nNRAw8gtjj:0,NS:SPANEW,UNI.MC
2025-04-30 04:57:12.683,"(EN) Unicaja Banco, S.A. Quarterly Presentation (83293848)",urn:newsml:reuters.com:20250429:nGLFbWTqjG:4,NS:GLFILE,UNI.MC
2025-04-29 18:52:21.507,Barclays Adjusts Target Price for Unicaja Banco (UNJCF) to EUR 1.70 | UNJCF Stock News,urn:newsml:newsroom:20250429:nNRAw8148w:0,NS:GURCOM,UNI.MC
2025-04-29 16:17:32.801,Unicaja Banco (UNI: EUR1.70) drops 1.2% on slipping relative strength; -2c [-1.2%],urn:newsml:newsroom:20250429:nNRAw7z2kt:0,NS:SPANEW,UNI.MC
2025-04-29 07:41:08.453,Unicaja Banco SA (UNJCF) Q1 2025 Earnings Call Highlights: Strong Net Income Growth Amid ...,urn:link:webnews:20250429:nNRAw7r5u0:0,NS:YAHNEX,UNI.MC
2025-04-29 06:20:13.107,Banco Santander continues to outperform Unicaja Banco by 1.8% in the past month,urn:newsml:newsroom:20250429:nNRAw7q4ht:0,NS:SPANEW,UNI.MC
2025-04-29 06:20:12.266,CaixaBank continues to underperform Unicaja Banco by 4.3% in the past month,urn:newsml:newsroom:20250429:nNRAw7q48n:0,NS:SPANEW,UNI.MC
2025-04-29 06:07:45.391,Unicaja Banco SA (UNJCF) Q1 2025 Earnings Call Highlights: Strong Net Income Growth Amid ...,urn:newsml:newsroom:20250429:nNRAw7pykn:0,NS:GURCOM,UNI.MC
2025-04-29 04:07:25.952,Q1 2025 Unicaja Banco SA Earnings Call Transcript,urn:newsml:newsroom:20250429:nNRAw7os7h:0,NS:GURCOM,UNI.MC
2025-04-28 16:17:23.816,"Unicaja Banco (UNI: EUR1.72) offers dividend yield of 7.8%, hits 26-day high; +4c [+2.4%]",urn:newsml:newsroom:20250428:nNRAw7hvow:0,NS:SPANEW,UNI.MC
2025-04-28 09:12:53.744,"Unicaja earns 158 million up to March, 43% more than a year ago",urn:newsml:newsroom:20250428:nNRAw7br0z:0,NS:NOTENG,UNI.MC
2025-04-28 08:19:51.101,Unicaja Sees Banking Tax Impact Of Around 5 Million Euros Each Quarter In 2025,urn:newsml:reuters.com:20250428:nRSD5lFlQ1:1,NS:SIGDEV,UNI.MC
2025-04-28 08:11:59.768,"Unicaja earns 158 M, up 43%, after double-digit growth in gross margin",urn:newsml:newsroom:20250428:nNRAw7axlz:0,NS:NOTENG,UNI.MC
2025-04-28 08:08:16.000,BRIEF-Unicaja Sees Banking Tax Impact Of Around 5 Million Euros Each Quarter In 2025,urn:newsml:reuters.com:20250428:nS8N3OC0CT:1,NS:RTRS,UNI.MC
2025-04-28 07:59:12.447,Unicaja's Q1 profit rises 43% due to lower impact from renewed banking tax,urn:link:webnews:20250428:nNRAw7aqli:0,NS:GLOREV,UNI.MC
2025-04-28 07:47:13.000,UPDATE 2-Spain's Unicaja strikes cautious tone on lending income for 2025,urn:newsml:reuters.com:20250428:nL8N3R605E:6,NS:RTRS,UNI.MC
2025-04-28 07:30:00.000,Q1 2025 Unicaja Banco SA Earnings Call,urn:newsml:reuters.com:20250428:nTRN1sG59n:1,NS:TRANS,UNI.MC
2025-04-28 07:12:41.648,"Unicaja earns 158 million euros in the first quarter, up 43%.",urn:newsml:newsroom:20250428:nNRAw7a7o7:0,NS:NOTENG,UNI.MC
2025-04-28 07:12:10.773,"Unicaja earns 158 million euros in the first quarter, up 43%.",urn:newsml:newsroom:20250428:nNRAw7a7mt:0,NS:NOTENG,UNI.MC
2025-04-28 06:46:09.000,Spanish stocks - Factors to watch on April 28,urn:newsml:reuters.com:20250428:nL8N3R60A6:1,NS:RTRS,UNI.MC
2025-04-28 06:33:57.737,Weekly: Unicaja Banco (UNI: EUR1.68) up 6% in 2 weeks; +10c [6.3%],urn:newsml:newsroom:20250428:nNRAw79qnl:0,NS:SPANEW,UNI.MC
2025-04-28 05:49:43.358,Unicaja Q1 Net Profit At 158 Mln Euros,urn:newsml:reuters.com:20250428:nRSD9bYmyj:1,NS:SIGDEV,UNI.MC
2025-04-28 05:40:37.000,Unicaja's Q1 net profit rises 43% from 2024,urn:newsml:reuters.com:20250428:nL8N3R50BD:3,NS:RTRS,UNI.MC
2025-04-28 05:39:21.000,BRIEF-Unicaja Q1 Net Profit At 158 Mln Euros,urn:newsml:reuters.com:20250428:nFWN3R409V:1,NS:RTRS,UNI.MC
2025-04-26 04:27:05.455,Weekly: Unicaja Banco (UNI: EUR1.68) up 6% in 2 weeks; +3c [1.8%] Vol Index 2.1 [1 is avg],urn:newsml:newsroom:20250426:nNRAw6qsla:0,NS:GLOWEE,UNI.MC
2025-04-25 16:22:40.860,Weekly: Unicaja Banco (UNI: EUR1.68) up 6% in 2 weeks; +3c [1.8%] Vol Index 2.1 [1 is avg],urn:newsml:newsroom:20250425:nNRAw6ky7x:0,NS:GLOWEE,UNI.MC
2025-04-25 16:22:26.428,Weekly: Unicaja Banco (UNI: EUR1.68) up 6% in 2 weeks; +10c [6.3%],urn:newsml:newsroom:20250425:nNRAw6kyet:0,NS:SPANEW,UNI.MC
2025-04-25 16:17:29.729,"Unicaja Banco (UNI: EUR1.68) lifts 1.2%, outperforming 98% of the market; +2c [+1.2%] Vol Index 2.1 [1 is avg]",urn:newsml:newsroom:20250425:nNRAw6kudq:0,NS:SPANEW,UNI.MC
2025-04-24 16:17:22.652,Unicaja Banco (UNI: EUR1.66) increases on high volume; +1c [+0.6%] Vol Index 2.2 [1 is avg],urn:newsml:newsroom:20250424:nNRAw62juc:0,NS:SPANEW,UNI.MC
2025-04-24 06:22:06.293,How Banco Bilbao Vizcaya Argentaria's dividend compares to Unicaja Banco,urn:newsml:newsroom:20250424:nNRAw5v550:0,NS:SPANEW,UNI.MC
2025-04-24 06:22:05.586,How Banco Santander's dividend compares to Unicaja Banco,urn:newsml:newsroom:20250424:nNRAw5v4kx:0,NS:SPANEW,UNI.MC
2025-04-24 06:22:04.721,How CaixaBank's dividend compares to Unicaja Banco,urn:newsml:newsroom:20250424:nNRAw5v4kw:0,NS:SPANEW,UNI.MC
2025-04-24 06:22:04.696,How Banco de Sabadell's dividend compares to Unicaja Banco,urn:newsml:newsroom:20250424:nNRAw5v3t4:0,NS:SPANEW,UNI.MC
2025-04-23 16:42:09.216,Unicaja Banco (MA:UNI EUR1.65) in today's trading buy signal: Bullish Candlestick chart pattern,urn:newsml:newsroom:20250423:nNRAw5n9n2:0,NS:GLOBUL,UNI.MC
2025-04-23 16:24:18.489,Unicaja Banco (UNI: EUR1.65) gains 4.4% strengthening above moving average price; ex-Dividend; +7c [+4.4%] Vol Index 2.4 [1 is avg],urn:newsml:newsroom:20250423:nNRAw5mwmh:0,NS:SPANEW,UNI.MC
2025-04-23 14:18:12.204,Banco Santander continues to outperform Unicaja Banco by 11.2% year to date,urn:newsml:newsroom:20250423:nNRAw5l26c:0,NS:SPANEW,UNI.MC
2025-04-23 14:18:10.909,CaixaBank continues to outperform Unicaja Banco by 0.2% year to date,urn:newsml:newsroom:20250423:nNRAw5l2gp:0,NS:SPANEW,UNI.MC
2025-04-22 16:22:11.666,Unicaja Banco (UNI: EUR1.58) offers dividend yield of 3.8%; ex-Dividend; -7c [-4.2%] Vol Index 1.7 [1 is avg],urn:newsml:newsroom:20250422:nNRAw562oi:0,NS:SPANEW,UNI.MC
2025-04-21 20:53:12.337,Unicaja Banco SA (FRA:7UB) Q4 2024 Earnings Call Highlights: Record Profits and Strategic ...,urn:link:webnews:20250421:nNRAw4skyq:0,NS:YAHUKI,UNI.MC
2025-04-21 19:52:15.488,Unicaja Banco SA (FRA:7UB) Q4 2024 Earnings Call Highlights: Record Profits and Strategic ...,urn:newsml:newsroom:20250421:nNRAw4s28p:0,NS:GURCOM,UNI.MC
2025-04-21 06:29:00.938,Weekly: Unicaja Banco (UNI: EUR1.65) gains 8% on high volume; +12c [7.8%] Vol Index 2.4 [1 is avg],urn:newsml:newsroom:20250421:nNRAw4i0wz:0,NS:SPANEW,UNI.MC
2025-04-18 04:31:54.859,Weekly: Unicaja Banco (UNI: EUR1.65) gains 8% on high volume; +12c [7.8%] Vol Index 2.4 [1 is avg],urn:newsml:newsroom:20250418:nNRAw3qv90:0,NS:GLOWEE,UNI.MC
2025-04-17 16:27:09.113,"SPANISH BANKS COMPANY TOP 1 DAILY: TOP MOMENTUM UP IN THE PAST WEEK End-of-day: Thursday April 17, 2025 16:00 (EST: 10:00, GMT: 15:00)",urn:newsml:newsroom:20250417:nNRAw3job9:0,NS:GLOUPM,UNI.MC
2025-04-17 16:22:51.818,Weekly: Unicaja Banco (UNI: EUR1.65) gains 8% on high volume; +12c [7.8%] Vol Index 2.4 [1 is avg],urn:newsml:newsroom:20250417:nNRAw3jnf5:0,NS:GLOWEE,UNI.MC
2025-04-17 16:22:07.226,Weekly: Unicaja Banco (UNI: EUR1.65) gains 8% on high volume; +12c [7.8%] Vol Index 2.4 [1 is avg],urn:newsml:newsroom:20250417:nNRAw3jmvn:0,NS:SPANEW,UNI.MC
2025-04-17 16:18:21.960,Unicaja Banco (UNI: EUR1.65) drops 1.8% on slipping relative strength; -3c [-1.8%] Vol Index 2.3 [1 is avg],urn:newsml:newsroom:20250417:nNRAw3jkd1:0,NS:SPANEW,UNI.MC
2025-04-17 06:20:09.755,How Banco de Sabadell's dividend compares to Unicaja Banco,urn:newsml:newsroom:20250417:nNRAw3a61c:0,NS:SPANEW,UNI.MC
2025-04-17 06:20:05.860,How Banco Bilbao Vizcaya Argentaria's dividend compares to Unicaja Banco,urn:newsml:newsroom:20250417:nNRAw3a61d:0,NS:SPANEW,UNI.MC
2025-04-17 06:20:05.451,How Banco Santander's dividend compares to Unicaja Banco,urn:newsml:newsroom:20250417:nNRAw3a61e:0,NS:SPANEW,UNI.MC
2025-04-17 06:20:04.102,How CaixaBank's dividend compares to Unicaja Banco,urn:newsml:newsroom:20250417:nNRAw3a61f:0,NS:SPANEW,UNI.MC
2025-04-16 16:18:11.316,"Unicaja Banco (UNI: EUR1.68) increases, 2 days' volume in a day; +1c [+0.6%] Vol Index 2.2 [1 is avg]",urn:newsml:newsroom:20250416:nNRAw31q46:0,NS:SPANEW,UNI.MC
2025-04-16 04:13:49.198,"More than 3,800 million in dividends: last days to collect CaixaBank, Aena and Unicaja coupons",urn:newsml:newsroom:20250416:nNRAw2r4sz:0,NS:NOTENG,UNI.MC
2025-04-15 16:18:24.590,Unicaja Banco (UNI: EUR1.67) gains 3.1% strengthening above moving average price; +5c [+3.1%] Vol Index 1.7 [1 is avg],urn:newsml:newsroom:20250415:nNRAw2jnbt:0,NS:SPANEW,UNI.MC
2025-04-15 08:13:07.175,"Unicaja and CaixaBank dividends arrive, a cushion for volatile markets",urn:newsml:newsroom:20250415:nNRAw2c6f0:0,NS:NOTENG,UNI.MC
2025-04-15 06:18:01.650,Banco Santander continues to outperform Unicaja Banco by 6.6% in the past three months,urn:newsml:newsroom:20250415:nNRAw2alos:0,NS:SPANEW,UNI.MC
2025-04-15 06:17:58.950,Banco Bilbao Vizcaya Argentaria continues to underperform Unicaja Banco by 1.5% in the past three months,urn:newsml:newsroom:20250415:nNRAw2ako9:0,NS:SPANEW,UNI.MC
2025-04-15 06:17:49.691,CaixaBank continues to underperform Unicaja Banco by 2.6% in the past three months,urn:newsml:newsroom:20250415:nNRAw2alh5:0,NS:SPANEW,UNI.MC
2025-04-14 16:18:15.767,Unicaja Banco (UNI: EUR1.62) offers dividend yield of 6.8%; +4c [+2.5%] Vol Index 2.8 [1 is avg],urn:newsml:newsroom:20250414:nNRAw21ph5:0,NS:SPANEW,UNI.MC
2025-04-14 06:49:09.192,Weekly: Unicaja Banco (UNI: EUR1.58) in top 2% performers of IBEX 35 Index in past week; +7c [4.6%] Vol Index 4.0 [1 is avg],urn:newsml:newsroom:20250414:nNRAw1scky:0,NS:SPANEW,UNI.MC
2025-04-12 04:27:38.284,Weekly: Unicaja Banco (UNI: EUR1.58) in top 2% performers of IBEX 35 Index in past week; +7c [4.6%] Vol Index 4.0 [1 is avg],urn:newsml:newsroom:20250412:nNRAw19b03:0,NS:GLOWEE,UNI.MC
2025-04-11 16:22:43.576,Weekly: Unicaja Banco (UNI: EUR1.58) in top 2% performers of IBEX 35 Index in past week; +7c [4.6%] Vol Index 4.0 [1 is avg],urn:newsml:newsroom:20250411:nNRAw116se:0,NS:GLOWEE,UNI.MC
2025-04-11 16:22:01.004,Weekly: Unicaja Banco (UNI: EUR1.58) in top 2% performers of IBEX 35 Index in past week; +7c [4.6%] Vol Index 4.0 [1 is avg],urn:newsml:newsroom:20250411:nNRAw115xy:0,NS:SPANEW,UNI.MC
2025-04-11 16:18:31.048,Unicaja Banco (UNI: EUR1.58) in top 2% performers of IBEX 35 Index; +5c [+3.3%] Vol Index 2.8 [1 is avg],urn:newsml:newsroom:20250411:nNRAw112hg:0,NS:SPANEW,UNI.MC
2025-04-10 20:11:22.953,Unicaja aims to generate a net profit of 1.6 billion between 2025 and 2027,urn:newsml:newsroom:20250410:nNRAw0meu1:0,NS:NOTENG,UNI.MC
2025-04-10 16:18:24.761,Unicaja Banco (UNI: EUR1.53) climbs 2.7% on spectacular volume; +4c [+2.7%] Vol Index 6.0 [1 is avg],urn:newsml:newsroom:20250410:nNRAw0je5f:0,NS:SPANEW,UNI.MC
2025-04-10 10:11:36.185,"Unicaja maintains its objective of earning higher returns, despite a low interest rate environment",urn:newsml:newsroom:20250410:nNRAw0cstf:0,NS:NOTENG,UNI.MC
2025-04-10 06:17:53.398,How Banco Bilbao Vizcaya Argentaria's dividend compares to Unicaja Banco,urn:newsml:newsroom:20250410:nNRAw09ub8:0,NS:SPANEW,UNI.MC
2025-04-10 06:17:47.369,How Banco Santander's dividend compares to Unicaja Banco,urn:newsml:newsroom:20250410:nNRAw09v34:0,NS:SPANEW,UNI.MC
2025-04-10 06:17:46.278,How Banco de Sabadell's dividend compares to Unicaja Banco,urn:newsml:newsroom:20250410:nNRAw09v9e:0,NS:SPANEW,UNI.MC
2025-04-10 06:17:45.680,How CaixaBank's dividend compares to Unicaja Banco,urn:newsml:newsroom:20250410:nNRAw09ub7:0,NS:SPANEW,UNI.MC
2025-04-09 16:18:13.281,"Unicaja Banco (UNI: EUR1.49) continues significant downtrend, drops 1.3%; -2c [-1.3%] Vol Index 2.7 [1 is avg]",urn:newsml:newsroom:20250409:nNRAw01rec:0,NS:SPANEW,UNI.MC
2025-04-09 12:15:26.474,Unicaja To Pay Complementary Gross Dividend Of 0.07 Eur/Shr On April 24,urn:newsml:reuters.com:20250409:nRSD8R57nJ:1,NS:SIGDEV,UNI.MC
2025-04-09 12:06:36.000,BRIEF-Unicaja To Pay Complementary Gross Dividend Of 0.07 Eur/Shr On April 24,urn:newsml:reuters.com:20250409:nFWN3QN0W2:1,NS:RTRS,UNI.MC
2025-04-08 16:23:08.845,Unicaja Banco (UNI: EUR1.51) offers dividend yield of 7.3%; +6c [+4.1%] Vol Index 3.7 [1 is avg],urn:newsml:newsroom:20250408:nNRAvzkrhw:0,NS:SPANEW,UNI.MC
2025-04-08 06:17:39.275,Banco Bilbao Vizcaya Argentaria continues to underperform Unicaja Banco by 2.7% in the past month,urn:newsml:newsroom:20250408:nNRAvzc5i3:0,NS:SPANEW,UNI.MC
2025-04-08 06:17:38.902,Banco Santander continues to underperform Unicaja Banco by 3.1% in the past month,urn:newsml:newsroom:20250408:nNRAvzc5i2:0,NS:SPANEW,UNI.MC
2025-04-08 06:17:33.135,CaixaBank continues to outperform Unicaja Banco by 0.5% in the past month,urn:newsml:newsroom:20250408:nNRAvzc4lv:0,NS:SPANEW,UNI.MC
2025-04-07 16:17:35.512,"Unicaja Banco (UNI: EUR1.45) continues significant downtrend, declines 4.0%; -6c [-4.0%] Vol Index 5.3 [1 is avg]",urn:newsml:newsroom:20250407:nNRAvz469g:0,NS:SPANEW,UNI.MC
2025-04-06 19:12:37.195,Alberto Díaz becomes the top assistant in Unicaja's history,urn:newsml:newsroom:20250406:nNRAvys2kd:0,NS:NOTENG,UNI.MC
2025-04-05 04:27:35.367,Weekly: Unicaja Banco (UNI: EUR1.51) tumbles 12% on strong volume; -20c [11.7%] Vol Index 2.8 [1 is avg],urn:newsml:newsroom:20250405:nNRAvyek3u:0,NS:GLOWEE,UNI.MC
2025-04-04 16:23:04.625,Weekly: Unicaja Banco (UNI: EUR1.51) tumbles 12% on strong volume; -20c [11.7%] Vol Index 2.8 [1 is avg],urn:newsml:newsroom:20250404:nNRAvy7s2n:0,NS:GLOWEE,UNI.MC
2025-04-04 16:22:25.730,"Unicaja Banco (UNI: EUR1.51) in bottom 2% performers of IBEX 35 Index, hits 52-day low; -18c [-10.7%] Vol Index 5.0 [1 is avg]",urn:newsml:newsroom:20250404:nNRAvy7q6m:0,NS:SPANEW,UNI.MC
2025-04-04 14:41:36.460,"BBVA, Santander, Sabadell, CaixaBank, Bankinter and Unicaja... the Ibex banks collapse",urn:newsml:newsroom:20250404:nNRAvy60fn:0,NS:CENAFT,UNI.MC
2025-04-03 16:17:21.781,"Unicaja Banco (UNI: EUR1.69) declines 4.0% on slipping relative strength, announces dividend; -7c [-4.0%] Vol Index 2.3 [1 is avg]",urn:newsml:newsroom:20250403:nNRAvxq8au:0,NS:SPANEW,UNI.MC
2025-04-03 10:47:59.000,BUZZ-European banks slide on recession worries after sweeping US tariffs,urn:newsml:reuters.com:20250403:nL5N3QH0WC:1,NS:RTRS,UNI.MC
2025-04-03 09:37:03.193,"Unicaja Banco, S.A. (OTCMKTS:UNJCF) Short Interest Update",urn:newsml:newsroom:20250403:nNRAvxjtl9:0,NS:STOOBS,UNI.MC
2025-04-03 08:13:04.505,"Unicaja Banco, S.A. (OTCMKTS:UNJCF) Sees Large Decline in Short Interest",urn:newsml:newsroom:20250403:nNRAvxivko:0,NS:TRADAJ,UNI.MC
2025-04-03 06:13:03.629,Banco Bilbao Vizcaya Argentaria continues to underperform Unicaja Banco by 3.9% year to date,urn:newsml:newsroom:20250403:nNRAvxh8yv:0,NS:SPANEW,UNI.MC
2025-04-03 06:13:03.447,Banco Santander continues to outperform Unicaja Banco by 3.8% year to date,urn:newsml:newsroom:20250403:nNRAvxh8yw:0,NS:SPANEW,UNI.MC
2025-04-03 06:13:02.561,How Banco Santander's dividend compares to Unicaja Banco,urn:newsml:newsroom:20250403:nNRAvxh7pw:0,NS:SPANEW,UNI.MC
2025-04-03 06:13:02.504,How Banco Bilbao Vizcaya Argentaria's dividend compares to Unicaja Banco,urn:newsml:newsroom:20250403:nNRAvxh7px:0,NS:SPANEW,UNI.MC
2025-04-03 06:13:01.790,CaixaBank continues to outperform Unicaja Banco by 0.7% year to date,urn:newsml:newsroom:20250403:nNRAvxh8yu:0,NS:SPANEW,UNI.MC
2025-04-03 06:13:01.124,How Banco de Sabadell's dividend compares to Unicaja Banco,urn:newsml:newsroom:20250403:nNRAvxh8lo:0,NS:SPANEW,UNI.MC
2025-04-03 06:13:00.703,How CaixaBank's dividend compares to Unicaja Banco,urn:newsml:newsroom:20250403:nNRAvxh7pv:0,NS:SPANEW,UNI.MC
2025-04-02 17:17:24.750,"Unicaja Banco (UNI: EUR1.76) climbs 2.9% strengthening above moving average price, announces dividend; +5c [+2.9%] Vol Index 1.3 [1 is avg]",urn:newsml:newsroom:20250402:nNRAvx9pmi:0,NS:SPANEW,UNI.MC
2025-04-01 09:18:14.234,"Short Interest in Unicaja Banco, S.A. (OTCMKTS:UNJCF) Decreases By 15.5%",urn:link:webnews:20250401:nNRAvwm2u6:0,NS:ETFDAI,UNI.MC
2025-04-01 07:47:22.520,Unicaja Banco announces dividend,urn:newsml:newsroom:20250401:nNRAvwl0fv:0,NS:NEWWIR,UNI.MC
2025-03-31 17:32:01.093,"End-of-Quarter Synopsis Monthly : Unicaja Banco (UNI: EUR1.71) increases 2%, beating 95% of stocks",urn:newsml:newsroom:20250331:nNRAvwbfzf:0,NS:SPANEW,UNI.MC
2025-03-29 13:13:18.617,Tyson Perez's Unicaja returns to the pavilion where it won the last King's Cup,urn:newsml:newsroom:20250329:nNRAvvngwk:0,NS:NOTENG,UNI.MC
2025-03-27 07:12:31.638,How Banco Bilbao Vizcaya Argentaria's dividend compares to Unicaja Banco,urn:newsml:newsroom:20250327:nNRAvuqoia:0,NS:SPANEW,UNI.MC
2025-03-27 07:12:29.643,How Banco de Sabadell's dividend compares to Unicaja Banco,urn:newsml:newsroom:20250327:nNRAvuqoi9:0,NS:SPANEW,UNI.MC
2025-03-26 14:13:31.050,Banco Bilbao Vizcaya Argentaria continues to underperform Unicaja Banco by 4.1% in the past month,urn:newsml:newsroom:20250326:nNRAvughub:0,NS:SPANEW,UNI.MC
2025-03-25 07:12:42.500,How Banco Bilbao Vizcaya Argentaria's dividend compares to Unicaja Banco,urn:newsml:newsroom:20250325:nNRAvttfvs:0,NS:SPANEW,UNI.MC
2025-03-25 07:12:38.795,How Banco de Sabadell's dividend compares to Unicaja Banco,urn:newsml:newsroom:20250325:nNRAvttgmh:0,NS:SPANEW,UNI.MC
2025-03-18 08:12:31.803,Banco Bilbao Vizcaya Argentaria continues to outperform Unicaja Banco by 3.5% year to date,urn:newsml:newsroom:20250318:nNRAvr6fm5:0,NS:SPANEW,UNI.MC
2025-03-18 07:12:48.353,How Banco Bilbao Vizcaya Argentaria's dividend compares to Unicaja Banco,urn:newsml:newsroom:20250318:nNRAvr5i88:0,NS:SPANEW,UNI.MC
2025-03-18 07:12:46.764,How Banco de Sabadell's dividend compares to Unicaja Banco,urn:newsml:newsroom:20250318:nNRAvr5itq:0,NS:SPANEW,UNI.MC
2025-03-17 14:13:25.846,"Unicaja, to certify its qualification for the quarterfinals in Turkey",urn:newsml:newsroom:20250317:nNRAvqu4ot:0,NS:NOTENG,UNI.MC
2025-03-13 17:22:14.601,"IBEX 35 SPANISH TOP 6 DAILY: CONSECUTIVE PRICE RISES IN THE PAST MONTH End-of-day: Thursday March 13, 2025 16:00 (EST: 11:00, GMT: 15:00)",urn:newsml:newsroom:20250313:nNRAvpltyk:0,NS:GLOUPM,UNI.MC
2025-03-12 17:27:05.123,Unicaja Banco (MA:UNI EUR1.70) in today's trading buy signal: Bullish Candlestick chart pattern,urn:newsml:newsroom:20250312:nNRAvp5z1o:0,NS:GLOBUL,UNI.MC
2025-03-11 08:12:20.696,Banco Bilbao Vizcaya Argentaria continues to underperform Unicaja Banco by 0.8% in the past three months,urn:newsml:newsroom:20250311:nNRAvoieve:0,NS:SPANEW,UNI.MC
2025-03-11 07:12:31.482,How Banco Bilbao Vizcaya Argentaria's dividend compares to Unicaja Banco,urn:newsml:newsroom:20250311:nNRAvohonh:0,NS:SPANEW,UNI.MC
2025-03-11 07:12:29.802,How Banco de Sabadell's dividend compares to Unicaja Banco,urn:newsml:newsroom:20250311:nNRAvohpar:0,NS:SPANEW,UNI.MC
2025-03-10 12:13:28.714,Unicaja distributes 154.2 million in dividends to its shareholders tomorrow,urn:newsml:newsroom:20250310:nNRAvo681i:0,NS:NOTENG,UNI.MC
2025-03-05 17:22:36.216,"IBEX 35 SPANISH TOP 5 DAILY: CONSECUTIVE PRICE RISES IN THE PAST MONTH End-of-day: Wednesday March 05, 2025 16:00 (EST: 10:00, GMT: 15:00)",urn:newsml:newsroom:20250305:nNRAvmiqw6:0,NS:GLOUPM,UNI.MC
2025-03-04 08:12:30.430,Banco Bilbao Vizcaya Argentaria continues to underperform Unicaja Banco by 5.5% in the past month,urn:newsml:newsroom:20250304:nNRAvluwa6:0,NS:SPANEW,UNI.MC
2025-03-04 07:13:50.726,How Banco Bilbao Vizcaya Argentaria's dividend compares to Unicaja Banco,urn:newsml:newsroom:20250304:nNRAvlu318:0,NS:SPANEW,UNI.MC
2025-03-04 07:13:48.606,How Banco de Sabadell's dividend compares to Unicaja Banco,urn:newsml:newsroom:20250304:nNRAvlu2uh:0,NS:SPANEW,UNI.MC
2025-03-02 11:52:47.199,Fitch Upgrades Unicaja to 'BBB'; Outlook Stable,urn:newsml:newsroom:20250302:nNRAvl7etb:0,NS:PLUCOM,UNI.MC
2025-02-28 13:08:31.000,"UNICAJA Banco SA - Fitch mejora la calificación crediticia a largo plazo de Unicaja a 'BBB', con perspectiva estable",urn:newsml:reuters.com:20250228:nNDLKtSX1:1,NS:PUBT,UNI.MC
2025-02-28 12:04:44.036,Fitch Upgrades Unicaja to 'BBB'; Outlook Stable,urn:newsml:reuters.com:20250228:nFIT8Dl2bF:1,NS:FCH,UNI.MC
2025-02-27 20:51:42.104,"(EN) Unicaja Banco, S.A. Full Year (82462441)",urn:newsml:reuters.com:20250227:nGLF8Z5b5K:2,NS:GLFILE,UNI.MC
2025-02-27 13:13:47.047,Unicaja soars on the Ibex: Kepler sees potential for a merger,urn:newsml:newsroom:20250227:nNRAvk6lxo:0,NS:NOTENG,UNI.MC
2025-02-25 08:12:34.817,Banco Bilbao Vizcaya Argentaria continues to outperform Unicaja Banco by 2.6% in the past month,urn:newsml:newsroom:20250225:nNRAvj4mqi:0,NS:SPANEW,UNI.MC
2025-02-25 07:14:19.494,How Banco Bilbao Vizcaya Argentaria's dividend compares to Unicaja Banco,urn:newsml:newsroom:20250225:nNRAvj3w9e:0,NS:SPANEW,UNI.MC
2025-02-24 18:13:36.645,ECB lowers Unicaja's capital requirements for 2025,urn:newsml:newsroom:20250224:nNRAvix0rp:0,NS:NOTENG,UNI.MC
2025-02-20 19:06:56.116,How Banco Bilbao Vizcaya Argentaria's dividend compares to Unicaja Banco,urn:newsml:newsroom:20250220:nNRAvhjali:0,NS:SPANEW,UNI.MC
2025-02-20 17:27:19.009,"IBEX 35 SPANISH TOP 7 DAILY: PRICE RISES ON HIGH VOLATILITY IN THE PAST MONTH End-of-day: Thursday February 20, 2025 16:00 (EST: 10:00, GMT: 15:00)",urn:newsml:newsroom:20250220:nNRAvhhzhn:0,NS:GLOUPM,UNI.MC
2025-02-19 07:12:34.676,Banco Bilbao Vizcaya Argentaria continues to outperform Unicaja Banco by 8.1% year to date,urn:newsml:newsroom:20250219:nNRAvgsgx7:0,NS:SPANEW,UNI.MC
2025-02-16 23:13:20.688,Unicaja's ninth title and the fifth in the three seasons with Ibon on the bench.,urn:newsml:newsroom:20250216:nNRAvfuq32:0,NS:NOTENG,UNI.MC
2025-02-12 08:13:28.156,"Spain, a stronghold for large banks",urn:newsml:newsroom:20250212:nNRAve2q2t:0,NS:NOTENG,UNI.MC
2025-02-12 07:07:49.533,How Banco Bilbao Vizcaya Argentaria's dividend compares to Unicaja Banco,urn:newsml:newsroom:20250212:nNRAve1vm4:0,NS:SPANEW,UNI.MC
2025-02-11 15:08:48.113,Banco Bilbao Vizcaya Argentaria continues to underperform Unicaja Banco by 5.9% in the past three months,urn:newsml:newsroom:20250211:nNRAvdr30x:0,NS:SPANEW,UNI.MC
2025-02-09 05:11:31.281,Unicaja: search for higher profitability drives shares to all-time highs,urn:newsml:newsroom:20250209:nNRAvcx4dq:0,NS:NOTENG,UNI.MC
2025-02-07 21:59:46.101,"(EN) Unicaja Banco, S.A. Monthly Presentation (82229997)",urn:newsml:reuters.com:20250207:nGLF9PRw3f:2,NS:GLFILE,UNI.MC
2025-02-06 16:47:55.693,Unicaja Banco (UNI: EUR1.50) gains 3.4% strengthening above moving average price,urn:newsml:newsroom:20250206:nNRAvc0tao:0,NS:SPANEW,UNI.MC
2025-02-05 21:14:04.038,"(EN) Unicaja Banco, S.A. Full Year Presentation (82192082)",urn:newsml:reuters.com:20250205:nGLFFM7NW:3,NS:GLFILE,UNI.MC
2025-02-05 21:07:12.782,Q4 2024 Unicaja Banco SA Earnings Call Transcript,urn:newsml:newsroom:20250205:nNRAvbn4zy:0,NS:GURCOM,UNI.MC
2025-02-05 07:07:45.123,How Banco Bilbao Vizcaya Argentaria's dividend compares to Unicaja Banco,urn:newsml:newsroom:20250205:nNRAvbbai7:0,NS:SPANEW,UNI.MC
2025-02-05 03:13:24.599,Unicaja earns 29 million less in banking commissions after changing its strategy to secure clients,urn:newsml:newsroom:20250205:nNRAvb95tl:0,NS:NOTENG,UNI.MC
2025-02-04 18:12:50.920,Earnings season in technology companies focuses investors' attention,urn:newsml:newsroom:20250204:nNRAvb3z57:0,NS:NOTENG,UNI.MC
2025-02-04 18:12:22.969,Government rhetoric on the pay-as-you-go pension system,urn:newsml:newsroom:20250204:nNRAvb3z3y:0,NS:NOTENG,UNI.MC
2025-02-04 18:12:21.269,"Yes, we are pension naysayers",urn:newsml:newsroom:20250204:nNRAvb3ymw:0,NS:NOTENG,UNI.MC
2025-02-04 18:12:20.997,"Unicaja earned 573 million in 204, more than double that of the previous year",urn:newsml:newsroom:20250204:nNRAvb3zss:0,NS:NOTENG,UNI.MC
2025-02-04 16:11:58.481,Unicaja rules out a merger but will establish alliances to grow further until 2027,urn:newsml:newsroom:20250204:nNRAvb270y:0,NS:NOTENG,UNI.MC
2025-02-04 15:08:29.149,Banco Bilbao Vizcaya Argentaria continues to outperform Unicaja Banco by 6.6% in the past month,urn:newsml:newsroom:20250204:nNRAvb156o:0,NS:SPANEW,UNI.MC
2025-02-04 14:41:22.000,"UNICAJA Banco SA - Increase of the profit by 115% in 2024, to 573 million euros, and proposal for the distribution of 344 million euros in dividends, the highest in its history",urn:newsml:reuters.com:20250204:nNDLb7fPpw:1,NS:PUBT,UNI.MC
2025-02-04 13:18:53.679,Unicaja Sees Impact From Banking Tax In 2025 Half Of Last Year's 88 Mln Euros,urn:newsml:reuters.com:20250204:nRSD8wwtlx:1,NS:SIGDEV,UNI.MC
2025-02-04 13:05:23.000,BRIEF-Unicaja Sees Impact From Banking Tax In 2025 Half Of Last Year's 88 Mln Euros,urn:newsml:reuters.com:20250204:nS0N3G002J:1,NS:RTRS,UNI.MC
2025-02-04 12:00:00.000,Q4 2024 Unicaja Banco SA Earnings Call,urn:newsml:reuters.com:20250204:nTRN5Xb8P9:1,NS:TRANS,UNI.MC
2025-02-04 11:13:32.237,Unicaja doubles its profit to 573 million and will pay out its highest dividend ever,urn:newsml:newsroom:20250204:nNRAvaxwmh:0,NS:NOTENG,UNI.MC
2025-02-04 10:31:59.000,"UPDATE 3-Spain's Unicaja targets 40% profit rise, investors welcome dividend policy",urn:newsml:reuters.com:20250204:nL8N3OV0CR:1,NS:RTRS,UNI.MC
2025-02-04 10:25:45.164,Spain's Unicaja sees lower lending income in 2025,urn:link:webnews:20250204:nNRAvawr3o:0,NS:GLOREV,UNI.MC
2025-02-04 10:22:22.860,Unicaja Is Not Planning To Undertake Share Buybacks In 2025 But Could Do So From 2026 Onwards,urn:newsml:reuters.com:20250204:nRSD1M4jVR:1,NS:SIGDEV,UNI.MC
2025-02-04 10:12:55.397,"Unicaja earned 573 million in 2024, more than twice as much as a year earlier, and proposes a record dividend to its shareholders",urn:newsml:newsroom:20250204:nNRAvawmt9:0,NS:NOTENG,UNI.MC
2025-02-04 10:12:35.000,BRIEF-Unicaja Is Not Planning To Undertake Share Buybacks In 2025 But Could Do So From 2026 Onwards,urn:newsml:reuters.com:20250204:nS0N3G0010:1,NS:RTRS,UNI.MC
2025-02-04 10:11:42.001,Unicaja focuses on profitability and promises to distribute 85% of profit to shareholders over the next three years,urn:newsml:newsroom:20250204:nNRAvawlko:0,NS:NOTENG,UNI.MC
2025-02-04 10:05:10.000,"BUZZ-Unicaja shares rise, Jefferies says 2025-27 targets imply upside to consensus",urn:newsml:reuters.com:20250204:nL8N3OV0PN:1,NS:RTRS,UNI.MC
2025-02-04 09:12:03.096,Unicaja earns 573M (up 115%) and presents a strategic plan focused on dividends,urn:newsml:newsroom:20250204:nNRAvavqb8:0,NS:NOTENG,UNI.MC
2025-02-04 08:14:14.186,"Unicaja earned 573 million in 204, more than double that of the previous year",urn:newsml:newsroom:20250204:nNRAvauwk0:0,NS:NOTENG,UNI.MC
2025-02-04 08:13:58.845,Unicaja more than doubles its profit and earns 573 million in 2024,urn:newsml:newsroom:20250204:nNRAvaux1z:0,NS:NOTENG,UNI.MC
2025-02-04 08:07:16.334,Unicaja's lending income stall in Q4 on lower rate,urn:link:webnews:20250204:nNRAvaurxo:0,NS:GLOREV,UNI.MC
2025-02-04 07:29:55.000,Spanish stocks - Factors to watch on February 4,urn:newsml:reuters.com:20250204:nL8N3OV0G9:1,NS:RTRS,UNI.MC
2025-02-04 07:13:52.735,Unicaja doubles its profit in 2024 and proposes a sharp increase in dividends in its new strategic plan,urn:newsml:newsroom:20250204:nNRAvau1lt:0,NS:NOTENG,UNI.MC
2025-02-04 06:59:09.065,Unicaja Q4 Net Profit At 122 Mln Euros,urn:newsml:reuters.com:20250204:nRSD1DKK5K:1,NS:SIGDEV,UNI.MC
2025-02-04 06:46:50.000,Unicaja's books 122 mln euro profit in Q4 vs 19 mln euro loss in 2023,urn:newsml:reuters.com:20250204:nL8N3OU1VQ:2,NS:RTRS,UNI.MC
2025-02-04 06:46:28.000,BRIEF-Unicaja Sees 2025 NII Above 1.40 Bln Euros,urn:newsml:reuters.com:20250204:nFWN3OU1CI:1,NS:RTRS,UNI.MC
2025-02-04 06:45:10.000,BRIEF-Unicaja Q4 Net Profit At 122 Mln Euros,urn:newsml:reuters.com:20250204:nFWN3OV00B:1,NS:RTRS,UNI.MC
2025-02-03 16:53:48.419,Unicaja Banco (UNI: EUR1.38) strengthens above moving average price,urn:newsml:newsroom:20250203:nNRAvalu57:0,NS:SPANEW,UNI.MC
2025-02-03 05:12:16.152,Unicaja will propose a 10% increase in profitability in its strategic plan,urn:newsml:newsroom:20250203:nNRAvacfxa:0,NS:NOTENG,UNI.MC
2025-02-02 15:12:44.299,94-73. Unicaja beats Baskonia in steamroller mode,urn:newsml:newsroom:20250202:nNRAva8r76:0,NS:NOTENG,UNI.MC
2025-02-01 00:10:47.928,With a trading volume of EUR 41.6 k UNI.MC trades -1 percent lower today,urn:newsml:newsroom:20250201:nNRAv9vhgo:0,NS:STOCKP,UNI.MC
2025-01-29 16:52:21.442,"IBEX 35 SPANISH TOP 4 DAILY: CONSECUTIVE PRICE RISES IN THE PAST MONTH End-of-day: Wednesday January 29, 2025 16:00 (EST: 10:00, GMT: 15:00)",urn:newsml:newsroom:20250129:nNRAv8uef1:0,NS:GLOUPM,UNI.MC
2025-01-29 07:08:07.955,How Banco Bilbao Vizcaya Argentaria's dividend compares to Unicaja Banco,urn:newsml:newsroom:20250129:nNRAv8mldv:0,NS:SPANEW,UNI.MC
2025-01-28 15:08:26.587,Banco Bilbao Vizcaya Argentaria continues to outperform Unicaja Banco by 9.0% in the past month,urn:newsml:newsroom:20250128:nNRAv8cz8v:0,NS:SPANEW,UNI.MC
2025-01-23 19:57:43.421,"Moody's Ratings announces completion of a periodic review of ratings of Unicaja Banco, S.A.",urn:newsml:newsroom:20250123:nNRAv6qzs2:0,NS:PLUCOM,UNI.MC
2025-01-22 07:07:42.027,How Banco Bilbao Vizcaya Argentaria's dividend compares to Unicaja Banco,urn:newsml:newsroom:20250122:nNRAv604vs:0,NS:GLOSTO,UNI.MC
2025-01-21 15:08:36.104,Banco Bilbao Vizcaya Argentaria continues to outperform Unicaja Banco by 4.9% year to date,urn:newsml:newsroom:20250121:nNRAv5qioh:0,NS:GLOSTO,UNI.MC
2025-01-16 16:47:34.415,Unicaja Banco (UNI: EUR1.31) drops 2.2% on increasing volatility; -3c [2.2%] Vol Index 1.5 [1 is avg],urn:newsml:newsroom:20250116:nNRAv41zfu:0,NS:GLOSTO,UNI.MC
2025-01-15 16:47:34.817,Unicaja Banco (UNI: EUR1.34) offers dividend yield of 8.2%; Vol Index 2.5 [1 is avg],urn:newsml:newsroom:20250115:nNRAv3l30q:0,NS:GLOSTO,UNI.MC
2025-01-15 07:08:17.676,How Banco Bilbao Vizcaya Argentaria's dividend compares to Unicaja Banco,urn:newsml:newsroom:20250115:nNRAv3crnq:0,NS:GLOSTO,UNI.MC
2025-01-14 16:47:42.400,"Unicaja Banco (UNI: EUR1.34) decreases, 2 days' volume in a day; -1c [0.7%] Vol Index 1.7 [1 is avg]",urn:newsml:newsroom:20250114:nNRAv345rt:0,NS:GLOSTO,UNI.MC
2025-01-14 15:08:56.727,Banco Bilbao Vizcaya Argentaria continues to underperform Unicaja Banco by 22.0% in the past three months,urn:newsml:newsroom:20250114:nNRAv32r5q:0,NS:GLOSTO,UNI.MC
2025-01-13 16:47:17.840,Unicaja Banco (UNI: EUR1.35) hits year-high 3rd time in one month; +1c [0.7%] Vol Index 1.9 [1 is avg],urn:newsml:newsroom:20250113:nNRAv2o88e:0,NS:GLOSTO,UNI.MC
2025-01-13 07:12:24.136,Weekly: Unicaja Banco (UNI: EUR1.34) accelerates rise: up 7% in 3 weeks; +9c [7.2%],urn:newsml:newsroom:20250113:nNRAv2h8vj:0,NS:GLOSTO,UNI.MC
2025-01-11 05:57:01.668,Weekly: Unicaja Banco (UNI: EUR1.34) accelerates rise: up 7% in 3 weeks; +6c [4.7%] Vol Index 1.6 [1 is avg],urn:newsml:newsroom:20250111:nNRAv23pah:0,NS:GLOWEE,UNI.MC
2025-01-10 16:53:01.496,Weekly: Unicaja Banco (UNI: EUR1.34) accelerates rise: up 7% in 3 weeks; +6c [4.7%] Vol Index 1.6 [1 is avg],urn:newsml:newsroom:20250110:nNRAv1y59h:0,NS:GLOWEE,UNI.MC
2025-01-10 16:52:09.816,Weekly: Unicaja Banco (UNI: EUR1.34) accelerates rise: up 7% in 3 weeks; +9c [7.2%],urn:newsml:newsroom:20250110:nNRAv1y5vz:0,NS:GLOSTO,UNI.MC
2025-01-09 16:47:35.547,"Unicaja Banco (UNI: EUR1.34) continues significant uptrend, gains 3.1%; +4c [3.1%] Vol Index 2.2 [1 is avg]",urn:newsml:newsroom:20250109:nNRAv1kemi:0,NS:GLOSTO,UNI.MC
2025-01-08 16:47:37.745,Unicaja Banco (UNI: EUR1.30) hits six-month high on robust volume; +1c [0.8%] Vol Index 1.5 [1 is avg],urn:newsml:newsroom:20250108:nNRAv15op4:0,NS:GLOSTO,UNI.MC
2025-01-08 09:07:55.779,Banco Santander continues to underperform Unicaja Banco by 4.4% in the past month,urn:newsml:newsroom:20250108:nNRAv0zu3i:0,NS:GLOSTO,UNI.MC
2025-01-08 08:12:57.127,Unicaja sells 100 million in 'brick' to GCBE (Cerberus) and Telesto Inversiones,urn:newsml:newsroom:20250108:nNRAv0za9f:0,NS:NOTENG,UNI.MC
2025-01-08 07:07:20.173,How Banco Bilbao Vizcaya Argentaria's dividend compares to Unicaja Banco,urn:newsml:newsroom:20250108:nNRAv0ynnh:0,NS:GLOSTO,UNI.MC
2025-01-07 16:08:08.109,Banco Bilbao Vizcaya Argentaria continues to underperform Unicaja Banco by 0.2% in the past month,urn:newsml:newsroom:20250107:nNRAv0qq4m:0,NS:GLOSTO,UNI.MC
2025-01-06 16:47:25.958,"Unicaja Banco (UNI: EUR1.30) lifts 1.6% strengthening above moving average price, hits 166-day high; +2c [1.6%] Vol Index 1.5 [1 is avg]",urn:newsml:newsroom:20250106:nNRAv0c4ry:0,NS:GLOSTO,UNI.MC
2025-01-04 03:11:56.846,Unicaja will pay 7.75 million for the damage caused to the TDA 24 fund due to floor clauses,urn:newsml:newsroom:20250104:nNRAuzqnov:0,NS:NOTENG,UNI.MC
2025-01-03 16:48:58.089,"Unicaja Banco (UNI: EUR1.28) adds EUR47 million ($49 million) (2.4%) in MCap, top heavyweight rise in Banks company; +3c [2.4%]",urn:newsml:newsroom:20250103:nNRAuzl70e:0,NS:GLOSTO,UNI.MC
2025-01-03 13:12:45.568,Unicaja will pay 7.75 million for the damage caused to the TDA 24 fund with the 'floor clauses'.,urn:newsml:newsroom:20250103:nNRAuzip5x:0,NS:NOTENG,UNI.MC
2025-01-03 07:07:43.813,Banco Bilbao Vizcaya Argentaria continues to underperform Unicaja Banco by 33.4% year to date,urn:newsml:newsroom:20250103:nNRAuzemb3:0,NS:GLOSTO,UNI.MC
2025-01-03 07:07:43.599,Banco Santander continues to underperform Unicaja Banco by 32.8% year to date,urn:newsml:newsroom:20250103:nNRAuzemm6:0,NS:GLOSTO,UNI.MC
2025-01-02 16:47:05.224,Unicaja Banco (UNI: EUR1.25) drops 1.6% on increasing volatility; -2c [1.6%] Vol Index 1.2 [1 is avg],urn:newsml:newsroom:20250102:nNRAuz80yt:0,NS:GLOSTO,UNI.MC
2025-01-02 07:14:27.566,How Banco Bilbao Vizcaya Argentaria's dividend compares to Unicaja Banco,urn:newsml:newsroom:20250102:nNRAuz1jcf:0,NS:GLOSTO,UNI.MC
2024-12-31 15:08:12.594,Banco Bilbao Vizcaya Argentaria continues to underperform Unicaja Banco by 5.2% in the past month,urn:newsml:newsroom:20241231:nNRAuym4yp:0,NS:GLOSTO,UNI.MC
2024-12-27 07:08:08.019,How Banco Bilbao Vizcaya Argentaria's dividend compares to Unicaja Banco,urn:newsml:newsroom:20241227:nNRAuxbmj9:0,NS:GLOSTO,UNI.MC
2024-12-24 16:07:28.038,Banco Santander continues to underperform Unicaja Banco by 27.3% year to date,urn:newsml:newsroom:20241224:nNRAuwl4d9:0,NS:GLOSTO,UNI.MC
2024-12-24 15:08:43.314,Banco Bilbao Vizcaya Argentaria continues to underperform Unicaja Banco by 29.1% year to date,urn:newsml:newsroom:20241224:nNRAuwkke6:0,NS:GLOSTO,UNI.MC
2024-12-23 16:52:23.614,Unicaja Banco (UNI: EUR1.26) in top 1% performers of IBEX 35 Index; +1c [0.8%],urn:newsml:newsroom:20241223:nNRAuw80ow:0,NS:GLOSTO,UNI.MC
2024-12-21 05:56:57.965,Weekly: Unicaja Banco (UNI: EUR1.25) drops 3.8% on average volume; -5c [3.8%],urn:newsml:newsroom:20241221:nNRAuvma7p:0,NS:GLOWEE,UNI.MC
2024-12-20 16:52:41.623,Weekly: Unicaja Banco (UNI: EUR1.25) drops 3.8% on average volume; -5c [3.8%],urn:newsml:newsroom:20241220:nNRAuvfb1e:0,NS:GLOWEE,UNI.MC
2024-12-20 15:14:11.643,Unicaja appoints new Chief Technology Officer at NTT Data,urn:newsml:newsroom:20241220:nNRAuve1fx:0,NS:NOTENG,UNI.MC
2024-12-18 16:47:31.633,Unicaja Banco (UNI: EUR1.25) lifts 1.6%; +2c [1.6%],urn:newsml:newsroom:20241218:nNRAuuk87s:0,NS:GLOSTO,UNI.MC
2024-12-18 07:07:43.764,How Banco Bilbao Vizcaya Argentaria's dividend compares to Unicaja Banco,urn:newsml:newsroom:20241218:nNRAuucka2:0,NS:GLOSTO,UNI.MC
2024-12-17 16:47:38.976,Unicaja Banco (UNI: EUR1.23) in bottom 1% performers of IBEX 35 Index; -11c [8.2%],urn:newsml:newsroom:20241217:nNRAuu43xy:0,NS:GLOSTO,UNI.MC
2024-12-17 16:08:10.784,Banco Bilbao Vizcaya Argentaria continues to underperform Unicaja Banco by 8.2% in the past three months,urn:newsml:newsroom:20241217:nNRAuu3qxw:0,NS:GLOSTO,UNI.MC
2024-12-16 16:52:33.927,Unicaja Banco (UNI: EUR1.34) in top 2% performers of IBEX 35 Index; +4c [3.1%] Vol Index 1.4 [1 is avg],urn:newsml:newsroom:20241216:nNRAutorr4:0,NS:GLOSTO,UNI.MC
2024-12-14 05:51:51.799,Weekly: Unicaja Banco (UNI: EUR1.30) decreases 0.8% on below average volume; -1c [0.8%],urn:newsml:newsroom:20241214:nNRAut0x2l:0,NS:GLOWEE,UNI.MC
2024-12-13 16:48:01.082,Weekly: Unicaja Banco (UNI: EUR1.30) decreases 0.8% on below average volume; -1c [0.8%],urn:newsml:newsroom:20241213:nNRAusu26n:0,NS:GLOWEE,UNI.MC
2024-12-12 06:13:25.403,The ECB asks for more capital to all Spanish banks except Unicaja (in case there are bends in the road),urn:newsml:newsroom:20241212:nNRAus73mz:0,NS:NOTENG,UNI.MC
2024-12-11 16:47:33.746,Unicaja Banco (UNI: EUR1.30) drops 1.5%; -2c [1.5%],urn:newsml:newsroom:20241211:nNRAurzvhw:0,NS:GLOSTO,UNI.MC
2024-12-11 07:06:51.328,Banco Bilbao Vizcaya Argentaria continues to underperform Unicaja Banco by 7.2% in the past month,urn:newsml:newsroom:20241211:nNRAurs1n1:0,NS:GLOSTO,UNI.MC
2024-12-09 16:47:39.598,"Unicaja Banco (UNI: EUR1.32) increases on rising relative strength, hits 132-day high; +1c [0.8%]",urn:newsml:newsroom:20241209:nNRAur4t6i:0,NS:GLOSTO,UNI.MC
2024-12-09 11:13:19.814,"The league of fights: Barça's expulsion, Real Madrid's clash, Vidorreta's gestures...",urn:newsml:newsroom:20241209:nNRAur0cq9:0,NS:NOTENG,UNI.MC
2024-12-08 23:12:43.454,Real Madrid reacts with Deck to subdue a gray leader,urn:newsml:newsroom:20241208:nNRAuqvllc:0,NS:NOTENG,UNI.MC
2024-12-08 22:12:54.193,Real Madrid subdues Unicaja on defense,urn:newsml:newsroom:20241208:nNRAuqvcwd:0,NS:NOTENG,UNI.MC
2024-12-07 05:56:54.833,Weekly: Unicaja Banco (UNI: EUR1.31) in top 3% performers of IBEX 35 Index in past week; +9c [7.4%],urn:newsml:newsroom:20241207:nNRAuqjfbt:0,NS:GLOWEE,UNI.MC
2024-12-06 16:52:47.791,Weekly: Unicaja Banco (UNI: EUR1.31) in top 3% performers of IBEX 35 Index in past week; +9c [7.4%],urn:newsml:newsroom:20241206:nNRAuqbxj4:0,NS:GLOWEE,UNI.MC
2024-12-05 16:47:34.736,"Unicaja Banco (UNI: EUR1.31) gains 3.1% strengthening above moving average price, hits 128-day high; +4c [3.1%]",urn:newsml:newsroom:20241205:nNRAupzkxy:0,NS:GLOSTO,UNI.MC
2024-12-04 07:07:34.483,How Banco Bilbao Vizcaya Argentaria's dividend compares to Unicaja Banco,urn:newsml:newsroom:20241204:nNRAupdcju:0,NS:GLOSTO,UNI.MC
2024-12-03 16:47:33.999,Unicaja Banco (UNI: EUR1.27) lifts 1.6% on rising relative strength; +2c [1.6%],urn:newsml:newsroom:20241203:nNRAup4p1s:0,NS:GLOSTO,UNI.MC
2024-12-03 15:43:41.209,"Monthly: Unicaja Banco (UNI: EUR1.22) up 6% in November, highest gainer amongst Banks company",urn:newsml:newsroom:20241203:nNRAup3rrb:0,NS:GLOSTP,UNI.MC
2024-12-02 16:58:44.194,Unicaja Banco (UNI: EUR1.25) in top 2% performers of IBEX 35 Index; +3c [2.5%],urn:newsml:newsroom:20241202:nNRAunu4r4:0,NS:GLOSTO,UNI.MC
2024-12-02 13:49:33.418,"(EN) Unicaja Banco, S.A. Monthly Presentation (81396418)",urn:newsml:reuters.com:20241202:nGLF2tJvDh:2,NS:GLFILE,UNI.MC
2024-12-02 07:09:24.674,"Monthly: Unicaja Banco (UNI: EUR1.22) up 6% in November, highest gainer amongst Banks company",urn:newsml:newsroom:20241202:nNRAun4doo:0,NS:GLOSTO,UNI.MC
2024-11-30 05:56:54.561,Weekly: Unicaja Banco (UNI: EUR1.22) decreases 0.8% on weak volume; -1c [0.8%],urn:newsml:newsroom:20241130:nNRAumnl45:0,NS:GLOWEE,UNI.MC
2024-11-30 03:12:47.161,Unicaja to pay its first interim dividend in December since its IPO,urn:newsml:newsroom:20241130:nNRAummpiq:0,NS:NOTENG,UNI.MC
2024-11-29 18:13:40.061,"Unicaja will pay a dividend of six cents per share, 52% of its profit.",urn:newsml:newsroom:20241129:nNRAumigt0:0,NS:NOTENG,UNI.MC
2024-11-29 16:57:48.606,Weekly: Unicaja Banco (UNI: EUR1.22) decreases 0.8% on weak volume; -1c [0.8%],urn:newsml:newsroom:20241129:nNRAumhcz7:0,NS:GLOWEE,UNI.MC
2024-11-29 16:57:48.385,"Monthly: Unicaja Banco (UNI: EUR1.22) up 6% in November, highest gainer amongst Banks company",urn:newsml:newsroom:20241129:nNRAumhdra:0,NS:GLOSTP,UNI.MC
2024-11-29 16:52:28.264,Unicaja Banco (UNI: EUR1.22) rises on increasing volatility; +1c [0.8%],urn:newsml:newsroom:20241129:nNRAumhayu:0,NS:GLOSTO,UNI.MC
2024-11-29 16:45:46.550,Unicaja To Pay Gross Dividend Of 0.06 Eur/Shr On Dec 19,urn:newsml:reuters.com:20241129:nRSDc30xM4:1,NS:SIGDEV,UNI.MC
2024-11-29 16:35:35.000,BRIEF-Unicaja To Pay Gross Dividend Of 0.06 Eur/Shr On Dec 19,urn:newsml:reuters.com:20241129:nFWN3N00FN:1,NS:RTRS,UNI.MC
2024-11-28 16:47:23.980,Unicaja Banco (UNI: EUR1.21) offers dividend yield of 4.1%; +1c [0.8%],urn:newsml:newsroom:20241128:nNRAum36sh:0,NS:GLOSTO,UNI.MC
2024-11-27 16:47:38.593,Unicaja Banco (UNI: EUR1.20) decreases; -1c [0.8%],urn:newsml:newsroom:20241127:nNRAuloonv:0,NS:GLOSTO,UNI.MC
2024-11-27 07:07:25.781,How CaixaBank's dividend compares to Unicaja Banco,urn:newsml:newsroom:20241127:nNRAulgtno:0,NS:GLOSTO,UNI.MC
2024-11-27 07:07:25.492,How Banco Bilbao Vizcaya Argentaria's dividend compares to Unicaja Banco,urn:newsml:newsroom:20241127:nNRAulgsdh:0,NS:GLOSTO,UNI.MC
2024-11-26 16:47:37.444,Unicaja Banco (UNI: EUR1.21) offers dividend yield of 4.1%; -3c [2.4%],urn:newsml:newsroom:20241126:nNRAul6xx0:0,NS:GLOSTO,UNI.MC
2024-11-25 18:12:24.520,"The new tax will hit CaixaBank, Santander and BBVA and reduce the bill for Sabadell, Bankinter and Unicaja.",urn:newsml:newsroom:20241125:nNRAukrn8j:0,NS:NOTENG,UNI.MC
2024-11-25 16:57:56.960,Unicaja Banco (UNI: EUR1.24) closes at 5.3% above VWAP; +1c [0.8%],urn:newsml:newsroom:20241125:nNRAukqnhm:0,NS:GLOSTO,UNI.MC
2024-11-23 05:56:52.674,Weekly: Unicaja Banco (UNI: EUR1.23) unchanged on below average volume,urn:newsml:newsroom:20241123:nNRAuk3t8q:0,NS:GLOWEE,UNI.MC
2024-11-22 16:52:25.815,Weekly: Unicaja Banco (UNI: EUR1.23) unchanged on below average volume,urn:newsml:newsroom:20241122:nNRAujx1aw:0,NS:GLOWEE,UNI.MC
2024-11-22 16:47:47.798,Unicaja Banco (UNI: EUR1.23) drops on increasing volatility; -1c [0.8%] Vol Index 1.5 [1 is avg],urn:newsml:newsroom:20241122:nNRAujwylt:0,NS:GLOSTO,UNI.MC
2024-11-21 16:47:36.290,Unicaja Banco (UNI: EUR1.24) in top 2% performers of IBEX 35 Index; +2c [1.6%],urn:newsml:newsroom:20241121:nNRAujguy0:0,NS:GLOSTO,UNI.MC
2024-11-20 07:07:43.897,How CaixaBank's dividend compares to Unicaja Banco,urn:newsml:newsroom:20241120:nNRAuit3ss:0,NS:GLOSTO,UNI.MC
2024-11-20 07:07:36.895,How Banco Bilbao Vizcaya Argentaria's dividend compares to Unicaja Banco,urn:newsml:newsroom:20241120:nNRAuit3zv:0,NS:GLOSTO,UNI.MC
2024-11-19 16:47:46.730,Unicaja Banco (UNI: EUR1.22) offers dividend yield of 4.1%; -2c [1.6%],urn:newsml:newsroom:20241119:nNRAuil2g1:0,NS:GLOSTO,UNI.MC
2024-11-18 16:47:34.426,"Unicaja Banco (UNI: EUR1.24) keeps rising, up 6.9% in 3 days; +8c [6.9%]",urn:newsml:newsroom:20241118:nNRAui4sb7:0,NS:GLOSTO,UNI.MC
2024-11-16 06:47:41.488,Weekly: Unicaja Banco (UNI: EUR1.23) climbs 5% on weak volume; +6c [5.1%],urn:newsml:newsroom:20241116:nNRAuhios2:0,NS:GLOWEE,UNI.MC
2024-11-15 16:53:06.483,Weekly: Unicaja Banco (UNI: EUR1.23) climbs 5% on weak volume; +6c [5.1%],urn:newsml:newsroom:20241115:nNRAuhbhdd:0,NS:GLOWEE,UNI.MC
2024-11-15 16:47:50.539,"Unicaja Banco (UNI: EUR1.23) climbs 2.5% on rising relative strength, hits 106-day high; +3c [2.5%]",urn:newsml:newsroom:20241115:nNRAuhbepk:0,NS:GLOSTO,UNI.MC
2024-11-14 16:48:26.666,Unicaja Banco (UNI: EUR1.20) in top 2% performers of IBEX 35 Index; +4c [3.4%],urn:newsml:newsroom:20241114:nNRAugvs24:0,NS:GLOSTO,UNI.MC
2024-11-14 02:01:02.831,With a trading volume of EUR 4.1 mn UNI.MC trades -1.53 percent lower today,urn:newsml:newsroom:20241114:nNRAugkows:0,NS:STOCKP,UNI.MC
2024-11-13 07:07:50.859,How CaixaBank's dividend compares to Unicaja Banco,urn:newsml:newsroom:20241113:nNRAug80hr:0,NS:GLOSTO,UNI.MC
2024-11-13 07:07:48.443,How Banco Bilbao Vizcaya Argentaria's dividend compares to Unicaja Banco,urn:newsml:newsroom:20241113:nNRAug7yj2:0,NS:GLOSTO,UNI.MC
2024-11-12 16:47:35.383,Unicaja Banco (UNI: EUR1.16) offers dividend yield of 4.3%; -2c [1.7%],urn:newsml:newsroom:20241112:nNRAufze1v:0,NS:GLOSTO,UNI.MC
2024-11-11 16:52:27.157,Unicaja Banco (UNI: EUR1.18) closes at 5.0% above VWAP; +1c [0.9%],urn:newsml:newsroom:20241111:nNRAufknuz:0,NS:GLOSTO,UNI.MC
2024-11-11 07:14:11.269,"Unicaja Banco Compendium - A Snapshot as of November 08, 2024",urn:newsml:newsroom:20241111:nNRAufdo3b:0,NS:GLOSTO,UNI.MC
2024-11-09 09:07:49.730,Weekly: Unicaja Banco (UNI: EUR1.17) decreases 0.8% on average volume; -1c [0.8%],urn:newsml:newsroom:20241109:nNRAues0zx:0,NS:GLOWEE,UNI.MC
2024-11-08 16:53:07.333,Weekly: Unicaja Banco (UNI: EUR1.17) decreases 0.8% on average volume; -1c [0.8%],urn:newsml:newsroom:20241108:nNRAuekdmt:0,NS:GLOWEE,UNI.MC
2024-11-08 16:47:50.681,Unicaja Banco (UNI: EUR1.17) drops 1.7%; -2c [1.7%],urn:newsml:newsroom:20241108:nNRAuek91s:0,NS:GLOSTO,UNI.MC
2024-11-07 16:47:25.360,Unicaja Banco (UNI: EUR1.19) climbs 2.6% on rising relative strength; +3c [2.6%],urn:newsml:newsroom:20241107:nNRAue3l28:0,NS:GLOSTO,UNI.MC
2024-11-06 17:15:11.548,"(EN) Unicaja Banco, S.A. Monthly Presentation (81076793)",urn:newsml:reuters.com:20241106:nGLF2BpBN0:2,NS:GLFILE,UNI.MC
2024-11-06 16:47:26.530,Unicaja Banco (UNI: EUR1.16) offers dividend yield of 4.3%; -6c [4.9%],urn:newsml:newsroom:20241106:nNRAudnhwv:0,NS:GLOSTO,UNI.MC
2024-11-06 07:07:28.311,How Banco Santander's dividend compares to Unicaja Banco,urn:newsml:newsroom:20241106:nNRAudfn9f:0,NS:GLOSTO,UNI.MC
2024-11-06 07:07:28.176,How CaixaBank's dividend compares to Unicaja Banco,urn:newsml:newsroom:20241106:nNRAudfm97:0,NS:GLOSTO,UNI.MC
2024-11-06 07:07:27.960,How Banco Bilbao Vizcaya Argentaria's dividend compares to Unicaja Banco,urn:newsml:newsroom:20241106:nNRAudfm96:0,NS:GLOSTO,UNI.MC
2024-11-05 19:18:48.641,Unicaja Banco is trading 1.27 percent higher with a volume of EUR 12.4 mn on Tuesday 5th of November,urn:newsml:newsroom:20241105:nNRAud9k75:0,NS:STOCKP,UNI.MC
2024-11-05 16:52:40.415,"Unicaja Banco (UNI: EUR1.22) in top 2% performers of IBEX 35 Index, hits 63-day high; +2c [1.7%]",urn:newsml:newsroom:20241105:nNRAud7pdu:0,NS:GLOSTO,UNI.MC
2024-11-05 15:08:04.902,Banco Santander continues to underperform Unicaja Banco by 1.6% in the past month,urn:newsml:newsroom:20241105:nNRAud6byl:0,NS:GLOSTO,UNI.MC
2024-11-04 18:48:42.685,Unicaja Banco trades 2.52 percent higher on Monday 4th of November,urn:newsml:newsroom:20241104:nNRAucu233:0,NS:STOCKP,UNI.MC
2024-11-04 16:52:54.875,Unicaja Banco (UNI: EUR1.20) hits two-month high; +2c [1.7%],urn:newsml:newsroom:20241104:nNRAucsjxk:0,NS:GLOSTO,UNI.MC
2024-11-04 15:42:58.506,Monthly: Unicaja Banco (UNI: EUR1.15) unchanged on below average volume in October 2024,urn:newsml:newsroom:20241104:nNRAucrpid:0,NS:GLOSTP,UNI.MC
2024-11-04 08:12:30.118,"Sevilla reaffirms its commitment to Unicaja: purchases 50,000 shares",urn:newsml:newsroom:20241104:nNRAucm8jy:0,NS:NOTENG,UNI.MC
2024-11-02 05:51:52.672,Weekly: Unicaja Banco (UNI: EUR1.18) in top 1% performers of IBEX 35 Index in past week; +11c [10.3%],urn:newsml:newsroom:20241102:nNRAuc7cr6:0,NS:GLOWEE,UNI.MC
2024-11-01 16:53:10.196,Weekly: Unicaja Banco (UNI: EUR1.18) in top 1% performers of IBEX 35 Index in past week; +11c [10.3%],urn:newsml:newsroom:20241101:nNRAuc1iet:0,NS:GLOWEE,UNI.MC
2024-11-01 16:47:32.198,"Unicaja Banco (UNI: EUR1.18) climbs 2.6% on rising relative strength, hits 35-day high; +3c [2.6%]",urn:newsml:newsroom:20241101:nNRAuc1cdv:0,NS:GLOSTO,UNI.MC
2024-11-01 13:12:00.765,"Unicaja earns 451 million euros through September, up 58%.",urn:newsml:newsroom:20241101:nNRAubys9c:0,NS:NOTENG,UNI.MC
2024-11-01 08:27:24.693,Monthly: Unicaja Banco (UNI: EUR1.15) unchanged on below average volume in October 2024,urn:newsml:newsroom:20241101:nNRAubv19u:0,NS:GLOSTO,UNI.MC
2024-10-31 16:57:52.044,Monthly: Unicaja Banco (UNI: EUR1.15) unchanged on below average volume in October 2024,urn:newsml:newsroom:20241031:nNRAubn13a:0,NS:GLOSTP,UNI.MC
2024-10-31 16:52:31.739,"Unicaja Banco (UNI: EUR1.15) offers dividend yield of 4.3%, hits 31-day high; +4c [3.6%]",urn:newsml:newsroom:20241031:nNRAubmxox:0,NS:GLOSTO,UNI.MC
2024-10-30 18:21:46.934,"(EN) Unicaja Banco, S.A. Quarterly Presentation (81004914)",urn:newsml:reuters.com:20241030:nGLF2RVgpT:2,NS:GLFILE,UNI.MC
2024-10-30 16:47:33.339,"Unicaja Banco (UNI: EUR1.11) in top 2% performers of IBEX 35 Index, hits 29-day high; +2c [1.8%]",urn:newsml:newsroom:20241030:nNRAub73yl:0,NS:GLOSTO,UNI.MC
2024-10-30 10:27:07.000,UPDATE 2-Spain's Unicaja nudges up lending income forecast,urn:newsml:reuters.com:20241030:nL8N3M60LT:6,NS:RTRS,UNI.MC
2024-10-30 10:13:25.275,"Unicaja earns 58% more, up to 451 million, with an 18% increase in margin",urn:newsml:newsroom:20241030:nNRAub1bm9:0,NS:NOTENG,UNI.MC
2024-10-30 09:12:54.487,Unicaja increases its profit by 58% to 451 million euros,urn:newsml:newsroom:20241030:nNRAub0ntl:0,NS:NOTENG,UNI.MC
2024-10-30 08:38:47.000,"BUZZ-Unicaja rises on Q3 NII beat, outlook upgrade",urn:newsml:reuters.com:20241030:nL8N3M60UD:1,NS:RTRS,UNI.MC
2024-10-30 08:30:00.000,Q3 2024 Unicaja Banco SA Earnings Call,urn:newsml:reuters.com:20241030:nTRN9GzcgN:1,NS:TRANS,UNI.MC
2024-10-30 08:13:55.907,"Unicaja earns 451 million euros through September, up 58%.",urn:newsml:newsroom:20241030:nNRAub03hk:0,NS:NOTENG,UNI.MC
2024-10-30 07:38:13.000,UPDATE 1-Spanish stocks - Factors to watch on Oct. 30,urn:newsml:reuters.com:20241030:nL8N3M60Q6:1,NS:RTRS,UNI.MC
2024-10-30 07:30:00.000,Q3 2024 Unicaja Banco SA Earnings Call - Final,urn:newsml:newsroom:20241106:nNRAudiizi:0,NS:FDFAIR,UNI.MC
2024-10-30 07:27:45.000,Spanish stocks - Factors to watch on Oct. 30,urn:newsml:reuters.com:20241030:nL8N3M60LI:1,NS:RTRS,UNI.MC
2024-10-30 07:08:12.683,How CaixaBank's dividend compares to Unicaja Banco,urn:newsml:newsroom:20241030:nNRAuaz9ua:0,NS:GLOSTO,UNI.MC
2024-10-30 07:08:12.562,How Banco Santander's dividend compares to Unicaja Banco,urn:newsml:newsroom:20241030:nNRAuaz8ig:0,NS:GLOSTO,UNI.MC
2024-10-30 07:08:11.961,How Banco Bilbao Vizcaya Argentaria's dividend compares to Unicaja Banco,urn:newsml:newsroom:20241030:nNRAuaz9u2:0,NS:GLOSTO,UNI.MC
2024-10-30 06:57:13.783,Unicaja 9-Month Net Interest Income 1.16 Bln Euros,urn:newsml:reuters.com:20241030:nRSD42J421:1,NS:SIGDEV,UNI.MC
2024-10-30 06:46:12.000,Unicaja's third quarter net profit rises 14% from same period in 2023,urn:newsml:reuters.com:20241030:nL8N3M304I:2,NS:RTRS,UNI.MC
2024-10-30 06:40:02.000,BRIEF-Unicaja 9-Month Net Interest Income 1.16 Bln Euros,urn:newsml:reuters.com:20241030:nFWN3M51QZ:1,NS:RTRS,UNI.MC
2024-10-29 16:47:23.643,Unicaja Banco (UNI: EUR1.09) increases 0.9% against the trend; +1c [0.9%],urn:newsml:newsroom:20241029:nNRAuart52:0,NS:GLOSTO,UNI.MC
2024-10-29 16:07:32.441,Banco Santander continues to outperform Unicaja Banco by 9.2% in the past month,urn:newsml:newsroom:20241029:nNRAuarc3p:0,NS:GLOSTO,UNI.MC
2024-10-28 16:47:20.236,Unicaja Banco (UNI: EUR1.08) increases; +1c [0.9%],urn:newsml:newsroom:20241028:nNRAuac83j:0,NS:GLOSTO,UNI.MC
2024-10-26 04:32:29.504,Weekly: Unicaja Banco (UNI: EUR1.07) shares post worst week in three weeks; -2c [1.8%],urn:newsml:newsroom:20241026:nNRAu9p3ar:0,NS:GLOWEE,UNI.MC
2024-10-25 16:27:43.805,Weekly: Unicaja Banco (UNI: EUR1.07) shares post worst week in three weeks; -2c [1.8%],urn:newsml:newsroom:20241025:nNRAu9j2xz:0,NS:GLOWEE,UNI.MC
2024-10-25 16:22:22.737,Unicaja Banco (UNI: EUR1.07) offers dividend yield of 4.7%; -1c [0.9%],urn:newsml:newsroom:20241025:nNRAu9izyb:0,NS:GLOSTO,UNI.MC
2024-10-24 16:22:23.314,Unicaja Banco (UNI: EUR1.08) decreases; -1c [0.9%],urn:newsml:newsroom:20241024:nNRAu93q5s:0,NS:GLOSTO,UNI.MC
2024-10-23 17:07:30.000,LIVE MARKETS-Spanish banks Q3 earnings season ready to kick off,urn:newsml:reuters.com:20241023:nL1N3LZ12D:2,NS:RTRS,UNI.MC
2024-10-23 06:07:58.495,How CaixaBank's dividend compares to Unicaja Banco,urn:newsml:newsroom:20241023:nNRAu8gshj:0,NS:GLOSTO,UNI.MC
2024-10-23 06:07:58.139,How Banco Bilbao Vizcaya Argentaria's dividend compares to Unicaja Banco,urn:newsml:newsroom:20241023:nNRAu8gshg:0,NS:GLOSTO,UNI.MC
2024-10-19 04:32:23.584,Weekly: Unicaja Banco (UNI: EUR1.09) shares post best week in nine weeks; +2c [1.9%],urn:newsml:newsroom:20241019:nNRAu78spa:0,NS:GLOWEE,UNI.MC
2024-10-18 16:27:42.357,Weekly: Unicaja Banco (UNI: EUR1.09) shares post best week in nine weeks; +2c [1.9%],urn:newsml:newsroom:20241018:nNRAu732ic:0,NS:GLOWEE,UNI.MC
2024-10-18 16:22:24.824,"Unicaja Banco (UNI: EUR1.09) increases, 2 days' volume in a day; +1c [0.9%] Vol Index 1.6 [1 is avg]",urn:newsml:newsroom:20241018:nNRAu730va:0,NS:GLOSTO,UNI.MC
2024-10-17 16:22:26.619,Unicaja Banco (UNI: EUR1.08) offers dividend yield of 4.6%; -2c [1.8%],urn:newsml:newsroom:20241017:nNRAu6nkym:0,NS:GLOSTO,UNI.MC
2024-10-16 16:22:29.806,Unicaja Banco (UNI: EUR1.10) offers dividend yield of 4.5%; +1c [0.9%],urn:newsml:newsroom:20241016:nNRAu68bhp:0,NS:GLOSTO,UNI.MC
2024-10-16 09:49:24.054,"(EN) Unicaja Banco, S.A. Full Year Disclosure Document (80843539)",urn:newsml:reuters.com:20241016:nGLF8Ykb0n:2,NS:GLFILE,UNI.MC
2024-10-16 09:42:23.690,"(EN) Unicaja Banco, S.A. Full Year Disclosure Document (80843440)",urn:newsml:reuters.com:20241016:nGLF3V1y47:2,NS:GLFILE,UNI.MC
2024-10-16 06:07:50.741,How CaixaBank's dividend compares to Unicaja Banco,urn:newsml:newsroom:20241016:nNRAu60pjs:0,NS:GLOSTO,UNI.MC
2024-10-16 06:07:50.584,How Banco Bilbao Vizcaya Argentaria's dividend compares to Unicaja Banco,urn:newsml:newsroom:20241016:nNRAu60otm:0,NS:GLOSTO,UNI.MC
2024-10-15 01:10:24.883,On Tuesday 15th of October Unicaja Banco trades 0.38 percent higher,urn:newsml:newsroom:20241015:nNRAu5i3xr:0,NS:STOCKP,UNI.MC
2024-10-14 16:22:24.971,Unicaja Banco (UNI: EUR1.09) lifts 1.9%; +2c [1.9%],urn:newsml:newsroom:20241014:nNRAu5e0u2:0,NS:GLOSTO,UNI.MC
2024-10-12 04:27:19.064,Weekly: Unicaja Banco (UNI: EUR1.07) unchanged on weak volume,urn:newsml:newsroom:20241012:nNRAu4sn5j:0,NS:GLOWEE,UNI.MC
2024-10-12 03:10:10.642,Unicaja Banco trades -0.93 percent lower on Saturday 12th of October,urn:newsml:newsroom:20241012:nNRAu4s6b9:0,NS:STOCKP,UNI.MC
2024-10-11 16:22:29.014,Weekly: Unicaja Banco (UNI: EUR1.07) unchanged on weak volume,urn:newsml:newsroom:20241011:nNRAu4ncok:0,NS:GLOWEE,UNI.MC
2024-10-10 16:22:31.519,Unicaja Banco (UNI: EUR1.07) closes at 4.8% below VWAP; -1c [0.9%],urn:newsml:newsroom:20241010:nNRAu48is4:0,NS:GLOSTO,UNI.MC
2024-10-10 11:12:46.580,On Thursday 10th of October Unicaja Banco trades -0.56 percent lower,urn:newsml:newsroom:20241010:nNRAu43y2k:0,NS:STOCKP,UNI.MC
2024-10-09 14:04:12.914,Unicaja Issues Senior Green Bond For 300 Mln Euros,urn:newsml:reuters.com:20241009:nRSD1YvnGp:1,NS:SIGDEV,UNI.MC
2024-10-09 06:07:49.658,How Banco Bilbao Vizcaya Argentaria's dividend compares to Unicaja Banco,urn:newsml:newsroom:20241009:nNRAu3mh0g:0,NS:GLOSTO,UNI.MC
2024-10-09 06:07:48.916,How CaixaBank's dividend compares to Unicaja Banco,urn:newsml:newsroom:20241009:nNRAu3melo:0,NS:GLOSTO,UNI.MC
2024-10-07 15:47:31.481,Unicaja Banco (UNI: EUR1.08) increases after finding support; +1c [0.9%],urn:newsml:newsroom:20241007:nNRAu30vf1:0,NS:GLOSTO,UNI.MC
2024-10-07 14:43:34.969,Monthly: Unicaja Banco (UNI: EUR1.15) in bottom 2% performers of IBEX 35 Index in September 2024,urn:newsml:newsroom:20241007:nNRAu3001y:0,NS:GLOSTP,UNI.MC
2024-10-05 04:27:34.157,Weekly: Unicaja Banco (UNI: EUR1.07) in bottom 2% performers of IBEX 35 Index in past week; -8c [7.0%],urn:newsml:newsroom:20241005:nNRAu2exa5:0,NS:GLOWEE,UNI.MC
2024-10-04 16:22:54.179,Weekly: Unicaja Banco (UNI: EUR1.07) in bottom 2% performers of IBEX 35 Index in past week; -8c [7.0%],urn:newsml:newsroom:20241004:nNRAu299qf:0,NS:GLOWEE,UNI.MC
2024-10-04 16:22:22.941,Unicaja Banco (UNI: EUR1.07) offers dividend yield of 4.7%; +1c [0.9%],urn:newsml:newsroom:20241004:nNRAu297zt:0,NS:GLOSTO,UNI.MC
2024-10-04 06:27:23.000,Spanish stocks - Factors to watch on Oct 4,urn:newsml:reuters.com:20241004:nL8N3LG03T:1,NS:RTRS,UNI.MC
2024-10-03 16:22:22.002,Unicaja Banco (UNI: EUR1.06) drops to six-month low on firm volume; -1c [0.9%] Vol Index 1.2 [1 is avg],urn:newsml:newsroom:20241003:nNRAu1u6zx:0,NS:GLOSTO,UNI.MC
2024-10-02 06:17:29.749,How CaixaBank's dividend compares to Unicaja Banco,urn:newsml:newsroom:20241002:nNRAu18l6f:0,NS:GLOSTO,UNI.MC
2024-10-01 16:22:32.000,"Unicaja Banco (UNI: EUR1.07) tumbles 7.0% on slipping relative strength, hits 167-day low; -8c [7.0%] Vol Index 2.0 [1 is avg]",urn:newsml:newsroom:20241001:nNRAu0zz95:0,NS:GLOSTO,UNI.MC
2024-10-01 13:36:03.328,Unicaja Banco is trading -0.43 percent lower with a volume of EUR 7.2 mn on Tuesday 1st of October,urn:newsml:newsroom:20241001:nNRAu0x6u7:0,NS:STOCKP,UNI.MC
2024-10-01 06:15:25.378,Monthly: Unicaja Banco (UNI: EUR1.15) in bottom 2% performers of IBEX 35 Index in September 2024,urn:newsml:newsroom:20241001:nNRAu0r45m:0,NS:GLOSTO,UNI.MC
2024-09-30 16:27:28.697,Monthly: Unicaja Banco (UNI: EUR1.15) in bottom 2% performers of IBEX 35 Index in September 2024,urn:newsml:newsroom:20240930:nNRAu0ik4q:0,NS:GLOSTP,UNI.MC
2024-09-28 04:27:49.411,Weekly: Unicaja Banco (UNI: EUR1.15) in bottom 2% performers of IBEX 35 Index in past week; -2c [1.7%],urn:newsml:newsroom:20240928:nNRAtzoqim:0,NS:GLOWEE,UNI.MC
2024-09-27 16:22:52.974,Weekly: Unicaja Banco (UNI: EUR1.15) in bottom 2% performers of IBEX 35 Index in past week; -2c [1.7%],urn:newsml:newsroom:20240927:nNRAtzhog0:0,NS:GLOWEE,UNI.MC
2024-09-27 16:22:21.650,Unicaja Banco (UNI: EUR1.15) in bottom 2% performers of IBEX 35 Index; -5c [4.2%] Vol Index 1.2 [1 is avg],urn:newsml:newsroom:20240927:nNRAtzho6m:0,NS:GLOSTO,UNI.MC
2024-09-27 09:17:38.781,"Short Interest in Unicaja Banco, S.A. (OTCMKTS:UNJCF) Expands By 30.8% --",urn:link:webnews:20240927:nNRAtzanhn:0,NS:ETFDAI,UNI.MC
2024-09-26 16:30:45.078,Unicaja Banco (UNI.MC) is trading 0.09 percent higher on Thursday 26th of September and has a trading volume of EUR 7.3 mn,urn:newsml:newsroom:20240926:nNRAtz02mn:0,NS:STOCKP,UNI.MC
2024-09-26 16:22:21.372,Unicaja Banco (UNI: EUR1.20) climbs 2.6%; +3c [2.6%],urn:newsml:newsroom:20240926:nNRAtyzygv:0,NS:GLOSTO,UNI.MC
2024-09-25 06:07:23.859,How CaixaBank's dividend compares to Unicaja Banco,urn:newsml:newsroom:20240925:nNRAty8n42:0,NS:GLOSTO,UNI.MC
2024-09-24 16:26:48.442,Unicaja Banco (UNI: EUR1.17) decreases on slipping relative strength; -1c [0.8%],urn:newsml:newsroom:20240924:nNRAty0j9p:0,NS:GLOSTO,UNI.MC
2024-09-23 16:22:34.443,Unicaja Banco (UNI: EUR1.18) rises on increasing volatility; +1c [0.9%],urn:newsml:newsroom:20240923:nNRAtxj6np:0,NS:GLOSTO,UNI.MC
2024-09-21 04:27:18.409,Weekly: Unicaja Banco (UNI: EUR1.17) unchanged on weak volume,urn:newsml:newsroom:20240921:nNRAtww1cc:0,NS:GLOWEE,UNI.MC
2024-09-20 21:43:17.980,With a trading volume of EUR 6.5 mn UNI.MC trades 1.89 percent higher today,urn:newsml:newsroom:20240920:nNRAtwt9zq:0,NS:STOCKP,UNI.MC
2024-09-20 16:22:43.278,Weekly: Unicaja Banco (UNI: EUR1.17) unchanged on weak volume,urn:newsml:newsroom:20240920:nNRAtwpu2c:0,NS:GLOWEE,UNI.MC
2024-09-20 16:22:22.632,Unicaja Banco (UNI: EUR1.17) offers dividend yield of 4.3%; -2c [1.7%],urn:newsml:newsroom:20240920:nNRAtwprxb:0,NS:GLOSTO,UNI.MC
2024-09-19 16:22:35.373,Unicaja Banco (UNI: EUR1.19) climbs 2.6%; +3c [2.6%],urn:newsml:newsroom:20240919:nNRAtwajw2:0,NS:GLOSTO,UNI.MC
2024-09-17 16:17:32.611,Unicaja Banco (UNI: EUR1.16) offers dividend yield of 4.3%; +1c [0.9%],urn:newsml:newsroom:20240917:nNRAtvhcwu:0,NS:GLOSTO,UNI.MC
2024-09-17 06:08:06.775,How CaixaBank's dividend compares to Unicaja Banco,urn:newsml:newsroom:20240917:nNRAtvae7p:0,NS:GLOSTO,UNI.MC
2024-09-16 16:17:16.012,Unicaja Banco (UNI: EUR1.15) in bottom 1% performers of IBEX 35 Index; -2c [1.7%],urn:newsml:newsroom:20240916:nNRAtv2yoc:0,NS:GLOSTO,UNI.MC
2024-09-14 04:21:56.243,Weekly: Unicaja Banco (UNI: EUR1.17) increases 0.9% on weak volume; +1c [0.9%],urn:newsml:newsroom:20240914:nNRAtuib0e:0,NS:GLOWEE,UNI.MC
2024-09-13 16:22:43.524,Weekly: Unicaja Banco (UNI: EUR1.17) increases 0.9% on weak volume; +1c [0.9%],urn:newsml:newsroom:20240913:nNRAtuc6np:0,NS:GLOWEE,UNI.MC
2024-09-13 16:17:46.490,"Unicaja Banco (UNI: EUR1.17) inches higher, resistance at 12-day EMA; +1c [0.9%]",urn:newsml:newsroom:20240913:nNRAtuc2zc:0,NS:GLOSTO,UNI.MC
2024-09-13 13:41:33.805,Unicaja Banco is trading 1.04 percent higher with a volume of EUR 3.7 mn on Friday 13th of September,urn:newsml:newsroom:20240913:nNRAtu9gil:0,NS:STOCKP,UNI.MC
2024-09-12 16:17:23.439,Unicaja Banco (UNI: EUR1.16) offers dividend yield of 4.3%; +1c [0.9%],urn:newsml:newsroom:20240912:nNRAttvprg:0,NS:GLOSTO,UNI.MC
2024-09-11 16:37:15.169,Unicaja Banco is trading -1.46 percent lower with a volume of EUR 0 on Wednesday 11th of September,urn:newsml:newsroom:20240911:nNRAttgj1a:0,NS:STOCKP,UNI.MC
2024-09-10 16:17:22.495,Unicaja Banco (UNI: EUR1.15) drops to one-month low; -1c [0.9%],urn:newsml:newsroom:20240910:nNRAtt1cwd:0,NS:GLOSTO,UNI.MC
2024-09-07 04:57:08.077,Weekly: Unicaja Banco (UNI: EUR1.16) falls 6% on weak volume; -7c [5.7%],urn:newsml:newsroom:20240907:nNRAts025s:0,NS:GLOWEE,UNI.MC
2024-09-06 17:12:38.000,Issuers embark on senior funding spree,urn:newsml:reuters.com:20240906:nIfp34xTg9:1,NS:IFR,UNI.MC
2024-09-06 00:00:00.000,Weekly: Unicaja Banco (UNI: EUR1.16) falls 6% on weak volume; -7c [5.7%],urn:newsml:newsroom:20240907:nNRAts01rl:0,NS:GLOWEE,UNI.MC
2024-09-06 00:00:00.000,Unicaja Banco (UNI: EUR1.16) in bottom 1% performers of IBEX 35 Index; -3c [2.5%],urn:newsml:newsroom:20240907:nNRAts00ou:0,NS:GLOSTO,UNI.MC
2024-09-05 16:17:29.782,Unicaja Banco (UNI: EUR1.19) offers dividend yield of 4.2%; +2c [1.7%],urn:newsml:newsroom:20240905:nNRAtrg3o4:0,NS:GLOSTO,UNI.MC
2024-09-04 16:17:33.246,Unicaja Banco (UNI: EUR1.17) decreases on slipping relative strength; -1c [0.8%],urn:newsml:newsroom:20240904:nNRAtqsxag:0,NS:GLOSTO,UNI.MC
2024-09-04 10:53:53.636,Spanish bank Unicaja sells EUR 300m green bond to fund renewables,urn:newsml:reuters.com:20240904:nNRAtql6y4:1,NS:SEEREN,UNI.MC
2024-09-03 16:42:03.000,AT1 market catches fire,urn:newsml:reuters.com:20240903:nIfp2t5FHP:1,NS:IFR,UNI.MC
2024-09-03 16:17:11.869,Unicaja Banco (UNI: EUR1.18) down 4.1% in 2 days; -5c [4.1%],urn:newsml:newsroom:20240903:nNRAtqaq5c:0,NS:GLOSTO,UNI.MC
2024-09-03 14:52:56.831,Unicaja Issues Senior Green Bond For 300 Mln Euros,urn:newsml:reuters.com:20240903:nRSD1YvnGp:1,NS:SIGDEV,UNI.MC
2024-09-03 14:43:54.385,Monthly: Unicaja Banco (UNI: EUR1.23) drops on high volatility in August 2024,urn:newsml:newsroom:20240903:nNRAtq9ji5:0,NS:GLOSTP,UNI.MC
2024-09-03 14:37:38.000,BRIEF-Unicaja Issues Senior Green Bond For 300 Mln Euros,urn:newsml:reuters.com:20240903:nFWN3KL0AZ:1,NS:RTRS,UNI.MC
2024-09-03 13:18:25.000,Unicaja Banco prices EUR300m (WNG) 5NC4 Green SP,urn:newsml:reuters.com:20240903:nIfpbTkGDx:1,NS:IFR,UNI.MC
2024-09-03 12:30:57.000,"Allocs out for Unicaja Banco EUR300m (WNG) 5NC4 Green SP, books 1.2bn+",urn:newsml:reuters.com:20240903:nIfp33d6KN:1,NS:IFR,UNI.MC
2024-09-03 10:42:26.000,"Final terms out for Unicaja Banco EUR300m (WNG) 5NC4 Green SP, books 1.4bn+",urn:newsml:reuters.com:20240903:nIfpDnf3z:1,NS:IFR,UNI.MC
2024-09-03 09:12:23.000,Unicaja Banco EUR300m (WNG) 5NC4 Green SP books 750m+,urn:newsml:reuters.com:20240903:nIfp4FwBkS:1,NS:IFR,UNI.MC
2024-09-03 08:07:48.000,"Unicaja Banco mandates EUR300m (WNG) 5NC4 Green SP, tbp today",urn:newsml:reuters.com:20240903:nIfp1R8NbF:1,NS:IFR,UNI.MC
2024-09-02 16:16:56.055,Unicaja Banco (UNI: EUR1.22) in bottom 2% performers of IBEX 35 Index; -1c [0.8%],urn:newsml:newsroom:20240902:nNRAtpwna1:0,NS:GLOSTO,UNI.MC
2024-09-02 06:38:38.708,Monthly: Unicaja Banco (UNI: EUR1.23) drops on high volatility in August 2024,urn:newsml:newsroom:20240902:nNRAtpqegz:0,NS:GLOSTO,UNI.MC
2024-08-31 04:29:05.876,Weekly: Unicaja Banco (UNI: EUR1.23) keeps rising: up 6% in 3 weeks; +1c [0.8%],urn:newsml:newsroom:20240831:nNRAtpb7gc:0,NS:GLOWEE,UNI.MC
2024-08-30 16:22:30.267,Weekly: Unicaja Banco (UNI: EUR1.23) keeps rising: up 6% in 3 weeks; +1c [0.8%],urn:newsml:newsroom:20240830:nNRAtp5rm0:0,NS:GLOWEE,UNI.MC
2024-08-30 16:22:22.871,Monthly: Unicaja Banco (UNI: EUR1.23) drops on high volatility in August 2024,urn:newsml:newsroom:20240830:nNRAtp5r09:0,NS:GLOSTP,UNI.MC
2024-08-30 16:17:24.898,Unicaja Banco (UNI: EUR1.23) offers dividend yield of 4.1%; +1c [0.8%],urn:newsml:newsroom:20240830:nNRAtp5pnc:0,NS:GLOSTO,UNI.MC
2024-08-27 16:17:29.515,"Unicaja Banco (UNI: EUR1.22) offers dividend yield of 4.1%, hits 26-day high; +1c [0.8%]",urn:newsml:newsroom:20240827:nNRAtnzo85:0,NS:GLOSTO,UNI.MC
2024-08-26 16:17:24.354,Unicaja Banco (UNI: EUR1.21) decreases on slipping relative strength; -1c [0.8%],urn:newsml:newsroom:20240826:nNRAtnl6ph:0,NS:GLOSTO,UNI.MC
2024-08-24 04:21:54.851,Weekly: Unicaja Banco (UNI: EUR1.22) up 5% in 2 weeks; +1c [0.8%],urn:newsml:newsroom:20240824:nNRAtn0rer:0,NS:GLOWEE,UNI.MC
2024-08-23 16:22:34.077,Weekly: Unicaja Banco (UNI: EUR1.22) up 5% in 2 weeks; +1c [0.8%],urn:newsml:newsroom:20240823:nNRAtmuxm3:0,NS:GLOWEE,UNI.MC
2024-08-23 16:17:33.271,Unicaja Banco (UNI: EUR1.22) offers dividend yield of 4.1%; +1c [0.8%],urn:newsml:newsroom:20240823:nNRAtmuwkr:0,NS:GLOSTO,UNI.MC
2024-08-23 04:13:19.840,Norwegian sovereign wealth fund bets on Sabadell and Unicaja and reduces exposure to other banks,urn:newsml:newsroom:20240823:nNRAtmm5ye:0,NS:NOTENG,UNI.MC
2024-08-21 16:17:25.053,Unicaja Banco (UNI: EUR1.21) strengthens above moving average price; +1c [0.8%],urn:newsml:newsroom:20240821:nNRAtm1rg3:0,NS:GLOSTO,UNI.MC
2024-08-20 16:17:26.101,Unicaja Banco (UNI: EUR1.20) offers dividend yield of 4.2%; -1c [0.8%],urn:newsml:newsroom:20240820:nNRAtlnirf:0,NS:GLOSTO,UNI.MC
2024-08-17 04:27:55.344,Weekly: Unicaja Banco (UNI: EUR1.21) climbs 4.3% - outperforming 90% of stocks; +5c [4.3%],urn:newsml:newsroom:20240817:nNRAtkob0k:0,NS:GLOWEE,UNI.MC
2024-08-16 16:22:25.651,Weekly: Unicaja Banco (UNI: EUR1.21) climbs 4.3% - outperforming 90% of stocks; +5c [4.3%],urn:newsml:newsroom:20240816:nNRAtkihqi:0,NS:GLOWEE,UNI.MC
2024-08-16 16:17:28.879,"Unicaja Banco (UNI: EUR1.21) rises in 4 out of last 5 days, 5-day rise of 4.3%; +1c [0.8%]",urn:newsml:newsroom:20240816:nNRAtkigsw:0,NS:GLOSTO,UNI.MC
2024-08-15 16:17:21.647,Unicaja Banco (UNI: EUR1.20) climbs 2.6% strengthening above moving average price; +3c [2.6%],urn:newsml:newsroom:20240815:nNRAtk4rtl:0,NS:GLOSTO,UNI.MC
2024-08-14 16:25:05.822,Unicaja Banco (UNI: EUR1.17) offers dividend yield of 4.3%; +1c [0.9%],urn:newsml:newsroom:20240814:nNRAtjr6cr:0,NS:GLOSTO,UNI.MC
2024-08-14 08:17:07.432,"Unicaja Banco, S.A. (OTCMKTS:UNJCF) Short Interest Update --",urn:link:webnews:20240814:nNRAtjkd98:0,NS:ETFDAI,UNI.MC
2024-08-13 16:17:26.151,Unicaja Banco (UNI: EUR1.16) offers dividend yield of 4.3%; +1c [0.9%],urn:newsml:newsroom:20240813:nNRAtjbu7m:0,NS:GLOSTO,UNI.MC
2024-08-12 16:17:27.803,Unicaja Banco (UNI: EUR1.15) offers dividend yield of 4.3%; -1c [0.9%],urn:newsml:newsroom:20240812:nNRAtixlu5:0,NS:GLOSTO,UNI.MC
2024-08-10 04:37:18.673,Weekly: Unicaja Banco (UNI: EUR1.16) decreases 1.7%; -2c [1.7%],urn:newsml:newsroom:20240810:nNRAtia3ax:0,NS:GLOWEE,UNI.MC
2024-08-09 16:41:46.504,Unicaja Banco (UNI: EUR1.16) increases after finding support; +1c [0.9%],urn:newsml:newsroom:20240809:nNRAti2tie:0,NS:GLOSTO,UNI.MC
2024-08-09 16:40:36.319,Weekly: Unicaja Banco (UNI: EUR1.16) decreases 1.7%; -2c [1.7%],urn:newsml:newsroom:20240809:nNRAti2ys8:0,NS:GLOWEE,UNI.MC
2024-08-09 00:44:54.540,"(EN) Unicaja Banco, S.A. Half Year Presentation (80141253)",urn:newsml:reuters.com:20240808:nGLF1fq2vb:9,NS:GLFILE,UNI.MC
2024-08-08 16:17:25.911,Unicaja Banco (UNI: EUR1.15) closes at 8.8% below VWAP; -1c [0.9%],urn:newsml:newsroom:20240808:nNRAthm0jd:0,NS:GLOSTO,UNI.MC
2024-08-07 21:49:02.804,Mora Banc Grup to Acquire Banco Europeo de Finanzas from Unicaja,urn:newsml:reuters.com:20240807:nNRAtham4o:1,NS:DATMTR,UNI.MC
2024-08-07 16:17:58.836,Unicaja Banco (UNI: EUR1.16) climbs 2.7%; +3c [2.7%],urn:newsml:newsroom:20240807:nNRAth78md:0,NS:GLOSTO,UNI.MC
2024-08-05 16:17:22.207,"Unicaja Banco (UNI: EUR1.13) continues significant downtrend, sinks 4.2%; -5c [4.2%] Vol Index 1.2 [1 is avg]",urn:newsml:newsroom:20240805:nNRAtgd6ao:0,NS:GLOSTO,UNI.MC
2024-08-05 14:43:34.339,"Monthly: Unicaja Banco (UNI: EUR1.24) down 2% in July, lowest amongst Banks company",urn:newsml:newsroom:20240805:nNRAtgbt6j:0,NS:GLOSTP,UNI.MC
2024-08-03 04:22:05.283,Weekly: Unicaja Banco (UNI: EUR1.18) in bottom 2% performers of IBEX 35 Index in past week; -15c [11.3%],urn:newsml:newsroom:20240803:nNRAtfrxb6:0,NS:GLOWEE,UNI.MC
2024-08-02 16:22:39.515,Weekly: Unicaja Banco (UNI: EUR1.18) in bottom 2% performers of IBEX 35 Index in past week; -15c [11.3%],urn:newsml:newsroom:20240802:nNRAtfmkxz:0,NS:GLOWEE,UNI.MC
2024-08-02 16:17:22.474,Unicaja Banco (UNI: EUR1.18) offers dividend yield of 4.2%; -3c [2.5%],urn:newsml:newsroom:20240802:nNRAtfmjno:0,NS:GLOSTO,UNI.MC
2024-08-01 16:17:24.140,"Unicaja Banco (UNI: EUR1.21) falls in 4 out of last 5 days, 5-day fall of 9.7%; -3c [2.4%]",urn:newsml:newsroom:20240801:nNRAtf7bjk:0,NS:GLOSTO,UNI.MC
2024-08-01 06:23:14.618,"Monthly: Unicaja Banco (UNI: EUR1.24) down 2% in July, lowest amongst Banks company",urn:newsml:newsroom:20240801:nNRAtezgtw:0,NS:GLOSTO,UNI.MC
2024-07-31 14:28:28.000,"UNICAJA Banco SA - Unicaja doubles its profit to 294 million euros in the first half of the year, with double-digit growth in all margins",urn:newsml:reuters.com:20240731:nNDLbLRqsr:1,NS:PUBT,UNI.MC
2024-07-30 11:52:06.700,"(EN) Unicaja Banco, S.A. Prelim Q2 (79981080)",urn:newsml:reuters.com:20240730:nGLF454QmW:10,NS:GLFILE,UNI.MC
2024-07-30 11:25:28.555,"Unicaja Is Not Looking At M&A, But Always Open For Growth Opportunities, CEO Says",urn:newsml:reuters.com:20240730:nRSD7wwZHl:1,NS:SIGDEV,UNI.MC
2024-07-30 11:25:28.229,"Unicaja Is Not Looking At M&A, But Always Open For Growth Opportunities, CEO Says",urn:newsml:reuters.com:20240730:nRSD15fmz1:1,NS:SIGDEV,UNI.MC
2024-07-30 11:14:27.000,"BRIEF-Unicaja Is Not Looking At M&A, But Always Open For Growth Opportunities, CEO Says",urn:newsml:reuters.com:20240730:nS0N3G000M:1,NS:RTRS,UNI.MC
2024-07-30 10:41:49.622,"Unicaja Is Focused On Staying As Independent Lender, CEO Says",urn:newsml:reuters.com:20240730:nRSD94Y2RX:1,NS:SIGDEV,UNI.MC
2024-07-30 10:32:43.000,"BRIEF-Unicaja Is Focused On Staying As Independent Lender, CEO Says",urn:newsml:reuters.com:20240730:nS0N3G000K:1,NS:RTRS,UNI.MC
2024-07-30 10:03:11.558,"Unicaja raises 2024 lending income forecast, though margins' squeezed --",urn:link:webnews:20240730:nNRAte6r66:0,NS:MSNUKA,UNI.MC
2024-07-30 08:48:16.000,"UPDATE 3-Unicaja raises 2024 lending income forecast, though margins' squeezed",urn:newsml:reuters.com:20240730:nL8N3JM0CU:6,NS:RTRS,UNI.MC
2024-07-30 08:13:34.913,"Unicaja doubles profit to 294M, with increase in margins and lending",urn:newsml:newsroom:20240730:nNRAte5c1y:0,NS:NOTENG,UNI.MC
2024-07-30 08:04:02.419,Unicaja Sees Cost Of Deposits At Around 75 Basis Points For 2024,urn:newsml:reuters.com:20240730:nRSDc4QM7r:1,NS:SIGDEV,UNI.MC
2024-07-30 07:54:22.000,BRIEF-Unicaja Sees Cost Of Deposits At Around 75 Basis Points For 2024,urn:newsml:reuters.com:20240730:nS0N3G000I:1,NS:RTRS,UNI.MC
2024-07-30 07:52:52.325,Unicaja Sees NII Growing Close To 10% In 2024,urn:newsml:reuters.com:20240730:nRSD6ZXgrw:1,NS:SIGDEV,UNI.MC
2024-07-30 07:46:08.146,Unicaja's Q2 net profit up 61% but lending income down qtr/qtr --,urn:link:webnews:20240730:nNRAte50i3:0,NS:MSNUKA,UNI.MC
2024-07-30 07:43:26.000,BUZZ-Unicaja falls after Q2 net profit below expectations,urn:newsml:reuters.com:20240730:nL8N3JM0KT:1,NS:RTRS,UNI.MC
2024-07-30 07:40:34.000,BRIEF-Unicaja Sees NII Growing Close To 10% In 2024,urn:newsml:reuters.com:20240730:nS0N3BV00X:1,NS:RTRS,UNI.MC
2024-07-30 07:13:50.886,"Unicaja doubles profits in the first half of the year, up to 294 million",urn:newsml:newsroom:20240730:nNRAte4jnw:0,NS:NOTENG,UNI.MC
2024-07-30 07:00:00.000,Q2 2024 Unicaja Banco SA Earnings Call,urn:newsml:reuters.com:20240730:nTRNHjKQB:1,NS:TRANS,UNI.MC
2024-07-30 06:45:11.582,Unicaja's Q2 net profit rises 61% from same period in 2023 --,urn:link:webnews:20240730:nNRAte4987:0,NS:MSNUKA,UNI.MC
2024-07-30 06:20:31.000,Spanish stocks - Factors to watch on July 30,urn:newsml:reuters.com:20240730:nL8N3JM0E1:1,NS:RTRS,UNI.MC
2024-07-30 06:13:51.024,Unicaja doubles first-half profit to 294 million euros,urn:newsml:newsroom:20240730:nNRAte3vd6:0,NS:NOTENG,UNI.MC
2024-07-30 05:34:43.402,Unicaja H1 Net Profit At 294 Mln Euros,urn:newsml:reuters.com:20240730:nRSD7BQf2V:1,NS:SIGDEV,UNI.MC
2024-07-30 05:32:51.000,Unicaja's Q2 net profit rises 61% from same period in 2023,urn:newsml:reuters.com:20240730:nL8N3JL1H6:3,NS:RTRS,UNI.MC
2024-07-30 05:24:12.000,BRIEF-Unicaja H1 Net Profit At 294 Mln Euros,urn:newsml:reuters.com:20240730:nFWN3JL39Y:1,NS:RTRS,UNI.MC
2024-07-29 16:17:19.213,Unicaja Banco (UNI: EUR1.34) offers dividend yield of 3.7%; +1c [0.8%],urn:newsml:newsroom:20240729:nNRAtdx30v:0,NS:GLOSTO,UNI.MC
2024-07-27 04:21:57.049,Weekly: Unicaja Banco (UNI: EUR1.33) drops 2.2% on weak volume; -3c [2.2%],urn:newsml:newsroom:20240727:nNRAtdcceq:0,NS:GLOWEE,UNI.MC
2024-07-26 16:22:32.903,Weekly: Unicaja Banco (UNI: EUR1.33) drops 2.2% on weak volume; -3c [2.2%],urn:newsml:newsroom:20240726:nNRAtd6sdi:0,NS:GLOWEE,UNI.MC
2024-07-26 16:17:21.774,Unicaja Banco (UNI: EUR1.33) in bottom 2% performers of IBEX 35 Index; -1c [0.7%],urn:newsml:newsroom:20240726:nNRAtd6r1r:0,NS:GLOSTO,UNI.MC
2024-07-25 16:17:24.312,"Unicaja Banco (UNI: EUR1.34) accelerates decline, down 2.2% in 2 days; -3c [2.2%]",urn:newsml:newsroom:20240725:nNRAtcroou:0,NS:GLOSTO,UNI.MC
2024-07-24 16:17:21.691,Unicaja Banco (UNI: EUR1.36) falls 1.4% from 14-day high; -1c [0.7%],urn:newsml:newsroom:20240724:nNRAtcd5cd:0,NS:GLOSTO,UNI.MC
2024-07-22 16:17:11.101,Unicaja Banco (UNI: EUR1.37) hits year-high 20th time in three months; +1c [0.7%],urn:newsml:newsroom:20240722:nNRAtbl34r:0,NS:GLOSTO,UNI.MC
2024-07-20 04:27:14.724,Weekly: Unicaja Banco (UNI: EUR1.36) in top 2% performers of IBEX 35 Index in past week; +6c [4.6%],urn:newsml:newsroom:20240720:nNRAtb1a9x:0,NS:GLOWEE,UNI.MC
2024-07-19 16:22:56.114,Weekly: Unicaja Banco (UNI: EUR1.36) in top 2% performers of IBEX 35 Index in past week; +6c [4.6%],urn:newsml:newsroom:20240719:nNRAtav49j:0,NS:GLOWEE,UNI.MC
2024-07-19 16:17:31.235,Unicaja Banco (UNI: EUR1.36) in top 2% performers of IBEX 35 Index; +1c [0.7%],urn:newsml:newsroom:20240719:nNRAtaunkq:0,NS:GLOSTO,UNI.MC
2024-07-18 16:17:27.677,"Unicaja Banco (UNI: EUR1.35) offers dividend yield of 3.7%, hits 45-day high; +2c [1.5%]",urn:newsml:newsroom:20240718:nNRAtaewem:0,NS:GLOSTO,UNI.MC
2024-07-18 08:47:50.000,UPDATE 3-Bankinter lifts 2024 lending income outlook after Q2 beat,urn:newsml:reuters.com:20240718:nL8N3JA09T:1,NS:RTRS,UNI.MC
2024-07-17 16:17:24.206,Unicaja Banco (UNI: EUR1.33) hits two-month high on average volume; +1c [0.8%],urn:newsml:newsroom:20240717:nNRAta1c60:0,NS:GLOSTO,UNI.MC
2024-07-17 07:07:12.000,BUZZ-Spanish Banks to see supportive NII dynamics in Q2 - Jefferies,urn:newsml:reuters.com:20240717:nL8N3J90AZ:1,NS:RTRS,UNI.MC
2024-07-16 16:17:47.754,Unicaja Banco (UNI: EUR1.32) strengthens above moving average price; +1c [0.8%],urn:newsml:newsroom:20240716:nNRAt9nnfd:0,NS:GLOSTO,UNI.MC
2024-07-15 16:17:07.517,"Unicaja Banco (UNI: EUR1.31) in top 1% performers of IBEX 35 Index, hits 38-day high; +1c [0.8%]",urn:newsml:newsroom:20240715:nNRAt97wrd:0,NS:GLOSTO,UNI.MC
2024-07-13 04:21:58.243,"Weekly: Unicaja Banco (UNI: EUR1.30) rises for a fourth consecutive week, a four-week rise of 4.8%; +2c [1.6%]",urn:newsml:newsroom:20240713:nNRAt8nth7:0,NS:GLOWEE,UNI.MC
2024-07-12 16:22:33.030,"Weekly: Unicaja Banco (UNI: EUR1.30) rises for a fourth consecutive week, a four-week rise of 4.8%; +2c [1.6%]",urn:newsml:newsroom:20240712:nNRAt8hw59:0,NS:GLOWEE,UNI.MC
2024-07-11 16:17:31.212,Unicaja Banco (UNI: EUR1.30) decreases on slipping relative strength; -1c [0.8%],urn:newsml:newsroom:20240711:nNRAt83aee:0,NS:GLOSTO,UNI.MC
2024-07-10 16:17:12.881,Unicaja Banco (UNI: EUR1.31) climbs 2.3% strengthening above moving average price; +3c [2.3%],urn:newsml:newsroom:20240710:nNRAt7nost:0,NS:GLOSTO,UNI.MC
2024-07-09 16:17:02.357,Unicaja Banco (UNI: EUR1.28) offers dividend yield of 3.9%; -1c [0.8%],urn:newsml:newsroom:20240709:nNRAt780q9:0,NS:GLOSTO,UNI.MC
2024-07-08 16:17:01.392,Unicaja Banco (UNI: EUR1.29) rises on increasing volatility; +1c [0.8%],urn:newsml:newsroom:20240708:nNRAt6up7j:0,NS:GLOSTO,UNI.MC
2024-07-06 04:22:34.022,Weekly: Unicaja Banco (UNI: EUR1.28) increases 0.8%; +1c [0.8%],urn:newsml:newsroom:20240706:nNRAt6ad1i:0,NS:GLOWEE,UNI.MC
2024-07-05 16:22:30.007,Weekly: Unicaja Banco (UNI: EUR1.28) increases 0.8%; +1c [0.8%],urn:newsml:newsroom:20240705:nNRAt65yl0:0,NS:GLOWEE,UNI.MC
2024-07-05 16:17:15.344,Unicaja Banco (UNI: EUR1.28) decreases on slipping relative strength; -1c [0.8%],urn:newsml:newsroom:20240705:nNRAt65n21:0,NS:GLOSTO,UNI.MC
2024-07-04 16:17:03.004,Unicaja Banco (UNI: EUR1.29) lifts 1.6% strengthening above moving average price; +2c [1.6%],urn:newsml:newsroom:20240704:nNRAt5tjcb:0,NS:GLOSTO,UNI.MC
2024-07-02 16:17:12.458,Unicaja Banco (UNI: EUR1.27) offers dividend yield of 3.9%; -4c [3.1%],urn:newsml:newsroom:20240702:nNRAt51iwh:0,NS:GLOSTO,UNI.MC
2024-07-02 14:43:51.039,Q2/2024: Monthly: Unicaja Banco (UNI: EUR1.27) in top 2% performers of IBEX 35 Index in past quarter,urn:newsml:newsroom:20240702:nNRAt51ctf:0,NS:GLOSTP,UNI.MC
2024-07-01 16:17:20.815,Unicaja Banco (UNI: EUR1.31) in top 2% performers of IBEX 35 Index; +4c [3.1%],urn:newsml:newsroom:20240701:nNRAt4n281:0,NS:GLOSTO,UNI.MC
2024-07-01 06:53:32.524,Q2/2024: Monthly: Unicaja Banco (UNI: EUR1.27) in top 2% performers of IBEX 35 Index in past quarter,urn:newsml:newsroom:20240701:nNRAt4fqcv:0,NS:GLOSTO,UNI.MC
2024-07-01 06:53:09.060,"Unicaja Banco Compendium - A Snapshot as of June 30, 2024",urn:newsml:newsroom:20240701:nNRAt4fqcw:0,NS:GLOSTO,UNI.MC
2024-06-29 04:27:21.052,Weekly: Unicaja Banco (UNI: EUR1.27) shares post best week in six weeks; +2c [1.6%],urn:newsml:newsroom:20240629:nNRAt422me:0,NS:GLOWEE,UNI.MC
2024-06-28 16:27:20.250,Q2/2024: Monthly: Unicaja Banco (UNI: EUR1.27) in top 2% performers of IBEX 35 Index in past quarter,urn:newsml:newsroom:20240628:nNRAt3tuyu:0,NS:GLOSTP,UNI.MC
2024-06-28 16:22:25.205,Weekly: Unicaja Banco (UNI: EUR1.27) shares post best week in six weeks; +2c [1.6%],urn:newsml:newsroom:20240628:nNRAt3udl7:0,NS:GLOWEE,UNI.MC
2024-06-28 16:17:31.743,Unicaja Banco (UNI: EUR1.27) increases; +1c [0.8%],urn:newsml:newsroom:20240628:nNRAt3ugj1:0,NS:GLOSTO,UNI.MC
2024-06-27 16:17:27.041,Unicaja Banco (UNI: EUR1.26) decreases on slipping relative strength; -1c [0.8%],urn:newsml:newsroom:20240627:nNRAt3eisd:0,NS:GLOSTO,UNI.MC
2024-06-26 08:13:49.776,Morabanc bids to buy BEF from Unicaja to create a high-net-worth bank,urn:newsml:newsroom:20240626:nNRAt2the4:0,NS:NOTENG,UNI.MC
2024-06-25 16:17:24.355,Unicaja Banco (UNI: EUR1.27) offers dividend yield of 3.9%; -1c [0.8%],urn:newsml:newsroom:20240625:nNRAt2l9a1:0,NS:GLOSTO,UNI.MC
2024-06-24 16:17:24.337,Unicaja Banco (UNI: EUR1.28) climbs 2.4% strengthening above moving average price; +3c [2.4%],urn:newsml:newsroom:20240624:nNRAt25h71:0,NS:GLOSTO,UNI.MC
2024-06-22 04:22:04.169,Weekly: Unicaja Banco (UNI: EUR1.25) increases 0.8% on weak volume; +1c [0.8%],urn:newsml:newsroom:20240622:nNRAt1l3c9:0,NS:GLOWEE,UNI.MC
2024-06-21 16:22:27.068,Weekly: Unicaja Banco (UNI: EUR1.25) increases 0.8% on weak volume; +1c [0.8%],urn:newsml:newsroom:20240621:nNRAt1ea3m:0,NS:GLOWEE,UNI.MC
2024-06-21 16:17:17.502,Unicaja Banco (UNI: EUR1.25) drops 1.6% on slipping relative strength; -2c [1.6%],urn:newsml:newsroom:20240621:nNRAt1el5t:0,NS:GLOSTO,UNI.MC
2024-06-19 16:17:15.336,Unicaja Banco (UNI: EUR1.27) offers dividend yield of 3.9%; +2c [1.6%],urn:newsml:newsroom:20240619:nNRAt0j9ok:0,NS:GLOSTO,UNI.MC
2024-06-18 16:17:09.956,Unicaja Banco (UNI: EUR1.25) increases after finding support; +1c [0.8%],urn:newsml:newsroom:20240618:nNRAt053up:0,NS:GLOSTO,UNI.MC
2024-06-15 04:21:59.312,Weekly: Unicaja Banco (UNI: EUR1.24) falls 5% on average volume; -7c [5.3%],urn:newsml:newsroom:20240615:nNRAsz6qg5:0,NS:GLOWEE,UNI.MC
2024-06-14 16:22:29.234,Weekly: Unicaja Banco (UNI: EUR1.24) falls 5% on average volume; -7c [5.3%],urn:newsml:newsroom:20240614:nNRAsz0lhm:0,NS:GLOWEE,UNI.MC
2024-06-14 16:17:25.816,"Unicaja Banco (UNI: EUR1.24) in bottom 2% performers of IBEX 35 Index, hits 45-day low; -3c [2.4%]",urn:newsml:newsroom:20240614:nNRAsz0q3f:0,NS:GLOSTO,UNI.MC
2024-06-13 16:17:22.344,Unicaja Banco (UNI: EUR1.27) offers dividend yield of 3.9%; -1c [0.8%],urn:newsml:newsroom:20240613:nNRAsykoki:0,NS:GLOSTO,UNI.MC
2024-06-12 16:17:24.521,Unicaja Banco (UNI: EUR1.28) increases; +1c [0.8%],urn:newsml:newsroom:20240612:nNRAsy74jn:0,NS:GLOSTO,UNI.MC
2024-06-11 16:17:12.334,Unicaja Banco (UNI: EUR1.27) falls 2.3% on average volume; -3c [2.3%],urn:newsml:newsroom:20240611:nNRAsxtlbb:0,NS:GLOSTO,UNI.MC
2024-06-10 16:17:18.136,Unicaja Banco (UNI: EUR1.30) decreases; -1c [0.8%],urn:newsml:newsroom:20240610:nNRAsxfabs:0,NS:GLOSTO,UNI.MC
2024-06-08 00:00:00.000,Weekly: Unicaja Banco (UNI: EUR1.31) in bottom 2% performers of IBEX 35 Index in past week; -4c [3.0%] Vol Index 1.3 [1 is avg],urn:newsml:newsroom:20240610:nNRAsxbbzr:0,NS:GLOWEE,UNI.MC
2024-06-07 16:22:31.069,Weekly: Unicaja Banco (UNI: EUR1.31) in bottom 2% performers of IBEX 35 Index in past week; -4c [3.0%] Vol Index 1.3 [1 is avg],urn:newsml:newsroom:20240607:nNRAswntj1:0,NS:GLOWEE,UNI.MC
2024-06-07 15:56:16.000,LM - Unicaja Banco EUR June 2025 green SP early redemption,urn:newsml:reuters.com:20240607:nIfp1G21sy:1,NS:IFR,UNI.MC
2024-06-06 16:19:49.355,"Unicaja Banco (UNI: EUR1.31) inches higher, resistance at 12-day EMA; +3c [2.3%] Vol Index 1.2 [1 is avg]",urn:newsml:newsroom:20240606:nNRAswbgpc:0,NS:GLOSTO,UNI.MC
2024-06-04 16:17:21.748,Unicaja Banco (UNI: EUR1.28) down 5.2% in 2 days; -7c [5.2%] Vol Index 1.4 [1 is avg],urn:newsml:newsroom:20240604:nNRAsvhftz:0,NS:GLOSTO,UNI.MC
2024-06-04 14:43:51.645,"Monthly: Unicaja Banco (UNI: EUR1.35) gains 10%, beating 86% of stocks",urn:newsml:newsroom:20240604:nNRAsvg9f8:0,NS:GLOSTP,UNI.MC
2024-06-03 17:18:26.876,"Monthly: Unicaja Banco (UNI: EUR1.35) gains 10%, beating 86% of stocks",urn:newsml:newsroom:20240603:nNRAsv0vay:0,NS:GLOSTO,UNI.MC
2024-06-03 00:00:00.000,Unicaja Banco (UNI: EUR1.33) in bottom 2% performers of IBEX 35 Index; -2c [1.5%],urn:newsml:newsroom:20240603:nNRAsv1fp2:0,NS:GLOSTO,UNI.MC
2024-06-01 00:00:00.000,"Weekly: Unicaja Banco (UNI: EUR1.35) rises for a seventh consecutive week, a seven-week rise of 24%; +1c [0.7%] Vol Index 1.4 [1 is avg]",urn:newsml:newsroom:20240603:nNRAsv1ii2:0,NS:GLOWEE,UNI.MC
2024-05-31 16:22:56.091,"Weekly: Unicaja Banco (UNI: EUR1.35) rises for a seventh consecutive week, a seven-week rise of 24%; +1c [0.7%] Vol Index 1.4 [1 is avg]",urn:newsml:newsroom:20240531:nNRAsu5lyh:0,NS:GLOWEE,UNI.MC
2024-05-31 16:22:49.699,"Monthly: Unicaja Banco (UNI: EUR1.35) gains 10%, beating 86% of stocks",urn:newsml:newsroom:20240531:nNRAsu75i0:0,NS:GLOSTP,UNI.MC
2024-05-31 16:17:22.818,Unicaja Banco (UNI: EUR1.35) strengthens above moving average price; +1c [0.7%] Vol Index 2.2 [1 is avg],urn:newsml:newsroom:20240531:nNRAsu736j:0,NS:GLOSTO,UNI.MC
2024-05-30 16:17:21.866,Unicaja Banco (UNI: EUR1.34) offers dividend yield of 3.7%; +2c [1.5%] Vol Index 1.3 [1 is avg],urn:newsml:newsroom:20240530:nNRAstscvq:0,NS:GLOSTO,UNI.MC
2024-05-29 16:23:42.692,Unicaja Banco (UNI: EUR1.32) in top 2% performers of IBEX 35 Index; +1c [0.8%] Vol Index 1.2 [1 is avg],urn:newsml:newsroom:20240529:nNRAstemsk:0,NS:GLOSTO,UNI.MC
2024-05-28 16:17:17.539,Unicaja Banco (UNI: EUR1.31) decreases; -1c [0.8%],urn:newsml:newsroom:20240528:nNRAst0j5q:0,NS:GLOSTO,UNI.MC
2024-05-27 16:16:59.447,Unicaja Banco (UNI: EUR1.32) in bottom 2% performers of IBEX 35 Index; -2c [1.5%],urn:newsml:newsroom:20240527:nNRAssn1j1:0,NS:GLOSTO,UNI.MC
2024-05-24 16:22:26.539,"Weekly: Unicaja Banco (UNI: EUR1.34) rises for a sixth consecutive week, a six-week rise of 23%; +1c [0.8%]",urn:newsml:newsroom:20240524:nNRAsrwiiy:0,NS:GLOWEE,UNI.MC
2024-05-24 16:17:19.764,Unicaja Banco (UNI: EUR1.34) offers dividend yield of 3.7%; -1c [0.7%] Vol Index 1.6 [1 is avg],urn:newsml:newsroom:20240524:nNRAsrwp4m:0,NS:GLOSTO,UNI.MC
2024-05-23 16:17:10.956,Unicaja Banco (UNI: EUR1.35) hits year-high 27th time in three months; +1c [0.7%] Vol Index 1.6 [1 is avg],urn:newsml:newsroom:20240523:nNRAsrf1cf:0,NS:GLOSTO,UNI.MC
2024-05-22 16:17:19.643,Unicaja Banco (UNI: EUR1.34) hits year-high 26th time in three months; +1c [0.8%],urn:newsml:newsroom:20240522:nNRAsqtmmk:0,NS:GLOSTO,UNI.MC
2024-05-21 16:17:34.650,Unicaja Banco (UNI: EUR1.33) hits year-high 25th time in three months; +1c [0.8%],urn:newsml:newsroom:20240521:nNRAsqdrt4:0,NS:GLOSTO,UNI.MC
2024-05-20 16:17:01.741,Unicaja Banco (UNI: EUR1.32) offers dividend yield of 3.8%; -1c [0.8%],urn:newsml:newsroom:20240520:nNRAspwr30:0,NS:GLOSTO,UNI.MC
2024-05-20 06:22:23.963,Weekly: Unicaja Banco (UNI: EUR1.33) lifts 3.9% - outperforming 88% of stocks; +5c [3.9%],urn:newsml:newsroom:20240520:nNRAspqhev:0,NS:GLOSTO,UNI.MC
2024-05-18 04:21:55.230,Weekly: Unicaja Banco (UNI: EUR1.33) lifts 3.9% - outperforming 88% of stocks; +5c [3.9%],urn:newsml:newsroom:20240518:nNRAspb98m:0,NS:GLOWEE,UNI.MC
2024-05-17 16:42:45.835,Unicaja Banco (UNI: EUR1.33) in top 2% performers of IBEX 35 Index; +3c [2.3%] Vol Index 1.2 [1 is avg],urn:newsml:newsroom:20240517:nNRAsp5ytu:0,NS:GLOSTO,UNI.MC
2024-05-17 16:42:29.485,Weekly: Unicaja Banco (UNI: EUR1.33) lifts 3.9% - outperforming 88% of stocks; +5c [3.9%],urn:newsml:newsroom:20240517:nNRAsp6yqq:0,NS:GLOWEE,UNI.MC
2024-05-16 16:17:27.882,Unicaja Banco (UNI: EUR1.30) falls 1.5% from 14-day high; -1c [0.8%],urn:newsml:newsroom:20240516:nNRAsomqw6:0,NS:GLOSTO,UNI.MC
2024-05-16 10:02:50.000,UPDATE 2-Bank of Spain to ask lenders to set aside extra cash to cover risks,urn:newsml:reuters.com:20240516:nL8N3HJ2GX:6,NS:RTRS,UNI.MC
2024-05-15 16:17:23.527,Unicaja Banco (UNI: EUR1.31) offers dividend yield of 3.8%; +1c [0.8%] Vol Index 1.5 [1 is avg],urn:newsml:newsroom:20240515:nNRAso817y:0,NS:GLOSTO,UNI.MC
2024-05-14 16:20:14.511,Unicaja Banco (UNI: EUR1.30) hits year-high 20th time in three months; +1c [0.8%] Vol Index 1.3 [1 is avg],urn:newsml:newsroom:20240514:nNRAsnraqh:0,NS:GLOSTO,UNI.MC
2024-05-14 00:00:00.000,Fitch Revises Unicaja's Outlook to Positive; Affirms IDR at 'BBB-',urn:newsml:newsroom:20240515:nNRAsnytrf:0,NS:PLUCOM,UNI.MC
2024-05-13 13:25:52.157,Fitch Revises Unicaja's Outlook to Positive; Affirms IDR at 'BBB-',urn:newsml:reuters.com:20240513:nFIT1yvQcx:1,NS:FCH,UNI.MC
2024-05-13 06:17:28.363,Weekly: Unicaja Banco (UNI: EUR1.28) keeps rising: up 17% in 4 weeks; +19.044c [17.5%],urn:newsml:newsroom:20240513:nNRAsn47m8:0,NS:GLOSTO,UNI.MC
2024-05-13 00:00:00.000,Unicaja Banco (UNI: EUR1.29) closes at 6.5% above VWAP; +1c [0.8%],urn:newsml:newsroom:20240514:nNRAsnk4k7:0,NS:GLOSTO,UNI.MC
2024-05-11 04:21:58.643,Weekly: Unicaja Banco (UNI: EUR1.28) keeps rising: up 17% in 4 weeks; +1c [0.8%] Vol Index 1.3 [1 is avg],urn:newsml:newsroom:20240511:nNRAsmqqvo:0,NS:GLOWEE,UNI.MC
2024-05-10 16:22:40.595,Weekly: Unicaja Banco (UNI: EUR1.28) keeps rising: up 17% in 4 weeks; +1c [0.8%] Vol Index 1.3 [1 is avg],urn:newsml:newsroom:20240510:nNRAsml7fs:0,NS:GLOWEE,UNI.MC
2024-05-10 16:17:27.555,Unicaja Banco (UNI: EUR1.28) lifts 1.6% strengthening above moving average price; +2c [1.6%],urn:newsml:newsroom:20240510:nNRAsmla3w:0,NS:GLOSTO,UNI.MC
2024-05-08 16:17:24.654,"Unicaja Banco (UNI: EUR1.26) decreases, 2 days' volume in a day; -1c [0.8%] Vol Index 1.6 [1 is avg]",urn:newsml:newsroom:20240508:nNRAslrcg6:0,NS:GLOSTO,UNI.MC
2024-05-07 16:32:24.000,UPDATE 3-BBVA's Spanish expansion plans hit after Sabadell rejects takeover offer,urn:newsml:reuters.com:20240507:nL1N3HA0ZE:2,NS:RTRS,UNI.MC
2024-05-07 16:17:22.716,Unicaja Banco (UNI: EUR1.27) closes at 5.8% above VWAP on strong volume; +1c [0.8%] Vol Index 2.1 [1 is avg],urn:newsml:newsroom:20240507:nNRAslbnn7:0,NS:GLOSTO,UNI.MC
2024-05-06 16:17:22.685,Unicaja Banco (UNI: EUR1.26) offers dividend yield of 4%; -1c [0.8%],urn:newsml:newsroom:20240506:nNRAskvwuu:0,NS:GLOSTO,UNI.MC
2024-05-06 15:07:52.094,Monthly: Unicaja Banco (UNI: EUR1.23) rises 12% on high volatility in April 2024,urn:newsml:newsroom:20240506:nNRAsku89f:0,NS:GLOSTP,UNI.MC
2024-05-06 06:17:31.944,Weekly: Unicaja Banco (UNI: EUR1.27) in top 3% performers of IBEX 35 Index in past week; +7c [5.8%] Vol Index 3.1 [1 is avg],urn:newsml:newsroom:20240506:nNRAsklt25:0,NS:GLOSTO,UNI.MC
2024-05-05 00:00:00.000,"Unicaja and Santander, the banks that benefit most from high ECB rates",urn:newsml:newsroom:20240506:nNRAskkjaw:0,NS:NOTENG,UNI.MC
2024-05-04 04:22:00.510,Weekly: Unicaja Banco (UNI: EUR1.27) in top 3% performers of IBEX 35 Index in past week; +7c [5.8%] Vol Index 3.1 [1 is avg],urn:newsml:newsroom:20240504:nNRAsk50z9:0,NS:GLOWEE,UNI.MC
2024-05-03 16:22:20.487,Weekly: Unicaja Banco (UNI: EUR1.27) in top 3% performers of IBEX 35 Index in past week; +7c [5.8%] Vol Index 3.1 [1 is avg],urn:newsml:newsroom:20240503:nNRAsjytyu:0,NS:GLOWEE,UNI.MC
2024-05-03 16:17:25.868,Unicaja Banco (UNI: EUR1.27) falls 2.3% from 14-day high; -2c [1.6%] Vol Index 2.1 [1 is avg],urn:newsml:newsroom:20240503:nNRAsjzolm:0,NS:GLOSTO,UNI.MC
2024-05-02 16:17:29.413,Unicaja Banco (UNI: EUR1.29) in top 2% performers of IBEX 35 Index; +6c [4.9%] Vol Index 3.9 [1 is avg],urn:newsml:newsroom:20240502:nNRAsjgq3v:0,NS:GLOSTO,UNI.MC
2024-05-02 06:17:45.766,Monthly: Unicaja Banco (UNI: EUR1.23) rises 12% on high volatility in April 2024,urn:newsml:newsroom:20240502:nNRAsj9u3o:0,NS:GLOSTO,UNI.MC
2024-05-01 06:13:32.446,"Spanish banking sector closes a historic quarter in profits, while a new phase of mergers begins",urn:newsml:newsroom:20240501:nNRAsiwbim:0,NS:NOTENG,UNI.MC
2024-04-30 17:04:06.000,UPDATE 5-Spain's BBVA takes aim again at $10 bln Sabadell,urn:newsml:reuters.com:20240430:nL8N3H35V5:11,NS:RTRS,UNI.MC
2024-04-30 16:22:31.379,Monthly: Unicaja Banco (UNI: EUR1.23) rises 12% on high volatility in April 2024,urn:newsml:newsroom:20240430:nNRAsioj9z:0,NS:GLOSTP,UNI.MC
2024-04-30 16:17:19.738,Unicaja Banco (UNI: EUR1.23) offers dividend yield of 4.1%; +1c [0.8%] Vol Index 2.7 [1 is avg],urn:newsml:newsroom:20240430:nNRAsioh0v:0,NS:GLOSTO,UNI.MC
2024-04-30 13:13:26.634,Large Spanish banks increased their profit by 17.2% in the first quarter to 6.6 billion euros,urn:newsml:newsroom:20240430:nNRAsimlfn:0,NS:NOTENG,UNI.MC
2024-04-30 10:12:19.072,Large banks boost profit 17% in the first quarter to almost 6.7 billion euros,urn:newsml:newsroom:20240430:nNRAsik7ud:0,NS:NOTENG,UNI.MC
2024-04-30 09:13:35.821,"Large banks obtain 6.6 billion euros in profits in the first quarter, up 17.2%.",urn:newsml:newsroom:20240430:nNRAsij9jj:0,NS:NOTENG,UNI.MC
2024-04-30 09:13:17.741,"Large banks once again shoot up their profits, earning 6.6 billion in the first quarter of 2024",urn:newsml:newsroom:20240430:nNRAsij64s:0,NS:NOTENG,UNI.MC
2024-04-30 08:13:29.429,"Big banks earn 6,566 million in the first quarter and pay almost 1,500 million for the banking tax",urn:newsml:newsroom:20240430:nNRAsij9oi:0,NS:NOTENG,UNI.MC
2024-04-29 17:12:15.543,Unicaja triples its profit in the first quarter to 111 million euros,urn:newsml:newsroom:20240429:nNRAsi9mg5:0,NS:NOTENG,UNI.MC
2024-04-29 16:16:57.120,Unicaja Banco (UNI: EUR1.22) hits year-high 17th time in three months; +2c [1.7%] Vol Index 4.0 [1 is avg],urn:newsml:newsroom:20240429:nNRAsi8qx2:0,NS:GLOSTO,UNI.MC
2024-04-29 14:41:07.534,Unicaja celebrates its accounts: profit triples in the first quarter to 111 million euros,urn:newsml:newsroom:20240429:nNRAsi7lpy:0,NS:CENAFT,UNI.MC
2024-04-29 14:13:12.447,Unicaja triples its profit in the first quarter to 111 million euros,urn:newsml:newsroom:20240429:nNRAsi7a7n:0,NS:NOTENG,UNI.MC
2024-04-29 08:49:26.350,"(EN) Unicaja Banco, S.A. Interim Q1 (78787110)",urn:newsml:reuters.com:20240429:nGLF1nzvg2:9,NS:GLFILE,UNI.MC
2024-04-29 08:12:35.455,Unicaja triples its profit to 111 million at the start of 2024,urn:newsml:newsroom:20240429:nNRAsi41zs:0,NS:NOTENG,UNI.MC
2024-04-29 08:12:28.484,"Unicaja triples profit in the first quarter, to 111 M",urn:newsml:newsroom:20240429:nNRAsi481p:0,NS:NOTENG,UNI.MC
2024-04-29 08:11:48.068,Unicaja beats forecasts and triples its profits to March with 111 million euros,urn:newsml:newsroom:20240429:nNRAsi4qr2:0,NS:NOTENG,UNI.MC
2024-04-29 08:02:15.000,BUZZ-Unicaja shares at October 2018 highs after Q1 NII and provisions beat,urn:newsml:reuters.com:20240429:nL8N3H21TT:1,NS:RTRS,UNI.MC
2024-04-29 07:57:23.000,UPDATE 2-Unicaja beats quarterly net profit expectations as lending income rises,urn:newsml:reuters.com:20240429:nL8N3H20T8:5,NS:RTRS,UNI.MC
2024-04-29 06:52:15.000,LIVE MARKETS-Europe set for positive start to the week,urn:newsml:reuters.com:20240429:nL8N3H21I8:2,NS:RTRS,UNI.MC
2024-04-29 06:23:55.000,Spanish stocks - Factors to watch on April 29,urn:newsml:reuters.com:20240429:nL8N3H2102:1,NS:RTRS,UNI.MC
2024-04-29 06:17:36.903,Weekly: Unicaja Banco (UNI: EUR1.20) climbs 5% on robust volume; +6c [5.3%] Vol Index 1.6 [1 is avg],urn:newsml:newsroom:20240429:nNRAsi3kzy:0,NS:GLOSTO,UNI.MC
2024-04-29 05:39:58.664,Unicaja Q1 Net Profit At 111 Million Euros,urn:newsml:reuters.com:20240429:nRSD5YCMQm:1,NS:SIGDEV,UNI.MC
2024-04-29 05:31:58.000,Unicaja's Q1 net profit more than triples from same period in 2023,urn:newsml:reuters.com:20240429:nL8N3H10SM:1,NS:RTRS,UNI.MC
2024-04-29 05:29:57.000,BRIEF-Unicaja Q1 Net Profit At 111 Million Euros,urn:newsml:reuters.com:20240429:nFWN3H208J:1,NS:RTRS,UNI.MC
2024-04-27 04:21:59.431,Weekly: Unicaja Banco (UNI: EUR1.20) climbs 5% on robust volume; +6c [5.3%] Vol Index 1.6 [1 is avg],urn:newsml:newsroom:20240427:nNRAshlb90:0,NS:GLOWEE,UNI.MC
2024-04-26 16:22:20.641,Weekly: Unicaja Banco (UNI: EUR1.20) climbs 5% on robust volume; +6c [5.3%] Vol Index 1.6 [1 is avg],urn:newsml:newsroom:20240426:nNRAshf55g:0,NS:GLOWEE,UNI.MC
2024-04-26 16:17:25.774,Unicaja Banco (UNI: EUR1.20) hits year-high 16th time in three months; +2c [1.7%] Vol Index 1.8 [1 is avg],urn:newsml:newsroom:20240426:nNRAshfgml:0,NS:GLOSTO,UNI.MC
2024-04-25 22:08:47.902,"Unicaja Banco, S.A. (OTCMKTS:UNJCF) Short Interest Update",urn:newsml:newsroom:20240425:nNRAsh35l6:0,NS:CERGEM,UNI.MC
2024-04-25 16:17:16.874,Unicaja Banco (UNI: EUR1.18) hits year-high 15th time in one month; +3c [2.6%] Vol Index 2.8 [1 is avg],urn:newsml:newsroom:20240425:nNRAsgznby:0,NS:GLOSTO,UNI.MC
2024-04-25 12:32:24.000,BRIEF-Sareb 2023 Revenues At 2.75 Bln Euros,urn:newsml:reuters.com:20240425:nL5N3GY6GO:1,NS:RTRS,UNI.MC
2024-04-22 16:17:08.517,Unicaja Banco (UNI: EUR1.15) offers dividend yield of 4.3%; +1c [0.9%],urn:newsml:newsroom:20240422:nNRAsfqtuj:0,NS:GLOSTO,UNI.MC
2024-04-22 06:17:21.044,Weekly: Unicaja Banco (UNI: EUR1.14) climbs 4.6% on robust volume; +5.044c [4.6%] Vol Index 1.4 [1 is avg],urn:newsml:newsroom:20240422:nNRAsfkql5:0,NS:GLOSTO,UNI.MC
2024-04-20 04:27:03.106,Weekly: Unicaja Banco (UNI: EUR1.14) climbs 4.6% on robust volume; +5.044c [4.6%] Vol Index 1.4 [1 is avg],urn:newsml:newsroom:20240420:nNRAsf6h2j:0,NS:GLOWEE,UNI.MC
2024-04-19 16:22:39.957,Weekly: Unicaja Banco (UNI: EUR1.14) climbs 4.6% on robust volume; +5.044c [4.6%] Vol Index 1.4 [1 is avg],urn:newsml:newsroom:20240419:nNRAsf1l0f:0,NS:GLOWEE,UNI.MC
2024-04-19 16:17:24.916,Unicaja Banco (UNI: EUR1.14) decreases on robust volume; -1c [0.9%] Vol Index 1.5 [1 is avg],urn:newsml:newsroom:20240419:nNRAsf1135:0,NS:GLOSTO,UNI.MC
2024-04-18 16:26:12.594,Unicaja Banco (UNI: EUR1.15) hits year-high 10th time in one month; +4c [3.6%] Vol Index 1.3 [1 is avg],urn:newsml:newsroom:20240418:nNRAsekvze:0,NS:GLOSTO,UNI.MC
2024-04-17 16:16:20.841,Unicaja Banco (UNI: EUR1.11) rises 2.8% on increasing volatility; ex-Dividend; +3c [2.8%] Vol Index 1.5 [1 is avg],urn:newsml:newsroom:20240417:nNRAse4wjf:0,NS:GLOSTO,UNI.MC
2024-04-16 16:17:17.197,Unicaja Banco (UNI: EUR1.13) offers dividend yield of 4.4%; -2c [1.7%] Vol Index 1.5 [1 is avg],urn:newsml:newsroom:20240416:nNRAsdswyr:0,NS:GLOSTO,UNI.MC
2024-04-15 16:17:16.496,Unicaja Banco (UNI: EUR1.15) in 2nd consecutive rise; +2c [1.8%],urn:newsml:newsroom:20240415:nNRAsdg921:0,NS:GLOSTO,UNI.MC
2024-04-15 06:27:22.379,Weekly: Unicaja Banco (UNI: EUR1.14) drops 2.6% on average volume; -3c [2.6%],urn:newsml:newsroom:20240415:nNRAsd9oet:0,NS:GLOSTO,UNI.MC
2024-04-13 04:27:36.907,Weekly: Unicaja Banco (UNI: EUR1.14) drops 2.6% on average volume; -3c [2.6%],urn:newsml:newsroom:20240413:nNRAscvj15:0,NS:GLOWEE,UNI.MC
2024-04-12 16:22:28.107,Weekly: Unicaja Banco (UNI: EUR1.14) drops 2.6% on average volume; -3c [2.6%],urn:newsml:newsroom:20240412:nNRAscqe2q:0,NS:GLOWEE,UNI.MC
2024-04-12 16:17:29.062,Unicaja Banco (UNI: EUR1.14) strengthens above moving average price; +1c [0.9%],urn:newsml:newsroom:20240412:nNRAscq8ou:0,NS:GLOSTO,UNI.MC
2024-04-11 16:17:20.511,Unicaja Banco (UNI: EUR1.13) drops 3.4% on increasing volatility; -4c [3.4%] Vol Index 1.2 [1 is avg],urn:newsml:newsroom:20240411:nNRAscc9ge:0,NS:GLOSTO,UNI.MC
2024-04-10 18:14:01.082,Sabadell reaches 40% female representation on its board of directors,urn:newsml:newsroom:20240410:nNRAsbxlm0:0,NS:NOTENG,UNI.MC
2024-04-10 15:59:56.967,Unicaja To Pay Gross Dividend Of 0.05 Eur/Shr On April 19,urn:newsml:reuters.com:20240410:nRSD63nnJ0:1,NS:SIGDEV,UNI.MC
2024-04-10 15:45:13.000,BRIEF-Unicaja To Pay Gross Dividend Of 0.05 Eur/Shr On April 19,urn:newsml:reuters.com:20240410:nFWN3GJ1XO:1,NS:RTRS,UNI.MC
2024-04-09 16:17:00.332,"Unicaja Banco (UNI: EUR1.17) offers dividend yield of 4.1%, hits 435-day high; -2c [1.7%]",urn:newsml:newsroom:20240409:nNRAsbembj:0,NS:GLOSTO,UNI.MC
2024-04-09 04:00:23.973,"(EN) Unicaja Banco, S.A. Full Year (78287303)",urn:newsml:reuters.com:20240409:nGLF9Stbsd:2,NS:GLFILE,UNI.MC
2024-04-09 03:54:13.535,"(EN) Unicaja Banco, S.A. Full Year (78287279)",urn:newsml:reuters.com:20240409:nGLF4t2FKV:3,NS:GLFILE,UNI.MC
2024-04-08 16:16:58.116,Unicaja Banco (UNI: EUR1.19) hits year-high 9th time in one month; +2c [1.7%],urn:newsml:newsroom:20240408:nNRAsayqu4:0,NS:GLOSTO,UNI.MC
2024-04-08 06:17:28.397,"Weekly: Unicaja Banco (UNI: EUR1.17) rises for a fifth consecutive week, a five-week rise of 22%; +21.35c [22.3%]",urn:newsml:newsroom:20240408:nNRAsaqmvx:0,NS:GLOSTO,UNI.MC
2024-04-06 04:26:57.755,"Weekly: Unicaja Banco (UNI: EUR1.17) rises for a fifth consecutive week, a five-week rise of 22%; +2c [1.7%]",urn:newsml:newsroom:20240406:nNRAsadg9k:0,NS:GLOWEE,UNI.MC
2024-04-05 23:12:06.856,Azuaga bids farewell to Unicaja and hands over the presidency to Sevilla after approval by the shareholders' meeting,urn:newsml:newsroom:20240405:nNRAsab5tz:0,NS:NOTENG,UNI.MC
2024-04-05 16:22:28.737,"Weekly: Unicaja Banco (UNI: EUR1.17) rises for a fifth consecutive week, a five-week rise of 22%; +2c [1.7%]",urn:newsml:newsroom:20240405:nNRAsa86d4:0,NS:GLOWEE,UNI.MC
2024-04-05 16:15:18.051,"José Sevilla, former CEO of Bankia, takes over the non-executive chairmanship of Unicaja",urn:newsml:newsroom:20240405:nNRAsa7s2u:0,NS:NOTENG,UNI.MC
2024-04-04 16:17:12.384,Unicaja Banco (UNI: EUR1.17) hits year-high 7th time in one month; +2c [1.7%],urn:newsml:newsroom:20240404:nNRAs9t5oo:0,NS:GLOSTO,UNI.MC
2024-04-03 17:17:32.780,Unicaja Banco (UNI: EUR1.15) offers dividend yield of 4.2%; +1c [0.9%],urn:newsml:newsroom:20240403:nNRAs9goh7:0,NS:GLOSTO,UNI.MC
2024-04-02 17:17:27.217,Unicaja Banco (UNI: EUR1.14) falls 1.7% from 14-day high; -1c [0.9%],urn:newsml:newsroom:20240402:nNRAs934z9:0,NS:GLOSTO,UNI.MC
2024-04-02 14:43:00.327,Monthly: Unicaja Banco (UNI: EUR1.15) rises 18% on high volatility in March 2024,urn:newsml:newsroom:20240402:nNRAs8zp81:0,NS:GLOSTP,UNI.MC
2024-04-02 06:18:55.311,"Unicaja Banco Compendium - A Snapshot as of March 31, 2024",urn:newsml:newsroom:20240402:nNRAs8t7nu:0,NS:GLOSTO,UNI.MC
2024-04-02 06:17:37.373,Monthly: Unicaja Banco (UNI: EUR1.15) rises 18% on high volatility in March 2024,urn:newsml:newsroom:20240402:nNRAs8t6vc:0,NS:GLOSTO,UNI.MC
2024-04-02 04:27:42.969,Weekly: Unicaja Banco (UNI: EUR1.15) in top 3% performers of IBEX 35 Index in past week; +7c [6.5%],urn:newsml:newsroom:20240402:nNRAs8rtkv:0,NS:GLOWEE,UNI.MC
2024-03-28 17:37:01.713,End-of-Quarter Synopsis Monthly : Unicaja Banco (UNI: EUR1.15) rises 18% on high volatility in March 2024,urn:newsml:newsroom:20240328:nNRAs7k3nk:0,NS:GLOSTO,UNI.MC
2024-03-28 17:22:45.899,Weekly: Unicaja Banco (UNI: EUR1.15) in top 3% performers of IBEX 35 Index in past week; +7c [6.5%],urn:newsml:newsroom:20240328:nNRAs7jjvs:0,NS:GLOWEE,UNI.MC
2024-03-28 17:22:36.186,Monthly: Unicaja Banco (UNI: EUR1.15) rises 18% on high volatility in March 2024,urn:newsml:newsroom:20240328:nNRAs7jkkf:0,NS:GLOSTP,UNI.MC
2024-03-28 17:17:40.907,Unicaja Banco (UNI: EUR1.15) hits year-high 4th time in one month; +2c [1.8%],urn:newsml:newsroom:20240328:nNRAs7jp5e:0,NS:GLOSTO,UNI.MC
2024-03-27 17:17:26.599,Unicaja Banco (UNI: EUR1.13) hits year-high 3rd time in one month; +1c [0.9%],urn:newsml:newsroom:20240327:nNRAs74mon:0,NS:GLOSTO,UNI.MC
2024-03-26 17:17:30.238,"Unicaja Banco (UNI: EUR1.12) offers dividend yield of 4.3%, hits 383-day high; +2c [1.8%]",urn:newsml:newsroom:20240326:nNRAs6rb5s:0,NS:GLOSTO,UNI.MC
2024-03-25 17:17:41.709,"Unicaja Banco (UNI: EUR1.10) strengthens above moving average price, hits 241-day high; +1c [0.9%]",urn:newsml:newsroom:20240325:nNRAs6c73s:0,NS:GLOSTO,UNI.MC
2024-03-23 05:27:56.795,Weekly: Unicaja Banco (UNI: EUR1.09) in top 3% performers of IBEX 35 Index in past week; +6c [5.8%],urn:newsml:newsroom:20240323:nNRAs5ow5r:0,NS:GLOWEE,UNI.MC
2024-03-22 17:22:54.007,Weekly: Unicaja Banco (UNI: EUR1.09) in top 3% performers of IBEX 35 Index in past week; +6c [5.8%],urn:newsml:newsroom:20240322:nNRAs5jga1:0,NS:GLOWEE,UNI.MC
2024-03-22 17:17:24.408,Unicaja Banco (UNI: EUR1.09) closes at 8.6% above VWAP; +1c [0.9%],urn:newsml:newsroom:20240322:nNRAs5jd44:0,NS:GLOSTO,UNI.MC
2024-03-21 17:17:21.579,Unicaja Banco (UNI: EUR1.08) hits eight-month high; +1c [0.9%],urn:newsml:newsroom:20240321:nNRAs54xs8:0,NS:GLOSTO,UNI.MC
2024-03-20 17:17:23.882,"Unicaja Banco (UNI: EUR1.07) offers dividend yield of 4.5%, hits 203-day high; +1c [0.9%]",urn:newsml:newsroom:20240320:nNRAs4qffy:0,NS:GLOSTO,UNI.MC
2024-03-19 17:17:21.403,"Unicaja Banco (UNI: EUR1.06) keeps rising, up 6.0% in 3 days; +6c [6.0%]",urn:newsml:newsroom:20240319:nNRAs4btll:0,NS:GLOSTO,UNI.MC
2024-03-18 21:13:47.415,The SRB reviews Unicaja Banco's anti-crisis cushion requirements,urn:newsml:newsroom:20240318:nNRAs3z4ve:0,NS:NOTENG,UNI.MC
2024-03-18 17:17:21.065,"Unicaja Banco (UNI: EUR1.05) in top 2% performers of IBEX 35 Index, hits 168-day high; +2c [1.9%]",urn:newsml:newsroom:20240318:nNRAs3wtdg:0,NS:GLOSTO,UNI.MC
2024-03-18 06:44:22.000,Spanish stocks - Factors to watch on March 18,urn:newsml:reuters.com:20240318:nL5N3FW0VG:1,NS:RTRS,UNI.MC
